time,$x$,$y$,$z$,u_0
0.0,-0.27430278722399093,-0.27778043166718014,16.792289356633106,0.0
0.005,-0.2744513459220225,-0.29185624494505313,16.568269459985302,0.0
0.01,-0.2740656442119771,-0.30566371475039966,16.3482661492078,0.0
0.015,-0.27533535323237907,-0.3206515951466578,16.131424094751857,0.0
0.02,-0.2773078843477172,-0.3341770457750355,15.916869942946455,0.0
0.025,-0.2798302746544118,-0.34921521225467056,15.705362298848714,0.0
0.03,-0.2831186703206085,-0.36455464399761894,15.495940810600969,0.0
0.035,-0.2872251600094979,-0.3799524385142958,15.289900416801188,0.0
0.04,-0.29235366859593437,-0.39571377657052603,15.085443656778237,0.0
0.045,-0.2974874098495507,-0.41268194421887777,14.885246382468027,0.0
0.05,-0.3031863088797662,-0.42972357266579453,14.687398402246142,0.0
0.055,-0.3103090611619643,-0.4482926807090782,14.49312776201141,0.0
0.06,-0.31781206620746577,-0.46799771097073223,14.29942523880804,0.0
0.065,-0.3253685532455938,-0.48736220904526906,14.108538966282827,0.0
0.07,-0.33299459004129195,-0.5064831082496489,13.921275031680123,0.0
0.075,-0.341934520399675,-0.5269492218163508,13.736592944881796,0.0
0.08,-0.3506324470599167,-0.5489616574576087,13.554524272586471,0.0
0.085,-0.35990969646633064,-0.5712571769208546,13.375354223954176,0.0
0.09,-0.3713409736594881,-0.5967027533015555,13.19728759054308,0.0
0.095,-0.3827842665438215,-0.6218706814326412,13.02371931394016,0.0
0.1,-0.39512056859720485,-0.6462248635321456,12.851603036132778,0.0
0.105,-0.40651656551495446,-0.6732005183893651,12.682024552215646,0.0
0.11,-0.4196546286859667,-0.7016394959900268,12.51411472672035,0.0
0.115,-0.43401614956103995,-0.732488717831085,12.349080627607886,0.0
0.12,-0.4487979890661456,-0.7621759946881926,12.186237528516706,0.0
0.125,-0.46492994982481284,-0.7921010796050715,12.025499740740655,0.0
0.13,-0.48192725992802554,-0.8239759288970524,11.865775592189143,0.0
0.135,-0.49780968109692664,-0.8595099834519253,11.710499936068137,0.0
0.14,-0.5156448467578023,-0.8975638095891687,11.5565825686247,0.0
0.145,-0.5339790663085957,-0.9354640054134967,11.405031724391103,0.0
0.15,-0.5529924586374879,-0.9747118928337287,11.254432424073295,0.0
0.155,-0.5732702730664083,-1.0162749688917512,11.107274874749336,0.0
0.16,-0.5951644947190524,-1.0592433569826125,10.963680180556493,0.0
0.165,-0.6189783042306564,-1.104554973494323,10.820916433925133,0.0
0.17,-0.6430993090460067,-1.1527375026218827,10.680246027139118,0.0
0.17500000000000002,-0.6694699012243812,-1.2035510372439349,10.541693180089316,0.0
0.18,-0.6949038638297639,-1.2562964126817828,10.4052509356745,0.0
0.185,-0.7229891736155375,-1.3110050837685285,10.270578430067145,0.0
0.19,-0.7521459182008976,-1.3684768465083441,10.137941649475573,0.0
0.195,-0.7830720482886792,-1.4293168312215219,10.008441882838389,0.0
0.2,-0.8146877332183129,-1.493369850323993,9.879728568575741,0.0
0.20500000000000002,-0.8479051795817993,-1.558846124255148,9.75389359307651,0.0
0.21,-0.8835455738588163,-1.627897382492064,9.631707761642337,0.0
0.215,-0.9204565247369783,-1.702125519780755,9.51101698706921,0.0
0.22,-0.9602617357252933,-1.7797785798319563,9.392651843915747,0.0
0.225,-1.000699184353807,-1.8590914929664475,9.277569449880682,0.0
0.23,-1.042356709876414,-1.9436021341115075,9.162476282590974,0.0
0.23500000000000001,-1.0881789132975854,-2.0323997036398027,9.049362124180064,0.0
0.24,-1.1349911488294406,-2.126219891157553,8.940219759003826,0.0
0.245,-1.1848925992483803,-2.2223871352429847,8.831519375018775,0.0
0.25,-1.23722537241214,-2.3263027414315407,8.72760640354764,0.0
0.255,-1.2923945094721971,-2.433522421056773,8.625974328006857,0.0
0.26,-1.3488659564611172,-2.5469278938961684,8.526829229556022,0.0
0.265,-1.4090939395264697,-2.665640303112772,8.431198568614185,0.0
0.27,-1.4717148896696126,-2.7897083605541892,8.338748033760762,0.0
0.275,-1.5377931501859088,-2.920403989692111,8.247377502246925,0.0
0.28,-1.6064272688678556,-3.0582104561394603,8.159178787062618,0.0
0.28500000000000003,-1.6788731061825377,-3.202478039508108,8.075542842943001,0.0
0.29,-1.7556131578470875,-3.3548741248016025,7.994074494610382,0.0
0.295,-1.8356915189704615,-3.5133516981297483,7.916745562244935,0.0
0.3,-1.9198624373274606,-3.6802096616342634,7.843442176426133,0.0
0.305,-2.00744216926989,-3.8554449454761506,7.774908843186706,0.0
0.31,-2.0997299310073596,-4.038374849075381,7.709692992737701,0.0
0.315,-2.196618258997591,-4.231809109933959,7.648583653871577,0.0
0.32,-2.297561644882199,-4.435217296804129,7.593419451017109,0.0
0.325,-2.404704520860031,-4.645680735274956,7.54273237789997,0.0
0.33,-2.5154209576616955,-4.868256406659283,7.497868273264798,0.0
0.335,-2.6334998883527856,-5.102031285103359,7.460150837899549,0.0
0.34,-2.756158589828715,-5.347055696006304,7.427998465016011,0.0
0.34500000000000003,-2.885914664192385,-5.6032476879462765,7.402838321542593,0.0
0.35000000000000003,-3.0217098856176103,-5.87168528774714,7.385236939283593,0.0
0.355,-3.1646544683864932,-6.154418209515536,7.3747386246706865,0.0
0.36,-3.316218415881166,-6.449285332451959,7.374530409052976,0.0
0.365,-3.4725278189678055,-6.7579721052345345,7.382784346003305,0.0
0.37,-3.6356967325133556,-7.083352333778332,7.401996709244632,0.0
0.375,-3.8074732295762854,-7.423958817164841,7.431790893278917,0.0
0.38,-3.9884194051439392,-7.7779500970214,7.4741315623399665,0.0
0.385,-4.177927903359272,-8.147922779394253,7.530979669112093,0.0
0.39,-4.376429016371373,-8.534469836093628,7.600754914753664,0.0
0.395,-4.585269813779829,-8.937756618616072,7.685982661452095,0.0
0.4,-4.803553356242708,-9.35910294895466,7.7871613865764004,0.0
0.405,-5.031616817690888,-9.798468231297575,7.90917486584762,0.0
0.41000000000000003,-5.268803572354567,-10.255902638796094,8.050934771968816,0.0
0.41500000000000004,-5.517464280966002,-10.731030327781488,8.213044236307736,0.0
0.42,-5.777429135549759,-11.223103139261482,8.40024627408188,0.0
0.425,-6.049092716718995,-11.731755500221073,8.613078184079253,0.0
0.43,-6.33354334171689,-12.260165377328487,8.852410913416339,0.0
0.435,-6.629684953154337,-12.804947292056015,9.122548077037525,0.0
0.44,-6.938123520665807,-13.366543501245008,9.425322856866433,0.0
0.445,-7.25886251610966,-13.944653436514004,9.762957986468404,0.0
0.45,-7.5932258487799045,-14.53652164998808,10.138367652102643,0.0
0.455,-7.9391075634797925,-15.142570386297539,10.555529836278637,0.0
0.46,-8.300602683479816,-15.759491299672499,11.015401400698169,0.0
0.465,-8.674226951413601,-16.385999280853387,11.52159005203782,0.0
0.47000000000000003,-9.059914803532324,-17.019234267146718,12.079090803195305,0.0
0.47500000000000003,-9.457439477338298,-17.655304714408498,12.690277153280576,0.0
0.48,-9.867829947932453,-18.292010695960045,13.355365470762528,0.0
0.485,-10.288557298805522,-18.92311825047432,14.079802583128565,0.0
0.49,-10.719997919251703,-19.543962439705556,14.865580475015419,0.0
0.495,-11.160277020005474,-20.150182074954007,15.714740822582103,0.0
0.5,-11.610334317770814,-20.734496945270102,16.63122383877511,0.0
0.505,-12.066247449719869,-21.288782403430634,17.611461228730168,0.0
0.51,-12.527718386236886,-21.810396928626474,18.6609868977989,0.0
0.515,-12.991288706695098,-22.286002170148162,19.778327472469684,0.0
0.52,-13.456765580077478,-22.708674482575667,20.961963672179216,0.0
0.525,-13.919577573892207,-23.070624152465278,22.211623097157734,0.0
0.53,-14.377343320988489,-23.359289556573973,23.52089809985831,0.0
0.535,-14.826604816903865,-23.564343483481093,24.8856509794216,0.0
0.54,-15.263408086960712,-23.67874790243529,26.300222541099476,0.0
0.545,-15.683624832070675,-23.69035165993043,27.7561902289371,0.0
0.55,-16.083887971579273,-23.591366701885544,29.24323180380315,0.0
0.555,-16.460024323645634,-23.373673631179482,30.750858714930512,0.0
0.56,-16.805255744644793,-23.029801061150174,32.26461016053306,0.0
0.5650000000000001,-17.11631469165284,-22.556968085367608,33.769413604101594,0.0
0.5700000000000001,-17.388768056949583,-21.951002588232637,35.24894347387334,0.0
0.5750000000000001,-17.61665358919742,-21.210287341177658,36.68708575181948,0.0
0.58,-17.797042880796557,-20.338182736407575,38.0660834614173,0.0
0.585,-17.923437451659755,-19.339610651879674,39.36841003961998,0.0
0.59,-17.99382747064076,-18.22364080322705,40.57717152424195,0.0
0.595,-18.005164040526328,-17.000204901103906,41.67597301059928,0.0
0.6,-17.955632455706937,-15.685127623906594,42.650592219378915,0.0
0.605,-17.842210100652323,-14.290785364353082,43.491147691289925,0.0
0.61,-17.66369677443834,-12.837990286272019,44.18505629264065,0.0
0.615,-17.422652933371893,-11.3453280245954,44.72980778806053,0.0
0.62,-17.119501777763897,-9.830755841750772,45.12194195809284,0.0
0.625,-16.755188918007025,-8.316519759675451,45.36118396746175,0.0
0.63,-16.332920645027347,-6.819977969711555,45.45273718252669,0.0
0.635,-15.857652136631616,-5.361188086133832,45.40448912485319,0.0
0.64,-15.332110036698282,-3.956309870251352,45.223538188693624,0.0
0.645,-14.764446419090268,-2.615862660333194,44.92441862947518,0.0
0.65,-14.156747799594644,-1.353538746609705,44.51895554316255,0.0
0.655,-13.51691272116173,-0.17825576637366103,44.02004481972885,0.0
0.66,-12.850527830534011,0.9045941414663041,43.44544026972811,0.0
0.665,-12.163943700453709,1.8928756628990357,42.808212193247286,0.0
0.67,-11.461490143047795,2.784009558033272,42.12219247906475,0.0
0.675,-10.750278841528328,3.5792585383108397,41.400823735898314,0.0
0.68,-10.034681494866277,4.282253607864112,40.65619897104948,0.0
0.685,-9.317672830698294,4.895333677028845,39.89878041374674,0.0
0.6900000000000001,-8.605848508391462,5.42531213939547,39.137620682997046,0.0
0.6950000000000001,-7.904928156724553,5.876123593613509,38.38287448562672,0.0
0.7000000000000001,-7.215012138089641,6.257075238891757,37.63780413100631,0.0
0.705,-6.541515818455234,6.574157519135844,36.9108949825877,0.0
0.71,-5.885697049801464,6.833361374611454,36.202838322232346,0.0
0.715,-5.249571040917551,7.040344337123235,35.5194805704993,0.0
0.72,-4.634410466614053,7.201402906994147,34.86097090288257,0.0
0.725,-4.042490759307452,7.3241090348730715,34.2287563553308,0.0
0.73,-3.4745220973276525,7.413540844580797,33.62394346942579,0.0
0.735,-2.9301069381397467,7.4748006130655735,33.047022805549915,0.0
0.74,-2.4095399227685683,7.510692171993324,32.49718849853481,0.0
0.745,-1.9129837533843679,7.526065153178741,31.97237817824089,0.0
0.75,-1.4422254044409704,7.527174161763998,31.47361226212433,0.0
0.755,-0.9929675786718815,7.513748476718476,30.999324541359986,0.0
0.76,-0.5684180823383702,7.49003008544691,30.549011131437847,0.0
0.765,-0.16668193261250508,7.458975390428668,30.12040316830729,0.0
0.77,0.21475514720646738,7.424610022445565,29.712996680555065,0.0
0.775,0.5767258112153595,7.386067982639774,29.325299767129962,0.0
0.78,0.9168079934670026,7.34512633614379,28.955733728281075,0.0
0.785,1.237494474129233,7.304202996576479,28.602482683393568,0.0
0.79,1.5398304407519792,7.263950101009294,28.26528934603601,0.0
0.795,1.8267868841403203,7.225653014535041,27.94324333675033,0.0
0.8,2.0957047145947096,7.1902322817563675,27.635800980122326,0.0
0.805,2.351113458592813,7.15780737617623,27.342315403443322,0.0
0.81,2.5914400619959688,7.130258655795802,27.060619914883162,0.0
0.8150000000000001,2.818636905912046,7.1078869286429995,26.792004676363945,0.0
0.8200000000000001,3.0333464791837677,7.088402958401713,26.534740759366315,0.0
0.8250000000000001,3.237001558116077,7.07591239412445,26.287153963779193,0.0
0.8300000000000001,3.4282173701763474,7.068975110210984,26.050205988140394,0.0
0.835,3.609753110186364,7.066830503301294,25.82467043183622,0.0
0.84,3.7824406634001693,7.070784748761041,25.606854363125983,0.0
0.845,3.948119429298529,7.081239029779184,25.398950833382557,0.0
0.85,4.105137898115825,7.098945113730019,25.200192058955903,0.0
0.855,4.254897691475459,7.120441575418368,25.010292289685996,0.0
0.86,4.397300513011658,7.148490341237335,24.82641633668974,0.0
0.865,4.535877073800731,7.182925214678646,24.65318738519618,0.0
0.87,4.667742426188388,7.223269898838561,24.4867913728365,0.0
0.875,4.79568815646608,7.268693162017278,24.32909905536942,0.0
0.88,4.918305317349094,7.3201554228690044,24.17849456824837,0.0
0.885,5.039133469968664,7.376670907454312,24.03696752349467,0.0
0.89,5.155416720752012,7.438405872248411,23.90236350569219,0.0
0.895,5.271383743079017,7.506674509457302,23.77521815406906,0.0
0.9,5.382962116655842,7.580446741890104,23.655165443827954,0.0
0.905,5.493651613962578,7.658655802628073,23.544794651617412,0.0
0.91,5.602277906294283,7.74257755633696,23.442414364596328,0.0
0.915,5.708770160425033,7.831155924787513,23.346368541422056,0.0
0.92,5.813844260907346,7.9231935973163425,23.25912647019804,0.0
0.925,5.919478644612864,8.022848116113263,23.179617559375284,0.0
0.93,6.0238956181156755,8.126734588168443,23.10791981061059,0.0
0.935,6.130174988358219,8.232896969760365,23.044165734082846,0.0
0.9400000000000001,6.236377750362278,8.344244713576382,22.988364391792988,0.0
0.9450000000000001,6.340528729957941,8.459152172974184,22.9430191523051,0.0
0.9500000000000001,6.4457387130843875,8.576990121493035,22.905147432676014,0.0
0.9550000000000001,6.552332738918709,8.698494543874032,22.87556839535252,0.0
0.96,6.6577071924089815,8.824171203682251,22.856789410422266,0.0
0.965,6.765672677404844,8.951763069145224,22.844304404052586,0.0
0.97,6.874608689543558,9.080641070953321,22.842010943341833,0.0
0.975,6.984475804229723,9.21265818979328,22.84872084644676,0.0
0.98,7.095008874387043,9.346419790260535,22.866614866298587,0.0
0.985,7.2077561387683655,9.482055569873364,22.892064179558975,0.0
0.99,7.321315309924538,9.618072427595326,22.928266077064375,0.0
0.995,7.435897104030681,9.756445422753623,22.9745176911141,0.0
1.0,7.552469029069295,9.894281796593784,23.030781350950026,0.0
1.0050000000000001,7.669537201884003,10.032486921815098,23.096818972798882,0.0
1.01,7.788950344322328,10.170360347507568,23.173160607745455,0.0
1.0150000000000001,7.907335439863039,10.307720944800902,23.259374641999273,0.0
1.02,8.027735860817831,10.444454225465838,23.357503012571474,0.0
1.025,8.149784515392497,10.5775864794377,23.465743944514767,0.0
1.03,8.271359393648885,10.710851994531357,23.583584234340787,0.0
1.035,8.394862179805871,10.83970406148049,23.712490939613023,0.0
1.04,8.516058781655836,10.967067216942494,23.850800678730817,0.0
1.045,8.639573056598302,11.089222512571448,23.99988650328632,0.0
1.05,8.762007730386435,11.206752977370027,24.159176491592213,0.0
1.055,8.884473894630693,11.318723572101499,24.327327760017063,0.0
1.06,9.00575203673832,11.425186815785976,24.505590472468253,0.0
1.065,9.125462698153374,11.524361966174611,24.69364416309177,0.0
1.07,9.245392299808163,11.617736109415732,24.889517350910094,0.0
1.075,9.363995397377513,11.702349823434577,25.0966061120647,0.0
1.08,9.481560964161936,11.779212903029844,25.310304247734095,0.0
1.085,9.597196189326063,11.846775170174322,25.53162318013712,0.0
1.09,9.710402832949285,11.905938566245563,25.759875452093084,0.0
1.095,9.819583939908016,11.955142775449662,25.994278528796727,0.0
1.1,9.92564025130254,11.994019079215475,26.235002254707112,0.0
1.105,10.027954727073695,12.021087968861886,26.48062145515283,0.0
1.11,10.128500340063589,12.036454321650005,26.729533819013866,0.0
1.115,10.22387503912264,12.041143119591606,26.983093524423005,0.0
1.12,10.314490357226818,12.032176108735252,27.239261566281986,0.0
1.125,10.399672039705514,12.011867647648895,27.4959705447084,0.0
1.1300000000000001,10.480816255640978,11.977298370163288,27.75343004030527,0.0
1.135,10.55605045902344,11.930451615848384,28.01085565355318,0.0
1.1400000000000001,10.623732673382463,11.869953250758938,28.266242644830992,0.0
1.145,10.686541898497358,11.797385369312533,28.520061149982457,0.0
1.1500000000000001,10.742845456470787,11.711306898417455,28.770859282241343,0.0
1.155,10.790754324875383,11.612219629292715,29.016080812553664,0.0
1.16,10.831700453964062,11.49991202810237,29.255170522968736,0.0
1.165,10.86610449135438,11.374819310233638,29.48732078788053,0.0
1.17,10.890117792509663,11.238060792749717,29.711024317683382,0.0
1.175,10.906819887023392,11.088969252756238,29.926584278184194,0.0
1.18,10.915423707806804,10.928792302174932,30.13198495912236,0.0
1.185,10.91617343917243,10.758219915042467,30.326763693721123,0.0
1.19,10.90880536182686,10.578192004554195,30.50891245294923,0.0
1.195,10.89337408940962,10.388564094945853,30.67849874028629,0.0
1.2,10.868116899742333,10.190335159745185,30.835821898992606,0.0
1.205,10.833831627798613,9.984776639098525,30.97819621016293,0.0
1.21,10.792239596942045,9.772375774498524,31.10599503124721,0.0
1.215,10.740583862916386,9.554903829277807,31.219505160994462,0.0
1.22,10.681515079834154,9.333843780179466,31.316609869930044,0.0
1.225,10.613570099991435,9.110670021653842,31.397305728749387,0.0
1.23,10.53771298218216,8.884742253330323,31.461367743854122,0.0
1.235,10.455421208583846,8.658062295471632,31.51053647430105,0.0
1.24,10.364994490699864,8.430707380208963,31.54190609168659,0.0
1.245,10.267137746998083,8.204577594742915,31.558457002774613,0.0
1.25,10.164082284765527,7.980369227436707,31.559473573183208,0.0
1.2550000000000001,10.055680773028762,7.759493243614185,31.54449703017423,0.0
1.26,9.939955391417394,7.541863571231935,31.51488061485053,0.0
1.2650000000000001,9.819292266674942,7.329394088451093,31.468201521097615,0.0
1.27,9.693622482112852,7.12242005626723,31.408412289222674,0.0
1.2750000000000001,9.564783994542823,6.921528130239438,31.334325342185767,0.0
1.28,9.432882789134156,6.728577880874294,31.247107644542,0.0
1.285,9.29855760961643,6.541572833955191,31.147891023887166,0.0
1.29,9.161383454628677,6.363189106222685,31.036545453512996,0.0
1.295,9.021166186886406,6.193442391717334,30.914508067454523,0.0
1.3,8.878918246793125,6.030375581057503,30.781654925393603,0.0
1.305,8.736641167121128,5.876619655336993,30.638863828812482,0.0
1.31,8.593936430429052,5.733279512799528,30.486161995785334,0.0
1.315,8.45051275313006,5.598693853338965,30.327366408237847,0.0
1.32,8.30719044931024,5.471861043419149,30.160962090038755,0.0
1.325,8.164743908039311,5.353709111325335,29.986080402598308,0.0
1.33,8.02533676808554,5.245701294228373,29.805590445989523,0.0
1.335,7.886583271192562,5.145994971659146,29.618915433113454,0.0
1.34,7.749472257412615,5.0567989085582346,29.42615014039505,0.0
1.345,7.615800539338171,4.977192975838968,29.231267711929327,0.0
1.35,7.484831002885231,4.906383566073867,29.030413598976086,0.0
1.355,7.35479074170755,4.843081978893091,28.826433407607503,0.0
1.36,7.229888349368126,4.787622281818706,28.620110756534913,0.0
1.365,7.10755214671451,4.741480415319084,28.410996478115585,0.0
1.37,6.988235999907947,4.703189811860335,28.199913278567873,0.0
1.375,6.8741912320262575,4.6718892343727685,27.98783523177151,0.0
1.3800000000000001,6.764268781699376,4.648885772587464,27.775506461347675,0.0
1.385,6.659537351408541,4.63380526491029,27.5624769013805,0.0
1.3900000000000001,6.558940544987664,4.626812821540522,27.349768053563864,0.0
1.395,6.463128006422938,4.62414557562704,27.13703023771511,0.0
1.4000000000000001,6.371810491310181,4.629203602355426,26.92448065824737,0.0
1.405,6.284611455595012,4.639927454348106,26.713236699950823,0.0
1.41,6.202727077225377,4.656438003894692,26.502364202086728,0.0
1.415,6.12574339149537,4.679113120811784,26.293410546106287,0.0
1.42,6.053755696128189,4.708806736046924,26.084622879123263,0.0
1.425,5.987121956796997,4.742058585118321,25.879339298833845,0.0
1.43,5.925328567931803,4.783170852430978,25.676676187761487,0.0
1.435,5.867133183674944,4.827689753421907,25.47688794271178,0.0
1.44,5.815877540897574,4.877904902664404,25.278465131747886,0.0
1.445,5.768336986654349,4.933770987004958,25.082274578477783,0.0
1.45,5.727321195832271,4.992270240303368,24.890286292734768,0.0
1.455,5.69082071059916,5.055554884680895,24.70105968127607,0.0
1.46,5.659706765678068,5.123013044064986,24.51441693096489,0.0
1.465,5.632303874922052,5.196966685486133,24.332934231084792,0.0
1.47,5.609696045123213,5.274362628376025,24.154730892253234,0.0
1.475,5.592746844755212,5.356271998722671,23.98042024263449,0.0
1.48,5.581803825288053,5.441038331481845,23.810490870968096,0.0
1.485,5.574112070317496,5.530815198917721,23.64413530712937,0.0
1.49,5.572395794465914,5.62420294889266,23.482577676520933,0.0
1.495,5.575415896305035,5.721481701279322,23.325476212797543,0.0
1.5,5.58367657585509,5.82320444952117,23.173794781533406,0.0
1.5050000000000001,5.596553277296979,5.928552470912923,23.02744230945117,0.0
1.51,5.613055687139173,6.0383910257428886,22.886955283557327,0.0
1.5150000000000001,5.633669818657485,6.151589178413511,22.749753186772157,0.0
1.52,5.659359713754108,6.268249130307767,22.61831690540598,0.0
1.5250000000000001,5.690476785137632,6.390250967246863,22.49435411338101,0.0
1.53,5.7253578628207045,6.516330999057041,22.37702126588701,0.0
1.5350000000000001,5.764857218074193,6.644947331926545,22.266140206354812,0.0
1.54,5.808587594290846,6.7782414084458615,22.159683285238767,0.0
1.545,5.85799895568118,6.9148185552702355,22.06206449835759,0.0
1.55,5.910332910883719,7.055135927115619,21.970642687021407,0.0
1.555,5.968971728862315,7.197082529673199,21.885081546941453,0.0
1.56,6.031241271233066,7.343216300263462,21.807121226900055,0.0
1.565,6.09613500559854,7.494538160155306,21.738238086560777,0.0
1.57,6.166870404056353,7.6474917541254515,21.677381956389915,0.0
1.575,6.240639210006604,7.805195424915623,21.623997724087612,0.0
1.58,6.319054790200585,7.964141026223175,21.578963564410778,0.0
1.585,6.401334505846491,8.128088428210122,21.542461927460284,0.0
1.59,6.488158196527112,8.29353154123002,21.515913807112867,0.0
1.595,6.579220541005963,8.462168696478255,21.49703301398335,0.0
1.6,6.674960592418059,8.634807987320288,21.48815395020783,0.0
1.605,6.774028537602968,8.809057592963054,21.48964508558105,0.0
1.61,6.874935282983291,8.985034386287033,21.50099056654054,0.0
1.615,6.981057711901337,9.162280159697943,21.52339499681324,0.0
1.62,7.090779606500775,9.342579381977973,21.556114559547414,0.0
1.625,7.203216448899694,9.52558159547635,21.599449998963344,0.0
1.6300000000000001,7.319157913364861,9.707732849065156,21.653578104625335,0.0
1.635,7.438522537458197,9.89095694279148,21.720342409579562,0.0
1.6400000000000001,7.562412908138445,10.074835616881671,21.79857667182481,0.0
1.645,7.68752630805126,10.258515376653422,21.887911915131202,0.0
1.6500000000000001,7.815747184702048,10.441939797991521,21.99082841485266,0.0
1.655,7.945989669473497,10.62535427165181,22.105304361407523,0.0
1.6600000000000001,8.08014125841788,10.80615526826736,22.23299674846325,0.0
1.665,8.217746788072278,10.985019625246865,22.373385567496886,0.0
1.67,8.356409688434836,11.160824951652037,22.524823718157013,0.0
1.675,8.495874538121711,11.332695434344881,22.690651296185486,0.0
1.68,8.637328564540715,11.501603077929344,22.868908268328365,0.0
1.685,8.780011075792247,11.666440569897837,23.06033182662267,0.0
1.69,8.924680661853504,11.824736520005953,23.265847358446788,0.0
1.695,9.06896754071409,11.977279991087073,23.48316176049454,0.0
1.7,9.213655055066154,12.122000187022783,23.714357666927373,0.0
1.705,9.359003217319648,12.259619572893724,23.95584673337816,0.0
1.71,9.504582735068734,12.3865249742663,24.210362092089262,0.0
1.715,9.648280803972764,12.504438032831404,24.47620285235062,0.0
1.72,9.789426197840495,12.613286176401754,24.752387255650387,0.0
1.725,9.929725900948547,12.709642248386588,25.039275004576872,0.0
1.73,10.068868765397125,12.791392743465565,25.33598405796604,0.0
1.735,10.20502130579421,12.862673479247567,25.641938791319895,0.0
1.74,10.337998923413174,12.918387410820628,25.95731841531881,0.0
1.745,10.467783523010166,12.959730608989641,26.27833538964143,0.0
1.75,10.592297482906082,12.984964618753057,26.605795479877894,0.0
1.7550000000000001,10.71181380294581,12.99465487980622,26.939342968446603,0.0
1.76,10.82697914376299,12.985971480095058,27.27629838873924,0.0
1.7650000000000001,10.935431294802742,12.959752166595589,27.61505061179332,0.0
1.77,11.037081238973515,12.916402211394255,27.95607099447544,0.0
1.7750000000000001,11.131391500009249,12.854050750577754,28.29565605803776,0.0
1.78,11.216661101816168,12.773255131393249,28.632173796967876,0.0
1.7850000000000001,11.29431766751682,12.673299678137484,28.96640680373256,0.0
1.79,11.363855533721843,12.55570695034854,29.295073648881193,0.0
1.795,11.423430039315285,12.419649563978576,29.619033851440697,0.0
1.8,11.473442037478337,12.264605108857259,29.933990838129517,0.0
1.805,11.5134478033199,12.092114968547948,30.238081872014696,0.0
1.81,11.542871560362347,11.902318960495398,30.531749490046664,0.0
1.815,11.561551798887622,11.696490370594718,30.81251765106294,0.0
1.82,11.567946324715917,11.47560747179128,31.07835259417711,0.0
1.825,11.564000048522066,11.241015430041289,31.32781844977379,0.0
1.83,11.547144079097936,10.992268386226945,31.55953427377862,0.0
1.835,11.51936324096732,10.731764306402146,31.773152735711268,0.0
1.84,11.477971581719181,10.460638835511466,31.968685568014862,0.0
1.845,11.42738704823242,10.180374528789716,32.14194484595573,0.0
1.85,11.365441122146144,9.892563483576433,32.295697227777765,0.0
1.855,11.291117910101017,9.600382972644832,32.42704822915875,0.0
1.86,11.205798550528385,9.302324769594478,32.53708079233871,0.0
1.865,11.110079353762892,9.001263893178553,32.6234202749567,0.0
1.87,11.006002044385074,8.699301979087382,32.689056357627166,0.0
1.875,10.890451170745969,8.397458437708032,32.73333305858328,0.0
1.8800000000000001,10.766332475097338,8.098368523268496,32.75290380547794,0.0
1.885,10.63355063806741,7.802008388290427,32.752774972604314,0.0
1.8900000000000001,10.491498843922756,7.510673649331819,32.730378356216264,0.0
1.895,10.34281272634932,7.2254866197854355,32.68848186106435,0.0
1.9000000000000001,10.186110680368701,6.947109309599656,32.62688541582921,0.0
1.905,10.025878773487216,6.676416484496494,32.54567049090713,0.0
1.9100000000000001,9.858347022066917,6.417183864973649,32.44640584820511,0.0
1.915,9.687476531966729,6.166138297962734,32.329914836078316,0.0
1.92,9.511138001911002,5.924934038333184,32.19708636750568,0.0
1.925,9.330413803526458,5.695902466220312,32.048120753041005,0.0
1.93,9.149365809780978,5.478270167308213,31.88741974642513,0.0
1.935,8.966444146237771,5.2726177634070925,31.713561828687936,0.0
1.94,8.782457496765511,5.079761037987694,31.52703995702284,0.0
1.945,8.596571929094749,4.898821440677808,31.32958482079212,0.0
1.95,8.413791198994018,4.729722558976807,31.12231511225451,0.0
1.955,8.228928909870898,4.574029890512345,30.90573899105678,0.0
1.96,8.045855663271906,4.430722287050125,30.680187998617825,0.0
1.965,7.865416450719211,4.300231957182326,30.449751355081172,0.0
1.97,7.686898625546585,4.183037830731142,30.21361444017622,0.0
1.975,7.511224640492165,4.076340265379283,29.97088632978431,0.0
1.98,7.339731255955942,3.9832263318576735,29.72368719571736,0.0
1.985,7.171165173059549,3.9004734798733347,29.473683621203264,0.0
1.99,7.008950097571041,3.8283462642893142,29.219514723378857,0.0
1.995,6.849795995934677,3.7662821411704095,28.965305307869922,0.0
2.0,6.695299632066677,3.713969560403446,28.70704922563294,0.0
2.005,6.546217447475017,3.67276567876429,28.44807503670011,0.0
2.0100000000000002,6.4023078928471255,3.6398919471512112,28.188635446270077,0.0
2.015,6.26550693311891,3.6165822276976374,27.928364861624217,0.0
2.02,6.134075688487545,3.600113013304184,27.668511019329575,0.0
2.025,6.007235353660864,3.5931712961678066,27.40967327222733,0.0
2.0300000000000002,5.8870101626382345,3.593960277702459,27.152031314966127,0.0
2.035,5.772593167042332,3.6008695820193504,26.89650749659477,0.0
2.04,5.664944460015587,3.6149963878621065,26.642578776714494,0.0
2.045,5.562496953897679,3.635184228792054,26.389908852111592,0.0
2.05,5.4655838182561,3.662213182474675,26.13980368310601,0.0
2.055,5.374860313064761,3.6945749713860145,25.891341985078057,0.0
2.06,5.290381603528761,3.73224593370107,25.64506930528184,0.0
2.065,5.212894312852931,3.7752982106025303,25.40101075021147,0.0
2.07,5.141682171383738,3.823604642831797,25.160419677945463,0.0
2.075,5.075864505161391,3.877964855616269,24.92340234629793,0.0
2.08,5.016967828588028,3.9368562136512746,24.689461597300657,0.0
2.085,4.962846768871069,4.000618793311411,24.459035545613013,0.0
2.09,4.914119178077028,4.067088578534533,24.231868197455576,0.0
2.095,4.871088741647274,4.140827547402694,24.00933909094067,0.0
2.1,4.834691465324501,4.217865362344696,23.789829057683626,0.0
2.105,4.804600193160023,4.299716358046603,23.574801898753616,0.0
2.11,4.779083030275313,4.384929894881416,23.363650105800698,0.0
2.115,4.758683657157924,4.472045150087342,23.156319304907196,0.0
2.12,4.745217980361894,4.564529762690313,22.95436670030773,0.0
2.125,4.737396669788207,4.660972006178631,22.757596739136453,0.0
2.13,4.734096579035392,4.76165671848107,22.56430328789226,0.0
2.1350000000000002,4.7361824515331685,4.867104688248416,22.376086150743994,0.0
2.14,4.742236132834573,4.976217618956493,22.19421780913406,0.0
2.145,4.755019885584386,5.088367333959647,22.01594662730024,0.0
2.15,4.770703586495262,5.205880250255636,21.84302645378844,0.0
2.1550000000000002,4.7919824535760025,5.327469967736115,21.676225057373703,0.0
2.16,4.819572226829523,5.452480169722581,21.514748629899017,0.0
2.165,4.852342727950411,5.58148237522319,21.36015868348177,0.0
2.17,4.888945326363784,5.71498802182575,21.21018816279498,0.0
2.1750000000000003,4.928565899718369,5.852222942050503,21.067089937926507,0.0
2.18,4.975698922074343,5.99429616740633,20.931065321212625,0.0
2.185,5.027729075141428,6.140670350193998,20.80045702933086,0.0
2.19,5.082585564212075,6.292749645855274,20.677949805869137,0.0
2.195,5.141578146264275,6.446924849279496,20.5623818983589,0.0
2.2,5.206796557199053,6.6068005563245285,20.452563678945275,0.0
2.205,5.276518196873427,6.7702109773990875,20.352544710475076,0.0
2.21,5.351033078720987,6.936504170367416,20.25928812380462,0.0
2.215,5.431054214768558,7.109812224227078,20.174545338064966,0.0
2.22,5.514971848085736,7.286215094742136,20.098633670881274,0.0
2.225,5.603325893215594,7.467636917796092,20.031750014937455,0.0
2.23,5.696277395684112,7.653450284357682,19.97358627469759,0.0
2.235,5.793894795933483,7.8441640770159795,19.925218802443254,0.0
2.24,5.895997767862797,8.03965846208391,19.88554283790881,0.0
2.245,6.004342489238628,8.23960032476189,19.85719219790397,0.0
2.25,6.115410669030837,8.442640868885276,19.840101610635198,0.0
2.255,6.231992049264752,8.649871999172014,19.832577018767253,0.0
2.2600000000000002,6.352702080350517,8.861334271589174,19.837464283195537,0.0
2.265,6.477964352782833,9.07665219284785,19.855684781454173,0.0
2.27,6.60847692371795,9.293969768568099,19.885097197374222,0.0
2.275,6.74303660214558,9.515167369149097,19.92676523632899,0.0
2.2800000000000002,6.882303125668626,9.739903216764926,19.98284298805565,0.0
2.285,7.025028030985338,9.968184939984404,20.050630157967415,0.0
2.29,7.172941735099839,10.198550566642608,20.131807875864748,0.0
2.295,7.324050373887998,10.430388534162546,20.22923933135579,0.0
2.3000000000000003,7.477936407713431,10.662032496176504,20.341402267881303,0.0
2.305,7.635902112853351,10.894689586031706,20.469239410570758,0.0
2.31,7.799716924535708,11.128242274041998,20.611598330918127,0.0
2.315,7.965814231545384,11.361371200648836,20.77200773168734,0.0
2.32,8.134590109838655,11.592326464943794,20.947354561607224,0.0
2.325,8.308403958456966,11.821105772483364,21.139800894094208,0.0
2.33,8.48450257139348,12.047465624188117,21.350082974838102,0.0
2.335,8.662963946628714,12.270856658587034,21.576419754546844,0.0
2.34,8.843752476765381,12.488709859923366,21.82062958004692,0.0
2.345,9.02689122160239,12.699505054589885,22.0815719297837,0.0
2.35,9.210444503312816,12.903589807572706,22.360504557650078,0.0
2.355,9.396309031828265,13.099685872666248,22.657147564559356,0.0
2.36,9.58103711346311,13.284264686855032,22.971795554023178,0.0
2.365,9.765865173669287,13.45877290121065,23.302729719288216,0.0
2.37,9.951167545874583,13.622316623730583,23.649727371437976,0.0
2.375,10.135743006960142,13.77006011871019,24.01257922534142,0.0
2.38,10.317943649598318,13.902487245071212,24.39059872423425,0.0
2.3850000000000002,10.496599654515688,14.01844837221725,24.781969277326233,0.0
2.39,10.67279751419229,14.117988183137866,25.18816050916876,0.0
2.395,10.845370911911301,14.197308317098711,25.605117884710054,0.0
2.4,11.013619767614914,14.257205032135214,26.03356063288618,0.0
2.4050000000000002,11.175291281117302,14.29372235035914,26.471982732053814,0.0
2.41,11.331150733618067,14.30681183630772,26.91825754046827,0.0
2.415,11.479190823210159,14.29773632915028,27.369438774155324,0.0
2.42,11.61996854928552,14.263759892204533,27.826049111351463,0.0
2.4250000000000003,11.752283218845141,14.20277862752221,28.284176965380148,0.0
2.43,11.874828444820128,14.115198833110568,28.741172948366373,0.0
2.435,11.986945076601748,14.00051098473308,29.195045994400047,0.0
2.44,12.086758251875148,13.85668198186094,29.644300752889677,0.0
2.445,12.175966908622128,13.687124884619413,30.087799140282744,0.0
2.45,12.250312251261192,13.492480373714299,30.52047766302878,0.0
2.455,12.312464341216073,13.269578503646631,30.939679573772125,0.0
2.46,12.359655433322057,13.023645445866611,31.34442802402739,0.0
2.465,12.393689973866506,12.751577063111663,31.73115552198709,0.0
2.47,12.411079822418504,12.457524828069182,32.09835056462789,0.0
2.475,12.413223989176773,12.140182170132734,32.44350853716816,0.0
2.48,12.399735806026262,11.80285861547624,32.764551817937246,0.0
2.485,12.370933350089382,11.44831198251126,33.05730666909977,0.0
2.49,12.324942361918962,11.078788035264868,33.32479624856483,0.0
2.495,12.263001983371991,10.695521485224232,33.564834338565035,0.0
2.5,12.185025451964282,10.299496325483517,33.773701708770695,0.0
2.505,12.090553984963599,9.896331468880234,33.95159817259273,0.0
2.5100000000000002,11.979500839761235,9.4863924774761,34.09803675272068,0.0
2.515,11.8543993066859,9.07387714430396,34.21199454008058,0.0
2.52,11.715094348316358,8.661330345461119,34.29384341827889,0.0
2.525,11.563510743359195,8.24863818329521,34.34256892295779,0.0
2.5300000000000002,11.398327099372217,7.840340467605222,34.36134194671787,0.0
2.535,11.220142830815025,7.439986098070911,34.34959826912399,0.0
2.54,11.032665937097693,7.045946208091314,34.30969901915721,0.0
2.545,10.83367465924778,6.66174990495735,34.24115286145457,0.0
2.5500000000000003,10.625734291605113,6.291153389379193,34.144965719392566,0.0
2.555,10.40756461641771,5.932872162132533,34.02493145517957,0.0
2.56,10.182823845609963,5.5896609722959205,33.880161354226146,0.0
2.565,9.952366969136117,5.262024933712843,33.713284155345086,0.0
2.57,9.71792418110452,4.951692409136314,33.5267401453384,0.0
2.575,9.480072909353325,4.656763700794261,33.31996070452604,0.0
2.58,9.238650926488505,4.382033801182395,33.09709981447337,0.0
2.585,8.995080034513764,4.12572445634243,32.85883425487417,0.0
2.59,8.74986963053965,3.8864905775446434,32.605568949351984,0.0
2.595,8.506556986824888,3.666256964490378,32.34005774611928,0.0
2.6,8.264302700763517,3.4632135519854854,32.063728203983295,0.0
2.605,8.024366491081567,3.278088059067785,31.780309668523063,0.0
2.61,7.786924269573466,3.1106380319361864,31.48827274223909,0.0
2.615,7.552498159180796,2.9592973996360987,31.189041003357794,0.0
2.62,7.322074626568063,2.8240273785234487,30.88479312910335,0.0
2.625,7.096544408741038,2.7043326410502324,30.57570171364554,0.0
2.63,6.877728549209653,2.599871265011128,30.263331998556865,0.0
2.6350000000000002,6.66462262040454,2.508750138268148,29.949086787294984,0.0
2.64,6.457800968831336,2.431285520732283,29.632910076523544,0.0
2.645,6.257539894469525,2.3663064188293665,29.315080336289757,0.0
2.65,6.0633079357274,2.313405281778645,28.999905031032455,0.0
2.6550000000000002,5.875918086510998,2.272561063588344,28.684790013483433,0.0
2.66,5.696173149660854,2.2414925115313467,28.37000579826671,0.0
2.665,5.523076670455597,2.220014923176179,28.055619596842085,0.0
2.67,5.3584201513330365,2.2081402619132557,27.742125173995433,0.0
2.6750000000000003,5.200953428934447,2.2042125158834285,27.43259545591491,0.0
2.68,5.0510189744706375,2.2086025063060206,27.124026817040583,0.0
2.685,4.907474093734735,2.2206076877288004,26.817873654529503,0.0
2.69,4.7725955019282384,2.2375836276122225,26.514956549781363,0.0
2.695,4.645264025159547,2.2620606123916467,26.214906246656916,0.0
2.7,4.525611946008641,2.2916843633737294,25.918345733493474,0.0
2.705,4.414754167436635,2.327513318180288,25.62473899856306,0.0
2.71,4.310220988766938,2.3675393821662367,25.33449206101399,0.0
2.715,4.213386121693878,2.4129196788059675,25.047593824428343,0.0
2.72,4.12306148991066,2.463794741217672,24.76443895956731,0.0
2.725,4.041664787738125,2.5190406109869405,24.48511528295095,0.0
2.73,3.9663779804119783,2.5768451956446787,24.209558769425254,0.0
2.735,3.897697228461194,2.6402448893613246,23.938267791679348,0.0
2.74,3.8364129097294333,2.7058566312550196,23.671004297266663,0.0
2.745,3.7792602039339065,2.773607561331763,23.407633446918908,0.0
2.75,3.728595937387934,2.846890590130149,23.14747092021611,0.0
2.755,3.684187631541779,2.924072031748819,22.89113848846489,0.0
2.7600000000000002,3.6456660701361683,3.004102360427784,22.640797384514734,0.0
2.765,3.614068078567203,3.0866090597379543,22.393616919832944,0.0
2.77,3.5872459425340004,3.1728477748843167,22.15098019810992,0.0
2.775,3.5663531714895464,3.2623567105050197,21.91198925204482,0.0
2.7800000000000002,3.550821358058706,3.3546953550829284,21.67803514498897,0.0
2.785,3.5414728986198005,3.451966032070384,21.44804764458609,0.0
2.79,3.5375261261872017,3.5493070226404377,21.223897021816718,0.0
2.795,3.5389997032715823,3.6514918240146526,21.00394391741069,0.0
2.8000000000000003,3.5441452956185753,3.7568530409646423,20.789300720461576,0.0
2.805,3.5537154348982294,3.864038265350742,20.57893477547212,0.0
2.81,3.570067278845502,3.974916648410297,20.37368150030145,0.0
2.815,3.5897332344616113,4.0910327947352165,20.173406991709783,0.0
2.82,3.6149083614413864,4.2120282330213605,19.97771305170718,0.0
2.825,3.643914660464543,4.33565700354381,19.78699971754157,0.0
2.83,3.678821001516418,4.463768138244553,19.602471903265467,0.0
2.835,3.7187878906322314,4.5954996539342226,19.42305855304016,0.0
2.84,3.7633354004100736,4.732173593089399,19.248404080451202,0.0
2.845,3.8122803887250365,4.873903354307043,19.080899960862652,0.0
2.85,3.8648258031023266,5.0202218015516005,18.919083325634098,0.0
2.855,3.9219764588237505,5.1699385863207,18.763826934756736,0.0
2.86,3.9846556045530503,5.325498378700361,18.61621754505344,0.0
2.865,4.050643051832154,5.4855072687145485,18.474323160953077,0.0
2.87,4.123178351462943,5.650752112828508,18.338485755924687,0.0
2.875,4.199565092592902,5.822181401215189,18.2103185680175,0.0
2.88,4.280809313006732,5.998150643686432,18.090300343816303,0.0
2.8850000000000002,4.365924196185688,6.17998205314848,17.977397444874512,0.0
2.89,4.456245224278827,6.368642125560775,17.87291231995735,0.0
2.895,4.552144818866071,6.562717786318736,17.776496544013707,0.0
2.9,4.6523148369233525,6.762160121035263,17.688620868067705,0.0
2.9050000000000002,4.758666866491818,6.968081106533441,17.60972202427275,0.0
2.91,4.869155543915606,7.180164804308477,17.541166990350245,0.0
2.915,4.983934551151313,7.398941106449733,17.48172527161039,0.0
2.92,5.105124562063147,7.624750881695131,17.43480939285259,0.0
2.9250000000000003,5.230614945473924,7.855177890044135,17.39680344694345,0.0
2.93,5.361780688327847,8.092100562082319,17.369248812324365,0.0
2.935,5.498221358157973,8.336235728321116,17.35372636044207,0.0
2.94,5.6390923893913705,8.586011431517791,17.351828037030163,0.0
2.945,5.786707223321268,8.842584851340813,17.362931592920866,0.0
2.95,5.940879688183937,9.106816093291634,17.38787753917553,0.0
2.955,6.099237857116807,9.376262240215638,17.42598093042829,0.0
2.96,6.262490370492983,9.651871912472188,17.478685025348014,0.0
2.965,6.433464309696643,9.932190382894742,17.547626766120523,0.0
2.97,6.609595958736586,10.219105011984167,17.633052150250197,0.0
2.975,6.790859701786726,10.509963552366973,17.735195454285012,0.0
2.98,6.9751356425779045,10.805796898570911,17.856052957417486,0.0
2.985,7.166046761864165,11.105439133024804,17.995160153932428,0.0
2.99,7.363389861645707,11.4086187027286,18.15346276717712,0.0
2.995,7.566104429845299,11.712721994782845,18.331830796816877,0.0
3.0,7.773175607123976,12.019106541310638,18.530197424063637,0.0
3.005,7.984409330762948,12.32691032906977,18.750464415858186,0.0
3.0100000000000002,8.200442274810454,12.635225925693618,18.99260892426703,0.0
3.015,8.421556164260574,12.941618210184188,19.256449793993845,0.0
3.02,8.647962643249976,13.244128035564156,19.54436444791973,0.0
3.025,8.879498978403104,13.544230268367812,19.856064693011497,0.0
3.0300000000000002,9.113269286123112,13.83866017935861,20.191951856318553,0.0
3.035,9.350619654002747,14.126595728674983,20.552896767270955,0.0
3.04,9.589040994951775,14.403035838384767,20.93880944717478,0.0
3.045,9.828978714113333,14.67024462128195,21.34964436808155,0.0
3.0500000000000003,10.071605025152207,14.924816222142626,21.785534504012844,0.0
3.055,10.314120159153834,15.163790674919717,22.247091483339116,0.0
3.06,10.555644003960428,15.385513014933736,22.732143107095826,0.0
3.065,10.796698663546545,15.587556435936348,23.24119370031476,0.0
3.0700000000000003,11.03551218927115,15.765724513591987,23.773046973270176,0.0
3.075,11.27296270506425,15.920308490512243,24.325248808854724,0.0
3.08,11.506072848247618,16.049455114623303,24.897820836455413,0.0
3.085,11.732897095788292,16.146135058243324,25.48851137661716,0.0
3.09,11.952634693388456,16.21357744011525,26.095870130084005,0.0
3.095,12.165541225711609,16.245782314679634,26.71744257653132,0.0
3.1,12.369923210707007,16.24291137244965,27.349616405906886,0.0
3.105,12.564695225063417,16.2014641889357,27.989896284861203,0.0
3.11,12.74703199047548,16.12026043787683,28.634819612603682,0.0
3.115,12.915960783709656,15.999214804742929,29.279515931610632,0.0
3.12,13.070995334620239,15.837729366659245,29.922277639579733,0.0
3.125,13.209013627663358,15.63272796782536,30.558162348566864,0.0
3.13,13.329240202482495,15.385909644340472,31.182797958383365,0.0
3.1350000000000002,13.431309151461441,15.095951922705268,31.792968273657138,0.0
3.14,13.513467507166332,14.765751886856233,32.384286013586674,0.0
3.145,13.576146848279137,14.397697463506548,32.95078216214547,0.0
3.15,13.617271097755562,13.98979315953322,33.48907986638219,0.0
3.1550000000000002,13.635296798075709,13.546461092035214,33.99463886765817,0.0
3.16,13.631728416783405,13.069862761819241,34.465063049096386,0.0
3.165,13.603871313970613,12.563470749437199,34.89602122995978,0.0
3.17,13.55249539331351,12.03177723101503,35.28508132282412,0.0
3.1750000000000003,13.475918836645178,11.477995872343893,35.62977793064583,0.0
3.18,13.375242256279211,10.905857914274513,35.92821679977117,0.0
3.185,13.252465012003858,10.322147894480082,36.177393491287496,0.0
3.19,13.104887465760713,9.728748701277812,36.379546406514855,0.0
3.1950000000000003,12.936314392210999,9.130926764686528,36.53193184695568,0.0
3.2,12.746421230924744,8.533405118034228,36.63560536368742,0.0
3.205,12.536716448349614,7.940047698102693,36.68996372793115,0.0
3.21,12.304874932201967,7.354685533902938,36.69765557892554,0.0
3.215,12.056398748008807,6.780609645426014,36.661101833112475,0.0
3.22,11.793720056841757,6.223460148923384,36.580101366488584,0.0
3.225,11.514811723415896,5.6864217834013875,36.45824566672402,0.0
3.23,11.224112117466504,5.171683854401485,36.30013523581213,0.0
3.235,10.922461701583222,4.680394134653716,36.106504218721895,0.0
3.24,10.610053146854087,4.215705759338489,35.88056676579365,0.0
3.245,10.290886105291424,3.7762796764043065,35.62575714002417,0.0
3.25,9.964267895288547,3.3648138755648005,35.34409821093125,0.0
3.255,9.634352108629361,2.9817236410332315,35.03964747049485,0.0
3.2600000000000002,9.302308721627021,2.6265589961887432,34.71606328869977,0.0
3.265,8.967417634299562,2.3014170693802107,34.37568865844448,0.0
3.27,8.634855820848577,2.0044660461840307,34.019187042431305,0.0
3.275,8.304308771571952,1.7334962608324698,33.651476559109625,0.0
3.2800000000000002,7.976495191965427,1.489707827558396,33.27525128432025,0.0
3.285,7.6515474601726625,1.2723099813417311,32.89056930484455,0.0
3.29,7.332741343495363,1.0780543414259742,32.49969245564949,0.0
3.295,7.019037602487998,0.9075076852936776,32.10593430501493,0.0
3.3000000000000003,6.713066344368592,0.7594766287107025,31.71040686182909,0.0
3.305,6.415070638093001,0.6308221071434323,31.312593002181533,0.0
3.31,6.125907994030159,0.5221420964061723,30.914701160403602,0.0
3.315,5.8462108566739,0.42912105042002624,30.51853562534737,0.0
3.3200000000000003,5.575150379957275,0.35286263116375777,30.124249223604107,0.0
3.325,5.315088693797201,0.29125994539427846,29.73236719536187,0.0
3.33,5.063176085010708,0.24404338160428193,29.34391318844827,0.0
3.335,4.8209462080558305,0.20734936591010203,28.959615782585907,0.0
3.34,4.59141347048405,0.1845395685582462,28.57797944496464,0.0
3.345,4.3704242982894215,0.17070167400459668,28.20111077206037,0.0
3.35,4.16084133330803,0.1658598621021019,27.828400375002154,0.0
3.355,3.961186567770931,0.16710464668273084,27.459985934420843,0.0
3.36,3.7733663034923,0.1772706651880346,27.09735532457894,0.0
3.365,3.593698492616012,0.1933170223441057,26.740323462478877,0.0
3.37,3.4242797477111,0.21372538119182985,26.385927627811068,0.0
3.375,3.262436500185992,0.24079458664065445,26.037796301904443,0.0
3.38,3.1113109664705716,0.27196217272194156,25.694531890541132,0.0
3.3850000000000002,2.9687902800253436,0.30703377783548835,25.357466409900233,0.0
3.39,2.835074419211555,0.3449216382042017,25.023412169453547,0.0
3.395,2.711762934431788,0.3843952422362506,24.69425112705786,0.0
3.4,2.5955754890722824,0.4273882104041313,24.369033895599156,0.0
3.4050000000000002,2.487156667646184,0.4723727161366298,24.05011827741741,0.0
3.41,2.387685238404182,0.52052314733319,23.734272685886417,0.0
3.415,2.294230270897522,0.5679134509656973,23.42424504385706,0.0
3.42,2.2089035086306055,0.6176035862771972,23.118032632401462,0.0
3.4250000000000003,2.128803976612961,0.6686462971715014,22.816171841878695,0.0
3.43,2.0563160148255206,0.7196674174925562,22.52014042982698,0.0
3.435,1.9900029829588894,0.7724119080518608,22.227626200181266,0.0
3.44,1.929552564871174,0.8262480995087622,21.9391244237531,0.0
3.4450000000000003,1.8743908054867426,0.8804411704005047,21.65395497328767,0.0
3.45,1.8250748920991982,0.935922993559751,21.372756986019937,0.0
3.455,1.7806270705877065,0.9925656257969543,21.096075181959893,0.0
3.46,1.7411009480639426,1.050760518513505,20.823413001276588,0.0
3.465,1.7073906076308256,1.1085798123791206,20.555669581854062,0.0
3.47,1.6768116245469096,1.1662469188242974,20.290896157780516,0.0
3.475,1.6521500177505355,1.2255588276942584,20.030948998935248,0.0
3.48,1.630488406244516,1.2839389454690382,19.77455879304281,0.0
3.485,1.613816285684311,1.3447069647816001,19.52054767532443,0.0
3.49,1.599932220200199,1.406104903730944,19.271160123589585,0.0
3.495,1.5901260743277363,1.4693054602956053,19.02438976050525,0.0
3.5,1.5840775093424453,1.5327339063003957,18.783462607016997,0.0
3.505,1.5824923502602364,1.597395474001893,18.544858062545504,0.0
3.5100000000000002,1.583369832217255,1.6643039768327583,18.31061160451351,0.0
3.515,1.587984023724957,1.7330439935137902,18.079632208425284,0.0
3.52,1.5946499919031927,1.8030626158887118,17.852175083727452,0.0
3.525,1.605940685694596,1.8764046637689675,17.62774234247906,0.0
3.5300000000000002,1.6204908712965025,1.9505773397118376,17.407684731987313,0.0
3.535,1.6373087147271541,2.027351555851597,17.19203498836674,0.0
3.54,1.6574075734918159,2.104918424480539,16.979425681482343,-0.0
3.545,1.6796571298372904,2.1852680680504415,16.770556985793206,-0.0
3.5500000000000003,1.7041174334938491,2.2687004903442016,16.565181707966783,-0.0
3.555,1.7331146362827985,2.35461832436376,16.363440634060126,-0.0
3.56,1.7626140532261503,2.444237827173181,16.165639641460274,-0.0
3.565,1.7966416113829158,2.535916239295169,15.97304663836954,-0.0
3.5700000000000003,1.8326996407012144,2.631262647040554,15.782524227416934,-0.0
3.575,1.8726613935477694,2.7288706235642546,15.59543120059629,-0.0
3.58,1.9160082938422451,2.8310311110980724,15.412823818310649,-0.0
3.585,1.9628662398582397,2.937597059105379,15.233998072694117,-0.0
3.59,2.0128762385545587,3.0492081373170343,15.059310262250978,-0.0
3.595,2.064426265771691,3.163811802861371,14.888956740840126,-0.0
3.6,2.12018613399377,3.2826903039629087,14.723369788745115,-0.0
3.605,2.179077203153933,3.4080235610338176,14.562026936984903,-0.0
3.61,2.242643827866101,3.5385546470578504,14.404955782075849,-0.0
3.615,2.308231705710138,3.6739802749523243,14.252127837922801,-0.0
3.62,2.376143417690149,3.8133487592188726,14.104552324412886,-0.0
3.625,2.4489320183654746,3.959716077642191,13.963409608154128,-0.0
3.63,2.5238301123136995,4.112097141790182,13.8263933243718,-0.0
3.6350000000000002,2.6049188810020847,4.270742285835931,13.692013088939067,-0.0
3.64,2.6888988593847993,4.435630704401924,13.56313426055285,-0.0
3.645,2.7768436507550027,4.607524742719446,13.441558317746754,-0.0
3.65,2.8690108192615673,4.7877733738503725,13.326711537836227,-0.0
3.6550000000000002,2.9642345696114,4.973419836309216,13.217500821321224,-0.0
3.66,3.0649745031207702,5.167553746408526,13.115063437019487,-0.0
3.665,3.171540966809202,5.3705368094948085,13.019621388001456,-0.0
3.67,3.2816889329679597,5.580490059868469,12.931410699871142,-0.0
3.6750000000000003,3.396503427733019,5.799031272999018,12.850791877604484,-0.0
3.68,3.5173941065049896,6.027276815274089,12.778073261203687,-0.0
3.685,3.6425898925772575,6.264409246748724,12.713378509990122,-0.0
3.69,3.7734436822271973,6.511011432248334,12.65861271308002,-0.0
3.6950000000000003,3.91103628621333,6.7669769768301276,12.612637653926008,-0.0
3.7,4.053607650229731,7.03604126821137,12.576358641585088,-0.0
3.705,4.202052812246439,7.313262112514029,12.55099313654464,-0.0
3.71,4.357686275401972,7.599551733999412,12.537297432076945,-0.0
3.715,4.519903459692519,7.898139809460125,12.535162303930539,-0.0
3.72,4.688964381668859,8.209187703550311,12.546333154805724,-0.0
3.725,4.86468062858632,8.530858101903032,12.571726682766094,-0.0
3.73,5.04730548685658,8.863828314735537,12.61167174597027,-0.0
3.735,5.236817432873128,9.208503914505362,12.667492756927855,-0.0
3.74,5.436198109631488,9.5634931146165,12.739590907961711,-0.0
3.745,5.643030467143131,9.930395439739323,12.829234599677102,-0.0
3.75,5.858194694523654,10.310100319344611,12.936926351990312,-0.0
3.755,6.081051764579774,10.701148771975452,13.066610102331206,-0.0
3.7600000000000002,6.311993076449243,11.100779133865077,13.218167173953407,-0.0
3.765,6.552304029173175,11.51144406399003,13.391952304457952,-0.0
3.77,6.800481257043287,11.93378768151796,13.591650893090373,-0.0
3.775,7.056485556824225,12.364009924237804,13.815787847808364,-0.0
3.7800000000000002,7.322351134808372,12.802068299639835,14.069266666176892,-0.0
3.785,7.596445691298723,13.248216387895194,14.34921705296798,-0.0
3.79,7.879097895400335,13.698526291500704,14.661397086049739,-0.0
3.795,8.170421180535762,14.157022606676328,15.006580373042171,-0.0
3.8000000000000003,8.470793168444548,14.618257495391942,15.38538542193309,-0.0
3.805,8.778025223199041,15.079809409229165,15.79901033479343,-0.0
3.81,9.093669097349593,15.540010239279592,16.250711736425302,-0.0
3.815,9.416377476924225,15.996416007896583,16.740813125105625,-0.0
3.8200000000000003,9.74544154995264,16.447383441962995,17.270284123486203,-0.0
3.825,10.079004070569106,16.887669242723366,17.84111877061611,-0.0
3.83,10.420000027527017,17.314361049455826,18.45338244929538,-0.0
3.835,10.764589470908714,17.725590840041306,19.110449624939466,-0.0
3.84,11.112859108285363,18.115696563087454,19.81003160579275,-0.0
3.845,11.46342550762243,18.479446647656726,20.553336052730252,-0.0
3.85,11.814581871258216,18.81361417724185,21.338623464396946,-0.0
3.855,12.163641375360585,19.113486912074357,22.165806483431595,-0.0
3.86,12.513047389856432,19.373123983791537,23.0329979712084,-0.0
3.865,12.85666303938432,19.58760433988244,23.937871460560533,-0.0
3.87,13.192342571194006,19.750577909911225,24.877851535279724,-0.0
3.875,13.521279938224124,19.858102031578078,25.84870414524616,-0.0
3.88,13.83762252272588,19.904083689851923,26.84671675385014,-0.0
3.8850000000000002,14.139558313508575,19.883854982294444,27.86596255362845,-0.0
3.89,14.427491492716106,19.79449849840527,28.900438972599748,-0.0
3.895,14.696476862114583,19.631507477769212,29.9438073377331,-0.0
3.9,14.944255135927898,19.390609746151657,30.987204955225522,-0.0
3.9050000000000002,15.165658328726282,19.07065607124901,32.024233948135056,-0.0
3.91,15.361843462491004,18.67069772521082,33.044990717549766,-0.0
3.915,15.527179318216115,18.190774952336902,34.03916580339988,-0.0
3.92,15.659263331587153,17.63061164695795,34.996368732798025,-0.0
3.9250000000000003,15.75761940026169,16.995031617356275,35.909037968851536,-0.0
3.93,15.819258787456954,16.288035702220657,36.76831913483557,-0.0
3.935,15.8425090716961,15.512587178537308,37.565248913751525,-0.0
3.94,15.82652196579273,14.678532913497625,38.29140232137991,-0.0
3.9450000000000003,15.76962134041807,13.789409735839863,38.942011971703,-0.0
3.95,15.671332198195545,12.856665420536133,39.50999960671899,-0.0
3.955,15.530215393930227,11.890600714482742,39.99103365886956,-0.0
3.96,15.34885135100328,10.899778041325392,40.381094961656764,-0.0
3.9650000000000003,15.12690814713354,9.89548645520651,40.68017186380183,-0.0
3.97,14.864192491602315,8.886587456829593,40.885485426021894,-0.0
3.975,14.565492117372756,7.88426404597104,41.000663819616584,-0.0
3.98,14.230744591540622,6.897922154571994,41.0288713835937,-0.0
3.985,13.86345741782802,5.936253928183366,40.97217953265542,-0.0
3.99,13.466788886380886,5.007547906682961,40.83784456405078,-0.0
3.995,13.04324165203635,4.118437000477806,40.630833087294775,-0.0
4.0,12.595778414375971,3.2737325748866617,40.357308415157014,-0.0
4.005,12.129553093932197,2.4796338721496993,40.0250678857355,-0.0
4.01,11.64799632503131,1.7388266613858638,39.64340002433475,-0.0
4.015,11.152667587122949,1.0526778754410033,39.21766701515792,-0.0
4.0200000000000005,10.647798266790378,0.4220423544586289,38.75344394743979,-0.0
4.025,10.135807940239175,-0.15281243717100434,38.258708445623824,-0.0
4.03,9.621632815787436,-0.6724597875968158,37.74031933523061,-0.0
4.035,9.106942470169448,-1.137980721444973,37.20442527050368,-0.0
4.04,8.595055712688115,-1.5504836293555033,36.655590952175785,-0.0
4.045,8.08849990491202,-1.915486107939644,36.10106545855431,-0.0
4.05,7.58741938310064,-2.232315690473066,35.542012969121544,-0.0
4.055,7.095664354095004,-2.5078297661915685,34.983445242126756,-0.0
4.0600000000000005,6.614415049439915,-2.743578527428995,34.42861979775791,-0.0
4.065,6.146086499118943,-2.942286741102853,33.87839632600119,-0.0
4.07,5.691122546341481,-3.109086182918687,33.33552786639701,-0.0
4.075,5.251189957627621,-3.2452207124283454,32.8029743868102,-0.0
4.08,4.82601306390829,-3.354812277451506,32.279885616196715,-0.0
4.085,4.41700997014392,-3.441843583099505,31.768079529128812,-0.0
4.09,4.025392512589903,-3.5087542870825574,31.26820785428322,-0.0
4.095,3.6485314989144344,-3.556702610000848,30.780524705179936,-0.0
4.1,3.286796067390318,-3.5890632363641783,30.305070763619693,-0.0
4.105,2.943435900537845,-3.609036710760018,29.84277137033952,-0.0
4.11,2.6166380051075264,-3.6183297052570875,29.391657151011284,-0.0
4.115,2.3054529841860387,-3.618875418206467,28.952273169666753,-0.0
4.12,2.0092740692762,-3.6115156778599036,28.52527349668418,-0.0
4.125,1.72712787592971,-3.598866855049501,28.10985259413178,-0.0
4.13,1.4614547814936212,-3.581996866892627,27.704501975809993,-0.0
4.135,1.2096884344187502,-3.560716864080166,27.31015152691198,-0.0
4.14,0.9706998476209601,-3.5384657126004933,26.925207382756234,-0.0
4.1450000000000005,0.7425156845519578,-3.515483466012581,26.549626679206227,-0.0
4.15,0.5304001471605385,-3.491306700273371,26.183216421860994,-0.0
4.155,0.33061407299760415,-3.4691862796491417,25.82533508514241,-0.0
4.16,0.14109656432306966,-3.447167674415317,25.475426893805743,-0.0
4.165,-0.03808599281597738,-3.4287012478235717,25.13317115085736,-0.0
4.17,-0.20721003003674704,-3.412597264805888,24.798623166357093,-0.0
4.175,-0.3683066011703362,-3.399291083607387,24.4706151838844,-0.0
4.18,-0.5200681625238934,-3.388851330312606,24.150037577771656,-0.0
4.1850000000000005,-0.6647332302613196,-3.3828598604974234,23.83714956349409,-0.0
4.19,-0.7999819460380604,-3.381394791693458,23.53097403633655,-0.0
4.195,-0.9294079831126253,-3.3819782743690103,23.231491973334364,-0.0
4.2,-1.0530701061310355,-3.38769545612758,22.936568063696022,-0.0
4.205,-1.1685558728306313,-3.3984008017490797,22.64867196003694,-0.0
4.21,-1.2796257538048146,-3.412523949107735,22.3658779004672,-0.0
4.215,-1.3842280043009505,-3.432381867333187,22.0896406505683,-0.0
4.22,-1.4869157716362698,-3.456479311102246,21.819481101249742,-0.0
4.225,-1.5855431576823318,-3.485305636771237,21.553763715709778,-0.0
4.23,-1.6808224283694622,-3.5197113939462756,21.29320310606621,-0.0
4.235,-1.772350721617315,-3.5585163638542636,21.039190774430505,-0.0
4.24,-1.8635298781194456,-3.6025660173753566,20.79022856446553,-0.0
4.245,-1.9505916834275898,-3.6520516182752623,20.546004261737885,-0.0
4.25,-2.0353308451688465,-3.706113089533822,20.307242519450767,-0.0
4.255,-2.1183648914762245,-3.766351742097637,20.073817561601373,-0.0
4.26,-2.2005080590586448,-3.832689956137454,19.846034807658096,-0.0
4.265,-2.2810751012115364,-3.901650296795933,19.622661349945613,-0.0
4.2700000000000005,-2.3628287628317968,-3.978146722469144,19.405345042142606,-0.0
4.275,-2.4449109649693144,-4.0597609128650936,19.19347915566405,-0.0
4.28,-2.5256290089111655,-4.146872248421515,18.98774604889802,-0.0
4.285,-2.6064809772405546,-4.239154461167439,18.786691727522474,-0.0
4.29,-2.687728673260567,-4.337494490196893,18.59127802522188,-0.0
4.295,-2.7703725570413043,-4.441134050812888,18.401650259794568,-0.0
4.3,-2.853612127712319,-4.552584339158273,18.217025680915206,-0.0
4.305,-2.9387459538561043,-4.670465078203148,18.038600688487865,-0.0
4.3100000000000005,-3.0253909394439304,-4.7934445958686895,17.86619166829459,-0.0
4.315,-3.1149384000578335,-4.922621021568781,17.701381712282775,-0.0
4.32,-3.2048748705726706,-5.060259621263621,17.542298185498343,-0.0
4.325,-3.2973515126955126,-5.201869896670465,17.38898331748825,-0.0
4.33,-3.3929910530614897,-5.35140497378598,17.24342112846773,-0.0
4.335,-3.4918519025085453,-5.506827019361761,17.104811597012237,-0.0
4.34,-3.591946738539433,-5.668677739588836,16.972884042344948,-0.0
4.345,-3.6967112467326553,-5.839127911102337,16.846633583864364,-0.0
4.3500000000000005,-3.804452384490782,-6.015884520417386,16.72905874228835,-0.0
4.355,-3.915709980449878,-6.200032246995403,16.620535332644568,-0.0
4.36,-4.029183496789449,-6.392305799802959,16.520982958230473,-0.0
4.365,-4.1476880471948165,-6.591629221284024,16.42993879895543,-0.0
4.37,-4.269427737133664,-6.798582744500995,16.347484962415905,-0.0
4.375,-4.395839194486245,-7.013494508359798,16.27386088537285,-0.0
4.38,-4.526631939800737,-7.237250274275969,16.210577128241326,-0.0
4.385,-4.66145040064035,-7.467093469422463,16.156613678693727,-0.0
4.39,-4.800708963947992,-7.705948941793765,16.11536030507582,-0.0
4.3950000000000005,-4.946922224736502,-7.9526063027411125,16.085378382875707,-0.0
4.4,-5.097600377797472,-8.207075270378844,16.067578189772874,-0.0
4.405,-5.253150701155836,-8.469242257377413,16.063307929601372,-0.0
4.41,-5.414236059037516,-8.74231839759158,16.071740948749728,-0.0
4.415,-5.581957873043563,-9.02113254666206,16.092421739523402,-0.0
4.42,-5.754650507711289,-9.307599402762024,16.131265750393514,-0.0
4.425,-5.932635783606605,-9.602614022307117,16.184029697219042,-0.0
4.43,-6.115798940199379,-9.905110158408664,16.252394596325917,-0.0
4.4350000000000005,-6.306289022706348,-10.214051394285544,16.33987446088972,-0.0
4.44,-6.5020851111821045,-10.530808818059713,16.44312698343257,-0.0
4.445,-6.702097693341808,-10.855800648366106,16.567264185149547,-0.0
4.45,-6.91057420100165,-11.183889098506487,16.708946026531997,-0.0
4.455,-7.124347345111586,-11.518737910801843,16.873671508695146,-0.0
4.46,-7.344722790441745,-11.855596566447025,17.05812738387147,-0.0
4.465,-7.571203742132622,-12.19792957451479,17.26630009577406,-0.0
4.47,-7.8014056038466455,-12.542699763957865,17.49852326405466,-0.0
4.4750000000000005,-8.037779179720212,-12.890212367902437,17.75310523355737,-0.0
4.48,-8.28054550696372,-13.238055204933797,18.035287785759436,-0.0
4.485,-8.528570657853717,-13.58401092114996,18.342008121905724,-0.0
4.49,-8.781186027167594,-13.926645112296965,18.677647948659747,-0.0
4.495,-9.039698847465482,-14.266338109350473,19.039051012745926,-0.0
4.5,-9.300683721454295,-14.600832682514353,19.430162449624998,-0.0
4.505,-9.566325970896537,-14.92626473415912,19.850232936869627,-0.0
4.51,-9.834716674353333,-15.242044918007013,20.300650570598478,-0.0
4.515,-10.104863665995396,-15.544357995975691,20.78058358311372,-0.0
4.5200000000000005,-10.375847514777087,-15.831083274326286,21.28802481647392,-0.0
4.525,-10.648893368698769,-16.100370169417083,21.825294028422533,-0.0
4.53,-10.920718520942735,-16.349127380767783,22.3900403752851,-0.0
4.535,-11.192426624608354,-16.573035871498284,22.984267012728413,-0.0
4.54,-11.460056740774647,-16.770842833458435,23.60715727178658,-0.0
4.545,-11.726788692323144,-16.939049770834472,24.252511548341378,-0.0
4.55,-11.987737005988167,-17.073653086221423,24.922253153994877,-0.0
4.555,-12.24322978817575,-17.173441862543758,25.611776954360447,-0.0
4.5600000000000005,-12.489950598357378,-17.23394057794269,26.32035925403355,-0.0
4.565,-12.726953631658407,-17.25326450541762,27.044747166305037,-0.0
4.57,-12.953318608476188,-17.228704549654644,27.782232952400193,-0.0
4.575,-13.167518035478134,-17.15660877569275,28.527403490578667,-0.0
4.58,-13.36647086078331,-17.034307692872538,29.276641335944284,-0.0
4.585,-13.549448992704118,-16.863935635211643,30.02623659423492,-0.0
4.59,-13.71621373601424,-16.643026751225218,30.767722513959747,-0.0
4.595,-13.862876018539602,-16.37056407606653,31.49779803284452,-0.0
4.6000000000000005,-13.98777730328015,-16.046562453069615,32.211217050103365,-0.0
4.605,-14.090640085879187,-15.671642195033309,32.903601978427055,-0.0
4.61,-14.17019354933646,-15.247318982975035,33.56862677806299,-0.0
4.615,-14.2234994540018,-14.777257648971215,34.20072458048667,-0.0
4.62,-14.250215267646247,-14.262429741158055,34.796993464100225,-0.0
4.625,-14.24995354615899,-13.707369068995863,35.34873535432783,-0.0
4.63,-14.222554482153571,-13.114377914777084,35.855197107961004,-0.0
4.635,-14.166913435568347,-12.489784966394188,36.30826816243949,-0.0
4.64,-14.082993748863366,-11.839814774498157,36.709731721511915,-0.0
4.6450000000000005,-13.970201447439278,-11.16790651865816,37.054390992436524,-0.0
4.65,-13.829776133036829,-10.479813366574815,37.340762977864486,-0.0
4.655,-13.662574812378955,-9.780830763871634,37.567275048556866,-0.0
4.66,-13.467913975998053,-9.079224863507058,37.73511735962031,-0.0
4.665,-13.249249550013792,-8.379135650736908,37.84348902005539,-0.0
4.67,-13.006102129850095,-7.685056461675105,37.89344811446009,-0.0
4.675,-12.740334420405736,-7.003500611863455,37.88815911751406,-0.0
4.68,-12.453444913441908,-6.338721015518378,37.829139349213996,-0.0
4.6850000000000005,-12.148271028397525,-5.69488996630023,37.71888532889484,-0.0
4.69,-11.825625326285925,-5.07534387119264,37.5618554402646,-0.0
4.695,-11.487478217339035,-4.484439290011822,37.36194617553861,-0.0
4.7,-11.136705343812025,-3.9249945268218545,37.1219204447352,-0.0
4.705,-10.776279821246254,-3.3979865319844187,36.845762512631744,-0.0
4.71,-10.406451794072858,-2.9046964844383805,36.537492501382594,-0.0
4.715,-10.030547743827118,-2.44541569072982,36.201199218378235,-0.0
4.72,-9.651008879174361,-2.02165486799396,35.840728701776065,-0.0
4.7250000000000005,-9.269933846123326,-1.6349227449663561,35.46084901676433,-0.0
4.73,-8.888653459008587,-1.2806966755156186,35.06398221618426,-0.0
4.735,-8.509145200920909,-0.9603750807925058,34.65436895882266,-0.0
4.74,-8.130694019297506,-0.6715182696160524,34.233067339968684,-0.0
4.745,-7.75638559379769,-0.4131853751651326,33.802299729006535,-0.0
4.75,-7.39027493198939,-0.18410097860189928,33.36756537600882,-0.0
4.755,-7.030525754584744,0.014773119285153236,32.928718111727726,-0.0
4.76,-6.679755744199032,0.18740457587867507,32.48977142554531,-0.0
4.765,-6.336139727884118,0.33675331608561276,32.0506397667001,-0.0
4.7700000000000005,-6.002762521811222,0.462829632165343,31.61249747339622,-0.0
4.775,-5.679296840612973,0.5687952220126914,31.177284940415504,-0.0
4.78,-5.366168198011702,0.6558597255535077,30.746497883194586,-0.0
4.785,-5.0648546393083285,0.727219903703403,30.31805363937891,-0.0
4.79,-4.774474639383878,0.7819889538680116,29.89459468712997,-0.0
4.795,-4.49613093375522,0.8248068999054546,29.476453394006665,-0.0
4.8,-4.229740213462302,0.853468010715636,29.065890475113182,-0.0
4.805,-3.9757402587535475,0.8720537839611584,28.660329666951952,-0.0
4.8100000000000005,-3.7331606212808293,0.880678289470227,28.260615227414583,-0.0
4.815,-3.502514734673887,0.8801943941524621,27.868212070415435,-0.0
4.82,-3.2825196676721697,0.8723371187083786,27.48079806012545,-0.0
4.825,-3.0746290853559533,0.8602527105603104,27.10026603375736,-0.0
4.83,-2.8771067496094567,0.84334401063698,26.725144446042215,-0.0
4.835,-2.691062384009767,0.8199429858107498,26.356514492817418,-0.0
4.84,-2.5146230829677285,0.793848360350353,25.99425071369987,-0.0
4.845,-2.348999286389991,0.7648615927004669,25.63876509490386,-0.0
4.8500000000000005,-2.192604757619955,0.7329638176072204,25.28834851230936,-0.0
4.855,-2.0450376840932756,0.700478747128832,24.94360535299771,-0.0
4.86,-1.9066862697876612,0.6662514429005202,24.60475383699824,-0.0
4.865,-1.7778755903282704,0.6309463096943154,24.270474293316557,-0.0
4.87,-1.6571647109836303,0.5952044496484427,23.942898528391694,-0.0
4.875,-1.5435130645321167,0.5602336595421018,23.618348778657964,-0.0
4.88,-1.437460338656862,0.5233846106366344,23.298641442915525,-0.0
4.885,-1.339236027405099,0.4862383614954985,22.984680227992914,-0.0
4.89,-1.2479022239794624,0.45000514089686744,22.67625718286773,-0.0
4.8950000000000005,-1.1619686429982468,0.4150801150336962,22.370801562988312,-0.0
4.9,-1.0830957865461261,0.3815050755292781,22.07002984462127,-0.0
4.905,-1.0094833869248105,0.34764763641364116,21.773742341726305,-0.0
4.91,-0.9414256600664107,0.3145176456835517,21.481311078326023,-0.0
4.915,-0.8790132657279793,0.28237065850713366,21.19395880828476,-0.0
4.92,-0.821037527581701,0.2521305063791741,20.91045783935226,-0.0
4.925,-0.7670701081728952,0.22067599573915167,20.6307850407379,-0.0
4.93,-0.7175312693605083,0.19083787711886158,20.355263514273897,-0.0
4.9350000000000005,-0.671300871868628,0.16362978702404868,20.083364928470527,-0.0
4.94,-0.6309711853566808,0.13576548931735272,19.814293652961467,-0.0
4.945,-0.5929145869911729,0.11003846230567743,19.549953471161757,-0.0
4.95,-0.5574810626994108,0.08454335326567422,19.288521720727584,-0.0
4.955,-0.5264209291989809,0.06018618238242712,19.030473969628634,-0.0
4.96,-0.4972611384141235,0.03611943179644961,18.777273058882678,-0.0
4.965,-0.47005436286353575,0.013464727110936926,18.526646393421736,-0.0
4.97,-0.4453298799861539,-0.009225634506999463,18.279321420480375,-0.0
4.9750000000000005,-0.423582183180043,-0.029825383468692797,18.03578620233631,0.0
4.98,-0.40402954982719197,-0.050201863588360415,17.795728479987595,0.0
4.985,-0.38812139211326835,-0.07005787583011144,17.558928515995643,0.0
4.99,-0.372781977473987,-0.08934129228598406,17.325499337166317,0.0
4.995,-0.3589478576692352,-0.10830940558277663,17.094349739234932,0.0
5.0,-0.3465287086313909,-0.12714833128603004,16.866075830451386,0.0
5.005,-0.3353176996124322,-0.14672228260503145,16.641457311599726,0.0
5.01,-0.32659918250416986,-0.16446497644062463,16.41957096946536,0.0
5.015,-0.3181277382692293,-0.18216836363515815,16.20122195606715,0.0
5.0200000000000005,-0.31210476128082,-0.19927630022559983,15.986012876389946,0.0
5.025,-0.30687700924389627,-0.21758218564924486,15.773460768007366,0.0
5.03,-0.3024657666675234,-0.23534991125215385,15.563679894166627,0.0
5.035,-0.2997276983431211,-0.2531666768923589,15.356320315017232,0.0
5.04,-0.29805199977310387,-0.27114734576174865,15.152077923142805,0.0
5.045,-0.29743330420081676,-0.2885985115114382,14.950271107070021,0.0
5.05,-0.2967232014709316,-0.30648107919893347,14.751726946491257,0.0
5.055,-0.298261092173311,-0.32475498491513033,14.556017763836344,0.0
5.0600000000000005,-0.29984986362077515,-0.3437646167413697,14.36161461738388,0.0
5.065,-0.3016320704922449,-0.3634029487267173,14.169583271870072,0.0
5.07,-0.30632787877128587,-0.3815017049004008,13.980451079329985,0.0
5.075,-0.30925261841681373,-0.4013613358472093,13.794134349040487,0.0
5.08,-0.313759523957496,-0.4213060368160061,13.60924476461872,0.0
5.085,-0.31819589681893923,-0.44127904165069914,13.428852707008687,0.0
5.09,-0.32476885692036284,-0.46203042709775854,13.251051491772564,0.0
5.095,-0.33106964781402376,-0.4842063367488504,13.074951703124112,0.0
5.1000000000000005,-0.3388682743491814,-0.5078460208591327,12.901681238630655,0.0
5.105,-0.3467196363500989,-0.5302715608956226,12.728787054608867,0.0
5.11,-0.35598324778421975,-0.5554603307024597,12.5591607630739,0.0
5.115,-0.3665389657627295,-0.5809644821773303,12.392612274560793,0.0
5.12,-0.37758967452314857,-0.6073501768452269,12.229011946802482,0.0
5.125,-0.3900129565315835,-0.6338731034833305,12.067953656478677,0.0
5.13,-0.40243165733007513,-0.6599898902393107,11.908746047655702,0.0
5.135,-0.4146615338614847,-0.6879596750579348,11.75183101547075,0.0
5.14,-0.42868477275394185,-0.7182769860824028,11.597276698826994,0.0
5.1450000000000005,-0.44328176539406366,-0.7500993020211926,11.444353735856106,0.0
5.15,-0.4590273788259163,-0.7830540114626919,11.293893939699228,0.0
5.155,-0.47490052337574207,-0.8170515036914587,11.14465714791018,0.0
5.16,-0.491328776338619,-0.8543872658486052,10.997435618869579,0.0
5.165,-0.5101875544304993,-0.8922662209558447,10.853405844278786,0.0
5.17,-0.5292459661707667,-0.9320027040318158,10.710943110176432,0.0
5.175,-0.5491881024609779,-0.9729136386246595,10.57114897640028,0.0
5.18,-0.5698397507339812,-1.0168681271460738,10.433645409498167,0.0
5.1850000000000005,-0.5934925566776417,-1.0605668059826259,10.29691376254234,0.0
5.19,-0.6170473339839613,-1.1077613001006665,10.16221992962418,0.0
5.195,-0.6415328969188799,-1.156329452026652,10.030564334495091,0.0
5.2,-0.6665559680317985,-1.2079830039274657,9.90048767498966,0.0
5.205,-0.693351483398681,-1.2624059620302321,9.773522162602493,0.0
5.21,-0.7222674372700641,-1.3194108802474045,9.647557161426265,0.0
5.215,-0.7516400434161585,-1.381632789507966,9.523750941213022,0.0
5.22,-0.7833554472159021,-1.4441001865087106,9.401935361847158,0.0
5.2250000000000005,-0.8157943865450603,-1.5097978826424485,9.280544302457393,0.0
5.23,-0.8496573370850712,-1.5784473648582442,9.161556456356951,0.0
5.235,-0.8862668616312085,-1.6509757996661931,9.04533687880714,0.0
5.24,-0.925232664346533,-1.7266968147127955,8.93224370556791,0.0
5.245,-0.9647423264208701,-1.806219806993559,8.820625938580111,0.0
5.25,-1.006930212972299,-1.889406288711728,8.712368346732237,0.0
5.255,-1.0513557153228643,-1.976996591590816,8.605962890290687,0.0
5.26,-1.0976463278118775,-2.0683291634806076,8.503135439817465,0.0
5.265,-1.1455812207659546,-2.164073365491449,8.401244464854289,0.0
5.2700000000000005,-1.1960774845648308,-2.2649265822874876,8.301668873484903,0.0
5.275,-1.2507445833221813,-2.370683605642882,8.203182143429029,0.0
5.28,-1.3069591212328189,-2.482148415076903,8.109085831295921,0.0
5.285,-1.3659528341680165,-2.5983659860075496,8.017424833512385,0.0
5.29,-1.4272732027988635,-2.721250056347436,7.928140416335365,0.0
5.295,-1.4915802495242876,-2.8508076466660226,7.840550906278144,0.0
5.3,-1.5592199542362577,-2.986798065822707,7.7580260700609225,0.0
5.305,-1.6304822122683953,-3.129587273016965,7.678192805149814,0.0
5.3100000000000005,-1.7054823603594151,-3.279762420169393,7.60101958055936,0.0
5.315,-1.7843236756344598,-3.4370462853453496,7.527405236447839,0.0
5.32,-1.8665837212894227,-3.6028158639614385,7.456816555257305,0.0
5.325,-1.9535912118961218,-3.7777315444403747,7.391350525007038,0.0
5.33,-2.0460318817820635,-3.9600105677047437,7.3299264337857934,0.0
5.335,-2.1413250430801423,-4.1521421297020495,7.272749849996498,0.0
5.34,-2.2430901870886215,-4.353803891284295,7.219780193987745,0.0
5.345,-2.3496705590844105,-4.564316710101686,7.170410173485214,0.0
5.3500000000000005,-2.4609986831784685,-4.786814483607003,7.128801562037868,0.0
5.355,-2.577518808255823,-5.019032019629804,7.091298357669162,0.0
5.36,-2.6997569299809507,-5.26369672126138,7.061826609522065,0.0
5.365,-2.8270509414538347,-5.5204890098511274,7.039289422308347,0.0
5.37,-2.9606894349546016,-5.790038399868327,7.023976945439803,0.0
5.375,-3.1012790919878044,-6.071946933306557,7.01457580402277,0.0
5.38,-3.250596119423659,-6.367275777011998,7.0135081875179734,0.0
5.385,-3.4059532713426637,-6.67580277604955,7.023324031838789,0.0
5.39,-3.570889818117848,-7.000715589987632,7.043091434402142,0.0
5.3950000000000005,-3.7413803804843355,-7.339581707366274,7.074385356695472,0.0
5.4,-3.9214782991235864,-7.69333042241898,7.116327312813131,0.0
5.405,-4.110163617559529,-8.064961631877217,7.17139947514646,0.0
5.41,-4.3079737999044445,-8.45409844564154,7.243012021983952,0.0
5.415,-4.5142708976453925,-8.858608801429058,7.328381137456268,0.0
5.42,-4.731008186711723,-9.280239653710483,7.429623140844075,0.0
5.425,-4.957793436022179,-9.720769958970656,7.549061382301371,0.0
5.43,-5.195063699975303,-10.179051788094954,7.688910731574561,0.0
5.4350000000000005,-5.443903356668487,-10.656082125667314,7.85074573989029,0.0
5.44,-5.70382651134647,-11.15174737928164,8.035255665185662,0.0
5.445,-5.977218721242115,-11.666810642483947,8.245910973219999,0.0
5.45,-6.260756083432282,-12.199150836803641,8.484246373889313,0.0
5.455,-6.55750016919354,-12.749737246691923,8.753384112126316,0.0
5.46,-6.866595007677298,-13.317527941698508,9.05534742776357,0.0
5.465,-7.1892099725133525,-13.90069434659407,9.392051022590866,0.0
5.47,-7.524242401046658,-14.500017661849128,9.765856712580518,0.0
5.4750000000000005,-7.873167244173929,-15.112646802742368,10.181566527692476,0.0
5.48,-8.236168358242276,-15.738793765870895,10.64000927354373,0.0
5.485,-8.612400542831855,-16.374320891547555,11.146819028968729,0.0
5.49,-9.00007838626384,-17.018842888807608,11.703067690422209,0.0
5.495,-9.40112675637915,-17.66811338251109,12.313032183410034,0.0
5.5,-9.813168762998083,-18.318451168649187,12.980088886280516,0.0
5.505,-10.239333262367566,-18.963750968476432,13.706092401414562,0.0
5.51,-10.675146918772235,-19.599638462898433,14.493494363526972,0.0
5.515,-11.120945760891694,-20.22214156543453,15.345538639625254,0.0
5.5200000000000005,-11.575791979016088,-20.823801986407464,16.265967562292843,0.0
5.525,-12.038842641733373,-21.398786924346695,17.254118764964694,0.0
5.53,-12.507765663333252,-21.938416412742413,18.313224576040174,0.0
5.535,-12.980882738459234,-22.43393779652697,19.441137455356653,0.0
5.54,-13.453071153265823,-22.878176884731374,20.636792821662755,0.0
5.545,-13.923345914290035,-23.258608210684976,21.90120644837172,0.0
5.55,-14.389222564092629,-23.566170214184588,23.22858995237688,0.0
5.555,-14.847825282259821,-23.792486660982853,24.61494821926001,0.0
5.5600000000000005,-15.294189378067951,-23.924426588714102,26.053363322189437,0.0
5.565,-15.726175849709962,-23.95291301856224,27.535116282784532,0.0
5.57,-16.13734106191997,-23.87037985313258,29.050883452002246,0.0
5.575,-16.5235913530176,-23.665608892427592,30.58857666002179,0.0
5.58,-16.881226424980195,-23.332543069274045,32.13509744959747,0.0
5.585,-17.204269116899322,-22.86691359449631,33.6756342791013,0.0
5.59,-17.48753344809709,-22.265971833419776,35.19419121310971,0.0
5.595,-17.725745275428515,-21.525864776547607,36.66997572204441,0.0
5.6000000000000005,-17.915146363184675,-20.648539890464264,38.08871696467461,0.0
5.605,-18.05210424641404,-19.641916754554302,39.4305175473567,0.0
5.61,-18.130555271151348,-18.511590027595187,40.67802954439027,0.0
5.615,-18.150078398318414,-17.27002011635011,41.814122758430734,0.0
5.62,-18.10668857835711,-15.929831371164395,42.823233368291845,0.0
5.625,-17.998506315818922,-14.509931326504978,43.69504699112522,0.0
5.63,-17.824394272470567,-13.024534137155687,44.417016430403294,0.0
5.635,-17.582985223617413,-11.497989414472869,44.98588953492204,0.0
5.64,-17.278907901656982,-9.946332943398843,45.39698613196789,0.0
5.6450000000000005,-16.912501907140616,-8.393958378684726,45.65043167104571,0.0
5.65,-16.48548001634977,-6.860669109774564,45.75237907755115,0.0
5.655,-16.00391218235172,-5.363092424028482,45.708088060856596,0.0
5.66,-15.472747752932932,-3.920139938781119,45.527874203824716,0.0
5.665,-14.896020110815492,-2.5443126336519692,45.22462595623299,0.0
5.67,-14.27872196256429,-1.2476692788605972,44.81113783352966,0.0
5.675,-13.627394605193318,-0.04177987223454882,44.30292453324499,0.0
5.68,-12.94795248759622,1.0680384368999742,43.71475108652471,0.0
5.6850000000000005,-12.246944089605952,2.079948322141787,43.061967970358474,0.0
5.69,-11.53046768692807,2.991542493778422,42.36100131603443,0.0
5.695,-10.803625269747357,3.8056112194717695,41.62268526623199,0.0
5.7,-10.07287781133702,4.522754264074398,40.861661691381244,0.0
5.705,-9.3426635142783,5.14809995303271,40.08925259789965,0.0
5.71,-8.617420854618091,5.686293817602903,39.31375698448696,0.0
5.715,-7.902249685035436,6.14669580822096,38.54373972053536,0.0
5.72,-7.199744520964267,6.532666823858891,37.78756077150058,0.0
5.7250000000000005,-6.512740670322744,6.851598197470565,37.04800260835134,0.0
5.73,-5.843845073920494,7.114121030828928,36.33054482239703,0.0
5.735,-5.195762887165651,7.321983062319133,35.63793282974723,0.0
5.74,-4.570287384869442,7.483600207513492,34.97294666166886,0.0
5.745,-3.9665097784447947,7.6055259271615405,34.33661591939732,0.0
5.75,-3.3891002180524086,7.693293981399634,33.72846291732751,0.0
5.755,-2.8353184595713508,7.752738343111259,33.14900637187959,0.0
5.76,-2.305838793825721,7.7876331121464775,32.5983838093503,0.0
5.765,-1.8005444070307373,7.801498921616787,32.07417146284671,0.0
5.7700000000000005,-1.3207008104683169,7.798644716643919,31.574817098015995,0.0
5.775,-0.8657610807404544,7.783693286991105,31.10151583000585,0.0
5.78,-0.4333336346294652,7.758759047839792,30.655065711270993,0.0
5.785,-0.02376040790052203,7.725799237110883,30.22961774989281,0.0
5.79,0.36267696828075385,7.68724352172064,29.82608447450705,0.0
5.795,0.7286228861189199,7.645798799617687,29.44161494951159,0.0
5.8,1.074251836921315,7.60276379528048,29.07749155915252,0.0
5.805,1.3999587622201146,7.559200821170846,28.7313678261123,0.0
5.8100000000000005,1.7068632138089566,7.5163492607608955,28.401845698719665,0.0
5.815,1.9968811622414315,7.474603369981731,28.08621840899482,0.0
5.82,2.2716499808011084,7.43623123653237,27.786124595732126,0.0
5.825,2.5305165585895524,7.401267354641115,27.49909559583928,0.0
5.83,2.7752925800484025,7.370883314364289,27.22742785932091,0.0
5.835,3.0059157266849743,7.344798892268496,26.966659105157024,0.0
5.84,3.2229540625488093,7.322794690792061,26.716828626604777,0.0
5.845,3.4281446098823523,7.306734255191528,26.47923812061325,0.0
5.8500000000000005,3.6228642724860642,7.296376354194598,26.25114180721474,0.0
5.855,3.8071585709438045,7.290728216842526,26.03363040796384,0.0
5.86,3.982196568592147,7.291253532424695,25.82530768573725,0.0
5.865,4.145925889045094,7.2979379958247845,25.625282236658393,0.0
5.87,4.303691318221333,7.310085929931158,25.434090982908053,0.0
5.875,4.453713054124279,7.328154262777429,25.251720676958772,0.0
5.88,4.597524511931387,7.353019312375427,25.078534726674487,0.0
5.885,4.735226794256991,7.383936607399236,24.91267298156167,0.0
5.89,4.867360639089754,7.419250744490489,24.754922386943885,0.0
5.8950000000000005,4.994941106314668,7.461320359151411,24.605839045316554,0.0
5.9,5.118312043565479,7.508737807500068,24.46475941199078,0.0
5.905,5.2380118388480525,7.561078144784505,24.330087742525148,0.0
5.91,5.352950576120777,7.618297845749158,24.204057923484438,0.0
5.915,5.467023260514804,7.681898650103514,24.084531159608588,0.0
5.92,5.577291132967699,7.750442293364363,23.97309022389277,0.0
5.925,5.685820490185023,7.824921713428583,23.86909245033387,0.0
5.93,5.791901069013918,7.9027756395927,23.774041756184925,0.0
5.9350000000000005,5.896765619941097,7.985565498412012,23.68387419081405,0.0
5.94,6.001153921205261,8.072987606534236,23.603064472981107,0.0
5.945,6.105030319950355,8.164425338495423,23.5306539415579,0.0
5.95,6.206905601689142,8.262130605322783,23.46537416324756,0.0
5.955,6.311067200918802,8.361356699031857,23.40943421264836,0.0
5.96,6.413097606253428,8.465192849345168,23.362256610159445,0.0
5.965,6.515434187072699,8.57230336616591,23.321040033560323,0.0
5.97,6.618533649273882,8.682218088698782,23.289048819058234,0.0
5.9750000000000005,6.720651276280394,8.79608502983083,23.265604770306062,0.0
5.98,6.824181768083913,8.910454182841177,23.251044889958635,0.0
5.985,6.929461505970598,9.028449844465804,23.245791493715142,0.0
5.99,7.033381074711642,9.14891259923254,23.24880571122874,0.0
5.995,7.140656541591879,9.270234654323515,23.25852350560701,0.0
6.0,7.246305175832375,9.393328345783386,23.279557515238867,0.0
6.005,7.3539323916895265,9.517903167815492,23.30833431633964,0.0
6.01,7.461101637170866,9.642869293017505,23.346685706426868,0.0
6.015000000000001,7.570427283372308,9.768395671502802,23.394280570169272,0.0
6.0200000000000005,7.6809242282329855,9.894168210610726,23.453060065306996,0.0
6.025,7.792138255960037,10.019731637017722,23.52118468114659,0.0
6.03,7.903487519720293,10.14373615379103,23.59707386465702,0.0
6.035,8.015699755988503,10.266579998673851,23.684012897975734,0.0
6.04,8.128054041934915,10.387812321600729,23.7787260700586,0.0
6.045,8.24079228952613,10.506758843982105,23.88373388242009,0.0
6.05,8.35372337921928,10.623661692479253,23.99885325727607,0.0
6.055,8.46663365417918,10.737313405320599,24.122864394945235,0.0
6.0600000000000005,8.580709511013962,10.847176406340273,24.255344827897247,0.0
6.065,8.693601452513452,10.953160383658131,24.398762643759053,0.0
6.07,8.806537527748986,11.053743237016779,24.549229360160073,0.0
6.075,8.919220514970915,11.151052519155849,24.70760295723348,0.0
6.08,9.03019266210357,11.242840482371921,24.874477601287456,0.0
6.085,9.14065570028749,11.329572104170191,25.052563914672454,0.0
6.09,9.251520275512789,11.407773796966723,25.235309487847175,0.0
6.095,9.358680570916372,11.478317508917318,25.42592737530392,0.0
6.1000000000000005,9.464837829885248,11.540945420972438,25.62384091162589,0.0
6.105,9.56819441803967,11.596310221393097,25.82888339293175,0.0
6.11,9.670156302509794,11.643084465064051,26.03929466798405,0.0
6.115,9.768305545257906,11.678853520357324,26.25645225659225,0.0
6.12,9.864926823604513,11.706072899940628,26.477423265890316,0.0
6.125,9.956067019177592,11.72386180284479,26.702016109674396,0.0
6.13,10.044875649961629,11.73030887798872,26.93011612895455,0.0
6.135,10.127969530401305,11.726147430005366,27.160812882160783,0.0
6.140000000000001,10.209345754876907,11.711967831808616,27.39281599586852,0.0
6.1450000000000005,10.28336420255185,11.68476837464026,27.62405669685935,0.0
6.15,10.35317639786972,11.645632630854696,27.856049188859163,0.0
6.155,10.417777078304821,11.594182559361174,28.087616372310706,0.0
6.16,10.475692034681183,11.532110719638967,28.31831174631,0.0
6.165,10.527991417171446,11.45700696485973,28.544107864593926,0.0
6.17,10.573529098332632,11.371300300321913,28.766147038529184,0.0
6.175,10.614024068992089,11.272516799518174,28.983806493760493,0.0
6.18,10.646734830776994,11.164091913044444,29.195928946108545,0.0
6.1850000000000005,10.67193591368513,11.044744255632903,29.399971884239882,0.0
6.19,10.690058353939422,10.914809469694257,29.597807604862705,0.0
6.195,10.700566014495655,10.77474551470388,29.784646915598227,0.0
6.2,10.704624728404035,10.626504824922124,29.964983490083387,0.0
6.205,10.700830838415797,10.46820750036476,30.133680397891595,0.0
6.21,10.68862382958258,10.30212060870878,30.29095188513128,0.0
6.215,10.671188607736282,10.128666859310258,30.438573826951654,0.0
6.22,10.645077938185885,9.94931571636714,30.572238734478404,0.0
6.2250000000000005,10.610540023564655,9.763141939384688,30.694450531800314,0.0
6.23,10.56851806014574,9.572029233605013,30.801870079607042,0.0
6.235,10.518495301847487,9.376629874582909,30.896726840721154,0.0
6.24,10.46188231654976,9.178012224307007,30.97872737287898,0.0
6.245,10.398306961170062,8.976861953273177,31.045908225499034,0.0
6.25,10.328339506248017,8.773891761161886,31.099532833858134,0.0
6.255,10.249896107374738,8.570241817321298,31.13813939110497,0.0
6.26,10.166690263073368,8.367077212802208,31.1629254299443,0.0
6.265000000000001,10.076436697489196,8.164005958545937,31.174018969535858,0.0
6.2700000000000005,9.979498292776727,7.962383759156832,31.168885134712134,0.0
6.275,9.87989184490868,7.76392692257558,31.151779839071246,0.0
6.28,9.77308320358848,7.568852361628531,31.120019111035244,0.0
6.285,9.66322472686979,7.378341485310602,31.07551444480575,0.0
6.29,9.54818275959683,7.191805928165543,31.016605181989,0.0
6.295,9.430371488558595,7.012437244393642,30.946594811315155,0.0
6.3,9.308665618655057,6.83844578755046,30.86499207245464,0.0
6.305,9.184162626655862,6.670752763758991,30.771525587770547,0.0
6.3100000000000005,9.058459813342562,6.508695172684632,30.6680297330875,0.0
6.315,8.930864888958475,6.354976100821077,30.553662916506926,0.0
6.32,8.801504214020035,6.209597037172354,30.430622399499182,0.0
6.325,8.671969308797637,6.071722994510626,30.29771671078166,0.0
6.33,8.541050292474608,5.943057379565917,30.155965796362047,0.0
6.335,8.409669089017891,5.820767691984572,30.00836157892859,0.0
6.34,8.280224415695,5.706422674218086,29.853819771748007,0.0
6.345,8.152898163215262,5.600460786895685,29.692339399799188,0.0
6.3500000000000005,8.023705426946213,5.50437452097663,29.52501152216666,0.0
6.355,7.897749740542801,5.4151737200907295,29.352614613601855,0.0
6.36,7.772962220763813,5.334448975230901,29.175844801696126,0.0
6.365,7.651813110340208,5.261203194443493,28.9942561133715,0.0
6.37,7.532257376478916,5.19581155280019,28.808188493119832,0.0
6.375,7.41444598792667,5.13982360046624,28.619637353762915,0.0
6.38,7.301029236356325,5.091027110767254,28.428906593628547,0.0
6.385,7.190157871658344,5.050443017892039,28.234046869393904,0.0
6.390000000000001,7.081692383808492,5.018460691127027,28.038269569597315,0.0
6.3950000000000005,6.979870607393173,4.991695904452424,27.842132438338158,0.0
6.4,6.881238140800035,4.9732086227794845,27.643471237013646,0.0
6.405,6.785906505229722,4.961016498133122,27.445840316617076,0.0
6.41,6.694718517732523,4.954785363587417,27.247206187624457,0.0
6.415,6.608075198967727,4.956541266092952,27.049821822033916,0.0
6.42,6.5243699975445555,4.96308391004772,26.85338920121125,0.0
6.425,6.446333050992959,4.974744676738714,26.65685201458153,0.0
6.43,6.372336080352921,4.99342600154096,26.460501703309237,0.0
6.4350000000000005,6.304114113716552,5.018573970218941,26.266286177918545,0.0
6.44,6.239692127174171,5.048926216799868,26.073760298736804,0.0
6.445,6.180272270798216,5.082658450492365,25.883277824563017,0.0
6.45,6.124676761130103,5.122457769631398,25.695988999630217,0.0
6.455,6.075266018320511,5.166740696599456,25.511816639896683,0.0
6.46,6.030247140837312,5.215355789962902,25.327545613951465,0.0
6.465,5.990043105837221,5.269912083779998,25.147831524625666,0.0
6.47,5.95442238212079,5.329543442178703,24.970186579959194,0.0
6.4750000000000005,5.923036402338735,5.393442426831538,24.796143896908156,0.0
6.48,5.896638373266537,5.462860967853959,24.625168315042067,0.0
6.485,5.8761447440805705,5.5356194443412114,24.45774468107843,0.0
6.49,5.859393401882292,5.612214067543584,24.29360947227372,0.0
6.495,5.847577214834102,5.69301080328016,24.134225860311226,0.0
6.5,5.840272487421515,5.777035108268021,23.979598292389397,0.0
6.505,5.836897813247175,5.866079477677816,23.82825667447816,0.0
6.51,5.83924446142448,5.957358240184082,23.682778278820276,0.0
6.515000000000001,5.846226449174539,6.052511115265843,23.54086776382365,0.0
6.5200000000000005,5.856765024025044,6.152620719171907,23.404245377685385,0.0
6.525,5.8711046722448215,6.257275505821786,23.273619394937345,0.0
6.53,5.8908543177398895,6.363052249784163,23.146350490011418,0.0
6.535,5.914125234067372,6.474347209320323,23.025913563745508,0.0
6.54,5.941520499411117,6.591412500886896,22.91024851533014,0.0
6.545,5.975153759181515,6.70961320095649,22.800922804661617,0.0
6.55,6.010908454863218,6.831350856772665,22.696669295141263,0.0
6.555,6.050919954778412,6.957301964625504,22.599179863149274,0.0
6.5600000000000005,6.095460240558039,7.08611190615666,22.50867257637323,0.0
6.565,6.145851500422288,7.217224312553725,22.423403045840875,0.0
6.57,6.198977983699273,7.3523694072370285,22.346519760377348,0.0
6.575,6.255820786073461,7.491781337155813,22.27676149907401,0.0
6.58,6.3181083268014815,7.634739703279205,22.21379796362785,0.0
6.585,6.384028856251554,7.779596947055728,22.158861349058864,0.0
6.59,6.453943798702323,7.927582317872799,22.112238286443333,0.0
6.595,6.528444507210773,8.077690529803768,22.07333184572292,0.0
6.6000000000000005,6.607289443895216,8.231076378555633,22.043253889642816,0.0
6.605,6.689581487827622,8.386580725842459,22.020347211920708,0.0
6.61,6.774187364252636,8.54555807473996,22.008492206777742,0.0
6.615,6.86276412393756,8.705248480651921,22.00664723727136,0.0
6.62,6.955633712328842,8.867463284924023,22.012312324190606,0.0
6.625,7.050476900792292,9.031756329444159,22.027970052011902,0.0
6.63,7.149746385571921,9.196335530031018,22.05214053796766,0.0
6.635,7.252909915844403,9.362273192361096,22.087377051716132,0.0
6.640000000000001,7.3576914375196125,9.530394292464997,22.131746326799327,0.0
6.6450000000000005,7.467009138997998,9.697723689134088,22.187594540212547,0.0
6.65,7.579477634587387,9.867351142315144,22.25387996875773,0.0
6.655,7.694734829891614,10.035334745187829,22.331525789660798,0.0
6.66,7.811747695264263,10.202235357738179,22.41978560183975,0.0
6.665,7.931244945623831,10.369461504939233,22.51851988583892,0.0
6.67,8.051962157480606,10.535969741876805,22.629094121441057,0.0
6.675,8.176098485269417,10.699360545381413,22.751516985185177,0.0
6.68,8.303170255251468,10.860875809982748,22.885652364304985,0.0
6.6850000000000005,8.430886583457763,11.018477534805369,23.030708278209364,0.0
6.69,8.561133652257817,11.173760769613082,23.187994418404504,0.0
6.695,8.69283040174097,11.324788324442348,23.357260851701405,0.0
6.7,8.825120263831822,11.470269137014835,23.536639526481302,0.0
6.705,8.956476977973916,11.610777586282722,23.729840739446278,0.0
6.71,9.089560541530147,11.744432784820978,23.933265043387937,0.0
6.715,9.221515349119397,11.87179534877602,24.14783692084634,0.0
6.72,9.353277091204204,11.990208721134927,24.373330547038428,0.0
6.7250000000000005,9.483953208748282,12.099159230368787,24.60797784135802,0.0
6.73,9.614776149518452,12.198689133664532,24.85365721262997,0.0
6.735,9.744112871684274,12.289419373873747,25.109890021289562,0.0
6.74,9.871484685727431,12.369557300661,25.37334465053293,0.0
6.745,9.995689486871512,12.437501849003525,25.645002178492554,0.0
6.75,10.118669386580367,12.49233659420609,25.922867958952377,0.0
6.755,10.238268063565055,12.53527476028565,26.209145661465936,0.0
6.76,10.353496943010233,12.564234894349665,26.500728934469937,0.0
6.765000000000001,10.463304403562265,12.58092288726662,26.79706889616038,0.0
6.7700000000000005,10.568643094053265,12.580391482884387,27.096848091303173,0.0
6.775,10.668778884641517,12.564358107129246,27.401071161108334,0.0
6.78,10.763890920235728,12.533239869696416,27.705699229783402,0.0
6.785,10.852522256199668,12.486732340655603,28.01096176504689,0.0
6.79,10.93428480385752,12.423990815416818,28.314177195439992,0.0
6.795,11.008486333824164,12.34401089710433,28.61583121966168,0.0
6.8,11.076578764088028,12.249610786778504,28.91363290902532,0.0
6.805,11.135197916617056,12.137076356336081,29.206566709590327,0.0
6.8100000000000005,11.185233178607467,12.008753117260762,29.49193817823543,0.0
6.815,11.227208725273455,11.865475616594097,29.769804779921635,0.0
6.82,11.259176566948677,11.706903519370018,30.038155107696717,0.0
6.825,11.281596931525327,11.53360770167755,30.29635880584197,0.0
6.83,11.29391833916194,11.345033679427168,30.542609725593323,0.0
6.835,11.29741489533991,11.145352648331922,30.774675635209675,0.0
6.84,11.29008335007913,10.932204986833407,30.99509360950041,0.0
6.845,11.271998386039071,10.708766402739606,31.199079767045347,0.0
6.8500000000000005,11.243180311384728,10.47489494318078,31.385870942516103,0.0
6.855,11.2056892060059,10.231597560254936,31.555496745956553,0.0
6.86,11.156557372609074,9.98166413161787,31.708538705718503,0.0
6.865,11.096402137457464,9.724592730353807,31.841774721433275,0.0
6.87,11.027319528886096,9.462618924842426,31.956012158346823,0.0
6.875,10.949525987015148,9.19749382075889,32.051455398143816,0.0
6.88,10.862303542385206,8.929570662081007,32.12808913448017,0.0
6.885,10.765710272395385,8.661707869522596,32.18325221772744,0.0
6.890000000000001,10.660631659092589,8.394400299990451,32.22106224921349,0.0
6.8950000000000005,10.546597760366344,8.128052264878203,32.23783382446598,0.0
6.9,10.426095557822228,7.863618189608175,32.235545671920995,0.0
6.905,10.298203085581838,7.602943245570103,32.21512653098915,0.0
6.91,10.162982189241413,7.3476894441701415,32.177378619232464,0.0
6.915,10.021622621859319,7.099229444827791,32.12226479087338,0.0
6.92,9.875347401575576,6.857546805063412,32.048672862290665,0.0
6.925,9.72562993274651,6.6234517454035045,31.958362098541325,0.0
6.93,9.57078745633335,6.3990461396298395,31.854319625106154,0.0
6.9350000000000005,9.411123608073732,6.181511428843876,31.735821437505507,0.0
6.94,9.250389028957704,5.976066899875922,31.603406189922875,0.0
6.945,9.085339534413972,5.78058140147961,31.457794512150876,0.0
6.95,8.919582395550265,5.594928963011809,31.30130836775007,0.0
6.955,8.75342864265553,5.4196050896203785,31.133515769243964,0.0
6.96,8.586566712607027,5.255612006574901,30.956067860665826,0.0
6.965,8.418916627763005,5.102557279595212,30.7686354081473,0.0
6.97,8.252950040780709,4.960647041300887,30.573621234303324,0.0
6.9750000000000005,8.087552543245057,4.829938886988899,30.370663566538717,0.0
6.98,7.9248920370238745,4.710183596724217,30.160844959455147,0.0
6.985,7.764771096588643,4.600947729853326,29.946492908440298,0.0
6.99,7.607395417457133,4.503116999925324,29.726507410953374,0.0
6.995,7.45236237346722,4.415164451932421,29.500741523000908,0.0
7.0,7.300047601704279,4.337437007110678,29.272228009491176,0.0
7.005,7.152482448622087,4.269836785173886,29.03987086542966,0.0
7.01,7.009080695375274,4.212662356983353,28.80556183458353,0.0
7.015000000000001,6.871114609143514,4.163106003902179,28.569932820878627,0.0
7.0200000000000005,6.736279118732946,4.124007710720294,28.330489270098507,0.0
7.025,6.60611232629876,4.092995667661451,28.09181620053965,0.0
7.03,6.479962720773216,4.071318680970259,27.853265759847787,0.0
7.035,6.359207893881731,4.0550414747150505,27.613302953191177,0.0
7.04,6.2439881700442355,4.0468070427868374,27.375013177392265,0.0
7.045,6.133360333866779,4.046365364320411,27.136521232630294,0.0
7.05,6.028929896532941,4.052698387767621,26.89798830580773,0.0
7.055,5.929064817094613,4.066103973112796,26.661401254194438,0.0
7.0600000000000005,5.835384597213588,4.085259063108392,26.42711907981404,0.0
7.065,5.747676352130209,4.109298733889463,26.193496941678294,0.0
7.07,5.66616781764969,4.140572037118906,25.962633512562803,0.0
7.075,5.590035164278262,4.176524250090329,25.733738272251045,0.0
7.08,5.519020560717457,4.21907125565139,25.508114988351654,0.0
7.085,5.45490763793075,4.266798780853928,25.283861319378882,0.0
7.09,5.396227992353337,4.319011918084101,25.062288292575232,0.0
7.095,5.343060348294317,4.376674017925134,24.845369449809372,0.0
7.1000000000000005,5.294126187433267,4.439605033787178,24.631313213466676,0.0
7.105,5.250806056119096,4.50560160680519,24.42052470054437,0.0
7.11,5.212232676080834,4.578132226102617,24.212743340965424,0.0
7.115,5.182054036333875,4.653855888501751,24.009695740091473,0.0
7.12,5.155919119553991,4.734039493852845,23.809846523651245,0.0
7.125,5.134303940370527,4.8182819524366325,23.61484520749056,0.0
7.13,5.118437832475921,4.907613539386011,23.4226610068535,0.0
7.135,5.107716771961215,5.0002260722916425,23.23559018791768,0.0
7.140000000000001,5.101727822435424,5.096566419020761,23.052844045419217,0.0
7.1450000000000005,5.10199818614505,5.197803855465628,22.87576464548361,0.0
7.15,5.107268385132527,5.302633134280732,22.703025505919925,0.0
7.155,5.117565086163913,5.410215460724157,22.53507068181638,0.0
7.16,5.131067766728994,5.523200871431711,22.371763231223696,0.0
7.165,5.151212445666148,5.640789095604506,22.21432483380547,0.0
7.17,5.174817526545045,5.760357991204571,22.064510015211162,0.0
7.175,5.205112002622205,5.884898863747798,21.920315277436323,0.0
7.18,5.239327988412775,6.01385454423823,21.779674002091124,0.0
7.1850000000000005,5.277886456596089,6.146097490233182,21.646467321586982,0.0
7.19,5.320574941455007,6.28334920941005,21.51970965619724,0.0
7.195,5.370081591262552,6.424986871143423,21.399057180173337,0.0
7.2,5.4221428832301735,6.5702751328429265,21.28583752322178,0.0
7.205,5.480770196959567,6.718861971000903,21.179299566683415,0.0
7.21,5.541012809214683,6.872348723596878,21.080898420384624,0.0
7.215,5.605399898328128,7.028979592887377,20.98972554965263,0.0
7.22,5.677001098242373,7.190226074048892,20.907208179450016,0.0
7.2250000000000005,5.752393673270694,7.3539667623148715,20.833495868519243,0.0
7.23,5.8323139109371755,7.522567356804063,20.767242719708,0.0
7.235,5.916981300255276,7.696053981742022,20.708077124826445,0.0
7.24,6.006508708404538,7.87515991636855,20.660891190152892,0.0
7.245,6.099844034429795,8.055734265430045,20.62289556158792,0.0
7.25,6.197387306212081,8.240667314315008,20.59364599678215,0.0
7.255,6.299451991885975,8.429105722974716,20.572772656553433,0.0
7.26,6.406520443426058,8.621775581727793,20.564732322177754,0.0
7.265000000000001,6.516493244539581,8.816220388165954,20.565728463560152,0.0
7.2700000000000005,6.63136017194183,9.01366870090248,20.57809618710759,0.0
7.275,6.751208226967585,9.214757825525076,20.60236381069901,0.0
7.28,6.873288502092534,9.41870834763337,20.638214906060146,0.0
7.285,7.0008667951554875,9.623813240552499,20.68678103308397,0.0
7.29,7.133556192997459,9.829962352533105,20.747059260543775,0.0
7.295,7.2676635303212525,10.039238398091587,20.821837346989163,0.0
7.3,7.4051271680478346,10.250313190456547,20.90848173797836,0.0
7.305,7.5472335802587995,10.461077953527615,21.008504868331197,0.0
7.3100000000000005,7.692852145326533,10.673637758594516,21.123906174744437,0.0
7.315,7.841434637607521,10.884887621381454,21.252866572862203,0.0
7.32,7.994052579885218,11.095961912853117,21.39556301072534,0.0
7.325,8.150068283395102,11.30504572168564,21.553746089985502,0.0
7.33,8.307625688600224,11.510737620663663,21.728329405239002,0.0
7.335,8.466887328169413,11.713987182791557,21.917304739235703,0.0
7.34,8.629725625288271,11.912280839824025,22.120172683667022,0.0
7.345,8.794977323822149,12.106179812571265,22.33789006540688,0.0
7.3500000000000005,8.960894220162912,12.295068260034153,22.571674486580495,0.0
7.355,9.12695819254952,12.477532957925742,22.82295941726599,0.0
7.36,9.293006791018657,12.651634443220157,23.087261505421626,0.0
7.365,9.460986321692946,12.815523391988103,23.36722131620194,0.0
7.37,9.627817942057105,12.971039959334673,23.661154971702636,0.0
7.375,9.79408446342157,13.114947899004465,23.969646183278297,0.0
7.38,9.959722629912742,13.247118883096547,24.29240258643396,0.0
7.385,10.124713662695342,13.365265602540862,24.629458592295002,0.0
7.390000000000001,10.287133251606212,13.469199436600018,24.976989912400597,0.0
7.3950000000000005,10.446330902392702,13.555668931313651,25.336091646524846,0.0
7.4,10.60159187411136,13.627920057482104,25.706551562748675,0.0
7.405,10.752981250424316,13.681586766778453,26.08564380272121,0.0
7.41,10.899413769044184,13.715977732166982,26.473542020570747,0.0
7.415,11.040359370435066,13.730201894120565,26.866881715268626,0.0
7.42,11.17485477505946,13.724724341773452,27.267582208616783,0.0
7.425,11.30277202443382,13.697665989413967,27.67111398698874,0.0
7.43,11.422437646528486,13.64849763739811,28.07629588369291,0.0
7.4350000000000005,11.533460329914961,13.576060673837977,28.482019441526116,0.0
7.44,11.635104295941709,13.47996669027647,28.88450544397906,0.0
7.445,11.727455465992065,13.361225772932201,29.283785123293114,0.0
7.45,11.8089217198208,13.21955107551593,29.676297285094794,0.0
7.455,11.880612445016272,13.055186347095972,30.061418938966398,0.0
7.46,11.939260736147656,12.868549571658475,30.436442447479532,0.0
7.465,11.986253843938064,12.6584253788428,30.799666011534637,0.0
7.47,12.019648370906253,12.428805179249547,31.148448764418955,0.0
7.4750000000000005,12.040561089415572,12.177101835861365,31.480691946634757,0.0
7.48,12.04688787461474,11.90584908612018,31.79466155567371,0.0
7.485,12.040562650244057,11.616764594116603,32.08866302215749,0.0
7.49,12.019191128192023,11.313493597014824,32.36153906641007,0.0
7.495,11.983948634018569,10.994583823041395,32.60883631776633,0.0
7.5,11.935599360565334,10.662925545169468,32.8334805011614,0.0
7.505,11.871749917769023,10.32154101316752,33.03096569803904,0.0
7.51,11.794498210559949,9.971338996117394,33.20209690272024,0.0
7.515000000000001,11.704338951390149,9.614545677838649,33.34766232812991,0.0
7.5200000000000005,11.599632700992142,9.254451869844361,33.46623675785874,0.0
7.525,11.482082412727998,8.891111530788244,33.55773157512262,0.0
7.53,11.353176381436503,8.527919402810051,33.620929463029356,0.0
7.535,11.211902330295265,8.167027188156217,33.656232311064095,0.0
7.54,11.058534991848326,7.809295603129546,33.66482239399186,0.0
7.545,10.896236921768198,7.457720535788134,33.647379022729105,0.0
7.55,10.725115571318302,7.113976698768269,33.60531163724009,0.0
7.555,10.544119457402811,6.777204896150507,33.537849691314285,0.0
7.5600000000000005,10.356465477853607,6.451111839923487,33.44757403513626,0.0
7.565,10.16155003445595,6.136961283694133,33.335612201301586,0.0
7.57,9.961236995893163,5.835507196122634,33.20328837834234,0.0
7.575,9.75492753013494,5.549311971124745,33.04937235091966,0.0
7.58,9.5447575315381,5.275535135260244,32.87808296640121,0.0
7.585,9.331457119629661,5.015865704238024,32.69171184102152,0.0
7.59,9.116327009842054,4.770343306099653,32.48822696681719,0.0
7.595,8.89927438742373,4.542695704855718,32.27223300563644,0.0
7.6000000000000005,8.680997468696697,4.329480525417154,32.042947360379564,0.0
7.605,8.461929993879018,4.131900545340937,31.80513798635127,0.0
7.61,8.245164460085777,3.949915184168378,31.556968703301038,0.0
7.615,8.030030756524678,3.7833286425875183,31.29920110946026,0.0
7.62,7.817090149922231,3.632470612563779,31.03310347061691,0.0
7.625,7.6069466455800665,3.4955506138581307,30.762291573280017,0.0
7.63,7.401691964565789,3.372153323554042,30.48504969894214,0.0
7.635,7.201158682707561,3.2622629020314435,30.20322870296567,0.0
7.640000000000001,7.004445992134374,3.167995368970478,29.919352564965333,0.0
7.6450000000000005,6.813592461319086,3.0860645012218675,29.631194645333863,0.0
7.65,6.627704745298974,3.0149276624761,29.340613649018938,0.0
7.655,6.448541030846301,2.9552920713810207,29.048164532456376,0.0
7.66,6.274743262544899,2.9071643994024687,28.755791681259282,0.0
7.665,6.106691584793209,2.868447183967398,28.462631995325527,0.0
7.67,5.945094977810565,2.840035568781705,28.170280986563718,0.0
7.675,5.790195400403602,2.8216153719982127,27.878925083045598,0.0
7.68,5.64262760360712,2.811083019802078,27.58834630984995,0.0
7.6850000000000005,5.500482033582316,2.8082675322680988,27.298639615748293,0.0
7.69,5.365780177627617,2.8135671171079184,27.012426902102305,0.0
7.695,5.239059642074077,2.825869605635789,26.728510340183586,0.0
7.7,5.119221550379184,2.845074844886951,26.446919582224456,0.0
7.705,5.005126096186807,2.87035623138939,26.16663287698222,0.0
7.71,4.898298122654318,2.902208591957635,25.888546945092276,0.0
7.715,4.797715302979656,2.9394915876994077,25.614793630435084,0.0
7.72,4.704401104103609,2.9818466869283955,25.34262329844739,0.0
7.7250000000000005,4.618256725266245,3.0294025741058723,25.073896762794377,0.0
7.73,4.538581242383583,3.0830694849677367,24.809045672195406,0.0
7.735,4.463412050395421,3.140554617143749,24.54811467930236,0.0
7.74,4.39732608229156,3.202943258604545,24.2899899081808,0.0
7.745,4.338280127571984,3.267544177289397,24.036480624426197,0.0
7.75,4.284154195325442,3.336823606073657,23.786133428694995,0.0
7.755,4.238019514813019,3.4108994810078337,23.54034828622582,0.0
7.76,4.196478691701673,3.4891083583410207,23.29853752644284,0.0
7.765000000000001,4.160511368491896,3.570019289834373,23.062011972031232,0.0
7.7700000000000005,4.131481750873629,3.653235653224975,22.829877802624118,0.0
7.775,4.107164848169655,3.7414153297178414,22.601781020956942,0.0
7.78,4.089922974057714,3.832547647177096,22.37671535226346,0.0
7.785,4.076826148035731,3.9294575410193207,22.155912735004954,0.0
7.79,4.069831522802601,4.029946153538042,21.941005134570567,0.0
7.795,4.067704399605187,4.132816920482585,21.7295973955627,0.0
7.8,4.070324317131766,4.240617482677764,21.52462151513483,0.0
7.805000000000001,4.0793490125188185,4.350459299142258,21.323038819916565,0.0
7.8100000000000005,4.092069718320128,4.465923783881583,21.127646346045392,0.0
7.815,4.111521214774427,4.585208485360443,20.937295121955245,0.0
7.82,4.136130931172046,4.707425660045831,20.753458428273238,0.0
7.825,4.164760100165815,4.832071141500137,20.57435542153131,0.0
7.83,4.198186541807255,4.961115616997212,20.400097859988215,0.0
7.835,4.2375871489918735,5.096366352819743,20.23188296633375,0.0
7.84,4.280541273209788,5.235722799361001,20.069914368800806,0.0
7.845,4.327933140782241,5.379681553543027,19.91457815256552,0.0
7.8500000000000005,4.380210384472785,5.5284719182201485,19.764441948093165,0.0
7.855,4.438670053264974,5.680937240792194,19.62160787379965,0.0
7.86,4.499665217747122,5.838135926581303,19.48487120625834,0.0
7.865,4.567540935552175,5.999502543441185,19.356150310344926,0.0
7.87,4.6391625313118,6.166386444748421,19.234635413124206,0.0
7.875,4.715165320945004,6.339467318338688,19.121073071213498,0.0
7.88,4.79570009684752,6.516117943021202,19.015549711560958,0.0
7.885,4.8804154230783965,6.699042737052709,18.917017199626187,0.0
7.890000000000001,4.971704808811913,6.8884889163800285,18.82669979000766,0.0
7.8950000000000005,5.0680209060120704,7.08319594953127,18.747322408397697,0.0
7.9,5.169216900697547,7.282028263248779,18.67602487189586,0.0
7.905,5.274221085003024,7.486662484210376,18.615280884189282,0.0
7.91,5.383918125623993,7.695749870703394,18.564693547514906,0.0
7.915,5.498876450586744,7.911149332555815,18.524859892008905,0.0
7.92,5.6200388946456385,8.132420286416428,18.496159148171476,0.0
7.925,5.7448012558253465,8.359860610310331,18.478092688564008,0.0
7.930000000000001,5.876447582528706,8.591602452440396,18.471104937264528,0.0
7.9350000000000005,6.01176278475547,8.827567424007674,18.478549785334277,0.0
7.94,6.15378311394527,9.069278554818665,18.49717759072467,0.0
7.945,6.299597387040502,9.317513751991035,18.530064748632807,0.0
7.95,6.450248251691096,9.56888798699212,18.576820665761037,0.0
7.955,6.604864910421294,9.825552963721615,18.637259594310848,0.0
7.96,6.7664870519979035,10.085975118839801,18.713938490311254,0.0
7.965,6.933843767750595,10.349798219210234,18.80638982158492,0.0
7.97,7.105700457287704,10.615422023154508,18.91353119143628,0.0
7.9750000000000005,7.280727356584411,10.88539139522824,19.03876308380944,0.0
7.98,7.460477886800088,11.15560669062909,19.180853770680606,0.0
7.985,7.645485151583387,11.428604607400352,19.341875862716417,0.0
7.99,7.833823921625035,11.70116122796945,19.520975732159734,0.0
7.995,8.026685455178447,11.974853340973139,19.718641256120073,0.0
8.0,8.224040341246019,12.246678905351613,19.937525818653146,0.0
8.005,8.42429076889611,12.517556798975324,20.175420637704146,0.0
8.01,8.628889456015024,12.78454625499609,20.434810767308875,0.0
8.015,8.837429036793656,13.046904861967944,20.71396823037359,0.0
8.02,9.047530139592075,13.304067495286285,21.01422534529642,0.0
8.025,9.259983046292414,13.554079504518553,21.336273797174144,0.0
8.03,9.47426284758858,13.794877938000297,21.678261429018413,0.0
8.035,9.690684828656188,14.024812542543845,22.042773728616176,0.0
8.040000000000001,9.90806814188423,14.243830997454726,22.428446633864883,0.0
8.045,10.124327002300522,14.448539021768239,22.834389790022538,0.0
8.05,10.340170324258786,14.637393081388957,23.261765212681006,0.0
8.055,10.555142184548252,14.808320529710862,23.70742336995077,0.0
8.06,10.767640792480488,14.960476335128766,24.173382804647186,0.0
8.065,10.977780763033993,15.091475952941053,24.65706238124902,0.0
8.07,11.18410957128888,15.199288727851608,25.15600187726937,0.0
8.075,11.383782969064546,15.28300732496382,25.670288125025856,0.0
8.08,11.578871682806074,15.33817330929621,26.197939866714385,0.0
8.085,11.767089293214418,15.364879941724089,26.7373558495131,0.0
8.09,11.947381187656282,15.36333120485935,27.286420291511423,0.0
8.095,12.118126181168137,15.328315416087596,27.83931316799391,0.0
8.1,12.27938833987422,15.261311634545057,28.395421177223774,0.0
8.105,12.429352282785048,15.162041353751254,28.95378152964048,0.0
8.11,12.565007217849493,15.027499289157415,29.51015949909565,0.0
8.115,12.688780807736116,14.857604716647254,30.061191511067296,0.0
8.120000000000001,12.798630694667287,14.652185889518943,30.603428879925108,0.0
8.125,12.890177748363813,14.411968427573997,31.13345817715269,0.0
8.13,12.965814003401972,14.13747492836205,31.647148688339463,0.0
8.135,13.023977158666627,13.830127379551296,32.14232949259544,0.0
8.14,13.064307405319067,13.492305976093895,32.61398517666144,0.0
8.145,13.087649686942477,13.122197648266335,33.06056184515179,0.0
8.15,13.089610038773678,12.724681643574735,33.478636476362425,0.0
8.155,13.071823887797565,12.302210907220331,33.86412164472241,0.0
8.16,13.032042896206152,11.856656143241214,34.2161062671739,0.0
8.165000000000001,12.972893918128358,11.39254886452149,34.53243559616627,0.0
8.17,12.89444197615977,10.9116530227832,34.81175509596755,0.0
8.175,12.795819317117854,10.417631817461224,35.051539290939736,0.0
8.18,12.677304787686683,9.915369276586222,35.25078345463316,0.0
8.185,12.539693881177378,9.406079631620097,35.409288027369,0.0
8.19,12.382815009161384,8.894100446251871,35.52581634204046,0.0
8.195,12.208595439626132,8.382914477518923,35.60269025863644,0.0
8.2,12.0167938140637,7.877735919948227,35.64014066232866,0.0
8.205,11.811152498792591,7.379085724047515,35.63890075667445,0.0
8.21,11.5894945696563,6.890385833197035,35.6000920608071,0.0
8.215,11.353628489040148,6.415349947089555,35.52392984411482,0.0
8.22,11.106175743212285,5.955084288304246,35.41424775701757,0.0
8.225,10.849047321604775,5.51339640278832,35.27358830850368,0.0
8.23,10.582183150729872,5.090182231108072,35.10332093979769,0.0
8.235,10.3070407419196,4.688777427091585,34.905540693146236,0.0
8.24,10.025260401049088,4.308951765181584,34.68302677020152,0.0
8.245000000000001,9.740154205487123,3.951897773346804,34.43650520410434,0.0
8.25,9.45073521152825,3.620513076711471,34.1699180700116,0.0
8.255,9.158344087788352,3.310880722940437,33.885257559723755,0.0
8.26,8.865801716137865,3.025011989003917,33.584259930849065,0.0
8.265,8.573127804267557,2.7630590683866902,33.269607177830096,0.0
8.27,8.28252968210229,2.522292562027436,32.945267938342056,0.0
8.275,7.995570374430095,2.305413717054968,32.6093062348652,0.0
8.28,7.710370061183593,2.1104175296430214,32.2651138139563,0.0
8.285,7.430197584643159,1.9348228969152477,31.916574034691507,0.0
8.290000000000001,7.155373663521189,1.7801433430072935,31.562503420475405,0.0
8.295,6.887540173789331,1.6427225617061962,31.204652144032966,0.0
8.3,6.62576425530588,1.5245605108715956,30.84621870979612,0.0
8.305,6.370769871507597,1.4225201701053365,30.485725805798765,0.0
8.31,6.1242790923213475,1.3361967288785348,30.12423058274724,0.0
8.315,5.883196708844457,1.2653428998904142,29.76335689398236,0.0
8.32,5.652570331718784,1.207690091254442,29.404013928548128,0.0
8.325,5.429421145063929,1.1619016576927572,29.046489758138513,0.0
8.33,5.215048013998947,1.1259671907605222,28.69025084257647,0.0
8.335,5.010881704365212,1.102564414653394,28.33636036030928,0.0
8.34,4.8150351887608345,1.0880111883739632,27.986041408321093,0.0
8.345,4.628851712727641,1.0837197150756237,27.637072211651738,0.0
8.35,4.452306406824258,1.086633309902276,27.29294879701676,0.0
8.355,4.285172343271489,1.0973118677041596,26.953865960933033,0.0
8.36,4.125946855021062,1.1140587404053748,26.618274515277893,0.0
8.365,3.9752606576650353,1.137715466799471,26.28641758925098,0.0
8.370000000000001,3.833079231775191,1.1660793720381954,25.958653155874305,0.0
8.375,3.699453775251686,1.1992790656991321,25.633988867597676,0.0
8.38,3.574352890018078,1.2372897193504802,25.314193479218787,0.0
8.385,3.4583645215949947,1.2790330814847084,24.998215615238514,0.0
8.39,3.3496513266956467,1.3247396141152936,24.68688758144547,0.0
8.395,3.2490018856971097,1.3735987363756617,24.37996979922096,0.0
8.4,3.1554141903883792,1.4252675673750979,24.07556562795094,0.0
8.405,3.068251252682019,1.4799968765370257,23.777054415170593,0.0
8.41,2.98847477060397,1.5388811032132472,23.48419138408084,0.0
8.415000000000001,2.9158547940593667,1.5980549134455437,23.193726116866884,0.0
8.42,2.848534109102987,1.6603500737064674,22.906771319262315,0.0
8.425,2.7889996178259038,1.7237763011918348,22.625249375477612,0.0
8.43,2.7365737040859703,1.7888740471121076,22.347305652664208,0.0
8.435,2.690079198783541,1.8580077880754535,22.074903148405,0.0
8.44,2.647655645046973,1.9285693872318836,21.806025579364828,0.0
8.445,2.611604667846701,2.0019981242503038,21.540473734678933,0.0
8.45,2.5805728779934975,2.076310598825422,21.279372324954014,0.0
8.455,2.555167785169098,2.15283145679171,21.021702743870758,0.0
8.46,2.534786167826255,2.2315174100698436,20.76909739264002,0.0
8.465,2.518600965030722,2.3127224367529555,20.5196463716957,0.0
8.47,2.508082941243886,2.3959457003796705,20.275256185281396,0.0
8.475,2.5022755640855165,2.480272112101088,20.035333150419554,0.0
8.48,2.5011218146627026,2.5671662243528033,19.79977579608554,0.0
8.485,2.5041928758629193,2.65583931443078,19.568590108490458,0.0
8.49,2.513214689837347,2.748780285199134,19.340905090820428,0.0
8.495000000000001,2.5237101580180785,2.843478741844862,19.116325458200638,0.0
8.5,2.539862448463236,2.9418536307111687,18.89820551437966,0.0
8.505,2.5593650593380803,3.043054749642943,18.683932513014827,0.0
8.51,2.583841418366736,3.146666378200109,18.474013792369178,0.0
8.515,2.6124959738812494,3.2540106059777276,18.267636589320663,0.0
8.52,2.6433233099572426,3.364880549066931,18.06616435680102,0.0
8.525,2.6807037207772058,3.478624477614027,17.868518973441137,0.0
8.53,2.719810356438036,3.5968911009873357,17.67594514319385,0.0
8.535,2.763726777149725,3.7186719170603255,17.488403102553093,0.0
8.540000000000001,2.8118762635507037,3.844942414109806,17.30694239779157,0.0
8.545,2.8637190867918814,3.977390670464383,17.130411649377827,0.0
8.55,2.918158941303864,4.1125026777899,16.959188920263628,0.0
8.555,2.977095479851469,4.25281348562614,16.793742793829956,0.0
8.56,3.0396643005356747,4.3979485472633995,16.633206410531987,0.0
8.565,3.1067936178301734,4.547646400397975,16.47840609234105,0.0
8.57,3.1791394347951654,4.702282972777048,16.328842208063477,0.0
8.575000000000001,3.2549784704624063,4.864083238142518,16.18593325066378,0.0
8.58,3.33610228750099,5.032583251478394,16.05032653529894,0.0
8.585,3.421537745195259,5.207413535731528,15.919442673709636,0.0
8.59,3.5103206518554617,5.387414627792051,15.795651953287447,0.0
8.595,3.604598492785377,5.57386914561883,15.67963367143157,0.0
8.6,3.702136112050684,5.768808285391701,15.573005957813871,0.0
8.605,3.8063293149765194,5.968878789189673,15.472447003692515,0.0
8.61,3.914497276520055,6.176737342542265,15.379884713204273,0.0
8.615,4.027615815735384,6.393169988023503,15.294500062897228,0.0
8.620000000000001,4.145432351344276,6.616827967269447,15.218021164773393,0.0
8.625,4.268224422093146,6.849570041786852,15.151773032934495,0.0
8.63,4.39784401316303,7.090045233125414,15.09637538741517,0.0
8.635,4.5324549206650575,7.338535241829073,15.05157000515539,0.0
8.64,4.672188687750928,7.59439051275934,15.016741949490234,0.0
8.645,4.817983903991929,7.860094843240584,14.994262806070164,0.0
8.65,4.968681056115701,8.134707441243947,14.983687904727537,0.0
8.655,5.127440997224738,8.418854247300272,14.985784523270333,0.0
8.66,5.291459688107551,8.709834867242563,14.99987886498436,0.0
8.665000000000001,5.461108132107345,9.010354293204628,15.030642430412797,0.0
8.67,5.639286452477721,9.32020521767052,15.075077283256174,0.0
8.675,5.823561800512772,9.638637418905956,15.136435999103837,0.0
8.68,6.014503403998715,9.96570377735529,15.214056989917971,0.0
8.685,6.212267857531412,10.300965509205174,15.311036010277823,0.0
8.69,6.41717741683943,10.643905944394529,15.42574322492916,0.0
8.695,6.627820301758776,10.993888845045404,15.561688192789966,0.0
8.700000000000001,6.846287097119922,11.351203871983502,15.718163262418066,0.0
8.705,7.070628890814495,11.715470308646362,15.897190776190701,0.0
8.71,7.302803949785612,12.086130374934012,16.099615180741537,0.0
8.715,7.5407522870771215,12.461151198129937,16.326548373828132,0.0
8.72,7.789219001318506,12.839836930855476,16.579028074255834,0.0
8.725,8.041338304860242,13.221875751384188,16.85877193240196,0.0
8.73,8.300458533584015,13.60332141270629,17.165200479270318,0.0
8.735,8.565453838669809,13.985255238635592,17.50265355875536,0.0
8.74,8.836143504163308,14.364537205320676,17.869077546936726,0.0
8.745000000000001,9.112539718175608,14.741531540030666,18.265364460758274,0.0
8.75,9.3938313759455,15.112769334791794,18.693711466058918,0.0
8.755,9.680499198932068,15.473710125156703,19.15470533952888,0.0
8.76,9.971172307620286,15.824027623227584,19.646275398838117,0.0
8.765,10.263148476505219,16.16209553986268,20.17384336876308,0.0
8.77,10.557889576138868,16.482397724083786,20.73433653982027,0.0
8.775,10.854088603370803,16.784904270062555,21.329235670641424,0.0
8.78,11.151027597389369,17.062925081869587,21.956162320631023,0.0
8.785,11.445868869349695,17.314636460995615,22.615613626893122,0.0
8.790000000000001,11.739995009896148,17.5362122844493,23.305235323556147,0.0
8.795,12.02905526159713,17.72404892201951,24.02242101710791,0.0
8.8,12.314002671161505,17.874430688282374,24.767567352985978,0.0
8.805,12.592770319244663,17.984224622997484,25.537789087508692,0.0
8.81,12.861753725663363,18.05082536930901,26.329829624281558,0.0
8.815,13.122106015350923,18.068167433573706,27.140360021099344,0.0
8.82,13.368836688885136,18.03409754914328,27.963326418035372,0.0
8.825000000000001,13.602938476526518,17.947009365957992,28.795726702228063,0.0
8.83,13.820417510968769,17.803543577476297,29.63228648635482,0.0
8.835,14.020411288071791,17.602139083287593,30.467075668346297,0.0
8.84,14.199310709526857,17.341830679557848,31.29525523698189,0.0
8.845,14.35639369653565,17.020912290097268,32.109513242393405,0.0
8.85,14.490379892821908,16.64121690343756,32.90261466140116,0.0
8.855,14.597686677831335,16.20263292568752,33.66927596360246,0.0
8.86,14.677254810689513,15.707065974997448,34.40288253810593,0.0
8.865,14.729131243562074,15.159415292054724,35.09764995071727,0.0
8.870000000000001,14.75119711518382,14.56115617422382,35.74609919525035,0.0
8.875,14.740870253700693,13.91714286472282,36.343141775059216,0.0
8.88,14.699355181377932,13.232627590193685,36.88475260666104,0.0
8.885,14.62669467111216,12.513247933327097,37.36600830468553,0.0
8.89,14.521414763699115,11.764821521127677,37.78317538870561,0.0
8.895,14.383555366327943,10.995982513145988,38.13396062512973,0.0
8.9,14.215640134350073,10.211560373900014,38.41582626949059,0.0
8.905,14.01602715103097,9.419587551309654,38.62961283428172,0.0
8.91,13.78603784752282,8.626927024347639,38.774244304728676,0.0
8.915000000000001,13.528057058100014,7.8419144124426765,38.85210904246297,0.0
8.92,13.244312261505886,7.069667996256599,38.86461948900994,0.0
8.925,12.935054019094796,6.315022344200682,38.81517195370416,0.0
8.93,12.604412310606458,5.583716491930342,38.70538522650618,0.0
8.935,12.254350852336625,4.881642886103901,38.54191267591856,0.0
8.94,11.885879883140454,4.211626762539311,38.32665691668891,0.0
8.945,11.501654539808026,3.5778263753986814,38.06614027422913,0.0
8.950000000000001,11.105779278458556,2.9812068106545286,37.76437713357684,0.0
8.955,10.69903233131234,2.425209011859984,37.42678136801782,0.0
8.96,10.285972684268566,1.9089966917315615,37.05740913056782,0.0
8.965,9.867428576312843,1.4340348278926167,36.66071022197923,0.0
8.97,9.44642948057599,0.9991297375379191,36.24205403956215,0.0
8.975,9.024782744995612,0.6061325283193326,35.80515090675101,0.0
8.98,8.603281686411638,0.2503510030226144,35.3557379593348,0.0
8.985,8.18613869923989,-0.06732062391550447,34.89502325334503,0.0
8.99,7.772962392379542,-0.3478542474512944,34.42682052557464,0.0
8.995000000000001,7.366834703737436,-0.5966015612104066,33.95463268856295,0.0
9.0,6.969841638624233,-0.8127386577130519,33.47973117608216,0.0
9.005,6.580604096307692,-0.9993101193554894,33.00409361230507,0.0
9.01,6.201489989801832,-1.1590057578236783,32.53085267929878,0.0
9.015,5.834154739893176,-1.2943427813790243,32.06116371790724,0.0
9.02,5.477211850613569,-1.406216844543158,31.595279549544045,0.0
9.025,5.132752466527651,-1.497632313828945,31.136358537999623,0.0
9.03,4.801263190145086,-1.5714959690541286,30.68346868648074,0.0
9.035,4.482102710046725,-1.6287523952920708,30.236791227328233,0.0
9.040000000000001,4.175940986872546,-1.6701237414596817,29.79678999266599,0.0
9.045,3.8839446292540587,-1.6995183469541795,29.36460060719804,0.0
9.05,3.6044181834289297,-1.7169725743044055,28.940165709962987,0.0
9.055,3.338207561901843,-1.7258278086744299,28.52458145303577,0.0
9.06,3.086075121682666,-1.726181478250609,28.115431108708854,0.0
9.065,2.845276118798655,-1.7198659723391172,27.71399003006061,0.0
9.07,2.617117257095809,-1.7070146562948152,27.31848625224621,0.0
9.075000000000001,2.403173610100072,-1.6886707265696528,26.931777239329975,0.0
9.08,2.1991762335765137,-1.6681177601921298,26.551655634498644,0.0
9.085,2.007175684400086,-1.6441769134510824,26.17878546554211,0.0
9.09,1.8247099532015936,-1.6172634911175836,25.812458097409014,0.0
9.095,1.653715513151333,-1.5893515034832124,25.452936839710937,0.0
9.1,1.4921221774415638,-1.5602732823356347,25.098679277696693,0.0
9.105,1.3379715697690706,-1.5312307697045664,24.752354441403114,0.0
9.11,1.1946950637083722,-1.5033789287181567,24.411289890900917,0.0
9.115,1.059075637446682,-1.4751330031706182,24.076631695839826,0.0
9.120000000000001,0.9316970824004862,-1.4471169644414943,23.748879443833104,0.0
9.125,0.8119414787315986,-1.4210687669241198,23.42476372601389,0.0
9.13,0.7000610429812106,-1.396748643843882,23.107337936733003,0.0
9.135,0.5947373988324834,-1.3718260198161905,22.794924506137033,0.0
9.14,0.49643171701112504,-1.3509325420244596,22.487664097574246,0.0
9.145,0.40328351807683827,-1.3307758770649898,22.184006487284968,0.0
9.15,0.3167592624198299,-1.312270478877557,21.884822530238875,0.0
9.155,0.2353454379073367,-1.2950970334670817,21.592154250120032,0.0
9.16,0.15791547990206414,-1.2804885303936524,21.302641004233497,0.0
9.165000000000001,0.08556155571433462,-1.2694579058254052,21.015769892118517,0.0
9.17,0.018173839131884098,-1.2601724930207985,20.734213924485676,0.0
9.175,-0.04646445540632628,-1.2545014227227163,20.457493069502824,0.0
9.18,-0.10672509700061666,-1.250055315940443,20.185267267681755,0.0
9.185,-0.16415286999148945,-1.248216556679427,19.916371448513683,0.0
9.19,-0.21876818631821093,-1.248915844429419,19.6514141013703,0.0
9.195,-0.2706131184910212,-1.2508643591937318,19.389431990080904,0.0
9.200000000000001,-0.32005129220385964,-1.2568191202037378,19.13233170956057,0.0
9.205,-0.3664312723603872,-1.2646737868758358,18.87948230737868,0.0
9.21,-0.41193294494608357,-1.2736242657811707,18.630071254384184,0.0
9.215,-0.4557054499791935,-1.2845387699196136,18.38515161530627,0.0
9.22,-0.4973447900690909,-1.2991193764944384,18.142368688844392,0.0
9.225,-0.5369486419750062,-1.316379611385376,17.90454130120206,0.0
9.23,-0.5755139447594634,-1.3370676566415303,17.669614607421668,0.0
9.235,-0.6132385027652602,-1.361067108380054,17.437395277694804,0.0
9.24,-0.6503340655572515,-1.386276859702481,17.20889848458345,0.0
9.245000000000001,-0.687187072814187,-1.4144124727988545,16.983326798416304,0.0
9.25,-0.7236619079979757,-1.4446296079387038,16.762113739509385,0.0
9.255,-0.7603342498820913,-1.4796893158273694,16.54456268305607,0.0
9.26,-0.7958455885614425,-1.5157271502662881,16.32859685493032,0.0
9.265,-0.8330144051095926,-1.5551752740265625,16.11524239472445,0.0
9.27,-0.8697165432685049,-1.5960143305571617,15.90773013377454,0.0
9.275,-0.9066595702665401,-1.6393826613440736,15.702050413936972,0.0
9.28,-0.9434733795198045,-1.6873621015190554,15.499868200518772,0.0
9.285,-0.981619686029544,-1.738684816803303,15.300899707368202,0.0
9.290000000000001,-1.0174495614024255,-1.7915452533323335,15.105856495362973,0.0
9.295,-1.0550273883805892,-1.8486394950040548,14.913640008672756,0.0
9.3,-1.095988282898098,-1.9090026388471144,14.723243557436579,0.0
9.305,-1.1376468756120126,-1.9731387406493885,14.538156671021984,0.0
9.31,-1.1793315169071805,-2.0404537737347233,14.3554011800797,0.0
9.315,-1.2209040876199153,-2.1106482192816114,14.177318019028053,0.0
9.32,-1.2656418513584677,-2.184358867102775,14.001591718469124,0.0
9.325000000000001,-1.3116008759242213,-2.2625879623765957,13.829003484176736,0.0
9.33,-1.3601886457996104,-2.344702858765228,13.65961274881386,0.0
9.335,-1.4084456251604711,-2.430862813368777,13.493500973210027,0.0
9.34,-1.4583753528735537,-2.5206127834531142,13.330525050964775,0.0
9.345,-1.5122927035690683,-2.6140261345221676,13.17093449910183,0.0
9.35,-1.567017549204281,-2.7136030315940896,13.014184759219129,0.0
9.355,-1.623931126957876,-2.8170045107401247,12.862227751645506,0.0
9.36,-1.6846935649717623,-2.9267106182520437,12.714119984633761,0.0
9.365,-1.746280917497727,-3.040088967403602,12.569148891522175,0.0
9.370000000000001,-1.809973871014274,-3.158556930467626,12.428365444631439,0.0
9.375,-1.8765874017771444,-3.2840327417496873,12.290972682268377,0.0
9.38,-1.9478719631741181,-3.4159933208135986,12.158554006986858,0.0
9.385,-2.019813401873779,-3.553233686277824,12.029847290189783,0.0
9.39,-2.096271608111089,-3.696363557990003,11.904994457183447,0.0
9.395,-2.176417338198321,-3.8472736224320663,11.785079389678568,0.0
9.4,-2.259934233803676,-4.004070345400379,11.66981221382665,0.0
9.405,-2.3472697796833173,-4.169240784423532,11.558503688341203,0.0
9.41,-2.4380211931688356,-4.341453095331038,11.45422466618688,0.0
9.415000000000001,-2.533527597780864,-4.520773386406825,11.35507270663401,0.0
9.42,-2.6322591602393812,-4.708591698965526,11.262542340206839,0.0
9.425,-2.7351632987992436,-4.905530139932564,11.174676159713,0.0
9.43,-2.843639707552835,-5.111385266246596,11.092321627099192,0.0
9.435,-2.9557385163925165,-5.325736562455227,11.017530543859099,0.0
9.44,-3.0743001543688777,-5.549622074368986,10.94906119581232,0.0
9.445,-3.1987397467079752,-5.784336097092748,10.888949611179493,0.0
9.450000000000001,-3.32869786204265,-6.0281610698958055,10.836887679784907,0.0
9.455,-3.4625831361142696,-6.283952620093916,10.79346800993861,0.0
9.46,-3.6037484694068973,-6.549543479514723,10.758259949322804,0.0
9.465,-3.752237205459904,-6.826523845949231,10.733784784541598,0.0
9.47,-3.9065107722698458,-7.116289185523922,10.717451483300374,0.0
9.475,-4.067348970628932,-7.418306014112289,10.713975796244675,0.0
9.48,-4.2345297715540955,-7.733012470601736,10.723713294756571,0.0
9.485,-4.408388313621482,-8.060578154280421,10.744357051098278,0.0
9.49,-4.592591923503447,-8.400831924497426,10.77717277489841,0.0
9.495000000000001,-4.783222951583126,-8.754984140867691,10.826294705421866,0.0
9.5,-4.981493551556055,-9.122944304200143,10.892011107099803,0.0
9.505,-5.187798754009461,-9.503883991685383,10.973381662967288,0.0
9.51,-5.403625726677694,-9.89985222811635,11.07275059390637,0.0
9.515,-5.627587488261202,-10.30760196580996,11.191520483847063,0.0
9.52,-5.861170899532987,-10.729307608290332,11.331541408102414,0.0
9.525,-6.103502582291086,-11.16392943329935,11.495774682416059,0.0
9.53,-6.355391045169374,-11.61180293334178,11.68482899839275,0.0
9.535,-6.61939242349443,-12.071445031691066,11.898065496043317,0.0
9.540000000000001,-6.893153829585286,-12.544131947550584,12.138682613145319,0.0
9.545,-7.176517099706495,-13.027459249267958,12.410270992918743,0.0
9.55,-7.467881513645328,-13.521590072349285,12.71252170422287,0.0
9.555,-7.771211939568575,-14.025062097690052,13.047468585084319,0.0
9.56,-8.084620384758542,-14.536517031435691,13.418836371991416,0.0
9.565,-8.40618905956102,-15.053604216950063,13.829389102693945,0.0
9.57,-8.73814254413338,-15.573156299123756,14.27855516267672,0.0
9.575000000000001,-9.079871265227174,-16.094140395226997,14.76852244660425,0.0
9.58,-9.428998368118348,-16.61377581737271,15.302905037080157,0.0
9.585,-9.787946395868058,-17.128373039365616,15.883522909615516,0.0
9.59,-10.154393853920366,-17.63541570810855,16.51071191909071,0.0
9.595,-10.53008573625084,-18.130212884455418,17.186220496892584,0.0
9.6,-10.910437074675448,-18.608585657110687,17.910675711431765,0.0
9.605,-11.296663033796179,-19.064517181481957,18.688698105893376,0.0
9.61,-11.683943915660127,-19.495640456603624,19.51582034545041,0.0
9.615,-12.075757963601083,-19.896365259364025,20.394888782460036,0.0
9.620000000000001,-12.46686882379011,-20.255392392941687,21.323681221608872,0.0
9.625,-12.856512800515791,-20.57004068239443,22.301481111294674,0.0
9.63,-13.242422303563115,-20.83305899923488,23.326506943277636,0.0
9.635,-13.62245313409146,-21.03901202281198,24.395771453743055,0.0
9.64,-13.992663301271756,-21.180472758745623,25.502770214126155,0.0
9.645,-14.352621715354868,-21.249145618471744,26.64457419229578,0.0
9.65,-14.696786754355605,-21.24037965968622,27.813079356188197,0.0
9.655,-15.023154413497661,-21.147495100967333,29.003848806959354,0.0
9.66,-15.329636198140493,-20.967426918279934,30.206037171270854,0.0
9.665000000000001,-15.612741037274187,-20.69410823893258,31.41064411214922,0.0
9.67,-15.866145277409329,-20.324307023116095,32.60713347098303,0.0
9.675,-16.090314706820532,-19.857131869536637,33.78485600995806,0.0
9.68,-16.27932887710147,-19.291883935171473,34.932254109446355,0.0
9.685,-16.430525766506435,-18.630526942705046,36.03634195987888,0.0
9.69,-16.539301308990815,-17.877107783799882,37.084484969650795,0.0
9.695,-16.605594995267307,-17.03723094000616,38.06888951540053,0.0
9.700000000000001,-16.62782705448678,-16.116410557825677,38.975060058887124,0.0
9.705,-16.60225958166047,-15.12307005543252,39.79403318134661,0.0
9.71,-16.528392034755843,-14.067911427290783,40.51807680224961,0.0
9.715,-16.406420395750494,-12.963861794614457,41.13935916070095,0.0
9.72,-16.234362243787682,-11.821009214803643,41.653548652891565,0.0
9.725,-16.013622711306837,-10.654294577659341,42.05573351553594,0.0
9.73,-15.74533828880962,-9.476075426127906,42.34852939748858,0.0
9.735,-15.432894903109009,-8.299990788359205,42.52924384469094,0.0
9.74,-15.076315207008076,-7.138188322231685,42.603023162352315,0.0
9.745000000000001,-14.679486144133408,-6.002041089518137,42.57287085340168,0.0
9.75,-14.246377152409956,-4.902984032514998,42.4460310015515,0.0
9.755,-13.77839039556863,-3.849812419443616,42.228315224186545,0.0
9.76,-13.281692103903074,-2.8508526950491966,41.93069825075496,0.0
9.765,-12.761478929519601,-1.911215792684452,41.560322519561566,0.0
9.77,-12.218438689444572,-1.0358730789060213,41.12855188170727,0.0
9.775,-11.659288043560466,-0.22896421779670995,40.64367997916653,0.0
9.78,-11.088231770182515,0.5089193172692804,40.11548913086911,0.0
9.785,-10.508606405984201,1.1762488260653243,39.552991382871234,0.0
9.790000000000001,-9.923140280357126,1.776258416645057,38.96303583550722,0.0
9.795,-9.337223298655017,2.312601684199958,38.355110807442486,0.0
9.8,-8.755671897937406,2.784873486246894,37.734694426700045,0.0
9.805,-8.179628487799807,3.1968616567256487,37.11015805574687,0.0
9.81,-7.61032905376428,3.5526462121977014,36.4840062211478,0.0
9.815,-7.05221522608295,3.857603874210104,35.862052505970176,0.0
9.82,-6.5065115930437605,4.11616793199928,35.24785728324394,0.0
9.825000000000001,-5.975694898555786,4.330535138756485,34.64381699433843,0.0
9.83,-5.4597777478778635,4.508468399655387,34.052154555470096,0.0
9.835,-4.961652589559968,4.651777272414542,33.4746857597917,0.0
9.84,-4.48078984676196,4.7641777634605225,32.91337647350045,0.0
9.845,-4.018899840831666,4.849990022423367,32.36703156859402,0.0
9.85,-3.5755182644648658,4.91342495719102,31.836958036688152,0.0
9.855,-3.1499657836019024,4.956773726424039,31.325094627215073,0.0
9.86,-2.7447080228322642,4.984236314649631,30.82960369686661,0.0
9.865,-2.358122666846217,4.997798009656852,30.349745798258354,0.0
9.870000000000001,-1.9902296668130457,5.000052280169108,29.887333957743344,0.0
9.875,-1.6409242184515753,4.994583478712184,29.4394239703005,0.0
9.88,-1.308525173327912,4.980907606884653,29.005042233055427,0.0
9.885,-0.9941469036360948,4.963551209057576,28.585081584757084,0.0
9.89,-0.6950839193503051,4.941998881735837,28.178529003996438,0.0
9.895,-0.4142119786981468,4.918986730017238,27.78572840810339,0.0
9.9,-0.14741689149206355,4.893944730621123,27.404845509796264,0.0
9.905,0.1045369842119433,4.868297023408758,27.035434356516674,0.0
9.91,0.34216042461576207,4.8440129167979125,26.677892750429315,0.0
9.915000000000001,0.5659486141660074,4.822746233732586,26.329590197237366,0.0
9.92,0.7785279702415239,4.802941207594015,25.991285889124544,0.0
9.925,0.979713875129139,4.786376212894519,25.662919729450383,0.0
9.93,1.1693042713810933,4.772714420755941,25.343391136549045,0.0
9.935,1.3493098147624747,4.764431637094242,25.032766004534405,0.0
9.94,1.5192456498017461,4.761132114219636,24.731417647380173,0.0
9.945,1.6802668024438554,4.761759747572501,24.43657770979212,0.0
9.950000000000001,1.8340620424258343,4.76869526589374,24.150707730543267,0.0
9.955,1.9808318397071272,4.78004371364435,23.8721968563764,0.0
9.96,2.120314257202457,4.7991443521601935,23.60133839804636,0.0
9.965,2.252296830883554,4.821776762918133,23.33699424848405,0.0
9.97,2.3808688879608364,4.851250182050106,23.080663437188218,0.0
9.975,2.5032928308005213,4.884893340835797,22.830290284831555,0.0
9.98,2.6224856250219513,4.924008254266818,22.586905483587213,0.0
9.985,2.736976609343974,4.969922005559098,22.350985052872073,0.0
9.99,2.8479247582787313,5.022530538688749,22.120455791676388,0.0
9.995000000000001,2.9571314903625447,5.081488593313867,21.8972950659728,0.0
10.0,3.0634116272671816,5.146135934416268,21.67906492510809,0.0
10.005,3.1666478653486734,5.217807301955282,21.468099703717023,0.0
10.01,3.2692091837719253,5.29611431186468,21.264671185210652,0.0
10.015,3.371456018245372,5.379146264114954,21.066587944062167,0.0
10.02,3.4717456673088094,5.4688177044546675,20.87751303171658,0.0
10.025,3.5721272494473966,5.564442181727644,20.69592909115444,0.0
10.03,3.670660442780685,5.6665156449577205,20.519280811951553,0.0
10.035,3.7692034560634426,5.775669282054566,20.34958015081486,0.0
10.040000000000001,3.8698444972747046,5.890069297218194,20.188173094133543,0.0
10.045,3.9721562949233418,6.010542656723507,20.033022267366448,0.0
10.05,4.074502850360571,6.138277008586196,19.885256025797876,0.0
10.055,4.178262283825234,6.2727111132622495,19.744822597013517,0.0
10.06,4.28291379377118,6.412846308572003,19.61300793656592,0.0
10.065,4.390049831543206,6.561032701038683,19.488600348333676,0.0
10.07,4.499086785027499,6.714660881204068,19.37226173995352,0.0
10.075000000000001,4.610559709151608,6.875749289834856,19.26591567262828,0.0
10.08,4.723255749604079,7.043762149425701,19.16771322247061,0.0
10.085,4.838899327494992,7.217038374102523,19.07907181219714,0.0
10.09,4.9591231241754885,7.395838217925745,18.999001098284044,0.0
10.095,5.081868933458411,7.581457664377216,18.928623174298867,0.0
10.1,5.2063023261683945,7.773838032901876,18.868428923483208,0.0
10.105,5.335699867873513,7.97305672749775,18.819110893945254,0.0
10.11,5.46699089671747,8.177562083635653,18.779271492919047,0.0
10.115,5.603171958714246,8.388491158649057,18.752930950978126,0.0
10.120000000000001,5.7423205436332045,8.605515868994804,18.73789504858832,0.0
10.125,5.885168717584685,8.826876114891029,18.735367957257182,0.0
10.13,6.032702636187736,9.054941246725518,18.745563888832557,0.0
10.135,6.183156703567602,9.288682226758379,18.76885808740579,0.0
10.14,6.3379396611031975,9.527043390478207,18.80604229691196,0.0
10.145,6.497816964149666,9.770424238754853,18.85656061273227,0.0
10.15,6.662652315697154,10.020235201772708,18.92132784847956,0.0
10.155,6.829910531114901,10.271379405161612,19.00265547030108,0.0
10.16,7.002087403946977,10.526787657980586,19.099430261975314,0.0
10.165000000000001,7.177252539723432,10.78596495514798,19.214179163088264,0.0
10.17,7.358463045681247,11.046911690111447,19.345027880331227,0.0
10.175,7.543157697679571,11.31087718035549,19.491853502769175,0.0
10.18,7.732005187268845,11.574141199957351,19.657832292122656,0.0
10.185,7.924085545934032,11.839122852014098,19.84263553906173,0.0
10.19,8.120185033963539,12.102490752783984,20.04686838232112,0.0
10.195,8.319947407455174,12.364562776055818,20.270013502455573,0.0
10.200000000000001,8.520777815251938,12.623879149125354,20.514656427634183,0.0
10.205,8.726161164310225,12.879696909199929,20.77806300685301,0.0
10.21,8.933801205215843,13.13020049081629,21.062204878305426,0.0
10.215,9.143797071668311,13.374958349966136,21.366648721116178,0.0
10.22,9.353538119726656,13.612907653754347,21.6929895348641,0.0
10.225,9.565693045543405,13.83958376028334,22.041332356894845,0.0
10.23,9.78063747972731,14.055947603191317,22.409370322015434,0.0
10.235,9.9961014571542,14.258861213913292,22.798032842354154,0.0
10.24,10.208425091409794,14.44823402431085,23.208050934801452,0.0
10.245000000000001,10.420645842056805,14.61979302469057,23.63598599384518,0.0
10.25,10.630740175240755,14.774496939469337,24.083609157871432,0.0
10.255,10.83810852396492,14.90865830074504,24.548807159458104,0.0
10.26,11.042478233237548,15.021897835716402,25.029681502378377,0.0
10.265,11.241881780758574,15.110522645550036,25.525030353136042,0.0
10.27,11.43448387157605,15.175223968119333,26.0351618411309,0.0
10.275,11.620908906424122,15.2124603970434,26.556519014133002,0.0
10.28,11.801140430534426,15.220105311896779,27.08713524045786,0.0
10.285,11.97172239895003,15.198946595631343,27.623725105560663,0.0
10.290000000000001,12.133467598147545,15.14497717796006,28.1644287726881,0.0
10.295,12.284018611860459,15.058058351401078,28.70833461587846,0.0
10.3,12.422083491406683,14.938179266665939,29.24993346112218,0.0
10.305,12.5469367035459,14.786328907798726,29.787269021799986,0.0
10.31,12.65874266953828,14.599082942591801,30.318638118361207,0.0
10.315,12.755725651918434,14.379733943533859,30.837917436023698,0.0
10.32,12.837324603848884,14.126893660744315,31.343139421650537,0.0
10.325000000000001,12.901553582111871,13.840805430111333,31.831347731233198,0.0
10.33,12.94975877767831,13.525005825517853,32.30002817451005,0.0
10.335,12.976982148320634,13.178570409574679,32.744258762525554,0.0
10.34,12.987433745802601,12.805576597276202,33.16171218451123,0.0
10.345,12.978160829216465,12.40628432490271,33.55060854347375,0.0
10.35,12.950136872997124,11.983349345768733,33.908671671809856,0.0
10.355,12.901495450639223,11.541014894432568,34.23269443455207,0.0
10.36,12.833345639834661,11.08172135961741,34.52107683527347,0.0
10.365,12.745356217950283,10.607607635288845,34.77204987512439,0.0
10.370000000000001,12.637849365507535,10.12274922653985,34.98454776903719,0.0
10.375,12.512627667527612,9.630885750814716,35.1573761015538,0.0
10.38,12.36897777700308,9.13627419310094,35.290152079889815,0.0
10.385,12.207338739546806,8.6386151132109,35.38492649233936,0.0
10.39,12.029395649599834,8.145462804675702,35.441137479272506,0.0
10.395,11.835490030300248,7.657620893291759,35.45793362115904,0.0
10.4,11.626653631046965,7.178127937037013,35.438011802155366,0.0
10.405,11.405607231109522,6.709173727388697,35.38288542493293,0.0
10.41,11.169994059844356,6.254207185979049,35.29445242445528,0.0
10.415000000000001,10.92581634234624,5.815961689084942,35.17289247378694,0.0
10.42,10.671200614766192,5.3956043866805885,35.02218265592395,0.0
10.425,10.409318262703172,4.993983104785991,34.844124521194246,0.0
10.43,10.13841827993559,4.614581723269787,34.63775670359632,0.0
10.435,9.861611150942915,4.255972543643815,34.40949389602552,0.0
10.44,9.580649958876682,3.9181936171377223,34.16041548655189,0.0
10.445,9.298548388658858,3.603352586912513,33.89218926326269,0.0
10.450000000000001,9.014208790022549,3.3105242034863225,33.60853254308271,0.0
10.455,8.728310403082528,3.0417448590694303,33.30968432447739,0.0
10.46,8.443856514962995,2.7962968753518322,32.99930500452162,0.0
10.465,8.162138418018273,2.5711002809349606,32.676347522888506,0.0
10.47,7.883214372325601,2.367724337218094,32.345838539848884,0.0
10.475,7.607580948507658,2.185979468423749,32.00648076320803,0.0
10.48,7.335843905336642,2.0232391104672116,31.661716536918696,0.0
10.485,7.07017018427881,1.8781220101225444,31.314921616859184,0.0
10.49,6.8099213498566415,1.751745693540769,30.963337583004716,0.0
10.495000000000001,6.557166359088364,1.6406363618819646,30.61013124438402,0.0
10.5,6.310340136628614,1.547682380231875,30.255160493398726,0.0
10.505,6.073112574029491,1.4682392833659461,29.89989074656771,0.0
10.51,5.8428084184924804,1.4030102859352978,29.545985018438028,0.0
10.515,5.621312412385734,1.3504274103826928,29.191619760166567,0.0
10.52,5.408580678192774,1.3102743152513894,28.840048685422914,0.0
10.525,5.204477878888435,1.282272770604148,28.491593272188716,0.0
10.53,5.007952126095063,1.2629108989883595,28.144033751919597,0.0
10.535,4.8219394697782425,1.2536004398162943,27.80079914719855,0.0
10.540000000000001,4.642484217433383,1.252423428354143,27.460394867904633,0.0
10.545,4.47347262474045,1.2579596623738485,27.12298843503502,0.0
10.55,4.311792952746499,1.2697387195071226,26.789815396864896,0.0
10.555,4.159392739099954,1.2895776750870553,26.459508461262022,0.0
10.56,4.017110646393411,1.3152900893142832,26.133499471338475,0.0
10.565,3.8824126862728896,1.3466294451800371,25.812462562511627,0.0
10.57,3.7554098360755117,1.3824796824064636,25.494505562559677,0.0
10.575000000000001,3.637772096916023,1.4233287855186327,25.179138748909732,0.0
10.58,3.527381098963824,1.4685736654255688,24.86860637698792,0.0
10.585,3.425231802261229,1.516728029976656,24.564308128139338,0.0
10.59,3.3278569335427663,1.5672493400359535,24.262596740492576,0.0
10.595,3.2405007407442366,1.6216073320456053,23.965184393503215,0.0
10.6,3.160543933344461,1.6802683717349851,23.67163376503894,0.0
10.605,3.087166197201486,1.7403091178021073,23.382028845531668,0.0
10.61,3.0194852596488424,1.8024595153987584,23.097050860224705,0.0
10.615,2.9583264478359945,1.8671780102300675,22.816369105554077,0.0
10.620000000000001,2.9043211884901665,1.9343128763540314,22.53979671836425,0.0
10.625,2.8552344651680337,2.0022700349819265,22.267794246232253,0.0
10.63,2.812551088231264,2.073861023678705,22.00010199207128,0.0
10.635,2.77611281972778,2.1481556574818996,21.735720543929585,0.0
10.64,2.74513781970996,2.2248213786726634,21.47700423932504,0.0
10.645,2.718905556763606,2.3033456630094222,21.221666112960044,0.0
10.65,2.699018828802361,2.382202716702013,20.970935932376058,0.0
10.655,2.682665885952213,2.4659231368271457,20.72408813829169,0.0
10.66,2.672030552244046,2.55044337588124,20.481511416977135,0.0
10.665000000000001,2.66616540437974,2.6401930144421293,20.242613080319554,0.0
10.67,2.666787624958973,2.731004443324663,20.00698527864926,0.0
10.675,2.6697666097673713,2.822478841701941,19.7773202051467,0.0
10.68,2.677674275591916,2.9177418903470134,19.551809957715086,0.0
10.685,2.689350894597884,3.0166396670634015,19.33070333082403,0.0
10.69,2.7069374297971627,3.1175514137289078,19.112383819142323,0.0
10.695,2.7277665344500113,3.221261673210899,18.89962981148651,0.0
10.700000000000001,2.7522426599221306,3.3283719566381387,18.691626850265852,0.0
10.705,2.7807773523537658,3.439650160341909,18.488142662639177,0.0
10.71,2.8151724174554813,3.554496083118623,18.289415387921537,0.0
10.715,2.8520363914397486,3.673862016151818,18.09571841774561,0.0
10.72,2.8927465275567927,3.7976190239629046,17.906843549937374,0.0
10.725,2.9372600548843217,3.9240196445300315,17.722688529350425,0.0
10.73,2.9861856499845305,4.055521135071743,17.544429390065638,0.0
10.735,3.0397727263114716,4.190937981708905,17.37198656345946,0.0
10.74,3.0966420909745533,4.331973903686409,17.20387675670181,0.0
10.745000000000001,3.1582116922509194,4.478047488354028,17.04045445821125,0.0
10.75,3.2248260138234426,4.629486778080041,16.883647996515148,0.0
10.755,3.2963243383325747,4.785845943358448,16.732466349878916,0.0
10.76,3.371317314353202,4.947068598665184,16.587797155537082,0.0
10.765,3.4495638958730868,5.11461721526864,16.449776355563415,0.0
10.77,3.5338285857041023,5.287788807328642,16.31856179082921,0.0
10.775,3.6221814777973087,5.468084627378075,16.194987776197145,0.0
10.78,3.7146186659940597,5.655440712677899,16.07886782699728,0.0
10.785,3.810714279531464,5.848425117219108,15.970244399995746,0.0
10.790000000000001,3.9118878988527706,6.046962065580097,15.869687061680033,0.0
10.795,4.018078476451839,6.253549103580145,15.77727658672701,0.0
10.8,4.1301460830935035,6.467803965546718,15.693781859134228,0.0
10.805,4.247207142823358,6.690976352032259,15.617349221809622,0.0
10.81,4.369450502328365,6.919559289499178,15.551555681962851,0.0
10.815,4.49736819263985,7.158331056314965,15.494565536753528,0.0
10.82,4.63008665030262,7.402475845871322,15.448868547411772,0.0
10.825000000000001,4.767855892765498,7.655619734138012,15.413974049291156,0.0
10.83,4.912263562790775,7.918662726950157,15.39104366454114,0.0
10.835,5.062899365442737,8.18945028364367,15.3803701979265,0.0
10.84,5.219144155303056,8.46879971150658,15.382544487954519,0.0
10.845,5.381487848102121,8.75562546464681,15.398022255798741,0.0
10.85,5.549502080748532,9.049548045949006,15.42778603879845,0.0
10.855,5.725329631872651,9.352786918835564,15.472627594450723,0.0
10.86,5.906644931406021,9.666037998674875,15.534031177938536,0.0
10.865,6.094816491800653,9.98548845883425,15.611444015689026,0.0
10.870000000000001,6.290291603003838,10.31243592768764,15.709854444165131,0.0
10.875,6.491279045502088,10.647684116390163,15.82304159483009,0.0
10.88,6.701117827648029,10.989974462412809,15.958657314326476,0.0
10.885,6.915821268895183,11.33795159365851,16.113624984182817,0.0
10.89,7.137323429146884,11.691656273387975,16.290915047036226,0.0
10.895,7.3655088026128075,12.050449725481725,16.49102369054741,0.0
10.9,7.599491829009741,12.414138778546313,16.714269005483565,0.0
10.905,7.841861770045461,12.78107143199935,16.96242595531936,0.0
10.91,8.089582994638922,13.149352895700773,17.238305481452425,0.0
10.915000000000001,8.342779613249384,13.519517330429954,17.54058338617406,0.0
10.92,8.602373777715814,13.888082405310913,17.87089840802301,0.0
10.925,8.865981626296676,14.254496690599568,18.230388231276162,0.0
10.93,9.13537255752951,14.614683680760011,18.618700730602182,0.0
10.935,9.408054069540224,14.970924559332348,19.037091453237213,-0.0
10.94,9.685874675859225,15.317760280077556,19.486768925515698,-0.0
10.945,9.96813116987677,15.652331441940577,19.968314572182138,-0.0
10.950000000000001,10.252539934244878,15.974255221099554,20.482690446563208,-0.0
10.955,10.538648353102529,16.27951507774582,21.029277197995466,-0.0
10.96,10.825187165255553,16.564972828015403,21.60705398521374,-0.0
10.965,11.1126609375579,16.827984483400012,22.215560972352556,-0.0
10.97,11.39829300961421,17.065553376351634,22.85565202778777,-0.0
10.975,11.681210851962378,17.27325836358674,23.523311226275027,-0.0
10.98,11.96037697791494,17.44860140685794,24.218867905709704,-0.0
10.985,12.235374292115191,17.587653232842996,24.938597522043498,-0.0
10.99,12.503099444330921,17.686742888933974,25.68112534546587,-0.0
10.995000000000001,12.761194649731827,17.74295373472606,26.443911822888754,-0.0
11.0,13.009036663033118,17.753003590709962,27.222806341076677,-0.0
11.005,13.24611103572717,17.714111574670454,28.01393908838094,-0.0
11.01,13.468513941328188,17.623598081342024,28.813021982489616,-0.0
11.015,13.677398862604564,17.480173877867248,29.61486322194085,-0.0
11.02,13.867328982479588,17.282650149735474,30.414911936268602,-0.0
11.025,14.0391475187688,17.02833832100221,31.2093165230934,-0.0
11.03,14.190063188746072,16.717660885178223,31.98791950680061,-0.0
11.035,14.316013902845395,16.352033441445332,32.74762165069768,-0.0
11.040000000000001,14.416962854395884,15.931581345290764,33.48070119412614,-0.0
11.045,14.492165301143944,15.455760988088247,34.18243567839423,-0.0
11.05,14.541213037268852,14.930716736115064,34.84564704572157,-0.0
11.055,14.561212293081217,14.358607234181386,35.4670279862984,-0.0
11.06,14.550980353444182,13.743478109450066,36.039509213988794,-0.0
11.065,14.510684127522252,13.089603211565255,36.55917144432159,-0.0
11.07,14.438554973159691,12.40358248126112,37.02195630569632,-0.0
11.075000000000001,14.337024071145821,11.689825007469295,37.4224753432895,-0.0
11.08,14.20448748300552,10.955827065351189,37.761322136135355,-0.0
11.085,14.041931452051962,10.207141632787398,38.03515958732156,-0.0
11.09,13.850689199593544,9.451337370492382,38.246065513918865,-0.0
11.095,13.630579127747271,8.694260399064726,38.39101653745818,-0.0
11.1,13.384528122044768,7.9427829723197245,38.4721631602386,-0.0
11.105,13.113507712212385,7.201495505581797,38.49059087831791,-0.0
11.11,12.818108460952395,6.4780353207603465,38.44994402868275,-0.0
11.115,12.501633983965409,5.7766187213831595,38.35167709795951,-0.0
11.120000000000001,12.165732386223835,5.101846342260617,38.201459015030125,-0.0
11.125,11.812923883559327,4.455557988726383,38.00290047146181,-0.0
11.13,11.444815388991971,3.84136278072891,37.75923813395206,-0.0
11.135,11.063356731155366,3.262834954859809,37.47497217847287,-0.0
11.14,10.673550513834677,2.723278479155451,37.15490763287014,-0.0
11.145,10.275936576042445,2.220852645731931,36.8042098447192,-0.0
11.15,9.875321738225173,1.7577161783690958,36.426887252458066,-0.0
11.155,9.4690923445601,1.3335148725830734,36.028407492015305,-0.0
11.16,9.062356399004242,0.9470179669167356,35.61006325570109,-0.0
11.165000000000001,8.656162109947324,0.5975492054237399,35.17766816084411,-0.0
11.17,8.252639125132003,0.2842617137355646,34.73381457797021,-0.0
11.175,7.853653540925901,0.005377955453565453,34.283347723923846,-0.0
11.18,7.460856268121634,-0.2407253153428462,33.826470093199504,-0.0
11.185,7.076807002248547,-0.4563418996702575,33.366308839059585,-0.0
11.19,6.700443187721751,-0.643416011547346,32.90517699349695,-0.0
11.195,6.332941118910672,-0.8037570452782877,32.44574516446651,-0.0
11.200000000000001,5.977352129519266,-0.9410638558730435,31.98694991906522,-0.0
11.205,5.631411499689078,-1.0536196997516765,31.53308669831509,-0.0
11.21,5.297146607805356,-1.148145571554127,31.083898664761062,-0.0
11.215,4.975611367004757,-1.2242736595422052,30.63926576223289,-0.0
11.22,4.665474107071652,-1.284071701929922,30.199199285786687,-0.0
11.225,4.368151635233947,-1.3296829086637802,29.76704242624025,-0.0
11.23,4.083250525140378,-1.361330669347143,29.34076949999835,-0.0
11.235,3.811201931883486,-1.3809738644015919,28.922431560348475,-0.0
11.24,3.5530332751796703,-1.3920942666150682,28.51034004731715,-0.0
11.245000000000001,3.3045788641676164,-1.392989176711553,28.105243589529685,-0.0
11.25,3.0686789912683294,-1.3869890556480555,27.706988579249916,-0.0
11.255,2.846564518223664,-1.3751850722109948,27.315590148667113,-0.0
11.26,2.6361168746011625,-1.3580127610616577,26.93250717258603,-0.0
11.265,2.4369684474619295,-1.3364309498286695,26.554828809334303,-0.0
11.27,2.2484868186571467,-1.3131316675263378,26.18419942511697,-0.0
11.275,2.0714534982414086,-1.2872236142491205,25.81959676641435,-0.0
11.28,1.9017319550094502,-1.2587682791663268,25.461230696556733,-0.0
11.285,1.7432778849583745,-1.2279925607955193,25.108783690477836,-0.0
11.290000000000001,1.5955492373468427,-1.1974322811999605,24.762887046488018,-0.0
11.295,1.4554322202741967,-1.165926429411331,24.42384596550982,-0.0
11.3,1.3242431431837856,-1.133961774840931,24.089261671885847,-0.0
11.305,1.2012605747132432,-1.1012455366164966,23.75969643715262,-0.0
11.31,1.087176911458333,-1.0698330214968228,23.43694479767087,-0.0
11.315,0.9802754343211402,-1.0407915112323318,23.118419060879553,-0.0
11.32,0.8793772692049385,-1.0112322234200593,22.804854438428563,-0.0
11.325000000000001,0.7840519324636791,-0.9839597649940962,22.49635120322328,-0.0
11.33,0.695331660976567,-0.9580544085112687,22.191428412664425,-0.0
11.335,0.6126044085793633,-0.934345873349258,21.89221872635133,-0.0
11.34,0.5348255123393564,-0.9119801020471394,21.59783190901322,-0.0
11.345,0.46239118409575614,-0.8911540097209193,21.30712745581852,-0.0
11.35,0.3945699383727205,-0.8711349344355837,21.021783160414206,-0.0
11.355,0.332093235866153,-0.8538260788362347,20.73907290689156,-0.0
11.36,0.2729468841142084,-0.8386389113673233,20.460785334599564,-0.0
11.365,0.21677235554947372,-0.8252131548440393,20.186153293558945,-0.0
11.370000000000001,0.1649538730056111,-0.8129913570274759,19.915008502953583,-0.0
11.375,0.11553903401846638,-0.8022224023597084,19.649129116123717,-0.0
11.38,0.06958670997932154,-0.7943208368529321,19.38762644719445,-0.0
11.385,0.02499411889205659,-0.7872614020210735,19.128603291970016,-0.0
11.39,-0.01527248057987627,-0.7821187626381834,18.873511461375724,-0.0
11.395,-0.05333816080006667,-0.7789139883184267,18.622473199260224,-0.0
11.4,-0.09042203215466918,-0.7773072846475957,18.374005692988707,-0.0
11.405,-0.12575306907312656,-0.7777931550821048,18.129969606369134,-0.0
11.41,-0.15832252870038988,-0.7791540871126578,17.889217495388554,-0.0
11.415000000000001,-0.18938725861240943,-0.7850692254376426,17.65185772485164,-0.0
11.42,-0.21915231634605614,-0.7900845297703917,17.417587273104825,-0.0
11.425,-0.24869295976234104,-0.7990724999467821,17.185558623840034,-0.0
11.43,-0.2774205435678319,-0.8089208223359553,16.95800083906065,-0.0
11.435,-0.3033856257443131,-0.8209249379278835,16.733926161609382,-0.0
11.44,-0.32879276452164996,-0.8335076615815373,16.511640182262422,-0.0
11.445,-0.35402626741826093,-0.8472992161998923,16.293102327898836,-0.0
11.450000000000001,-0.37777171844652113,-0.8628436099142216,16.076366912287586,-0.0
11.455,-0.4015448992191152,-0.8809008966636728,15.86379542535745,-0.0
11.46,-0.42461604194034425,-0.900801041947752,15.65426404577522,-0.0
11.465,-0.44970140686783777,-0.9221149610360484,15.44733247867421,-0.0
11.47,-0.4721389234099183,-0.9458422084098727,15.243033642839833,-0.0
11.475,-0.4967728086981916,-0.9722905435715001,15.041822304493477,-0.0
11.48,-0.5199867779042245,-0.9994154650019571,14.843709521323763,-0.0
11.485,-0.5430559391990194,-1.0281517573868648,14.649239142459876,-0.0
11.49,-0.5673312408332478,-1.0592379089655273,14.456142130475229,-0.0
11.495000000000001,-0.5911729265519311,-1.0924131407828293,14.265842689902348,-0.0
11.5,-0.6149261683112187,-1.1270024081501107,14.078820309792254,-0.0
11.505,-0.6417252249636941,-1.161761252337463,13.894726659768688,-0.0
11.51,-0.6685589865323341,-1.200890058522136,13.713823974776808,-0.0
11.515,-0.6960547434991378,-1.242684838660987,13.535083399793242,-0.0
11.52,-0.723428955580014,-1.2855471269522325,13.358230410043276,-0.0
11.525,-0.7518425438881089,-1.3321999808526632,13.183719301750427,-0.0
11.53,-0.7804950045526492,-1.3798329498472819,13.014122549012392,-0.0
11.535,-0.8109322734638998,-1.4326238362140202,12.845845500239621,-0.0
11.540000000000001,-0.8418745990857357,-1.487558765322377,12.679949580250128,-0.0
11.545,-0.8752028757166336,-1.5451932985919508,12.518037486112423,-0.0
11.55,-0.9080647351408536,-1.6050592325447017,12.357321178825462,-0.0
11.555,-0.9419560296435181,-1.6669875218656443,12.199903604292137,-0.0
11.56,-0.9773924396207184,-1.732551442271131,12.043616281107306,-0.0
11.565,-1.015136285604948,-1.801737224334746,11.891507804488157,-0.0
11.57,-1.0562662215132668,-1.874625416352722,11.741571144477929,-0.0
11.575000000000001,-1.0968322065358265,-1.951918802953105,11.594264912441556,-0.0
11.58,-1.1404811626196467,-2.0304845653222863,11.450659315107798,-0.0
11.585,-1.184965614856466,-2.114504045054734,11.30896805997145,-0.0
11.59,-1.2313073019936218,-2.2029139896585335,11.17107199701668,-0.0
11.595,-1.2785678177118733,-2.294606520351266,11.03615875132767,-0.0
11.6,-1.3295699598987767,-2.3921025325351173,10.904256430318807,-0.0
11.605,-1.384094910575716,-2.493410746204979,10.77500543680414,-0.0
11.61,-1.439836314262842,-2.601926041469299,10.648461910404269,-0.0
11.615,-1.4977753863350483,-2.7130725261038693,10.524833564212422,-0.0
11.620000000000001,-1.5585942454649184,-2.8302877605183947,10.404640592529791,-0.0
11.625,-1.6219285048113063,-2.9541182047189114,10.28831674437591,-0.0
11.63,-1.6876384830702726,-3.0833613109210605,10.176297240240672,-0.0
11.635,-1.7572000906230256,-3.2174051938648267,10.06585361514011,-0.0
11.64,-1.830543551241442,-3.3587943027905043,9.96037115289068,-0.0
11.645,-1.9067621675583077,-3.5073408272747555,9.85789126391624,-0.0
11.65,-1.9872065248290083,-3.662201114186302,9.760340726321754,-0.0
11.655,-2.071041784481284,-3.8246206852598448,9.667565327047555,-0.0
11.66,-2.158540237120805,-3.9942453238063766,9.57735629191411,-0.0
11.665000000000001,-2.249190488922974,-4.173817958813661,9.493132158957271,-0.0
11.67,-2.3460416833019275,-4.361214226815289,9.414779894054089,-0.0
11.675,-2.4477762610198055,-4.558469820610664,9.341169564061282,-0.0
11.68,-2.553964136392911,-4.7632075246569565,9.272234906134988,-0.0
11.685,-2.664129565299819,-4.979699795909286,9.210202085262308,-0.0
11.69,-2.77983600852641,-5.205978751633878,9.153214007658436,-0.0
11.695,-2.901199263119093,-5.4417548289656805,9.104198762982056,-0.0
11.700000000000001,-3.0284382149667106,-5.688130251726154,9.06182492923246,-0.0
11.705,-3.1608105603703063,-5.946730849830746,9.027064723759937,-0.0
11.71,-3.3006800720275944,-6.217883524814393,9.000847441040431,-0.0
11.715,-3.4460128300039425,-6.4994771671855895,8.98367882116479,-0.0
11.72,-3.5978712571179097,-6.794469159653571,8.975335467687488,-0.0
11.725,-3.7573092443839946,-7.102983592996822,8.978227790219762,-0.0
11.73,-3.9252114676227152,-7.425306983473663,8.99135320150875,-0.0
11.735,-4.100620969891928,-7.760427258058354,9.017516796374188,-0.0
11.74,-4.2844009182537715,-8.109948979614309,9.057046927575028,-0.0
11.745000000000001,-4.476089536418958,-8.476379315833148,9.110057829696496,-0.0
11.75,-4.677292384000034,-8.856271866761091,9.177764927162345,-0.0
11.755,-4.885867405686109,-9.253397096576037,9.263037164049232,-0.0
11.76,-5.1047583677090405,-9.664426416334933,9.36628074342376,-0.0
11.765,-5.332956405511507,-10.09040603218607,9.487788152173597,-0.0
11.77,-5.570369312772707,-10.535238667329878,9.631941279992676,-0.0
11.775,-5.817423880584798,-10.993672751478647,9.79841746246823,-0.0
11.78,-6.076954611945595,-11.467552065555921,9.987185413923065,-0.0
11.785,-6.345963365752066,-11.957358358643223,10.203175884140851,-0.0
11.790000000000001,-6.626511940676018,-12.462722552666742,10.446601568939325,-0.0
11.795,-6.919134772245226,-12.980264181092002,10.719823378926268,-0.0
11.8,-7.222312423534092,-13.513704780728597,11.026025892741776,-0.0
11.805,-7.537084775363421,-14.059635232240785,11.365982641583342,-0.0
11.81,-7.863797073051985,-14.617693075361597,11.744994711354646,-0.0
11.815,-8.200678780192328,-15.184500284081897,12.16267223249833,-0.0
11.82,-8.550300804161468,-15.758283501905957,12.624191146818553,-0.0
11.825000000000001,-8.911112442604447,-16.336679078539543,13.129681375018599,-0.0
11.83,-9.2837057200466,-16.917486863025612,13.683194803608197,-0.0
11.835,-9.664645985347963,-17.496565246519967,14.285290025481778,-0.0
11.84,-10.054815751573043,-18.0712974041458,14.939184607963101,-0.0
11.845,-10.45532771619378,-18.638604888375973,15.64844680907815,-0.0
11.85,-10.863691169543058,-19.18947721126469,16.41425139574424,-0.0
11.855,-11.281197535415354,-19.722159909904928,17.2371966000725,-0.0
11.86,-11.702123419254862,-20.22965983944535,18.119897106120796,-0.0
11.865,-12.127606814984157,-20.706944526996544,19.063025926191095,-0.0
11.870000000000001,-12.55647151321142,-21.145449893972405,20.0638369671035,-0.0
11.875,-12.985465187749028,-21.537856245217874,21.12275085164495,-0.0
11.88,-13.413097445241581,-21.87639538100779,22.241141877700162,-0.0
11.885,-13.837057382576418,-22.1528444569371,23.412201612850268,-0.0
11.89,-14.253163389317116,-22.359921888245573,24.633199658904623,-0.0
11.895,-14.659308166757882,-22.48781237722519,25.89898399012292,-0.0
11.9,-15.051012872911128,-22.52944439884338,27.201081645792858,-0.0
11.905,-15.425784127393888,-22.476879599073122,28.5339413323519,-0.0
11.91,-15.779528345468902,-22.32206491201274,29.887271896849615,-0.0
11.915000000000001,-16.106648122084582,-22.060937483280018,31.249808144236205,-0.0
11.92,-16.40440991665813,-21.688106520315838,32.60990017252718,-0.0
11.925,-16.669629098163934,-21.201526950433458,33.9543542867551,-0.0
11.93,-16.896501748750698,-20.599148107060262,35.269621793447726,-0.0
11.935,-17.08012576113497,-19.881239304295573,36.53999275805302,-0.0
11.94,-17.221445248854067,-19.05288994954743,37.75086517487953,-0.0
11.945,-17.313685390487166,-18.11772888887612,38.88828083719161,-0.0
11.950000000000001,-17.35393569039051,-17.083435885562523,39.937996026240434,-0.0
11.955,-17.34093480331628,-15.963028825819022,40.88745783591702,-0.0
11.96,-17.271800146208403,-14.76545384769816,41.726578490323824,-0.0
11.965,-17.147445395295502,-13.506137115742646,42.44518346407412,-0.0
11.97,-16.965037355037015,-12.20019778128588,43.037063524720196,-0.0
11.975,-16.727492785130067,-10.863275604726574,43.49887075699722,-0.0
11.98,-16.43320265968649,-9.51304654189882,43.82824686897739,-0.0
11.985,-16.086686296273836,-8.164343147851097,44.02661395922752,-0.0
11.99,-15.690266865575031,-6.834616597511358,44.095579675503934,-0.0
11.995000000000001,-15.247368739320649,-5.537127951158946,44.044614200036186,-0.0
12.0,-14.76111513011919,-4.286196669854936,43.87938383215736,-0.0
12.005,-14.235663195678653,-3.0926657955062433,43.611148105609956,-0.0
12.01,-13.678613445857456,-1.9661350084134213,43.24869928078236,-0.0
12.015,-13.093141518659959,-0.9130714467407739,42.806150023335434,-0.0
12.02,-12.483088582889645,0.06035308585547006,42.29464303011849,-0.0
12.025,-11.856402075242624,0.9515146424079597,41.72770379660219,-0.0
12.030000000000001,-11.215786502428255,1.7605122479493298,41.1145983286299,-0.0
12.035,-10.566995480970181,2.4877411307976187,40.46681330744012,-0.0
12.040000000000001,-9.91527096376376,3.1334256467580612,39.796101414220374,-0.0
12.045,-9.262467495107998,3.703879289904707,39.11032746192963,-0.0
12.05,-8.61269474744997,4.200091919531166,38.41802712919372,-0.0
12.055,-7.971641769613291,4.6277711224948925,37.72607182957315,-0.0
12.06,-7.342271229890599,4.9939728211134,37.03920574017587,-0.0
12.065,-6.725721815454306,5.301538113533229,36.36261188764445,-0.0
12.07,-6.125199224577652,5.556262998108288,35.69937438652712,-0.0
12.075000000000001,-5.54183884337711,5.764075771557946,35.05178135446783,-0.0
12.08,-4.976480800891313,5.930417496820334,34.42427793391548,-0.0
12.085,-4.431052099575076,6.061069845629196,33.81607038313572,-0.0
12.09,-3.9081803686090555,6.160008817135291,33.231602218283264,-0.0
12.095,-3.405124798864342,6.231572719493092,32.66762564213144,-0.0
12.1,-2.9226683114302565,6.28011760761273,32.12564227505655,-0.0
12.105,-2.4619697176539197,6.309933291148096,31.60597803124053,-0.0
12.11,-2.0239443887914312,6.323906186421992,31.106310589688754,-0.0
12.115,-1.6055330929295466,6.323919652978763,30.62771927430652,-0.0
12.120000000000001,-1.209060910024445,6.31372563989027,30.167437230990434,-0.0
12.125,-0.8327225810978384,6.295127393739345,29.725991723662016,-0.0
12.13,-0.47632925464462506,6.270321631323338,29.303430517140274,-0.0
12.135,-0.13882259032450428,6.241663931183156,28.89793967159012,-0.0
12.14,0.17979656339866995,6.210982870505262,28.508247469023072,-0.0
12.145,0.48104348603017355,6.1803977619653265,28.134270465804025,-0.0
12.15,0.766676250296904,6.149057844352338,27.773960672559557,-0.0
12.155000000000001,1.0343686591035897,6.120145116292963,27.42808026406144,-0.0
12.16,1.289193890936537,6.091983207830124,27.094543361192887,-0.0
12.165000000000001,1.530169757043272,6.06809195204984,26.77176378953928,-0.0
12.17,1.756394919319757,6.046497957385925,26.46127273441563,-0.0
12.175,1.9715926683844296,6.028769366391067,26.16105780217551,-0.0
12.18,2.175047849385884,6.018235601126781,25.871550173429878,-0.0
12.185,2.3681016276492177,6.011235634460766,25.59033554371368,-0.0
12.19,2.5501788203868414,6.0090651475075925,25.320221447141297,-0.0
12.195,2.723428700975168,6.0127367391742235,25.05823861617293,-0.0
12.200000000000001,2.886293748558612,6.023463990915671,24.80575378314953,-0.0
12.205,3.044168490551101,6.0398627047222355,24.560846386482556,-0.0
12.21,3.1939169825317166,6.061704635220575,24.325229391281447,-0.0
12.215,3.337423607976865,6.090251634251763,24.09672364684952,-0.0
12.22,3.4756634682033423,6.124406128019851,23.87584660894957,-0.0
12.225,3.608416534396201,6.163615521741848,23.66319970369599,-0.0
12.23,3.7362362382980043,6.211801975385942,23.46027406338793,-0.0
12.235,3.8599545934274238,6.265294393287236,23.263757116586568,-0.0
12.24,3.9798236241952125,6.325485312134987,23.074506338284365,-0.0
12.245000000000001,4.09669452785282,6.391735387786495,22.892917539263493,-0.0
12.25,4.212794872904513,6.464756252663991,22.719290128860344,-0.0
12.255,4.325163217480001,6.545133974766289,22.55145374175499,-0.0
12.26,4.4370663695719434,6.630416497383351,22.39237582671998,-0.0
12.265,4.5470511759328724,6.721235717997031,22.240396750730188,-0.0
12.27,4.656216758691708,6.81790458487167,22.096797123263528,-0.0
12.275,4.76299624038297,6.922551883726268,21.959971535677766,-0.0
12.280000000000001,4.87069403330067,7.0314714403230205,21.8319763884922,-0.0
12.285,4.9784360377490735,7.145781421123917,21.71171476960397,-0.0
12.290000000000001,5.088188023623164,7.266578010706446,21.60008449283615,-0.0
12.295,5.196861821060235,7.393233782817855,21.496664943352723,-0.0
12.3,5.306623195164324,7.5244116577654,21.4025180344411,-0.0
12.305,5.418213548034612,7.661706203833113,21.316585775791065,-0.0
12.31,5.5307621118235195,7.803035046300657,21.24017182353489,-0.0
12.315,5.644191845461994,7.951989435330882,21.173015269281475,-0.0
12.32,5.759616074213761,8.105053548100697,21.11336931258495,-0.0
12.325000000000001,5.877634450416711,8.26267597648113,21.064957016545033,-0.0
12.33,5.997410676116667,8.424091320344726,21.025895185313523,-0.0
12.335,6.118423084171574,8.590499317742122,20.998424068691016,-0.0
12.34,6.242123144721359,8.761204156741911,20.981517326814675,-0.0
12.345,6.369208330047121,8.936773386868364,20.975134299420112,-0.0
12.35,6.497267756656781,9.11565506493371,20.98068789524952,-0.0
12.355,6.628212426506907,9.298222384676036,20.996938724733575,-0.0
12.36,6.761506783935087,9.483366575325133,21.025007930082474,-0.0
12.365,6.89776632894465,9.671035845461693,21.067005983922396,-0.0
12.370000000000001,7.036101370421653,9.86230945774064,21.11994088076931,-0.0
12.375,7.175385396930107,10.055402148702893,21.184370357271906,-0.0
12.38,7.3191972315147495,10.251293250963236,21.262398866496888,-0.0
12.385,7.466237304516764,10.447506943484429,21.35412525967376,-0.0
12.39,7.616962240273379,10.643050658068006,21.460396262263156,-0.0
12.395,7.768696901331004,10.839652782876792,21.580668115910726,-0.0
12.4,7.921185460987781,11.033850557883776,21.71261638886846,-0.0
12.405000000000001,8.076289080248255,11.227710089823184,21.86051385821788,-0.0
12.41,8.234852221917643,11.420132863515907,22.022029497091783,-0.0
12.415000000000001,8.39398429331514,11.610102171575694,22.19845274868977,-0.0
12.42,8.5547988257202,11.795403804911972,22.38875518766185,-0.0
12.425,8.71752727745601,11.976640653172407,22.59464230651393,-0.0
12.43,8.88207407134623,12.151587708336631,22.814101162059938,-0.0
12.435,9.044616424854146,12.321341519398887,23.049706331943312,-0.0
12.44,9.210230674272896,12.48369393364644,23.29940996324281,-0.0
12.445,9.372859463432713,12.63872376258434,23.563538861884346,-0.0
12.450000000000001,9.537373106029351,12.782970355311932,23.840404003520465,-0.0
12.455,9.699666052303971,12.917342588709188,24.13286454303338,-0.0
12.46,9.86083637093526,13.039916923652218,24.437423425090348,-0.0
12.465,10.019783582252055,13.149722218350389,24.754605265952026,-0.0
12.47,10.176393704599828,13.24676918656485,25.08262062319491,-0.0
12.475,10.32872243785819,13.328603642281736,25.423383333012882,-0.0
12.48,10.48011253662381,13.396374376474387,25.772195415580978,-0.0
12.485,10.625115593608268,13.446471285780822,26.129704820543157,-0.0
12.49,10.766040754511181,13.478891295261757,26.49613631539927,-0.0
12.495000000000001,10.900898669546379,13.492613408985266,26.86818405420199,-0.0
12.5,11.030459230500801,13.48808280615893,27.24599423656271,-0.0
12.505,11.153215796744709,13.462402069691391,27.627904291307626,-0.0
12.51,11.268482677061712,13.415907728742237,28.009458093998468,-0.0
12.515,11.376391198382992,13.348239755271969,28.39172152779366,-0.0
12.52,11.474772733480691,13.25855431702553,28.77192955568612,-0.0
12.525,11.564626628500259,13.147033035411548,29.14843838365491,-0.0
12.530000000000001,11.643284275357304,13.014177805121138,29.51888630047732,-0.0
12.535,11.712696205473248,12.861517669918378,29.883088269814493,-0.0
12.540000000000001,11.769965242248137,12.687911964039998,30.23672501666027,-0.0
12.545,11.816088913344817,12.493162168550326,30.58115343785283,-0.0
12.55,11.848246365614962,12.278962470487116,30.911861327243596,-0.0
12.555,11.869738557303696,12.044868654178146,31.22807993362188,-0.0
12.56,11.878164680289471,11.79363302382444,31.52576004721439,-0.0
12.565,11.874424158774094,11.525805615030121,31.804880539823078,-0.0
12.57,11.857207567497216,11.242302373806785,32.066342769232236,-0.0
12.575000000000001,11.82657220524039,10.943903629545353,32.303981759458765,-0.0
12.58,11.783471802570967,10.633663295941869,32.52082712893229,-0.0
12.585,11.72528178053137,10.314757832253456,32.713663028949895,-0.0
12.59,11.654332974750178,9.986833948365653,32.882221202387036,-0.0
12.595,11.571182990443225,9.653175152048707,33.025785481295955,-0.0
12.6,11.475373914818462,9.314912864330546,33.143323063070525,-0.0
12.605,11.366719360417465,8.973247046058809,33.23583117654079,-0.0
12.61,11.246521204919627,8.630785432031125,33.30150848132019,-0.0
12.615,11.114967960671134,8.289582831364921,33.34151470418061,-0.0
12.620000000000001,10.974903231363731,7.950287607357691,33.35787590244023,-0.0
12.625,10.824002417054409,7.615800452618832,33.348836778237235,-0.0
12.63,10.66358646794599,7.2889247607851075,33.316294995289844,-0.0
12.635,10.495078274586348,6.969645595948313,33.26200804165158,-0.0
12.64,10.31850067338323,6.658667980107813,33.18256844601356,-0.0
12.645,10.135725493949451,6.358542948084328,33.083388396777046,-0.0
12.65,9.947099323059309,6.069749329691754,32.96431891512545,-0.0
12.655000000000001,9.754034871527768,5.792771670041648,32.82693311652232,-0.0
12.66,9.55510707626196,5.527438715216419,32.67137741916087,-0.0
12.665000000000001,9.35386265304487,5.276205708622506,32.49947734599097,-0.0
12.67,9.14960208767687,5.039367866012626,32.31258650046949,-0.0
12.675,8.943759178149826,4.817236995319888,32.11176065517933,-0.0
12.68,8.736417038820615,4.608685461021517,31.898556860465142,-0.0
12.685,8.529636576777218,4.414430172411003,31.675560530491737,-0.0
12.69,8.32346029402408,4.235502578063706,31.441033882443573,-0.0
12.695,8.119480761509035,4.071486883921088,31.19736218695253,-0.0
12.700000000000001,7.917066668682313,3.9215104731936616,30.947707192486707,-0.0
12.705,7.717776839439975,3.7847201267766977,30.68986690832094,-0.0
12.71,7.520311679884136,3.6612562313324726,30.425613746507402,-0.0
12.715,7.327545961795894,3.551909586942155,30.157694172958266,-0.0
12.72,7.138390840423054,3.4555653442850987,29.887962338819143,-0.0
12.725,6.954293338183226,3.371331103966586,29.612496050996757,-0.0
12.73,6.776075613469793,3.2975368799079336,29.336166064670554,-0.0
12.735,6.602525919068517,3.236864952827675,29.056729775929902,-0.0
12.74,6.433766354455741,3.1855274186768803,28.77612263452542,-0.0
12.745000000000001,6.270135694874606,3.1445840905741975,28.495186265603902,-0.0
12.75,6.112729209106075,3.114548316412091,28.213843266304366,-0.0
12.755,5.964004267212383,3.0910177394407827,27.93344638666203,-0.0
12.76,5.820452048142823,3.078421472351443,27.652452593850377,-0.0
12.765,5.682710042561392,3.073249189047089,27.373624769989714,-0.0
12.77,5.552356685118152,3.075970177776639,27.09608339367858,-0.0
12.775,5.429402197734761,3.086178434087219,26.82161451134907,-0.0
12.780000000000001,5.311631396666484,3.10339884272547,26.547010613098756,-0.0
12.785,5.201683529026596,3.1258849847773917,26.275701493327826,-0.0
12.790000000000001,5.098715417199,3.1562367689944213,26.006054003146417,-0.0
12.795,5.0009410969281936,3.189974285746879,25.74043225183322,-0.0
12.8,4.910695060268565,3.2301524758219453,25.476861363267744,-0.0
12.805,4.827042361646223,3.275509655241294,25.218499375880842,-0.0
12.81,4.748304698875338,3.3262264815471574,24.96127014207259,-0.0
12.815,4.677569173662532,3.3802426451848775,24.70653825857617,-0.0
12.82,4.611561820275201,3.4395273691324157,24.455920438563204,-0.0
12.825000000000001,4.552432063242482,3.504171691177833,24.208865657205976,-0.0
12.83,4.500771363193953,3.572967531739077,23.96583612078896,-0.0
12.835,4.455407832396882,3.6469499345381804,23.725599218831967,-0.0
12.84,4.414824439603849,3.724401874355281,23.49139422431019,-0.0
12.845,4.381022908867117,3.804660877012519,23.260053323556743,-0.0
12.85,4.350244114244867,3.8892566620466447,23.03385737508486,-0.0
12.855,4.327994263440608,3.9763247090873497,22.810818249327752,-0.0
12.86,4.310488401720695,4.0688617350668626,22.592579642042374,-0.0
12.865,4.2990427983826685,4.164980154918521,22.378214561145136,-0.0
12.870000000000001,4.2918003515321095,4.265967136767029,22.16887450593837,-0.0
12.875,4.290926302696309,4.368786357852219,21.96484937399503,-0.0
12.88,4.2949693095325845,4.477188261089712,21.76560563400437,-0.0
12.885,4.304234940686693,4.5892695420576635,21.571609115053192,-0.0
12.89,4.317857333754182,4.705079221254561,21.382991673195818,-0.0
12.895,4.33674025185246,4.8244805702517946,21.198885488834293,-0.0
12.9,4.361495817501459,4.947620077628964,21.020179089664822,-0.0
12.905000000000001,4.391182180639097,5.075188808235204,20.848309231059833,-0.0
12.91,4.425216385199263,5.207997649640769,20.68215152794125,-0.0
12.915000000000001,4.464771852871772,5.34327718619521,20.5214270823882,-0.0
12.92,4.509253277696291,5.485399582810349,20.366788826987353,-0.0
12.925,4.557761117137967,5.630862009177863,20.219342096244937,-0.0
12.93,4.612886286091726,5.780694779032196,20.077540182484732,-0.0
12.935,4.67107142807454,5.933136697072661,19.94259735367732,-0.0
12.94,4.7338503523879,6.091417647432512,19.815256376992657,-0.0
12.945,4.801328048305275,6.25455416134667,19.695007236648912,-0.0
12.950000000000001,4.873933769255673,6.422621285081885,19.58346190051941,-0.0
12.955,4.952654246390835,6.595195382990318,19.479243695511688,-0.0
12.96,5.033060233309772,6.773708599831557,19.38438002149638,-0.0
12.965,5.120151485238003,6.9570578854238425,19.296701668329924,-0.0
12.97,5.212932861309237,7.145246282297583,19.21673918133564,-0.0
12.975,5.308850704271396,7.337405693034575,19.146353700338505,-0.0
12.98,5.409724061905405,7.535806308157903,19.08653690647209,-0.0
12.985,5.516035346312675,7.7378734570155085,19.0358525491463,-0.0
12.99,5.627722464812584,7.94527954092237,18.994788969104615,-0.0
12.995000000000001,5.742908323680903,8.159179969413374,18.96460985196391,-0.0
13.0,5.864078958437255,8.378830674869308,18.94534432262761,-0.0
13.005,5.9893443380503255,8.602164990068466,18.938658911242104,-0.0
13.01,6.1194300349451085,8.830014028126755,18.942998665485014,-0.0
13.015,6.254470975915637,9.063786995529673,18.960290785301446,-0.0
13.02,6.39648298824889,9.301328462920816,18.991062464832822,-0.0
13.025,6.542845152009918,9.541756351540588,19.0345238536817,-0.0
13.030000000000001,6.691939721500247,9.786286906349503,19.093263854890782,-0.0
13.035,6.846554634074005,10.035116948641779,19.166035503945068,-0.0
13.040000000000001,7.005540225714955,10.286846986504383,19.254839239142672,-0.0
13.045,7.169067655538905,10.542035887194219,19.357400509488965,-0.0
13.05,7.337689546298882,10.799437738933786,19.47769959704044,-0.0
13.055,7.510502636879485,11.058757014006288,19.61332153033527,-0.0
13.06,7.687152751036055,11.318405945898897,19.76798053158592,-0.0
13.065,7.868630058557173,11.57826534607246,19.93916998489394,0.0
13.07,8.053617491724554,11.837264258000085,20.12961171062375,0.0
13.075000000000001,8.241395950858779,12.094218976023585,20.338628255650367,0.0
13.08,8.434092751999813,12.349095743100081,20.56845857404584,0.0
13.085,8.630389177973006,12.601503497876225,20.814014070344115,0.0
13.09,8.828875622886981,12.84863718088876,21.080684293174766,0.0
13.095,9.029611685599365,13.088753247050768,21.36627814951937,0.0
13.1,9.233735336639715,13.322612910938568,21.672012819571673,0.0
13.105,9.437506090910963,13.548855547131556,21.998997122973247,0.0
13.11,9.641422217651796,13.763762264695677,22.345347583582758,0.0
13.115,9.848197530927331,13.967610088899336,22.710652644252836,0.0
13.120000000000001,10.053772206795921,14.156983782379417,23.095324867003317,0.0
13.125,10.258760797422104,14.333521523878629,23.498566889931656,0.0
13.13,10.462978451574264,14.492773478862008,23.920765683427998,0.0
13.135,10.664738025646118,14.633600911577236,24.360412697667684,0.0
13.14,10.862510836328049,14.753914352363973,24.816023109938005,0.0
13.145,11.057853022814284,14.852864440408318,25.285890426842762,0.0
13.15,11.246876618646496,14.928936653528188,25.770535382763814,0.0
13.155000000000001,11.43075978078251,14.979597256624556,26.265059152331965,0.0
13.16,11.60746118042219,15.002045166704198,26.77167568145296,0.0
13.165000000000001,11.775113482488317,14.998346028202345,27.284137954307816,0.0
13.17,11.936113417112443,14.967025492791688,27.802942340395457,0.0
13.175,12.087632533997809,14.90387482110376,28.326851933427,0.0
13.18,12.22883491989239,14.81012699708529,28.850107716761737,0.0
13.185,12.35793274887523,14.684247771269373,29.370146317942847,0.0
13.19,12.474580121786788,14.527340534948898,29.88535984220538,0.0
13.195,12.57833417590778,14.337088288144933,30.39312229737975,0.0
13.200000000000001,12.665922345465633,14.115666557152064,30.890471514343773,0.0
13.205,12.738989957100708,13.86189492000933,31.372850014133185,0.0
13.21,12.796316814839953,13.578203846468394,31.837556587749674,0.0
13.215,12.836755339012946,13.264060526813223,32.28188136818726,0.0
13.22,12.858516049848816,12.92224529276383,32.70293189577245,0.0
13.225,12.861709894453808,12.554624822931496,33.098089212317454,0.0
13.23,12.845837096723281,12.163740572762114,33.464995915468414,0.0
13.235,12.811962103065333,11.75201765178492,33.79860823483283,0.0
13.24,12.759618561443828,11.321602769521975,34.10118580707835,0.0
13.245000000000001,12.68693366163117,10.876598035140516,34.36892698440004,0.0
13.25,12.595710731212716,10.418662632241201,34.599986436512545,0.0
13.255,12.487053628937323,9.951377895186097,34.79380797055319,0.0
13.26,12.360101302526749,9.478019428752942,34.9512686970489,0.0
13.265,12.21474977727031,9.000961674381783,35.071120869134006,0.0
13.27,12.053611674625554,8.52334138999345,35.1527316907205,0.0
13.275,11.876777915852086,8.049779774890284,35.1972355024352,0.0
13.280000000000001,11.686106136835496,7.583144216137968,35.205542202471875,0.0
13.285,11.480482632336882,7.125443834302597,35.17927685149345,0.0
13.290000000000001,11.261783291149028,6.679435190107961,35.118282988075876,0.0
13.295,11.032845863221713,6.24572187544187,35.02567110137897,0.0
13.3,10.794087889633872,5.826978218687846,34.904092888377384,0.0
13.305,10.545233297016201,5.424824487403994,34.75418032658112,0.0
13.31,10.289345534833732,5.042611354575268,34.576971707019254,0.0
13.315,10.026971070504153,4.679823997790544,34.37566901946921,0.0
13.32,9.75952661321713,4.3375101642020315,34.152625074647204,0.0
13.325000000000001,9.488980572508519,4.0154064956420985,33.9086835038631,0.0
13.33,9.215082852962913,3.7149588743700894,33.64582520859123,0.0
13.335,8.94065177358114,3.435126368996437,33.36872948624284,0.0
13.34,8.66529925972116,3.1774675304623266,33.077747316389186,0.0
13.345,8.389729605406803,2.940873451819362,32.77339818504719,0.0
13.35,8.117712336995671,2.7252595777183832,32.46019330468338,0.0
13.355,7.847644607420621,2.530997646963095,32.138295800856355,0.0
13.36,7.580243820379039,2.356075673001604,31.810311292849825,0.0
13.365,7.3183672171923595,2.199679451981832,31.475582170732178,0.0
13.370000000000001,7.061896959763491,2.06241297237876,31.13666905493733,0.0
13.375,6.813227977856328,1.9420947500318584,30.7937763068791,0.0
13.38,6.57028129639917,1.8372213637655745,30.450628264987895,0.0
13.385,6.333983788590333,1.7479178329355989,30.105349278824708,0.0
13.39,6.106223284970628,1.6715459033617377,29.760763880743454,0.0
13.395,5.885319565601975,1.610233797041078,29.415829422471397,0.0
13.4,5.672143750093702,1.5613646236243797,29.071169462528477,0.0
13.405000000000001,5.46585069866971,1.5238642184498814,28.728156809925007,0.0
13.41,5.268273548796506,1.4961677002545273,28.387720219680308,0.0
13.415000000000001,5.079075622854949,1.478003756517174,28.047103710625006,0.0
13.42,4.89791775222067,1.4701133283840253,27.711369600860664,0.0
13.425,4.725797739652035,1.4696077081769474,27.377864282000782,0.0
13.43,4.562650676975055,1.477065960750888,27.04805879674584,0.0
13.435,4.409366074137941,1.4920103158268172,26.72133389887713,0.0
13.44,4.262291308430404,1.513739542575065,26.397243420737432,0.0
13.445,4.125467335343585,1.5403046309506774,26.077691213223062,0.0
13.450000000000001,3.9970337072316133,1.5728103193925078,25.762240992130838,0.0
13.455,3.8762714315604834,1.609180265374681,25.449489567841376,0.0
13.46,3.7627538286411517,1.65132534605829,25.14107635826606,0.0
13.465,3.657575751310388,1.6965702184194091,24.835657376811206,0.0
13.47,3.560130939489316,1.7443830794975372,24.535448122199018,0.0
13.475,3.4692595783062834,1.7966167579781342,24.240307907649058,0.0
13.48,3.3849180980586,1.8529908200282583,23.948487754983383,0.0
13.485,3.3076783484948065,1.913216001711901,23.660620879435914,0.0
13.49,3.2388284792835234,1.9736501760444987,23.377170770227615,0.0
13.495000000000001,3.175571943908,2.0370972523004025,23.098363458321828,0.0
13.5,3.118995221788289,2.104858925384414,22.823210764775123,0.0
13.505,3.068397527917408,2.1748381779416692,22.55105284696904,0.0
13.51,3.024124905736414,2.2476485359760994,22.283926793959147,0.0
13.515,2.985235664533318,2.3221487741535736,22.019285230915646,0.0
13.52,2.9523731426939333,2.399740672786965,21.759966913566622,0.0
13.525,2.924140463931565,2.4796720990049024,21.504714890573865,0.0
13.530000000000001,2.9014538106654344,2.5620046831597465,21.25223865112717,0.0
13.535,2.8840509492493127,2.6472610673587735,21.006895298687688,0.0
13.540000000000001,2.871610196699692,2.734134962104126,20.764485504101078,0.0
13.545,2.8644918757238327,2.823723003632053,20.52711597189913,0.0
13.55,2.8623831981217043,2.915384127378533,20.29389300485836,0.0
13.555,2.864549557557376,3.01217331619903,20.063536761913632,0.0
13.56,2.871065866445824,3.111213662672548,19.839230147392254,0.0
13.565,2.883292240689378,3.2120856635428776,19.6184294632006,0.0
13.57,2.8994159320849247,3.317444769642371,19.40332400040754,0.0
13.575000000000001,2.9196761458280767,3.4266387597787404,19.19304354743392,0.0
13.58,2.9452991710932355,3.5383688962878206,18.986264595661893,0.0
13.585,2.9764802243993618,3.65374817807826,18.785241194399728,0.0
13.59,3.010939139216184,3.7715699311686737,18.591682040360418,0.0
13.595,3.0494354353815334,3.8930834048660774,18.39948796436823,0.0
13.6,3.0929501378377093,4.020520596719006,18.21382237345479,0.0
13.605,3.138697725024714,4.150225607128572,18.034231034767753,0.0
13.61,3.1892541374880876,4.2856403971972625,17.858884034911735,0.0
13.615,3.2438884620428414,4.42643782630102,17.690477702712567,0.0
13.620000000000001,3.3036884416947205,4.573148913204196,17.52674526769943,0.0
13.625,3.3686338431267218,4.72319653779214,17.368548050190327,0.0
13.63,3.436766891371132,4.879782115748442,17.216846776841695,0.0
13.635,3.5089092215043762,5.041139474969451,17.070283881498128,0.0
13.64,3.58620032737404,5.2086833312184,16.93017459748851,0.0
13.645,3.6658473265127514,5.381037970362991,16.798928154611755,0.0
13.65,3.7509326357381734,5.5592391522736015,16.674285931684334,0.0
13.655000000000001,3.841829324056421,5.742965818127289,16.555289300393085,0.0
13.66,3.9369089932186525,5.934805686935821,16.443499266463697,0.0
13.665000000000001,4.037108622593557,6.132331200969556,16.34081175596,0.0
13.67,4.142578872277321,6.337353824905782,16.247008854187026,0.0
13.675,4.252155524371376,6.549618517909566,16.161311422650503,0.0
13.68,4.3670399539094165,6.769081592002688,16.085881277851925,0.0
13.685,4.4865801863200625,6.996254238162092,16.018173197589586,0.0
13.69,4.611947509823739,7.230332237808149,15.96071888078645,0.0
13.695,4.742769676045076,7.470923332544733,15.915413201134074,0.0
13.700000000000001,4.879679789174281,7.720795800603022,15.880896919330192,0.0
13.705,5.022838279214095,7.977284223653951,15.85721103491706,0.0
13.71,5.170799944525673,8.242279380498116,15.846637521032811,0.0
13.715,5.324837154743008,8.515165786196242,15.849412016148275,0.0
13.72,5.4848934066723425,8.796098110700495,15.864470792193746,0.0
13.725,5.650195457441331,9.084548318103728,15.894022906893914,0.0
13.73,5.821128559176847,9.380860759896459,15.938817232820472,0.0
13.735,5.999164744914253,9.685509179803839,15.99926347999583,0.0
13.74,6.183867406348449,9.996848158805903,16.076011596689057,0.0
13.745000000000001,6.375345075964327,10.31645525842995,16.16996479500249,0.0
13.75,6.571619224010428,10.641062341176593,16.282148327552385,0.0
13.755,6.7755650060406,10.9736445247699,16.41549661834829,0.0
13.76,6.985161768840403,11.311615501595917,16.56850808739685,0.0
13.765,7.201146572128197,11.654440826753348,16.74272238192036,0.0
13.77,7.423446875974815,12.001342160165475,16.93812951170638,0.0
13.775,7.6528402847698445,12.351210439620996,17.158285525869903,0.0
13.780000000000001,7.886269361037167,12.705222097731781,17.40236012223615,0.0
13.785,8.128060239356882,13.059924493023463,17.671059929149248,0.0
13.790000000000001,8.374593642714798,13.413815608802075,17.96676937287792,0.0
13.795,8.626865096508222,13.766883037722849,18.288975921212387,0.0
13.8,8.885141313435556,14.11716711504332,18.63930690662865,0.0
13.805,9.14786556729906,14.462379764244764,19.01803188622691,0.0
13.81,9.413419713267913,14.800737457995284,19.42565508573149,0.0
13.815,9.683246846322167,15.130596406521033,19.86262726647736,0.0
13.82,9.956304156301032,15.448858891603996,20.330417028368572,0.0
13.825000000000001,10.231343285279314,15.753725927664007,20.829044291848234,0.0
13.83,10.508334047395705,16.0419053786149,21.356446246280075,0.0
13.835,10.787220956354828,16.311346245846387,21.91423616169004,0.0
13.84,11.063520279993615,16.558199419911134,22.501255469982354,0.0
13.845,11.337425255255184,16.780539906014305,23.116888433179984,0.0
13.85,11.609995470413415,16.97363567070239,23.760142674437883,0.0
13.855,11.878374189248566,17.134344703663153,24.429370832624468,0.0
13.86,12.141629067567473,17.26051203128816,25.121716319937676,0.0
13.865,12.396517805461043,17.3483103192352,25.833664282976915,0.0
13.870000000000001,12.644356217691284,17.39626266184974,26.565078804584928,0.0
13.875,12.881011632412145,17.39934542378504,27.30974976521464,0.0
13.88,13.108043267326199,17.356294516542402,28.067050599671248,0.0
13.885,13.320111766819565,17.26516238479158,28.83065093107513,0.0
13.89,13.51847040934013,17.12385490894652,29.596901614724654,0.0
13.895,13.699126801358922,16.93010995303086,30.358925508281516,0.0
13.9,13.860967687297794,16.68382657446022,31.114002933151774,0.0
13.905000000000001,14.001141441941103,16.38408889427874,31.855713060978456,0.0
13.91,14.11998821543586,16.033428360926354,32.57844885537736,0.0
13.915000000000001,14.216188371078742,15.629021115103544,33.27570782719575,0.0
13.92,14.286202344075623,15.175020794482506,33.94244543387653,0.0
13.925,14.331343893550672,14.675426370781286,34.57385967233598,0.0
13.93,14.34815955569891,14.13171245777346,35.16469607701051,0.0
13.935,14.337780155643614,13.546945156719154,35.70880377542006,0.0
13.94,14.296848014047448,12.927037028230918,36.20439092088545,0.0
13.945,14.2285482089242,12.275197775395814,36.646401807836504,0.0
13.950000000000001,14.131021741917335,11.600497199747307,37.02998593111311,0.0
13.955,14.004238314444997,10.906009222402833,37.356690991558175,0.0
13.96,13.849614218290395,10.195835629974022,37.622285369499124,0.0
13.965,13.667175920874024,9.480590807971273,37.82862693884676,0.0
13.97,13.458075231163951,8.76149330661386,37.97184272875386,0.0
13.975,13.22240386602211,8.045563135701672,38.05449520538167,0.0
13.98,12.962879352352028,7.34124416865287,38.078513029420364,0.0
13.985,12.680932789799273,6.651782499241339,38.04629336325226,0.0
13.99,12.379410291270515,5.981589265303613,37.9603730498432,0.0
13.995000000000001,12.059217747610761,5.333417480965981,37.824688527824414,0.0
14.0,11.722840573648774,4.713243074897172,37.64101633398146,0.0
14.005,11.373036535076258,4.125333371721917,37.415288400638644,0.0
14.01,11.010246170069767,3.56907990866703,37.1511627464354,0.0
14.015,10.63801373329334,3.0479233585542356,36.851294998534584,0.0
14.02,10.257801054773049,2.5612316841011253,36.521965531299784,0.0
14.025,9.873303449784752,2.11003729243815,36.166423046153085,0.0
14.030000000000001,9.484842543179544,1.6967616782347035,35.78797620853152,0.0
14.035,9.095993770586102,1.3201618786861773,35.39142619767414,0.0
14.040000000000001,8.706756498672414,0.9778621923444297,34.98039293777177,0.0
14.045,8.319914990246973,0.6684918356732661,34.5569785370958,0.0
14.05,7.937928294685544,0.3934215985942342,34.12385335324244,0.0
14.055,7.560443479335422,0.1484137867444291,33.68402187051311,0.0
14.06,7.188988361406728,-0.06713542327350167,33.23951140226153,0.0
14.065,6.826783431932664,-0.25598343536666024,32.793235330687104,0.0
14.07,6.472649066025841,-0.41834320297833405,32.34619527520317,0.0
14.075000000000001,6.128430202651914,-0.55667734376163,31.899852695368875,0.0
14.08,5.795208260233626,-0.6737840241888957,31.45803134340847,0.0
14.085,5.471075561800964,-0.7708197328700481,31.01949060084542,0.0
14.09,5.15940645346087,-0.8492790887085973,30.583860512097452,0.0
14.095,4.858276936929073,-0.9132234855482225,30.153368536179478,0.0
14.1,4.569986867475571,-0.9615961908864088,29.72910603488576,0.0
14.105,4.294427728128008,-0.9956276648091582,29.310401163760243,0.0
14.11,4.029751376899361,-1.018835272838448,28.897348872809584,0.0
14.115,3.776141646807221,-1.0322192763583034,28.492464202034377,0.0
14.120000000000001,3.5351881884755634,-1.03625511670267,28.0926687599455,0.0
14.125,3.30664728484779,-1.0326758641638392,27.699087550483068,0.0
14.13,3.090087960475776,-1.0215949765363077,27.312316360690055,0.0
14.135,2.8841687619217633,-1.00536556544174,26.932356937785563,0.0
14.14,2.6888863581101874,-0.9849193687995627,26.55826260531776,0.0
14.145,2.5037343083972563,-0.9588850957088435,26.1917802020567,0.0
14.15,2.330034194604846,-0.9319185499733881,25.829963955108198,0.0
14.155000000000001,2.167305120116206,-0.9015572273285903,25.474182390151796,0.0
14.16,2.0145246754477912,-0.8688528426052821,25.125614257758333,0.0
14.165000000000001,1.8709281033664102,-0.8345444574847107,24.78259293669942,0.0
14.17,1.735037853190283,-0.7999165981775598,24.443943567970354,0.0
14.175,1.6074121621259645,-0.7660309744988496,24.1116636744763,0.0
14.18,1.488279315377522,-0.7309899806162385,23.783416186542713,0.0
14.185,1.3775713560389098,-0.6961578114017895,23.46077874878727,0.0
14.19,1.2738454628978366,-0.6620156261148947,23.142209881463952,0.0
14.195,1.1766916748028868,-0.6272002988256313,22.82913749878238,0.0
14.200000000000001,1.087150645381806,-0.593716258413566,22.5216325012294,0.0
14.205,1.0033068795555922,-0.562323813456557,22.217066766858032,0.0
14.21,0.9257576079882796,-0.5304110631808953,21.918626734432237,0.0
14.215,0.8530635108165986,-0.501065424802993,21.625028905800665,0.0
14.22,0.785245849686296,-0.4727325156781997,21.33447630035376,0.0
14.225,0.7236023071315952,-0.44336983207835734,21.047770729535777,0.0
14.23,0.6658315913839613,-0.41560505808593334,20.764380738309875,0.0
14.235,0.6121243322119095,-0.3878594541677667,20.48579992787985,0.0
14.24,0.562092740331304,-0.3624626576685571,20.212526588315185,0.0
14.245000000000001,0.5172898707653796,-0.33818129543452524,19.94185572799411,0.0
14.25,0.4739742512817119,-0.3155703141709781,19.67495339442136,0.0
14.255,0.43413430720135804,-0.2944053091830996,19.411734395288754,0.0
14.26,0.39771503116084433,-0.2730033125311164,19.152446075759734,0.0
14.265,0.3640247851110676,-0.25371536082379326,18.896821774253223,0.0
14.27,0.33331459513653244,-0.2352905345013036,18.64395289247658,0.0
14.275,0.30568614977707664,-0.2181412705577293,18.394404748531734,0.0
14.280000000000001,0.27799315696678434,-0.2014971673047241,18.14783405644711,0.0
14.285,0.25398308766881245,-0.18578140555579747,17.90463519330816,0.0
14.290000000000001,0.23095013120666763,-0.17133800351831735,17.6669815779132,0.0
14.295,0.21088576868933304,-0.1591023986696606,17.431583982095724,0.0
14.3,0.1923480157807691,-0.14743066326238088,17.199149994942996,0.0
14.305,0.17556675119651102,-0.13545013490092042,16.969661149433218,0.0
14.31,0.1590449546637121,-0.12622604415763927,16.74168194836119,0.0
14.315,0.14471541708709074,-0.1153806240790812,16.51841792386667,0.0
14.32,0.13202205075162426,-0.10669895913494229,16.295775703077776,0.0
14.325000000000001,0.11975976531601695,-0.09800902214349208,16.078795178878654,0.0
14.33,0.10906359240096965,-0.09017629471766159,15.86318987202752,0.0
14.335,0.09899328954218355,-0.08374675585561973,15.650576287379796,0.0
14.34,0.08946581393633118,-0.0776078920921626,15.441726140445512,0.0
14.345,0.08170085610944634,-0.0719008719524114,15.23523028232978,0.0
14.35,0.07374900905502035,-0.06850959444061958,15.03157084469926,0.0
14.355,0.06716414797080153,-0.06182023498054783,14.832043848190551,0.0
14.36,0.0603046113884408,-0.05619945156813343,14.633950127303482,0.0
14.365,0.05457972301442037,-0.051703941582584435,14.43978184869582,0.0
14.370000000000001,0.04884242671717936,-0.04788279369719065,14.248482275827152,0.0
14.375,0.0429688302096653,-0.04526164186311904,14.059102099524342,0.0
14.38,0.03870349473111789,-0.041886749296313495,13.871301234325989,0.0
14.385,0.03477077120448706,-0.03909926426331339,13.686412337622153,0.0
14.39,0.03154868947239052,-0.03700375460128939,13.50498192439181,0.0
14.395,0.027590412418633227,-0.03413556736274566,13.323928829791436,0.0
14.4,0.024815281585546745,-0.03234687427429728,13.14729052242311,0.0
14.405000000000001,0.023581425503040005,-0.03069955271469945,12.971800660625219,0.0
14.41,0.020564587577796677,-0.029784193152336866,12.798323491477461,0.0
14.415000000000001,0.018482459952903832,-0.02760536375399917,12.627151624441044,0.0
14.42,0.014716011128329744,-0.026133465496306317,12.458169027735268,0.0
14.425,0.012295822204348448,-0.024183754744618684,12.291959054796246,0.0
14.43,0.010101908849026108,-0.022600158069318425,12.127957595601334,0.0
14.435,0.008180342655729584,-0.021430672059327215,11.966728403770844,0.0
14.44,0.006638193427342665,-0.020302279928575893,11.807540385378434,0.0
14.445,0.005738638299200796,-0.019353373903953638,11.651080613536706,0.0
14.450000000000001,0.004912184152582516,-0.019281914894723418,11.496262302831187,0.0
14.455,0.003079394202000569,-0.019150984726166415,11.342613469503654,0.0
14.46,0.0014667897245974418,-0.019481278629741215,11.191911331482432,0.0
14.465,0.0006489039294439269,-0.019572175189021566,11.043619346630924,0.0
14.47,-3.254637056954537e-05,-0.019079118550056694,10.897196175319976,0.0
14.475,-0.0014584373188782892,-0.019118145332406657,10.750422867821332,0.0
14.48,-0.0022946172113423456,-0.01881214153914412,10.606475455394694,0.0
14.485,-0.0037324127782551162,-0.018879823895687743,10.463202783797826,0.0
14.49,-0.003930055083173917,-0.020170253520683117,10.32278275875234,0.0
14.495000000000001,-0.005119353445513556,-0.020562313137827522,10.18502307312056,0.0
14.5,-0.00513187681719349,-0.021326534798371932,10.050476328507974,0.0
14.505,-0.003806898533863739,-0.022539831993351533,9.916247261777766,0.0
14.51,-0.005318994022422344,-0.02166391009754361,9.78207415352054,0.0
14.515,-0.005961990617875111,-0.020980699741786565,9.651881726157544,0.0
14.52,-0.0070612626727703,-0.02132260998714273,9.523157586471552,0.0
14.525,-0.00789699036923665,-0.022009836394012217,9.39651174310183,0.0
14.530000000000001,-0.008312892786012894,-0.022208132973037732,9.271939830283511,0.0
14.535,-0.008277909144467811,-0.021395969724910285,9.147790015690347,0.0
14.540000000000001,-0.009289214515126137,-0.022818468257869616,9.026872339928863,0.0
14.545,-0.01009341982473938,-0.02376699028231798,8.906947711912599,0.0
14.55,-0.012439725101586151,-0.025532806688677048,8.78785777660445,0.0
14.555,-0.012472345639274386,-0.026467936814044767,8.670096550447003,0.0
14.56,-0.01453695402755785,-0.027088127775293326,8.553228300829854,0.0
14.565,-0.014174958102337595,-0.028148724087802432,8.439463738582555,0.0
14.57,-0.015957847323304346,-0.028908008399367,8.327078594598403,0.0
14.575000000000001,-0.017421362804147737,-0.02979020632548628,8.216612046423737,0.0
14.58,-0.017823738174471415,-0.03013177212207177,8.107676101984048,0.0
14.585,-0.019464180394027596,-0.03292090115991512,7.999334694955428,0.0
14.59,-0.020814662501863434,-0.035898897745342245,7.8921952876242045,0.0
14.595,-0.02189553556084497,-0.036626857803609726,7.78658806763588,0.0
14.6,-0.022329541725695515,-0.038527372014090296,7.683297480972505,0.0
14.605,-0.021342088049401527,-0.03940010889411252,7.5803824926793375,0.0
14.61,-0.022480554159465135,-0.04156905026422936,7.478534108405302,0.0
14.615,-0.023402220309973708,-0.04285930362201972,7.37852193967892,0.0
14.620000000000001,-0.023720146641169,-0.04440103756520018,7.279800783278827,0.0
14.625,-0.023302521809970406,-0.04719784576830999,7.183825942041604,0.0
14.63,-0.02351393088425359,-0.04926520911494704,7.08754155217204,0.0
14.635,-0.023989429745594336,-0.051118538681143216,6.994000180645196,0.0
14.64,-0.02582836819315938,-0.05258724676027275,6.901420722233161,0.0
14.645,-0.02670258221974111,-0.05549877073455841,6.810893035571635,0.0
14.65,-0.02694918492310521,-0.05810495355220619,6.720097080840098,0.0
14.655000000000001,-0.027948151208080637,-0.06029417679995424,6.631187908396952,0.0
14.66,-0.02905278008746239,-0.06320637456009337,6.544423331182673,0.0
14.665000000000001,-0.030370952100150117,-0.06642752058581844,6.455836573736937,0.0
14.67,-0.03194148042221087,-0.06911478209533198,6.371054131178884,0.0
14.675,-0.03318867687139014,-0.07208435671532204,6.287107593285718,0.0
14.68,-0.035611782594134056,-0.07583028283039872,6.203229737381202,0.0
14.685,-0.03802050913010388,-0.07971144800416839,6.121395991541653,0.0
14.69,-0.04081896745991073,-0.08434086490482906,6.039904765846819,0.0
14.695,-0.043604946718816436,-0.0876239164579999,5.959371397352999,0.0
14.700000000000001,-0.046112733463312856,-0.0918619155074054,5.879635199819027,0.0
14.705,-0.04703534526458666,-0.09620920757818521,5.802238328441636,0.0
14.71,-0.04829532200033635,-0.10117933899229843,5.724435973053294,0.0
14.715,-0.050400295264862,-0.10605721524167869,5.647271504171739,0.0
14.72,-0.053449106247551226,-0.11160644980060055,5.570352334105075,0.0
14.725,-0.055995626157889604,-0.11733917427027164,5.496040903160162,0.0
14.73,-0.05952681514989241,-0.12348498331044155,5.42305473137264,0.0
14.735,-0.06279849980041634,-0.12940121362918017,5.35021583787746,0.0
14.74,-0.06547264246827413,-0.13542929392342365,5.278007113112721,0.0
14.745000000000001,-0.06846216168200857,-0.1420167827456187,5.2057456470613666,0.0
14.75,-0.07246969949428828,-0.14887135818886105,5.135816851871175,0.0
14.755,-0.07622556481235665,-0.15723202004748685,5.068871068314268,0.0
14.76,-0.0812278610000659,-0.16573924593528308,5.001592706774694,0.0
14.765,-0.08577501658320276,-0.17445693911696236,4.935492789495432,0.0
14.77,-0.0908314844242229,-0.18309411839868703,4.869384783473343,0.0
14.775,-0.09593789522569143,-0.19236789827282397,4.8048278982479244,0.0
14.780000000000001,-0.10149038910371375,-0.2023654984888897,4.740667832745555,0.0
14.785,-0.10647321151965225,-0.2135146111480724,4.678046015980168,0.0
14.790000000000001,-0.11222776515561726,-0.22482239965021586,4.613881924800367,0.0
14.795,-0.11749937317802174,-0.23580741309362346,4.552360422518776,0.0
14.8,-0.12358548312041924,-0.24737105796954859,4.491130559334443,0.0
14.805,-0.1291346920297603,-0.2603561462568848,4.431147325031549,0.0
14.81,-0.1361781812031497,-0.2729965161485834,4.371285723217943,0.0
14.815,-0.14351600575725798,-0.28844366767089513,4.312345237120573,0.0
14.82,-0.15188059115941263,-0.30280609069407893,4.2555430944514425,0.0
14.825000000000001,-0.15978726316315967,-0.3187717383885501,4.198686330956436,0.0
14.83,-0.1681053243549392,-0.3359812288341906,4.14182184228197,0.0
14.835,-0.17622111048891578,-0.3544709696895977,4.087217605303038,0.0
14.84,-0.1851526684586958,-0.37338925659316574,4.033070315799737,0.0
14.845,-0.1944498541750991,-0.393172349425431,3.978155737770722,0.0
14.85,-0.20531908486693312,-0.4150649720206704,3.9243956988947115,0.0
14.855,-0.21572278848308565,-0.43646984985312953,3.8717709077866993,0.0
14.86,-0.22678008077597772,-0.46124956804757944,3.819849485180649,0.0
14.865,-0.23831631710100615,-0.48626526261812064,3.7697285481182257,0.0
14.870000000000001,-0.25164856845737726,-0.5130561209906742,3.720388141307159,0.0
14.875,-0.26546682647266584,-0.5402883928650535,3.670817809380958,0.0
14.88,-0.28005767788497465,-0.5691182989979557,3.6233196101304332,0.0
14.885,-0.29455480280590424,-0.6007684326227032,3.5744538939352917,0.0
14.89,-0.3102969126743268,-0.6337088154980538,3.5284379651754065,0.0
14.895,-0.3256281071340739,-0.6683897281032214,3.4815920244828846,0.0
14.9,-0.3421154865863515,-0.7056887139373781,3.4345503963740036,0.0
14.905000000000001,-0.360064020305088,-0.7431889388214206,3.390755419885982,0.0
14.91,-0.37991496704809147,-0.7845657370194743,3.346912937410339,0.0
14.915000000000001,-0.4015096071783783,-0.826728247345854,3.3030835113415353,0.0
14.92,-0.4224982704008456,-0.8727782694745791,3.260548326767858,0.0
14.925,-0.44466492118082446,-0.9208021400197726,3.219417381088937,0.0
14.93,-0.4676670926549114,-0.9706282720764322,3.1797549252944033,0.0
14.935,-0.4923105375763258,-1.0229551311464167,3.1400726449311356,0.0
14.94,-0.51967954927569,-1.077979691592426,3.098573760346747,0.0
14.945,-0.5461050826779194,-1.1366389474011032,3.059681287552194,0.0
14.950000000000001,-0.5758606166717175,-1.1985637627580539,3.021684194692183,0.0
14.955,-0.6074057946371438,-1.2639822372952842,2.9843459409943414,0.0
14.96,-0.6396080748873423,-1.3331374235849762,2.9483696529671324,0.0
14.965,-0.6749730934032468,-1.406891746301506,2.912841377037732,0.0
14.97,-0.7119452833662034,-1.4830133239942318,2.8786214681169726,0.0
14.975,-0.7519894110798213,-1.5647083369147827,2.8468572922874604,0.0
14.98,-0.7937668199371557,-1.6507795182500578,2.8147635907549775,0.0
14.985,-0.838243145503852,-1.7426889927040523,2.7833386328849157,0.0
14.99,-0.8832115440855602,-1.8391184024796423,2.7530777798901864,0.0
14.995000000000001,-0.9315427953247336,-1.940958644690098,2.722680387331502,0.0
15.0,-0.9820297680951342,-2.0492912924658366,2.694340888534935,0.0
15.005,-1.036323734736891,-2.16296267037774,2.6679819681651877,0.0
15.01,-1.091581137707353,-2.282402747036799,2.6440010264687603,0.0
15.015,-1.1512933881113256,-2.4108646110603082,2.6213203079869554,0.0
15.02,-1.2141383091513274,-2.545328340877085,2.6008571335709445,0.0
15.025,-1.2798773791258908,-2.6870973259131814,2.582843080182951,0.0
15.030000000000001,-1.3511625808847152,-2.835451817903484,2.566299482065262,0.0
15.035,-1.425610925681121,-2.9932963698869752,2.55012161367114,0.0
15.040000000000001,-1.5037165921528393,-3.1597493668556544,2.537286427957685,0.0
15.045,-1.5861205480004008,-3.336279832931395,2.5275809188557368,0.0
15.05,-1.6724233524560204,-3.523595312520766,2.519568732273889,0.0
15.055,-1.7638257209336026,-3.718201218359794,2.516306413951222,0.0
15.06,-1.8620001279065321,-3.9234221487761602,2.51607702010948,0.0
15.065,-1.9640273606335652,-4.140523468911567,2.5191494319659813,0.0
15.07,-2.072995941290613,-4.369210352814292,2.5264371619113213,0.0
15.075000000000001,-2.1875752640205133,-4.610782503943903,2.536602681689834,0.0
15.08,-2.3086668320065593,-4.864934464869751,2.5529398593815777,0.0
15.085,-2.4365700395512326,-5.134183219830402,2.5754488566326144,0.0
15.09,-2.5717520463898977,-5.419437423672281,2.604143132523872,0.0
15.095,-2.7135984702295777,-5.718634930955933,2.6391115079335115,0.0
15.1,-2.865829312420966,-6.0352025523538,2.681741223038791,0.0
15.105,-3.024981998732142,-6.367277837341016,2.7318571352787067,0.0
15.11,-3.192439837508429,-6.717369286555079,2.7922028466647677,0.0
15.115,-3.368755159629621,-7.086915360637158,2.8625187811317785,0.0
15.120000000000001,-3.5554586814427918,-7.474952859635919,2.9443883604950316,0.0
15.125,-3.75240105394974,-7.882127408482457,3.039338515264992,0.0
15.13,-3.9586522432646576,-8.310850248287043,3.146831196103947,0.0
15.135,-4.176551910226568,-8.760653633577729,3.2697343611807113,0.0
15.14,-4.403748063798912,-9.234675138888358,3.40901760443153,0.0
15.145,-4.645868850348719,-9.730818880186948,3.5665285056492495,0.0
15.15,-4.899550331501729,-10.250054724493758,3.744414286371824,0.0
15.155000000000001,-5.1659013998816805,-10.792576361756485,3.9452419538562244,0.0
15.16,-5.446335396273066,-11.359374587710123,4.170362777585146,0.0
15.165000000000001,-5.7422357562214685,-11.951184830892748,4.424352690732693,0.0
15.17,-6.0523232645876535,-12.56946150699307,4.70940342295446,0.0
15.175,-6.377101494138038,-13.212479844283662,5.026193711141349,0.0
15.18,-6.71881288190343,-13.878683467913385,5.3806601813391515,0.0
15.185,-7.077107161290195,-14.569904394745272,5.775999464010321,0.0
15.19,-7.450218381934716,-15.28416305753559,6.215455149527042,0.0
15.195,-7.841438814649825,-16.017730047782887,6.703088425778757,0.0
15.200000000000001,-8.249990342568317,-16.773368473643913,7.242806794289761,0.0
15.205,-8.676692685337766,-17.54624449077575,7.8385073441914095,0.0
15.21,-9.12024305622577,-18.333025213165115,8.49485073085423,0.0
15.215,-9.580445087411507,-19.131137149377828,9.217578289648426,0.0
15.22,-10.057171973263845,-19.935167134003372,10.011484566490548,0.0
15.225,-10.550999628212082,-20.741337587151158,10.879398176330895,0.0
15.23,-11.062193835486347,-21.539403881306214,11.827069075679015,0.0
15.235,-11.586744463903857,-22.325851073795594,12.860117688157256,0.0
15.24,-12.123893183852106,-23.092236258944418,13.98216717060353,0.0
15.245000000000001,-12.671779641103587,-23.82659930488279,15.195192353878983,0.0
15.25,-13.229222963258316,-24.51978947882665,16.501786365505282,0.0
15.255,-13.79342605435113,-25.157954590528416,17.90425425978557,0.0
15.26,-14.36172028547993,-25.728505435302388,19.40168225756414,0.0
15.265,-14.929768082391316,-26.215405873617435,20.989477672566128,0.0
15.27,-15.493397831198982,-26.607049340269516,22.667618622300918,0.0
15.275,-16.04888505273517,-26.88765429053486,24.427909880756562,0.0
15.280000000000001,-16.59214226015898,-27.03972086843921,26.260051715139213,0.0
15.285,-17.11592435838261,-27.049864053036146,28.153236758652024,0.0
15.290000000000001,-17.612593907573235,-26.90219586557258,30.092663430126816,0.0
15.295,-18.07716307280258,-26.584831890831996,32.06083360899137,0.0
15.3,-18.501185166362664,-26.085653044503285,34.03625325247102,0.0
15.305,-18.880027234683823,-25.397547181658584,35.99589885779133,0.0
15.31,-19.20612513083933,-24.515468960500062,37.91401933558529,0.0
15.315,-19.472859885170756,-23.439748432044954,39.760735337015284,0.0
15.32,-19.670855415500238,-22.176881982478317,41.5128136609639,0.0
15.325000000000001,-19.796604276115186,-20.737322119956737,43.1413004714519,0.0
15.33,-19.842931321965242,-19.134819732872856,44.618983531763064,0.0
15.335,-19.808290771703096,-17.38968098016731,45.92347753116116,0.0
15.34,-19.68713241777969,-15.527493123644724,47.03231192135856,0.0
15.345,-19.4783788286022,-13.576699763883113,47.93383567503776,0.0
15.35,-19.182244931197342,-11.56745298973362,48.616850024728706,0.0
15.355,-18.801534459287637,-9.530999092337655,49.0772797288895,0.0
15.36,-18.337647258815878,-7.503275056880504,49.31969991517215,0.0
15.365,-17.795956982602725,-5.511497469102913,49.34933457884486,0.0
15.370000000000001,-17.181352263603497,-3.584435487347185,49.18191297903584,0.0
15.375,-16.500322664062097,-1.7465440581244536,48.83497727560411,0.0
15.38,-15.762476560725942,-0.018711141452777857,48.3266988970932,0.0
15.385,-14.975158722641615,1.5829932699882825,47.683254642040765,0.0
15.39,-14.14695076267475,3.0482385270753953,46.92710603506651,0.0
15.395,-13.2859970180485,4.371130371819438,46.08580608188597,0.0
15.4,-12.402565310623395,5.5517781096370955,45.18025938448146,0.0
15.405000000000001,-11.505715852664991,6.5903066090787155,44.232939976337335,0.0
15.41,-10.599649847271793,7.492453648576109,43.26432651664718,0.0
15.415000000000001,-9.695559079435677,8.263544066673866,42.29001605024252,0.0
15.42,-8.797701152157911,8.91508923165124,41.32618826913777,0.0
15.425,-7.9110694115852604,9.455682484672426,40.382361756075746,0.0
15.43,-7.0419802685552195,9.899142278883513,39.470365711775884,0.0
15.435,-6.1942374626032795,10.253728453239555,38.5963485626207,0.0
15.44,-5.370956281031693,10.530147795845195,37.76409987467975,0.0
15.445,-4.575114313585387,10.739006182761434,36.97781244439305,0.0
15.450000000000001,-3.8098307426525957,10.892259701625667,36.240010667075346,0.0
15.455,-3.0760988192470617,10.994535307682995,35.548974549154174,0.0
15.46,-2.3719346509698256,11.055067425483495,34.90732097466964,0.0
15.465,-1.699835078826594,11.082084298124391,34.310988151461,0.0
15.47,-1.0614220515701849,11.080737871204057,33.75917720235984,0.0
15.475,-0.45308310834702903,11.055492610756696,33.25157167441052,0.0
15.48,0.12217907758541957,11.012114638547839,32.78311249424688,0.0
15.485000000000001,0.6669154779349018,10.954876972435377,32.3517564865121,0.0
15.49,1.181734063860882,10.88615727252797,31.956785374604795,0.0
15.495000000000001,1.66583825775458,10.808558603942682,31.59474586897468,0.0
15.5,2.1220855142346915,10.725496846075453,31.263124197237133,0.0
15.505,2.5522343563166165,10.636746869612312,30.96017634931379,0.0
15.51,2.95606695390235,10.54644003977081,30.68348484393683,0.0
15.515,3.336140615375037,10.454453818439754,30.4301715044017,0.0
15.52,3.691388319905585,10.36069785903486,30.199048747880394,0.0
15.525,4.023673529791134,10.268463596640204,29.988290928438214,0.0
15.530000000000001,4.336434700589403,10.17756605578016,29.79505272241427,0.0
15.535,4.627340482704654,10.08829585760467,29.61857108405705,0.0
15.540000000000001,4.901392164383438,10.000851402317883,29.457355578311834,0.0
15.545,5.15679013731024,9.91453705571933,29.30871741969461,0.0
15.55,5.394582092987208,9.831343274591749,29.172597792088272,0.0
15.555,5.616207580472787,9.75171020058792,29.048436470204553,0.0
15.56,5.822248833973771,9.673343681187085,28.935027674192508,0.0
15.565,6.014486670072886,9.597316919071927,28.830012513585746,0.0
15.57,6.194587592866873,9.523735758498104,28.73541413913404,0.0
15.575000000000001,6.360607841623515,9.453824669833583,28.64779267121112,0.0
15.58,6.514813989480672,9.385712401190764,28.56646228277757,0.0
15.585,6.658904024139647,9.320800616883172,28.492183195087424,0.0
15.59,6.792690686325705,9.258408353395803,28.424256545815496,0.0
15.595,6.916829398921908,9.197522130447798,28.35900183620675,0.0
15.6,7.030929243769107,9.137787251824943,28.298743724603447,0.0
15.605,7.1366545654104865,9.080429345692119,28.242260972523272,0.0
15.610000000000001,7.233909186796175,9.027895236422953,28.19043016182815,0.0
15.615,7.323343615554716,8.975591513625012,28.142136451261784,0.0
15.620000000000001,7.406494692217466,8.925709126433231,28.096015447041832,0.0
15.625,7.483098008385288,8.87722588011916,28.05288170420381,0.0
15.63,7.551934136946361,8.829828460742032,28.01080150875773,0.0
15.635,7.6152468916216325,8.78639685272231,27.971308622749252,0.0
15.64,7.674947149883115,8.743039078103175,27.93269727409033,0.0
15.645,7.728231772829665,8.702195024351786,27.895162672637195,0.0
15.65,7.77748695064273,8.663732991996712,27.85954077465345,0.0
15.655000000000001,7.821072282343421,8.626113333660994,27.824470961974992,0.0
15.66,7.861265137442921,8.590166656271272,27.789897945117456,0.0
15.665000000000001,7.8989436488885545,8.556473054383197,27.75671126783109,0.0
15.67,7.932307258563983,8.52284573580068,27.72392956523834,0.0
15.675,7.961384302404025,8.490692049110606,27.691708064000625,0.0
15.68,7.9883375926940134,8.461112142856546,27.659106734608304,0.0
15.685,8.011608479298642,8.433799319761867,27.62821740082778,0.0
15.69,8.031731987786145,8.406400550169307,27.596906674041804,0.0
15.695,8.049930112091081,8.38149332907812,27.56481763320016,0.0
15.700000000000001,8.06697076522985,8.357693998582292,27.534709327348743,0.0
15.705,8.081918645695682,8.335416688653115,27.50486194154047,0.0
15.71,8.094449071366755,8.31429127768948,27.475834074003206,0.0
15.715,8.10569905296243,8.294137440621737,27.444694435208103,0.0
15.72,8.115839083754251,8.27477844952651,27.414346484651684,0.0
15.725,8.124619341730801,8.25745827518431,27.384205537646093,0.0
15.73,8.13172536006008,8.240232910299465,27.353512207714576,0.0
15.735000000000001,8.136558780780557,8.225627038770352,27.323091179160823,0.0
15.74,8.141335092821715,8.212115317142668,27.29391542277671,0.0
15.745000000000001,8.145004655230663,8.198963103843523,27.262992442463517,0.0
15.75,8.14804875049165,8.188507969494449,27.23373486955369,0.0
15.755,8.151396295973974,8.17839960285818,27.204426788587448,0.0
15.76,8.152875163956349,8.169344415480992,27.173463702425458,0.0
15.765,8.15436753765304,8.161507942545883,27.143822811950646,0.0
15.77,8.155291018809741,8.154751604416802,27.115306449948,0.0
15.775,8.156306614258774,8.150115697449795,27.084879271496117,0.0
15.780000000000001,8.156470629322042,8.147517211989907,27.05563127441464,0.0
15.785,8.155799254149313,8.146069317897073,27.027330752671816,0.0
15.790000000000001,8.156301533199956,8.144723616200377,26.999317116892698,0.0
15.795,8.155097801537384,8.145989306994498,26.970943595440122,0.0
15.8,8.154592467395767,8.147913266266773,26.94420334669023,0.0
15.805,8.15502885689284,8.150019828137525,26.917682503474115,0.0
15.81,8.153698801884133,8.153771384226943,26.890267607227596,0.0
15.815,8.153501063441663,8.159130773623929,26.863764226232334,0.0
15.82,8.15360395208402,8.16438668218638,26.838521170908358,0.0
15.825000000000001,8.152766641195178,8.171101959912065,26.813397811193777,0.0
15.83,8.152151517534637,8.17876846455563,26.788709072533823,0.0
15.835,8.153455888459751,8.186543051273064,26.765147488617487,0.0
15.84,8.153987321182917,8.195732226795704,26.742209650728935,0.0
15.845,8.156098357567444,8.206535062086857,26.719004283037115,0.0
15.85,8.1584473090348,8.215935803840676,26.69856807386757,0.0
15.855,8.160450943630238,8.228412463021268,26.676764472864285,0.0
15.860000000000001,8.163929075844267,8.240448359071387,26.657416137477878,0.0
15.865,8.168421422902322,8.25399933321363,26.639764490713432,0.0
15.870000000000001,8.17252878806854,8.269072582779666,26.62156408801434,0.0
15.875,8.177620971446013,8.284604934871549,26.603889688325832,0.0
15.88,8.183214070680346,8.300486585300424,26.58726291484547,0.0
15.885,8.188827797578606,8.317520539747909,26.572931550981824,0.0
15.89,8.195501997573587,8.334008874233643,26.558543717438734,0.0
15.895,8.201101303022808,8.351637906919455,26.547318950585147,0.0
15.9,8.207849826476727,8.369717359499212,26.53559403781093,0.0
15.905000000000001,8.216578971229936,8.388941330302236,26.5235254483882,0.0
15.91,8.225415430530774,8.406116717677271,26.515065671260732,0.0
15.915000000000001,8.23420795474474,8.425227117291172,26.5082756552935,0.0
15.92,8.244211263664939,8.444326191464137,26.499719194897565,0.0
15.925,8.254041244814179,8.46425664178242,26.49517419632554,0.0
15.93,8.265234221121517,8.482936000531376,26.490382515441148,0.0
15.935,8.274379576535107,8.502325199340317,26.487579397141197,0.0
15.94,8.285406310355024,8.522570958996177,26.485958604631602,0.0
15.945,8.296903002431478,8.542011730918471,26.485840371248912,0.0
15.950000000000001,8.308327348458514,8.562501853327753,26.486420977161725,0.0
15.955,8.321527529574702,8.582954501868556,26.488686555359042,0.0
15.96,8.335217692847706,8.603409115517435,26.491122171495466,0.0
15.965,8.348412633990632,8.622705526966644,26.49709792902859,0.0
15.97,8.360425358249765,8.641501659786156,26.503728640111632,0.0
15.975,8.375027088498841,8.660676880526287,26.5110869036464,0.0
15.98,8.389800179447384,8.67940473083416,26.520646172571613,0.0
15.985000000000001,8.40344877803244,8.69932262264688,26.531723801499897,0.0
15.99,8.417587712155763,8.718263174481448,26.543369871378925,-0.0
15.995000000000001,8.433193691297541,8.737114965383926,26.55505688791295,-0.0
16.0,8.448269703876884,8.754384701939493,26.569925637432075,-0.0
16.005,8.463994154538458,8.77181001147209,26.585639808372072,-0.0
16.01,8.47782652429348,8.787564705998085,26.601493149622073,-0.0
16.015,8.49256013325267,8.802321947623662,26.618162075535878,-0.0
16.02,8.50881000915362,8.816086072931503,26.637466253401104,-0.0
16.025,8.523949678423797,8.830351504636505,26.657004182161007,-0.0
16.03,8.540020300682519,8.84281819975673,26.678263364199946,-0.0
16.035,8.554425655864819,8.855047590796895,26.700210057470937,-0.0
16.04,8.569681416437136,8.866959176986706,26.722607398600356,-0.0
16.045,8.584959896973869,8.878157690839883,26.747471248468926,-0.0
16.05,8.599133345981611,8.88833434509469,26.771598651575747,-0.0
16.055,8.613683860124453,8.896309054992393,26.796765903846037,-0.0
16.06,8.62750117787088,8.903953357040235,26.82263738369745,-0.0
16.065,8.64143134474046,8.910254407563462,26.849272824735415,-0.0
16.07,8.654420294143225,8.916439817315926,26.876692960676934,-0.0
16.075,8.668093870144332,8.920373913037727,26.903563609293567,-0.0
16.080000000000002,8.680636662249473,8.923216646265312,26.932717477130716,-0.0
16.085,8.693480362581573,8.925434015664512,26.961430419992187,-0.0
16.09,8.703480594701514,8.924242980173904,26.98925911764999,-0.0
16.095,8.714732872466715,8.92385870540242,27.018015903785088,-0.0
16.1,8.725938152365346,8.921714011123383,27.046028817663302,-0.0
16.105,8.735257760309201,8.918366405628307,27.075218110857012,-0.0
16.11,8.745215397422303,8.914684395291129,27.10387146263054,-0.0
16.115000000000002,8.75315323410101,8.908118082879461,27.13162213439288,-0.0
16.12,8.76017595645565,8.901569738677143,27.159211493114288,-0.0
16.125,8.766089493518708,8.893738078164922,27.185830171819113,-0.0
16.13,8.772209363251608,8.884482965607033,27.213003132514864,-0.0
16.135,8.778887999404738,8.874729304309886,27.23907727741808,-0.0
16.14,8.78407601190749,8.863765119777037,27.264916165181482,-0.0
16.145,8.788474806230706,8.851604630337036,27.289351472721886,-0.0
16.15,8.790813369677029,8.838191592396788,27.314785587656136,-0.0
16.155,8.792549308641581,8.82384903751656,27.339749641042324,-0.0
16.16,8.794626302491018,8.808383833971167,27.363017575626355,-0.0
16.165,8.796193499005055,8.790990534863075,27.386371897312383,-0.0
16.17,8.79619064380935,8.774897331701704,27.40803359950738,-0.0
16.175,8.794506010965502,8.757293876766713,27.431222402536786,-0.0
16.18,8.792878062578819,8.73835901829839,27.450903706517828,-0.0
16.185,8.790310336273917,8.719300283779576,27.46938695687826,-0.0
16.19,8.787182889202843,8.699510570327021,27.487396130699906,-0.0
16.195,8.782207143346145,8.678633478850525,27.502217944718456,-0.0
16.2,8.7767342997071,8.656937720946175,27.516636084337883,-0.0
16.205000000000002,8.770060412726108,8.636027720314482,27.529089159282606,-0.0
16.21,8.763647042167861,8.613758156317205,27.54192873971628,-0.0
16.215,8.754834082478446,8.59031833463857,27.55248352691538,-0.0
16.22,8.745388860683107,8.56692600179023,27.56115671581161,-0.0
16.225,8.736904833938071,8.54322360623559,27.56914411724779,-0.0
16.23,8.726874885884571,8.519977602154091,27.574408417153254,-0.0
16.235,8.715466946643398,8.496255367398467,27.578082924579594,-0.0
16.240000000000002,8.704049376950293,8.471906379943135,27.580591741681584,-0.0
16.245,8.691946581584135,8.447670665669195,27.582010525999564,-0.0
16.25,8.680690960031606,8.425015473026946,27.580246511160368,-0.0
16.255,8.668249850471678,8.401063462653084,27.578067098532134,-0.0
16.26,8.655192779685265,8.377474968577943,27.573908087432944,-0.0
16.265,8.640547172679204,8.354370478936763,27.568728322666452,-0.0
16.27,8.625799066759155,8.332249140796623,27.561512149052152,-0.0
16.275,8.611815648177332,8.309143922348852,27.552621822385657,-0.0
16.28,8.596417028073787,8.28583755127589,27.543384094855142,-0.0
16.285,8.581396312556977,8.263315859847424,27.53291886298714,-0.0
16.29,8.56580970059768,8.242243489267294,27.521040162276893,-0.0
16.295,8.54973334034456,8.222889267975958,27.506259033651535,-0.0
16.3,8.533205270265503,8.203971165641395,27.490332045874922,-0.0
16.305,8.518151473129233,8.18467173526772,27.472974223650905,-0.0
16.31,8.500762775990207,8.166095667525063,27.455130959720996,-0.0
16.315,8.482601573527228,8.147440749306138,27.43672486437926,-0.0
16.32,8.466451226181471,8.130500505859246,27.417385594808863,-0.0
16.325,8.449256864263297,8.114555793452409,27.396453305509702,-0.0
16.330000000000002,8.433092889579491,8.09828661288483,27.373903422667873,-0.0
16.335,8.416667480893317,8.084303630943047,27.34907275451122,-0.0
16.34,8.401008081659342,8.071918397861342,27.324186421440796,-0.0
16.345,8.385459066705955,8.058803789553021,27.29937931211394,-0.0
16.35,8.368791038684277,8.047515438775381,27.273747366156417,-0.0
16.355,8.35221809572496,8.036994640877786,27.246484844594413,-0.0
16.36,8.336706502738073,8.028495069315047,27.219047587814337,-0.0
16.365000000000002,8.322760675987961,8.021273472636915,27.190482428600788,-0.0
16.37,8.307742221445519,8.014191890058305,27.162498196560534,-0.0
16.375,8.292095592615903,8.009217754424837,27.133618495312515,-0.0
16.38,8.278208826343946,8.005329850238738,27.104358889380535,-0.0
16.385,8.263716512874046,8.00132055948972,27.075283426056426,-0.0
16.39,8.251265430117238,7.999761522788525,27.0447955480914,-0.0
16.395,8.240023166457664,7.9988865847478365,27.014246148774074,-0.0
16.4,8.228988472320102,7.997910823961157,26.983261598781702,-0.0
16.405,8.21753875654546,8.000250524838915,26.952364889748576,-0.0
16.41,8.206880687506569,8.003325016994363,26.92110377423356,-0.0
16.415,8.197279923857106,8.00787089692783,26.890333535411134,-0.0
16.42,8.188824231237911,8.012639585592163,26.859956192452334,-0.0
16.425,8.18004280835252,8.019849907543664,26.829355757245267,-0.0
16.43,8.172789547117043,8.027850357733609,26.799088675629292,-0.0
16.435,8.16532358306265,8.036514665715822,26.769596947154163,-0.0
16.44,8.159611914493372,8.046216915398782,26.742490082304307,-0.0
16.445,8.153939082299768,8.055811552021291,26.713866267975657,-0.0
16.45,8.149316159447652,8.067586587450416,26.68600829810203,-0.0
16.455000000000002,8.145968974168621,8.081274617940974,26.658124031331994,-0.0
16.46,8.141945269153352,8.094429697315302,26.630909666621964,-0.0
16.465,8.141336131218988,8.108202036667217,26.60536515462649,-0.0
16.47,8.140371083874387,8.124760001187914,26.580680271112925,-0.0
16.475,8.13962560884529,8.140997130707143,26.55666484613822,-0.0
16.48,8.140384324209181,8.158569145553141,26.534242796999703,-0.0
16.485,8.142234529988507,8.177616775066394,26.51112179772885,-0.0
16.490000000000002,8.142855556405424,8.197293753738164,26.490589614052915,-0.0
16.495,8.146044573731439,8.215999699494471,26.472251745795088,-0.0
16.5,8.148741390275466,8.238453049199652,26.4529095323459,-0.0
16.505,8.15335227447671,8.259716068812573,26.43610732209237,-0.0
16.51,8.159592408983341,8.282127093772035,26.42060261440614,-0.0
16.515,8.166865882699279,8.306623639945904,26.406603948874956,-0.0
16.52,8.173523995361027,8.330924681666328,26.393895720792845,-0.0
16.525,8.181413555730233,8.355269239830564,26.382402434776758,-0.0
16.53,8.190594587108526,8.379212667592718,26.372334935851228,-0.0
16.535,8.20062794065279,8.404258406004839,26.364459372399903,-0.0
16.54,8.210314078070807,8.429504709741806,26.357162829284466,-0.0
16.545,8.221553905846026,8.453589015213472,26.35183620820078,-0.0
16.55,8.233135144304917,8.477773205927097,26.347022282832516,-0.0
16.555,8.245518535278366,8.503476261005034,26.344513130059962,-0.0
16.56,8.25794476557366,8.529038977979052,26.34557656857214,-0.0
16.565,8.270980016365922,8.5544409558789,26.347323020819562,-0.0
16.57,8.284505427419097,8.58048380946858,26.34897200973859,-0.0
16.575,8.297460169466959,8.606022887352438,26.353866094399063,-0.0
16.580000000000002,8.312931681355463,8.631281980648,26.360272627141605,-0.0
16.585,8.327567468470964,8.65629330606583,26.36751908987362,-0.0
16.59,8.34358519226936,8.680205602493363,26.375322974680003,-0.0
16.595,8.361371731796277,8.70387638340623,26.38573733135062,-0.0
16.6,8.377829199885134,8.728404223756142,26.397606214364014,-0.0
16.605,8.395422709400494,8.752074986440336,26.411855854270044,-0.0
16.61,8.411414291083345,8.775435544253405,26.42844472739591,-0.0
16.615000000000002,8.428432590310317,8.797688383603184,26.445478119851565,-0.0
16.62,8.44655342475553,8.818902001148889,26.463991771533138,-0.0
16.625,8.465346977244424,8.839849295898071,26.483452087886878,-0.0
16.63,8.482931841870336,8.860641327621478,26.503262160563423,-0.0
16.635,8.503186798562593,8.879723886350446,26.525346104930307,-0.0
16.64,8.522111053325686,8.898538441818975,26.550585599098184,-0.0
16.645,8.541121848438896,8.916451632057875,26.57560021234792,-0.0
16.65,8.560591389067211,8.932271981813507,26.60264933238042,-0.0
16.655,8.578682677985404,8.949068887700234,26.630721219958694,-0.0
16.66,8.597933807104337,8.961687004728176,26.659305101429354,-0.0
16.665,8.615829056702086,8.974459488112862,26.68840968470951,-0.0
16.67,8.634085889732795,8.986503822618841,26.71918386152038,-0.0
16.675,8.651624745328176,8.996797226912811,26.750216880215334,-0.0
16.68,8.668766300081316,9.00573565878492,26.783831360279887,-0.0
16.685,8.686286156681309,9.013355599460507,26.81523076697623,-0.0
16.69,8.703673883677165,9.01999445761587,26.849745632766567,-0.0
16.695,8.718508410132685,9.025833693582644,26.885104662213514,-0.0
16.7,8.733156210230712,9.029631757495148,26.919592316068588,-0.0
16.705000000000002,8.747261594094688,9.031451881015672,26.954343069388955,-0.0
16.71,8.760878770591608,9.0326024806376,26.990539809504053,-0.0
16.715,8.775703184790121,9.032051224173545,27.025780710301614,-0.0
16.72,8.788145497155217,9.029861974620523,27.062555141078025,-0.0
16.725,8.799701151271579,9.026603502440759,27.097937458920935,-0.0
16.73,8.81124345450628,9.020078157313161,27.133849186225643,-0.0
16.735,8.822531246050849,9.012653208499973,27.169388177473422,-0.0
16.740000000000002,8.830504896202877,9.003473418576093,27.20487758194998,-0.0
16.745,8.839073219455685,8.993235031209982,27.239946290125765,-0.0
16.75,8.846205215314807,8.981757122839182,27.27498380083121,-0.0
16.755,8.852744269126704,8.969718743593543,27.30797666197099,-0.0
16.76,8.858102744492934,8.95607897526006,27.342501708755243,-0.0
16.765,8.86300490440886,8.940696781463933,27.37280867520068,-0.0
16.77,8.866900777701437,8.923961889579466,27.404871743153922,-0.0
16.775,8.869743350425253,8.904904800572647,27.435132221599442,-0.0
16.78,8.872582666315221,8.884967778637648,27.464477741910315,-0.0
16.785,8.874211705061391,8.864559966400893,27.492593901792223,-0.0
16.79,8.873490855145711,8.84251510704744,27.52158047492979,-0.0
16.795,8.871802365236675,8.819335723445546,27.5451953680917,-0.0
16.8,8.870223072910207,8.795892788488942,27.569839713941224,-0.0
16.805,8.866328553179697,8.771644771171028,27.59217106764226,-0.0
16.81,8.861844018282472,8.74564014920164,27.613461905097537,-0.0
16.815,8.855389363796517,8.718549910744635,27.632005144191613,-0.0
16.82,8.848170905730928,8.691889417203836,27.64955981909625,-0.0
16.825,8.839723250417855,8.664979290113795,27.665162633169512,-0.0
16.830000000000002,8.831153378971226,8.636917991993464,27.679951435725496,-0.0
16.835,8.821267040165038,8.60765390288399,27.69258317533769,-0.0
16.84,8.810582336789915,8.578186975972944,27.7031251888652,-0.0
16.845,8.799454849339924,8.547863214147325,27.710904886807775,-0.0
16.85,8.787431040360337,8.517562619242025,27.717621007657062,-0.0
16.855,8.773013409219272,8.487339841403296,27.723270867568825,-0.0
16.86,8.759076786756797,8.458008599675312,27.72654870911626,-0.0
16.865000000000002,8.745189861611609,8.428034799684994,27.727557852635957,-0.0
16.87,8.728597851881766,8.397202509982932,27.726016176687423,-0.0
16.875,8.711573411619602,8.367187991313944,27.723080433030656,-0.0
16.88,8.693355388937103,8.336043490139753,27.717937755280637,-0.0
16.885,8.675083851490093,8.306580136679534,27.709398440496827,-0.0
16.89,8.65610166883344,8.277979388427093,27.70029927411044,-0.0
16.895,8.636690796079925,8.24930464714775,27.68916972311013,-0.0
16.9,8.616802843425635,8.222629446919402,27.677082263075057,-0.0
16.905,8.596956396219262,8.195158763301794,27.66258391653201,-0.0
16.91,8.57651330472222,8.168187016383158,27.6457185917028,-0.0
16.915,8.555751039735911,8.143030583933799,27.62943347674322,-0.0
16.92,8.534871600646149,8.117698382406854,27.60898790415358,-0.0
16.925,8.514261208233671,8.095701281074104,27.587444806316455,-0.0
16.93,8.494328776373042,8.072925964327926,27.563564984989586,-0.0
16.935,8.473235223378463,8.051140456290852,27.538243723009323,-0.0
16.94,8.45235546892047,8.030482393307873,27.510420859819973,-0.0
16.945,8.430847070516283,8.010481501749833,27.483231880348427,-0.0
16.95,8.408337005326564,7.991805221774575,27.455546075167085,-0.0
16.955000000000002,8.386098773468998,7.97488148163925,27.42522991302949,-0.0
16.96,8.36678200213447,7.959260752259477,27.39312272986584,-0.0
16.965,8.346614844942856,7.946214635578696,27.361352348225545,-0.0
16.97,8.326558108681796,7.932314885311234,27.32744194047726,-0.0
16.975,8.306090456692544,7.920504209117675,27.29378291392402,-0.0
16.98,8.28508771728753,7.9102423693797705,27.258083222131855,-0.0
16.985,8.266485615393345,7.9011443177143335,27.222544837458454,-0.0
16.990000000000002,8.249686834801999,7.89340848384593,27.186045376106406,-0.0
16.995,8.232270743480072,7.888556826321361,27.148653006363322,-0.0
17.0,8.215021671162882,7.884360942881714,27.112127846398987,-0.0
17.005,8.197905750735096,7.880668586473246,27.074533380357956,-0.0
17.01,8.181130003769969,7.879683928278904,27.036274349835907,-0.0
17.015,8.166851240871853,7.878953321129946,26.997397883444435,-0.0
17.02,8.151760808796316,7.880711173443229,26.959003984295922,-0.0
17.025,8.138329432656366,7.884101821072507,26.919595656086635,-0.0
17.03,8.12470955552976,7.887300617639694,26.88116180616613,-0.0
17.035,8.113380768508085,7.8933220158156185,26.8431281658819,-0.0
17.04,8.102426342081445,7.901621124163439,26.80538795735034,-0.0
17.045,8.09269013580352,7.910730883664489,26.76777409454675,-0.0
17.05,8.08370340800699,7.920551682333353,26.732135951737856,-0.0
17.055,8.075669161385754,7.9311548403416445,26.69689211423672,-0.0
17.06,8.068350953560165,7.944145571687658,26.661196441328613,-0.0
17.065,8.06266064094785,7.957268619262957,26.626050332551408,-0.0
17.07,8.056614776629573,7.973276625236671,26.59139192096006,-0.0
17.075,8.051306004972277,7.9894988412830825,26.557910392435748,-0.0
17.080000000000002,8.047775215421801,8.007551410315358,26.525674397376953,-0.0
17.085,8.045935267072815,8.027060779421454,26.493044379534034,-0.0
17.09,8.044485094431266,8.047277953558659,26.461478430244597,-0.0
17.095,8.043728658328696,8.066792719237524,26.43245368394845,-0.0
17.1,8.044849696870099,8.089810582693756,26.40492132738466,-0.0
17.105,8.047085064206765,8.114374967935104,26.37861724622869,-0.0
17.11,8.050915173210411,8.139266991456532,26.35436472240496,-0.0
17.115000000000002,8.054789881411942,8.164837634185774,26.330456794539646,-0.0
17.12,8.059811188890624,8.189518696082532,26.30671390232032,-0.0
17.125,8.066102153244561,8.216150753295954,26.28568259778883,-0.0
17.13,8.07384881675711,8.244273788338436,26.268758715835165,-0.0
17.135,8.08271226949732,8.272003451559888,26.250813692490432,-0.0
17.14,8.09277777859647,8.30208321041502,26.23445221405564,-0.0
17.145,8.10313779896668,8.332759847428399,26.221171993429373,-0.0
17.150000000000002,8.11358259031506,8.362259209250196,26.20792883897921,-0.0
17.155,8.125431545017962,8.392818269763314,26.197243820009707,-0.0
17.16,8.138547569858543,8.423471062581728,26.188459435325367,-0.0
17.165,8.151990265872707,8.455432288032423,26.182387505698674,-0.0
17.17,8.167500325225658,8.487760520652316,26.177445434459816,-0.0
17.175,8.183302581304629,8.519756783960881,26.17604444483459,-0.0
17.18,8.19914766150154,8.552692003747872,26.17555983880318,-0.0
17.185,8.217914898113207,8.584387000569746,26.17693241489266,-0.0
17.19,8.235087786825616,8.616142172227576,26.180540277217943,-0.0
17.195,8.254928705765781,8.64791093325149,26.186556117331765,-0.0
17.2,8.27373000270295,8.67839752304038,26.19481730662905,-0.0
17.205000000000002,8.294676065478622,8.708652447056798,26.20474819609351,-0.0
17.21,8.316475191036513,8.739543030754811,26.21627401351343,-0.0
17.215,8.337505905607753,8.770385780704348,26.22958938921682,-0.0
17.22,8.35967315932774,8.8008306050619,26.245049061256417,-0.0
17.225,8.380276435238867,8.830642988610538,26.262773187458446,-0.0
17.23,8.401444020148412,8.859398745972898,26.282289441863274,-0.0
17.235,8.424977447518732,8.887216615072626,26.30361929647208,-0.0
17.240000000000002,8.447934319873927,8.913621985245289,26.32663480922309,-0.0
17.245,8.470683346559541,8.93930629811701,26.351474537633447,-0.0
17.25,8.494843578208464,8.96484747159621,26.379420871762054,-0.0
17.255,8.519070567332113,8.988931626987549,26.408025952079704,-0.0
17.26,8.543099890514059,9.01244523494639,26.43928915259147,-0.0
17.265,8.566896568286905,9.034383204061614,26.472424166753516,-0.0
17.27,8.590442197463236,9.054191827070316,26.50698873885076,-0.0
17.275000000000002,8.613617555282428,9.072051356880259,26.543672760013415,-0.0
17.28,8.635965055034927,9.09017955335458,26.580054806503917,-0.0
17.285,8.657530368956154,9.105093947957847,26.61805057843979,-0.0
17.29,8.680032030128649,9.119886412544068,26.65704938284779,-0.0
17.295,8.70093359293837,9.133130935759876,26.697221957132545,-0.0
17.3,8.722021620315472,9.143790764626898,26.73904946998618,-0.0
17.305,8.742914975883975,9.15282866183159,26.781644945126214,-0.0
17.31,8.764292920400345,9.1594128033633,26.824405067104426,-0.0
17.315,8.783934048664378,9.16410855713053,26.86865075147882,-0.0
17.32,8.803725085255753,9.167399533084367,26.912994856603206,-0.0
17.325,8.822101745252262,9.169682384862357,26.958158418317275,-0.0
17.330000000000002,8.83981186370107,9.170187321285317,27.00285203442365,-0.0
17.335,8.855153218628338,9.168641605921236,27.047563450189045,-0.0
17.34,8.87014865731405,9.165318716561183,27.091493103768347,-0.0
17.345,8.884303748573757,9.160076879493115,27.13680670184967,-0.0
17.35,8.896495307649484,9.153241925688276,27.1817443690676,-0.0
17.355,8.909785456202734,9.14438205391489,27.226000177053702,-0.0
17.36,8.92004656790233,9.132973881144759,27.271057354938677,-0.0
17.365000000000002,8.931036884341587,9.121136263851715,27.31402835884832,-0.0
17.37,8.94126976995546,9.104837961511118,27.35660570522145,-0.0
17.375,8.950390131284761,9.088257938227072,27.39946305594687,-0.0
17.38,8.95664660453936,9.070921423917934,27.44123188035971,-0.0
17.385,8.962010783559828,9.04982075271215,27.481451938511555,-0.0
17.39,8.96648680324158,9.027924019724464,27.520160018975716,-0.0
17.395,8.969378339514797,9.003732591962246,27.557389499994233,-0.0
17.400000000000002,8.971828609515834,8.978559637216133,27.593612335209723,-0.0
17.405,8.971522403850905,8.951721941468078,27.628041307974524,-0.0
17.41,8.970527470124821,8.924027648629592,27.662226398108295,-0.0
17.415,8.968289030056361,8.893971827411928,27.693633656989277,-0.0
17.42,8.96549509680264,8.86322735949904,27.722284948522667,-0.0
17.425,8.960009774986833,8.831503312700928,27.751770009660426,-0.0
17.43,8.952383219002998,8.79853927274866,27.779426811738748,-0.0
17.435,8.944111084903325,8.764904872284763,27.803442360772145,-0.0
17.44,8.935796597895813,8.730646470365086,27.823558948010767,-0.0
17.445,8.92588187305659,8.694528860181297,27.843546141433258,-0.0
17.45,8.91425683827805,8.657576395699529,27.859822646237813,-0.0
17.455000000000002,8.901199204415768,8.619729694700974,27.874062704440195,-0.0
17.46,8.886514479632043,8.582749598892281,27.886578544336125,-0.0
17.465,8.871932025326654,8.544231379866204,27.89444804951001,-0.0
17.47,8.854744596678097,8.505723357094396,27.90239308828632,-0.0
17.475,8.837844552743999,8.467513460830988,27.906080609963606,-0.0
17.48,8.81906359294354,8.429499717682589,27.90907387801592,-0.0
17.485,8.798270313594323,8.391048695135257,27.907820272041874,-0.0
17.490000000000002,8.77814790464973,8.35359653277923,27.90505494722973,-0.0
17.495,8.756269400659672,8.315819329958993,27.8985166547568,-0.0
17.5,8.73473051329809,8.279272553157648,27.88947301715581,-0.0
17.505,8.713465266952975,8.243388057575162,27.87845641526296,-0.0
17.51,8.690340753864227,8.207453271293108,27.865452854090197,-0.0
17.515,8.665914915473856,8.17134722019268,27.851357483880363,-0.0
17.52,8.640733009274927,8.138503544372274,27.83339419662538,-0.0
17.525000000000002,8.614384278565295,8.105240640127883,27.81439278804616,-0.0
17.53,8.588258028182102,8.074114640692153,27.792454000675917,-0.0
17.535,8.562152282966137,8.04345259242822,27.769799712757674,-0.0
17.54,8.53679810236124,8.013404708658125,27.74344361384476,-0.0
17.545,8.511157559320932,7.984030974722088,27.714835991692702,-0.0
17.55,8.485208956862495,7.956196441138438,27.684116873195155,-0.0
17.555,8.459974366958896,7.929523494455269,27.653969452717096,-0.0
17.56,8.433412118773553,7.905118531738631,27.620432109816413,-0.0
17.565,8.40662931506031,7.882410984407482,27.584904505786366,-0.0
17.57,8.37933283410261,7.859508265313832,27.549068004043306,-0.0
17.575,8.353567728489471,7.839007572379233,27.51022439225026,-0.0
17.580000000000002,8.32723477292556,7.82012992511316,27.47116475541722,-0.0
17.585,8.301755890759559,7.803154403543749,27.430118693838192,-0.0
17.59,8.277009601191608,7.787842621056804,27.38829417842581,-0.0
17.595,8.252617867358797,7.7737968925006475,27.344443669903672,-0.0
17.6,8.228781573747842,7.76160968128163,27.300401630979366,-0.0
17.605,8.205547362500011,7.7518468390216535,27.25546336201511,-0.0
17.61,8.181603375416312,7.743139536749464,27.209527468482435,-0.0
17.615000000000002,8.159814187882898,7.7372088953393385,27.163025837776456,-0.0
17.62,8.138319015349563,7.733590473459469,27.117053844618503,-0.0
17.625,8.118352629316623,7.730166836487958,27.06863846721453,-0.0
17.63,8.099860875269433,7.727939853901742,27.02183861463448,-0.0
17.635,8.080989757337253,7.728806695000469,26.97353651491908,-0.0
17.64,8.063774602906363,7.732586773763516,26.92475840196802,-0.0
17.645,8.048040477819741,7.737152425105397,26.87679082584654,-0.0
17.650000000000002,8.032791621605877,7.7441402962346615,26.829781829582437,-0.0
17.655,8.018180748458711,7.75354954285826,26.784433343776303,-0.0
17.66,8.004812499869463,7.763317213746317,26.737079722943918,-0.0
17.665,7.992072035711823,7.774805594698454,26.690362658401497,-0.0
17.67,7.981696212665943,7.788506911463859,26.64496481395525,-0.0
17.675,7.972326753246161,7.802623591720028,26.60156131475969,-0.0
17.68,7.964491980820591,7.820403204098492,26.558342910251312,-0.0
17.685,7.957370732092575,7.838566922060887,26.515490534912484,-0.0
17.69,7.951962606085776,7.858059595551723,26.47598094737545,-0.0
17.695,7.947148943776364,7.8788887105419265,26.435124166841284,-0.0
17.7,7.944103710720231,7.9015241792875,26.394541139023335,-0.0
17.705000000000002,7.942573230998017,7.926090826947007,26.35585135507529,-0.0
17.71,7.9418999000788135,7.952361325564085,26.319100674883007,-0.0
17.715,7.942359689806844,7.980450989974873,26.28459120714791,-0.0
17.72,7.944572774723754,8.007666632918294,26.252189995874694,-0.0
17.725,7.947878421654736,8.036690825419734,26.21853928724552,-0.0
17.73,7.951890747391407,8.067554185975986,26.18916589960653,-0.0
17.735,7.958235789217979,8.098439291774083,26.160800298899435,-0.0
17.740000000000002,7.96500750313076,8.131331586372195,26.135256308617844,-0.0
17.745,7.9723636676212815,8.165518889204321,26.110799345568033,-0.0
17.75,7.981841706054473,8.199438193893627,26.088323358408164,-0.0
17.755,7.992766594587946,8.234723622346388,26.066674631516747,-0.0
17.76,8.005123684894027,8.27156232427255,26.048126873145883,-0.0
17.765,8.018777723745782,8.308836515497351,26.031886661788498,-0.0
17.77,8.032959047770353,8.345570871782474,26.018275257950684,-0.0
17.775000000000002,8.049513433140953,8.383598655366407,26.007191860151295,-0.0
17.78,8.06545984062391,8.42274760155089,25.998135238981632,-0.0
17.785,8.082932497839643,8.462654712154833,25.991183496983005,-0.0
17.79,8.102105383619152,8.500936091712719,25.985601357238384,-0.0
17.795,8.120467202301656,8.539898443295384,25.98311989565151,-0.0
17.8,8.141300689712399,8.58006665481199,25.984014282506536,-0.0
17.805,8.163220689213178,8.619960112016289,25.98642921408368,-0.0
17.81,8.186728267308128,8.659232924376495,25.99311068592157,-0.0
17.815,8.210948547544591,8.699891562619621,26.000664149177474,-0.0
17.82,8.233996464323745,8.738576732990113,26.010404358152435,-0.0
17.825,8.258606545783266,8.776286077829463,26.022247220216002,-0.0
17.830000000000002,8.284268887223776,8.813405090436328,26.03781133832175,-0.0
17.835,8.311417217597592,8.850480436848358,26.0536872491247,-0.0
17.84,8.339509131403531,8.88756491921665,26.074316062202293,-0.0
17.845,8.368510100186402,8.92377259369641,26.097846150294366,-0.0
17.85,8.39586364286648,8.958505945174412,26.123338337157367,-0.0
17.855,8.42447937819916,8.992679182474046,26.15093491792339,-0.0
17.86,8.4536232784505,9.024529100536277,26.181342723537853,-0.0
17.865000000000002,8.48130089071968,9.056275723525264,26.213390240270748,-0.0
17.87,8.50949791321896,9.08752534750553,26.24642942417709,-0.0
17.875,8.538394475954126,9.117124634655237,26.28429430219587,-0.0
17.88,8.567792400965166,9.145260552549376,26.323388560470722,-0.0
17.885,8.596793756355472,9.171226679919425,26.363802060633326,-0.0
17.89,8.62560791764318,9.195649971520213,26.405731315131142,-0.0
17.895,8.654000603669749,9.217636314616852,26.451793839766804,-0.0
17.900000000000002,8.682218608726744,9.237640801053008,26.497896395662366,-0.0
17.905,8.709568871473314,9.256027268394833,26.546044810452795,-0.0
17.91,8.737282631092677,9.27261270509693,26.594576776467758,-0.0
17.915,8.764219002400129,9.288024815786727,26.6454341127397,-0.0
17.92,8.791332264395319,9.29988212122347,26.69755824960762,-0.0
17.925,8.816825578481431,9.309719149771613,26.75003220087484,-0.0
17.93,8.842321696584074,9.318102069278458,26.804282704857297,-0.0
17.935,8.865096917382203,9.324830463536943,26.857952341590025,-0.0
17.94,8.886493579405302,9.329169476949604,26.91356209039425,-0.0
17.945,8.907985871775725,9.330845748666611,26.969533398991647,-0.0
17.95,8.92819000449862,9.33127953089872,27.02505330263263,-0.0
17.955000000000002,8.948900732939412,9.328439639369876,27.08079036724459,-0.0
17.96,8.968026535668427,9.322034863027392,27.13765439693054,-0.0
17.965,8.985378452662228,9.313074837224995,27.194232791960328,-0.0
17.97,9.000939442317382,9.30246431414299,27.24952298491876,-0.0
17.975,9.017139575465508,9.29021144558255,27.303602472010432,-0.0
17.98,9.030933956045573,9.274955078288958,27.358386232169156,-0.0
17.985,9.042866042735392,9.257190764039427,27.41368647110846,-0.0
17.990000000000002,9.054258979689791,9.237582065323124,27.466890970897964,-0.0
17.995,9.062871710549242,9.214281442024623,27.51989689474852,-0.0
18.0,9.070209869833342,9.190423858728447,27.569629120395167,-0.0
18.005,9.076798133041832,9.16354211566075,27.61804698324121,-0.0
18.01,9.080450834241345,9.136023913201411,27.665425507358023,-0.0
18.015,9.08309426366596,9.10634669008966,27.710942174131223,-0.0
18.02,9.082551804115193,9.073544784984035,27.754644988391036,-0.0
18.025000000000002,9.08078960179953,9.038788330279747,27.79701108599291,-0.0
18.03,9.080226450942195,9.00308513233387,27.837685079546763,-0.0
18.035,9.076389543140092,8.965665969442886,27.874902380016387,-0.0
18.04,9.071372571259685,8.926954241650115,27.90973197799196,-0.0
18.045,9.063763618471816,8.886956482974991,27.94258677817838,-0.0
18.05,9.055782369477772,8.845541979502684,27.971937621949294,-0.0
18.055,9.044658974403532,8.802720769732936,27.998612108951754,-0.0
18.06,9.031857846688682,8.759587663878404,28.022794618251098,-0.0
18.065,9.017907690869617,8.7143622099605,28.04429805065869,-0.0
18.07,9.002761176864885,8.668872829712393,28.063666740855602,-0.0
18.075,8.98588793055643,8.623843411902829,28.079444776375823,-0.0
18.080000000000002,8.96797849533008,8.576767687107944,28.092654722675835,-0.0
18.085,8.947651269943146,8.531259948857103,28.10316364099839,-0.0
18.09,8.927358038767862,8.484226258675253,28.111039406946446,-0.0
18.095,8.904177048419648,8.43668685423766,28.11508317462915,-0.0
18.1,8.881341065853796,8.390439911631335,28.114926732084964,-0.0
18.105,8.85753846672659,8.342565959624197,28.112244571848645,-0.0
18.11,8.831939172054772,8.296341419154865,28.106992922841354,-0.0
18.115000000000002,8.804920449009417,8.251156672157812,28.099835888106536,-0.0
18.12,8.775818660199256,8.205656866585795,28.088032333073393,-0.0
18.125,8.747046660754723,8.161347988696802,28.073587532882698,-0.0
18.13,8.718374977941213,8.118006878276004,28.056015980267027,-0.0
18.135,8.688032554184563,8.075449870399453,28.035590744161713,-0.0
18.14,8.656705223164042,8.032048939601207,28.01273147922341,-0.0
18.145,8.62546666391097,7.992071951876771,27.985978638173755,-0.0
18.150000000000002,8.592895938035612,7.952879354276315,27.957531738303352,-0.0
18.155,8.561134987834373,7.915240120092743,27.92635161826479,-0.0
18.16,8.5287327898051,7.878196197945542,27.894030430201123,-0.0
18.165,8.495944975716533,7.843432711368946,27.859155335575693,-0.0
18.17,8.462859446492162,7.8090659422670905,27.821508808114114,-0.0
18.175,8.430645440805426,7.7778517183403215,27.7807850013963,-0.0
18.18,8.398091830651227,7.748090481447782,27.738520879073114,-0.0
18.185,8.365548540979356,7.720268220674611,27.69474110546961,-0.0
18.19,8.333698411341434,7.694446968426601,27.647902551846364,-0.0
18.195,8.300658756964612,7.670488276991679,27.60058746337183,-0.0
18.2,8.268796487350585,7.647702350542193,27.55089523473779,-0.0
18.205000000000002,8.237676045740804,7.628731671905435,27.499422246749308,-0.0
18.21,8.206734143335561,7.610570423651306,27.44505842511423,-0.0
18.215,8.178066666962398,7.595434092338187,27.3902595054098,-0.0
18.22,8.14861375991195,7.582491750703981,27.336092841790137,-0.0
18.225,8.121086197690245,7.570051907758099,27.28060387685833,-0.0
18.23,8.092375996678285,7.561214478282293,27.223725045625347,-0.0
18.235,8.06542178377532,7.554688321933856,27.16645438784561,-0.0
18.240000000000002,8.040503398297039,7.5497158891292315,27.109225780336686,-0.0
18.245,8.01712821721503,7.547340246067176,27.051074118651663,-0.0
18.25,7.993869258302004,7.54995440583921,26.992363061211098,-0.0
18.255,7.970609049035849,7.55375711815075,26.935133044877023,-0.0
18.26,7.949605960210513,7.558524334076779,26.877302966860018,-0.0
18.265,7.9304249851941835,7.565706735765945,26.818796997018968,-0.0
18.27,7.9122150117524805,7.574921761851761,26.76079249318653,-0.0
18.275000000000002,7.8946765067895885,7.585503886002385,26.705074422848043,-0.0
18.28,7.88015453343634,7.597719023049103,26.648303028612787,-0.0
18.285,7.866249763667614,7.613757220378396,26.59118946611704,-0.0
18.29,7.852878236281429,7.631440235963674,26.536487426415974,-0.0
18.295,7.8421529095366775,7.650035526358471,26.48201060718654,-0.0
18.3,7.8319989786165385,7.672214254801809,26.42838055734167,-0.0
18.305,7.8241406698715945,7.694202545453516,26.37579075728151,-0.0
18.31,7.817618801975047,7.7195435859245745,26.32591872760728,-0.0
18.315,7.8126907916302555,7.746169936896049,26.277075448769075,-0.0
18.32,7.8102285525942445,7.774042029465931,26.229068258575964,-0.0
18.325,7.809401822158247,7.804138357779371,26.18374996438237,-0.0
18.330000000000002,7.808008930657818,7.836442581665185,26.138373945318143,-0.0
18.335,7.808948356836835,7.871088230948322,26.09576159171123,-0.0
18.34,7.812800101652739,7.907082008297812,26.054748412895947,-0.0
18.345,7.818049389438055,7.943163086816116,26.01618833590608,-0.0
18.35,7.823504255722944,7.982242688439564,25.978622051308147,-0.0
18.355,7.831160058192865,8.021774314620156,25.944680136127655,-0.0
18.36,7.841898082218208,8.062616883577286,25.91281251872346,-0.0
18.365000000000002,7.852628147336971,8.103381892490793,25.883231798306824,-0.0
18.37,7.86495977773351,8.14630475935617,25.856747949397707,-0.0
18.375,7.878618662959637,8.189654524004117,25.832693153048602,-0.0
18.38,7.895389508242437,8.234330194756902,25.81041074779313,-0.0
18.385,7.912489319189191,8.279816945942283,25.791173661852977,-0.0
18.39,7.932419795436207,8.326297547485439,25.77532740619922,-0.0
18.395,7.951309074298452,8.372921312908199,25.761933469962916,-0.0
18.400000000000002,7.9715249052603605,8.420656500321194,25.752012923978207,-0.0
18.405,7.994813291613689,8.46716382293717,25.74482306602582,-0.0
18.41,8.018789388506214,8.51501905297522,25.739756071322834,-0.0
18.415,8.042503888978105,8.563629960120263,25.738535711353027,-0.0
18.42,8.068361554922982,8.611957759813588,25.739549665850493,-0.0
18.425,8.095005662413632,8.65979137415088,25.743761893900626,-0.0
18.43,8.12314318547952,8.706877679633019,25.75149024614303,-0.0
18.435,8.151073712580304,8.75431701696134,25.760801210067267,-0.0
18.44,8.181625025019109,8.802726055147419,25.773788362087547,-0.0
18.445,8.212970657525865,8.849322764146777,25.790404466248315,-0.0
18.45,8.244839081050145,8.89660907965201,25.809022090328313,-0.0
18.455000000000002,8.276875351317313,8.942714430458874,25.83210803720961,-0.0
18.46,8.310488480190797,8.98823879856284,25.858126159090318,-0.0
18.465,8.344859410589471,9.032579568978642,25.886286322695092,-0.0
18.47,8.377640725283488,9.07522338705591,25.919011931346915,-0.0
18.475,8.413246018771718,9.117125447845524,25.953679016042678,-0.0
18.48,8.44899871581755,9.158319410026388,25.9901167405225,-0.0
18.485,8.483961708844232,9.197101612335137,26.03064250318253,-0.0
18.490000000000002,8.518644049770796,9.235924175064595,26.074498286602857,-0.0
18.495,8.553777784062211,9.272476871250493,26.1196466668991,-0.0
18.5,8.589377135151024,9.30834747903601,26.167842217708106,-0.0
18.505,8.625271972067951,9.34157355282916,26.21879538840581,-0.0
18.51,8.662752388065458,9.37178409583346,26.272559757791413,-0.0
18.515,8.697895482285595,9.399900347263399,26.329109337115803,-0.0
18.52,8.732372374170168,9.42702955837468,26.387042189097716,-0.0
18.525000000000002,8.767251868755173,9.449544312257713,26.446221372557243,-0.0
18.53,8.80203152911473,9.471088769389507,26.50780261160764,-0.0
18.535,8.83704657918916,9.489453637650874,26.570370236490977,-0.0
18.54,8.870929440202929,9.504182189004974,26.634597276256994,-0.0
18.545,8.902811522295908,9.516220558027486,26.701232043695672,-0.0
18.55,8.933553533524622,9.526487950222737,26.768213325453033,-0.0
18.555,8.96266909744362,9.53451808027644,26.836724632807254,-0.0
18.56,8.992767913479392,9.538849946802637,26.906725800761546,-0.0
18.565,9.019982608628688,9.541814914604982,26.976286573552287,-0.0
18.57,9.04539982775553,9.540861683263891,27.047830981494798,-0.0
18.575,9.070274793625376,9.535970663504388,27.118962462089645,-0.0
18.580000000000002,9.09323580017583,9.528075526033522,27.190171694310084,-0.0
18.585,9.115227295889657,9.517943432122241,27.26043884173003,-0.0
18.59,9.134728456299646,9.504119554608573,27.330386104307347,-0.0
18.595,9.151745573937337,9.4857106412599,27.39960505693517,-0.0
18.6,9.167995677288625,9.465758691192935,27.469138204448928,-0.0
18.605,9.183561314536849,9.442295686558564,27.536572586886695,-0.0
18.61,9.195462731389432,9.416444463006602,27.60321988796211,-0.0
18.615000000000002,9.205558317453532,9.386447060627079,27.66865273559528,-0.0
18.62,9.213825384076861,9.354575612827677,27.731467872336644,-0.0
18.625,9.219126133863023,9.320586422874594,27.793314883701083,-0.0
18.63,9.224020649407333,9.282509682920502,27.853729383875987,-0.0
18.635,9.227584066359904,9.24222584937201,27.909985428011442,-0.0
18.64,9.227929558822348,9.199417506659358,27.96387369969529,-0.0
18.645,9.227177099719068,9.15439207570597,28.015103351626653,-0.0
18.650000000000002,9.224018718005262,9.10791130750334,28.06378974320834,-0.0
18.655,9.219265902832364,9.058602725307113,28.109426886335587,-0.0
18.66,9.210219000740729,9.00914383568328,28.151975068272773,-0.0
18.665,9.200048869701927,8.95605017944897,28.191240003565152,-0.0
18.67,9.186856508222537,8.902950958904373,28.227781116525456,-0.0
18.675,9.173476616470099,8.847308856480614,28.25970831649351,-0.0
18.68,9.158239036349459,8.791374152090679,28.288911599731666,-0.0
18.685,9.139835332578961,8.733845069404055,28.31449402567701,-0.0
18.69,9.119708256507582,8.67581504617078,28.336024985505478,-0.0
18.695,9.097263162600635,8.61707345973833,28.353553615467348,-0.0
18.7,9.073905501248053,8.558885355077553,28.365989039815087,-0.0
18.705000000000002,9.048288874713108,8.500101171492409,28.375979105004983,-0.0
18.71,9.020789867396179,8.440914067188416,28.381918082956282,-0.0
18.715,8.99222019497621,8.381254507725064,28.38585667938311,-0.0
18.72,8.961952268586089,8.321970895693333,28.385231874131417,-0.0
18.725,8.930749829199979,8.264363227841914,28.378831058359086,-0.0
18.73,8.897972539970462,8.207221967805017,28.36844287808822,-0.0
18.735,8.863104232267014,8.149779603252584,28.356110402671895,-0.0
18.740000000000002,8.826769746568452,8.092619914426484,28.339977986336244,-0.0
18.745,8.7891881294553,8.037507339275477,28.320051222919577,-0.0
18.75,8.750654976869104,7.984246194948961,28.295707902537885,-0.0
18.755,8.711636234519919,7.930537377397627,28.26899226492974,-0.0
18.76,8.6716592016585,7.878355144783066,28.236608931461777,-0.0
18.765,8.63203739212129,7.8305829308554245,28.201776620944166,-0.0
18.77,8.59119805716629,7.781667535225379,28.163235656800154,-0.0
18.775000000000002,8.550437809467367,7.734690418731305,28.123296879698092,-0.0
18.78,8.509803591286515,7.690740181555514,28.078756486079048,-0.0
18.785,8.468634530896288,7.649201998911768,28.030270828949075,-0.0
18.79,8.427285279078221,7.609490879936816,27.98027649839271,-0.0
18.795,8.38803802896908,7.571689448218743,27.92864032786519,-0.0
18.8,8.347548486021623,7.536874310967763,27.87310508166833,-0.0
18.805,8.307288726904634,7.503893237919826,27.815612016467725,-0.0
18.81,8.26577894029628,7.474426378180007,27.756294302401468,-0.0
18.815,8.227460900859052,7.44780786789205,27.69336165876675,-0.0
18.82,8.188611209746734,7.4227877820196255,27.630544842613087,-0.0
18.825,8.15011069296261,7.401740215395764,27.56614946620897,-0.0
18.830000000000002,8.112551573242888,7.382657027419691,27.50008405888369,-0.0
18.835,8.07499725362414,7.364240326045674,27.434448610459487,-0.0
18.84,8.039911277909168,7.349655453047569,27.366190864667175,-0.0
18.845,8.004452893684329,7.338686012644024,27.296983555254993,-0.0
18.85,7.971359161443416,7.331874927209161,27.227616078350202,-0.0
18.855,7.939877431232696,7.325498448811085,27.15789826251351,-0.0
18.86,7.909271883947308,7.322283748136125,27.085609110768303,-0.0
18.865000000000002,7.881165132987568,7.3207154261383955,27.01285552429208,-0.0
18.87,7.8524388008674,7.32335833264031,26.939146774854343,-0.0
18.875,7.825468989276573,7.329305532700788,26.867925038132515,-0.0
18.88,7.8011698030463945,7.338406176923942,26.79673064966979,-0.0
18.885,7.77770555307498,7.347307886954636,26.724267438423883,-0.0
18.89,7.757026099315263,7.360170189262787,26.65444581723529,-0.0
18.895,7.737224187467951,7.375870105606168,26.584567421683072,-0.0
18.900000000000002,7.71913020091901,7.394767358162174,26.51568645958873,-0.0
18.905,7.70373476958867,7.415419677044965,26.44831997029258,-0.0
18.91,7.689570808057905,7.4375579875374225,26.380376525412263,-0.0
18.915,7.67658156410685,7.4619762363189786,26.31490158324246,-0.0
18.92,7.665628550395379,7.490576487257493,26.24967551037172,-0.0
18.925,7.655138484876764,7.518470662486123,26.186743670425514,-0.0
18.93,7.648258562762007,7.550236504611932,26.124520683406374,0.0
18.935,7.6429659759929764,7.584245758390543,26.064781736311925,0.0
18.94,7.641686599712813,7.620035977974858,26.00751109973715,0.0
18.945,7.6414342028342945,7.658048155818859,25.953368653055165,0.0
18.95,7.64233432409401,7.6983792992682485,25.89917292399614,0.0
18.955000000000002,7.644084644756865,7.739898411535102,25.847905231514755,0.0
18.96,7.649928425676293,7.783896451356664,25.79878918874686,0.0
18.965,7.657845290215214,7.828298580303353,25.752295128637346,0.0
18.97,7.664690145349039,7.874970764625916,25.70936733354534,0.0
18.975,7.6746500614452104,7.921789838647521,25.66810819922873,0.0
18.98,7.68604257190265,7.971904156939166,25.628987852331537,0.0
18.985,7.700707086177318,8.023293045428792,25.59261057731889,0.0
18.990000000000002,7.717031445053751,8.075864037204271,25.56031482193099,0.0
18.995,7.734721131112997,8.127618668505214,25.53108559137125,0.0
19.0,7.753502275651198,8.182778968937138,25.505908634924793,0.0
19.005,7.774049892383522,8.238483220494047,25.482573733656015,0.0
19.01,7.798692589610583,8.295122230492115,25.462728605849737,0.0
19.015,7.823711035594216,8.352915803187422,25.44764631775225,0.0
19.02,7.8492759111999995,8.410748915533336,25.43611513542382,0.0
19.025000000000002,7.877414968754677,8.469080006104788,25.427152283894408,0.0
19.03,7.907012138214317,8.528182921716073,25.421467773542457,0.0
19.035,7.938235001913857,8.587421770451847,25.417909213905876,0.0
19.04,7.969748957155712,8.64647479259055,25.421305132452357,0.0
19.045,8.003236103236551,8.707013884110232,25.42605148208644,0.0
19.05,8.037246123381983,8.767052283136959,25.43544167971912,0.0
19.055,8.072296041485865,8.824577236120875,25.449372730078032,0.0
19.06,8.110549216028039,8.883301149037672,25.46664954844783,0.0
19.065,8.14923304958834,8.941941934867952,25.486227297800774,0.0
19.07,8.188673670107644,8.998361183712428,25.51018248815298,0.0
19.075,8.229267685333065,9.05562985095306,25.538969716594647,0.0
19.080000000000002,8.269802013021973,9.111112378705796,25.570418200906772,0.0
19.085,8.312738519808375,9.16505347802771,25.605655005671323,0.0
19.09,8.355108641596514,9.218915855756084,25.64450230841967,0.0
19.095,8.398447150877386,9.270343819438114,25.688666541443897,0.0
19.1,8.441060292430985,9.32208815300343,25.734541933785817,0.0
19.105,8.484173838508967,9.371213187064463,25.78360929926335,0.0
19.11,8.52738905324392,9.419524412576193,25.836398355422606,0.0
19.115000000000002,8.571481614703607,9.464909305110227,25.892757872871222,0.0
19.12,8.614943593789636,9.508057345098678,25.952860876735375,0.0
19.125,8.659438491821865,9.548407432887412,26.016027778806517,0.0
19.13,8.703671369729168,9.586666090937717,26.082020554308702,0.0
19.135,8.747601098963784,9.62184378783595,26.15177990375636,0.0
19.14,8.793171121090179,9.655972755077386,26.223077651955553,0.0
19.145,8.836168030352875,9.686338600226371,26.297506083249335,0.0
19.150000000000002,8.878360746932383,9.71365663892771,26.375757986667086,0.0
19.155,8.919772153288381,9.738212471389765,26.454588687106096,0.0
19.16,8.960785519798867,9.757761183064833,26.535916079006565,0.0
19.165,9.001623876959895,9.774717554451607,26.61861461692362,0.0
19.17,9.039953073138797,9.788994040070007,26.703145004140495,0.0
19.175,9.076895245207599,9.799262515867241,26.790118691187054,0.0
19.18,9.113110128964674,9.806263262790763,26.877505426556592,0.0
19.185,9.148064753280869,9.807668458854755,26.965744029237516,0.0
19.19,9.182526360917606,9.807543631038092,27.055068870726714,0.0
19.195,9.214069780641315,9.802223044948066,27.14471673456055,0.0
19.2,9.24398060428872,9.791597358508753,27.23433944795545,0.0
19.205000000000002,9.271319705224922,9.778329167996542,27.32321672902729,0.0
19.21,9.296925370942672,9.759525372844523,27.411883508041047,0.0
19.215,9.32068024844461,9.739383411487202,27.500378204957823,0.0
19.22,9.340892037932177,9.714483584187995,27.58704725803022,0.0
19.225,9.359334316956755,9.685651205640077,27.673992183714446,0.0
19.23,9.374994814393188,9.651179862368247,27.757566673882863,0.0
19.235,9.388661074006574,9.615031113671604,27.838777967704857,0.0
19.240000000000002,9.400163942037974,9.575974506429768,27.91860391778824,0.0
19.245,9.409664774805385,9.532197073431652,27.994967349944663,0.0
19.25,9.41524934539068,9.483723789281587,28.06906676107705,0.0
19.255,9.418855491920558,9.434189368574811,28.140859265329016,0.0
19.26,9.419840576039407,9.380075923018966,28.209606376003006,0.0
19.265,9.418046906948227,9.323187143887885,28.27536965797377,0.0
19.27,9.413546154684855,9.26343260043921,28.337493473208458,0.0
19.275000000000002,9.405076217195832,9.199568325783467,28.3955016056651,0.0
19.28,9.395113143923837,9.13554266952023,28.44920938867175,0.0
19.285,9.381712401887027,9.069376657323675,28.499109467466834,0.0
19.29,9.366115911666718,8.99998225705789,28.544927369516355,0.0
19.295,9.349630306190042,8.929685461903036,28.584386840053515,0.0
19.3,9.328047142842873,8.856579403600682,28.619318134432724,0.0
19.305,9.305173714378265,8.783333020726138,28.649759143616087,0.0
19.31,9.280031509202969,8.709820326383204,28.6773912286397,0.0
19.315,9.25164670292106,8.634512560171231,28.697925598362726,0.0
19.32,9.2207695876972,8.559493408759614,28.71497766200526,0.0
19.325,9.187842313195608,8.482599421732287,28.726817522064447,0.0
19.330000000000002,9.154133383611331,8.405003299784017,28.73353960340382,0.0
19.335,9.115988769292445,8.328931185847535,28.734788306979627,0.0
19.34,9.07732886064457,8.252149644633922,28.73219018484803,0.0
19.345,9.036822405457576,8.177356782634968,28.723879588052764,0.0
19.35,8.993821986984686,8.103963573231386,28.709904488607005,0.0
19.355,8.949183177154694,8.031911639800027,28.69149055991935,0.0
19.36,8.90332407247727,7.960724598795336,28.668777284183513,0.0
19.365000000000002,8.855585277741326,7.8919492672383535,28.64050527670662,0.0
19.37,8.80813655496303,7.824069736177809,28.608656340969016,0.0
19.375,8.758332842815792,7.756852220076649,28.57094975648768,0.0
19.38,8.709784412582213,7.693112972294078,28.528818900268323,0.0
19.385,8.659984130597005,7.631869125505454,28.48316162823099,0.0
19.39,8.608624281620337,7.572703268985584,28.433899308117777,0.0
19.395,8.556789599976591,7.5157187567363275,28.381313537032213,0.0
19.400000000000002,8.504230823865154,7.462078546048403,28.32423591351684,0.0
19.405,8.453094375648298,7.411173323927619,28.263372266661985,0.0
19.41,8.399986945721235,7.36307616974391,28.20067987238738,0.0
19.415,8.347771689574197,7.3177557093245,28.135016092094656,0.0
19.42,8.295924747040488,7.276022488036137,28.06538213260164,0.0
19.425,8.245110951626815,7.236637079060795,27.994183731323332,0.0
19.43,8.194843845578182,7.200187800095058,27.918283406127937,0.0
19.435,8.146645272586122,7.167640692426804,27.84129192584885,0.0
19.44,8.097770831988248,7.138534011709032,27.76207891100165,0.0
19.445,8.048816999328542,7.11155386506002,27.680121129742556,0.0
19.45,8.001716158721779,7.089714440077078,27.597745279762638,0.0
19.455000000000002,7.956518634449757,7.070389287021644,27.51303331638529,0.0
19.46,7.912472126509941,7.055583301054683,27.426971880122167,0.0
19.465,7.869152902739455,7.0418920922194514,27.3413581144393,0.0
19.47,7.8267007851430375,7.033164360086623,27.252479075779544,0.0
19.475,7.787785894400309,7.027373321247997,27.164069047550864,0.0
19.48,7.750340974631585,7.024416744472693,27.075697888558498,0.0
19.485,7.71490891196714,7.026428772046767,26.986578553473873,0.0
19.490000000000002,7.679976554462978,7.030141678646513,26.89832852427274,0.0
19.495,7.647512068900027,7.035247017495375,26.80806886409213,0.0
19.5,7.616716948100115,7.046049326152334,26.719021259725974,0.0
19.505,7.588216713212182,7.058056624203409,26.631067387202254,0.0
19.51,7.561619201539745,7.07601686362678,26.544155330371908,0.0
19.515,7.537820443747927,7.094679690736573,26.457927421381505,0.0
19.52,7.5147340937546065,7.116772790056897,26.37182851490254,0.0
19.525000000000002,7.494126645647801,7.142300691177907,26.287746006760866,0.0
19.53,7.475709527647001,7.170306133718129,26.203961843925107,0.0
19.535,7.461271793202774,7.202437181950235,26.12131542132997,0.0
19.54,7.447393799601521,7.236133210438775,26.042181075592975,0.0
19.545,7.4362867316505525,7.274285495720694,25.963284458338418,0.0
19.55,7.427884869666094,7.3132839770493385,25.88796749971793,0.0
19.555,7.421337533430854,7.355457109213575,25.815741664434544,0.0
19.56,7.416906403453966,7.400080794182594,25.744965469289788,0.0
19.565,7.416102807172289,7.445390023676425,25.675436747205218,0.0
19.57,7.41684573434126,7.493866637827285,25.60815943306453,0.0
19.575,7.420286017116287,7.5452677357976015,25.54306791030524,0.0
19.580000000000002,7.426210371437561,7.598202354036089,25.48186596465314,0.0
19.585,7.434416891945614,7.654375397971846,25.42546115484817,0.0
19.59,7.4458573451835255,7.712875202120926,25.371481250138714,0.0
19.595,7.45801692470351,7.772201965378211,25.32116920274233,0.0
19.6,7.473449136749548,7.8331094276004904,25.27275963408499,0.0
19.605,7.491980372052578,7.894648353877847,25.22915495316594,0.0
19.61,7.512950274245072,7.9586211928273265,25.18803790863143,0.0
19.615000000000002,7.535441824301446,8.025286680732671,25.151268644393493,0.0
19.62,7.560344097796892,8.093456775313129,25.117377245254385,0.0
19.625,7.586910010740319,8.161509453521994,25.08825471385715,0.0
19.63,7.616341539266204,8.232015460528691,25.062286298645297,0.0
19.635,7.647788189707014,8.303249785010067,25.041934492449936,0.0
19.64,7.679848789005403,8.373384011613487,25.025134589992266,0.0
19.645,7.714916848669423,8.44566742894925,25.012689181113014,0.0
19.650000000000002,7.751069050634882,8.517770953020582,25.005070886177442,0.0
19.655,7.789709526017516,8.58921934992947,25.001171239241383,0.0
19.66,7.830094212549579,8.662439021171632,25.002979733909548,0.0
19.665,7.871229703893844,8.736541007657348,25.008748056317053,0.0
19.67,7.91370979523206,8.810760878421632,25.019587984958385,0.0
19.675,7.958275571778303,8.884541454581568,25.034156745605802,0.0
19.68,8.004359630477138,8.957625177189707,25.055389997736366,0.0
19.685,8.052757673095064,9.030892970182657,25.079795838967847,0.0
19.69,8.1009860611696,9.102613249109286,25.110087493380817,0.0
19.695,8.151133582281295,9.174721975191193,25.142799156953135,0.0
19.7,8.202106775657585,9.244775786338502,25.181000300262635,0.0
19.705000000000002,8.25541294713732,9.315391490433033,25.223341671103867,0.0
19.71,8.3093190329109,9.383535439837692,25.272785707846772,0.0
19.715,8.363108631203227,9.449426208140464,25.326587114682543,0.0
19.72,8.418170444637903,9.51364793711475,25.382552210292925,0.0
19.725,8.471578508142564,9.57621673681268,25.443810297329772,0.0
19.73,8.526924994396843,9.63667510091,25.50981293158833,0.0
19.735,8.580829150390095,9.694724077363256,25.580221991709628,0.0
19.740000000000002,8.6365676163223,9.750092040677764,25.65473109976792,0.0
19.745,8.692613640465824,9.803832505479482,25.73306922875113,0.0
19.75,8.747836568290632,9.85254677663546,25.815922235356688,0.0
19.755,8.803898797416577,9.897909204082397,25.901726917665513,0.0
19.76,8.858702164131344,9.940366287785201,25.99188562656162,0.0
19.765,8.913453860660539,9.980772404992006,26.085796859509742,0.0
19.77,8.967256198432768,10.01607429058247,26.182813351407834,0.0
19.775000000000002,9.020390880531963,10.047349692684934,26.28212129417176,0.0
19.78,9.071430324894742,10.075151126688677,26.38391618483131,0.0
19.785,9.122350210503411,10.099086879167043,26.489137021226554,0.0
19.79,9.171274551559582,10.11787790840667,26.597590853578094,0.0
19.795,9.219253687635568,10.132274530118451,26.706623467481943,0.0
19.8,9.264423311649137,10.141875049816418,26.817786173715554,0.0
19.805,9.30825631817896,10.145136447381464,26.930267705606788,0.0
19.81,9.349119852305229,10.144289109703529,27.042920944228438,0.0
19.815,9.387547715399364,10.138378241825553,27.155292521129,0.0
19.82,9.424752203305392,10.12769671703514,27.270238661653217,0.0
19.825,9.459463479680428,10.111504780155917,27.382461662521848,0.0
19.830000000000002,9.49287112199204,10.089488609590715,27.495225834731347,0.0
19.835,9.522847301143518,10.063673637661768,27.60645359635163,0.0
19.84,9.549595186472484,10.031039044497309,27.71725012562776,0.0
19.845,9.573511430485725,9.99339087389035,27.8256652855859,0.0
19.85,9.594773433616371,9.952023105209745,27.933542517647684,0.0
19.855,9.613165770224732,9.904208358486583,28.03838645505304,0.0
19.86,9.627264080113598,9.852233869255327,28.141200947523156,0.0
19.865000000000002,9.639027140722371,9.79678089329574,28.240619701027065,0.0
19.87,9.646258641487448,9.7363073353926,28.33646699216037,0.0
19.875,9.651289988493781,9.6708332784548,28.428270935100095,0.0
19.88,9.651558046747743,9.602658985814363,28.517395146971523,0.0
19.885,9.649304433405982,9.52930920224558,28.59928830198735,0.0
19.89,9.6430811177985,9.452149833218746,28.67815206141145,0.0
19.895,9.633067011002332,9.372177110254249,28.750988052938308,0.0
19.900000000000002,9.619679109911521,9.288936061836148,28.81961064297785,0.0
19.905,9.602607962392009,9.202271317516985,28.881911178209503,0.0
19.91,9.582868405500792,9.11348901067742,28.938806343765624,0.0
19.915,9.55981967487256,9.023348576166129,28.989791690484235,0.0
19.92,9.533308454851177,8.930188746165804,29.03586328845782,0.0
19.925,9.503692228217265,8.836504668996252,29.074001043888,0.0
19.93,9.470044430515635,8.74175638591221,29.10648422417207,0.0
19.935,9.434642789757815,8.645180450200428,29.13202299835147,0.0
19.94,9.39523960718597,8.549352382262233,29.151051588803856,0.0
19.945,9.35224559545384,8.452592581220108,29.16344429429779,0.0
19.95,9.307494150373696,8.356937802418955,29.169462690657646,0.0
19.955000000000002,9.259418280398771,8.26057418008002,29.16897812994386,0.0
19.96,9.2099380733032,8.165297283524179,29.163376349457504,0.0
19.965,9.157185657986055,8.070299175966781,29.149025198004882,0.0
19.97,9.102412189245324,7.976658063864453,29.129348248341824,0.0
19.975,9.047416104463649,7.885840648793207,29.10424317398379,0.0
19.98,8.988974992882197,7.796935283551395,29.073165058990156,0.0
19.985,8.929949186430171,7.709056798239181,29.03385660047938,0.0
19.990000000000002,8.869155583243348,7.6235621534505436,28.991587768244855,0.0
19.995,8.80732518598322,7.541681143796682,28.942686797778997,0.0
20.0,8.74525635391202,7.462991592714468,28.888694691877063,0.0
20.005,8.681329689301045,7.387017674866483,28.828803450755103,0.0
20.01,8.616256700572986,7.314432140558985,28.764942493286867,0.0
20.015,8.551809717740126,7.244777463252822,28.697232330072218,0.0
20.02,8.486165687665586,7.17861341900999,28.624353546890376,0.0
20.025000000000002,8.420664800342744,7.116876200776837,28.547866945887748,0.0
20.03,8.35498375329906,7.058111297374309,28.466263774932337,0.0
20.035,8.289363510782964,7.003364424348234,28.380719542994512,0.0
20.04,8.224942095485188,6.953807046753224,28.292625257346394,0.0
20.045,8.161305757427348,6.907217114413594,28.200775263642093,0.0
20.05,8.098175321258015,6.863944377031586,28.10688320832356,0.0
20.055,8.036353173300425,6.825282672680221,28.009764900523287,0.0
20.06,7.975546771507986,6.791818498970574,27.91097607244612,0.0
20.065,7.916550872631564,6.761068878437802,27.809722978877964,0.0
20.07,7.859142424494527,6.735234776087612,27.70713120301104,0.0
20.075,7.802551571421415,6.712803040189348,27.603251572292848,0.0
20.080000000000002,7.746527791994979,6.694164474291858,27.497538754552945,0.0
20.085,7.694895168678479,6.6805590935965995,27.388872412760072,0.0
20.09,7.644236766272209,6.6703464277822695,27.280923471121962,0.0
20.095,7.594551078423898,6.665099658600673,27.169796575239868,0.0
20.1,7.5485374291373395,6.66293656520003,27.062124851398583,0.0
20.105,7.504084424200824,6.664913169099039,26.952646912002972,0.0
20.11,7.46191841907459,6.67181045497716,26.84320688092165,0.0
20.115000000000002,7.421915787407145,6.680400037390378,26.735128444424085,0.0
20.12,7.3853210786252355,6.693727753803941,26.62709225449805,0.0
20.125,7.350332495469922,6.7116536325660805,26.519810902888324,0.0
20.13,7.318968291655503,6.731925348177188,26.412621573782097,0.0
20.135,7.289136436466958,6.75686586775071,26.30653188687315,0.0
20.14,7.262805173051702,6.785556405230544,26.20245840241811,0.0
20.145,7.238229311481387,6.816657514635807,26.099451600814856,0.0
20.150000000000002,7.2169598972190805,6.852131042728694,25.997105616357242,0.0
20.155,7.1984004787245945,6.890176265173673,25.898277571888382,0.0
20.16,7.183207139352958,6.930252547534766,25.799856090764177,0.0
20.165,7.170282395598784,6.974361696907487,25.70467047456415,0.0
20.17,7.160434694520545,7.023420036016287,25.613115746111387,0.0
20.175,7.153743992732068,7.07324496319976,25.5230983393368,0.0
20.18,7.148132421644583,7.124914455420404,25.436222371737138,0.0
20.185,7.146589476417614,7.18034651544446,25.352360634275104,0.0
20.19,7.149548936108901,7.2381344227788755,25.271514413111742,0.0
20.195,7.154522523660845,7.30003171477677,25.19293218248252,0.0
20.2,7.161306037367248,7.364305101391081,25.116994036753788,0.0
20.205000000000002,7.1703266185352375,7.430964424327588,25.044779194197158,0.0
20.21,7.183521286812784,7.499924523014507,24.977609006057147,0.0
20.215,7.198068940572943,7.571011425834929,24.91304229159992,0.0
20.22,7.217292477003194,7.644742741041497,24.853352448504904,0.0
20.225,7.238598076230068,7.719395331926009,24.797690073924908,0.0
20.23,7.263715470633484,7.797668950279801,24.74621973549899,0.0
20.235,7.292162621558878,7.877122665180352,24.700100185829687,0.0
20.240000000000002,7.321960756340423,7.957830872275176,24.65804982412525,0.0
20.245,7.35431378848171,8.039674781711948,24.62110459223335,0.0
20.25,7.388597302958751,8.123938886572594,24.589280144834234,0.0
20.255,7.4245900614180895,8.208900919555614,24.56233024732704,0.0
20.26,7.464005145818113,8.295458934984627,24.539128626722654,0.0
20.265,7.5050284705297665,8.382143865896566,24.519697300753517,0.0
20.27,7.549045693743754,8.471335020654559,24.507287969743555,0.0
20.275000000000002,7.594319928236934,8.560798222132217,24.4994009206142,0.0
20.28,7.6409935494337775,8.649949427103987,24.497650255034745,0.0
20.285,7.691402799078513,8.741057130011857,24.50167422990466,0.0
20.29,7.744609744647773,8.832275388688451,24.51039532187924,0.0
20.295,7.798939784909003,8.922764474969572,24.52490486751024,0.0
20.3,7.854435899680046,9.013718207030617,24.545300116708585,0.0
20.305,7.912524789516025,9.103374363379018,24.572649763140273,0.0
20.31,7.971839370563293,9.19313142424541,24.604279096844667,0.0
20.315,8.032000605557327,9.28290818901092,24.643738904965705,0.0
20.32,8.094032411507397,9.37078852989532,24.689048971244937,0.0
20.325,8.15692589185825,9.459107541553418,24.739225332704343,0.0
20.330000000000002,8.221674483058006,9.546000031546908,24.795495255580146,0.0
20.335,8.28748266749699,9.629519997724158,24.858218657646447,0.0
20.34,8.353856820633895,9.711722663168759,24.92555232097353,0.0
20.345,8.421319422596184,9.791927749936427,24.99819404957295,0.0
20.35,8.490266446539108,9.868793384768987,25.0764641426803,0.0
20.355,8.56005363374594,9.94270085543832,25.16104785264574,0.0
20.36,8.629119236606913,10.014367619240785,25.250014357640353,0.0
20.365000000000002,8.697885716627654,10.082893102509685,25.346499139189213,0.0
20.37,8.768069085091954,10.14756406007872,25.44749276143413,0.0
20.375,8.83660955509959,10.208978030362532,25.552464064188985,0.0
20.38,8.905464134655249,10.26634967193886,25.662449194431865,0.0
20.385,8.97326739152701,10.320126918170168,25.77769969773461,0.0
20.39,9.04052280501012,10.36897896759819,25.896697548802095,0.0
20.395,9.106224001574933,10.412332037055753,26.020226195885186,0.0
20.400000000000002,9.173054268317815,10.451533586147715,26.14793652429849,0.0
20.405,9.236395186125113,10.484484860245601,26.27862371945385,0.0
20.41,9.297461310118413,10.511038786633588,26.413805543522567,0.0
20.415,9.357444955455975,10.532447050073232,26.55054763290465,0.0
20.42,9.416657187138455,10.548739792653523,26.688983941457156,0.0
20.425,9.473160809088629,10.558077346608737,26.829375098419337,0.0
20.43,9.526710309706377,10.559874856812034,26.971483049076117,0.0
20.435,9.579191546409726,10.556432437517541,27.1154723710712,0.0
20.44,9.627881758124884,10.546756131096537,27.26013904042845,0.0
20.445,9.673927202853038,10.530799701761156,27.402855724718307,0.0
20.45,9.715920001609375,10.506952842723841,27.54635378761963,0.0
20.455000000000002,9.755602805578436,10.476542510898883,27.68949461377138,0.0
20.46,9.791893151747704,10.440151411117776,27.830181081563634,0.0
20.465,9.824849758114189,10.396619327186107,27.968625808343482,0.0
20.47,9.853548149881119,10.346149550049587,28.106917875181274,0.0
20.475,9.87894763366489,10.28977033940381,28.241554944883486,0.0
20.48,9.89994520566586,10.22518826305889,28.37289221624094,0.0
20.485,9.916471881904439,10.155491126462575,28.499951940421074,0.0
20.490000000000002,9.928509614900364,10.080382021531964,28.624338184950595,0.0
20.495,9.93692058124955,9.997732925515194,28.742915916698173,0.0
20.5,9.93924755846728,9.910472805256637,28.856666845259323,0.0
20.505,9.93634405766825,9.818637177920975,28.9626733007933,0.0
20.51,9.930110358058196,9.721193830555972,29.06416340470044,0.0
20.515,9.919606488846322,9.618308660557597,29.159257501535272,0.0
20.52,9.904427510770683,9.512833435610656,29.247734919895255,0.0
20.525000000000002,9.88568365787581,9.404155712206364,29.327831128184002,0.0
20.53,9.861750260159013,9.290106818718591,29.40125254811713,0.0
20.535,9.832401077747575,9.17324871454381,29.46759924317895,0.0
20.54,9.800386847637366,9.054440776009997,29.524760005151663,0.0
20.545,9.763470841485065,8.933603773252834,29.573976082723156,0.0
20.55,9.72241398022936,8.811987875941377,29.614969645035043,0.0
20.555,9.67727919615309,8.68967818773172,29.64943729139282,0.0
20.56,9.627309573016104,8.565303409964033,29.674257196230403,0.0
20.565,9.57363073065399,8.44206985691323,29.69129148990879,0.0
20.57,9.515981464240852,8.31841948005333,29.699364464692735,0.0
20.575,9.455726910145364,8.195423871139534,29.700354102838322,0.0
20.580000000000002,9.394196465785596,8.072872547066858,29.691696947731657,0.0
20.585,9.328588049777712,7.9535377621521,29.674508756485675,0.0
20.59,9.259079130947432,7.83477969034321,29.649445120638347,0.0
20.595,9.187649210633275,7.718556369398191,29.61697170119606,0.0
20.6,9.113224390289897,7.605938676622244,29.576241214931834,0.0
20.605,9.038077194735205,7.496217766235937,29.52856295643196,0.0
20.61,8.961269832374937,7.389482425391397,29.4733885370627,0.0
20.615000000000002,8.882096546305695,7.2869160939165765,29.412201297922195,0.0
20.62,8.802223824162347,7.188202207278295,29.343433779408443,0.0
20.625,8.72136896571515,7.092970291493207,29.267678349905477,0.0
20.63,8.63913563789151,7.000900894942904,29.186517080501122,0.0
20.635,8.556817197958512,6.9150376514380945,29.100097921519602,0.0
20.64,8.475065346739255,6.833690109622572,29.008647571930826,0.0
20.645,8.394327598693,6.757944464040681,28.91238633359892,0.0
20.650000000000002,8.312003610949924,6.684621407378095,28.810685061910753,0.0
20.655,8.23233106375028,6.616948478147358,28.703536745617384,0.0
20.66,8.151745997189437,6.55445095469586,28.592151210696425,0.0
20.665,8.072606300206655,6.496825670054856,28.47753500782459,0.0
20.67,7.994386939637667,6.4444421100974,28.360495907076636,0.0
20.675,7.9168854671129525,6.398164999855356,28.240341318427067,0.0
20.68,7.8410747525521485,6.356517862623871,28.11658345712421,0.0
20.685,7.767627314122413,6.3191790519251265,27.990821212937856,0.0
20.69,7.695250787953025,6.2881653198643495,27.862460165297865,0.0
20.695,7.624359834176551,6.262537775198792,27.732391451168123,0.0
20.7,7.555528335730315,6.240510580717146,27.60197307636967,0.0
20.705000000000002,7.490018266054946,6.224701133865042,27.46840190571252,0.0
20.71,7.4257252239707086,6.2126199212369055,27.33502250959171,0.0
20.715,7.366057324025963,6.205877632989527,27.200870906881562,0.0
20.72,7.307979305937985,6.203417930283565,27.065371610757218,0.0
20.725,7.25329271534846,6.206710948006344,26.93171515976161,0.0
20.73,7.2019997275586665,6.214226283895458,26.79873113819634,0.0
20.735,7.152503940850957,6.226888538776119,26.66492603170862,0.0
20.740000000000002,7.106028940921258,6.243504861009978,26.532727371927816,0.0
20.745,7.063568851070244,6.264601626381929,26.40005797876943,0.0
20.75,7.022596918060257,6.289593321257244,26.26867385324521,0.0
20.755,6.985592804261036,6.320280286050721,26.138443825763872,0.0
20.76,6.950823220043606,6.354198539551715,26.01126666936734,0.0
20.765,6.92156265855465,6.392001072657057,25.88524081553816,0.0
20.77,6.894054026434048,6.433095594694138,25.76054822486436,0.0
20.775000000000002,6.8716310590869965,6.478660473101513,25.639111117081143,0.0
20.78,6.852448257664383,6.5264422387486345,25.51800154842697,0.0
20.785,6.835848562377572,6.577562466196651,25.401166976192954,0.0
20.79,6.8237199030715034,6.632559160003414,25.286790358323984,0.0
20.795,6.814015828670357,6.6930236317713145,25.175308104188723,0.0
20.8,6.808007340555698,6.757212275451707,25.066332589417602,0.0
20.805,6.804861361470211,6.823098709475415,24.96273770787033,0.0
20.81,6.806327703568541,6.892260753821798,24.862938370340384,0.0
20.815,6.80965799329904,6.965089621653452,24.76580570489016,0.0
20.82,6.81784782549938,7.0398812040077114,24.67134596435737,0.0
20.825,6.829136855093487,7.119073156248555,24.582367837809542,0.0
20.830000000000002,6.843259009151185,7.199390247000037,24.49724093815474,0.0
20.835,6.860224495110843,7.2817103096256,24.417022831918594,0.0
20.84,6.882144192400848,7.3689240695621425,24.3430549474826,0.0
20.845,6.9070560730338855,7.458143544286953,24.27267750614073,0.0
20.85,6.933458430200204,7.549706605510087,24.206620930754877,0.0
20.855,6.963841805965808,7.643953748851311,24.14647635526901,0.0
20.86,6.99834492077273,7.740051907084909,24.09169330173997,0.0
20.865000000000002,7.034435865331779,7.838589277505956,24.04061250129942,0.0
20.87,7.075775241185865,7.938327471390291,23.995664861228704,0.0
20.875,7.118487926192855,8.041186851126366,23.95582885161889,0.0
20.88,7.1634286003725975,8.143899378026942,23.922621928609434,0.0
20.885,7.212673340417107,8.248997072435303,23.894646262503496,0.0
20.89,7.264947799077155,8.356770714113376,23.873689582918995,0.0
20.895,7.319428048443786,8.465078003498991,23.85852359142412,0.0
20.900000000000002,7.376260697466376,8.574741323806483,23.85074658043103,0.0
20.905,7.437298960186147,8.685080722973805,23.848483000208105,0.0
20.91,7.498927460301247,8.796104520432944,23.853469685026003,0.0
20.915,7.5646842418372096,8.908867059474112,23.865249104287766,0.0
20.92,7.633229111213429,9.020913098451244,23.883488392520867,0.0
20.925,7.702280169192699,9.132848170907724,23.90895827702237,0.0
20.93,7.773609372228192,9.244792563084694,23.940731590355888,0.0
20.935,7.846610724794185,9.355117257531226,23.982524464883085,0.0
20.94,7.922734379102651,9.465651658741708,24.03053978393249,0.0
20.945,7.999782966597366,9.574884820609801,24.085052029390187,0.0
20.95,8.079041858148996,9.68363873112451,24.146506663569834,0.0
20.955000000000002,8.15941701253011,9.789909337639866,24.215837652796424,0.0
20.96,8.240668497282618,9.89551181245982,24.293083795563483,0.0
20.965,8.323506058960067,9.998146344037405,24.37744557469685,0.0
20.97,8.405877857587194,10.099863154771912,24.467898962440962,0.0
20.975,8.490588494759907,10.198137985677889,24.56573407934824,0.0
20.98,8.57626377538273,10.293301710168873,24.671382495221817,0.0
20.985,8.661186754819878,10.384418947783088,24.784096294936692,0.0
20.990000000000002,8.746559778808548,10.471491042314064,24.903631186994197,0.0
20.995,8.832220379485136,10.55429988480483,25.030705831479114,0.0
21.0,8.91905944381078,10.632655849348556,25.163902961034218,0.0
21.005,9.002979057457887,10.70689371551995,25.302328236577143,0.0
21.01,9.08843120440484,10.772971216989399,25.4476667753765,0.0
21.015,9.172413960953914,10.834665191920042,25.598238802495864,0.0
21.02,9.254334890947451,10.889570301394855,25.75335433236623,0.0
21.025000000000002,9.335643919150284,10.938381833238402,25.913840054688794,0.0
21.03,9.415744190023206,10.97981968428945,26.079933038916444,0.0
21.035,9.49338475640003,11.016517798947836,26.248240412799476,0.0
21.04,9.570672649914911,11.04518008098749,26.422286818544208,0.0
21.045,9.64468240303233,11.066485066473103,26.59738273585745,0.0
21.05,9.71615596686039,11.079449589230487,26.777245580388772,0.0
21.055,9.784780645584233,11.084120683520759,26.957320748646303,0.0
21.06,9.84952960259731,11.078798696425336,27.140462953176115,0.0
21.065,9.911385002217079,11.06625781100244,27.323445575294123,0.0
21.07,9.968721308935452,11.044087272601223,27.50797229675508,0.0
21.075,10.02259754803411,11.014106518594545,27.69129478793106,0.0
21.080000000000002,10.072340063119135,10.973461284295377,27.874504059697035,0.0
21.085,10.117805432617569,10.923434388073744,28.05381177958533,0.0
21.09,10.159033576201278,10.866586764138827,28.232715670947183,0.0
21.095,10.194778291905637,10.800815391969227,28.408016874376887,0.0
21.1,10.225248396863602,10.725512733722237,28.58039305802433,0.0
21.105,10.251124905810162,10.642990448830052,28.74880263947814,0.0
21.11,10.26970395567728,10.55145841816281,28.91086365308161,0.0
21.115000000000002,10.284555847251923,10.451713142506291,29.066868375283992,0.0
21.12,10.29297174532222,10.344615683465264,29.216661885154984,0.0
21.125,10.294019886169435,10.230257903413207,29.359257039331386,0.0
21.13,10.291150937847304,10.108911262175988,29.494412068424488,0.0
21.135,10.283465030650056,9.981343957109281,29.621609742930527,0.0
21.14,10.269363204589698,9.84857713166337,29.740235316598973,0.0
21.145,10.249631253645022,9.708634030999015,29.849492344909386,0.0
21.150000000000002,10.22275319127494,9.566487256721224,29.949349192049656,0.0
21.155,10.190399233954652,9.41871090382379,30.039294674857597,0.0
21.16,10.151184878439208,9.26725350973284,30.117793557809765,0.0
21.165,10.106921432999552,9.113179000936396,30.186064131667635,0.0
21.17,10.057811851524924,8.956913269786243,30.2420063112596,0.0
21.175,10.002203284023963,8.799388182422017,30.28990027558189,0.0
21.18,9.942429331756545,8.640347183408478,30.324273706690775,0.0
21.185,9.875861034012503,8.480656068546603,30.349758320578037,0.0
21.19,9.80577439133449,8.322261662369518,30.364236862800766,0.0
21.195,9.730006335906335,8.166773574787912,30.366514575980958,0.0
21.2,9.65208286597497,8.010290630674694,30.35857886863242,0.0
21.205000000000002,9.569884218723157,7.856198539925611,30.338868088374426,0.0
21.21,9.484248615106015,7.7049213880806215,30.30955496476767,0.0
21.215,9.395223318605538,7.556761429166905,30.270930743509805,0.0
21.22,9.301679102680486,7.412130758886721,30.222698881521072,0.0
21.225,9.206241716360807,7.272772077383071,30.164820379715515,0.0
21.23,9.110602534350683,7.136977575002213,30.097830187870947,0.0
21.235,9.01232854964049,7.005688037219767,30.022711763917687,0.0
21.240000000000002,8.91214709007964,6.8800608087716375,29.938529247915373,0.0
21.245,8.810104002335207,6.758378177350243,29.846530700170735,0.0
21.25,8.708079657058342,6.64282202905059,29.74669959774355,0.0
21.255,8.606165257186602,6.532783011384973,29.638325083901893,0.0
21.26,8.501839897297618,6.428504412048736,29.52521942815089,0.0
21.265,8.39777592152005,6.331504190799005,29.406068307860643,0.0
21.27,8.294678532204946,6.241056965590553,29.280181931217328,0.0
21.275000000000002,8.190247329243801,6.157744194387275,29.15077114677614,0.0
21.28,8.088731946336024,6.0805449495457236,29.015272537712388,0.0
21.285,7.988689346003617,6.008452762634926,28.874365101964468,0.0
21.29,7.888657587066357,5.9442509904706915,28.72835235560553,0.0
21.295,7.7917670504768815,5.887011741783687,28.58009336223289,0.0
21.3,7.69541150641325,5.8351183454380084,28.42764664118529,0.0
21.305,7.603004887218064,5.788867988482068,28.27289627663897,0.0
21.31,7.512821544325905,5.748581157701642,28.114883343331424,0.0
21.315,7.424242413784332,5.715218182671238,27.956341122007828,0.0
21.32,7.339046022104044,5.688852679684209,27.796752746545096,0.0
21.325,7.25629966143677,5.668113025520706,27.636286628292012,0.0
21.330000000000002,7.176149543434371,5.652539102216106,27.473485751842478,0.0
21.335,7.099341061701797,5.64294685066272,27.309991050390494,0.0
21.34,7.026830204257094,5.638041053078568,27.14603054316211,0.0
21.345,6.95613306482715,5.640491912088355,26.981847362625558,0.0
21.35,6.889926835578054,5.6462120740323725,26.817377939564093,0.0
21.355,6.827703300299043,5.658153575730113,26.653840408085262,0.0
21.36,6.769172107184006,5.6743768523604174,26.491786202115115,0.0
21.365000000000002,6.715620551361383,5.697593281929614,26.330678013541124,0.0
21.37,6.664700980329438,5.726119816096886,26.17144540405371,0.0
21.375,6.618476523878308,5.758157674446736,26.013280346713955,0.0
21.38,6.5754070461136145,5.79480011503442,25.858233385918002,0.0
21.385,6.536449841675215,5.8369350571391685,25.705118808436673,0.0
21.39,6.500140638950095,5.883346406030695,25.553106156429767,0.0
21.395,6.469662892078983,5.932741572827794,25.40332915456478,0.0
21.400000000000002,6.443821484969281,5.98783067501656,25.255741397904423,0.0
21.405,6.4213850375682,6.0468042326216995,25.111732662558385,0.0
21.41,6.40336557158859,6.109057571353349,24.970695284895264,0.0
21.415,6.388047787442031,6.175496131245666,24.832911807513742,0.0
21.42,6.377972365126138,6.245817063060817,24.697840139606974,0.0
21.425,6.372588698507147,6.319538090240993,24.567875567108054,0.0
21.43,6.369935887978858,6.397746352330796,24.44259097706183,0.0
21.435,6.372452087283314,6.477320726169684,24.32039134120604,0.0
21.44,6.377304182277876,6.562482493951454,24.202308031436434,0.0
21.445,6.386524605135682,6.6520184650692,24.088785369703093,0.0
21.45,6.399848093666466,6.745145442875967,23.98031201444139,0.0
21.455000000000002,6.4178434020740776,6.840123939860664,23.875937912595628,0.0
21.46,6.438439639710033,6.937755718358984,23.776039731936848,0.0
21.465,6.4626015743768725,7.038556919222481,23.682132504858146,0.0
21.47,6.491522526105753,7.142625722648218,23.59366708800392,0.0
21.475,6.524333711187511,7.251187231050072,23.512306382421002,0.0
21.48,6.560294062686865,7.360831726482212,23.43522916694811,0.0
21.485,6.601183007395147,7.473423096830108,23.36406796441879,0.0
21.490000000000002,6.644683364078553,7.588413945389685,23.30029387278354,0.0
21.495,6.691997612824616,7.706293563331305,23.241835051139603,0.0
21.5,6.741043524913209,7.826592394010422,23.190071973201043,0.0
21.505,6.794663524537282,7.949989993173394,23.14492296036854,0.0
21.51,6.852195060623191,8.075421791274701,23.106612584237787,0.0
21.515,6.914980080063969,8.20307043286067,23.073424058071048,0.0
21.52,6.9800894960347994,8.332414956833626,23.049544458649507,0.0
21.525000000000002,7.049299787676242,8.461639674637077,23.03203636474067,0.0
21.53,7.119619603802798,8.594882718244047,23.02452814135697,0.0
21.535,7.1937501765041505,8.729713884760313,23.02337185085723,0.0
21.54,7.269875088534602,8.864991123028808,23.02983326439641,0.0
21.545,7.349673556614886,9.002249020700633,23.044467087063296,0.0
21.55,7.430942215604419,9.139770352404408,23.06871495863481,0.0
21.555,7.5172117245413235,9.27879662615215,23.09966670241416,0.0
21.56,7.604756005237044,9.41704642208305,23.140452127244085,0.0
21.565,7.695147698417329,9.555538091823461,23.18905985635922,0.0
21.57,7.788643705395235,9.691797048867615,23.248258889476666,0.0
21.575,7.883850554376548,9.828616271995996,23.317107215781533,0.0
21.580000000000002,7.980127422771408,9.963587379966041,23.394395998194483,0.0
21.585,8.078885912671776,10.097468739588091,23.481256333552405,0.0
21.59,8.179114406362375,10.230321607009046,23.575361584068514,0.0
21.595,8.281584316135698,10.360368429491487,23.679535537198998,0.0
21.6,8.385262390446792,10.48829661486174,23.793220554227727,0.0
21.605,8.489630613554814,10.610998863547058,23.916188709690616,0.0
21.61,8.59602585148757,10.731521394534216,24.048701507461146,0.0
21.615000000000002,8.703239847191103,10.84759952242509,24.18809053580839,0.0
21.62,8.81079000009027,10.957731897515272,24.33747673313877,0.0
21.625,8.918666191681407,11.063145182581692,24.497332088673744,0.0
21.63,9.024781373899653,11.164976165889215,24.66497336612494,0.0
21.635,9.132298495198341,11.259675309299823,24.840076603705516,0.0
21.64,9.23962212697636,11.34810919984682,25.021848125322293,0.0
21.645,9.345870671925718,11.429002149950525,25.212671572593774,0.0
21.650000000000002,9.450367943759964,11.50115178146798,25.411160477699955,0.0
21.655,9.553765217078858,11.565994220805692,25.6170450793236,0.0
21.66,9.653256605946993,11.622742992395004,25.82794074859737,0.0
21.665,9.751949131741249,11.668914884394182,26.045680097357998,0.0
21.67,9.84750076147311,11.70707929540092,26.268233073497143,0.0
21.675,9.93960863977393,11.734851086660745,26.493561716394446,0.0
21.68,10.030212567620424,11.750425537965302,26.7237500370125,0.0
21.685,10.116281038202805,11.756759207841622,26.956114578358235,0.0
21.69,10.198829525071988,11.750398651482737,27.190235260129626,0.0
21.695,10.27842207230811,11.733131701118463,27.42742562500437,0.0
21.7,10.351226024286262,11.703226120507491,27.664382082809347,0.0
21.705000000000002,10.41902211277709,11.661908133835277,27.902273845207567,0.0
21.71,10.480913018002948,11.608125915398135,28.13721078154121,0.0
21.715,10.537511833343524,11.543761307198553,28.368987522174113,0.0
21.72,10.586245237181615,11.46865632325767,28.5984619472914,0.0
21.725,10.63102416107248,11.379885573352864,28.823773070022774,0.0
21.73,10.668329445146279,11.280282021685746,29.04401104256393,0.0
21.735,10.698396826095314,11.167428072097245,29.25849678579435,0.0
21.740000000000002,10.72057161427976,11.044827413262754,29.466075858817902,0.0
21.745,10.736779819094457,10.912757008863384,29.664659571728485,0.0
21.75,10.744807346160517,10.769347671201047,29.855074456313822,0.0
21.755,10.746224992228095,10.615907555790374,30.034732631832625,0.0
21.76,10.74006943022036,10.453372388592337,30.203578198828097,0.0
21.765,10.726142361772919,10.282973396071258,30.362292506488217,0.0
21.77,10.705385713634813,10.104689106066806,30.508724312992307,0.0
21.775000000000002,10.674812956724152,9.92029470844575,30.643811019648712,0.0
21.78,10.63718074875038,9.729377467338226,30.765162023431124,0.0
21.785,10.591510651967816,9.533387956084432,30.872552605944772,0.0
21.79,10.539944245799989,9.33412232117645,30.965109973401578,0.0
21.795,10.480186727562804,9.130515016112618,31.044263003182106,0.0
21.8,10.412396522002721,8.926012135156945,31.108849440025583,0.0
21.805,10.338181438491425,8.719418342488527,31.15821631317512,0.0
21.81,10.258254124535497,8.511981317143224,31.19227266250932,0.0
21.815,10.17189122908204,8.30585885215438,31.212923240086116,0.0
21.82,10.078888137237694,8.1000942973858,31.21930025592432,0.0
21.825,9.978830084924944,7.897491480747089,31.21163087880843,0.0
21.830000000000002,9.875475261373944,7.698637321396399,31.189238237106782,0.0
21.835,9.765631388595635,7.50343093765911,31.152859151419616,0.0
21.84,9.652451445483969,7.3119133804726175,31.102430242495334,0.0
21.845,9.535383686532986,7.12632904976257,31.03993841439153,0.0
21.85,9.414836377024018,6.94487681246039,30.964185011512274,0.0
21.855,9.291169145193154,6.769778390746585,30.877184482131568,0.0
21.86,9.164961444939523,6.603001312549918,30.779242573967366,0.0
21.865000000000002,9.036760409761678,6.442737995448166,30.671182208903293,0.0
21.87,8.906359606019489,6.291452547855418,30.553406239570524,0.0
21.875,8.776463309305202,6.147181115405308,30.426013488315093,0.0
21.88,8.644362657032012,6.011417811088099,30.28921605835875,0.0
21.885,8.513808910482787,5.8831975624191575,30.14600671749828,0.0
21.89,8.382900536437209,5.76208695243678,29.994885361021336,0.0
21.895,8.252361613276307,5.649991155705507,29.837013310054637,0.0
21.900000000000002,8.122350018551279,5.5454732652943175,29.672403176633843,0.0
21.905,7.993240727646262,5.4502713795982904,29.502312420386463,0.0
21.91,7.865070950039994,5.362986532314701,29.32699544552355,0.0
21.915,7.740610524292263,5.2843824675268465,29.145951204083783,0.0
21.92,7.617427820482595,5.213084004225739,28.961919473711326,0.0
21.925,7.497754640263012,5.149986954288431,28.7734878149211,0.0
21.93,7.380520962864652,5.095798777517107,28.582751817353643,0.0
21.935,7.266993718945631,5.048174351831878,28.38828674710743,0.0
21.94,7.156907645419654,5.008898630548581,28.192353858495924,0.0
21.945,7.051090851497947,4.976930154589028,27.994590497580162,0.0
21.95,6.946613445273104,4.9524184536770655,27.795863999452425,0.0
21.955000000000002,6.8467189839825595,4.935390499171789,27.598400313691993,0.0
21.96,6.7523314597936315,4.924957647006256,27.399247379127473,0.0
21.965,6.660545954922359,4.921181822382488,27.20053363560487,0.0
21.97,6.572876350690894,4.923241910073884,27.001195250872122,0.0
21.975,6.490623605347013,4.931885010310434,26.80248040238331,0.0
21.98,6.412599021242223,4.946504507005708,26.60501705990673,0.0
21.985,6.338789928062822,4.9658917888585075,26.409543454763536,0.0
21.990000000000002,6.271046571452606,4.992416231354653,26.21448425968336,0.0
21.995,6.207977923939151,5.024671800801979,26.021923416273903,0.0
22.0,6.14848274174584,5.061226898116488,25.83139916020822,0.0
22.005,6.0944261393008725,5.102891330010531,25.641865310086107,0.0
22.01,6.043476986464825,5.148378683087977,25.456093600190478,0.0
22.015,5.998605411024892,5.199893544256628,25.27184930567409,0.0
22.02,5.957937603152547,5.255170921162665,25.09198324644571,0.0
22.025000000000002,5.923115136754062,5.315536853302689,24.91261460010284,0.0
22.03,5.893810939858846,5.380352110477646,24.73582394223356,0.0
22.035,5.866866148154683,5.450197025865604,24.564951661987273,0.0
22.04,5.846156799880766,5.524228943174481,24.397334522303552,0.0
22.045,5.8286992571992515,5.602125279148193,24.23313862240115,0.0
22.05,5.8174943909303005,5.683607238351332,24.073631827620893,0.0
22.055,5.81153893985407,5.770950540488061,23.91704169088542,0.0
22.06,5.809773020165267,5.8600661768210855,23.765225138640858,0.0
22.065,5.811835456612067,5.953760286005632,23.618598452715172,0.0
22.07,5.818227843477534,6.051380100982811,23.477242348197723,0.0
22.075,5.829562795113273,6.1521973704688575,23.33954103279987,0.0
22.080000000000002,5.843938778989083,6.2578587431841814,23.206804553815697,0.0
22.085,5.865573340802481,6.368170870431686,23.080496400513542,0.0
22.09,5.890453743476289,6.481547097660026,22.95933597965893,0.0
22.095,5.919831252941639,6.598576919709746,22.84491207256093,0.0
22.1,5.953696648787418,6.719695733590628,22.73566641757114,0.0
22.105,5.991573366631722,6.840952581188337,22.63223087164799,0.0
22.11,6.033597761890588,6.967473867001161,22.534440824732457,0.0
22.115000000000002,6.0803915932128625,7.097638295760405,22.444886529072146,0.0
22.12,6.131032890100329,7.232256869157387,22.361740798076852,0.0
22.125,6.185623060167698,7.368981989759018,22.284627483338507,0.0
22.13,6.244464183249777,7.5107149084538705,22.21628756533984,0.0
22.135,6.307862082817897,7.654475076589691,22.153098671536004,0.0
22.14,6.375873690956528,7.801458749124514,22.097853954412535,0.0
22.145,6.445655663113789,7.9505172359021286,22.052523868760805,0.0
22.150000000000002,6.520695787808376,8.10267620188277,22.013828938741405,0.0
22.155,6.599537302769213,8.257379520302562,21.984530732784368,0.0
22.16,6.681664862331353,8.414452040053087,21.964126693461573,0.0
22.165,6.7678642763252395,8.573740367414143,21.95124988582087,0.0
22.17,6.857277561355151,8.734602584794825,21.948947211945942,0.0
22.175,6.951446978288802,8.898302421184452,21.95527380541498,0.0
22.18,7.048446529190584,9.063796475349385,21.97171706763128,0.0
22.185,7.148853605031477,9.231496771938257,21.997840915753915,0.0
22.19,7.2510441643097785,9.400117517229566,22.034637404737712,0.0
22.195,7.357261064830267,9.569624808222864,22.080471175077204,0.0
22.2,7.467325646480685,9.73963087664294,22.13755660369011,0.0
22.205000000000002,7.580859364614033,9.910480297850755,22.20607530895906,0.0
22.21,7.697869437164505,10.080216816907235,22.286738372253776,0.0
22.215,7.817391280552526,10.249963352141664,22.378642766727545,0.0
22.22,7.938215720757187,10.419251890416811,22.480733792455986,0.0
22.225,8.06351241416356,10.585572098504887,22.594953108287857,0.0
22.23,8.190350522576225,10.749865279971294,22.720288907569397,0.0
22.235,8.31808859809783,10.912200989522383,22.857728547177892,0.0
22.240000000000002,8.44798452793568,11.07083217092954,23.008366199304557,0.0
22.245,8.579963304422904,11.225638571097466,23.168413493900413,0.0
22.25,8.711588389206188,11.37740154540583,23.341181457568183,0.0
22.255,8.845206292135703,11.523711207325876,23.525118594872296,0.0
22.26,8.978771438645616,11.662991262643422,23.721472133525815,0.0
22.265,9.1136373679049,11.796913605052342,23.928669540764908,0.0
22.27,9.247429641395607,11.922862161613995,24.148162374803345,0.0
22.275000000000002,9.379622123390961,12.042598650101787,24.377675210476312,0.0
22.28,9.51314339070159,12.152638040442385,24.617899420276157,0.0
22.285,9.645857884893312,12.253353386628325,24.86767817903369,0.0
22.29,9.776030269718067,12.34298779918823,25.1278609172584,0.0
22.295,9.904215517643433,12.4215627697481,25.3955332510873,0.0
22.3,10.029457189743887,12.487825938788419,25.673723658889976,0.0
22.305,10.151706683160521,12.541985848075928,25.957603061812005,0.0
22.31,10.269734288404381,12.582507833047364,26.248601932665615,0.0
22.315,10.386018247013805,12.609840067587903,26.544876356427114,0.0
22.32,10.49698092837536,12.622881017426915,26.84520804411676,0.0
22.325,10.603796332560588,12.620621331610737,27.14965499345209,0.0
22.330000000000002,10.704637688791395,12.603702896738806,27.455928805522863,0.0
22.335,10.798763304966455,12.569117915547732,27.764912894997043,0.0
22.34,10.88683846408184,12.519553804435247,28.07408536638659,0.0
22.345,10.967975217664364,12.452742642741951,28.381253242259774,0.0
22.35,11.043073833449059,12.370055425502596,28.68503880942558,0.0
22.355,11.109084670084759,12.271280717373882,28.986483832312217,0.0
22.36,11.167185764006089,12.155404246040987,29.280823594391656,0.0
22.365000000000002,11.215429297815497,12.023100772771015,29.56978470144384,0.0
22.37,11.254755180284508,11.875690483826327,29.85063021448778,0.0
22.375,11.28467042469158,11.711156421269513,30.12094142352879,0.0
22.38,11.306323434112993,11.533665964180726,30.379884963360638,0.0
22.385,11.318473319091629,11.342044439077563,30.627087677068975,0.0
22.39,11.319906070854215,11.136816373689417,30.862022061042296,0.0
22.395,11.310370386535872,10.918720018540366,31.07935004013603,0.0
22.400000000000002,11.291782225469603,10.690937921499511,31.282148488498024,0.0
22.405,11.261570541826718,10.452767209077255,31.469357286955137,0.0
22.41,11.22145534870402,10.20537707800771,31.638168676843677,0.0
22.415,11.170740926603578,9.94990295895028,31.788812465405826,0.0
22.42,11.107907862890066,9.687720167246944,31.91959487575727,0.0
22.425,11.03627087998448,9.422138589884312,32.03174477552944,0.0
22.43,10.955590202709626,9.152772518675619,32.123268258858374,0.0
22.435,10.865184059680457,8.881352323269333,32.19624277860517,0.0
22.44,10.76671143364789,8.607478975371711,32.248389432752596,0.0
22.445,10.658569711362517,8.334909863587669,32.28239808969366,0.0
22.45,10.542141802751027,8.066124696947456,32.296563185005574,0.0
22.455000000000002,10.419231463234038,7.79965489292037,32.29122348858995,0.0
22.46,10.288031884166006,7.537863171841342,32.26668208241643,0.0
22.465,10.152918585447294,7.28235415289553,32.224388775673745,0.0
22.47,10.009710813759716,7.030879290784176,32.163954542348485,0.0
22.475,9.860638669928049,6.78863313546335,32.08695899571444,0.0
22.48,9.707565324915441,6.552659209171954,31.995332763058258,0.0
22.485,9.550056729164467,6.325286015626865,31.886223858316352,0.0
22.490000000000002,9.388569030862154,6.108828609275205,31.762489448288076,0.0
22.495,9.22406513700193,5.901021871410381,31.626573502987952,0.0
22.5,9.057738850608063,5.70412153546555,31.477442899463544,0.0
22.505,8.89016323438881,5.517840479964629,31.3159929401146,0.0
22.51,8.721104279485512,5.343149975541673,31.144189898647262,0.0
22.515,8.551677703383582,5.178227197080672,30.9627927698072,0.0
22.52,8.382489481535494,5.025344677731959,30.771260889251472,0.0
22.525000000000002,8.214897871565043,4.883679789133658,30.572815384568145,0.0
22.53,8.04939270432194,4.7530169206320565,30.365832414321023,0.0
22.535,7.8851090397794765,4.632763512085238,30.153164617424487,0.0
22.54,7.722014074890028,4.525175863739029,29.934269150319782,0.0
22.545,7.562296471521346,4.427891593317922,29.70946229730046,0.0
22.55,7.406774375355914,4.34062317585782,29.48030176422968,0.0
22.555,7.254570494328215,4.265018003201018,29.24964672241743,0.0
22.56,7.104477497840935,4.1985860044689325,29.01425424902111,0.0
22.565,6.959895083805239,4.142304893354883,28.77629614112282,0.0
22.57,6.820485089516881,4.0931581755950095,28.53748950955706,0.0
22.575,6.68453808023034,4.053131843880902,28.296597527550574,0.0
22.580000000000002,6.555193325895973,4.021204305388299,28.054698810972326,0.0
22.585,6.428972840944856,4.000787143103206,27.812116651684242,0.0
22.59,6.307808145160534,3.9867212453665624,27.56893337226825,0.0
22.595,6.1912128126153725,3.98055347642667,27.326934750552507,0.0
22.6,6.081142086588625,3.981774347207724,27.08540740711312,0.0
22.605,5.9762037039761955,3.989735497801083,26.844136247337374,0.0
22.61,5.878280187767797,4.005122353998533,26.60564780329646,0.0
22.615000000000002,5.785255212961706,4.02609910264676,26.3679020211711,0.0
22.62,5.696683132980381,4.053745745442086,26.132527204554233,0.0
22.625,5.614195824090962,4.086915857394656,25.90019874208498,0.0
22.63,5.537367606043244,4.125932908811663,25.66926129513572,0.0
22.635,5.466937373968098,4.169592794564547,25.440780886952414,0.0
22.64,5.401856967751059,4.218524707682305,25.21681100326967,0.0
22.645,5.34237835067685,4.271957670170282,24.994268943611356,0.0
22.650000000000002,5.2883574488359155,4.330447986611994,24.77449422321739,0.0
22.655,5.239896115667945,4.393196350057081,24.559383059502828,0.0
22.66,5.197675792684432,4.460472833221521,24.346158069289935,0.0
22.665,5.160036076384077,4.532967034062449,24.13801655928446,0.0
22.67,5.1283705729926945,4.610241603708252,23.9323150264623,0.0
22.675,5.10331813566407,4.691982058099295,23.730947409585877,0.0
22.68,5.081987851365852,4.776992512627136,23.535624712955105,0.0
22.685,5.066805008729004,4.866359189021835,23.343126909338572,0.0
22.69,5.056336862226222,4.959980924979434,23.154938995679956,0.0
22.695,5.052162397752927,5.057261930453755,22.97094508283278,0.0
22.7,5.053861664736115,5.158804559007966,22.79148329151344,0.0
22.705000000000002,5.059138943400747,5.265669230764216,22.618746544512447,0.0
22.71,5.0698314103143876,5.375574578912816,22.450625191935764,0.0
22.715,5.085835161903691,5.488756109604134,22.287836523743625,0.0
22.72,5.106299347862149,5.606653250412114,22.1294886579769,0.0
22.725,5.132088198435076,5.7287634276052835,21.97821522235561,0.0
22.73,5.161339364889984,5.855171369967928,21.831975987602263,0.0
22.735,5.195273753784026,5.98527179114553,21.69206980532449,0.0
22.740000000000002,5.23382169410353,6.120220117631338,21.558001077991772,0.0
22.745,5.278321479970102,6.258348919874522,21.430461726158867,0.0
22.75,5.327560167330597,6.4009296132171345,21.309887585339943,0.0
22.755,5.380905158170887,6.546041700955154,21.195714907606988,0.0
22.76,5.43961859988404,6.695771209062414,21.090068181047563,0.0
22.765,5.502045889919592,6.850790854873616,20.99141144521845,0.0
22.77,5.569537145321028,7.009106945608631,20.899691844384936,0.0
22.775000000000002,5.642203289206607,7.172462696326079,20.81647847678206,0.0
22.78,5.718905976794662,7.339011799132309,20.742065078057905,0.0
22.785,5.80018989152323,7.511222987460902,20.674567992935597,0.0
22.79,5.885865677891158,7.685961743860503,20.61644479257053,0.0
22.795,5.975318215893611,7.8652628492303736,20.56827511783115,0.0
22.8,6.069126923783234,8.04932687732559,20.52860496405432,0.0
22.805,6.16841860277092,8.235911985795845,20.498668721108086,0.0
22.81,6.273006723856985,8.425560182116378,20.47930623132552,0.0
22.815,6.379868954918175,8.618040367401653,20.47070875025602,0.0
22.82,6.490749887030605,8.813482830033944,20.471841234540488,0.0
22.825,6.606913533118187,9.013676893945782,20.48512652228934,0.0
22.830000000000002,6.727032717082121,9.217437311816926,20.510258354938173,0.0
22.835,6.850832270087041,9.424937386067356,20.547925739943228,0.0
22.84,6.979799824960239,9.63199156188772,20.596845859755575,0.0
22.845,7.112779848212901,9.84268379859965,20.65840423731293,0.0
22.85,7.248382813665588,10.053410048246233,20.732016942930894,0.0
22.855,7.3892183558408995,10.26488519882156,20.820028057264516,0.0
22.86,7.53261323494373,10.4798466249101,20.921522090899373,0.0
22.865000000000002,7.680544552999184,10.694622951616507,21.037590294264305,0.0
22.87,7.830775438555714,10.908965087761326,21.167433577726595,0.0
22.875,7.985350176843527,11.121072253964552,21.313196246257657,0.0
22.88,8.14259627343601,11.33287344710036,21.47209132822802,0.0
22.885,8.30265329612591,11.54235641057001,21.64764623140497,0.0
22.89,8.46419191152474,11.748890768914595,21.836681018152913,0.0
22.895,8.628466076270243,11.950970148326858,22.042558084000593,0.0
22.900000000000002,8.795147850418864,12.148090801062425,22.26334513271196,0.0
22.905,8.962599033655552,12.340629467550782,22.50018640620747,0.0
22.91,9.131471538802263,12.52639680802469,22.75479642410375,0.0
22.915,9.299990482113456,12.702852609326992,23.023338168783685,0.0
22.92,9.470735486468383,12.870193473657293,23.30688372290766,0.0
22.925,9.641327862292325,13.028879096618105,23.604753991955814,0.0
22.93,9.810422870711545,13.174509579059517,23.917247296146062,0.0
22.935,9.979430691020868,13.30844877183058,24.24461177642317,0.0
22.94,10.147211757995846,13.429543118494212,24.585401433915624,0.0
22.945,10.310751975000947,13.537172652336766,24.93751352259862,0.0
22.95,10.470859977571815,13.628371601747283,25.302412661538,0.0
22.955000000000002,10.629453778346278,13.701601020782446,25.677185015769,0.0
22.96,10.783477075140814,13.756586000085086,26.06164524874851,0.0
22.965,10.93158429902451,13.792367539211082,26.455458064053083,0.0
22.97,11.075372694954725,13.808635895923807,26.857523136709126,0.0
22.975,11.212353654317736,13.801834882986725,27.263392674288834,0.0
22.98,11.341661825066783,13.773916226081319,27.675577569236637,0.0
22.985,11.463308283803107,13.723040454210176,28.086121630199123,0.0
22.990000000000002,11.576297470604448,13.650333823300615,28.498773610567294,0.0
22.995,11.680837144555731,13.553582735143529,28.90841908422632,0.0
23.0,11.774070926393508,13.432869835868642,29.31468040939555,0.0
23.005,11.856546516946592,13.288944999449413,29.714918417831008,0.0
23.01,11.927942211648768,13.120354477124831,30.10660725865733,0.0
23.015,11.98776772939533,12.929221463285426,30.488535796333778,0.0
23.02,12.035780474816248,12.717078483768207,30.857227108129507,0.0
23.025000000000002,12.069691137225465,12.482389669128779,31.21188143077849,0.0
23.03,12.090526714596114,12.225199805871577,31.54827615873089,0.0
23.035,12.096583458477093,11.949022851529111,31.865412214362546,0.0
23.04,12.08962364486754,11.654980753655154,32.16281321866177,0.0
23.045,12.067967057429378,11.344984394005124,32.438636864218914,0.0
23.05,12.032683409850293,11.019567063094575,32.69077858854127,0.0
23.055,11.982066648873774,10.681291810030558,32.91862167422958,0.0
23.06,11.91581660590091,10.333371712605299,33.120960834507564,0.0
23.065,11.836437976500877,9.977346041709115,33.295115954925656,0.0
23.07,11.74261241692707,9.614635647956574,33.441219514652126,0.0
23.075,11.635115160701902,9.246577691483976,33.560364697623626,0.0
23.080000000000002,11.515657496141204,8.877173796966987,33.65097836777156,0.0
23.085,11.384619187003238,8.506964812519294,33.712599586159264,0.0
23.09,11.240834637573991,8.138660857255607,33.747754266152384,0.0
23.095,11.085361000786206,7.774432304845426,33.757019610021004,0.0
23.1,10.919055208373782,7.417529308461562,33.738122758414065,0.0
23.105,10.744448209842881,7.066887115350469,33.69287799245984,0.0
23.11,10.56150088017421,6.725495423432149,33.62517164080125,0.0
23.115000000000002,10.369807114685683,6.394769400249504,33.53126047474465,0.0
23.12,10.170828332387293,6.076540911554175,33.41567951512976,0.0
23.125,9.96619189401919,5.769154217755629,33.279695241071764,0.0
23.13,9.756656643889132,5.47643114508883,33.12279396917503,0.0
23.135,9.543125995959725,5.198297441414371,32.94779244098805,0.0
23.14,9.325521727453804,4.937094825279151,32.756439754365594,0.0
23.145,9.105893646586425,4.690630613958425,32.55047720677234,0.0
23.150000000000002,8.88493867598747,4.459056928393451,32.330781946717686,0.0
23.155,8.66478761886175,4.244351204279426,32.09762224125447,0.0
23.16,8.443153341258574,4.046117266687214,31.85377584167246,0.0
23.165,8.224032639862353,3.8629825128672124,31.59968193309702,0.0
23.17,8.004966723137848,3.6952893525200547,31.3390073920275,0.0
23.175,7.790248866426132,3.543048666092009,31.068596056655167,0.0
23.18,7.577555754895263,3.405521102593611,30.79280134689695,0.0
23.185,7.36916235139084,3.2825691340965046,30.51169717340346,0.0
23.19,7.164869735081741,3.1745648104904274,30.22593090470884,0.0
23.195,6.9653570590062825,3.0784097702497824,29.936984214629813,0.0
23.2,6.771154981045462,2.9948004311268854,29.645738999220722,0.0
23.205000000000002,6.582984542643615,2.923636048401459,29.351844179102518,0.0
23.21,6.400781748470985,2.864571691282824,29.056898506798806,0.0
23.215,6.224346672424072,2.816078960984492,28.761724299203106,0.0
23.22,6.053914313342589,2.7785545851030924,28.46479129598812,0.0
23.225,5.890553259812707,2.7513360492028607,28.168818694351224,0.0
23.23,5.732298707282294,2.7321349096275904,27.87413151965797,0.0
23.235,5.582420049520443,2.721966593729578,27.582084410835293,0.0
23.240000000000002,5.439980291056062,2.7193149999199266,27.290838946641355,0.0
23.245,5.3036566191301056,2.7251944913690225,27.000676431001395,0.0
23.25,5.173952314745894,2.7380997365097692,26.71320798287378,0.0
23.255,5.053173083037287,2.757049519487982,26.42594470454745,0.0
23.26,4.93796571955373,2.7839608809026357,26.143235369503,0.0
23.265,4.8306900592502835,2.815593926578108,25.862808166738777,0.0
23.27,4.7303773608245985,2.852307806530671,25.586082933946347,0.0
23.275000000000002,4.636187039099641,2.8934969558797228,25.312076108022595,0.0
23.28,4.548291478790852,2.9408403081495145,25.04201924668512,0.0
23.285,4.467362172623912,2.9933908976400136,24.77597747477231,0.0
23.29,4.3934378292598,3.051300299250888,24.512978131409984,0.0
23.295,4.326238881506989,3.1127744826969215,24.252074268980753,0.0
23.3,4.265654558120895,3.1779551762606872,23.995371543047717,0.0
23.305,4.211605226139116,3.2480444924102523,23.74257195891698,0.0
23.31,4.163682816506276,3.320789917620532,23.494521800702376,0.0
23.315,4.120198220716582,3.3976418875803214,23.2511172684822,0.0
23.32,4.083832226677283,3.4785901938607897,23.011374445026895,0.0
23.325,4.054149656151797,3.562447102508233,22.775109474223388,0.0
23.330000000000002,4.029502965430337,3.6511628452738405,22.543641090324233,0.0
23.335,4.009308592580295,3.742280707898348,22.317235779417018,0.0
23.34,3.995389719066121,3.837853074874445,22.094186054493875,0.0
23.345,3.987681793687499,3.9376978224884627,21.87599676124295,0.0
23.35,3.985830691062981,4.039266940508537,21.66338671571913,0.0
23.355,3.9890947936846195,4.145705697621938,21.455838753608152,0.0
23.36,3.9974685693978538,4.2553787642804615,21.253017207388474,0.0
23.365000000000002,4.010805273996464,4.368420451362339,21.05539162816398,0.0
23.37,4.029630230830386,4.48508359593255,20.861565232231314,0.0
23.375,4.052306603266445,4.6058243264873875,20.673827675923256,0.0
23.38,4.079539891517742,4.73058842587289,20.49033165141188,0.0
23.385,4.112035333917386,4.859945228182829,20.313714198121215,0.0
23.39,4.150181299213408,4.993133200936314,20.142558066517015,0.0
23.395,4.190588711758261,5.131349157417524,19.97719838854656,0.0
23.400000000000002,4.237152608722295,5.274058112728783,19.818252565279497,0.0
23.405,4.289771651533772,5.422194899666062,19.666234571227676,0.0
23.41,4.346831712920787,5.573585968110887,19.52083955297618,0.0
23.415,4.408882258735061,5.729937819062589,19.382639478032225,0.0
23.42,4.47586846548791,5.890363876924008,19.2501311465553,0.0
23.425,4.545268608693085,6.056140666396346,19.124617676420254,0.0
23.43,4.62043520882294,6.228330133217852,19.00798526650929,0.0
23.435,4.701833615790228,6.404765361126335,18.89831380739942,0.0
23.44,4.787944426037274,6.587395502856314,18.79727256469699,0.0
23.445,4.877783709275973,6.776102391803316,18.704463417420136,0.0
23.45,4.971868653284635,6.967577398970222,18.620147867820517,0.0
23.455000000000002,5.073410882849935,7.166529497464724,18.544620426870807,0.0
23.46,5.17821033260591,7.371095668096423,18.479170334931634,0.0
23.465,5.2891152790634965,7.57997440140759,18.42345175461844,0.0
23.47,5.403379196952224,7.795275448242775,18.37766867867789,0.0
23.475,5.522519539204393,8.016185446793376,18.343400208492934,0.0
23.48,5.6468085177470355,8.24268668028825,18.319573937265073,0.0
23.485,5.77504810434181,8.474748363394232,18.309247881939452,0.0
23.490000000000002,5.909958109224061,8.711556736559126,18.30966470489773,0.0
23.495,6.051103031202831,8.953381207850159,18.323781096877838,0.0
23.5,6.194657191800122,9.20263386693443,18.35036168057351,0.0
23.505,6.346163732628284,9.455874909494884,18.39149416393819,0.0
23.51,6.500496599941458,9.713451048067174,18.445707738536615,0.0
23.515,6.661691571451381,9.976148756645397,18.51704634639467,0.0
23.52,6.827988884845173,10.242013586353757,18.60244882680131,0.0
23.525000000000002,6.996814835239432,10.510968455593353,18.704575980202257,0.0
23.53,7.172626425613071,10.783751621905155,18.8229318261954,0.0
23.535,7.352795157545404,11.058781457249735,18.959468311787393,0.0
23.54,7.537237565252038,11.336498175370727,19.111991611434355,0.0
23.545,7.727557228411739,11.615419922624513,19.283570151048327,0.0
23.55,7.921697181383994,11.894245028895224,19.474698524216148,0.0
23.555,8.11987213404591,12.17288410734675,19.68711527561981,0.0
23.56,8.323039090133504,12.449703580259886,19.918154876063582,0.0
23.565,8.529971007253645,12.724027423188279,20.170420486897324,0.0
23.57,8.740614262224138,12.99443778162529,20.443730979682183,0.0
23.575,8.954676017009286,13.260077014707408,20.738082831403396,0.0
23.580000000000002,9.169746309230714,13.518571891777292,21.055929949313576,0.0
23.585,9.387519914331449,13.770650062900287,21.396347609255653,0.0
23.59,9.60642222916307,14.01138550367778,21.756890328837365,0.0
23.595,9.827021301410898,14.24103322409639,22.13896931176579,0.0
23.6,10.048818765377662,14.45863892715799,22.543048962337704,0.0
23.605,10.267239475018386,14.659533857122433,22.969059391533293,0.0
23.61,10.486917798764622,14.844535236280564,23.41556370687254,0.0
23.615000000000002,10.706085632773174,15.010273980644172,23.88197892895789,0.0
23.62,10.92022579125345,15.155950214576112,24.36579719497215,0.0
23.625,11.131166967909625,15.279059988012373,24.86886661701405,0.0
23.63,11.338136873597891,15.377835588746498,25.38809832022983,0.0
23.635,11.539854370134663,15.448858642747473,25.922208200254552,0.0
23.64,11.73644815760053,15.491729228207891,26.46698182315422,0.0
23.645,11.924142603697467,15.504391393381981,27.023023547382145,0.0
23.650000000000002,12.103079096983565,15.485835061171185,27.588108198224642,0.0
23.655,12.271426694188767,15.433520414322324,28.157951663895698,0.0
23.66,12.42961786568555,15.34661720801939,28.728480167703246,0.0
23.665,12.575817921619478,15.224297256295703,29.29814467817869,0.0
23.67,12.70874249142237,15.066010262737942,29.865738628382523,0.0
23.675,12.826877314822411,14.872827149197223,30.424327063027253,0.0
23.68,12.928686318550097,14.644003860742094,30.97279954806489,0.0
23.685,13.014097217612276,14.37912214804826,31.507058491063372,0.0
23.69,13.081896280733801,14.078967149048651,32.022349019881965,0.0
23.695,13.130500003158575,13.746137014373,32.515734553132724,0.0
23.7,13.161306083492072,13.381330125570894,32.98392831340677,0.0
23.705000000000002,13.17223411069753,12.986453712384622,33.42390996970662,0.0
23.71,13.163549078763973,12.56424316439158,33.834594597868374,0.0
23.715,13.13343793444815,12.117139891386095,34.20872687641969,0.0
23.72,13.081988243126942,11.64813786167528,34.54695467480088,0.0
23.725,13.010327548217342,11.162157473775773,34.848222085001204,0.0
23.73,12.917315490561116,10.660658899066512,35.1099529226645,0.0
23.735,12.804755744705089,10.147388964008393,35.32914664772168,0.0
23.740000000000002,12.672496673241923,9.627562366699726,35.507380533678045,0.0
23.745,12.51912907562845,9.10321518303525,35.64378633161054,0.0
23.75,12.348584422529623,8.580015531153194,35.73767356088206,0.0
23.755,12.160624777800912,8.059346612557633,35.790058774043615,0.0
23.76,11.954079329345516,7.54571028827568,35.802715530396654,0.0
23.765,11.73335135565975,7.040634203284641,35.775655991381235,0.0
23.77,11.499225423245216,6.548517915097886,35.712265827253205,0.0
23.775000000000002,11.251203807603956,6.072886452109809,35.61221882667789,0.0
23.78,10.991619108592229,5.614453929936957,35.47842365359945,0.0
23.785,10.723507755446922,5.174878677321895,35.31324427773417,0.0
23.79,10.445588082396014,4.756946919950389,35.1202481663049,0.0
23.795,10.161809839111926,4.3607719483941585,34.900912941764695,0.0
23.8,9.87081099731197,3.9893869565396956,34.65616467277196,0.0
23.805,9.57653609421005,3.640488937261344,34.3915618142121,0.0
23.81,9.280060929196347,3.3173553043231894,34.10833083873338,0.0
23.815,8.982689534416835,3.0179923776600366,33.80685682899065,0.0
23.82,8.684619045742304,2.7428637763684023,33.4921170307842,0.0
23.825,8.387838414860937,2.4909051121654855,33.16431320237429,0.0
23.830000000000002,8.093337388187187,2.261665810592946,32.82589574777684,0.0
23.835,7.802420572554901,2.0549177963640104,32.48092323808619,0.0
23.84,7.514522824173255,1.8696971514090435,32.12824357367994,0.0
23.845,7.232207129553887,1.7057316888401626,31.77021702056427,0.0
23.85,6.955646220385987,1.5603264193211963,31.408665137542116,0.0
23.855,6.686222780610169,1.433582096504019,31.044016553934426,0.0
23.86,6.423217762060452,1.3244598206395404,30.67906132953556,0.0
23.865000000000002,6.168562947057033,1.2315751219891076,30.31175365850425,0.0
23.87,5.9220470767079725,1.1543419358158862,29.946353489587654,0.0
23.875,5.68357215631559,1.0912458189628078,29.581756670767916,0.0
23.88,5.453072877254608,1.0408507225006751,29.21851984076099,0.0
23.885,5.232850842282603,1.0023134471058897,28.85543002252871,0.0
23.89,5.02059256944429,0.9741275070902798,28.496107324992266,0.0
23.895,4.818359869122733,0.9567293170772707,28.140900212834282,0.0
23.900000000000002,4.6261310182542905,0.9486273657316008,27.788588466679833,0.0
23.905,4.441149337912016,0.9489008251066293,27.439783697904893,0.0
23.91,4.2677470841954595,0.9564684164835355,27.094904809044355,0.0
23.915,4.102450562486709,0.9705216613401224,26.753338833877688,0.0
23.92,3.9454343978670052,0.9905946479064854,26.415236170624063,0.0
23.925,3.7977301876086815,1.0167917789309342,26.083701320088892,0.0
23.93,3.658496306195132,1.0471034392217902,25.75678163739697,0.0
23.935000000000002,3.5271211312617243,1.083793459589926,25.431370047151702,0.0
23.94,3.405627498339638,1.123560776295546,25.1107083924108,0.0
23.945,3.2916175193776622,1.1681731105559312,24.794520601027553,0.0
23.95,3.185858362384056,1.2158790685670358,24.483636808977288,0.0
23.955000000000002,3.087652130918897,1.2653215544269854,24.176667480063447,0.0
23.96,2.996256141990959,1.319950706580155,23.873880473347004,0.0
23.965,2.912958622951162,1.3753674782090033,23.574082793817986,0.0
23.97,2.8345470392345757,1.4327747954089884,23.27990271933239,0.0
23.975,2.763752192758716,1.4928019028276265,22.9892169489948,0.0
23.98,2.7011971887295694,1.555106022268267,22.70217747978635,0.0
23.985,2.6439008058754956,1.6193583865313288,22.419714484085027,0.0
23.990000000000002,2.5946910632038716,1.6845327352012907,22.14123931798784,0.0
23.995,2.550308833836921,1.752407963146488,21.86766038753655,0.0
24.0,2.5090760017725975,1.8223085836472255,21.59707403444214,0.0
24.005,2.4740680062243317,1.892815263057437,21.33227223970871,0.0
24.01,2.4449685391403113,1.964741721543227,21.071273356654952,0.0
24.015,2.42130799307206,2.0409136273663515,20.81376886867734,0.0
24.02,2.4015389071869433,2.118015670427672,20.560588667594416,0.0
24.025000000000002,2.387638874662434,2.197196654761571,20.312288700370438,0.0
24.03,2.378364693234204,2.2772333009834638,20.06869407328491,0.0
24.035,2.3733401654968604,2.3592705120216078,19.828556621645983,0.0
24.04,2.3729233560868113,2.445309619494483,19.592723402898457,0.0
24.045,2.3763728530180157,2.5318638700333427,19.361073364819863,0.0
24.05,2.384377532603227,2.6225047717917804,19.13245908802886,0.0
24.055,2.3973560877381743,2.7147474981377364,18.90925551732548,0.0
24.060000000000002,2.4135693985229563,2.8103799149083555,18.68890833553179,0.0
24.065,2.4331243408626664,2.9106911066936005,18.473929632382497,0.0
24.07,2.4576747442657454,3.012520639878014,18.263540864927492,0.0
24.075,2.485605114345913,3.1168877002135416,18.056467386361046,0.0
24.080000000000002,2.516367042296181,3.2253155223469783,17.853980965052372,0.0
24.085,2.551690471843927,3.337716111434396,17.65774628601067,0.0
24.09,2.590465631205767,3.4538311305513947,17.464028273382688,0.0
24.095,2.6334573106140984,3.5732787401409074,17.276109027627612,0.0
24.1,2.680374100405674,3.6969602089356743,17.093086948621096,0.0
24.105,2.731153014760987,3.82472987975046,16.915738744325644,0.0
24.11,2.7857641558305373,3.9573697888758077,16.743541053416635,0.0
24.115000000000002,2.8444625050906636,4.093920951533695,16.576046041325945,0.0
24.12,2.9064634842325656,4.236270139995923,16.412710126758792,0.0
24.125,2.9728910565558575,4.384223358424309,16.2549911537634,0.0
24.13,3.0440314606950585,4.536648369586007,16.104700924323378,0.0
24.135,3.119612497864031,4.695140341429108,15.958299397502406,0.0
24.14,3.198742199798296,4.858462503965658,15.819173913560373,0.0
24.145,3.281321133096765,5.027507613839094,15.686592630883199,0.0
24.150000000000002,3.3690718062062994,5.2032976156642485,15.559241751965528,0.0
24.155,3.460455671238538,5.387653053906029,15.439341945861065,0.0
24.16,3.55667551513659,5.57772150054278,15.327124705420092,0.0
24.165,3.658448505297062,5.7741822441728345,15.222279913309853,0.0
24.17,3.7642847714181604,5.979038472925328,15.125561865543798,0.0
24.175,3.875130740355628,6.191528375950115,15.036101989459073,0.0
24.18,3.9908928231700624,6.4114259432428495,14.956462768295228,0.0
24.185000000000002,4.112385330566346,6.639384949356362,14.885211046487175,0.0
24.19,4.238087867462897,6.876608219365788,14.822834205128494,0.0
24.195,4.369800979040585,7.121299657006256,14.771227375649039,0.0
24.2,4.508390580131049,7.376104445732339,14.730092286986322,0.0
24.205000000000002,4.652680991587703,7.637797411020943,14.699677794410247,0.0
24.21,4.802803938761014,7.908142587212588,14.68056393941354,0.0
24.215,4.958896373721107,8.187963285104031,14.674530311079465,0.0
24.22,5.120254009638123,8.477347529061044,14.682532370834203,0.0
24.225,5.288583166051808,8.776033596735015,14.704750498470208,0.0
24.23,5.4629062885552795,9.084670906968096,14.741497380782626,0.0
24.235,5.643568969031375,9.400878163615907,14.79201639781131,0.0
24.240000000000002,5.831831281492283,9.726278421567384,14.859875795962832,0.0
24.245,6.0271811802670365,10.061197113840509,14.945461694013709,0.0
24.25,6.228833169408541,10.404311912924715,15.049211399586326,0.0
24.255,6.437939861449078,10.754889254667384,15.173369480503103,0.0
24.26,6.654600274798136,11.113344234397587,15.31791452239633,0.0
24.265,6.877982981170851,11.47987892776202,15.48342599471283,0.0
24.27,7.107348021738138,11.853068767822302,15.671737131800594,0.0
24.275000000000002,7.344769695782374,12.231662491293868,15.884286668166633,0.0
24.28,7.5890605926299015,12.61503115113274,16.120662908646683,0.0
24.285,7.841655408043879,13.00299509359874,16.383751500428154,0.0
24.29,8.097901158048373,13.393447008976597,16.674908631559436,0.0
24.295,8.362493921054869,13.785076842025854,16.995160630550316,0.0
24.3,8.633776530303717,14.175435801332586,17.34364222408851,0.0
24.305,8.911722670070207,14.56502908915548,17.724915436412793,0.0
24.310000000000002,9.194502127402206,14.950246577330631,18.13812346976745,0.0
24.315,9.483045206300341,15.32932070902417,18.583125347549203,0.0
24.32,9.77493361968777,15.699020820586009,19.06250924931843,0.0
24.325,10.0713190025647,16.05759422332502,19.574553138749263,0.0
24.330000000000002,10.370185620771766,16.400663758429353,20.12233912407859,0.0
24.335,10.67170313184206,16.726737932988332,20.704253477281313,0.0
24.34,10.974530806169314,17.033044831957074,21.32116795833237,0.0
24.345,11.276070179968064,17.314742229005567,21.971573689257294,0.0
24.35,11.57760079593281,17.566965191360783,22.655165019102174,0.0
24.355,11.878999667340986,17.789575179521133,23.369517028962985,0.0
24.36,12.17419167684771,17.976517966944716,24.114111210531632,0.0
24.365000000000002,12.463485283642955,18.123334719280592,24.88673067271661,0.0
24.37,12.747076352583248,18.22668846130899,25.68395553618715,0.0
24.375,13.019861009837197,18.28269228647606,26.50241624438034,0.0
24.38,13.283081556493416,18.28786069643576,27.339211489272746,0.0
24.385,13.53512508445968,18.241483261425632,28.190660604155678,0.0
24.39,13.769946125853643,18.137319788959918,29.049510291277695,0.0
24.395,13.990523480462874,17.97446405498029,29.91116503629638,0.0
24.400000000000002,14.18943544428983,17.750268846432583,30.771015688221695,0.0
24.405,14.3666924745202,17.465114608718714,31.619804967315787,0.0
24.41,14.521890120924429,17.119032051136184,32.45307309910033,0.0
24.415,14.651666544112757,16.709931465633016,33.26339908681352,0.0
24.42,14.755000138468755,16.24079452696631,34.04365075925691,0.0
24.425,14.831086635750635,15.713081972549059,34.78873629276902,0.0
24.43,14.874636110073714,15.130833558087534,35.48995899407751,0.0
24.435000000000002,14.888064998684202,14.496729063335934,36.141726274290406,0.0
24.44,14.867905834337488,13.817367576889204,36.73738853166124,0.0
24.445,14.815419870175269,13.09910963944976,37.27532409249297,0.0
24.45,14.729484176023186,12.347027219527035,37.748159899706316,0.0
24.455000000000002,14.60980893049141,11.567763636419368,38.153533464408426,0.0
24.46,14.457776494626993,10.767453556131185,38.49072409187772,0.0
24.465,14.273388031021831,9.954093924029532,38.754759869618425,0.0
24.47,14.05856368204607,9.137040717487006,38.94686114219921,0.0
24.475,13.81287716234674,8.322324887106173,39.06979030406216,0.0
24.48,13.538485214298046,7.5153458321087925,39.12334443295204,0.0
24.485,13.238519612726249,6.7246807582095505,39.109096590355854,0.0
24.490000000000002,12.91251188902623,5.956411218092493,39.03286256310574,0.0
24.495,12.564466471704382,5.213334885223556,38.89729384596705,0.0
24.5,12.198260956398006,4.502725330499202,38.70707482570742,0.0
24.505,11.81485813562998,3.828309458604412,38.46447486259451,0.0
24.51,11.416454449312484,3.190848540950289,38.178076874076645,0.0
24.515,11.005602626790315,2.5936561391754376,37.850142611990265,0.0
24.52,10.58422654899429,2.0387726270305793,37.488019640615086,0.0
24.525000000000002,10.157381271764349,1.5264532616236028,37.09493052511029,0.0
24.53,9.724578888098113,1.057684178909766,36.67771013331838,0.0
24.535,9.291128123594149,0.6315423139402063,36.23888216731476,0.0
24.54,8.858167670900983,0.24671806204774782,35.78369901604482,0.0
24.545,8.427780176297732,-0.09917817744605645,35.315875466675166,0.0
24.55,8.001389418870732,-0.4076150597334251,34.84087031282078,0.0
24.555,7.580981419491377,-0.6791992230221253,34.36127170173503,0.0
24.560000000000002,7.168492957171735,-0.9179037003536844,33.876464166405405,0.0
24.565,6.764412522023571,-1.1253093626662563,33.39082887680835,0.0
24.57,6.370506539421896,-1.3014505418098508,32.90699754974555,0.0
24.575,5.987298325555198,-1.451653951822513,32.427590797699544,0.0
24.580000000000002,5.616227539743318,-1.5768051134773693,31.951523122014713,0.0
24.585,5.255689525418598,-1.6801091414502303,31.482750931211246,0.0
24.59,4.910212835851251,-1.762257349828293,31.01898856631692,0.0
24.595,4.577013778499957,-1.8264766692087273,30.561816950173508,0.0
24.6,4.256948695444311,-1.876321011463652,30.111485300003654,0.0
24.605,3.9496024161364183,-1.912720718281298,29.67014873678808,0.0
24.61,3.6562173344195905,-1.93721609061681,29.236514169033832,0.0
24.615000000000002,3.3778515515261773,-1.9495061370027957,28.81052779825971,0.0
24.62,3.110709290391691,-1.9539631747218915,28.393686848053964,0.0
24.625,2.857397902605606,-1.951264238394596,27.98389995982832,0.0
24.63,2.6166781721445895,-1.9424146126489712,27.582477472251156,0.0
24.635,2.3883411811774713,-1.92834951882732,27.189748721942056,0.0
24.64,2.1715777477230875,-1.9074424728510462,26.802488375176797,0.0
24.645,1.9682979621944487,-1.8846792563806534,26.425472056302624,0.0
24.650000000000002,1.7759950441722534,-1.859593633053428,26.0550554624118,0.0
24.655,1.5939868806044457,-1.8319950574739121,25.690354761773342,0.0
24.66,1.4224700466204758,-1.8051756777006411,25.33442574505925,0.0
24.665,1.26123008780814,-1.7764457896013268,24.984774817988093,0.0
24.67,1.109376291902821,-1.7485397432336984,24.64034980743832,0.0
24.675,0.9664434919650431,-1.7218266285938926,24.30260512602162,0.0
24.68,0.8329702449992538,-1.6960664087995172,23.97054417042799,0.0
24.685000000000002,0.707232952489963,-1.6710535709251029,23.643330903680603,0.0
24.69,0.5881959961733009,-1.64667704337463,23.321571007795168,0.0
24.695,0.47803223695269054,-1.6252860718076978,23.006131384790216,0.0
24.7,0.37217939579496756,-1.6055599029030656,22.69641150495895,0.0
24.705000000000002,0.2732371705667846,-1.587347294588558,22.389950969815228,0.0
24.71,0.18110103529917454,-1.5707145212147002,22.0911436867077,0.0
24.715,0.09336034053389941,-1.5569043143475736,21.7943264883324,0.0
24.72,0.009323227061980022,-1.546441255371533,21.502328571996546,0.0
24.725,-0.06893188328115113,-1.5390336805620737,21.21543574605778,0.0
24.73,-0.14272193946913597,-1.534117066408048,20.93255720727991,0.0
24.735,-0.21143121918685692,-1.5315287172548941,20.65408380935651,0.0
24.740000000000002,-0.27787426657507164,-1.5330404606741974,20.37996430122822,0.0
24.745,-0.3399854439666584,-1.5365297555478388,20.109392434521023,0.0
24.75,-0.3994562448266259,-1.5413101099719373,19.844770860607394,0.0
24.755,-0.4571824316942413,-1.5493428873133779,19.583534233577005,0.0
24.76,-0.5116954010158145,-1.5598431557261478,19.32508154825972,0.0
24.765,-0.5642562800351711,-1.5733912609861138,19.069923821173788,0.0
24.77,-0.6139812726420971,-1.5905966092235617,18.819356282620387,0.0
24.775000000000002,-0.663313984365339,-1.6102831894340721,18.5723184461789,0.0
24.78,-0.7108402305682026,-1.6335157286470485,18.32968905459932,0.0
24.785,-0.7574167182616707,-1.6601265267396015,18.09239505636723,0.0
24.79,-0.8015482983751906,-1.6892805968246962,17.85803199077183,0.0
24.795,-0.8449937991464067,-1.7210650315114582,17.627386560621144,0.0
24.8,-0.8885174220623211,-1.7554740476169821,17.399355137135903,0.0
24.805,-0.9318310201764599,-1.7933968587506246,17.174171385952597,0.0
24.810000000000002,-0.9749381657485426,-1.8354321668844904,16.953413470894834,0.0
24.815,-1.0193078345209792,-1.8785009209899302,16.73591483992139,0.0
24.82,-1.0621074930880363,-1.9267459705230205,16.521359804475757,0.0
24.825,-1.1057186983805363,-1.9773982695200214,16.311936926429958,0.0
24.830000000000002,-1.1488405190467057,-2.031550764535468,16.104802261270514,0.0
24.835,-1.1934518894727442,-2.091478383592076,15.902693194500813,0.0
24.84,-1.2368991794826412,-2.153092838791114,15.702495110286264,0.0
24.845,-1.2827601413914769,-2.2186052054934335,15.506697938773865,0.0
24.85,-1.328723924715151,-2.2887359857035,15.313840949012869,0.0
24.855,-1.3776477456814664,-2.3618469030094995,15.125088919885068,0.0
24.86,-1.4265734480968515,-2.438581362524693,14.939948417189058,0.0
24.865000000000002,-1.4774061022949339,-2.5208586812819336,14.758468557181688,0.0
24.87,-1.529844359793163,-2.605129526759802,14.579326130367235,0.0
24.875,-1.5836339855747943,-2.693448163472622,14.40541231034617,0.0
24.88,-1.6389695773696256,-2.7878164303097264,14.233712752194887,0.0
24.885,-1.6956510594454623,-2.886398888020881,14.065009676559198,0.0
24.89,-1.7556571919563826,-2.9913831430293842,13.90193548295467,0.0
24.895,-1.8177312055631907,-3.0988483415569408,13.743700872364103,0.0
24.900000000000002,-1.8816318241690717,-3.21314173575298,13.588620233849115,0.0
24.905,-1.947785263219659,-3.33217667631587,13.437751289927746,0.0
24.91,-2.0161873938064936,-3.45872467565872,13.291793565547895,0.0
24.915,-2.0891421601393088,-3.5905564153100746,13.149227379990943,0.0
24.92,-2.1641909723000916,-3.728279958196625,13.0105968655551,0.0
24.925,-2.241630014268799,-3.8721041316624056,12.8774275445124,0.0
24.93,-2.3230577379302404,-4.022594827249314,12.749694610837647,0.0
24.935000000000002,-2.4081373125647927,-4.1788962434712404,12.626829257284678,0.0
24.94,-2.4971504529662867,-4.343238469972331,12.507793583767182,0.0
24.945,-2.588911113318087,-4.512989131672086,12.395716053715692,0.0
24.95,-2.6844730877916256,-4.693113174628485,12.288636275028033,0.0
24.955000000000002,-2.785888099378879,-4.880875950897934,12.18662647814747,0.0
24.96,-2.8909104193056954,-5.076915852091659,12.092979024497183,0.0
24.965,-3.0013764346156817,-5.28152792006124,12.00590066192788,0.0
24.97,-3.116326467520856,-5.494020505158168,11.926343581229649,0.0
24.975,-3.234644384072484,-5.716800783119606,11.85358825213475,0.0
24.98,-3.358868931191398,-5.949052487342916,11.787823182035295,0.0
24.985,-3.488659515010688,-6.191707805967586,11.730742473336687,0.0
24.990000000000002,-3.6238539604749245,-6.443671745393586,11.681573752930744,0.0
24.995,-3.7651304009622337,-6.707222369592953,11.643454598522018,0.0
25.0,-3.9115604248467433,-6.981977260899039,11.61473608372189,0.0
25.005,-4.0648564315793285,-7.266754080419786,11.596400049992724,0.0
25.01,-4.224790187862103,-7.5633012759960225,11.589772874814123,0.0
25.015,-4.390816952840359,-7.871706783243738,11.594804861769815,0.0
25.02,-4.564958991085849,-8.192848907144123,11.61240840883082,0.0
25.025000000000002,-4.74605919932261,-8.524267753833305,11.644230836795524,0.0
25.03,-4.934509765190669,-8.869669805988881,11.691938162472702,0.0
25.035,-5.132001967607765,-9.228391801907016,11.754551626044027,0.0
25.04,-5.337855647920779,-9.599781362174395,11.834244326027113,0.0
25.045,-5.551387853481497,-9.983657174757036,11.932215493413803,0.0
25.05,-5.773434033217433,-10.379787286119452,12.052241713931316,0.0
25.055,-6.0041388193709135,-10.790035998663601,12.191919829322574,0.0
25.060000000000002,-6.242774709927492,-11.210437537603797,12.35329435908711,0.0
25.065,-6.4911671882921,-11.64314715840368,12.538132543989263,0.0
25.07,-6.748309287377427,-12.086094467501846,12.75011818583634,0.0
25.075,-7.016083737656587,-12.54154575536952,12.987236864159557,0.0
25.080000000000002,-7.293298744229438,-13.006060205908891,13.254371943030947,0.0
25.085,-7.578937600403092,-13.477617624044242,13.551184939551296,0.0
25.09,-7.873470604615401,-13.958240856546983,13.881379203025297,0.0
25.095,-8.177075332834544,-14.443409540607544,14.244563579989302,0.0
25.1,-8.490475651506571,-14.934361035547026,14.645678741718088,0.0
25.105,-8.813778314046278,-15.426877093529036,15.084967974136084,0.0
25.11,-9.14458569714765,-15.91839818266259,15.56364292001058,0.0
25.115000000000002,-9.48305017987446,-16.408623638873802,16.083890139013413,0.0
25.12,-9.827292436423278,-16.891248042239692,16.64859062240614,0.0
25.125,-10.180582968489313,-17.36477672913435,17.25716112408445,0.0
25.13,-10.539442898061212,-17.825107330008926,17.910413002012874,0.0
25.135,-10.90320789787399,-18.26825912558668,18.611758655949497,0.0
25.14,-11.271551726810019,-18.689299967832007,19.359385550686476,0.0
25.145,-11.64223261698038,-19.082903836133266,20.154789307017527,0.0
25.150000000000002,-12.013216122462342,-19.44399798255933,20.99681027434532,0.0
25.155,-12.384672965075598,-19.766827489352973,21.8838032759767,0.0
25.16,-12.754428488363091,-20.046455736970657,22.81654209386504,0.0
25.165,-13.118670111304295,-20.27573996744441,23.790481548449314,0.0
25.17,-13.47736720689905,-20.450259482083815,24.802452386133837,0.0
25.175,-13.825758684642313,-20.563298817626777,25.850094502794136,0.0
25.18,-14.163057368328024,-20.608365402831613,26.926600175402076,0.0
25.185000000000002,-14.486287158087723,-20.581013723137836,28.027025948774167,0.0
25.19,-14.791652296280079,-20.475649654842638,29.144430339537863,0.0
25.195,-15.075380701349548,-20.289827282922264,30.269452447986108,0.0
25.2,-15.336077290382484,-20.0169918898143,31.39495537542176,0.0
25.205000000000002,-15.569981773468685,-19.655801123406217,32.51187050656611,0.0
25.21,-15.773999967067551,-19.20695213695065,33.60896250203462,0.0
25.215,-15.94583326019035,-18.668371879646575,34.675178723094945,0.0
25.22,-16.082821316632096,-18.042334941777455,35.70140326536114,0.0
25.225,-16.179420501091517,-17.332438675896757,36.67649021154839,0.0
25.23,-16.238016548767387,-16.543247139434268,37.5890522103788,0.0
25.235,-16.254082124867505,-15.681530623764688,38.431564037034235,0.0
25.240000000000002,-16.226120721756907,-14.754408292508597,39.19362093952972,0.0
25.245,-16.153363154076235,-13.772056458599062,39.866499160295746,0.0
25.25,-16.03342309276749,-12.74398297668213,40.44651691592819,0.0
25.255,-15.868282301784959,-11.682150280931978,40.929297251370286,0.0
25.26,-15.659318841528538,-10.598855912093903,41.308981240958495,0.0
25.265,-15.405491043513099,-9.50175032064236,41.587185915901244,0.0
25.27,-15.110661607313753,-8.407339094483817,41.76492256057705,0.0
25.275000000000002,-14.775025676392591,-7.3243379686504975,41.843835424816646,0.0
25.28,-14.40274226104685,-6.2646169303537285,41.827225936010116,0.0
25.285,-13.995052768457095,-5.236008700544006,41.72014631154142,0.0
25.29,-13.556770998644621,-4.249687210468881,41.52983692083719,0.0
25.295,-13.091470273064614,-3.311276379144698,41.26417646318121,0.0
25.3,-12.602668976886786,-2.4260812922333663,40.930693340128684,0.0
25.305,-12.093342530772325,-1.5992469894052874,40.537841687406704,0.0
25.310000000000002,-11.567791944027064,-0.8335085596899539,40.09388330867487,0.0
25.315,-11.030700218104386,-0.12966687538866062,39.60673799878306,0.0
25.32,-10.485717168663582,0.5121278968860827,39.08466763182954,0.0
25.325,-9.936794905102792,1.0909423848718416,38.53773258947721,0.0
25.330000000000002,-9.384138278760197,1.6082254816152952,37.969825895523975,0.0
25.335,-8.83420596916371,2.0671023248699467,37.3886369446415,0.0
25.34,-8.289523862241928,2.471802682292642,36.79918432252578,0.0
25.345,-7.751104661054491,2.823684794229818,36.206206298239216,0.0
25.35,-7.22260387759055,3.127701719502588,35.61476225796834,0.0
25.355,-6.704459542532109,3.386734140825686,35.02674420287138,0.0
25.36,-6.199271071690883,3.6054196923081965,34.44580850703918,0.0
25.365000000000002,-5.709439409263141,3.787280168159163,33.8747879806552,0.0
25.37,-5.233968652458148,3.9351931248216987,33.31379097745849,0.0
25.375,-4.777813186004584,4.054147340706896,32.767348370950614,0.0
25.38,-4.3364269256145365,4.147935464925408,32.23331788213169,0.0
25.385,-3.912404166301556,4.220132640814123,31.713850935786144,0.0
25.39,-3.5057793738571386,4.271274951211895,31.208509828302596,0.0
25.395,-3.1172422016344075,4.305565137782381,30.717429967510526,0.0
25.400000000000002,-2.7463556411423857,4.326090390807609,30.241303239241134,0.0
25.405,-2.3926273641541207,4.335818052151337,29.777748222471914,0.0
25.41,-2.057223057815856,4.335298276957862,29.327916593115827,0.0
25.415,-1.7376838416804,4.3271383440494,28.893072737013906,0.0
25.42,-1.434623794524464,4.312926294817445,28.469761044856597,0.0
25.425,-1.1464995700216984,4.29563132252529,28.06003585826719,0.0
25.43,-0.8741814010950002,4.274215187995944,27.660912792976436,0.0
25.435000000000002,-0.6153112017018153,4.251792376011883,27.27357317223394,0.0
25.44,-0.3722201705660339,4.229180352549891,26.89583220249241,0.0
25.445,-0.14164979234777908,4.206776117096679,26.53068470781058,0.0
25.45,0.0765811494185531,4.185621720195946,26.174718246126236,0.0
25.455000000000002,0.2819858521462881,4.165486935044636,25.828710392272022,0.0
25.46,0.475366564963144,4.14817342133804,25.49247160820413,0.0
25.465,0.6595500571771687,4.1339120782943075,25.162215130470088,0.0
25.47,0.8330204227880725,4.123503511433188,24.839336164979446,0.0
25.475,0.9983094112614104,4.116499785813105,24.52535682408305,0.0
25.48,1.154319762475925,4.112840359244808,24.2178082784816,0.0
25.485,1.3026660194851467,4.113206502842104,23.91904314709539,0.0
25.490000000000002,1.4427263453244772,4.120404498007982,23.626104073580628,0.0
25.495,1.5761023909385021,4.130973350270839,23.340585526541044,0.0
25.5,1.7054306964547952,4.147447429681701,23.062973242257637,0.0
25.505,1.826684639926024,4.168202574303757,22.791627597590253,0.0
25.51,1.9439959267740958,4.194691803950309,22.52510032691303,0.0
25.515,2.056361981840362,4.227541050036855,22.264967582324427,0.0
25.52,2.164512878489963,4.2649218218163645,22.010998870290454,0.0
25.525000000000002,2.269883627649505,4.309058086365219,21.76417551889606,0.0
25.53,2.3713844105368245,4.358052526221639,21.52240487283492,0.0
25.535,2.4709694903830948,4.411936047228803,21.28716203026405,0.0
25.54,2.567596959634943,4.472455754758311,21.05874570778439,0.0
25.545,2.6620671526733504,4.538430393316755,20.835754272367428,0.0
25.55,2.7562127690339446,4.610827579305586,20.618203087601948,0.0
25.555,2.8479778347606794,4.688542838476194,20.406704043175502,0.0
25.560000000000002,2.9404890629504945,4.772550322860949,20.201751944650237,0.0
25.565,3.0326084665755793,4.864386212213472,20.0011196221998,0.0
25.57,3.124687106528026,4.961193309738649,19.808124357770765,0.0
25.575,3.216154950564809,5.065072605762475,19.621816915539977,0.0
25.580000000000002,3.3090381707226273,5.173537548300172,19.441566577687475,0.0
25.585,3.402354316994825,5.289000805052347,19.26842677330642,0.0
25.59,3.496910282978863,5.410423469191147,19.10146662498706,0.0
25.595,3.592999260652263,5.5386729323808535,18.94248558261283,0.0
25.6,3.689297210554575,5.674051286256501,18.789500352145705,0.0
25.605,3.7887786167336444,5.815753957606335,18.6436128870607,0.0
25.61,3.8903642167577432,5.965208160544215,18.504781079533323,0.0
25.615000000000002,3.9944092257311614,6.121339940435205,18.37373032661968,0.0
25.62,4.100318297241724,6.282457742385166,18.251831135341,0.0
25.625,4.209015969306922,6.450636182176935,18.13771760002748,0.0
25.63,4.321236017415024,6.62583225986898,18.03190272673811,0.0
25.635,4.437196167680539,6.807501664418748,17.93481078323779,0.0
25.64,4.555133343307188,6.996086536095894,17.847670045425147,0.0
25.645,4.677444307737375,7.192959951208506,17.768803452268447,0.0
25.650000000000002,4.804000209396104,7.39683111558021,17.70019234959165,0.0
25.655,4.934446099374648,7.606690792574417,17.640559366397504,0.0
25.66,5.068205132658643,7.824206981292648,17.593648095978036,0.0
25.665,5.205601632764789,8.049020694899982,17.5570714400041,0.0
25.67,5.3481134973386455,8.2823292154171,17.53216625695513,0.0
25.675,5.49516260423013,8.520368148606599,17.52080234334114,0.0
25.68,5.646421297599109,8.766185641978327,17.520068439572942,0.0
25.685000000000002,5.802432671936502,9.018768605789464,17.533919223121305,0.0
25.69,5.963638434972643,9.277311189569835,17.561579487110723,0.0
25.695,6.130510609531198,9.540827485556267,17.60375788233776,0.0
25.7,6.302197789839105,9.811413082580858,17.661298004724376,0.0
25.705000000000002,6.476176975367099,10.087467972320987,17.734575907694033,0.0
25.71,6.656626445321425,10.369528231675945,17.824650776089456,0.0
25.715,6.841551810395114,10.655589010399005,17.93176139129405,0.0
25.72,7.032295944720496,10.947068516637861,18.057062663505157,0.0
25.725,7.2294239790884145,11.242412966305796,18.201732898124035,0.0
25.73,7.431414101333012,11.539702639957893,18.36582631599981,0.0
25.735,7.637073101478704,11.841643841769724,18.549883711052647,0.0
25.740000000000002,7.846422293499873,12.144112788439724,18.75370002746104,0.0
25.745,8.060911161236646,12.446916408991378,18.979588497196744,0.0
25.75,8.280917564199818,12.746996246839009,19.22822773918077,0.0
25.755,8.504097350105873,13.046624413846832,19.500417008098985,0.0
25.76,8.730922274908801,13.342638802437989,19.794947574001913,0.0
25.765,8.962339239144722,13.632827898975806,20.112026073670428,0.0
25.77,9.195443867079575,13.919534969653183,20.454911362755077,0.0
25.775000000000002,9.432889276144493,14.19816110883782,20.82058023556773,0.0
25.78,9.67166619523306,14.4659057818142,21.21338752672478,0.0
25.785,9.910929330949129,14.721612753499725,21.63058334262312,0.0
25.79,10.152007869281901,14.96426587837962,22.069880226889243,0.0
25.795,10.39343946381024,15.191833411852507,22.534793119336737,0.0
25.8,10.633922795054167,15.40087643179176,23.023716526928215,0.0
25.805,10.8732706905372,15.589165245324034,23.53709002470894,0.0
25.810000000000002,11.109580935228031,15.754727485946416,24.07122798708869,0.0
25.815,11.341738115295419,15.893719526718582,24.624315441167067,0.0
25.82,11.568635242954276,16.00540044069375,25.19597100395396,0.0
25.825,11.789871870610291,16.087741378271215,25.78558705561511,0.0
25.830000000000002,12.004593876540488,16.138306100503428,26.39056389575535,0.0
25.835,12.211347910661477,16.15366800611455,27.005912161416553,0.0
25.84,12.408720261323484,16.132730225612214,27.63152711128526,0.0
25.845,12.593485346436323,16.075220369430905,28.26288160607551,0.0
25.85,12.76730029124264,15.977788560074627,28.89769112349594,0.0
25.855,12.928662857649309,15.840245122231465,29.530374689275217,0.0
25.86,13.074854256450863,15.66154767320693,30.16196012828432,0.0
25.865000000000002,13.20351614012497,15.44152474721431,30.78302362008998,0.0
25.87,13.315471695777918,15.18048952402642,31.392063331316574,0.0
25.875,13.40828862183178,14.878041787847305,31.98338713730517,0.0
25.88,13.48186658144289,14.537048110213542,32.55468293013629,0.0
25.885,13.53412358731436,14.157442600569992,33.10127117987947,0.0
25.89,13.56517393520686,13.741493069464815,33.616814232052185,0.0
25.895,13.574814487023444,13.291599767823046,34.100129285124375,0.0
25.900000000000002,13.561034470665037,12.811882127326838,34.547779506889626,0.0
25.905,13.523738578532598,12.303585351925753,34.95655286666567,0.0
25.91,13.462627542073886,11.771683213860163,35.32279535990251,0.0
25.915,13.378276856558369,11.22042936462804,35.64345280307646,0.0
25.92,13.270066770750331,10.65242081044226,35.918948845841705,0.0
25.925,13.139532504490337,10.07370346740268,36.14628266501667,0.0
25.93,12.986796143632226,9.48956202963811,36.32731972960092,0.0
25.935000000000002,12.81265678279324,8.901033544510005,36.45967086865109,0.0
25.94,12.617860407965535,8.315165992074371,36.5429874502458,0.0
25.945,12.402198339077712,7.7345748632758085,36.58129510169135,0.0
25.95,12.169257211600591,7.164048953865979,36.5721726800861,0.0
25.955000000000002,11.919343580925455,6.6077731001703635,36.5195983545158,0.0
25.96,11.653402508286728,6.067726906912765,36.42688343432111,0.0
25.965,11.372219721863704,5.5452715609737515,36.29472237381811,0.0
25.97,11.08028721846071,5.0455707516019395,36.126671427971786,0.0
25.975,10.778211704144516,4.570360950638132,35.92550715314205,0.0
25.98,10.467608077130583,4.120261225549956,35.693431188479536,0.0
25.985,10.149902230030733,3.6981161106703486,35.43378038729197,0.0
25.990000000000002,9.826616040823684,3.3024906981380173,35.14878440536338,0.0
25.995,9.501011172187638,2.9341366030718867,34.8427963961382,0.0
26.0,9.172579375086807,2.5948431821644724,34.51692418628244,0.0
26.005,8.842993031054641,2.2818007381399195,34.174789940647905,0.0
26.01,8.514996749754356,1.997720440005939,33.820561984849064,0.0
26.015,8.188691916672358,1.7402445721207902,33.45512534390978,0.0
26.02,7.866658555525337,1.5064528580064653,33.07925541015299,0.0
26.025000000000002,7.5492743020915585,1.2990000481894517,32.69683651828032,0.0
26.03,7.2367973275448305,1.1151432559121917,32.31016443139037,0.0
26.035,6.9297775694283175,0.9526307870526904,31.919167222681324,0.0
26.04,6.630099231336703,0.8132635458736225,31.525681235221576,0.0
26.045,6.339161088383134,0.6920006767385751,31.13195657489193,0.0
26.05,6.05713170731816,0.5883554298591003,30.73902397189228,0.0
26.055,5.784414483943877,0.5014992335598522,30.3468623469119,0.0
26.060000000000002,5.519260773022131,0.4315918698852316,29.958174315854656,0.0
26.065,5.2650889575177935,0.3753407107640011,29.57020092014781,0.0
26.07,5.020773187043868,0.33197218258027905,29.185032906763407,0.0
26.075,4.787164487049762,0.30101218940903424,28.80282819767249,0.0
26.080000000000002,4.563248914145621,0.2807897439906303,28.425539474578983,0.0
26.085,4.3489288463806055,0.27047542841455063,28.05313395323126,0.0
26.09,4.144702857568388,0.26736730689984445,27.685786849102385,0.0
26.095,3.9507921291812327,0.2720979093579771,27.321674102768462,0.0
26.1,3.76725946022783,0.2850433473627341,26.963090982113396,0.0
26.105,3.591760622411897,0.30473916410956997,26.60721145960596,0.0
26.11,3.4282044371454825,0.3286014532512591,26.258415462999526,0.0
26.115000000000002,3.272855110977139,0.3571189155843991,25.91365665099744,0.0
26.12,3.12889265436168,0.38891882268600475,25.57453046202849,0.0
26.125,2.9925319765007665,0.42477102817875356,25.23920195333423,0.0
26.13,2.8641214082358832,0.46411104868932285,24.90800746640361,0.0
26.135,2.7442199823827518,0.5065354553579969,24.584683248978074,0.0
26.14,2.6321753589672983,0.5500777375659179,24.264393705024688,0.0
26.145,2.527405497511325,0.5957852803823267,23.946735305048648,0.0
26.150000000000002,2.430511212967632,0.6434831019729486,23.634238284127616,0.0
26.155,2.3416271068178935,0.6943340395912648,23.327999415639862,0.0
26.16,2.259910069989347,0.7456933641686186,23.024450593573647,0.0
26.165,2.1830661093368846,0.7975326067088703,22.724879153413923,0.0
26.17,2.1145164147411055,0.8513964354509858,22.43037373353523,0.0
26.175,2.050875383688127,0.9045450732998155,22.140791255174598,0.0
26.18,1.9934782009334946,0.9606827581686287,21.854816305310116,0.0
26.185000000000002,1.942129770489037,1.0162021567298876,21.57421343616898,0.0
26.19,1.8951273103032922,1.0733493415140967,21.295554558448284,0.0
26.195,1.8558172304833027,1.1313200473553475,21.022733840336397,0.0
26.2,1.8197124049020421,1.1900836794249532,20.75160917577236,0.0
26.205000000000002,1.7880703026442228,1.2504968348139078,20.48592550674945,0.0
26.21,1.7605560569696448,1.311872112076415,20.224452212517715,0.0
26.215,1.7373959785472641,1.3747708236348508,19.964437611610876,0.0
26.22,1.7192116982982935,1.4373336226472482,19.710858972360654,0.0
26.225,1.705539707742772,1.5001680175741656,19.46148377183255,0.0
26.23,1.6952275972245232,1.565548149086891,19.2151498706354,0.0
26.235,1.688004194281493,1.6315240932247537,18.9714707634082,0.0
26.240000000000002,1.684408262019054,1.6993116173928158,18.733237439438508,0.0
26.245,1.6846338368878997,1.7687503508114009,18.498198965606054,0.0
26.25,1.687170016290965,1.840545280558533,18.265371527169478,0.0
26.255,1.6939550286369536,1.9134737102968096,18.03719154280381,0.0
26.26,1.704715954474147,1.9885941156833544,17.812765284182674,0.0
26.265,1.719021096560178,2.0650517449231645,17.59238342860436,0.0
26.27,1.736629121413274,2.1437302683408377,17.375202563037014,0.0
26.275000000000002,1.7568464830357398,2.22490118136269,17.161962946415667,0.0
26.28,1.7807813310128373,2.308540876141496,16.95225502142185,0.0
26.285,1.8080309094889992,2.3953354489860095,16.747206984286215,0.0
26.29,1.836967472568303,2.484403220239016,16.545210312983524,0.0
26.295,1.8695698916110948,2.5774543526689984,16.34878549942837,0.0
26.3,1.9051598962924678,2.672386187418908,16.15559651714171,0.0
26.305,1.9431289671373009,2.771336028502,15.965608868285695,0.0
26.310000000000002,1.984065854761841,2.873740460313413,15.780358199698698,0.0
26.315,2.028310986535439,2.9809369606260616,15.59769305809284,0.0
26.32,2.0762935111413365,3.093452604688573,15.419547731922592,0.0
26.325,2.128053943515496,3.2083596957740146,15.24742361683379,0.0
26.330000000000002,2.18233533611214,3.3289337304842372,15.076450416914433,0.0
26.335,2.238557353167936,3.4527810169555693,14.91116519197645,0.0
26.34,2.299576442202588,3.582602043327986,14.751645329962123,0.0
26.345,2.3638520419359184,3.7167083461380876,14.595538404634977,0.0
26.35,2.4326520785269836,3.857006180817767,14.444699575244034,0.0
26.355,2.503988915243564,4.0027389577817685,14.298800462184337,0.0
26.36,2.578813036083333,4.153170025687862,14.159017866335178,0.0
26.365000000000002,2.65805690022967,4.30969026024982,14.024836319337282,0.0
26.37,2.739932167516432,4.475148623987201,13.895399714697001,0.0
26.375,2.8274986163061344,4.644998129534373,13.7711351602967,0.0
26.38,2.91775560944493,4.823617289329571,13.652338227277141,0.0
26.385,3.0115958269473784,5.007984128804057,13.541466022732141,0.0
26.39,3.1120495149395064,5.201919252261804,13.435383177942443,0.0
26.395,3.216985208799819,5.401991726885094,13.337046140685876,0.0
26.400000000000002,3.325772162821053,5.611234987327273,13.245494185905272,0.0
26.405,3.439142400547796,5.827329039474523,13.162477117562986,0.0
26.41,3.557636327376335,6.053693760648849,13.086574267895902,0.0
26.415,3.6834409830789556,6.28877808611737,13.019259942860288,0.0
26.42,3.814258265945044,6.5335297001804005,12.961555466600958,0.0
26.425,3.950267203401224,6.788113817463648,12.91270369732858,0.0
26.43,4.092778300536667,7.051198797746034,12.875010391117227,0.0
26.435000000000002,4.240724539344095,7.325603059963567,12.847686580412624,0.0
26.44,4.395172341419239,7.610899034664127,12.82977023063778,0.0
26.445,4.55688492815801,7.907292537328996,12.825432513375194,0.0
26.45,4.723940911994624,8.214636363806402,12.835398378668074,0.0
26.455000000000002,4.898131256708519,8.53188845218253,12.85785826750456,0.0
26.46,5.080405952721818,8.860766036593983,12.89511365134782,0.0
26.465,5.268322670219086,9.200310950830024,12.94809831233432,0.0
26.47,5.4636029147087,9.55058115305088,13.018466508608846,0.0
26.475,5.669029494598834,9.912364017080368,13.1073495195993,0.0
26.48,5.880525186439681,10.284504859429484,13.211803009557318,0.0
26.485,6.1004039620735915,10.667619108571675,13.336724778350955,0.0
26.490000000000002,6.328547183495298,11.061929037026827,13.485682041481988,0.0
26.495,6.564496893333007,11.464942184504324,13.65550069631116,0.0
26.5,6.808625578876928,11.87796032938113,13.848890351192397,0.0
26.505,7.06184975499609,12.300815382993733,14.068575376870266,0.0
26.51,7.323501785663524,12.730656083142541,14.31627752870852,0.0
26.515,7.594183200496813,13.170255605124055,14.591543739090135,0.0
26.52,7.871905346043089,13.612918086515226,14.897020953368399,0.0
26.525000000000002,8.157620055825056,14.061414191889233,15.234658609377853,0.0
26.53,8.452170611646721,14.512211429760512,15.605717290351773,0.0
26.535,8.754839809872617,14.962892613902875,16.011112743047505,0.0
26.54,9.064741118310678,15.41215649605543,16.45243893739864,0.0
26.545,9.381033132102473,15.85770310351349,16.931434511579663,0.0
26.55,9.704231178457327,16.297300276867468,17.45101322139659,0.0
26.555,10.032678201732624,16.728124933690275,18.010034866036676,0.0
26.560000000000002,10.367788862792448,17.144688657742574,18.608953212214296,0.0
26.565,10.708331361210867,17.547066859294915,19.250178267860598,0.0
26.57,11.050327241287311,17.927451399872822,19.933187758682912,0.0
26.575,11.395857217551956,18.282581238500395,20.65866658104361,0.0
26.580000000000002,11.74087560620699,18.609301542769384,21.42276036351433,0.0
26.585,12.084417308246994,18.902403622180415,22.228589511269103,0.0
26.59,12.425665210099488,19.155543107583675,23.07352410441949,0.0
26.595,12.762334715811997,19.365006365103877,23.956563512620118,0.0
26.6,13.092613888085062,19.526282737119118,24.872434264820658,0.0
26.605,13.414896142149045,19.633151054355096,25.819464764645712,0.0
26.61,13.726411033050702,19.68177424087175,26.792309427572945,0.0
26.615000000000002,14.023948994998841,19.665702534172635,27.78540240301069,0.0
26.62,14.30643882856189,19.583617178320285,28.79373196317101,0.0
26.625,14.569784831899714,19.430024812947693,29.810653655253205,0.0
26.63,14.812903178657134,19.200700788220395,30.829159684963763,0.0
26.635,15.03172424438488,18.896011690415506,31.839540227962658,0.0
26.64,15.224994435883119,18.513038048951056,32.833706563947004,0.0
26.645,15.388033082228944,18.051406940409148,33.8046676144906,0.0
26.650000000000002,15.521246110021139,17.513994981856694,34.741643135257135,0.0
26.655,15.621198642586144,16.90300468492396,35.63833460186177,0.0
26.66,15.684264414393807,16.220995623278462,36.483379856376736,0.0
26.665,15.71062241428556,15.475279032808421,37.268424907563855,0.0
26.67,15.699247111442215,14.670232442650043,37.98775736362433,0.0
26.675,15.646799430684004,13.812739727696407,38.63331806429765,0.0
26.68,15.555006509601444,12.911108367229462,39.200005554907385,0.0
26.685000000000002,15.422435536753504,11.974707017514728,39.68178954637177,0.0
26.69,15.250706108223106,11.014342815719402,40.07716359654684,0.0
26.695,15.04021231053032,10.038097349912485,40.38298463151265,0.0
26.7,14.79093808552504,9.057796130058973,40.60024827524913,0.0
26.705000000000002,14.504274408043717,8.080898994244201,40.72822841693573,0.0
26.71,14.18412208172941,7.1167226277987,40.771268209138015,0.0
26.715,13.83068114876294,6.175399514761501,40.73302743354583,0.0
26.72,13.447542946562068,5.263641681126898,40.61608411572383,0.0
26.725,13.038460852078407,4.389649981421717,40.42849979839363,0.0
26.73,12.606925087969342,3.557032420392465,40.17583204109416,0.0
26.735,12.153841316817893,2.7725612965144113,39.863019684591315,0.0
26.740000000000002,11.684167209963508,2.0360318765436927,39.50127605010679,0.0
26.745,11.201970651937058,1.3528235441212186,39.09403680129149,0.0
26.75,10.708498043874835,0.7260673792969286,38.650339588297044,0.0
26.755,10.209554049362566,0.15238484302985889,38.17349002557091,0.0
26.76,9.706287462882893,-0.3669103182257011,37.67239289354634,0.0
26.765,9.202988447269355,-0.8354249261269379,37.15273667045627,0.0
26.77,8.701969413798201,-1.2526435487667011,36.6184436666316,0.0
26.775000000000002,8.203638077565527,-1.6197313785584357,36.075623602162814,0.0
26.78,7.713071771737734,-1.9421249514056154,35.52720150089243,0.0
26.785,7.229649238247655,-2.2232738413908626,34.97886812760876,0.0
26.79,6.756965446670983,-2.4649799687074445,34.432769769301856,0.0
26.795,6.294514879101079,-2.6702558313199787,33.89026404131464,0.0
26.8,5.846449200149161,-2.841360623104417,33.354755296176215,0.0
26.805,5.412903614965348,-2.9848432491050767,32.82640737311838,0.0
26.810000000000002,4.992698363324528,-3.1015570024762713,32.306907733066126,0.0
26.815,4.588168708777396,-3.194360474565625,31.79967628531163,0.0
26.82,4.198428072560153,-3.264023065341132,31.3034298769975,0.0
26.825,3.8262350349926186,-3.3172253712789725,30.818593692041087,0.0
26.830000000000002,3.469001071409475,-3.35450057749326,30.34433133991727,0.0
26.835,3.128143324604388,-3.378794248586175,29.881384634110297,0.0
26.84,2.8019564916103272,-3.3925302798711123,29.430100089936776,0.0
26.845,2.4919568501933353,-3.3950620025685323,28.990155288618823,-0.0
26.85,2.19741286270334,-3.389602086539371,28.56054247719574,-0.0
26.855,1.9177086524322853,-3.3791595104883605,28.142525419144558,-0.0
26.86,1.6537771030091069,-3.3626250411803578,27.736104585898996,-0.0
26.865000000000002,1.402312856554239,-3.343692580648025,27.337910437669596,-0.0
26.87,1.165268955521804,-3.3218964910698,26.949089007917152,-0.0
26.875,0.9413285418048607,-3.300930996223609,26.569978244225425,-0.0
26.88,0.7288702893459872,-3.277766120215824,26.200208766366014,-0.0
26.885,0.5281721172921058,-3.254506396001264,25.840289032342433,-0.0
26.89,0.33882587199711667,-3.2322842214179475,25.487479745721135,-0.0
26.895,0.1601531942672022,-3.2123859766477447,25.14121046762975,-0.0
26.900000000000002,-0.008456547641716133,-3.1930439515742415,24.802919822913918,-0.0
26.905,-0.16688738184671723,-3.1769961506829754,24.472201939603266,-0.0
26.91,-0.31801207006053683,-3.162554418690135,24.147876887152712,-0.0
26.915,-0.4607654500725224,-3.15273674128234,23.831409062584257,-0.0
26.92,-0.5957904606902688,-3.145482561939877,23.52063426020837,-0.0
26.925,-0.7241075418257334,-3.144629401816321,23.215927629925776,-0.0
26.93,-0.8451047827947531,-3.146485493299395,22.917178024591795,-0.0
26.935000000000002,-0.959225892736762,-3.151997905041162,22.625099738553676,-0.0
26.94,-1.0699279429526476,-3.162158915620951,22.338629720898673,-0.0
26.945,-1.173915238941253,-3.177101650150121,22.057217519630644,-0.0
26.95,-1.2746434570661969,-3.1951300308046116,21.78279944293227,-0.0
26.955000000000002,-1.3711778035353641,-3.218340358446618,21.513394596873276,-0.0
26.96,-1.4634694296588653,-3.245700508017126,21.248606657024897,-0.0
26.965,-1.551704661503881,-3.279721481463331,20.989484106536782,-0.0
26.97,-1.6382579638489527,-3.31737802703935,20.736108453771045,-0.0
26.975,-1.721724450619037,-3.360296855859533,20.488074285404863,-0.0
26.98,-1.8044537841897674,-3.407138961156102,20.2434891612697,-0.0
26.985,-1.8851113949865648,-3.4599436991625585,20.003161236046193,-0.0
26.990000000000002,-1.9640355552150635,-3.518963019232937,19.769330091425584,-0.0
26.995,-2.0416200237437563,-3.582261797612531,19.54045923454074,-0.0
27.0,-2.1190367794623013,-3.6507926742280326,19.316645930194532,-0.0
27.005,-2.1957507468130877,-3.7240443069317317,19.09869666806724,-0.0
27.01,-2.271958377731993,-3.8027359753972036,18.8849311484515,-0.0
27.015,-2.347860339386241,-3.887375032983296,18.675686992326547,-0.0
27.02,-2.424358212267247,-3.9780548617575775,18.471724762694738,-0.0
27.025000000000002,-2.502079072454878,-4.074526484607943,18.27307359459374,-0.0
27.03,-2.5800975216261457,-4.175172329924072,18.07989626960303,-0.0
27.035,-2.6606199015928333,-4.282690314916229,17.89351195422982,-0.0
27.04,-2.7417169132658175,-4.394689144035223,17.7113478959158,-0.0
27.045,-2.8241159066051056,-4.514756632961985,17.535614952498975,-0.0
27.05,-2.908722916950573,-4.6398196297867305,17.365030238743213,-0.0
27.055,-2.9958366746194223,-4.772143799770348,17.20073742441116,-0.0
27.060000000000002,-3.084845894031203,-4.909262044898749,17.04291701217968,-0.0
27.065,-3.1771120982739167,-5.054250341504968,16.89138805172545,-0.0
27.07,-3.2701993706941614,-5.205567657457257,16.74740509750549,-0.0
27.075,-3.3666930193962146,-5.364203833854174,16.607685857033218,-0.0
27.080000000000002,-3.4666016792941137,-5.529505581337538,16.476181482557088,-0.0
27.085,-3.570392645300486,-5.701262369502671,16.352530753724373,-0.0
27.09,-3.6766505647818564,-5.880511012249573,16.235915660098815,-0.0
27.095,-3.7868664460883394,-6.068089862412862,16.12755909071364,-0.0
27.1,-3.9016909582932224,-6.261582714956121,16.028148188071288,-0.0
27.105,-4.018682798998362,-6.4639213397246245,15.938533452202924,-0.0
27.11,-4.140006885836306,-6.673672165794405,15.857237750392242,-0.0
27.115000000000002,-4.26711617105163,-6.8921777850605,15.78299957647684,-0.0
27.12,-4.398147718137423,-7.118233428923616,15.718653470174642,-0.0
27.125,-4.533903695589659,-7.353538999160985,15.66514136263988,-0.0
27.13,-4.67418283200026,-7.596644374618262,15.622799171246482,-0.0
27.135,-4.819871677002794,-7.849423535265693,15.591415117327315,-0.0
27.14,-4.971980129991462,-8.10898787881127,15.574205266262659,-0.0
27.145,-5.129256975632693,-8.37705363202297,15.568832414934036,-0.0
27.150000000000002,-5.290425547584884,-8.65462910268511,15.575739769849354,-0.0
27.155,-5.458832344444615,-8.939537560805583,15.59615307082758,-0.0
27.16,-5.633941619678278,-9.231957659877473,15.632594543360122,-0.0
27.165,-5.814047142814656,-9.533574348098579,15.684543864472737,-0.0
27.17,-5.99822710603451,-9.84290905283594,15.751570890226049,-0.0
27.175,-6.190283938105157,-10.160838503867112,15.83597018555924,-0.0
27.18,-6.389879106128137,-10.485645799906944,15.938954918236231,-0.0
27.185000000000002,-6.594390001418353,-10.819930811006405,16.061144998339433,-0.0
27.19,-6.805641881853941,-11.159676823450836,16.204258057994313,-0.0
27.195,-7.023241636233582,-11.505553516137466,16.367780848888465,-0.0
27.2,-7.247824075846461,-11.856919722805594,16.553584702028687,-0.0
27.205000000000002,-7.478545019282522,-12.21260313995558,16.762084066711036,-0.0
27.21,-7.71410080311717,-12.571951757067508,16.99634724644022,-0.0
27.215,-7.957186729241943,-12.934011628107005,17.253189772259354,-0.0
27.22,-8.205349650137142,-13.29667623620837,17.53712640357584,-0.0
27.225,-8.459897032312492,-13.659440869088165,17.84826489881058,-0.0
27.23,-8.719214326651933,-14.020987503905204,18.187691982188042,-0.0
27.235,-8.984203441773277,-14.379037199770911,18.557315899189412,-0.0
27.240000000000002,-9.254251725181541,-14.7317245353526,18.956449038645324,-0.0
27.245,-9.528762535588545,-15.075656928297791,19.385514000381043,-0.0
27.25,-9.806551775710522,-15.411081855452903,19.844931995453138,-0.0
27.255,-10.086973726433818,-15.73447663698252,20.33684417983452,-0.0
27.26,-10.370199475939827,-16.041944909827542,20.858911372448322,-0.0
27.265,-10.652963414245729,-16.333340683680174,21.41401715427903,-0.0
27.27,-10.936936831099889,-16.603446230740346,21.998622169527863,-0.0
27.275000000000002,-11.220610481560204,-16.84812112664518,22.61387643860997,-0.0
27.28,-11.50191366576076,-17.06524077268003,23.25748146167089,-0.0
27.285,-11.780725703948484,-17.25287514094987,23.929590289942325,-0.0
27.29,-12.053895969745069,-17.406737347985665,24.626411819123586,-0.0
27.295,-12.321948137544018,-17.522691785098516,25.347831287486454,-0.0
27.3,-12.581464919906573,-17.59774644250536,26.09070760662509,-0.0
27.305,-12.832209573300975,-17.62973795247948,26.84919550781924,-0.0
27.310000000000002,-13.072195468551293,-17.61610253807142,27.622338516991796,-0.0
27.315,-13.298217745359217,-17.55424938288555,28.40483366780896,-0.0
27.32,-13.511677255966418,-17.440552372147422,29.193033108944743,-0.0
27.325,-13.709740562956386,-17.272681959187228,29.98010733206908,-0.0
27.330000000000002,-13.888198148896151,-17.051016873445302,30.764530372554745,-0.0
27.335,-14.046986924948524,-16.77378845887225,31.538966875164867,-0.0
27.34,-14.183791006726148,-16.441244017870382,32.29771391521129,-0.0
27.345,-14.297857829876833,-16.05454832085001,33.03228080979684,-0.0
27.35,-14.386077316974399,-15.613543489842803,33.73899317424523,-0.0
27.355,-14.445680944729277,-15.12211293176169,34.412628547487664,-0.0
27.36,-14.479518344607138,-14.582932971023045,35.0465437910466,-0.0
27.365000000000002,-14.485744650309693,-14.001002935172734,35.63463929247363,-0.0
27.37,-14.461818315586253,-13.378755908741486,36.172932276236395,-0.0
27.375,-14.40824749536954,-12.721937641245024,36.65748307808202,-0.0
27.38,-14.322378098845974,-12.034065468725515,37.08554256396944,-0.0
27.385,-14.20724504997811,-11.323019029734063,37.45234663822684,-0.0
27.39,-14.062841438852576,-10.596549145389938,37.75781377886475,-0.0
27.395,-13.890220458514047,-9.856572382118092,38.00014473221545,-0.0
27.400000000000002,-13.68889614828994,-9.1127327004255,38.17788006228911,-0.0
27.405,-13.460757723354282,-8.370990098095666,38.29353523803653,-0.0
27.41,-13.205658665039126,-7.636359071567938,38.34677364910764,-0.0
27.415,-12.927077730163132,-6.915753560871557,38.339764280226994,-0.0
27.42,-12.626859867748205,-6.212900278463418,38.275177383035384,-0.0
27.425,-12.30540222535353,-5.533053795392609,38.15640692185685,-0.0
27.43,-11.966247073202256,-4.881724201492769,37.9892478576639,-0.0
27.435000000000002,-11.611721989240662,-4.259178000286058,37.77467950259147,-0.0
27.44,-11.245025236127589,-3.6690899430814867,37.519239066032064,-0.0
27.445,-10.864546647914356,-3.114165447837779,37.22422153005291,-0.0
27.45,-10.477638542917008,-2.596443497771036,36.89749718715849,-0.0
27.455000000000002,-10.084290424774144,-2.1167195179316978,36.540911493248935,-0.0
27.46,-9.686018026137557,-1.6759942224042712,36.16059337765166,-0.0
27.465,-9.28588621134267,-1.2743272249046929,35.761266926218774,-0.0
27.47,-8.884790354410796,-0.9069167235557873,35.34354075047262,-0.0
27.475,-8.486411768610491,-0.5756657698572251,34.91270635287863,-0.0
27.48,-8.091443050069088,-0.2789291133780989,34.472811917524574,-0.0
27.485,-7.700368060964871,-0.015462414336088803,34.02403862241527,-0.0
27.490000000000002,-7.316366737733735,0.21592058087470534,33.57091370379226,-0.0
27.495,-6.939300759041688,0.41787343343988,33.115282510581295,-0.0
27.5,-6.571431723707397,0.592537944265666,32.65872706813519,-0.0
27.505,-6.214447189720115,0.743057422245574,32.20369953662967,-0.0
27.51,-5.867708100223482,0.869298565472139,31.751172109821987,-0.0
27.515,-5.531401095751812,0.9760866523831684,31.30261741450389,-0.0
27.52,-5.205830994718978,1.0626090116327,30.859272844232255,-0.0
27.525000000000002,-4.892731145725324,1.1321575701886304,30.41991544245889,-0.0
27.53,-4.591260453426591,1.1853943679576422,29.98640144642374,-0.0
27.535,-4.3018378735938665,1.2251563024590102,29.559164790093977,-0.0
27.54,-4.025017240179662,1.2518381582100597,29.13821254237321,-0.0
27.545,-3.761339462101323,1.2694109872588257,28.72421196723903,-0.0
27.55,-3.510007963598658,1.2766129578658167,28.315841577754934,-0.0
27.555,-3.269931264083605,1.2761988883718778,27.91644063801234,-0.0
27.560000000000002,-3.0424991054052266,1.2681154137000632,27.524958189082273,-0.0
27.565,-2.8264748939786104,1.2545324240629034,27.138478610454634,-0.0
27.57,-2.6219282327387434,1.2356903223621194,26.758998178000393,-0.0
27.575,-2.428594521671542,1.214064270063119,26.385738847911213,-0.0
27.580000000000002,-2.2467118673171433,1.1884312568304365,26.0200240951556,-0.0
27.585,-2.0744693257798645,1.1599709110597443,25.659391138021697,-0.0
27.59,-1.912823371576135,1.129343799278825,25.303955205338298,-0.0
27.595,-1.7611291233659125,1.0986437410168917,24.9553645232785,-0.0
27.6,-1.6179234758493148,1.0659769295271155,24.612699435873346,-0.0
27.605,-1.4850874011942765,1.033956230439762,24.276776389707642,-0.0
27.61,-1.3591022243399138,1.0012785462555422,23.94556899011012,-0.0
27.615000000000002,-1.2415453861320034,0.9685660850572513,23.618869021339627,-0.0
27.62,-1.1313296872370933,0.9345025414638166,23.296432811932707,-0.0
27.625,-1.0283221193739494,0.903368025644978,22.982143197922547,-0.0
27.63,-0.9318177698485562,0.873652959561585,22.671463070363817,-0.0
27.635,-0.839772212232533,0.8446435755440825,22.365361964909123,-0.0
27.64,-0.7559139883704579,0.8161654745338744,22.0630153776457,-0.0
27.645,-0.6767010455561127,0.7898817518560872,21.765477257166012,-0.0
27.650000000000002,-0.6033152314045344,0.7648892276735602,21.471649944005385,-0.0
27.655,-0.5342595247663634,0.7411091668772735,21.184173842291102,-0.0
27.66,-0.4698066616199596,0.7188820552235238,20.899984041122682,-0.0
27.665,-0.41071011751376124,0.6987385467047952,20.618485056429062,-0.0
27.67,-0.35486087906745717,0.6808424101931035,20.342141209219438,-0.0
27.675,-0.30388066538646147,0.6643758445909715,20.07068683132306,-0.0
27.68,-0.2557079525262178,0.6486954555699174,19.801678586565522,-0.0
27.685000000000002,-0.20935562670933872,0.6353154197515074,19.53717629752691,-0.0
27.69,-0.1667079692792598,0.6241248388255521,19.27582200678872,-0.0
27.695,-0.12743862708084389,0.6140273296443588,19.017583497255067,-0.0
27.7,-0.09050047908756773,0.6045978214875578,18.76504705088168,-0.0
27.705000000000002,-0.056967530741837476,0.598559941984674,18.514368119550323,-0.0
27.71,-0.024260562710233947,0.5927511486683971,18.266570794717214,-0.0
27.715,0.007375673489355569,0.5883320890870761,18.02272671887177,-0.0
27.72,0.037152527343977365,0.5846594123945381,17.78242245833367,-0.0
27.725,0.06460889350042896,0.5828238768740721,17.545232674326268,-0.0
27.73,0.0906864296029878,0.5836703122552563,17.31147465419576,-0.0
27.735,0.11708242575089935,0.5851374996043408,17.080681296734376,-0.0
27.740000000000002,0.14174436880952979,0.5886426026043969,16.85253883898647,-0.0
27.745,0.1643025741918009,0.5931390026814994,16.62897709269159,-0.0
27.75,0.18578374599370684,0.6003875619494772,16.407260031873633,-0.0
27.755,0.20700724877092574,0.6072748959946921,16.189234302498875,-0.0
27.76,0.22752915801411036,0.6162071580768664,15.973154245276472,-0.0
27.765,0.24691046015500107,0.6266236402396368,15.76154114561658,-0.0
27.77,0.2660876496200981,0.6384829200638578,15.552177561164344,-0.0
27.775000000000002,0.2842432972981301,0.6515607198574197,15.3465419223209,-0.0
27.78,0.3031794588319123,0.6659498587576799,15.143111766482372,-0.0
27.785,0.3216973410487014,0.6819514585268397,14.941315278413015,-0.0
27.79,0.34077861536709353,0.7013696434428862,14.74369543251623,-0.0
27.795,0.35942641820417554,0.7194648855160884,14.5493405208177,-0.0
27.8,0.3782096955516528,0.7407528704592551,14.35598669790215,-0.0
27.805,0.39511569884840125,0.7611444900177982,14.166074316627487,-0.0
27.810000000000002,0.4141298775385549,0.7846282612101635,13.977969663628576,-0.0
27.815,0.43243041794149784,0.8104084053705245,13.793113841934167,-0.0
27.82,0.4511087940510283,0.8355205189826012,13.610444585743307,-0.0
27.825,0.470333664371355,0.8634857973154746,13.430952558129418,-0.0
27.830000000000002,0.4906329337969984,0.8931547023247589,13.252002312663482,-0.0
27.835,0.5104625911176945,0.9248669457892751,13.078190407777594,0.0
27.84,0.5321509139261721,0.9577181751449242,12.90484187398891,0.0
27.845,0.5526374740825237,0.9933641528698443,12.734932514881597,0.0
27.85,0.5747988187658707,1.0300802716694812,12.567626199465233,0.0
27.855,0.5973085849339481,1.0696799518828064,12.402516059225116,0.0
27.86,0.6207960177490364,1.1112315543899984,12.239775737335048,0.0
27.865000000000002,0.6440513816699053,1.1534249214914694,12.080515909509554,0.0
27.87,0.6695986810154264,1.197706109280887,11.924038213023394,0.0
27.875,0.6946649380205837,1.243875887611838,11.769897344542475,0.0
27.88,0.7224700989371596,1.2929991657378408,11.617318090949116,0.0
27.885,0.7508781121299195,1.3459768364389402,11.465435937966518,0.0
27.89,0.7810362564919434,1.4013146832750087,11.317004107456196,0.0
27.895,0.8127733719962786,1.4592890122660571,11.17188055869971,0.0
27.900000000000002,0.8439338057439647,1.521413294781752,11.028115678410378,0.0
27.905,0.8777219348816943,1.5866619955479744,10.888342381882238,0.0
27.91,0.9132733568406215,1.6548055310978331,10.749066748403276,0.0
27.915,0.9502787969729798,1.7268779517409873,10.613161634507806,0.0
27.92,0.9899716686094939,1.8003767152843653,10.479276993577754,0.0
27.925,1.0303597927489951,1.8786402413756087,10.348646645544196,0.0
27.93,1.072585731406919,1.9599693246684702,10.220763582514504,0.0
27.935000000000002,1.1176530742714066,2.0471779702677138,10.09450611926277,0.0
27.94,1.1631763665930583,2.1381298417208114,9.972116752925517,0.0
27.945,1.2125162749039076,2.2318312351173386,9.850797357825037,0.0
27.95,1.262920177587462,2.330593058510125,9.733370380793742,0.0
27.955000000000002,1.3157767587663947,2.433795406017685,9.618124630495776,0.0
27.96,1.3712024861098484,2.54081365715546,9.504279959264762,0.0
27.965,1.4290065266739451,2.654831824614878,9.394506800574744,0.0
27.97,1.490064014437102,2.774990902560254,9.289031072620672,0.0
27.975,1.5551237956705182,2.9007949368294903,9.184594218154666,0.0
27.98,1.6216065050534867,3.0327468872369825,9.084232144777832,0.0
27.985,1.693059853912368,3.171379729135056,8.987334236265806,0.0
27.990000000000002,1.767025183757581,3.3157820874828428,8.89423657889298,0.0
27.995,1.8448842779061367,3.467543038348872,8.805384335497132,0.0
28.0,1.9270308641696012,3.6261918109436913,8.718769843194204,0.0
28.005,2.012533276947791,3.794009889734509,8.638190741191833,0.0
28.01,2.100539025686035,3.9705320751442064,8.560671399230849,0.0
28.015,2.19448058736298,4.155283493474084,8.488117199807462,0.0
28.02,2.292535635415872,4.348263261798203,8.420672405895576,0.0
28.025000000000002,2.3955561655634585,4.550917416756421,8.358203200646418,0.0
28.03,2.503334543934236,4.764129513641423,8.302552464912665,0.0
28.035,2.61679546777763,4.986283152752616,8.252199517741307,0.0
28.04,2.7357975312702525,5.220290769931111,8.206912357487633,0.0
28.045,2.8591260465574395,5.464006477036123,8.169658121432981,0.0
28.05,2.989578420524871,5.719539491596912,8.136908030108561,0.0
28.055,3.127259849621998,5.987376555002011,8.113224128739205,0.0
28.060000000000002,3.270841856177504,6.268669407849566,8.098778328061151,0.0
28.065,3.4201719051510864,6.562095688906836,8.093115225626253,0.0
28.07,3.5776930997389753,6.868207035152304,8.097718130497347,0.0
28.075,3.7424318177783813,7.190088568151508,8.113482792826087,0.0
28.080000000000002,3.9142636448274306,7.526819021021901,8.139408800845322,0.0
28.085,4.094012458809543,7.879041889245633,8.176828825827366,0.0
28.09,4.284079723021072,8.244554188181548,8.22836527124072,0.0
28.095,4.481413951871509,8.625970829840316,8.29446663379937,0.0
28.1,4.688211577141781,9.024864799079024,8.376340006043874,0.0
28.105,4.905115868363349,9.439225603167426,8.476306434114585,0.0
28.11,5.131998596535156,9.871846849360137,8.595368674464858,0.0
28.115000000000002,5.369076725800787,10.32081560595195,8.733237001054988,0.0
28.12,5.61681747625632,10.785922091660066,8.894578958442287,0.0
28.125,5.874910081302253,11.267835382209116,9.079580555264126,0.0
28.13,6.143387758785198,11.76781929110212,9.289821366135405,0.0
28.135,6.424480887952373,12.28451302755216,9.528752057324294,0.0
28.14,6.716890919506896,12.816779131672815,9.79699057263651,0.0
28.145,7.02279475773584,13.364904298714453,10.097458368473447,0.0
28.150000000000002,7.33956644754074,13.927206600460964,10.431699574104384,0.0
28.155,7.669092112994034,14.502161121815703,10.804379985755098,0.0
28.16,8.011389063753148,15.089126498886523,11.216068944486977,0.0
28.165,8.364712710708615,15.686396576889067,11.671457314937813,0.0
28.17,8.730927263124704,16.29063459258431,12.17121133569457,0.0
28.175,9.107980949182785,16.9005526783064,12.719687546149798,0.0
28.18,9.497541639850356,17.51239163213063,13.319282831569359,0.0
28.185000000000002,9.897021497961736,18.121996661908042,13.97522242854168,0.0
28.19,10.308636578121979,18.72610731671584,14.684078314141011,0.0
28.195,10.729418434884906,19.318070439773898,15.45300004510569,0.0
28.2,11.157390179863713,19.89542979057217,16.284615299468697,0.0
28.205000000000002,11.594994387911045,20.450007725678464,17.176862253285176,0.0
28.21,12.037114088506371,20.975702414653437,18.13209812807845,0.0
28.215,12.48406713142953,21.46468589973302,19.154136138518354,0.0
28.22,12.93201685276721,21.90934590122622,20.23885628020388,0.0
28.225,13.381300070748695,22.30221744838782,21.385771922158476,0.0
28.23,13.826071613843487,22.63404011866517,22.592215841221286,0.0
28.235,14.266514061070499,22.895267590690235,23.854784301999466,0.0
28.240000000000002,14.69850153019687,23.077825329382566,25.170006305205376,0.0
28.245,15.116881817644696,23.170706221611418,26.53018692305248,0.0
28.25,15.519198402269225,23.164650520758798,27.927253086608474,0.0
28.255,15.90115625242207,23.054970551087067,29.352000883609477,0.0
28.26,16.26084952796797,22.831445956658712,30.793488271967284,0.0
28.265,16.590305148944996,22.489432118911303,32.23960015488129,0.0
28.27,16.885603849531908,22.026774566663878,33.67687021676806,0.0
28.275000000000002,17.14179084377855,21.43738507529573,35.088923441657634,0.0
28.28,17.355241991031168,20.721742575005415,36.459198094569196,0.0
28.285,17.522939458211724,19.88448333317475,37.77087668504367,0.0
28.29,17.640821271747548,18.930492429529586,39.00883712937632,0.0
28.295,17.705089291241542,17.863721957909988,40.15752222182052,0.0
28.3,17.71345501502077,16.697335326633496,41.20389251209213,0.0
28.305,17.66181408738335,15.444385706612376,42.13231926090197,0.0
28.310000000000002,17.551443072617882,14.119452077101474,42.93497170025846,0.0
28.315,17.38003363622767,12.737380676608751,43.60121538048188,0.0
28.32,17.14808494725555,11.318844344387761,44.12679477841148,0.0
28.325,16.85553789048394,9.879459395513205,44.509945512610855,0.0
28.330000000000002,16.5063727685917,8.438396984389508,44.74799501120841,0.0
28.335,16.102947743783414,7.013557720320518,44.847775021261135,0.0
28.34,15.647243444281813,5.621841029950378,44.81380018580274,0.0
28.345,15.146578814250168,4.277091672468876,44.65628180812647,0.0
28.35,14.603736086109802,2.995029273318922,44.3838467897686,0.0
28.355,14.022664818403111,1.783957721508086,44.00999159135949,0.0
28.36,13.411934166713017,0.6519944682726937,43.54844307408054,0.0
28.365000000000002,12.774092203121231,-0.3944885630567685,43.012117395962676,0.0
28.37,12.115617559084075,-1.3497349693337162,42.41207051358766,0.0
28.375,11.442255684524282,-2.2169714027100644,41.76482810901034,0.0
28.38,10.758957003095857,-2.9928830220655867,41.08091979283387,0.0
28.385,10.070885353394447,-3.6812317585686434,40.370860340512706,0.0
28.39,9.384387526615436,-4.284997250409925,39.64714863495298,0.0
28.395,8.701238292285108,-4.808988930715901,38.9182234091561,0.0
28.400000000000002,8.025962029304875,-5.2590349202875615,38.190479332698985,0.0
28.405,7.359852962646427,-5.641578678226567,37.47034001793607,0.0
28.41,6.7101251741310195,-5.962966612245621,36.76358786317172,0.0
28.415,6.07685300847894,-6.227632666915522,36.07308904783537,0.0
28.42,5.460740506162502,-6.442189529944088,35.4022061478462,0.0
28.425,4.866633800853208,-6.6129133604422865,34.75481237064324,0.0
28.43,4.29206611208857,-6.744282122917574,34.13077678376288,0.0
28.435000000000002,3.7401329419306455,-6.843589714508447,33.531070857763545,0.0
28.44,3.210828279596146,-6.912635896971377,32.956152789256684,0.0
28.445,2.7049608031710135,-6.958079281757027,32.40571913822781,0.0
28.45,2.2214458964106325,-6.983414244844982,31.879289622075518,0.0
28.455000000000002,1.7625664059439414,-6.992055408110459,31.3768863203307,0.0
28.46,1.3255349654674289,-6.986463616485354,30.896229460147023,0.0
28.465,0.9107228714998905,-6.970097497970912,30.437668072569565,0.0
28.47,0.5162680983480457,-6.947452697312267,30.000218350064088,0.0
28.475,0.14176404910287554,-6.9187473751524555,29.58149568752485,0.0
28.48,-0.21108005377203415,-6.886330436162961,29.18156103729719,0.0
28.485,-0.5445292073707462,-6.850860538080737,28.799649730686934,0.0
28.490000000000002,-0.8602629486415888,-6.814218701630372,28.435005668125804,0.0
28.495,-1.1577569425056238,-6.778918935210053,28.08496285322405,0.0
28.5,-1.4392184947533462,-6.743547587376747,27.749935192748413,0.0
28.505,-1.7049077451010404,-6.7126866577376205,27.428669095026375,0.0
28.51,-1.9547243866816366,-6.685065349239113,27.119736012883774,0.0
28.515,-2.1904960343176425,-6.6600444387801145,26.823193962241533,0.0
28.52,-2.414225853306779,-6.639456228707307,26.538207481836682,0.0
28.525000000000002,-2.625950027335964,-6.623433554207672,26.264206912795995,0.0
28.53,-2.8254139837551797,-6.612789472276772,26.00145137264482,0.0
28.535,-3.014040848894324,-6.60748029244486,25.748973560235598,0.0
28.54,-3.1934389297506787,-6.608855379431927,25.50504143894064,0.0
28.545,-3.3650308552452883,-6.6163763274909915,25.270418043955612,0.0
28.55,-3.527183633571294,-6.6285412620900805,25.046051733434254,0.0
28.555,-3.682702448440031,-6.648270765225637,24.82942066026972,0.0
28.560000000000002,-3.8316202890940003,-6.672475750659206,24.621227656352325,0.0
28.565,-3.9733799772201976,-6.704281424504964,24.421499506084054,0.0
28.57,-4.110924276586536,-6.7417675729245055,24.229897976739792,0.0
28.575,-4.24190115058875,-6.784489375242143,24.04520690045634,0.0
28.580000000000002,-4.3678727866055915,-6.833981278076845,23.86889383535398,0.0
28.585,-4.491056410022498,-6.89051213753013,23.70044445796887,0.0
28.59,-4.611853943192971,-6.951157938214152,23.54044373012703,0.0
28.595,-4.728164316767434,-7.019666168412662,23.387603732550602,0.0
28.6,-4.8426284346602335,-7.093437211946969,23.241339660082158,0.0
28.605,-4.955227853675737,-7.173973027160704,23.10232982851631,0.0
28.61,-5.0670022837056585,-7.258758561223285,22.9728518901892,0.0
28.615000000000002,-5.176755731436498,-7.350787460921148,22.85137007508057,0.0
28.62,-5.284175997907089,-7.44813048277923,22.737202096738564,0.0
28.625,-5.391298901923796,-7.548540750083032,22.63084791999038,0.0
28.63,-5.499045404274622,-7.65499817033866,22.531464616803035,0.0
28.635,-5.607477131466482,-7.76700318229944,22.442102969757368,0.0
28.64,-5.716196631838481,-7.883963548499444,22.360144246330442,0.0
28.645,-5.8235009509061655,-8.005387745183393,22.286968232425295,0.0
28.650000000000002,-5.934191308308645,-8.130568474680901,22.222374585548554,0.0
28.655,-6.043777220506242,-8.261014845036476,22.166441434128313,0.0
28.66,-6.154825844226291,-8.396717902847133,22.118918623825763,0.0
28.665,-6.268370275002654,-8.534569936013732,22.082909383144283,0.0
28.67,-6.381368770768523,-8.676549560280078,22.056138834944115,0.0
28.675,-6.496082276440043,-8.822649895392722,22.037962920011502,0.0
28.68,-6.61274007394549,-8.972744311785922,22.031776765691866,0.0
28.685000000000002,-6.730131623401187,-9.124833803158012,22.035203942878205,0.0
28.69,-6.849865493919601,-9.278632386978039,22.048630461421382,0.0
28.695,-6.970384017956059,-9.435115608438114,22.071933947962076,0.0
28.7,-7.092877002347034,-9.596261398900621,22.106000735616657,0.0
28.705000000000002,-7.216679616521183,-9.7569779434226,22.151716991894432,0.0
28.71,-7.344654403189336,-9.919129557529114,22.207843920884592,0.0
28.715,-7.471954132899529,-10.082579606596342,22.27599079269131,0.0
28.72,-7.601928587330443,-10.24506757724741,22.355002087498214,0.0
28.725,-7.73527803261175,-10.409262068484814,22.44696268725066,0.0
28.73,-7.867907231837936,-10.572018575597063,22.55121769261761,0.0
28.735,-8.00241000913878,-10.734030246887444,22.666423370920693,0.0
28.740000000000002,-8.138464970650451,-10.8946859490855,22.794633647354356,0.0
28.745,-8.276425877442943,-11.051410055974403,22.933851962573744,0.0
28.75,-8.414630986745252,-11.206361615514547,23.086250387500137,0.0
28.755,-8.554696857631512,-11.357032203758859,23.250067279625245,0.0
28.76,-8.695183445808372,-11.503932299509945,23.42537509875157,0.0
28.765,-8.835903533891559,-11.645117990074198,23.613598363739847,0.0
28.77,-8.976092621187156,-11.78123692568014,23.813354225189542,0.0
28.775000000000002,-9.117445012903639,-11.910968459122993,24.024445350738475,0.0
28.78,-9.256607898103892,-12.032991443505335,24.24667030810896,0.0
28.785,-9.396071925183671,-12.145009381900017,24.480310345529386,0.0
28.79,-9.533710810056146,-12.250910360473938,24.72532453505184,0.0
28.795,-9.669170402340148,-12.344500465606455,24.980733008275873,0.0
28.8,-9.804481155350667,-12.428451902506124,25.2443040946539,0.0
28.805,-9.936580853593822,-12.500443013652689,25.51690876645539,0.0
28.810000000000002,-10.06390182580938,-12.561339706498908,25.798001066512143,0.0
28.815,-10.189334780067709,-12.609452709136637,26.08635230932062,0.0
28.82,-10.3105418190505,-12.644044738748118,26.38123581389837,0.0
28.825,-10.42769150843093,-12.663564995139058,26.68259691377791,0.0
28.830000000000002,-10.539816626692064,-12.668756138328284,26.987892360750873,0.0
28.835,-10.645167820761342,-12.658820404017787,27.295359530055197,0.0
28.84,-10.745751240534247,-12.633764523317158,27.605046986536465,0.0
28.845,-10.840682553868705,-12.592461599235206,27.915900039938446,0.0
28.85,-10.93005442783165,-12.534136394452183,28.22472172302584,0.0
28.855,-11.010714757873501,-12.45798469223081,28.53316116349927,0.0
28.86,-11.083035953855896,-12.366503102334422,28.838453354822008,0.0
28.865000000000002,-11.147515574056497,-12.25763776905425,29.138714022464534,0.0
28.87,-11.203342961352867,-12.131692996027915,29.432888665675588,0.0
28.875,-11.249009975117156,-11.990565438271634,29.71884312696287,0.0
28.88,-11.286193424683407,-11.834314241475095,29.99695734761511,0.0
28.885,-11.313751911378482,-11.661532149392857,30.26527568175299,0.0
28.89,-11.331281750540825,-11.474794778032162,30.520678001224926,0.0
28.895,-11.338301112857259,-11.27437791213581,30.763480807846967,0.0
28.900000000000002,-11.335353379567788,-11.061467834290898,30.992132472535655,0.0
28.905,-11.321668730037551,-10.83620763148339,31.205894777702238,0.0
28.91,-11.297383193042016,-10.599627342583076,31.40224849874451,0.0
28.915,-11.262950168396866,-10.355228539694606,31.582775002753323,0.0
28.92,-11.216745379274391,-10.102582883456975,31.7446717820002,0.0
28.925,-11.162164499208787,-9.841004612220395,31.887781102042528,0.0
28.93,-11.096569520891046,-9.574443795678318,32.0124057495926,0.0
28.935000000000002,-11.02043745171534,-9.304032080767733,32.11679938504396,0.0
28.94,-10.93380404904254,-9.030159783778183,32.201868072729475,0.0
28.945,-10.838882575963313,-8.756458828026023,32.26616748540411,0.0
28.95,-10.735659043662357,-8.481416843033498,32.30970540422577,0.0
28.955000000000002,-10.622161524107119,-8.206812593479109,32.33381294562063,0.0
28.96,-10.500313783731464,-7.93392240172178,32.33860056807877,0.0
28.965,-10.372419380306386,-7.6658567523099395,32.3233863009125,0.0
28.97,-10.237376149478086,-7.403239891435833,32.28945779878245,0.0
28.975,-10.09625630567391,-7.147587580333275,32.238419344363564,0.0
28.98,-9.949818331567586,-6.8981428511276315,32.16779723795668,0.0
28.985,-9.796720866557983,-6.656679875918481,32.08163645410115,0.0
28.990000000000002,-9.640332321763836,-6.4226673034490585,31.979996894707977,0.0
28.995,-9.47850881505566,-6.199370835668869,31.863286007391373,0.0
29.0,-9.315007708935891,-5.9851345313843725,31.731266551868018,0.0
29.005,-9.149417832484607,-5.781222548103133,31.5870796283854,0.0
29.01,-8.979016066157545,-5.588094351457176,31.430118498160844,0.0
29.015,-8.80898310577198,-5.4054259266117395,31.26250637505811,0.0
29.02,-8.638350545016028,-5.235363906966394,31.08407703407625,0.0
29.025000000000002,-8.467101368392662,-5.076101913632041,30.894105675091268,0.0
29.03,-8.297489178767721,-4.928160334803249,30.696263371256208,0.0
29.035,-8.128367403858327,-4.791627666150669,30.491634770114786,0.0
29.04,-7.961799864343406,-4.666619515560475,30.279834364875256,0.0
29.045,-7.797808635617453,-4.552028128839621,30.062038177469184,0.0
29.05,-7.635729279683419,-4.448830868949815,29.838733756341316,0.0
29.055,-7.476906400751686,-4.355741813680972,29.610752071501075,0.0
29.060000000000002,-7.320462516985943,-4.273812497775042,29.3781664510462,0.0
29.065,-7.167805791379083,-4.201775721493679,29.14292103213324,0.0
29.07,-7.019787939283941,-4.139590808887791,28.904889966608888,0.0
29.075,-6.875881523681642,-4.087202699723325,28.66591805603719,0.0
29.080000000000002,-6.735358885686655,-4.0433850427799545,28.42454800557172,0.0
29.085,-6.602132771329583,-4.008293450433465,28.181774901865502,0.0
29.09,-6.472470434949374,-3.9818018074842723,27.937981807103984,0.0
29.095,-6.348706764901291,-3.9646632671962205,27.6953447843643,0.0
29.1,-6.229250136213592,-3.955411120745795,27.451554955469685,0.0
29.105,-6.115722531761183,-3.952198034786018,27.210277899628537,0.0
29.11,-6.007174600632677,-3.9572496042061744,26.96883016056894,0.0
29.115000000000002,-5.905099922537138,-3.9690029865867986,26.727405199761048,0.0
29.12,-5.807826236622903,-3.9874534702286435,26.489745592476588,0.0
29.125,-5.717162066818621,-4.011294319969375,26.252204937803445,0.0
29.13,-5.631408900186121,-4.041752650636254,26.017254986102046,0.0
29.135,-5.552251917882241,-4.077048820096214,25.784136001647354,0.0
29.14,-5.479087271375882,-4.119167724714704,25.554176786813308,0.0
29.145,-5.410837110179737,-4.165397221555733,25.326180559219555,0.0
29.150000000000002,-5.348956891040245,-4.215755302743863,25.09890200818806,0.0
29.155,-5.292774429412165,-4.272201301722514,24.876047517936154,0.0
29.16,-5.2424731791881625,-4.333633388527094,24.658062681918096,0.0
29.165,-5.19729241261045,-4.399497616662839,24.44233537488963,0.0
29.17,-5.156947284888337,-4.469313696099316,24.229816723103532,0.0
29.175,-5.123916583229357,-4.543408149874844,24.022089890553787,0.0
29.18,-5.09473759700316,-4.62221615346806,23.817842970028515,0.0
29.185000000000002,-5.071250003851731,-4.7051945789396425,23.618901331996017,0.0
29.19,-5.05171506916081,-4.791929264492631,23.42409691566482,0.0
29.195,-5.038433404133383,-4.883726499184096,23.232162382969623,0.0
29.2,-5.030373740435162,-4.980776929013083,23.04426034991853,0.0
29.205000000000002,-5.02753706337461,-5.08104400103716,22.86099016816404,0.0
29.21,-5.027899977591113,-5.184719492600528,22.68323485822188,0.0
29.215,-5.036273581703082,-5.292439075339769,22.510181918542525,0.0
29.22,-5.049877107826874,-5.403298568233696,22.343436703682613,0.0
29.225,-5.067619128059083,-5.519472481114635,22.180710046412337,0.0
29.23,-5.091568449419118,-5.639113027172205,22.025148951944903,0.0
29.235,-5.117138911492846,-5.761894743820818,21.874583954968116,0.0
29.240000000000002,-5.150568340670057,-5.889159215146817,21.73057538117213,0.0
29.245,-5.187572219949185,-6.021828369244501,21.593553089065963,0.0
29.25,-5.228612477634929,-6.157188282044158,21.4623522338974,0.0
29.255,-5.275389497203946,-6.2974067757696925,21.336467344548016,0.0
29.26,-5.326051679325047,-6.442259643650667,21.21702077973438,0.0
29.265,-5.382934007090843,-6.590430605547657,21.105244612451575,0.0
29.27,-5.444121712572283,-6.74337725561083,21.002010174917366,0.0
29.275000000000002,-5.5085973712846545,-6.900069638798144,20.90374837965373,0.0
29.28,-5.579536107202424,-7.060242800911543,20.814030297833547,0.0
29.285,-5.653842548246819,-7.225620494942931,20.73467009756066,0.0
29.29,-5.7333704627276045,-7.394824696183566,20.66203291946372,0.0
29.295,-5.816882721160495,-7.568146206711534,20.597649381813603,0.0
29.3,-5.904783720823355,-7.746053942400599,20.541932013688264,0.0
29.305,-5.996701951065705,-7.9265905834356545,20.496211739775593,0.0
29.310000000000002,-6.0926272112614495,-8.112909151094064,20.460149690281813,0.0
29.315,-6.193878038153609,-8.302342499079352,20.433888439495497,0.0
29.32,-6.2990856577659216,-8.495382132702453,20.416500747923763,0.0
29.325,-6.408270502153312,-8.69177191936127,20.41218857606946,0.0
29.330000000000002,-6.522503629025496,-8.890613235654902,20.419353422873378,0.0
29.335,-6.641070492540579,-9.091597098733125,20.43726412319171,0.0
29.34,-6.762667389988544,-9.29797951284838,20.467239156879216,0.0
29.345,-6.889629916106893,-9.506603782193391,20.509029882545203,0.0
29.35,-7.020850803714533,-9.717932202165144,20.562804506313658,0.0
29.355,-7.154468890416237,-9.930562962452989,20.629732853577707,0.0
29.36,-7.293963970951543,-10.1442843964664,20.709680681828495,0.0
29.365000000000002,-7.43577987994516,-10.359509263435335,20.802457354191223,0.0
29.37,-7.581937602173129,-10.576387822827469,20.910571378437094,0.0
29.375,-7.73138900627047,-10.79222880697861,21.03277883635568,0.0
29.38,-7.884004469250253,-11.008237170887183,21.169990754554465,0.0
29.385,-8.040501924112162,-11.22269600567069,21.32161624791384,0.0
29.39,-8.198437380937001,-11.434276545537504,21.487686169080593,0.0
29.395,-8.359454959364765,-11.643138004539002,21.669158576937576,0.0
29.400000000000002,-8.524428448488484,-11.85043929044426,21.86712914355744,0.0
29.405,-8.69185101618079,-12.052250537114462,22.0800764845852,0.0
29.41,-8.86007409346735,-12.2493797531324,22.311019268941724,0.0
29.415,-9.029518133286228,-12.439139594335181,22.556877643115396,0.0
29.42,-9.200466687664646,-12.623148371420314,22.81721596096242,0.0
29.425,-9.371378189930962,-12.798323312705081,23.093633910826263,0.0
29.43,-9.542924155416253,-12.964170383387728,23.38479656792053,0.0
29.435000000000002,-9.714564391247483,-13.120329645344373,23.691230202304205,0.0
29.44,-9.883466743364792,-13.264563610949253,24.013594311551774,0.0
29.445,-10.05277660089919,-13.396406263069128,24.34864143821164,0.0
29.45,-10.219349034803653,-13.513295135244947,24.6975163565823,0.0
29.455000000000002,-10.383907034312125,-13.615152668452819,25.057674416439802,0.0
29.46,-10.545549911428084,-13.699163131899528,25.43056399525865,0.0
29.465,-10.703410650519952,-13.76685344798807,25.813897175598026,0.0
29.47,-10.856278159290996,-13.814410120715271,26.20557708348881,0.0
29.475,-11.004054964433237,-13.843915047658188,26.60661740811912,0.0
29.48,-11.146809565665267,-13.85203947881406,27.011785383073516,0.0
29.485,-11.281907738285561,-13.838284118875396,27.4242840005031,0.0
29.490000000000002,-11.40856178127165,-13.80162749867237,27.839397020937422,0.0
29.495,-11.528785115770397,-13.741801210474922,28.255793739015132,0.0
29.5,-11.640041062188065,-13.658597087444914,28.669949909677154,0.0
29.505,-11.741115176047893,-13.552104254778635,29.08195834704481,0.0
29.51,-11.831564294421009,-13.420970539554805,29.490332891811303,0.0
29.515,-11.910170200554345,-13.265499150140819,29.890718866586038,0.0
29.52,-11.977373253998993,-13.086891594009629,30.283624191115535,0.0
29.525000000000002,-12.033728592390508,-12.884771427126214,30.66320158328341,0.0
29.53,-12.076335091956153,-12.659691884001884,31.02930122152628,0.0
29.535,-12.105439271269413,-12.416007860117876,31.380029495482162,0.0
29.54,-12.119285581001506,-12.148640945961047,31.713747741868538,0.0
29.545,-12.118930624287383,-11.862411885275677,32.026895016006684,0.0
29.55,-12.105685686244723,-11.558237260989308,32.31886202192041,0.0
29.555,-12.078579842996016,-11.238573359169974,32.5878519206231,0.0
29.560000000000002,-12.037052027676417,-10.905210720385693,32.833100095237384,0.0
29.565,-11.979729038016046,-10.559982733156493,33.05263307066388,0.0
29.57,-11.908549098106006,-10.203698150265353,33.2445698598035,0.0
29.575,-11.82151551971735,-9.8424475127425,33.40903519191338,0.0
29.580000000000002,-11.72319711006487,-9.472401110429239,33.54458163129504,0.0
29.585,-11.610380915654659,-9.100509274089275,33.65243060398291,0.0
29.59,-11.484126329749788,-8.726920926620616,33.7332966822042,0.0
29.595,-11.34686571783078,-8.354311713349956,33.78472495961827,0.0
29.6,-11.197497509112823,-7.984079562741374,33.807922689424316,0.0
29.605,-11.037273474948382,-7.620386791377626,33.80494733960054,0.0
29.61,-10.867739780741468,-7.262443397435003,33.77460471591823,0.0
29.615000000000002,-10.687315469528803,-6.910737980736093,33.718944700946295,0.0
29.62,-10.498914159548818,-6.571845848775692,33.638154247963435,0.0
29.625,-10.301970287399188,-6.2423082742519895,33.53555867832035,0.0
29.63,-10.098019104062953,-5.9254053820818005,33.40937338219301,0.0
29.635,-9.888920737413788,-5.621860953789435,33.26365439795566,0.0
29.64,-9.67467848909473,-5.333379800445821,33.09928835350049,0.0
29.645,-9.45812323235298,-5.059710109238379,32.917256152932254,0.0
29.650000000000002,-9.238164428312249,-4.801313082336256,32.71762327745513,0.0
29.655,-9.015509168662593,-4.559333015089665,32.504439212004726,0.0
29.66,-8.79292514332756,-4.33416638408913,32.27750782715347,0.0
29.665,-8.568670917612048,-4.124884207593991,32.03734242611625,0.0
29.67,-8.346199480906131,-3.9314887645986225,31.7869783129732,0.0
29.675,-8.12537847133896,-3.753016646281646,31.52642534618387,0.0
29.68,-7.907416801214492,-3.5915315568984147,31.258851619463503,0.0
29.685000000000002,-7.691292578875056,-3.4450330097107287,30.98340278266958,0.0
29.69,-7.4783138759592065,-3.313069457995886,30.702376546852058,0.0
29.695,-7.27087760803677,-3.19535619713455,30.417576922887655,0.0
29.7,-7.068152830734446,-3.0910681478068915,30.128786774157945,0.0
29.705000000000002,-6.868748946046292,-2.9999600837043228,29.836690901778375,0.0
29.71,-6.6758998085169186,-2.9213109871880567,29.54195940775522,0.0
29.715,-6.48774044678957,-2.854229631186043,29.244950449824646,0.0
29.72,-6.306368929387745,-2.801586236099929,28.94773620063134,0.0
29.725,-6.131577920073464,-2.757990232285207,28.650878987443335,0.0
29.73,-5.963273402811122,-2.7257100210221394,28.353926538008974,0.0
29.735,-5.8006753818172,-2.7002421022428593,28.057480693126312,0.0
29.740000000000002,-5.64660833158858,-2.684171357819707,27.76195920169176,0.0
29.745,-5.496586295726702,-2.677365057475612,27.467560562641612,0.0
29.75,-5.356496461421373,-2.6795126720927978,27.17539920103262,0.0
29.755,-5.222637186436525,-2.6890210986999654,26.884726239718606,0.0
29.76,-5.095421665080697,-2.7058254506325174,26.597128407166093,0.0
29.765,-4.975899357167651,-2.728173189506361,26.31075946518334,0.0
29.77,-4.862700246146307,-2.7555566019232827,26.028368883837253,0.0
29.775000000000002,-4.758372872350547,-2.7899155761706953,25.748700808010646,0.0
29.78,-4.6599713710001485,-2.8306393188502885,25.47223566770007,0.0
29.785,-4.568197855365914,-2.8761209894360182,25.197960253849782,0.0
29.79,-4.482527386212525,-2.9253557865033715,24.92712088303558,0.0
29.795,-4.403898361024409,-2.979526020732654,24.660254557337105,0.0
29.8,-4.33189394171438,-3.0378062704500914,24.396445471158458,0.0
29.805,-4.266915095078485,-3.1018882170419495,24.137723782113472,0.0
29.810000000000002,-4.208429012349186,-3.1700219593445293,23.88155189982996,0.0
29.815,-4.156996959713145,-3.240914219975533,23.630918742097005,0.0
29.82,-4.111120055389641,-3.3152923116289346,23.3828143248234,0.0
29.825,-4.070774622115881,-3.3933331068471553,23.138457737771574,0.0
29.830000000000002,-4.036414845248695,-3.47536075218117,22.899647765027154,0.0
29.835,-4.008619064842599,-3.5607978981793926,22.66284029680283,0.0
29.84,-3.9859347442700277,-3.6509896810477733,22.432361435353005,0.0
29.845,-3.9682322469839,-3.7442646650455176,22.205147669851694,0.0
29.85,-3.9575184054183636,-3.840689324088008,21.98385482965282,0.0
29.855,-3.952088086089239,-3.941473556978589,21.766768548754836,0.0
29.86,-3.9522904886089663,-4.045430473830784,21.55547155984668,0.0
29.865000000000002,-3.957833613826643,-4.153038940841972,21.3483051150325,0.0
29.87,-3.969026346138661,-4.263685645252589,21.145768689595528,0.0
29.875,-3.983513533821304,-4.3795419272392495,20.947499771652826,0.0
29.88,-4.003589943458605,-4.499024347318112,20.755237999800265,0.0
29.885,-4.028514884320277,-4.621918384230368,20.56835032724326,0.0
29.89,-4.058526311492598,-4.749779486533399,20.38579175506472,0.0
29.895,-4.093123277896087,-4.879475706412101,20.210996673232707,0.0
29.900000000000002,-4.131576958830143,-5.0143323857686255,20.041490406459495,0.0
29.905,-4.174464071502385,-5.153418074145085,19.877068235933823,0.0
29.91,-4.223205852483172,-5.2967787662647785,19.719818710173893,0.0
29.915,-4.275992533113371,-5.445359957946774,19.567626230981073,0.0
29.92,-4.335504169190383,-5.598940538967918,19.422511916331732,0.0
29.925,-4.399484225506903,-5.7583136443916185,19.28449260061871,0.0
29.93,-4.467004983618992,-5.921931527161851,19.154435754765483,0.0
29.935000000000002,-4.539682462745664,-6.089856270739716,19.030275265337593,0.0
29.94,-4.617738739019429,-6.261788772718932,18.914922830255712,0.0
29.945,-4.700600624637796,-6.440521993009567,18.80804498957844,0.0
29.95,-4.786935518732168,-6.6244066406335005,18.709652738052583,0.0
29.955000000000002,-4.8785321728063815,-6.813805891264084,18.618893780060052,0.0
29.96,-4.976573883520944,-7.007947060327635,18.536855690462236,0.0
29.965,-5.0778998330486935,-7.209571135119131,18.462747526049437,0.0
29.97,-5.1838208839803235,-7.415718543831685,18.399162891274496,0.0
29.975,-5.295105613528309,-7.627729989212923,18.345490746258168,0.0
29.98,-5.412184205284477,-7.84603583132014,18.303029915146595,0.0
29.985,-5.534506139030518,-8.069545579544776,18.270939780661106,0.0
29.990000000000002,-5.660521673211852,-8.300086155566225,18.25055124101422,0.0
29.995,-5.79149651969776,-8.535062943560204,18.24273983359425,0.0
30.0,-5.929050888044684,-8.774924692698008,18.24591399451775,0.0
30.005,-6.070293818772695,-9.020401796825997,18.262122329617704,0.0
30.01,-6.217323377771311,-9.270139882976508,18.293008884367303,0.0
30.015,-6.3702628005361195,-9.525769476107099,18.336395199428292,0.0
30.02,-6.528385699837686,-9.786527738878775,18.393619498905984,0.0
30.025000000000002,-6.691476373736862,-10.05104783642488,18.46760248260188,0.0
30.03,-6.860868430417589,-10.31967132349809,18.55823103988303,0.0
30.035,-7.033872687508036,-10.591298471454028,18.66360069599095,0.0
30.04,-7.21114123489873,-10.866407268146794,18.787366291817747,0.0
30.045,-7.392310706176882,-11.145148393114857,18.929288771116177,0.0
30.05,-7.580463048912112,-11.42507488573559,19.08883806980996,0.0
30.055,-7.7714437748586125,-11.706676908738459,19.268706330477972,0.0
30.060000000000002,-7.967974887749099,-11.986613760114777,19.46691619044141,0.0
30.065,-8.168248057747364,-12.266887937636476,19.68698179970454,0.0
30.07,-8.373117981633442,-12.544615100138088,19.925534294105816,0.0
30.075,-8.581536224793906,-12.819868568832447,20.18504281225379,0.0
30.080000000000002,-8.795030861150654,-13.089729699288991,20.466136230779405,0.0
30.085,-9.010343202610706,-13.355772541206232,20.76757682309985,0.0
30.09,-9.228513429204014,-13.615625600339904,21.09238407274951,0.0
30.095,-9.448708504703168,-13.866672486891721,21.439413565440947,0.0
30.1,-9.670070274162732,-14.10914915280892,21.808027516177564,0.0
30.105,-9.891703945737534,-14.337936311705219,22.199341262108526,0.0
30.11,-10.114069524817257,-14.5528718325235,22.611299208999263,0.0
30.115000000000002,-10.33686614342533,-14.753177125316869,23.045813892798183,0.0
30.12,-10.558693301352523,-14.935393859649398,23.501366765463693,0.0
30.125,-10.778237713753814,-15.098269559834511,23.97638940165894,0.0
30.13,-10.99509219579761,-15.238984252349622,24.470691615845016,0.0
30.135,-11.20782693180377,-15.356854250074464,24.982188213637716,0.0
30.14,-11.414829234920697,-15.449199501778635,25.50917770732714,0.0
30.145,-11.616471041720263,-15.515123450154968,26.050267520662594,0.0
30.150000000000002,-11.81135145526789,-15.550455163708369,26.602937141168315,0.0
30.155,-11.997341372360136,-15.555755549511021,27.165435867546613,0.0
30.16,-12.175001269457336,-15.528112204266378,27.737170573646612,0.0
30.165,-12.342139370055373,-15.466508559817635,28.312802038010876,0.0
30.17,-12.499217850417407,-15.368829697402981,28.89007334263494,0.0
30.175,-12.643008878830075,-15.237170605784078,29.464462276382417,0.0
30.18,-12.772721509692053,-15.068306416003686,30.034586554708405,0.0
30.185000000000002,-12.886452936864897,-14.863243295671776,30.596193689617984,0.0
30.19,-12.984397489174453,-14.6209427351553,31.145980604196797,0.0
30.195,-13.06565738835519,-14.343757536525562,31.680342119359,0.0
30.2,-13.130384103812446,-14.03367096392335,32.195115097201764,0.0
30.205000000000002,-13.175690491647805,-13.68837144030607,32.68700134183204,0.0
30.21,-13.200787346603123,-13.31130062383985,33.15318847884989,0.0
30.215,-13.207623900379085,-12.904586488691052,33.58916231389759,0.0
30.22,-13.194107013259398,-12.47149542462405,33.99456220793021,0.0
30.225,-13.157443050461325,-12.013614073127666,34.36446554812873,0.0
30.23,-13.100772742840896,-11.535033577394561,34.696598484128096,0.0
30.235,-13.023391120356445,-11.038990717716844,34.99076908196991,0.0
30.240000000000002,-12.924021440170565,-10.52848835384751,35.24360972294787,0.0
30.245,-12.80341423867585,-10.007061463255578,35.453535958558795,0.0
30.25,-12.663449934957695,-9.478537578706753,35.62152835434851,0.0
30.255,-12.503861198192526,-8.9489726358956,35.74710337188347,0.0
30.26,-12.327016484707505,-8.419504475024713,35.829954807133014,0.0
30.265,-12.131754946712926,-7.893977230208612,35.87058871026788,0.0
30.27,-11.919573958569663,-7.376345707184539,35.87137765712313,0.0
30.275000000000002,-11.692601587725207,-6.870635778795304,35.832042702821944,0.0
30.28,-11.451065495150356,-6.378305095984121,35.756366409066445,0.0
30.285,-11.197231765914987,-5.903137673376431,35.64482286805284,0.0
30.29,-10.93179304100977,-5.4463610473577715,35.49892691352113,0.0
30.295,-10.657581498406152,-5.009248509201879,35.3231814717481,0.0
30.3,-10.374355590429582,-4.594433595460284,35.11849238010444,0.0
30.305,-10.08638653908691,-4.202010980988602,34.8885470610771,0.0
30.310000000000002,-9.792538924575053,-3.8322568582818635,34.63518791198477,0.0
30.315,-9.494499353751985,-3.4880478664249583,34.36090005367113,0.0
30.32,-9.193115014430507,-3.1685564534403783,34.06748934358767,0.0
30.325,-8.892162775771899,-2.8738570840090385,33.75785183503504,0.0
30.330000000000002,-8.59120634358313,-2.6030846352962946,33.43541112600918,0.0
30.335,-8.290653300099772,-2.3567740350471755,33.10227488506226,0.0
30.34,-7.993863144183408,-2.133478350481829,32.75834546279601,0.0
30.345,-7.701197365494034,-1.932156227551852,32.40604678206669,0.0
30.35,-7.413027011281853,-1.7524717851319322,32.048302155085935,0.0
30.355,-7.1294920981365975,-1.5935152868729292,31.686197247001836,0.0
30.36,-6.853807311013408,-1.4532101191870839,31.31963719937092,0.0
30.365000000000002,-6.584450737977425,-1.332274470416321,30.9504222864276,0.0
30.37,-6.320574038311049,-1.2273663315893566,30.581198016002435,0.0
30.375,-6.066053931294191,-1.1410405233571335,30.210779157081976,0.0
30.38,-5.819125882060365,-1.0682274358330897,29.840883602156378,0.0
30.385,-5.582564626407851,-1.0094760114222754,29.474286271248683,0.0
30.39,-5.353516241949869,-0.962565575432788,29.109965482716916,0.0
30.395,-5.132905930114182,-0.9277986468504318,28.746481010026546,0.0
30.400000000000002,-4.92304847613596,-0.9031521858887017,28.387217612873172,0.0
30.405,-4.722895597434723,-0.8903417650729499,28.03119068689351,0.0
30.41,-4.530425342141476,-0.8863217083244009,27.678507375185216,0.0
30.415,-4.348867686832859,-0.8891815500360574,27.3284749491558,0.0
30.42,-4.176577586272048,-0.9002446096500962,26.982669451472592,0.0
30.425,-4.0129835093022175,-0.916125261690619,26.64107256221347,0.0
30.43,-3.857102696190634,-0.9377939993607783,26.304187965584592,0.0
30.435000000000002,-3.7107220550867974,-0.9667591343770946,25.97184797349304,0.0
30.44,-3.5732041500474336,-1.0004132681154858,25.643561042388505,0.0
30.445,-3.4449536190804184,-1.037195622373795,25.319119979029733,0.0
30.45,-3.3248635297896802,-1.079537427655742,25.000802481384564,0.0
30.455000000000002,-3.2134062999392445,-1.1218598629765029,24.68534514790007,0.0
30.46,-3.1087547449215465,-1.1694916845817458,24.374170159622018,0.0
30.465,-3.011895229849651,-1.2200049330706249,24.066727625572454,0.0
30.47,-2.923366688754687,-1.2730404670862492,23.763422714888765,0.0
30.475,-2.840650219262302,-1.330472203981647,23.465624518042418,0.0
30.48,-2.7644692519077187,-1.3884372835283356,23.171251117190458,0.0
30.485,-2.6951798016510318,-1.4470386973713516,22.882505232300144,0.0
30.490000000000002,-2.6323903077410526,-1.508430715132557,22.598260461678798,0.0
30.495,-2.576065866659827,-1.5709425211914048,22.316843055946038,0.0
30.5,-2.5257294905711243,-1.636713679189871,22.039540789497856,0.0
30.505,-2.482113195711708,-1.7046789572315921,21.766116406351905,0.0
30.51,-2.44356520859978,-1.773597091831261,21.496200480238084,0.0
30.515,-2.4099187663693904,-1.8438463811473789,21.23135994761723,0.0
30.52,-2.382354632868285,-1.9172740351896107,20.970537694301317,0.0
30.525000000000002,-2.35860493712853,-1.9916354661753732,20.71287731812338,0.0
30.53,-2.3421136971111083,-2.0671287335499744,20.458621434988135,0.0
30.535,-2.328504716370444,-2.1446756118226817,20.210172745909244,0.0
30.54,-2.319469154363724,-2.225399267776461,19.964656446503486,0.0
30.545,-2.3140503026189627,-2.3065089409857302,19.72469346289594,0.0
30.55,-2.313655334824353,-2.3908320736020587,19.48898188620284,0.0
30.555,-2.3172756777732824,-2.4769914863249873,19.256588485746388,0.0
30.560000000000002,-2.326300701211705,-2.5658268770335955,19.029122974564775,0.0
30.565,-2.3376741579272458,-2.6582525366211924,18.805959967788734,0.0
30.57,-2.3549613202316384,-2.7520144904891297,18.587528251084,0.0
30.575,-2.3740353314285767,-2.8484129437793224,18.370719359346104,0.0
30.580000000000002,-2.3985042407017114,-2.9479980745801693,18.15894835291451,0.0
30.585,-2.4257125291451214,-3.052054930873827,17.952322489454627,0.0
30.59,-2.457707217366556,-3.1580874120224642,17.749178399737595,0.0
30.595,-2.4926834240413696,-3.2683809912636805,17.55045392401942,0.0
30.6,-2.5316196494470513,-3.382148463360973,17.356249824446273,0.0
30.605,-2.575291328697979,-3.4997495699703043,17.16906944254482,0.0
30.61,-2.621459399938059,-3.621853280179947,16.985107270963407,0.0
30.615000000000002,-2.6712922978458824,-3.748128076334415,16.80619422193035,0.0
30.62,-2.725666752723531,-3.8790418076118782,16.632396767033903,0.0
30.625,-2.7850587700096563,-4.013827149245375,16.463122042321597,0.0
30.63,-2.8462613299803676,-4.15454231890925,16.298974211613306,0.0
30.635,-2.9112112557314624,-4.299193126573217,16.14055963247831,0.0
30.64,-2.980361777007651,-4.450383829233367,15.98849938258767,0.0
30.645,-3.052746256517652,-4.606282186936473,15.842197951047043,0.0
30.650000000000002,-3.130919273190215,-4.76861655661004,15.701987950474997,-0.0
30.655,-3.212637538996685,-4.9380322397512435,15.567274183701544,-0.0
30.66,-3.300201014347115,-5.113455884381696,15.438272340673375,-0.0
30.665,-3.3908366010035893,-5.294328611339141,15.316446828904217,-0.0
30.67,-3.486072124006427,-5.480934997565682,15.202074555754987,-0.0
30.675,-3.5851790015964413,-5.67707178518668,15.094585017717877,-0.0
30.68,-3.6909015433777985,-5.880604927094938,14.994768366858823,-0.0
30.685000000000002,-3.800714535291834,-6.0898886816874525,14.90348860035872,-0.0
30.69,-3.9150867508533422,-6.308639117885994,14.821334991599434,-0.0
30.695,-4.034563992426515,-6.536142781873021,14.747091479445983,-0.0
30.7,-4.159636563142357,-6.771206719667117,14.681500027126999,-0.0
30.705000000000002,-4.2902429553515935,-7.01436103602594,14.62702934041342,-0.0
30.71,-4.425874275303923,-7.265207334635549,14.583286161156515,-0.0
30.715,-4.567379132437983,-7.526003155618597,14.549417202558889,-0.0
30.72,-4.7141714448974525,-7.795671801373631,14.527603202671235,-0.0
30.725,-4.8685927330641565,-8.073418650034554,14.517861421744355,-0.0
30.73,-5.029098897152231,-8.36269112969992,14.521192296476949,-0.0
30.735,-5.194673539130236,-8.659643005685096,14.537445565975986,-0.0
30.740000000000002,-5.367697547900769,-8.966151367234417,14.56726108706499,-0.0
30.745,-5.548188778497827,-9.281312165353912,14.613117657147189,-0.0
30.75,-5.7345199144081045,-9.60542337354965,14.675518872771239,-0.0
30.755,-5.9277573855768635,-9.93874120523503,14.755115901485047,-0.0
30.76,-6.12866736463937,-10.282125160316793,14.852267058985653,-0.0
30.765,-6.336503747480203,-10.633622352216536,14.969172787485984,-0.0
30.77,-6.5514954727286225,-10.993211905059704,15.106312480333072,-0.0
30.775000000000002,-6.774275594599145,-11.36149876866233,15.265801885680602,-0.0
30.78,-7.005395756237199,-11.735873136817732,15.446679618343314,-0.0
30.785,-7.241902878792643,-12.116099145512035,15.651199656599985,-0.0
30.79,-7.486749978226059,-12.50131117721949,15.881519876688413,-0.0
30.795,-7.73834897689871,-12.892804101601207,16.138231566276648,-0.0
30.8,-7.996506824680154,-13.288097905977942,16.421179629613597,-0.0
30.805,-8.260907191935221,-13.684882342115438,16.733658114192504,-0.0
30.810000000000002,-8.532349388005303,-14.082362644981645,17.076255435509307,-0.0
30.815,-8.810844393021002,-14.477352591596112,17.450262167266395,-0.0
30.82,-9.094362949734936,-14.87031011903875,17.85508759009507,-0.0
30.825,-9.384767108601718,-15.257187675311545,18.293168639963852,-0.0
30.830000000000002,-9.67898408070524,-15.637274513944543,18.765110466924295,-0.0
30.835,-9.977558142058829,-16.005532953231562,19.270888818479158,-0.0
30.84,-10.279237398251752,-16.361201728954498,19.813493311065052,-0.0
30.845000000000002,-10.582004820103897,-16.69982958065645,20.390694807308986,-0.0
30.85,-10.888118005701582,-17.01952599155184,21.000711288129413,-0.0
30.855,-11.195113507774893,-17.315890962394263,21.647599901918554,-0.0
30.86,-11.500995885043867,-17.583100307775123,22.327880006556335,-0.0
30.865000000000002,-11.806348985748052,-17.8217341522616,23.042080945117775,-0.0
30.87,-12.108051868495407,-18.02449203263709,23.787135495238388,-0.0
30.875,-12.404752646553527,-18.188935183207313,24.560302342240455,-0.0
30.88,-12.691952075915552,-18.311148905181987,25.36152797493436,-0.0
30.885,-12.973417254086645,-18.386083083964103,26.185634476254553,-0.0
30.89,-13.244362549852294,-18.412158291713105,27.029060596300347,-0.0
30.895,-13.50328341591678,-18.384947594804157,27.888018314036824,-0.0
30.900000000000002,-13.746560292812468,-18.3016861911254,28.757566383420514,-0.0
30.905,-13.974698626653742,-18.15722645987633,29.631805187199006,-0.0
30.91,-14.183458676719571,-17.953111823399826,30.505096308040642,-0.0
30.915,-14.37295960095547,-17.685503933888306,31.372052020384036,-0.0
30.92,-14.538749952984691,-17.35452037125569,32.22473108127525,-0.0
30.925,-14.678610065917681,-16.961198802547916,33.056819487268,-0.0
30.93,-14.792165183837701,-16.505229085215912,33.85958863280771,-0.0
30.935000000000002,-14.877818429082142,-15.989853731366189,34.62850278900488,-0.0
30.94,-14.933216173740526,-15.41703997074428,35.356106403222334,-0.0
30.945,-14.95588369840382,-14.790132828266325,36.03653153509505,-0.0
30.95,-14.946853052506874,-14.113533593809432,36.6618810426227,-0.0
30.955000000000002,-14.906029698810059,-13.3961536286524,37.227746937314826,-0.0
30.96,-14.83173677912764,-12.640834763669789,37.72999397072386,-0.0
30.965,-14.722634406532233,-11.856113498120875,38.16256705117123,-0.0
30.970000000000002,-14.578252614231019,-11.048383000081103,38.525792038160894,-0.0
30.975,-14.401655290420857,-10.226973500821801,38.81758100846987,-0.0
30.98,-14.191868941560577,-9.397066868621723,39.036940157837776,-0.0
30.985,-13.952674172470324,-8.566690531369776,39.18314381944015,-0.0
30.990000000000002,-13.68266158081164,-7.743741633429374,39.258892839458845,-0.0
30.995,-13.386298205378989,-6.935127756478886,39.26401155319552,-0.0
31.0,-13.064411038480632,-6.146727299628592,39.20445793651427,-0.0
31.005,-12.71895783890599,-5.384077847889735,39.08333893608822,-0.0
31.01,-12.353436652252167,-4.652058052174486,38.904375464733775,-0.0
31.015,-11.968447007388967,-3.955655975942004,38.672323009167656,-0.0
31.02,-11.568300789543747,-3.2971112277079317,38.39488338885781,-0.0
31.025000000000002,-11.15559283504948,-2.677802680098535,38.072331148234696,-0.0
31.03,-10.732457392496414,-2.1036007917355164,37.712893919418676,-0.0
31.035,-10.300196764866557,-1.571013473452067,37.32320977088153,-0.0
31.04,-9.864736558005962,-1.0835615903741591,36.90688254548972,-0.0
31.045,-9.425533844998844,-0.6388683952621563,36.46797712463149,-0.0
31.05,-8.987356799281216,-0.23716985163333953,36.01185781955739,-0.0
31.055,-8.550136346540377,0.12445818857727364,35.541667842106826,-0.0
31.060000000000002,-8.115248946263613,0.4467265312406462,35.062073865676744,-0.0
31.065,-7.685542429870751,0.730103679466234,34.57662995647847,-0.0
31.07,-7.26432402627224,0.9793547217813073,34.0879361072255,-0.0
31.075,-6.852079818795506,1.1959834360378938,33.5974610998964,-0.0
31.080000000000002,-6.450044134318612,1.3815017087483303,33.10780547306629,-0.0
31.085,-6.059546103336622,1.5382317397581808,32.62156494012316,-0.0
31.09,-5.678623556659508,1.6699192167742714,32.13952083935596,-0.0
31.095000000000002,-5.31208135742261,1.778838261439351,31.664216835479436,-0.0
31.1,-4.958371010573217,1.8669631663000716,31.194975444272433,-0.0
31.105,-4.617013461828518,1.9364584547036672,30.733774179238427,-0.0
31.11,-4.289488779478404,1.9898317137278345,30.27982841620735,-0.0
31.115000000000002,-3.975899840210003,2.028428038345972,29.835594595029242,-0.0
31.12,-3.6761759821064475,2.0540378502585703,29.398186318844417,-0.0
31.125,-3.390710519670064,2.0695583080348814,28.96792627755668,-0.0
31.13,-3.1172682540627923,2.075864146885532,28.54649326389336,-0.0
31.135,-2.857775680745475,2.0734649867990176,28.134422606946426,-0.0
31.14,-2.611256843532882,2.0648957028030432,27.729925108083425,-0.0
31.145,-2.376938287453812,2.0520326878138455,27.332157366075887,-0.0
31.150000000000002,-2.154726789520995,2.0349598661842676,26.943176407317775,-0.0
31.155,-1.946098355830719,2.012080388852194,26.562562716144264,-0.0
31.16,-1.7484290647742964,1.9881164474524347,26.189171541534925,-0.0
31.165,-1.5616885564430034,1.9628333039473305,25.823200726299635,-0.0
31.17,-1.3842995439317,1.9362011397001369,25.462982553971145,-0.0
31.175,-1.2203006581917044,1.9095769141737928,25.110089940153266,-0.0
31.18,-1.0645119623874268,1.8814612511244921,24.763412681262952,-0.0
31.185000000000002,-0.9172362840284799,1.8547647027797238,24.42228204344905,-0.0
31.19,-0.7792558676344253,1.829336228545006,24.08775549550591,-0.0
31.195,-0.6483441973952622,1.8049498925680796,23.76011209577394,-0.0
31.2,-0.5245641634462587,1.7819597700780103,23.43776978894547,-0.0
31.205000000000002,-0.4089535272317365,1.7613903011417877,23.119698507235153,-0.0
31.21,-0.300733852301085,1.7430118370674976,22.807240274012972,-0.0
31.215,-0.19866542520566494,1.7265477586846356,22.50139111926507,-0.0
31.220000000000002,-0.10325190623608133,1.7134837114075043,22.20009049318403,-0.0
31.225,-0.01191833972765452,1.7030728705634604,21.90301556946614,-0.0
31.23,0.07468709416239432,1.6949616183328766,21.60992793191876,-0.0
31.235,0.1559367831256,1.6892877181733872,21.322741517130126,-0.0
31.240000000000002,0.23324439883543496,1.6855320754312384,21.039668153215647,-0.0
31.245,0.30769347306913314,1.6859232436454317,20.76254034913902,-0.0
31.25,0.37672434323198967,1.6880962903296928,20.49042713708301,-0.0
31.255,0.442683004912923,1.693671648949481,20.219685610991828,-0.0
31.26,0.5038621233461527,1.7031614882572246,19.953411826015433,-0.0
31.265,0.5637213033617932,1.7151316220916577,19.69118688387305,-0.0
31.27,0.6208639159938178,1.7303084771280273,19.433687221883968,-0.0
31.275000000000002,0.6762575984689151,1.748295931261333,19.180820312641497,-0.0
31.28,0.7300979513848784,1.7696835943020666,18.9306970104092,-0.0
31.285,0.7820484597545486,1.793554964236648,18.685381185107715,-0.0
31.29,0.8334449503881005,1.8205008037112,18.443096572028924,-0.0
31.295,0.8816457570374987,1.851776682274305,18.20493690388971,-0.0
31.3,0.9297740179794285,1.8842816767438575,17.971234693975916,-0.0
31.305,0.9783457324803756,1.922737686865895,17.740230048557343,-0.0
31.310000000000002,1.025155981672186,1.9628969628346067,17.513448804291674,-0.0
31.315,1.0729347247078305,2.0081948710168063,17.29056478891989,-0.0
31.32,1.118631364341608,2.0555212485419685,17.069651643665193,-0.0
31.325,1.1649715791120998,2.1052727494923222,16.85329079503535,-0.0
31.330000000000002,1.212053178083864,2.159429251124734,16.640536965158798,-0.0
31.335,1.2597922970530988,2.2170787913526744,16.43052233791904,-0.0
31.34,1.3070052294881076,2.2802399481745534,16.22587847645424,-0.0
31.345000000000002,1.355573217336783,2.344643830375318,16.0244332758005,-0.0
31.35,1.4051482630839336,2.415048277948569,15.826923073546343,-0.0
31.355,1.455395668010306,2.490541278627202,15.632774313246419,-0.0
31.36,1.5071561140157903,2.567745009944653,15.441232323020657,-0.0
31.365000000000002,1.5608177093431306,2.649713291187002,15.25475493530771,-0.0
31.37,1.6155769431223428,2.7354686369374104,15.0709885369081,-0.0
31.375,1.6710539776103903,2.825764818772786,14.891904222575706,-0.0
31.38,1.7279253032094077,2.920723116706486,14.715902846034075,-0.0
31.385,1.7870744120155246,3.021272020787185,14.544925267254367,-0.0
31.39,1.8479976535324052,3.1266068966588296,14.379007563368011,-0.0
31.395,1.9118540983626648,3.2376053822241877,14.216144707197234,-0.0
31.400000000000002,1.9790695787231696,3.3525079447261583,14.057657632297389,-0.0
31.405,2.0464665039827117,3.4732022948999814,13.903367870200093,-0.0
31.41,2.1170231949675316,3.599956842365482,13.753658320944504,-0.0
31.415,2.1901805535885024,3.732611743214307,13.60780247665855,-0.0
31.42,2.2661185332622993,3.870831549670372,13.466612147089567,-0.0
31.425,2.3454460182823498,4.016267169509991,13.331200446732357,-0.0
31.43,2.428448564230932,4.169674121395877,13.199233626078852,-0.0
31.435000000000002,2.516439559125181,4.327789249470287,13.072493222984747,-0.0
31.44,2.607020240226621,4.494413182201584,12.95389606659252,-0.0
31.445,2.701550607759035,4.667263946961466,12.839108196707153,-0.0
31.45,2.801049401155023,4.848741841634955,12.72954282201546,-0.0
31.455000000000002,2.902292013882427,5.038470804761989,12.626324896411644,-0.0
31.46,3.009389673962066,5.235413510941454,12.53103473912949,-0.0
31.465,3.121555385487893,5.4412289585084865,12.441685329485885,-0.0
31.470000000000002,3.2370344508501567,5.656911784827473,12.361413252563626,-0.0
31.475,3.3584326235278694,5.882104349992122,12.287841559763265,-0.0
31.48,3.4842282984426185,6.11620727979452,12.222427807967266,-0.0
31.485,3.6147386727821265,6.36093076871795,12.166428059955456,-0.0
31.490000000000002,3.7523434662320194,6.615642121009861,12.117826616006374,-0.0
31.495,3.894612867608576,6.879962036092328,12.079530607652389,-0.0
31.5,4.0431554707645185,7.1546989779200585,12.052133857876276,-0.0
31.505,4.199221889865036,7.442565613350493,12.036556041184964,-0.0
31.51,4.361575234122592,7.738980323521164,12.031876422366826,-0.0
31.515,4.5304743687458595,8.049125415491421,12.039132027389265,-0.0
31.52,4.70756469689268,8.370109456681453,12.060624076784093,-0.0
31.525000000000002,4.891593996114412,8.703563094723634,12.09749801161757,-0.0
31.53,5.082333537415596,9.049543449412447,12.149263141942228,-0.0
31.535,5.281111755414836,9.406682929623193,12.216982863530816,-0.0
31.54,5.487675514162875,9.776659929568197,12.302273509315299,-0.0
31.545,5.70234097093719,10.156875354460631,12.406750447694751,-0.0
31.55,5.925857281590261,10.55034976915641,12.53137337993024,-0.0
31.555,6.157162402846157,10.95634407991509,12.676845453590698,-0.0
31.560000000000002,6.396934700151205,11.374010352645698,12.845457863720432,-0.0
31.565,6.6466380975519295,11.80114776046502,13.038463191170372,-0.0
31.57,6.903547012669912,12.239258989118786,13.256115681545573,-0.0
31.575,7.170011412528558,12.687628174539762,13.501580261147867,-0.0
31.580000000000002,7.446369874968207,13.145185986936875,13.776755170969821,-0.0
31.585,7.730852342927667,13.609039338488717,14.082439031888326,-0.0
31.59,8.025288522031333,14.078626581897849,14.420981323789723,-0.0
31.595000000000002,8.328236279360375,14.55374306675125,14.794709457097408,-0.0
31.6,8.639426386182102,15.030688241921506,15.203739021903957,-0.0
31.605,8.960491733707846,15.507772295979432,15.650205718864662,-0.0
31.61,9.28832938792795,15.985218200113588,16.13531008111243,-0.0
31.615000000000002,9.621655920621501,16.456321516074564,16.661354615016094,-0.0
31.62,9.963699569345376,16.919585352574938,17.23057030786736,-0.0
31.625,10.310981045865587,17.371692937956265,17.843544009527335,-0.0
31.63,10.664276177479353,17.807689779698993,18.501787666419666,-0.0
31.635,11.022159090013481,18.224463786205106,19.20314467329481,-0.0
31.64,11.382125939474097,18.618686031506773,19.9521455804668,-0.0
31.645,11.745395212455142,18.984052103125215,20.744164270926795,-0.0
31.650000000000002,12.107637398457715,19.315137919977897,21.580797539386058,-0.0
31.655,12.46701200468578,19.607386848438594,22.46122163159919,-0.0
31.66,12.824621728581034,19.854263779347004,23.384453743653857,-0.0
31.665,13.177601379738801,20.051298736992507,24.34537259015987,-0.0
31.67,13.522792810769229,20.191044858464483,25.342468367726315,-0.0
31.675,13.857786035672524,20.270666131209452,26.37010240738661,-0.0
31.68,14.179629653169417,20.28286086265563,27.423443330853043,-0.0
31.685000000000002,14.484215683185411,20.221451200356547,28.49437464728932,-0.0
31.69,14.77138613960272,20.083712813014056,29.57868522747353,-0.0
31.695,15.036824363468552,19.86651744411756,30.666716387307098,-0.0
31.7,15.277421471656476,19.567510670580333,31.75110659397125,-0.0
31.705000000000002,15.492015607934261,19.18326843874367,32.82234132559417,-0.0
31.71,15.675939334277235,18.71366887656326,33.870553229766976,-0.0
31.715,15.827884334847772,18.160107411838215,34.884719343766825,-0.0
31.720000000000002,15.943799715553501,17.52429495034103,35.857006623643194,-0.0
31.725,16.021603163863585,16.81017876682215,36.77578066378975,-0.0
31.73,16.061709948488545,16.021909574751394,37.631369989763584,-0.0
31.735,16.059884441417246,15.16923304199793,38.415832019184755,-0.0
31.740000000000002,16.016090803678434,14.257138710208652,39.122024977726895,-0.0
31.745,15.92734272723704,13.294114332296537,39.742249919448824,-0.0
31.75,15.794908526631465,12.290960156028946,40.27047629817064,-0.0
31.755,15.620408944583772,11.260730449415325,40.702881960994254,-0.0
31.76,15.401617063048434,10.213428259883077,41.041211546182375,-0.0
31.765,15.141642978595666,9.15645516183184,41.280876724065706,-0.0
31.77,14.843279475298225,8.105967653971787,41.42430851258765,-0.0
31.775000000000002,14.506221430852273,7.0685580801382955,41.47356074569499,-0.0
31.78,14.133374793775918,6.055188618111323,41.433051191752575,-0.0
31.785,13.729431580691436,5.075211968545523,41.310047527164535,-0.0
31.79,13.297124488869278,4.136379858704386,41.107514309471355,-0.0
31.795,12.839791486377283,3.243626165913494,40.833864056224556,-0.0
31.8,12.361627520671155,2.40377423786915,40.49795827579877,-0.0
31.805,11.863760950027423,1.6190633697903132,40.10672200327567,-0.0
31.810000000000002,11.352001902422964,0.8933892472676491,39.66841462807088,-0.0
31.815,10.827381809852474,0.227966339313593,39.1902661311859,-0.0
31.82,10.297338629802384,-0.3800501490364169,38.679962637369584,-0.0
31.825,9.763181042738967,-0.92732208774558,38.145012952293804,-0.0
31.830000000000002,9.22908362790685,-1.4188162729226048,37.58953210031669,-0.0
31.835,8.696633155133442,-1.8539716629772907,37.02383732374534,-0.0
31.84,8.168127329431776,-2.23721750890471,36.44868372382444,-0.0
31.845000000000002,7.648244982764892,-2.5717158976965098,35.87192445409236,-0.0
31.85,7.137348813091916,-2.8596931942836643,35.29567721455941,-0.0
31.855,6.6382434996802955,-3.1037631696480363,34.72133157584187,-0.0
31.86,6.15203478004863,-3.3110341405170582,34.15457343555247,-0.0
31.865000000000002,5.678998291411514,-3.483201329380978,33.59800851180021,-0.0
31.87,5.221356588968435,-3.6249134892289527,33.05118267662112,-0.0
31.875,4.779127761783009,-3.740261520596123,32.51438849962968,-0.0
31.88,4.353695050811824,-3.8295455237777065,31.991531267764902,-0.0
31.885,3.944248757166251,-3.897326098600778,31.482334994685598,-0.0
31.89,3.5515821905819203,-3.9458912454563997,30.983645906573457,-0.0
31.895,3.1768031094821363,-3.9797570709725045,30.500380802759434,-0.0
31.900000000000002,2.8182446549961098,-3.9997420416377896,30.029983805274643,-0.0
31.905,2.4771249437684992,-4.007819343435486,29.573645358711588,-0.0
31.91,2.1519675956260316,-4.008248219559353,29.131061676719153,-0.0
31.915,1.8424703044995545,-3.998911459922926,28.698910107849002,-0.0
31.92,1.5517485011923713,-3.9853754544112987,28.279791479923087,-0.0
31.925,1.2744160479394602,-3.9675696268565357,27.8717137551729,-0.0
31.93,1.0120903214778938,-3.9469613315519463,27.47573363288664,-0.0
31.935000000000002,0.7640472764426579,-3.923737072250837,27.08881867667104,-0.0
31.94,0.5289351561331448,-3.8998712230123616,26.711909791879553,-0.0
31.945,0.30876265436363803,-3.8768483499075606,26.344830142789476,-0.0
31.95,0.1000012171449183,-3.8549432692308336,25.988432591289303,-0.0
31.955000000000002,-0.09842151044578173,-3.834664977347698,25.63993774093739,-0.0
31.96,-0.28538683640726425,-3.816547949774032,25.298126509701394,-0.0
31.965,-0.46184832873515574,-3.801645467589183,24.965160623250696,-0.0
31.970000000000002,-0.6282861037319537,-3.789183230008315,24.6398274855866,-0.0
31.975,-0.7867724325601808,-3.781161223918902,24.323784834038133,-0.0
31.98,-0.9372690174958543,-3.7775037552420203,24.014678215829992,-0.0
31.985,-1.0787488082607155,-3.7771456616339263,23.712226225268555,-0.0
31.990000000000002,-1.2138917660054938,-3.782607952345905,23.415488924013673,-0.0
31.995,-1.341725753144103,-3.7910515716297453,23.127224771964308,-0.0
32.0,-1.4632520711217054,-3.807009323234745,22.8425801998292,-0.0
32.005,-1.580113431091486,-3.8252936699202755,22.565973786022884,-0.0
32.01,-1.6908065345922072,-3.849796446141378,22.29503712321485,-0.0
32.015,-1.799694239784745,-3.8794428056041075,22.028984250813842,-0.0
32.02,-1.902536005800157,-3.912843461233458,21.76966559299655,-0.0
32.025,-2.003450738997987,-3.9532812139990847,21.5161911198112,-0.0
32.03,-2.1001325426742348,-3.998652748593312,21.268169685592245,-0.0
32.035000000000004,-2.1940503054899057,-4.048940731369335,21.026335068379964,-0.0
32.04,-2.287457958455851,-4.1053950489206565,20.790807060289936,-0.0
32.045,-2.3784560528466447,-4.168290024841126,20.561416027286107,-0.0
32.05,-2.4683551695427837,-4.236113571414783,20.337091071788077,-0.0
32.055,-2.5568545718132416,-4.309792217134395,20.11791733651375,-0.0
32.06,-2.644021852922507,-4.38941019218286,19.905040176758398,-0.0
32.065,-2.730788465341208,-4.475440442556331,19.698757982537906,-0.0
32.07,-2.817924653383908,-4.565463035963386,19.496169690950854,-0.0
32.075,-2.904706416936932,-4.663271786346721,19.300302770520034,-0.0
32.08,-2.9922907619615913,-4.767481139834591,19.110062945386538,-0.0
32.085,-3.08053689829671,-4.876119580217654,18.926373451836184,-0.0
32.09,-3.170602302281804,-4.9904446205709725,18.74966728294635,-0.0
32.095,-3.262836992525431,-5.111243252506832,18.57817065702696,-0.0
32.1,-3.3541059634836787,-5.238477690057358,18.413939992524426,-0.0
32.105000000000004,-3.4485895184724877,-5.374126394663527,18.25602318953358,-0.0
32.11,-3.5450326021999046,-5.516267576946809,18.106265612415363,-0.0
32.115,-3.6431982208840767,-5.665021692182074,17.961102627390698,-0.0
32.12,-3.7434020717936924,-5.819126042516592,17.825765621822523,-0.0
32.125,-3.8469249250140733,-5.981309238959823,17.69725604200344,-0.0
32.13,-3.9527365335756253,-6.148819883878963,17.576579465960055,-0.0
32.135,-4.061208860818223,-6.324356714748319,17.463203254483155,-0.0
32.14,-4.174155577355538,-6.506591000045519,17.357534436919934,-0.0
32.145,-4.290540174011822,-6.6965656272962875,17.263018929115375,-0.0
32.15,-4.411585920600574,-6.8930867216300555,17.176266942350363,-0.0
32.155,-4.534821275959519,-7.096942285902918,17.10037760920695,-0.0
32.160000000000004,-4.662866534549905,-7.308887077087911,17.032563555500776,-0.0
32.165,-4.795369611182902,-7.528236243679937,16.97485470090144,-0.0
32.17,-4.93158669856792,-7.754947315000285,16.928569468418296,-0.0
32.175,-5.0735153711643335,-7.987945649153952,16.89452169660582,-0.0
32.18,-5.2186001875915915,-8.230070832327476,16.871768298209247,-0.0
32.185,-5.370243132139706,-8.47719997475261,16.861897708802914,-0.0
32.19,-5.525231281939878,-8.73369676373449,16.86430364183225,-0.0
32.195,-5.685638990066258,-8.997777434393814,16.8810554895926,-0.0
32.2,-5.851313102791795,-9.268457457716794,16.911943492997963,-0.0
32.205,-6.022613457529351,-9.547324155936966,16.95715633080138,-0.0
32.21,-6.198415467606988,-9.831574882691044,17.01787968405927,-0.0
32.215,-6.380926149320983,-10.121214078871187,17.09653617086728,-0.0
32.22,-6.567998520628731,-10.417987567903014,17.19301252190263,-0.0
32.225,-6.76110366327701,-10.72133997515042,17.305609352498468,-0.0
32.230000000000004,-6.959068603192863,-11.02879740804167,17.437106189541197,-0.0
32.235,-7.162125082725041,-11.3397962135223,17.589412960441294,-0.0
32.24,-7.370747332227062,-11.656391149698482,17.760873071966838,-0.0
32.245,-7.584704365866261,-11.974571845474122,17.953370244856607,-0.0
32.25,-7.803635941909547,-12.296343482632313,18.16807256295371,-0.0
32.255,-8.02768636303361,-12.618978892261486,18.405558400174723,-0.0
32.26,-8.257291597093447,-12.941513853516268,18.666698994132002,-0.0
32.265,-8.49225283655768,-13.262453935110667,18.952785043594552,-0.0
32.27,-8.730810515901224,-13.580541735677315,19.263382436734137,-0.0
32.275,-8.973235097902979,-13.894338245753186,19.600857956890746,-0.0
32.28,-9.218858735017456,-14.19989015340836,19.963733703130014,-0.0
32.285000000000004,-9.467761619291469,-14.49922144740224,20.351616216286015,-0.0
32.29,-9.719419018875387,-14.78969501238843,20.766831655715425,-0.0
32.295,-9.97390794835267,-15.066991310208612,21.208837446130293,-0.0
32.3,-10.227796595574807,-15.33003781989249,21.679546495351797,-0.0
32.305,-10.483722641244652,-15.57685414255399,22.174649584818628,-0.0
32.31,-10.73706974499085,-15.8037192695774,22.696425323835054,-0.0
32.315,-10.991564685897304,-16.009589425107134,23.241667841467024,-0.0
32.32,-11.244091903766385,-16.18982816995715,23.81125552988273,-0.0
32.325,-11.489864200577893,-16.344778656728135,24.404843386006732,-0.0
32.33,-11.732167595277595,-16.46892883852694,25.017839088266882,-0.0
32.335,-11.968421229786841,-16.561929154329015,25.650691664418545,-0.0
32.34,-12.197535775824692,-16.61779323343656,26.298467934917408,-0.0
32.345,-12.418782753647182,-16.638255866136767,26.961556986007924,-0.0
32.35,-12.630227021676076,-16.61919374792391,27.634294329506666,-0.0
32.355000000000004,-12.82990458953905,-16.559099215761186,28.316093592285814,-0.0
32.36,-13.017541011749683,-16.455729750980087,29.00231276752342,-0.0
32.365,-13.188833726299096,-16.308096568649418,29.686185610609428,-0.0
32.37,-13.344151720063739,-16.11633950939034,30.365311674191435,-0.0
32.375,-13.483618319768263,-15.877443859371295,31.035577435566484,-0.0
32.38,-13.60350329958311,-15.59250780609511,31.69200536621544,-0.0
32.385,-13.703158897524403,-15.262414993205262,32.329778260596946,-0.0
32.39,-13.781813803502729,-14.889340835072385,32.94480867407279,-0.0
32.395,-13.836547407117216,-14.474687396814568,33.53021514110691,-0.0
32.4,-13.86871667361962,-14.019721703150184,34.08355074693273,-0.0
32.405,-13.875807672803198,-13.528368591817724,34.60171624225664,-0.0
32.410000000000004,-13.857535344343043,-13.002409033630109,35.078099829038905,-0.0
32.415,-13.814428173573763,-12.446473726531547,35.51025927330569,-0.0
32.42,-13.74646458125456,-11.8659416356065,35.89549205486197,-0.0
32.425,-13.651752116781735,-11.264103354952109,36.23239066075595,-0.0
32.43,-13.531450606740558,-10.64508327000592,36.51791014049989,-0.0
32.435,-13.38612325302453,-10.01579182109079,36.751990024161515,-0.0
32.44,-13.218145031080445,-9.379052455774573,36.93240896465967,-0.0
32.445,-13.02738128023222,-8.741472524273158,37.05990699012683,-0.0
32.45,-12.813374313340093,-8.108833026181586,37.13534982108258,-0.0
32.455,-12.579625796638387,-7.483191519298675,37.16013100813307,-0.0
32.46,-12.325178591095542,-6.869572124104619,37.134950775038625,-0.0
32.465,-12.052511633767919,-6.272627003742733,37.061877654964235,-0.0
32.47,-11.763938977574735,-5.695026893606558,36.94613628786338,-0.0
32.475,-11.46164626226659,-5.140477048373451,36.78913136448446,-0.0
32.480000000000004,-11.144588069893928,-4.612016596213939,36.5927136896991,-0.0
32.485,-10.818466086891236,-4.110073228984933,36.36153937555704,-0.0
32.49,-10.483465958050129,-3.636883903471784,36.099213900164166,-0.0
32.495,-10.141710669900906,-3.1949938408745946,35.80912835187734,-0.0
32.5,-9.794888403252848,-2.782765786361172,35.49460273133036,-0.0
32.505,-9.44354670587507,-2.4013210634547395,35.15707332815008,-0.0
32.51,-9.09090672709599,-2.0514601006474895,34.80146464960457,-0.0
32.515,-8.73914377126284,-1.7329313527139065,34.43097720185629,-0.0
32.52,-8.38786626057955,-1.443552444671892,34.047524738014026,-0.0
32.525,-8.041468368372849,-1.1832325296950963,33.6545777744339,-0.0
32.53,-7.697472863677878,-0.9501394347551281,33.253798192932734,-0.0
32.535000000000004,-7.359664693161956,-0.7430441252849107,32.84664985049222,-0.0
32.54,-7.0294612438426665,-0.5616189916598258,32.43600124367355,-0.0
32.545,-6.705201805148439,-0.40322796420192314,32.02416640568394,-0.0
32.55,-6.38999855338727,-0.26680545178547455,31.61042748950189,-0.0
32.555,-6.083288001734758,-0.1503616790782753,31.19773175493222,-0.0
32.56,-5.786903234403056,-0.05205499354169432,30.78590189828942,-0.0
32.565,-5.5010350341650724,0.029875853883932685,30.376854779110154,-0.0
32.57,-5.225536797024963,0.09560407115518402,29.971290784396178,-0.0
32.575,-4.959045556266901,0.1466127653555597,29.569167450733246,-0.0
32.58,-4.703404830453993,0.184958336620493,29.171978850393465,-0.0
32.585,-4.45885282854582,0.2113122424617896,28.77941714064488,-0.0
32.59,-4.226040340402267,0.2269972998844654,28.391024319159825,-0.0
32.595,-4.0039626414570435,0.23486136868866034,28.009358916748493,-0.0
32.6,-3.792332065670464,0.2344488297333531,27.631461043341453,-0.0
32.605000000000004,-3.5914022791112057,0.22658610399712073,27.258444805160416,-0.0
32.61,-3.4005932009045323,0.21126986954027485,26.890712103138686,-0.0
32.615,-3.2193749790974984,0.19142454698529868,26.528463663707885,-0.0
32.62,-3.047917759941905,0.16587773413549758,26.171199450253994,-0.0
32.625,-2.8871962025150015,0.13738588652153788,25.81875467312879,-0.0
32.63,-2.7346502247063533,0.10463062963771427,25.472719930448047,-0.0
32.635,-2.5934675811833268,0.06858175063766472,25.130622571708347,-0.0
32.64,-2.4590360162203244,0.030849136338433884,24.793903321040606,-0.0
32.645,-2.334818822442325,-0.009747193124566254,24.463512374072838,-0.0
32.65,-2.218665268317052,-0.0511775126769536,24.138333410913997,-0.0
32.655,-2.1098426200194824,-0.09347488761314102,23.817373240339606,-0.0
32.660000000000004,-2.008976569901612,-0.13748845219824163,23.500745986167058,-0.0
32.665,-1.914938009918665,-0.18138161346193116,23.188570879256606,-0.0
32.67,-1.828482665761505,-0.22676424930617012,22.88098863264675,-0.0
32.675,-1.748267993958163,-0.2723865614529254,22.578094644011635,-0.0
32.68,-1.6742865861438085,-0.31965899732676445,22.27981021120678,-0.0
32.685,-1.6065876760698077,-0.3663146655772922,21.98535537947984,-0.0
32.69,-1.5444003648166407,-0.4122156238774084,21.695251855725274,-0.0
32.695,-1.487921154466755,-0.45977089449162883,21.408579584819126,-0.0
32.7,-1.4355927774369215,-0.5067658471598623,21.12714562415798,-0.0
32.705,-1.389932264909067,-0.5529178990080067,20.849539656690844,-0.0
32.71,-1.3486271824028853,-0.5975255436370178,20.57416951945495,-0.0
32.715,-1.3113449886424782,-0.6441379572552376,20.30374733259255,-0.0
32.72,-1.2778443324983026,-0.6910722809109195,20.03723152257985,-0.0
32.725,-1.248557243459839,-0.7374684528854787,19.77522371303923,-0.0
32.730000000000004,-1.221927115401168,-0.7865387425667276,19.517008436416315,-0.0
32.735,-1.199853161413378,-0.8343400614861507,19.262057784386148,-0.0
32.74,-1.1808982113024624,-0.8826980731021464,19.010516703718025,-0.0
32.745,-1.1664543321723246,-0.9303804124276097,18.761585611240353,-0.0
32.75,-1.154281026388138,-0.9801035747840013,18.516760298833777,-0.0
32.755,-1.1464198429658798,-1.0310864416056735,18.27556992559067,-0.0
32.76,-1.141106359534731,-1.0811595098835687,18.03811861989494,-0.0
32.765,-1.1390173616814603,-1.130730329011624,17.80382898011813,-0.0
32.77,-1.1386122372094485,-1.1831243283334727,17.57315765394117,-0.0
32.775,-1.139597729534711,-1.2370328590405093,17.344588340091914,-0.0
32.78,-1.1445445987635379,-1.2922153696288634,17.120800865491553,-0.0
32.785000000000004,-1.1519824010847033,-1.3476524709974746,16.900891928118824,-0.0
32.79,-1.1610684100311803,-1.406108862608681,16.682852326775677,-0.0
32.795,-1.1728751827618489,-1.4659157007651724,16.467411052910215,-0.0
32.8,-1.1884122872533103,-1.526613815286409,16.256042496786566,-0.0
32.805,-1.2049035223814673,-1.5893417883757586,16.048767625461654,-0.0
32.81,-1.2244400028477427,-1.6533394067328744,15.845109502860907,-0.0
32.815,-1.2453716495623766,-1.7190195001756028,15.64274522411534,-0.0
32.82,-1.2692732147342785,-1.7881063057727238,15.444227459967623,-0.0
32.825,-1.2951082835941765,-1.8607564775662266,15.249129014060825,-0.0
32.83,-1.3238301791910865,-1.9344487370049832,15.05832188501341,-0.0
32.835,-1.3551203624400339,-2.0110390207780267,14.869265020985853,-0.0
32.84,-1.3877755714823896,-2.090520770752222,14.686131562817053,-0.0
32.845,-1.4217752841972209,-2.172897157844438,14.50358942556709,-0.0
32.85,-1.460501292196416,-2.25752096787652,14.326749956767525,-0.0
32.855000000000004,-1.500555527021184,-2.3455080186702997,14.151239694577976,-0.0
32.86,-1.5423505917507156,-2.4376636982709257,13.979933700728584,-0.0
32.865,-1.586817307816217,-2.535268065214414,13.812698114411628,-0.0
32.87,-1.6353526408071355,-2.6367475079117804,13.648843446456882,-0.0
32.875,-1.6851665224346282,-2.7412446875696577,13.488196234878103,-0.0
32.88,-1.7378597063778485,-2.849688857263203,13.332461510761092,-0.0
32.885,-1.7939287083145394,-2.9611515651894655,13.178732658355539,-0.0
32.89,-1.8516687248678871,-3.0785872241058048,13.029100060118479,-0.0
32.895,-1.9126647930533793,-3.201381172732114,12.883040176186167,-0.0
32.9,-1.9762218913805731,-3.3300350901499365,12.741958679057056,-0.0
32.905,-2.0445338127750134,-3.463726180545665,12.603855851185603,-0.0
32.910000000000004,-2.115720195885153,-3.6034020528421253,12.471233342555488,-0.0
32.915,-2.1903440120048376,-3.749832973189953,12.342736620656305,-0.0
32.92,-2.2681364166600906,-3.9025803594003308,12.22103583074573,-0.0
32.925,-2.351090140937069,-4.06112411405362,12.101745624448327,-0.0
32.93,-2.4374044352473687,-4.228002551254774,11.98752241553271,-0.0
32.935,-2.527520966190163,-4.401517183571307,11.877788534987939,-0.0
32.94,-2.621279350391919,-4.582565046372338,11.774383506414317,-0.0
32.945,-2.719235554817014,-4.772441072188561,11.677838366711512,-0.0
32.95,-2.822007975661734,-4.970883558342295,11.587186957146265,-0.0
32.955,-2.9293920290845006,-5.178000072854545,11.502428993554513,-0.0
32.96,-3.04218222273837,-5.392977345449895,11.423567530996928,-0.0
32.965,-3.159368740010996,-5.6183328188556505,11.354335922530922,-0.0
32.97,-3.282270005939106,-5.852789958191562,11.292910987318757,-0.0
32.975,-3.411069641068932,-6.097570364055507,11.238741195184508,-0.0
32.980000000000004,-3.544699903389833,-6.353418364803837,11.19368207287178,-0.0
32.985,-3.6853191592797727,-6.619524105135499,11.1575518779466,-0.0
32.99,-3.832637664244935,-6.897033833987438,11.129776511152613,-0.0
32.995,-3.986219404393765,-7.185308054565648,11.113439010474229,-0.0
33.0,-4.146826463034751,-7.485211992857242,11.108640968516704,-0.0
33.005,-4.312800304915291,-7.798466782887845,11.115258236793364,-0.0
33.01,-4.486122590593227,-8.123802678033968,11.13534916506074,-0.0
33.015,-4.667537423028773,-8.462142838606805,11.16932980058246,-0.0
33.02,-4.856665858425705,-8.811611210990831,11.217429847673156,-0.0
33.025,-5.0542708496414,-9.175014652498874,11.281009890631559,-0.0
33.03,-5.261499499107969,-9.552184301656414,11.362892262814555,-0.0
33.035000000000004,-5.476728214585814,-9.941189341683717,11.463956467363289,-0.0
33.04,-5.700620426466195,-10.344223618169625,11.584240447096578,-0.0
33.045,-5.933259998534405,-10.760708856513974,11.724606193348112,-0.0
33.05,-6.175408082976996,-11.189472533892118,11.888347108454314,-0.0
33.055,-6.424915085639711,-11.630614291335108,12.07635188794423,-0.0
33.06,-6.685692972008102,-12.084067531660247,12.288176878694369,-0.0
33.065,-6.954303568276152,-12.549161648038883,12.527291345235774,-0.0
33.07,-7.234361421337558,-13.023410029805744,12.795552725375416,-0.0
33.075,-7.523457588884978,-13.508763937489611,13.095490855302533,-0.0
33.08,-7.821479451243793,-14.00264629944735,13.427200080181793,-0.0
33.085,-8.129838784003677,-14.502712243930613,13.796318108098275,-0.0
33.09,-8.44846584385008,-15.007951112244491,14.201368458692798,-0.0
33.095,-8.776664361734754,-15.516328303695381,14.645417990111378,-0.0
33.1,-9.114358635954712,-16.024648134414722,15.130417457790076,-0.0
33.105000000000004,-9.459868831995879,-16.53148955426138,15.659462366578246,-0.0
33.11,-9.812895551964722,-17.031817810483343,16.232357860189172,-0.0
33.115,-10.173263990023724,-17.52403733442282,16.85180917148649,-0.0
33.12,-10.540456061191332,-18.00290971738327,17.51935610351847,-0.0
33.125,-10.913382998334232,-18.464865483735384,18.233594595259685,-0.0
33.13,-11.291806369032882,-18.904749496444744,18.998528227187766,-0.0
33.135,-11.673575215248617,-19.318426133240187,19.81282169256237,-0.0
33.14,-12.056370733534258,-19.69915098578717,20.67553565048054,-0.0
33.145,-12.438967271120985,-20.043792339296374,21.586977112347345,-0.0
33.15,-12.81966111887162,-20.342472880595412,22.54530817022789,-0.0
33.155,-13.19470573203932,-20.590069050844,23.548865636368404,-0.0
33.160000000000004,-13.565496589523475,-20.780270995709348,24.594255099125178,-0.0
33.165,-13.926214051287204,-20.90786520488034,25.6747850786641,-0.0
33.17,-14.275678301333198,-20.965424075862657,26.78699514344483,-0.0
33.175,-14.61031661424266,-20.946331185148065,27.927143289939774,-0.0
33.18,-14.926338905887427,-20.846135064523104,29.08537017762878,-0.0
33.185,-15.221071298220124,-20.661111916430606,30.253307067986736,-0.0
33.19,-15.492644067378151,-20.385610558584446,31.423900440030614,-0.0
33.195,-15.736960977917942,-20.018353480245523,32.58396700180167,-0.0
33.2,-15.951183095718331,-19.556842381409673,33.72573722518756,-0.0
33.205,-16.130639034521497,-19.00220683565125,34.83688057293668,-0.0
33.21,-16.27460343124094,-18.355567877979123,35.90613169949356,-0.0
33.215,-16.37815085882019,-17.619455727287093,36.92136963931021,-0.0
33.22,-16.441112758313903,-16.80161188295101,37.871570305427475,-0.0
33.225,-16.459913919987468,-15.905804804696935,38.74661283326511,-0.0
33.230000000000004,-16.431370685513947,-14.941513042603745,39.53862019943001,-0.0
33.235,-16.355186242921583,-13.918063921594667,40.239458992937834,-0.0
33.24,-16.234145135834858,-12.846752836352708,40.84071714890458,-0.0
33.245,-16.064477587558862,-11.739251140504907,41.33830828717174,-0.0
33.25,-15.847425717525118,-10.60848660232299,41.731139297414316,-0.0
33.255,-15.586528903585318,-9.467013356509964,42.01495743251244,-0.0
33.26,-15.27991758889015,-8.327422861388094,42.19257906341198,-0.0
33.265,-14.932556921949088,-7.201578512857386,42.26738395477156,-0.0
33.27,-14.54409864278696,-6.099577731054216,42.24028898191211,-0.0
33.275,-14.122093890850822,-5.033025592622196,42.120263812601834,-0.0
33.28,-13.668083158221757,-4.010251069637681,41.9132235919994,-0.0
33.285000000000004,-13.184283288945407,-3.0403203006849644,41.62879070051764,-0.0
33.29,-12.675996986668014,-2.127400010630369,41.274265696464894,-0.0
33.295,-12.147787344046911,-1.2747762486277256,40.85881163232886,-0.0
33.3,-11.604742153410287,-0.48835350559309654,40.39111654430123,-0.0
33.305,-11.049909383450139,0.23292656190429206,39.8796898284868,-0.0
33.31,-10.485594765031951,0.8875783498576343,39.33395637687014,-0.0
33.315,-9.91601316602447,1.4773260291630925,38.76213452205629,-0.0
33.32,-9.346220094061824,2.0030316485459436,38.17182059127221,-0.0
33.325,-8.778991104025659,2.4692530171412432,37.56941756374162,-0.0
33.33,-8.216155916721,2.8773858906831618,36.96028168613141,-0.0
33.335,-7.66110215854942,3.2310252127434915,36.34914406501023,-0.0
33.34,-7.117381931206497,3.5341417365590297,35.740423438846136,-0.0
33.345,-6.584544410624142,3.7915452967942938,35.13912488411507,-0.0
33.35,-6.0654629674816585,4.008079724086416,34.5450154833402,-0.0
33.355000000000004,-5.562873543556722,4.185421638854305,33.963231985338815,-0.0
33.36,-5.07673867218759,4.330517015435316,33.392867495508504,-0.0
33.365,-4.607532200452794,4.44555441083741,32.838400247862175,-0.0
33.37,-4.155553677833755,4.535221508049886,32.298075613265,-0.0
33.375,-3.720857868086994,4.601326919702243,31.772202278016085,-0.0
33.38,-3.305654793742184,4.649110229558898,31.26321522247675,-0.0
33.385,-2.9081502487011415,4.680287847059392,30.769980497508467,-0.0
33.39,-2.528836551041682,4.697053310766367,30.291074944765874,-0.0
33.395,-2.1675913791432215,4.701580619280689,29.828203282471634,-0.0
33.4,-1.8239764051444702,4.699248034463957,29.38078831244768,-0.0
33.405,-1.4978792835986627,4.6879262178680765,28.947073357604488,-0.0
33.410000000000004,-1.1887383050010865,4.672593793943596,28.52573087796155,-0.0
33.415,-0.8971498278878993,4.65297073532078,28.11869902446846,-0.0
33.42,-0.6199479820806668,4.630114700828872,27.723391547277124,-0.0
33.425,-0.3568351421252925,4.606958612663514,27.34032524990553,-0.0
33.43,-0.10802994289135653,4.5824687408500395,26.96657543152131,-0.0
33.435,0.1263432913683967,4.559137881606228,26.604574269596576,-0.0
33.44,0.3497413658855909,4.537653297322903,26.251569662502856,-0.0
33.445,0.5597280219345525,4.5183058458710805,25.90938751638248,-0.0
33.45,0.7581629701413299,4.50147700782469,25.576745501255406,-0.0
33.455,0.9451866012136012,4.487928791912694,25.252576675343338,-0.0
33.46,1.1215256841780457,4.478262405425975,24.93644438548828,-0.0
33.465,1.2885843220251836,4.47380874731268,24.628244859852558,-0.0
33.47,1.4472481618083695,4.473452136694457,24.328634916565225,-0.0
33.475,1.5985272101732406,4.476887640486423,24.036949608344422,-0.0
33.480000000000004,1.7430190278120075,4.485758845908729,23.75190271822938,-0.0
33.485,1.8795518973615715,4.500057042138503,23.473141164967352,-0.0
33.49,2.010777318259043,4.518532693614439,23.20158482465854,-0.0
33.495,2.137420911333391,4.543480704606103,22.936956567273608,-0.0
33.5,2.256746676264543,4.574982899852933,22.679726194908906,-0.0
33.505,2.3729693904449713,4.613572983751055,22.428135579365247,-0.0
33.51,2.4843390265123713,4.655639570342137,22.184125576316525,-0.0
33.515,2.593504475255666,4.705232805893449,21.946504708570423,-0.0
33.52,2.699374908299114,4.760949227983007,21.715339410465464,-0.0
33.525,2.80216032452456,4.8226773534968945,21.48884040363858,-0.0
33.53,2.902639698899903,4.888457687995432,21.269250120566785,-0.0
33.535000000000004,3.002359444603327,4.96090232210991,21.058168250736458,-0.0
33.54,3.0993007198663642,5.040291722287855,20.85240944910536,-0.0
33.545,3.196738157222747,5.126597494263388,20.65269637936232,-0.0
33.55,3.293489591401851,5.219362983959908,20.458749479473155,-0.0
33.555,3.390050674541254,5.317393814837218,20.27163438096495,-0.0
33.56,3.486034498612804,5.421520864929086,20.09163388064317,-0.0
33.565,3.5823702201128236,5.531681232649987,19.91840615866997,-0.0
33.57,3.67968476258795,5.646461559278326,19.751345212264713,-0.0
33.575,3.7782890458514746,5.770316734656014,19.59282314368031,-0.0
33.58,3.878419818363387,5.8992808009485,19.440340108865943,-0.0
33.585,3.9788817505303977,6.0367732974486215,19.29611755867493,-0.0
33.59,4.082092123382139,6.1804931070649705,19.159365416488136,-0.0
33.595,4.185567293151498,6.329915129832387,19.029882689353315,-0.0
33.6,4.292764313871654,6.486130152932639,18.908700552290384,-0.0
33.605000000000004,4.401230349521657,6.6484434985391125,18.795486729847504,-0.0
33.61,4.512645648069302,6.817022404854766,18.69195561354431,-0.0
33.615,4.628450973093615,6.993099456516595,18.597444563872166,-0.0
33.62,4.746208093701658,7.173999481936087,18.51168762509329,-0.0
33.625,4.868726244130902,7.363155889185348,18.43424795572621,-0.0
33.63,4.992975906539834,7.559209247805901,18.3682667769991,-0.0
33.635,5.121222251271228,7.763014065116101,18.311414214086447,-0.0
33.64,5.2535737954491495,7.97196870217688,18.266390660374256,-0.0
33.645,5.388598119738428,8.188286732967454,18.232509810244643,-0.0
33.65,5.528622856613466,8.410496729046422,18.20966954876182,-0.0
33.655,5.67223378723873,8.637786698620474,18.199317467035215,-0.0
33.660000000000004,5.8213198938537705,8.872263424686347,18.200790196850683,-0.0
33.665,5.974519046162642,9.114038480587475,18.21623842302492,-0.0
33.67,6.130570772939602,9.360983846706148,18.24509621428791,-0.0
33.675,6.29203163910579,9.612840059445787,18.288469952763943,-0.0
33.68,6.458400403088055,9.870888045032741,18.346559877950224,-0.0
33.685,6.630079176815228,10.132937897019081,18.420949886934483,-0.0
33.69,6.805609242789733,10.40102330626476,18.5106473840184,-0.0
33.695,6.9850689401570065,10.673044169984275,18.61803744273882,-0.0
33.7,7.168864426024138,10.946549661368966,18.742612463862795,-0.0
33.705,7.358159839689186,11.224031539004772,18.88543895657846,-0.0
33.71,7.553469246254199,11.502855281240462,19.046044199036217,-0.0
33.715,7.750201574861902,11.783261419904989,19.227120053355268,-0.0
33.72,7.9515735357014785,12.063812201896997,19.427289352589334,-0.0
33.725,8.157216649754405,12.344516788248567,19.647691088291452,-0.0
33.730000000000004,8.3663125899259,12.624542945309699,19.88978743161303,-0.0
33.735,8.579532142049384,12.899795489793677,20.152508465987548,-0.0
33.74,8.795400232975087,13.171323435627118,20.436809185559472,-0.0
33.745,9.014074617666264,13.437730586041726,20.74207166917965,-0.0
33.75,9.234959615289299,13.697735124986893,21.070137713716992,-0.0
33.755,9.459156096424012,13.949780797850318,21.421164654949486,-0.0
33.76,9.683539732342943,14.192260691632956,21.79583741250284,-0.0
33.765,9.908961110346361,14.421780761297887,22.19206606694082,-0.0
33.77,10.134798878874971,14.637277412948992,22.611997655866926,-0.0
33.775,10.360368086822199,14.83573767972052,23.052088794859724,-0.0
33.78,10.584379052086945,15.01801743133865,23.513854130539524,-0.0
33.785000000000004,10.806383817932597,15.179658853160223,23.994973596073834,-0.0
33.79,11.024578796620068,15.320939275411085,24.495613620533447,-0.0
33.795,11.240159478868216,15.437873823607553,25.013479890523865,-0.0
33.8,11.449824626303302,15.527195648518536,25.546929127220817,-0.0
33.805,11.653674499705144,15.589227260156488,26.095652837653347,-0.0
33.81,11.849879212354805,15.622788012117324,26.655493884434996,-0.0
33.815,12.03823177649587,15.625395197088146,27.22480993019729,-0.0
33.82,12.217705309620314,15.593210818163318,27.800954806050914,-0.0
33.825,12.38600929641339,15.527815371828254,28.38234964740849,-0.0
33.83,12.54246183194808,15.427377233187212,28.96638712561449,-0.0
33.835,12.68698294195767,15.290324306711069,29.547528327650493,-0.0
33.84,12.816049322985645,15.116677652850113,30.123735676045005,-0.0
33.845,12.93048491238307,14.904944047690307,30.690977742023797,-0.0
33.85,13.02788180459207,14.656494543021369,31.24593353936688,-0.0
33.855000000000004,13.108880363520738,14.37093534600712,31.783151951756235,-0.0
33.86,13.17119695925468,14.051137942522114,32.301048722615135,-0.0
33.865,13.21386992902047,13.698488926400955,32.794939843957735,-0.0
33.87,13.237691897648848,13.313879435025544,33.26343625354419,-0.0
33.875,13.240228109959828,12.89918953170498,33.700642975393656,-0.0
33.88,13.223530370770566,12.457863644240998,34.10480813513712,-0.0
33.885,13.185475230376127,11.992168603956092,34.47484319650964,-0.0
33.89,13.127360507989268,11.505454973411668,34.805857907787015,-0.0
33.895,13.047747344182419,11.000184821538184,35.097322807179715,-0.0
33.9,12.94518873466897,10.482443145861783,35.347020874934756,-0.0
33.905,12.823648845483103,9.954619056579098,35.55502589433407,-0.0
33.910000000000004,12.679960997234485,9.419948774343057,35.719814984865494,-0.0
33.915,12.517268238052782,8.883449840882587,35.840895494026334,-0.0
33.92,12.33481867963802,8.348823880580142,35.918323029317996,-0.0
33.925,12.135322247964236,7.819830670572652,35.95364077292005,-0.0
33.93,11.919357786810108,7.298801943860532,35.94859286314993,-0.0
33.935,11.689180620073722,6.788126832504906,35.90453790914212,-0.0
33.94,11.44468443499863,6.292926384271244,35.82310834070237,-0.0
33.945,11.187053649482765,5.814312132752352,35.70506995055554,-0.0
33.95,10.918765042179546,5.35442988415931,35.55440343003268,-0.0
33.955,10.641562949977223,4.914311788397675,35.37314143855991,-0.0
33.96,10.35467686566315,4.497797313036409,35.16239067621186,-0.0
33.965,10.060682083419817,4.105454042929123,34.92613267633068,-0.0
33.97,9.762464219105919,3.7377856595987016,34.66724373903454,-0.0
33.975,9.461083131512774,3.3935876902451,34.387024963289534,-0.0
33.980000000000004,9.157996923577434,3.0751499717716086,34.08804232015147,-0.0
33.985,8.852803350381661,2.780627940645407,33.77303770923673,-0.0
33.99,8.54798616780125,2.511748556343028,33.44532468540724,-0.0
33.995,8.24633623361458,2.265789382466334,33.10674000858346,-0.0
34.0,7.947664386754636,2.043667286636129,32.75900450067726,-0.0
34.005,7.652199072451161,1.8444409601449026,32.404313215161864,-0.0
34.01,7.362366093034663,1.666955796949547,32.04291502678559,-0.0
34.015,7.078274644534196,1.5098874566059755,31.676152540121162,-0.0
34.02,6.798017532741257,1.3725235042586719,31.30696374803381,-0.0
34.025,6.5269826258855135,1.25169007433164,30.936450002911823,-0.0
34.03,6.262920408355261,1.1503215217759515,30.56394214479821,-0.0
34.035000000000004,6.006439105354879,1.0624629037052853,30.192190908876945,-0.0
34.04,5.760942916514264,0.9912457030956601,29.820535002915108,-0.0
34.045,5.523887906347848,0.9341270200992492,29.45218190739526,-0.0
34.05,5.295229185718171,0.8900239131929919,29.085245695473592,-0.0
34.055,5.073910288489755,0.8577564892912849,28.72060239779426,-0.0
34.06,4.863963635128255,0.8351245626762075,28.360192080155453,-0.0
34.065,4.662188239282687,0.8222239880293191,28.001836969044138,-0.0
34.07,4.468626347589894,0.8171123083700049,27.645927193911824,-0.0
34.075,4.285987110453776,0.8217297386820315,27.296553712994474,-0.0
34.08,4.113171988581203,0.8324714532455322,26.950872863659555,-0.0
34.085,3.949848432279783,0.8488554788676551,26.6096148589499,-0.0
34.09,3.794766594198987,0.8723754135422048,26.271760948799216,-0.0
34.095,3.648388847554887,0.9007879847558803,25.937410928832502,-0.0
34.1,3.510679707742138,0.9336981487736746,25.608609430941335,-0.0
34.105000000000004,3.382222063601088,0.9708990397920216,25.282703406096896,-0.0
34.11,3.2604338904394896,1.0118356694894244,24.96344191058506,-0.0
34.115,3.146765901833793,1.0564972767638754,24.646725408922737,-0.0
34.12,3.0425891654841624,1.1043136449873645,24.335347732599267,-0.0
34.125,2.946502645524983,1.1522526385510883,24.02828700796531,-0.0
34.13,2.85787041600904,1.2056458666711898,23.724267570482272,-0.0
34.135,2.7750379000747016,1.2605664601285385,23.42535124026179,-0.0
34.14,2.6990377055092907,1.317867443214442,23.129561017986987,-0.0
34.145,2.631062129103627,1.3770794733827794,22.837907275639946,-0.0
34.15,2.567524548605292,1.4382950408430122,22.551287169720386,-0.0
34.155,2.5118476006057255,1.5025953590678478,22.26862937263897,-0.0
34.160000000000004,2.4617822805271916,1.5674730935859575,21.99160041818871,-0.0
34.165,2.415988218623577,1.6324673071115157,21.717911019213023,-0.0
34.17,2.376548535016047,1.7011221387273647,21.447971520902296,-0.0
34.175000000000004,2.3422112813017626,1.7713718145088349,21.181711143633358,-0.0
34.18,2.3143631156404005,1.842820301621127,20.920697801080106,-0.0
34.185,2.2895695261719395,1.9150709172535478,20.661805926749764,-0.0
34.19,2.2700387019335726,1.9881812880549503,20.408364244023815,-0.0
34.195,2.2553598344218106,2.0637709815980227,20.159069144601453,-0.0
34.2,2.245583655954714,2.140779228827175,19.912445301514968,-0.0
34.205,2.2419218115182815,2.2215409830328294,19.671966676293504,-0.0
34.21,2.2414313821663954,2.3022123855977528,19.434991727073392,-0.0
34.215,2.2445165176448487,2.386713401977548,19.201352959096795,-0.0
34.22,2.2511723100859085,2.4735895324265313,18.971767142938486,-0.0
34.225,2.2619751216577506,2.5631109457731207,18.748541671628626,-0.0
34.230000000000004,2.2783517635082293,2.6543068647252066,18.52886978538204,-0.0
34.235,2.2963752245878375,2.7494150657068395,18.31187094267368,-0.0
34.24,2.318104595077659,2.8469895363164186,18.099569759416156,-0.0
34.245,2.34446141019601,2.9467025928680433,17.891849437704934,-0.0
34.25,2.3753534271476857,3.0495247102626903,17.68709414076675,-0.0
34.255,2.4095005556781333,3.1564191364462704,17.48733883011468,-0.0
34.26,2.4465239896552182,3.2676231221610066,17.293047345642396,-0.0
34.265,2.4875963434325086,3.381913630367901,17.102111043396853,-0.0
34.27,2.5315563458728696,3.500178459031557,16.916170469662326,-0.0
34.275,2.5810081965626277,3.623228446031503,16.734768587973665,-0.0
34.28,2.6328268074385086,3.7506098844832567,16.55892318149498,-0.0
34.285000000000004,2.688766641507261,3.8819784245766575,16.38687829118505,-0.0
34.29,2.7497661901946713,4.018100651975782,16.221518959624575,-0.0
34.295,2.8131768253771963,4.159786518335048,16.060101784372392,-0.0
34.300000000000004,2.8809635697257954,4.307867939952536,15.903288985645455,-0.0
34.305,2.953548374245688,4.461610729889044,15.755491748583927,-0.0
34.31,3.028173397450375,4.618993981999279,15.609887358992111,-0.0
34.315,3.107627674278324,4.783868890634058,15.470884596459069,-0.0
34.32,3.191191953547181,4.953999538379652,15.338392045175016,-0.0
34.325,3.279878495030129,5.132415143706624,15.211686645084574,-0.0
34.33,3.3712338064664946,5.3167811732286605,15.092868506188204,-0.0
34.335,3.468334706042804,5.509191833254097,14.980082006903306,-0.0
34.34,3.5701777513566912,5.707286712701899,14.87516394468185,-0.0
34.345,3.6770923344680893,5.913260167751375,14.778636637098073,-0.0
34.35,3.790363336172298,6.1271533386224,14.690436086667846,-0.0
34.355000000000004,3.9074464804982862,6.348677933788959,14.609379881974288,-0.0
34.36,4.030584683784775,6.579105450579793,14.53877558560031,-0.0
34.365,4.157617745430557,6.816746561257763,14.477524390335946,-0.0
34.37,4.2911323814026705,7.064472859254069,14.426639039313596,-0.0
34.375,4.429955707940296,7.3214567940657975,14.38604615175897,-0.0
34.38,4.574024568269529,7.588119509118668,14.35618139105607,-0.0
34.385,4.724952853323255,7.861623870305564,14.338037558856303,-0.0
34.39,4.881231344229826,8.144312415363162,14.332406208921082,-0.0
34.395,5.045226948373291,8.4380963661948,14.339613510759582,-0.0
34.4,5.215101997938356,8.740152008897041,14.361235306884328,-0.0
34.405,5.391847009518936,9.050875458959744,14.397614753620143,-0.0
34.410000000000004,5.575617975273917,9.371205080283183,14.44844997689901,-0.0
34.415,5.766156957822249,9.701375355857047,14.516244475043178,-0.0
34.42,5.961718325887011,10.040314862061882,14.60285864846192,-0.0
34.425000000000004,6.164678841551574,10.390030148059662,14.708213320088678,-0.0
34.43,6.375496446243044,10.747462914560344,14.833430103167201,-0.0
34.435,6.5946146231150875,11.114366629214455,14.978919866466995,-0.0
34.44,6.820372584444344,11.488477292074947,15.145836634918977,-0.0
34.445,7.054661711809484,11.869977435110785,15.336321929283734,-0.0
34.45,7.296077640153642,12.25727690882979,15.55072126586283,-0.0
34.455,7.543823825465626,12.650446470735432,15.791250137931499,-0.0
34.46,7.798986121854443,13.0473663625985,16.057423736641,-0.0
34.465,8.061769086349017,13.446723681552216,16.35229695673942,-0.0
34.47,8.330693861406239,13.849471626436713,16.676238689796882,-0.0
34.475,8.606839580731334,14.251510926843512,17.031796145310363,-0.0
34.480000000000004,8.889265605212588,14.651457770656737,17.417933557218007,-0.0
34.485,9.178053200560413,15.047467011153849,17.835635473191697,-0.0
34.49,9.47255677278509,15.437268823939144,18.287799619309528,-0.0
34.495,9.77109801731391,15.820662742886668,18.77530371069769,-0.0
34.5,10.073594157816208,16.191863124076104,19.298710493362442,-0.0
34.505,10.379093511975467,16.54920908091989,19.857838631649376,-0.0
34.51,10.687826736906564,16.888209527573533,20.452141006830214,-0.0
34.515,10.997027430871826,17.207126577680796,21.082682038340494,-0.0
34.52,11.307395428775841,17.500680015154284,21.74708157065669,-0.0
34.525,11.617526526363394,17.76623544626713,22.44688221667154,-0.0
34.53,11.925657940868872,18.00092457857804,23.179759585777916,-0.0
34.535000000000004,12.227965159143613,18.197571645080412,23.944418496030263,-0.0
34.54,12.525933064241594,18.355257172078815,24.738695130248026,-0.0
34.545,12.817377195306008,18.467649962241232,25.557925245303423,-0.0
34.550000000000004,13.09974202343223,18.532261450198657,26.40138511820157,-0.0
34.555,13.370537094108965,18.543823356039866,27.26344438430482,-0.0
34.56,13.629523846149509,18.50054513247571,28.139784299930877,-0.0
34.565,13.873113954760784,18.39892340297642,29.024366169756814,-0.0
34.57,14.099893221344105,18.236442247451972,29.913451191250935,-0.0
34.575,14.306608716019591,18.010851942269817,30.799769139510524,0.0
34.58,14.493541768373555,17.719679515249705,31.677726255724696,0.0
34.585,14.655018720939218,17.365771126330024,32.539217372055056,0.0
34.59,14.79065143686591,16.944534607730535,33.3773329704197,0.0
34.595,14.896799009784566,16.461786284737627,34.18495848054863,0.0
34.6,14.974107821356906,15.920076943805746,34.955383177626516,0.0
34.605000000000004,15.021531926049832,15.319774226796362,35.68255283604933,0.0
34.61,15.036551918678946,14.665922364784675,36.35823590404071,0.0
34.615,15.019673095162274,13.964784388572768,36.974697084118276,0.0
34.62,14.966649009500946,13.220078665162394,37.52950132003725,0.0
34.625,14.880172331685364,12.441438153141036,38.017727302613686,0.0
34.63,14.757320554170752,11.634391534686841,38.43530735862974,0.0
34.635,14.601265900780058,10.805060133186913,38.78129793215342,0.0
34.64,14.41236477727909,9.96389016801392,39.05293517977652,0.0
34.645,14.18898896156901,9.117093990740491,39.25117520430161,0.0
34.65,13.936581040344194,8.274937445057493,39.37358297069314,0.0
34.655,13.654786877140797,7.439822824442936,39.42499887617507,0.0
34.660000000000004,13.343924009788932,6.622967077849755,39.40767773923723,0.0
34.665,13.00729462761322,5.830121323420896,39.32480325961951,0.0
34.67,12.648509045207692,5.064329159932462,39.17870624026392,0.0
34.675000000000004,12.269491589379568,4.331235348550175,38.97595425985545,0.0
34.68,11.872300948856447,3.635952916477065,38.72209186351834,0.0
34.685,11.46207397084807,2.981063062157122,38.42093716242138,0.0
34.69,11.038190968038025,2.368982869170969,38.07947973396482,0.0
34.695,10.60502641617041,1.8012747478190532,37.70242799212668,0.0
34.7,10.16543519029914,1.2782927823067713,37.295375402591965,0.0
34.705,9.721604301714407,0.7982603534793059,36.86330667313423,0.0
34.71,9.275505272288854,0.36423393357432193,36.41002483686937,0.0
34.715,8.829153763794054,-0.026711162851910664,35.94148871579677,0.0
34.72,8.38629585171164,-0.37703823081306986,35.461664796184884,0.0
34.725,7.9488335670286805,-0.6880234753970388,34.97196070573279,0.0
34.730000000000004,7.5174843179444295,-0.9612603051835196,34.47855788415358,0.0
34.735,7.09287517455674,-1.1997366829920013,33.982371668911895,0.0
34.74,6.679378730180353,-1.4067923183002977,33.48724547018365,0.0
34.745,6.274607477396757,-1.5825290395520628,32.99271377752255,0.0
34.75,5.882539792443405,-1.7314700597990687,32.50208420250109,0.0
34.755,5.501510786138559,-1.8554309462937577,32.0162278468902,0.0
34.76,5.134262782338089,-1.9561841363167882,31.537510216326066,0.0
34.765,4.780380137816093,-2.037152180703666,31.06650417555835,0.0
34.77,4.438987877739326,-2.0999660279337036,30.604401558146094,0.0
34.775,4.113158953515653,-2.146727255388319,30.15039690214583,0.0
34.78,3.7996145153873515,-2.1805839934777485,29.703933940826513,0.0
34.785000000000004,3.5005490408947004,-2.2029525728471686,29.26580748891277,0.0
34.79,3.2159742438894483,-2.2129382809478924,28.837085774139904,0.0
34.795,2.944303566508208,-2.2149757234547005,28.41758970184577,0.0
34.800000000000004,2.686069278506697,-2.2101655647431038,28.00584896883684,0.0
34.805,2.442088797758745,-2.199173390588728,27.602771369361058,0.0
34.81,2.2108207233102015,-2.1826733789326567,27.207799611137073,0.0
34.815,1.9912370990153787,-2.1630432307244263,26.820933105930727,0.0
34.82,1.7833239860201173,-2.140484883469925,26.44093631355699,0.0
34.825,1.5866513140147276,-2.115839140467882,26.068883913205678,0.0
34.83,1.4010353231323438,-2.0904466235195893,25.7042943374455,0.0
34.835,1.2271808830381152,-2.062900471590993,25.346744117677012,0.0
34.84,1.0626812818536253,-2.036484469593575,24.995339943622994,0.0
34.845,0.9077131304365537,-2.0107976390207525,24.65084419639831,0.0
34.85,0.7609769593833486,-1.9862196798719989,24.31277919824243,0.0
34.855000000000004,0.62390275124361,-1.9624725332496828,23.98204474422068,0.0
34.86,0.49476299691399395,-1.9396730193007035,23.65633523222506,0.0
34.865,0.37317536183232236,-1.9189910084453732,23.33641499732819,0.0
34.87,0.25845981414356317,-1.9008609241945535,23.022587879833583,0.0
34.875,0.15104194067180826,-1.8849109260051928,22.712865469809117,0.0
34.88,0.04955624992629541,-1.8707445189988812,22.408695073205706,0.0
34.885,-0.0468109561933409,-1.8608332740984155,22.10901825348293,0.0
34.89,-0.13746587002296434,-1.8529169600340691,21.813139717887086,0.0
34.895,-0.2226420542744914,-1.8473921909288502,21.524011900500813,0.0
34.9,-0.3036489606254086,-1.8463092504370857,21.23934053207078,0.0
34.905,-0.3806729992348509,-1.8479301054616086,20.960099582509056,0.0
34.910000000000004,-0.4540144847480171,-1.8529237991385688,20.684743208444793,0.0
34.915,-0.5246054507335185,-1.859872729769174,20.413313948924635,0.0
34.92,-0.5911971038968916,-1.8695732385481936,20.145473295032954,0.0
34.925000000000004,-0.6559003018228488,-1.881856887580531,19.88241922728124,0.0
34.93,-0.7176581453334965,-1.8999007904805882,19.622858139776593,0.0
34.935,-0.777466871483092,-1.9206233301609754,19.368061711903646,0.0
34.94,-0.8340616387229405,-1.9454823918794752,19.11753295179439,0.0
34.945,-0.8910634190902222,-1.9727685687702532,18.870242641326243,0.0
34.95,-0.94497278617889,-2.0037317452131456,18.627570831024062,0.0
34.955,-0.997968958018202,-2.039670067013931,18.389224168833717,0.0
34.96,-1.0502055154086973,-2.0767778988764167,18.15363441562661,0.0
34.965,-1.1006983702303346,-2.118669647084399,17.921838524967658,0.0
34.97,-1.150840873946866,-2.1643724857375073,17.6947293915301,0.0
34.975,-1.2023594246036555,-2.2133467927549226,17.470979298215422,0.0
34.980000000000004,-1.2533531949790824,-2.266193035078514,17.251337833037788,0.0
34.985,-1.30444227196489,-2.3230567034256153,17.034917687880146,0.0
34.99,-1.3541280228181514,-2.382569921069362,16.82278348374499,0.0
34.995,-1.4059187428220268,-2.446028240059326,16.614215753606004,0.0
35.0,-1.4582312001011004,-2.5138070085648128,16.41003399157975,0.0
35.005,-1.5112423376892972,-2.58484632012067,16.209604580551765,0.0
35.01,-1.5659660879567987,-2.6618356019417333,16.014160809755076,0.0
35.015,-1.6206393535897088,-2.7408575489981857,15.8218671042896,0.0
35.02,-1.6769734283684632,-2.8252269843784874,15.632532858368991,0.0
35.025,-1.7340294594685752,-2.914159546156331,15.448500973466825,0.0
35.03,-1.7929127667230655,-3.008811988430626,15.26839039257004,0.0
35.035000000000004,-1.8543540841397006,-3.1085389959044374,15.091229577823512,0.0
35.04,-1.9161705132398847,-3.2130333942507034,14.919200376256185,0.0
35.045,-1.9821022775126438,-3.322863720476814,14.751161986021637,0.0
35.050000000000004,-2.0509575724884614,-3.4367584456223765,14.586932436141756,0.0
35.055,-2.119833145454989,-3.5578949435461436,14.427457648483895,0.0
35.06,-2.1920338897486165,-3.685445654081907,14.27319862060192,0.0
35.065,-2.2666499852089563,-3.818221063879766,14.122558155458998,0.0
35.07,-2.34431746135397,-3.9563831814855512,13.978756678386624,0.0
35.075,-2.42472607812832,-4.099624623051635,13.840218497035469,0.0
35.08,-2.507704892938365,-4.249299083346116,13.705365378720273,0.0
35.085,-2.5939933125290824,-4.4074145691738496,13.575336324914302,0.0
35.09,-2.6850627744612128,-4.571679328462716,13.451850917403945,0.0
35.095,-2.7792556252176674,-4.744807324327156,13.333867479370424,0.0
35.1,-2.876837997006846,-4.925090855780627,13.222022044215882,0.0
35.105000000000004,-2.9790995588592333,-5.113466519166181,13.116908360344594,0.0
35.11,-3.0852053360571414,-5.310182862451716,13.018969926687,0.0
35.115,-3.196993261208595,-5.513726525842927,12.927309014651213,0.0
35.12,-3.312988336735068,-5.726545151408066,12.844118988295236,0.0
35.125,-3.434157716043203,-5.948306829534228,12.767688876871297,0.0
35.13,-3.559907539293888,-6.1809438103540195,12.699474445064519,0.0
35.135,-3.6911854819399275,-6.423160024870449,12.640406533734243,0.0
35.14,-3.8271052914433885,-6.6737832846021785,12.590828187355994,0.0
35.145,-3.9689579619540005,-6.934935947899707,12.551124441855476,0.0
35.15,-4.116787704944351,-7.207492133255202,12.522175677432518,0.0
35.155,-4.270999161096969,-7.49081513976665,12.503381486636524,0.0
35.160000000000004,-4.43193696643022,-7.784332969111565,12.497282360182254,0.0
35.165,-4.599339843350718,-8.090545552488067,12.503134417589077,0.0
35.17,-4.772578434699882,-8.406450954071076,12.523213078980534,0.0
35.175000000000004,-4.953549958290537,-8.733957398729453,12.556045789522813,0.0
35.18,-5.143771348761293,-9.07236097614592,12.605333117157343,0.0
35.185,-5.340821798662276,-9.422740220032864,12.670873967207509,0.0
35.19,-5.544494268473729,-9.785054652776308,12.753571065288707,0.0
35.195,-5.757673204989991,-10.1577265452582,12.855356127748417,0.0
35.2,-5.976537558052394,-10.54294852561642,12.975347608754298,0.0
35.205,-6.204314782453525,-10.938703997534184,13.117442578777133,0.0
35.21,-6.441335719201952,-11.34649884785446,13.280873821858908,0.0
35.215,-6.686586920614864,-11.764697714322688,13.469710425603639,0.0
35.22,-6.939570922685698,-12.19230133878528,13.684352922206124,0.0
35.225,-7.201220396267296,-12.628937643957325,13.924891612583075,0.0
35.230000000000004,-7.4729500123019035,-13.071782568620305,14.194133330513322,0.0
35.235,-7.751840483415707,-13.521126984393376,14.492760186924079,0.0
35.24,-8.041101798433962,-13.978088823387319,14.82219460286548,0.0
35.245,-8.33789122287419,-14.437882767635063,15.186103935458933,0.0
35.25,-8.641575877332853,-14.90026612893323,15.585103061439014,0.0
35.255,-8.954159356242963,-15.36251486647601,16.021025979066376,0.0
35.26,-9.275679197117652,-15.822160978871256,16.494817333130346,0.0
35.265,-9.604105306896276,-16.275263377663368,17.008733060505886,0.0
35.27,-9.93603176222108,-16.7227370065232,17.562954002221595,0.0
35.275,-10.276132570447057,-17.157510269047563,18.158760000906565,0.0
35.28,-10.619916519823418,-17.576945142873083,18.797584712772846,0.0
35.285000000000004,-10.968084182948527,-17.97827555063733,19.479842375581615,0.0
35.29,-11.318967647156404,-18.35465019693584,20.20630493897745,0.0
35.295,-11.670521120963299,-18.705031215616163,20.97658734314185,0.0
35.300000000000004,-12.02219311934641,-19.021520757187865,21.78833824773733,0.0
35.305,-12.372056954182709,-19.29956630866958,22.643060185261234,0.0
35.31,-12.719796389667351,-19.5344020314054,23.534222545648948,0.0
35.315,-13.060081273899623,-19.719639191350016,24.463419993228666,0.0
35.32,-13.392734602775958,-19.851501014645653,25.4256125715739,0.0
35.325,-13.715011981892243,-19.92445492348777,26.416448643413244,0.0
35.33,-14.025084422876041,-19.93270717497137,27.42894011196955,0.0
35.335,-14.321391733287863,-19.872876897790103,28.461552374041048,0.0
35.34,-14.600586067587784,-19.74101912959095,29.50633185005587,0.0
35.345,-14.8567737371849,-19.53282227078796,30.55342660669219,0.0
35.35,-15.090742585801854,-19.244411232902365,31.597183396963,0.0
35.355000000000004,-15.299057601718259,-18.876577202714042,32.627003976414585,0.0
35.36,-15.478009104798755,-18.429443551349237,33.63597503796026,0.0
35.365,-15.624942056551316,-17.900555273903088,34.61300789923355,0.0
35.37,-15.739108323878959,-17.295391398186087,35.54908657731545,0.0
35.375,-15.816780888978839,-16.613862567254497,36.4359302031366,0.0
35.38,-15.857753663621148,-15.865212995599864,37.263774994112175,0.0
35.385,-15.85872196543396,-15.050361606521763,38.024127215847244,0.0
35.39,-15.818697346228666,-14.180059568906966,38.71089714672051,0.0
35.395,-15.735801663317844,-13.262869627397363,39.31784902576429,0.0
35.4,-15.610607355050044,-12.305580802709093,39.83615573557673,0.0
35.405,-15.445220337547081,-11.320988298675802,40.26628461684888,0.0
35.410000000000004,-15.23976578640256,-10.31752571883369,40.603946793405385,0.0
35.415,-14.994720997808022,-9.30484410144664,40.847201892117276,0.0
35.42,-14.7099049186442,-8.295023587971343,40.999167350345964,0.0
35.425000000000004,-14.389362888111085,-7.297878406683023,41.06291613776357,0.0
35.43,-14.033296148535582,-6.322617650425822,41.04054705821507,0.0
35.435,-13.646797743700887,-5.376403192558762,40.936331956138936,0.0
35.44,-13.233291936696482,-4.466915185479491,40.757222162902046,0.0
35.445,-12.793803747002144,-3.599966188842498,40.50952035806756,0.0
35.45,-12.334705517810242,-2.7801244166759083,40.19979237411607,0.0
35.455,-11.855679012438406,-2.0134330597934773,39.83578045924699,0.0
35.46,-11.363942936593013,-1.3025881305123796,39.42416068511852,0.0
35.465,-10.86063005364391,-0.6469778893030479,38.9718259305415,0.0
35.47,-10.349957604408457,-0.047852289129855285,38.488338877335664,0.0
35.475,-9.834529634692803,0.4945358330674706,37.97884605990728,0.0
35.480000000000004,-9.318220593294463,0.983175807642505,37.44864720705523,0.0
35.485,-8.803963804961123,1.4198373621506186,36.903141617155896,0.0
35.49,-8.293660790848378,1.8052155356048942,36.349398318682745,0.0
35.495,-7.788629023710841,2.1428490899793164,35.78974268960769,0.0
35.5,-7.2919001792220195,2.43457973981365,35.230375259486564,0.0
35.505,-6.804580796061353,2.6861088181353026,34.6729458312955,0.0
35.51,-6.328905019158095,2.9005351134964505,34.11798025675143,0.0
35.515,-5.866198655463502,3.0797844744553777,33.57092054528747,0.0
35.52,-5.419461905089178,3.2274485070161547,33.0327764640099,0.0
35.525,-4.987656893577599,3.3484842006288167,32.505082176922315,0.0
35.53,-4.572183362637315,3.44488351265043,31.9884643296035,0.0
35.535000000000004,-4.170715336890698,3.5189816744854276,31.4827978628658,0.0
35.54,-3.7854822348933355,3.5734771361859905,30.989721152617975,0.0
35.545,-3.41770282269975,3.6125414143017602,30.50939297033653,0.0
35.550000000000004,-3.0669023255760974,3.6374227839619313,30.0404369701755,0.0
35.555,-2.730774520265362,3.6520950098355205,29.58308920771069,0.0
35.56,-2.4106661802086147,3.6547974238932435,29.13674247682829,0.0
35.565,-2.10755996556289,3.650185323864131,28.705162158280945,0.0
35.57,-1.8205699853441797,3.6387910651413793,28.283994776321233,0.0
35.575,-1.5489861618317518,3.6226865887714306,27.872497217114166,0.0
35.58,-1.2907241424254081,3.602851402710206,27.472818137683888,0.0
35.585,-1.0464883502305236,3.580032679356735,27.082354310046966,0.0
35.59,-0.8164888311610585,3.556593839899494,26.701983104833253,0.0
35.595,-0.5971817498567396,3.5331911644219174,26.332028620793682,0.0
35.6,-0.3905031579435698,3.5103599536059633,25.970308322352594,0.0
35.605000000000004,-0.1958585268930494,3.487595208008051,25.616400522542868,0.0
35.61,-0.011233861118505606,3.468315912229589,25.272338280248622,0.0
35.615,0.16277317151552276,3.451311111339029,24.93570308451078,0.0
35.62,0.32688012486227414,3.4360415642189075,24.605779904202496,0.0
35.625,0.48118855546608386,3.4242532210766727,24.28395403328526,0.0
35.63,0.6283765037528833,3.4161028085854315,23.968659336479025,0.0
35.635,0.76731300597664,3.4112293169012697,23.659623243782175,0.0
35.64,0.8984836204774491,3.410607614927558,23.357344283547516,0.0
35.645,1.025108586307867,3.4140744567865475,23.06128192818853,0.0
35.65,1.145149230471377,3.4228843566644587,22.77104508179894,0.0
35.655,1.2589514347844066,3.4349025398074655,22.488871437979117,0.0
35.660000000000004,1.3677648470786907,3.452492352688722,22.210744610363513,0.0
35.665,1.472116390448012,3.474971660405258,21.938648931551207,0.0
35.67,1.5720534688704728,3.5019540651910726,21.670406718852313,0.0
35.675000000000004,1.668375201903571,3.5343898418495425,21.408984766277875,0.0
35.68,1.7616815083845607,3.5707024576882507,21.154616693513635,0.0
35.685,1.8518479988381435,3.612390509026502,20.903634504341827,0.0
35.69,1.9397659907821976,3.6599350855130908,20.657664826794864,0.0
35.695,2.0255139951279655,3.71169247302732,20.418394164589177,0.0
35.7,2.1084984150843367,3.7683020921049253,20.184417109544583,0.0
35.705,2.1911730560523472,3.83219466274362,19.954835844685647,0.0
35.71,2.2735116149169596,3.901134266109178,19.729686350912512,0.0
35.715,2.3540171576007247,3.9766832666707423,19.510823098711555,0.0
35.72,2.434658407353659,4.057505720094141,19.297216536484147,0.0
35.725,2.515320996253837,4.144298894432498,19.08953376134633,0.0
35.730000000000004,2.5964371253752283,4.23571308168568,18.885902359829014,0.0
35.735,2.6773500400820907,4.333757078397283,18.687470882986027,0.0
35.74,2.7607481904145827,4.437193105995699,18.4965889575289,0.0
35.745,2.843801995822473,4.546008230462988,18.31139187138799,0.0
35.75,2.9296761964340603,4.660659715387359,18.13125000179706,0.0
35.755,3.0167856746245065,4.7822271503018285,17.957263721671087,0.0
35.76,3.1049225868843537,4.909987474231125,17.790875626725608,0.0
35.765,3.194059708067585,5.044324284416917,17.62968343514201,0.0
35.77,3.286316016843542,5.1861415440276035,17.475186555097952,0.0
35.775,3.381222545456714,5.3327583875822375,17.327867698670477,0.0
35.78,3.478475667216034,5.486439359084288,17.186729408647412,0.0
35.785000000000004,3.5783091830459894,5.646189311944358,17.053460161083507,0.0
35.79,3.6826560250375957,5.813799676235878,16.927423478799838,0.0
35.795,3.7898516537136797,5.987388058219123,16.80839198665508,0.0
35.800000000000004,3.899526632173703,6.168384388029767,16.699572002682935,0.0
35.805,4.013646797870584,6.357958745684647,16.596377844420925,0.0
35.81,4.1302283553602965,6.554021933759924,16.50326268711471,0.0
35.815,4.252799853457581,6.758388871301831,16.419169402116736,0.0
35.82,4.37840333064513,6.971760978747581,16.34388884471568,0.0
35.825,4.5079187138700405,7.192826183550717,16.279812579535513,0.0
35.83,4.643112895156155,7.421674858653394,16.225762856816527,0.0
35.835,4.781532350230902,7.65836018339979,16.18179731656089,0.0
35.84,4.926424023580983,7.902676160503606,16.14865137956195,0.0
35.845,5.075292549986895,8.155021488666103,16.127529113931168,0.0
35.85,5.229395487419588,8.416137844933962,16.11901029234528,0.0
35.855000000000004,5.387771445453478,8.684297491566163,16.12471321153912,0.0
35.86,5.552222025333411,8.959879950503147,16.143163891366186,0.0
35.865,5.721371181306798,9.244141647685163,16.175884441239415,0.0
35.87,5.897906191757993,9.536694510621713,16.22410443496443,0.0
35.875,6.080663328427186,9.835983756549249,16.288615358920065,0.0
35.88,6.268777222331181,10.142444937426085,16.37081790287993,0.0
35.885,6.46308822005903,10.45571456092284,16.469685796148248,0.0
35.89,6.662621639264746,10.776130016514498,16.588225100588193,0.0
35.895,6.868288810641014,11.10232234291338,16.726457047592138,0.0
35.9,7.079427148448848,11.434756864999303,16.88585645935266,0.0
35.905,7.297388740344469,11.771053805275475,17.066034954326575,0.0
35.910000000000004,7.519852280054321,12.111106935499333,17.26816440440771,0.0
35.915,7.749680401247825,12.453521234729363,17.494018850186784,0.0
35.92,7.98444421486657,12.800072191604665,17.743266293810468,0.0
35.925000000000004,8.22599152568147,13.145323541332875,18.018910734635025,0.0
35.93,8.472327893369592,13.48868707469132,18.31972698514084,0.0
35.935,8.722202336434833,13.831655035877603,18.647450711378255,0.0
35.94,8.97785914329851,14.169893817838176,19.002892980454735,0.0
35.945,9.23704948286661,14.502008702737337,19.385672872841702,0.0
35.95,9.501165731218242,14.826939791555285,19.79703344316945,0.0
35.955,9.768552628511916,15.142595273884574,20.23718216265349,0.0
35.96,10.038109221650142,15.446747398478562,20.706156953889906,0.0
35.965,10.307511775454916,15.734986116538396,21.204926638356923,0.0
35.97,10.578604408854622,16.006421767545167,21.73428853812151,0.0
35.975,10.850150102570234,16.256543078752085,22.291743805964078,0.0
35.980000000000004,11.12032151458723,16.483705497364205,22.876316304735617,0.0
35.985,11.388589143581635,16.6855659518112,23.48735981428037,0.0
35.99,11.653793357781474,16.859866288975446,24.125558932009675,0.0
35.995,11.9137682417841,17.000295648942146,24.786177865808703,0.0
36.0,12.168139498020595,17.10608631155795,25.468748447626627,0.0
36.005,12.41536396659232,17.174535440816896,26.1692792554644,0.0
36.01,12.653237957495097,17.203104860528775,26.88611140262558,0.0
36.015,12.879897055454562,17.18780666473969,27.61462289101709,0.0
36.02,13.095169945672449,17.12637195716738,28.352518383232827,0.0
36.025,13.296942447048249,17.018506380916563,29.095633885042897,0.0
36.03,13.483214001338053,16.86118557950296,29.839714878865315,0.0
36.035000000000004,13.651911872390553,16.652495429045963,30.57804771759091,0.0
36.04,13.801592247334819,16.393581610268136,31.306989310585347,0.0
36.045,13.931707025664425,16.082961680066262,32.02119809246033,0.0
36.050000000000004,14.038929419602312,15.722030455206664,32.71520358261213,0.0
36.055,14.12209654696172,15.313015126664133,33.3837102964358,0.0
36.06,14.181566138572897,14.857145905101468,34.01904643250543,0.0
36.065,14.21566464200209,14.356978927133023,34.61978707510759,0.0
36.07,14.223321403567867,13.814486222889908,35.17884890689106,0.0
36.075,14.203072956556495,13.233687485763689,35.69297393038146,0.0
36.08,14.15456209633604,12.618998353584345,36.15586334001595,0.0
36.085,14.076923450530982,11.979010498845133,36.56634022057225,0.0
36.09,13.971114006017533,11.316333821677638,36.921068535020275,0.0
36.095,13.837263008227595,10.636932572510963,37.21954647922174,0.0
36.1,13.678211910111802,9.94581170330104,37.45847453614405,0.0
36.105000000000004,13.492083879804872,9.249137287946093,37.638477860233074,0.0
36.11,13.280977639552042,8.553102272476153,37.761936924421306,0.0
36.115,13.044581918314947,7.860688253457492,37.826061890297645,0.0
36.12,12.784453888975385,7.181748342575257,37.833400385291554,0.0
36.125,12.504191239320186,6.516620569417436,37.787185934227374,0.0
36.13,12.204804193840541,5.872693481206538,37.690486511178605,0.0
36.135,11.887659197038221,5.250506505458435,37.546801070698564,0.0
36.14,11.555629465911123,4.657207537215939,37.358639597655284,0.0
36.145,11.210617393289375,4.093401254361965,37.129061547401534,0.0
36.15,10.856450005594295,3.560622760274152,36.862956954276285,0.0
36.155,10.492425577327792,3.0614526554882975,36.564343884555164,0.0
36.160000000000004,10.121677226114711,2.596900011047125,36.236764003877866,0.0
36.165,9.744463384088954,2.167595133673281,35.885509106271755,0.0
36.17,9.36500290829501,1.7719490002711935,35.51192600806674,0.0
36.175000000000004,8.984299999215827,1.4122313171050644,35.122154319125144,0.0
36.18,8.606486299502802,1.0855544865559184,34.71829101615324,0.0
36.185,8.229357928784342,0.7904069904007895,34.30314618226019,0.0
36.19,7.85705357070272,0.5265692169160476,33.877863598366616,0.0
36.195,7.491136767990693,0.2933973304578684,33.44736756001493,0.0
36.2,7.13230836273547,0.08853501857349916,33.01367832168972,0.0
36.205,6.7791773870468415,-0.09163360049592242,32.57619604296459,0.0
36.21,6.436385483795826,-0.24574060602068892,32.13857861708061,0.0
36.215,6.103045622659747,-0.3763940127389501,31.70174093002299,0.0
36.22,5.779773445045172,-0.48807754565519934,31.26880553861394,0.0
36.225,5.466940507173321,-0.5801726814631752,30.83782744605292,0.0
36.230000000000004,5.164962564813386,-0.6550518527118547,30.410991411384312,0.0
36.235,4.874670151191502,-0.7142086591736472,29.98762685046467,0.0
36.24,4.595654091351107,-0.7565822974018761,29.570894014890623,0.0
36.245,4.328405206033788,-0.7889234017490163,29.160016601754673,0.0
36.25,4.073700014190576,-0.8103061367668715,28.754942700016876,0.0
36.255,3.8297825312836395,-0.8226101612382154,28.355813407890036,0.0
36.26,3.59725472911306,-0.8247079691217527,27.96189297383777,0.0
36.265,3.375032334693888,-0.8200712256792424,27.575310869289847,0.0
36.27,3.1657809673090447,-0.8091003175617502,27.194992884384256,0.0
36.275,2.966013218860919,-0.7921114116062968,26.819970502580688,0.0
36.28,2.778396938602333,-0.7700861247863987,26.451711181001677,0.0
36.285000000000004,2.6021381713851617,-0.7443809552222407,26.087896086007937,0.0
36.29,2.4346114501519107,-0.7157349374762555,25.730487913806577,0.0
36.295,2.2762758739533635,-0.6834927503641316,25.379551738517446,0.0
36.300000000000004,2.128493712235035,-0.6492729781352106,25.032742025368925,0.0
36.305,1.9905973715943388,-0.6140570702521676,24.69224264789026,0.0
36.31,1.860819324345737,-0.5780925614946791,24.356937174378608,0.0
36.315,1.7389005349588051,-0.5419343382719258,24.026369873809347,0.0
36.32,1.6248298912494419,-0.5048352383665801,23.70054292886664,0.0
36.325,1.518044451327595,-0.4676768858198306,23.381142110391288,0.0
36.33,1.4184898065841922,-0.4289968628587384,23.0653173842909,0.0
36.335,1.3260429141491055,-0.3923965823368953,22.75360152255673,0.0
36.34,1.2403263277161956,-0.3563723121910711,22.448432248715594,0.0
36.345,1.1605080976266757,-0.3209273064510152,22.146575519485495,0.0
36.35,1.08615757462426,-0.28582801104655575,21.848530530372365,0.0
36.355000000000004,1.0185021268668777,-0.24999166662209926,21.555461009666256,0.0
36.36,0.9552804696006045,-0.215508122082833,21.266807575881266,0.0
36.365,0.8965234667521876,-0.18214884699225015,20.981192785799255,0.0
36.37,0.8424763300192762,-0.14940834872157957,20.700794489909473,0.0
36.375,0.7937779807068621,-0.11607785808150375,20.422690628660284,0.0
36.38,0.7494824656654181,-0.08497260659706123,20.14976613811712,0.0
36.385,0.707615080916799,-0.054601456382081186,19.87976804794506,0.0
36.39,0.6698859525818849,-0.02543819121054947,19.61559461776219,0.0
36.395,0.6349574731092802,0.002223407137931465,19.353473333570527,0.0
36.4,0.603286070494936,0.029872566555458818,19.0963243604101,0.0
36.405,0.5747709842489331,0.056833557925945216,18.841849604675062,0.0
36.410000000000004,0.5490857216608905,0.08266184429055168,18.591285073541535,0.0
36.415,0.5268195274193361,0.10853841260752922,18.34448555073427,0.0
36.42,0.5055279837195341,0.13260053133661906,18.10150765724959,0.0
36.425000000000004,0.4852680616015947,0.15608281440290794,17.86057944013529,0.0
36.43,0.4691557627554666,0.18066842529802885,17.622863393860936,0.0
36.435,0.45479276794326934,0.2025446078758933,17.38794799440523,0.0
36.44,0.4421008646001248,0.22465627419901593,17.155443953448685,0.0
36.445,0.4317049178688424,0.24730589833617636,16.92803246169082,0.0
36.45,0.42365544790254606,0.26904222286112606,16.70296152191695,0.0
36.455,0.41650747410319494,0.2902484242846028,16.480043763628505,0.0
36.46,0.409099215540311,0.3118217661638799,16.25928410834499,0.0
36.465,0.4040167502908029,0.3342436960247019,16.043094822675478,0.0
36.47,0.4008342778424557,0.3565287556237438,15.830659421019188,0.0
36.475,0.39815941297818247,0.3782718119668983,15.620776169286716,0.0
36.480000000000004,0.396014490197048,0.40119115774571373,15.413194207887132,0.0
36.485,0.39556243412340114,0.4246167634670561,15.208622952138043,0.0
36.49,0.39592821076794005,0.44790936786572993,15.007893736816103,0.0
36.495,0.3985900947437009,0.47121754828584683,14.808770388011272,0.0
36.5,0.4033413803909962,0.4944330721040653,14.61211966733567,0.0
36.505,0.40825564219092947,0.5198221447415491,14.418314304280644,0.0
36.51,0.41445756091801556,0.5455465789304733,14.228415208892448,0.0
36.515,0.4220592651356392,0.5716468360040594,14.038853319064929,0.0
36.52,0.4294135540158964,0.5987579039441494,13.852847988449932,0.0
36.525,0.43728528519764553,0.6258004047416819,13.669328519484253,0.0
36.53,0.44692128431003464,0.6540901252261362,13.488616613187233,0.0
36.535000000000004,0.45682191015407564,0.6837748114699106,13.309185267249104,0.0
36.54,0.4684909594562493,0.7140415330889899,13.132500749372472,0.0
36.545,0.4813720193858487,0.7454304803126236,12.958651332639194,0.0
36.550000000000004,0.495255127812028,0.7773799708808283,12.78856793893344,0.0
36.555,0.5099281937723295,0.8117371916232337,12.620187555395633,0.0
36.56,0.5260417433942992,0.8451244315278762,12.453582271524658,0.0
36.565,0.5419195907516164,0.8821915805891006,12.289256236764558,0.0
36.57,0.5582926620673143,0.9194461856672199,12.127737032314913,0.0
36.575,0.5767553124916502,0.9586410425670934,11.96835233252381,0.0
36.58,0.5959284363042578,0.9997256452627707,11.810954388162603,0.0
36.585,0.6161277748735922,1.0427488114663899,11.656008645092628,0.0
36.59,0.6367983968365506,1.0882558946622227,11.50271134515569,0.0
36.595,0.6596145659582527,1.1364172311386016,11.35287042976264,0.0
36.6,0.6831199771218048,1.1858245769061988,11.204366679378193,0.0
36.605000000000004,0.708362350838464,1.2373384335700823,11.058449061140418,0.0
36.61,0.7352650192922726,1.291075965826909,10.916121124215294,0.0
36.615,0.763725307450442,1.34623937960845,10.775757508069903,0.0
36.62,0.7917216446359902,1.4059712517448537,10.637135465781958,0.0
36.625,0.822412263987051,1.4677409107907566,10.501211180568701,0.0
36.63,0.8565595460102715,1.5319630147965848,10.36669987741671,0.0
36.635,0.8905860026993488,1.6007492619717834,10.23461063425957,0.0
36.64,0.9250611825149087,1.671683632710368,10.104343215413182,0.0
36.645,0.9622433661340136,1.7453646078855725,9.977039048164785,0.0
36.65,1.00207564177482,1.8244215954606422,9.852780456923574,0.0
36.655,1.044820927557989,1.9051431738797158,9.729606191536442,0.0
36.660000000000004,1.0877257613178792,1.99104859907322,9.609096242461813,0.0
36.665,1.1336345478269052,2.0809630994682684,9.491558994388146,0.0
36.67,1.1813702007163962,2.17460737079523,9.37682159252423,0.0
36.675000000000004,1.2306327762560338,2.2743022630353456,9.263780167713277,0.0
36.68,1.2816667295024522,2.377439908856563,9.15452108622698,0.0
36.685,1.3360505681012245,2.4876599686451395,9.04844666807273,0.0
36.69,1.393838473433889,2.6005702150515093,8.944975411964117,0.0
36.695,1.4558603731224817,2.719405169582097,8.843871912112906,0.0
36.7,1.518688130064225,2.844860337299583,8.746793042244466,0.0
36.705,1.584782750759088,2.978244542268343,8.651416031322572,0.0
36.71,1.6551423465470934,3.116503433103286,8.55858817650668,0.0
36.715,1.7289353961195044,3.2616418396677287,8.469745974491873,0.0
36.72,1.8054699435364328,3.4147561258190797,8.385145166951705,0.0
36.725,1.885577505730644,3.5745641361248786,8.302960428966388,0.0
36.730000000000004,1.9700840153019623,3.7420082472102973,8.226151136498604,0.0
36.735,2.0598986131322774,3.91804505522393,8.152897945535623,0.0
36.74,2.152209766410389,4.102864371324922,8.084882260225367,0.0
36.745,2.2501838489304817,4.297252290750624,8.020838119494984,0.0
36.75,2.3525795344155274,4.501904114306378,7.963107830118557,0.0
36.755,2.459484266936189,4.714808340053574,7.909779227270884,0.0
36.76,2.5730666052032327,4.938125032185386,7.861386189872437,0.0
36.765,2.691698697740084,5.172462966134519,7.820132695899171,0.0
36.77,2.8147292162803974,5.417540769970543,7.786253729836378,0.0
36.775,2.9448801029524088,5.6751184613027625,7.7602580757517865,0.0
36.78,3.0811332176580124,5.944933308557291,7.741064353555815,0.0
36.785000000000004,3.224781292024697,6.228256045971859,7.730554583262519,0.0
36.79,3.3754626348992325,6.525190872718917,7.72838549392323,0.0
36.795,3.533536190108208,6.834268709889831,7.735844892315524,0.0
36.800000000000004,3.699131601502429,7.158901124865085,7.752698915022074,0.0
36.805,3.87120443532649,7.497648246490422,7.783043708585083,0.0
36.81,4.053458645868933,7.852002061220499,7.8251154992122025,0.0
36.815,4.243592759476377,8.221228621750312,7.880532376238879,0.0
36.82,4.44266130066752,8.606893219220352,7.949219577522846,0.0
36.825,4.65039926915475,9.00949097561577,8.033868461234883,0.0
36.83,4.869771009292878,9.428659234063126,8.13489496338133,0.0
36.835,5.097091612530731,9.864467016346,8.256645321800955,0.0
36.84,5.3341839332924605,10.32008017063754,8.398498935130444,0.0
36.845,5.582376698674756,10.79090513105956,8.560491856523857,0.0
36.85,5.842745419642114,11.27843309097895,8.746398054292186,0.0
36.855000000000004,6.115544144382426,11.784004608227791,8.958741139686493,0.0
36.86,6.398962045751749,12.308292368841613,9.199604904422621,0.0
36.865,6.693809453356492,12.848408608784307,9.471236300540054,0.0
36.87,7.000956700275617,13.402266297505193,9.776223673681447,0.0
36.875,7.320793270514833,13.973698617967612,10.115151310588347,0.0
36.88,7.651367175131315,14.558640238696622,10.490545672550883,0.0
36.885,7.996923928932236,15.156184703783667,10.907382879033724,0.0
36.89,8.354978483672436,15.763777985821713,11.36925619637935,0.0
36.895,8.724474180605553,16.380562249593495,11.8754542630953,0.0
36.9,9.108271593820294,17.001946915932535,12.431804521081661,0.0
36.905,9.50352327905982,17.62489801260516,13.041855979733931,0.0
36.910000000000004,9.909696676636619,18.246621111999673,13.705178579298527,0.0
36.915,10.327398778217916,18.863168952410636,14.427466447844827,0.0
36.92,10.754837926867394,19.470547159432964,15.210175533582145,0.0
36.925000000000004,11.19091301079258,20.06078619853858,16.054894969108908,0.0
36.93,11.633424095346731,20.629805334889866,16.963347186177927,0.0
36.935,12.084191602883042,21.168571333722337,17.936613084221452,0.0
36.94,12.538581846092269,21.67104311983825,18.97732943968066,0.0
36.945,12.994775735109775,22.128718588582952,20.08376991010539,0.0
36.95,13.451752371586824,22.53335223565719,21.25480814207286,0.0
36.955,13.905229130492405,22.873647956114816,22.48669773250751,0.0
36.96,14.353396853105792,23.140672192572367,23.777195043154418,0.0
36.965,14.793130237997211,23.327474610160206,25.12082803023651,0.0
36.97,15.220172424669977,23.423248232360958,26.512221007014332,0.0
36.975,15.630722356319236,23.41937955496311,27.94110470272001,0.0
36.980000000000004,16.02032719833635,23.306111432918524,29.398711845246382,0.0
36.985,16.385507457692686,23.076771265096447,30.873263232542204,0.0
36.99,16.7202702884639,22.724815673166823,32.35265277853598,0.0
36.995,17.019701036440598,22.24701500573043,33.82062050157456,0.0
37.0,17.280906986384508,21.640923206649322,35.26321686726722,0.0
37.005,17.49964888691146,20.905344509502797,36.66257819254227,0.0
37.01,17.669532994944387,20.041935535948543,38.003028566132755,0.0
37.015,17.786553123764218,19.05866680659586,39.26669374618992,0.0
37.02,17.850795161186515,17.961773158694445,40.43907518670577,0.0
37.025,17.854599119812335,16.761360007319293,41.50377981582693,0.0
37.03,17.80009891799225,15.471220682314414,42.44627630600655,0.0
37.035000000000004,17.683739838241106,14.107986960151562,43.2554703239754,0.0
37.04,17.505516920512733,12.68807467859435,43.926746071118224,0.0
37.045,17.264455385441675,11.231371021222364,44.45214127142883,0.0
37.050000000000004,16.96187749288213,9.755460977409129,44.8289379353102,0.0
37.055,16.600968447031892,8.278425394872256,45.05844112448387,0.0
37.06,16.184020167499344,6.820014814842223,45.1451346764985,0.0
37.065,15.715337747917385,5.3981563697542185,45.09490761232265,0.0
37.07,15.200079337971516,4.027273529173833,44.917697321204976,0.0
37.075,14.641454211631526,2.7202805755112287,44.625908229726285,0.0
37.08,14.04618283041349,1.490031860707645,44.23082376819454,0.0
37.085,13.418832505105007,0.3405569776911208,43.74607587225985,0.0
37.09,12.764120538942633,-0.7165620051887922,43.186127192764665,0.0
37.095,12.088678007648237,-1.6818853910925202,42.56259691600927,0.0
37.1,11.400636902592485,-2.5538766387222305,41.893519796111526,0.0
37.105000000000004,10.703201434681985,-3.334217282936004,41.19036990794081,0.0
37.11,10.001158620913722,-4.022736184607655,40.46365562929255,0.0
37.115,9.298833738050648,-4.627491686748948,39.72240392682145,0.0
37.12,8.60153287513631,-5.1494182917049,38.97709676094653,0.0
37.125,7.914154283636347,-5.595722217846428,38.23585343451127,0.0
37.13,7.238793754805071,-5.972983746032014,37.50488971183064,0.0
37.135,6.5784011553715,-6.287293446967037,36.78944838614517,0.0
37.14,5.9347479990962135,-6.545288612355142,36.09288436321036,0.0
37.145,5.312318267754785,-6.753148845219067,35.41880357580158,0.0
37.15,4.708262411044661,-6.916759657532348,34.76665658863584,0.0
37.155,4.127355245598813,-7.043373610047279,34.14031901919595,0.0
37.160000000000004,3.5679500538773206,-7.13576547675107,33.5392898923037,0.0
37.165,3.0342249613424968,-7.19820134284684,32.964156415636204,0.0
37.17,2.5205774341221807,-7.237657725144489,32.41637368818725,0.0
37.175000000000004,2.0331601333169522,-7.258370348936344,31.89147327397196,0.0
37.18,1.5677179308809643,-7.261322693483195,31.393461826086842,0.0
37.185,1.125931326086071,-7.251881938845842,30.918313291482153,0.0
37.19,0.7060396973897125,-7.232146131886363,30.46513951019056,0.0
37.195,0.30978184404636416,-7.20445510941522,30.0337889893181,0.0
37.2,-0.06543112718273741,-7.170740706454727,29.622349765004127,0.0
37.205,-0.42177442139007726,-7.133189307547382,29.228206930679253,0.0
37.21,-0.7579548763055424,-7.093652629131896,28.85396934372178,0.0
37.215,-1.0736977241819328,-7.054041839938265,28.494991482418566,0.0
37.22,-1.3722359268430209,-7.016104180661516,28.15388542060924,0.0
37.225,-1.6535763516250754,-6.980012540503787,27.825623825815313,0.0
37.230000000000004,-1.9185376754209558,-6.947438983629583,27.512603369230764,0.0
37.235,-2.1693813668137887,-6.91633346213019,27.21244067297019,0.0
37.24,-2.4072967282311395,-6.890675332710053,26.924175921910123,0.0
37.245,-2.63186294734076,-6.868741296504763,26.648051846643625,0.0
37.25,-2.8440646184529585,-6.852211409549329,26.38287033979621,0.0
37.255,-3.0447043815773003,-6.842023239601615,26.12785867367809,0.0
37.26,-3.2350662767692273,-6.836538773803217,25.883508384279626,0.0
37.265,-3.414027752414807,-6.835766919377707,25.647821486897076,0.0
37.27,-3.5841903013986833,-6.842172004432482,25.42197459153925,0.0
37.275,-3.747116456409125,-6.853187081606157,25.20572073251906,0.0
37.28,-3.90164982093185,-6.872007652260987,24.99821735237148,0.0
37.285000000000004,-4.0489705970954635,-6.894881883147351,24.798768916611955,0.0
37.29,-4.192022962524026,-6.924875910705644,24.60729091703598,0.0
37.295,-4.327557079858259,-6.960363245196326,24.42470988899072,0.0
37.300000000000004,-4.460339360991487,-7.001975001454941,24.249684823898573,0.0
37.305,-4.587939016153883,-7.050943226618505,24.081873902465375,0.0
37.31,-4.711542941546338,-7.1045296317300854,23.92146926960951,0.0
37.315,-4.8303661545382495,-7.165948632125277,23.770490831251955,0.0
37.32,-4.947173591594773,-7.233489430570126,23.62651386571743,0.0
37.325,-5.060732414012169,-7.306270995523049,23.49020455711762,0.0
37.33,-5.171984520183794,-7.3834192299382115,23.359839196144407,0.0
37.335,-5.283343569177307,-7.466758105332388,23.2392550490279,0.0
37.34,-5.392763825947169,-7.555171783202113,23.12627259292704,0.0
37.345,-5.499935264592378,-7.647491717729245,23.02219767569454,0.0
37.35,-5.607632792597367,-7.746675983646992,22.925517614839215,0.0
37.355000000000004,-5.716278122072752,-7.849894875023342,22.837239922498902,0.0
37.36,-5.822335433187677,-7.958121316164535,22.75790341282933,0.0
37.365,-5.929082232815132,-8.07146071839519,22.685406253414413,0.0
37.37,-6.03560122942914,-8.18834248742254,22.62160340850897,0.0
37.375,-6.143780318814191,-8.309578596667922,22.566765104246468,0.0
37.38,-6.251216245523649,-8.43523733151815,22.52167541960035,0.0
37.385,-6.360140655557391,-8.564684258762266,22.48397942916173,0.0
37.39,-6.471006206226318,-8.696778453323759,22.456598333000528,0.0
37.395,-6.580881987169606,-8.83340071938231,22.4383152478577,0.0
37.4,-6.6935308365420285,-8.972086270959474,22.4296577925973,0.0
37.405,-6.80762603601381,-9.113366384016501,22.431268450937893,0.0
37.410000000000004,-6.923061467568479,-9.2565458863953,22.441037449407148,0.0
37.415,-7.0393181486623355,-9.402177176762683,22.461623625457815,0.0
37.42,-7.157820306472514,-9.550185093193525,22.492545287209428,0.0
37.425000000000004,-7.278118967331668,-9.699289468215747,22.53417706210162,0.0
37.43,-7.399102806213477,-9.851228854639043,22.586636819971897,0.0
37.435,-7.5218840519633945,-10.002237284793578,22.651460742574358,0.0
37.44,-7.646312802123321,-10.15322484858931,22.725569876508672,0.0
37.445,-7.77098390958811,-10.304279636137826,22.81041219231862,0.0
37.45,-7.8968054785546995,-10.454326969644352,22.906752832241136,0.0
37.455,-8.023318468789633,-10.603945653691449,23.014855506323734,0.0
37.46,-8.1525688827456,-10.750703840815365,23.13307604660056,0.0
37.465,-8.284338957175633,-10.894576891719996,23.264705431015212,0.0
37.47,-8.413836117498636,-11.036098333043297,23.406019956060724,0.0
37.475,-8.545244083859085,-11.175333451410902,23.558135816401975,0.0
37.480000000000004,-8.676797808394307,-11.3098288709482,23.719970599065313,0.0
37.485,-8.808077290915136,-11.438722833081234,23.894495353271182,0.0
37.49,-8.938286303317447,-11.563232034692096,24.07934854658844,0.0
37.495,-9.068016147065165,-11.681388034919514,24.274800780299408,0.0
37.5,-9.198497463372517,-11.790893219301832,24.480637708655383,0.0
37.505,-9.329156754780184,-11.893699152101382,24.695551408131173,0.0
37.51,-9.458047770358915,-11.987599512255626,24.92022082424305,0.0
37.515,-9.585474096662612,-12.07358438059408,25.15453988702583,0.0
37.52,-9.709954951997254,-12.148513479481688,25.397605126756748,0.0
37.525,-9.830229716343034,-12.213314916074854,25.649007037424273,0.0
37.53,-9.94913624390014,-12.268710443847423,25.907743269696955,0.0
37.535000000000004,-10.06494376050977,-12.311353958170233,26.171958533868633,0.0
37.54,-10.177180685900458,-12.341669117674087,26.44302298713632,0.0
37.545,-10.284759441809369,-12.359099284559774,26.719313209516194,0.0
37.550000000000004,-10.387445972297092,-12.363674467340925,26.99861788485398,0.0
37.555,-10.486882667189569,-12.354938417532463,27.28026833203008,0.0
37.56,-10.580285414025994,-12.330869881765008,27.56401247604707,0.0
37.565,-10.667779463916773,-12.292772344618516,27.84850137049342,0.0
37.57,-10.748976295374309,-12.239608496118278,28.132464036677206,0.0
37.575,-10.823898209953091,-12.171967719262016,28.414531611831976,0.0
37.58,-10.892357150884344,-12.086761882948505,28.694060388539054,0.0
37.585,-10.950528563896988,-11.98912181736313,28.969368861323076,0.0
37.59,-11.002023068781513,-11.875443162124672,29.239230100013827,0.0
37.595,-11.046916013502988,-11.748500040125311,29.502919899085878,0.0
37.6,-11.082149129957147,-11.607561933094027,29.75899137863312,0.0
37.605000000000004,-11.108029906546333,-11.452928694757608,30.00568300702765,0.0
37.61,-11.12454623826059,-11.284841055484923,30.242253011589224,0.0
37.615,-11.131950489979651,-11.10416562945049,30.46749262035513,0.0
37.62,-11.130355903446807,-10.911696199741483,30.679141096747657,0.0
37.625,-11.119699826043718,-10.708060256536893,30.876891905648122,0.0
37.63,-11.099238436678013,-10.494359635663077,31.05995864205632,0.0
37.635,-11.069081297986585,-10.270946024117878,31.226837775330623,0.0
37.64,-11.029072316747415,-10.041513371954663,31.378204716538242,0.0
37.645,-10.980114284281798,-9.805472426308617,31.514456084935198,0.0
37.65,-10.920903925336416,-9.563623254734484,31.6333816716762,0.0
37.655,-10.852771496810842,-9.317634984356825,31.733316592124996,0.0
37.660000000000004,-10.775596320035673,-9.067949462433239,31.816073681710403,0.0
37.665,-10.691343126233434,-8.8164082139824,31.8822969862835,0.0
37.67,-10.597985887464219,-8.565656589619762,31.928743207840007,0.0
37.675000000000004,-10.496549287249737,-8.31472714531559,31.95613003733288,0.0
37.68,-10.387550084738647,-8.067073820052519,31.96737129437144,0.0
37.685,-10.27155362872494,-7.820819074775548,31.95854402514826,0.0
37.69,-10.148103594575982,-7.578222055754727,31.934988784661414,0.0
37.695,-10.01847408007559,-7.34018789834428,31.89457758320743,0.0
37.7,-9.885595479117452,-7.1071092641898295,31.837235638927314,0.0
37.705,-9.745922739074667,-6.880465681944039,31.763709274072095,0.0
37.71,-9.602485004099377,-6.663123824629375,31.67461180018589,0.0
37.715,-9.45477332343791,-6.453862687705884,31.571421694817513,0.0
37.72,-9.30403230490946,-6.253724724977201,31.455591302200414,0.0
37.725,-9.151688849694656,-6.062421777650488,31.326722120822474,0.0
37.730000000000004,-8.997325993332069,-5.880014264015691,31.1860582528566,0.0
37.735,-8.839812625026848,-5.707137415663964,31.03518421874248,0.0
37.74,-8.684010272813955,-5.544843374029516,30.873672446411696,0.0
37.745,-8.526206210627336,-5.3925523202898376,30.703269751568158,0.0
37.75,-8.36945118430903,-5.249134172236561,30.52394340826432,0.0
37.755,-8.21276306018199,-5.1168458415443805,30.336380268100413,0.0
37.76,-8.058621824525698,-4.995695349117242,30.141598651572735,0.0
37.765,-7.906105569545015,-4.8840123408621015,29.940543762085618,0.0
37.77,-7.755554935970841,-4.783797580948159,29.734454600616182,0.0
37.775,-7.607810669411659,-4.691890077770609,29.52298040482556,0.0
37.78,-7.462481346766602,-4.611248393253964,29.307640793011974,0.0
37.785000000000004,-7.319829096701628,-4.540527276820049,29.088216018897526,0.0
37.79,-7.179802050404292,-4.4775666051211145,28.86687073351898,0.0
37.795,-7.044527833738225,-4.423690576136944,28.64144845164278,0.0
37.800000000000004,-6.9129226267947015,-4.378604532467899,28.41644533962703,0.0
37.805,-6.78518369722207,-4.341552547109426,28.187914569340432,0.0
37.81,-6.663564903571239,-4.312879606773147,27.959450828565334,0.0
37.815,-6.546029351765519,-4.2916570775353655,27.73128160931083,0.0
37.82,-6.4338165790315225,-4.2791816498888755,27.50165649302394,0.0
37.825,-6.3260501743441315,-4.274196534242651,27.27355160079704,0.0
37.83,-6.2233907276986535,-4.276803597543649,27.04562488131827,0.0
37.835,-6.127593473207068,-4.2843557559580505,26.81778712526751,0.0
37.84,-6.035535324964055,-4.29898816533952,26.591124189744054,0.0
37.845,-5.950212368141228,-4.321150381702913,26.366810808741423,0.0
37.85,-5.870469374363236,-4.348587295996068,26.14309301785569,0.0
37.855000000000004,-5.7954561449685,-4.38107480148493,25.921375173044062,0.0
37.86,-5.725472636170178,-4.420721832011781,25.70335339795462,0.0
37.865,-5.659877338290383,-4.463605105495259,25.486550933607628,0.0
37.87,-5.601421809003228,-4.511357362429147,25.273380398442928,0.0
37.875,-5.547248543153117,-4.566227680791049,25.062877305333377,0.0
37.88,-5.498819474114488,-4.625240897233874,24.855377323362262,0.0
37.885,-5.4549052115691445,-4.688244013851012,24.65088143321326,0.0
37.89,-5.416358061804381,-4.7559196365782626,24.450076753922616,0.0
37.895,-5.3841183481070365,-4.827460448906407,24.253287247380133,0.0
37.9,-5.35607366045691,-4.903728539139809,24.06011724448958,0.0
37.905,-5.3337607547190355,-4.986482701011172,23.870576232297303,0.0
37.910000000000004,-5.315392571849457,-5.072620050582538,23.685337661911728,0.0
37.915,-5.303229040831442,-5.162757570256047,23.503830579058924,0.0
37.92,-5.295671921842913,-5.255366891607705,23.327547285888418,0.0
37.925000000000004,-5.2937861917735525,-5.353006047258836,23.15571156776091,0.0
37.93,-5.297249117826057,-5.45514365709061,22.989325286781305,0.0
37.935,-5.304891558981243,-5.560003832135926,22.82798265234666,0.0
37.94,-5.317087485324815,-5.668859061194133,22.670826343067578,0.0
37.945,-5.334851523855526,-5.782185767980382,22.519818272931648,0.0
37.95,-5.356857208811559,-5.899250087175785,22.373420806652064,0.0
37.955,-5.384026319113793,-6.020651100417581,22.233356372250547,0.0
37.96,-5.415819927867843,-6.145293280876206,22.098444527905595,0.0
37.965,-5.451035126785833,-6.274357777772058,21.970147110231398,0.0
37.97,-5.492421711345666,-6.40618462213275,21.84772247673059,0.0
37.975,-5.5383969823206485,-6.543766718060095,21.73138721535591,0.0
37.980000000000004,-5.586892235478418,-6.685483632605061,21.62386476779136,0.0
37.985,-5.641397616902694,-6.829248821494428,21.522581142385864,0.0
37.99,-5.699869211355074,-6.978233376101641,21.428028586971497,0.0
37.995,-5.7631363808347,-7.130369313169757,21.34131901309026,0.0
38.0,-5.83041872591729,-7.285755304693406,21.26293182375075,0.0
38.005,-5.903198652859622,-7.445073196409849,21.19083930229474,0.0
38.01,-5.979976028264082,-7.60920765025304,21.128025697679412,0.0
38.015,-6.060769689770209,-7.776875254748658,21.074439451592266,0.0
38.02,-6.145822839120456,-7.948159248123558,21.029392868186434,0.0
38.025,-6.235884895767195,-8.122856862945051,20.99224035788683,0.0
38.03,-6.330573298192894,-8.300590284422542,20.965424121882318,0.0
38.035000000000004,-6.428324604166527,-8.482080300614907,20.9481220925659,0.0
38.04,-6.530757021360258,-8.666574216432803,20.940544161622334,0.0
38.045,-6.636744923707283,-8.855213757114464,20.943615597917226,0.0
38.050000000000004,-6.747292337130316,-9.045125949374015,20.95751132698252,0.0
38.055,-6.862660280690518,-9.237100150610118,20.983184249041642,0.0
38.06,-6.981825147096383,-9.43189021679972,21.01915867774757,0.0
38.065,-7.104421425408679,-9.628020129386124,21.067466839241376,0.0
38.07,-7.231445115298489,-9.826014637947983,21.128261212313873,0.0
38.075,-7.360914555149815,-10.025388715967836,21.20278593011547,0.0
38.08,-7.494085745821622,-10.22614381178095,21.289642737058443,0.0
38.085,-7.630747758582612,-10.426401153399057,21.387868051546995,0.0
38.09,-7.771299618060055,-10.62604669971381,21.499896061052187,0.0
38.095,-7.9135392300743,-10.82522298412037,21.627032791276495,0.0
38.1,-8.060061739541009,-11.022891486006241,21.768024859861292,0.0
38.105000000000004,-8.207052835736924,-11.219221463011655,21.921264518113055,0.0
38.11,-8.358932320239889,-11.413585483043661,22.090144900075146,0.0
38.115,-8.510638617152024,-11.604007780115188,22.271573865943665,0.0
38.12,-8.665434551866534,-11.78918053919691,22.46806356826048,0.0
38.125,-8.821733180120187,-11.96923762346881,22.67895305667044,0.0
38.13,-8.97914895021944,-12.144472453930065,22.90285397450008,0.0
38.135,-9.13893671790215,-12.312473893126954,23.14377366015903,0.0
38.14,-9.296244782252034,-12.471309356620415,23.39961012551937,0.0
38.145,-9.454694838707386,-12.623040062149428,23.668432567880572,0.0
38.15,-9.612577388693213,-12.764536425473931,23.950291280203082,0.0
38.155,-9.770442926862808,-12.89573734736467,24.24418435546616,0.0
38.160000000000004,-9.9272304816285,-13.013994221972554,24.550731068472132,0.0
38.165,-10.082000113683844,-13.12115980666217,24.868043394672245,0.0
38.17,-10.233839439539464,-13.213786071147183,25.198251211210774,0.0
38.175000000000004,-10.382471158204075,-13.292229733121172,25.539008953726587,0.0
38.18,-10.528641612293535,-13.35349358024401,25.88789485586768,0.0
38.185,-10.669791073596402,-13.397624884969414,26.245098010719378,0.0
38.19,-10.806042786854423,-13.425641607479484,26.609818178500664,0.0
38.195,-10.936363729725922,-13.43331484042259,26.980129875236106,0.0
38.2,-11.061459596927099,-13.421392571974842,27.355476112192342,0.0
38.205,-11.181156532625007,-13.390738649227831,27.733924548145016,0.0
38.21,-11.291621592003926,-13.338598271755917,28.11211995036837,0.0
38.215,-11.393609960235755,-13.264333263367714,28.489665581276775,0.0
38.22,-11.486266267360923,-13.16870061286457,28.86485354171319,0.0
38.225,-11.571285001372829,-13.05305164100731,29.23605043122478,0.0
38.230000000000004,-11.644351785126362,-12.916704757047768,29.6017868219681,0.0
38.235,-11.70775903484,-12.759386887766068,29.959132974509856,0.0
38.24,-11.760782820097248,-12.580626258169977,30.307225186962953,0.0
38.245,-11.802589864401215,-12.381921798820494,30.642981477408963,0.0
38.25,-11.832132430463062,-12.164765855975247,30.965305771290737,0.0
38.255,-11.849262354728088,-11.928105334500902,31.27149572194219,0.0
38.26,-11.852909063663933,-11.675394134187762,31.56304544724829,0.0
38.265,-11.844851537454021,-11.405561582945971,31.83445921020452,0.0
38.27,-11.821671344165567,-11.121711118362029,32.08657476106955,0.0
38.275,-11.786274115119223,-10.823619389985717,32.31562666702095,0.0
38.28,-11.73783457682066,-10.515759712906315,32.523231331650024,0.0
38.285000000000004,-11.677974391452778,-10.197590291326739,32.70650895476742,0.0
38.29,-11.603442424118926,-9.871727792805718,32.867049798479016,0.0
38.295,-11.516319992414122,-9.5406691251821,33.00221739346534,0.0
38.300000000000004,-11.416879736078755,-9.205659776836084,33.112864308427724,0.0
38.305,-11.306082752329832,-8.86814365191863,33.19685818288873,0.0
38.31,-11.184947018199086,-8.530756976320381,33.255069605503024,0.0
38.315,-11.051021928232014,-8.194700845040213,33.28999401161442,0.0
38.32,-10.9080595309313,-7.86216246522897,33.29875859781966,0.0
38.325,-10.75569588257688,-7.533414024924724,33.28364636540611,0.0
38.33,-10.595208190738008,-7.210548572413906,33.24560029514902,0.0
38.335,-10.426330140550002,-6.896922349085768,33.184651294167274,0.0
38.34,-10.250321804157457,-6.592063642156804,33.10214390706217,0.0
38.345,-10.06683883377249,-6.298146061066329,32.998255577596964,0.0
38.35,-9.878741085040806,-6.013895304107945,32.87502040819362,0.0
38.355000000000004,-9.685448965163177,-5.743058727940526,32.73546435482008,0.0
38.36,-9.487918212564296,-5.485411934277393,32.5769302185966,0.0
38.365,-9.287098045450293,-5.239872347904774,32.40319124570901,0.0
38.37,-9.084463735548518,-5.008910219300642,32.21447048882521,0.0
38.375,-8.880091707104516,-4.792608051039023,32.01284089525412,0.0
38.38,-8.675180085313967,-4.591243893928096,31.7985332817156,0.0
38.385,-8.470942216912826,-4.405287042851788,31.573355291980878,0.0
38.39,-8.266886513606417,-4.23244121668532,31.339166463006624,0.0
38.395,-8.06594775327993,-4.072674807128587,31.096109501086264,0.0
38.4,-7.8653326752316834,-3.927207376248418,30.844840734177133,0.0
38.405,-7.668586625402461,-3.794759776669415,30.587048551166138,0.0
38.410000000000004,-7.474841354720543,-3.6759923751803467,30.326241946498367,0.0
38.415,-7.286294447875257,-3.570746662539527,30.059765005716425,0.0
38.42,-7.100048594152761,-3.477178040228384,29.789144200927392,0.0
38.425000000000004,-6.918056084018999,-3.3951997974067507,29.51510666276126,0.0
38.43,-6.742672065735802,-3.325944913502893,29.240126489351663,0.0
38.435,-6.572289489461911,-3.267453930079175,28.962758578204568,0.0
38.44,-6.406191682530046,-3.2195491574642534,28.683625113258405,0.0
38.445,-6.246157857895463,-3.182232218680484,28.404551152450324,0.0
38.45,-6.09280353215617,-3.1553647248221903,28.12502343388146,0.0
38.455,-5.94532918396256,-3.135664335529871,27.84545805952203,0.0
38.46,-5.8038433639930105,-3.1247185872938603,27.566887446227064,0.0
38.465,-5.671482309596937,-3.1219771598316735,27.289373292821317,0.0
38.47,-5.544464606096807,-3.1266549187782195,27.01353707933173,0.0
38.475,-5.422862353288112,-3.137692202026887,26.73992534149947,0.0
38.480000000000004,-5.308139637031576,-3.155634730946167,26.46923842908564,0.0
38.485,-5.201630913935383,-3.180634427457449,26.20039042295702,0.0
38.49,-5.100910375497471,-3.211835532553291,25.933924119517254,0.0
38.495,-5.00741465234962,-3.249731897019828,25.67053313400708,0.0
38.5,-4.918645760789753,-3.2917826858745443,25.40843820604608,0.0
38.505,-4.837190839058939,-3.3387100863559587,25.15009456247799,0.0
38.51,-4.761304075461088,-3.3926724716401293,24.89537566923093,0.0
38.515,-4.693800753898298,-3.4498404458355063,24.644288487629716,0.0
38.52,-4.63027792873673,-3.5102078138476736,24.39674394619995,0.0
38.525,-4.574462536963729,-3.5759141904909844,24.152398841683805,0.0
38.53,-4.5245873477457685,-3.646425798217245,23.911190473559998,0.0
38.535000000000004,-4.481427684064639,-3.7197145538863996,23.674953191808953,0.0
38.54,-4.4434268938602735,-3.7983501983034342,23.4441070293859,0.0
38.545,-4.410773006739865,-3.880280388846468,23.2157762350946,0.0
38.550000000000004,-4.3850857703999715,-3.966555464205636,22.991022743181468,0.0
38.555,-4.3650530058688775,-4.057270405404319,22.771280290881123,0.0
38.56,-4.3499258195408315,-4.150157193513566,22.556191532690146,0.0
38.565,-4.340713939052058,-4.247216350696901,22.346410620886406,0.0
38.57,-4.336316960609779,-4.348439849762675,22.140410066593017,0.0
38.575,-4.336719515360481,-4.454301438087345,21.93976803682474,0.0
38.58,-4.3428227534312995,-4.562697329230753,21.74256674166021,0.0
38.585,-4.354834579714969,-4.676694987725011,21.550092151488467,0.0
38.59,-4.36977270800554,-4.793588067025284,21.364081095981373,0.0
38.595,-4.389900637138654,-4.9145132970432295,21.184112402802377,0.0
38.6,-4.415846576945611,-5.040179500956132,21.009367781389926,0.0
38.605000000000004,-4.446035425506903,-5.167845306168866,20.840181173925984,0.0
38.61,-4.482312785976255,-5.300621225801361,20.67748761782913,0.0
38.615,-4.523694308894245,-5.438864130164413,20.521084442880987,0.0
38.62,-4.568629606451805,-5.582479978679964,20.370080318882724,0.0
38.625,-4.618599695639428,-5.728452551282881,20.226690583279815,0.0
38.63,-4.673305208571285,-5.8789493634594425,20.0889749081713,0.0
38.635,-4.733831741540959,-6.033043735975691,19.957875751688235,0.0
38.64,-4.799013475423592,-6.192815674887695,19.83407154259463,0.0
38.645,-4.868210585066294,-6.35740516826762,19.717897180353628,0.0
38.65,-4.943809649418048,-6.527025215085054,19.610801377786792,0.0
38.655,-5.023582910384919,-6.701507658560933,19.51051044975687,0.0
38.660000000000004,-5.1074357647650395,-6.882051515212049,19.41894424701834,0.0
38.665,-5.196428693427467,-7.067835022267543,19.33565006676731,0.0
38.67,-5.290204933736551,-7.257432633320281,19.26226763554749,0.0
38.675000000000004,-5.38856955431634,-7.4530659965634545,19.197292313159853,0.0
38.68,-5.492633959235487,-7.653463221127612,19.142206519650568,0.0
38.685,-5.600135647995931,-7.858369386698164,19.09800000819835,0.0
38.69,-5.71398875178693,-8.067271279910228,19.06267524600555,0.0
38.695,-5.832348724750549,-8.281910350656794,19.039555664813943,0.0
38.7,-5.9540404952948744,-8.50125542910126,19.026254558632115,0.0
38.705,-6.081688591326353,-8.726933170521018,19.025119701979218,0.0
38.71,-6.214651222692494,-8.95721315950016,19.03641072213246,0.0
38.715,-6.352879927935762,-9.190656624555393,19.060362065958913,0.0
38.72,-6.494139649294232,-9.429318906336329,19.09795822697214,0.0
38.725,-6.641179787871391,-9.671259341777166,19.148534602950836,0.0
38.730000000000004,-6.792562243595416,-9.916186911316666,19.21349535592974,0.0
38.735,-6.949997307260678,-10.164343189962576,19.294776285701033,0.0
38.74,-7.1108583422791165,-10.41606001826596,19.390447250970617,0.0
38.745,-7.276795893052941,-10.670876457633662,19.502802726143216,0.0
38.75,-7.44646336775665,-10.927614718670034,19.630144127915333,0.0
38.755,-7.6196522077924955,-11.184931590267366,19.774985701100764,0.0
38.76,-7.797146316207054,-11.442420331513539,19.937582028071546,0.0
38.765,-7.98080585865344,-11.699162642340315,20.11826329909008,0.0
38.77,-8.166197980432715,-11.955011079791651,20.316147575902868,0.0
38.775,-8.35721657238301,-12.208850859045619,20.532624247465137,0.0
38.78,-8.551307879561282,-12.459525254889144,20.768643456410583,0.0
38.785000000000004,-8.747767983723655,-12.707259258951922,21.024840764284637,0.0
38.79,-8.945184646968032,-12.947876818752455,21.300209256869632,0.0
38.795,-9.144773264443472,-13.18363601992429,21.5972420894025,0.0
38.800000000000004,-9.347486099353851,-13.410628126798702,21.912215787064255,0.0
38.805,-9.55131100135515,-13.628168725820991,22.246461589872556,0.0
38.81,-9.754869205761993,-13.834303472771552,22.599482698591206,0.0
38.815,-9.959030930118404,-14.029050745840651,22.973955028380395,0.0
38.82,-10.161122779107892,-14.210479365837864,23.365138688121547,0.0
38.825,-10.363201790687144,-14.374618772626203,23.776413218085995,0.0
38.83,-10.56409553741573,-14.520498019347663,24.20383799868012,0.0
38.835,-10.762217759113074,-14.648836925476983,24.648385337129803,0.0
38.84,-10.956063219164713,-14.755653134355564,25.108664033744823,0.0
38.845,-11.146203673571005,-14.840853575125166,25.58325537031372,0.0
38.85,-11.330555277403992,-14.90157738526171,26.06826387554922,0.0
38.855000000000004,-11.509336202291756,-14.936488305040882,26.563577277336233,0.0
38.86,-11.680457018965171,-14.943848163234746,27.068664908664534,0.0
38.865,-11.84404295192434,-14.924014281766636,27.580659637475463,0.0
38.87,-11.998985298710439,-14.874802404854643,28.09624592918681,0.0
38.875,-12.141869308416416,-14.794103860839403,28.613401349445876,0.0
38.88,-12.274516217352941,-14.68402703597947,29.129619194291486,0.0
38.885,-12.395720518015537,-14.54112806649174,29.640953132328384,0.0
38.89,-12.50328825776758,-14.367345015130969,30.14730884245374,0.0
38.895,-12.597250808341235,-14.16119364117369,30.64429067028013,0.0
38.9,-12.675189299903455,-13.924149421409503,31.128056184857915,0.0
38.905,-12.737427993347614,-13.656343726078854,31.59603908437661,0.0
38.910000000000004,-12.783785004017936,-13.358931027789705,32.04435642846416,0.0
38.915,-12.813004749526293,-13.033987779082299,32.470516325288656,0.0
38.92,-12.824945438623054,-12.683145725911006,32.872483587955955,0.0
38.925000000000004,-12.818161596397973,-12.308219489946527,33.248297124476714,0.0
38.93,-12.794238892937951,-11.908997693980554,33.59383850558654,0.0
38.935,-12.751230514830153,-11.492194871290035,33.90744841501666,0.0
38.94,-12.686921202507502,-11.058006016710202,34.187354652050686,0.0
38.945,-12.605970145325589,-10.609329986768454,34.43109705394635,0.0
38.95,-12.505072256811344,-10.151028900047109,34.640127860381874,0.0
38.955,-12.387970900824186,-9.683930576215417,34.81314013339383,0.0
38.96,-12.252225916329186,-9.213823116607808,34.948078877891625,0.0
38.965,-12.1019328245379,-8.742502407485716,35.04720226159767,0.0
38.97,-11.934529793343435,-8.271611978053803,35.10818562167786,0.0
38.975,-11.751088750235064,-7.805550265010872,35.133606485431756,0.0
38.980000000000004,-11.553623783328792,-7.347287195495085,35.122717005088475,0.0
38.985,-11.343007480274329,-6.898711831335741,35.078662768601774,0.0
38.99,-11.120483877515326,-6.462117183593711,35.00138238464893,0.0
38.995,-10.887808282824787,-6.04017590778265,34.894409202759846,0.0
39.0,-10.64493174764183,-5.636764388566343,34.75751698211267,0.0
39.005,-10.393883276335815,-5.248397367201702,34.595362612804486,0.0
39.01,-10.137975732942998,-4.879434522085777,34.40496786437563,0.0
39.015,-9.874605237592863,-4.5290011101234935,34.192491482869414,0.0
39.02,-9.606624518283999,-4.201519246603479,33.96055011420953,0.0
39.025,-9.336383889953325,-3.8936317115594923,33.70944666164408,0.0
39.03,-9.064388899439882,-3.6078865293070645,33.44178348114789,0.0
39.035000000000004,-8.791193561240487,-3.342926258511605,33.15845680583342,0.0
39.04,-8.518553156846256,-3.09924131381863,32.86342781066154,0.0
39.045,-8.246765212069809,-2.877390757284314,32.556427131021515,0.0
39.050000000000004,-7.978053694966965,-2.6748523388495835,32.24167367695146,0.0
39.055,-7.7128451497653,-2.491707721160078,31.91833839548568,0.0
39.06,-7.451887354332709,-2.3279587678446387,31.588511844494192,0.0
39.065,-7.194461170147755,-2.1821897383300617,31.25445719420684,0.0
39.07,-6.9438449156200335,-2.054180327859263,30.91659474262599,0.0
39.075,-6.70030990845418,-1.943394256768879,30.57611894883068,0.0
39.08,-6.46194494497845,-1.8473721311797056,30.234007880064258,0.0
39.085,-6.230888579644135,-1.7650421138938088,29.891368451469052,0.0
39.09,-6.006912749706138,-1.697300845694909,29.548505312442526,0.0
39.095,-5.790991659190332,-1.6421158125862911,29.204977083951388,0.0
39.1,-5.5832378266306915,-1.600123895963347,28.862776786157514,0.0
39.105000000000004,-5.383735729830557,-1.5680995872543253,28.52100715947397,0.0
39.11,-5.192285825208061,-1.545952325470441,28.183687062423868,0.0
39.115,-5.010964247444473,-1.5335837787560254,27.84860450006658,0.0
39.12,-4.836418692719811,-1.529951344891265,27.51503262353155,0.0
39.125,-4.670752002556712,-1.5335089450076667,27.1848118842644,0.0
39.13,-4.514862630253588,-1.5453358046157744,26.8586728585729,0.0
39.135,-4.365150410065856,-1.5641791901886186,26.534573242218787,0.0
39.14,-4.225253818738755,-1.5890474887447812,26.215282765720286,0.0
39.145,-4.093151190045597,-1.618976727569948,25.898998319017576,0.0
39.15,-3.9705379185296796,-1.6534455306829317,25.586745558304617,0.0
39.155,-3.85406921080358,-1.69348367018676,25.27879517255938,0.0
39.160000000000004,-3.746610424287867,-1.7369740266989082,24.974919539492564,0.0
39.165,-3.6464521792903866,-1.783881309144998,24.674595071522152,0.0
39.17,-3.5523308245724783,-1.8337468394083454,24.37743378151715,0.0
39.175000000000004,-3.4661317389325377,-1.8890450126083518,24.085188717383133,0.0
39.18,-3.3873725114552737,-1.946493776390589,23.79784602571206,0.0
39.185,-3.3149133322395983,-2.0082243479658923,23.513717105571153,0.0
39.19,-3.2505240639978643,-2.071068474885883,23.23353191254269,0.0
39.195,-3.1919091216623605,-2.1379423228529557,22.95676215578063,0.0
39.2,-3.1388259597162596,-2.2075616697928937,22.684715123572712,0.0
39.205,-3.0912762314227096,-2.2805625231342646,22.417219145996683,0.0
39.21,-3.0503907455668093,-2.3556443830848126,22.153354290307497,0.0
39.215,-3.0156611701894613,-2.433344294087371,21.89389872273521,0.0
39.22,-2.986365418343458,-2.5131042290549446,21.637853459602635,0.0
39.225,-2.961996345585363,-2.5953674287080526,21.38637586953298,0.0
39.230000000000004,-2.9442904796736515,-2.678993986962834,21.139643200466356,0.0
39.235,-2.930325366576677,-2.7662345317912456,20.8967843250957,0.0
39.24,-2.921548929501208,-2.858168425408011,20.65788373524434,0.0
39.245,-2.9184200973899195,-2.952127423603657,20.423752910819424,0.0
39.25,-2.9184608711891404,-3.0498398001965175,20.19552141165153,0.0
39.255,-2.9255140969158315,-3.148544585626994,19.97004362543849,0.0
39.26,-2.936404107047954,-3.2500718981771075,19.750739506563782,0.0
39.265,-2.9512602017567144,-3.355914305332428,19.533630464637508,0.0
39.27,-2.972563053796143,-3.4643639533048516,19.32182307253468,0.0
39.275,-2.9983539536679324,-3.5754240819715557,19.114824533086377,0.0
39.28,-3.0265398718472767,-3.690461046711245,18.913363144744405,0.0
39.285000000000004,-3.0596662303823012,-3.810089781801405,18.716161292178743,0.0
39.29,-3.0969857641892142,-3.9322725784888792,18.524385094866748,0.0
39.295,-3.1379689663860004,-4.060068892176704,18.337596626237115,0.0
39.300000000000004,-3.18385960129654,-4.191481859545041,18.15664200620066,0.0
39.305,-3.233986971664641,-4.328581925955316,17.981553601650486,0.0
39.31,-3.288910835354347,-4.468839219277099,17.811903507706617,0.0
39.315,-3.3483108689543464,-4.613826205837648,17.647297795310067,0.0
39.32,-3.410749764081136,-4.76308943127242,17.489612346416035,0.0
39.325,-3.47806999106297,-4.917327029289656,17.338465059319798,0.0
39.33,-3.550214015976019,-5.078869323027938,17.19271844414503,0.0
39.335,-3.625495800334218,-5.246301039115338,17.052488063410003,0.0
39.34,-3.7058916182579793,-5.418406093332466,16.920112388576932,0.0
39.345,-3.7909970350280564,-5.596552445184653,16.795695082039032,0.0
39.35,-3.8807791173472426,-5.780908108925785,16.678249434105425,0.0
39.355000000000004,-3.975813649688058,-5.9722457291491935,16.56712561267157,0.0
39.36,-4.075701079071922,-6.1691063480670625,16.46472166026033,0.0
39.365,-4.181066841864134,-6.372977798535701,16.371169122609867,0.0
39.37,-4.291343889598084,-6.583460645715681,16.28442846424132,0.0
39.375,-4.406423422494962,-6.801230636707009,16.208426362151204,0.0
39.38,-4.526089454219912,-7.027905791851638,16.142139758043573,0.0
39.385,-4.652389125102876,-7.260875385508822,16.086374236747375,0.0
39.39,-4.783012946324936,-7.5017361575507175,16.040229589869888,0.0
39.395,-4.919068379143581,-7.749410921531204,16.005852315020302,0.0
39.4,-5.060674479343337,-8.006497576743646,15.983138217374544,0.0
39.405,-5.2083528540407285,-8.270724254114485,15.972529228687192,0.0
39.410000000000004,-5.360615364525696,-8.543845000584184,15.974497010710078,0.0
39.415,-5.519604000810312,-8.82366273192556,15.989252028989982,0.0
39.42,-5.6847568040426655,-9.10959545576847,16.01812250004719,0.0
39.425000000000004,-5.855864303375327,-9.403938787343193,16.063588629483963,0.0
39.43,-6.0319266527380275,-9.706122512768303,16.124758756954645,0.0
39.435,-6.215806654887758,-10.016175402174614,16.20376624558365,0.0
39.44,-6.405683022161669,-10.332024667530543,16.299081271034137,0.0
39.445,-6.603037904829231,-10.655615666367998,16.412312878351575,0.0
39.45,-6.805966595715928,-10.985762644924101,16.544899286992862,0.0
39.455,-7.013247831533437,-11.320250026610172,16.69804201977578,0.0
39.46,-7.229044217804522,-11.65953394645031,16.87301298065603,0.0
39.465,-7.451327560346352,-12.003128417390071,17.06908667655432,0.0
39.47,-7.677812816552354,-12.351185604854875,17.288011499873154,0.0
39.475,-7.911678636721762,-12.7006395099791,17.53206714142277,0.0
39.480000000000004,-8.15088233265178,-13.050905508795974,17.801006995564517,0.0
39.485,-8.395776509507195,-13.400467878835979,18.09637381938621,0.0
39.49,-8.646012321639517,-13.74949189193855,18.41887265305091,0.0
39.495,-8.9014000172694,-14.09496664789074,18.765886384090837,0.0
39.5,-9.161440245157753,-14.434795238491905,19.142248116736422,0.0
39.505,-9.425979749486114,-14.768787959941827,19.548834923292134,0.0
39.51,-9.693359488917208,-15.093058079893899,19.98359200815567,0.0
39.515,-9.963604171645239,-15.40508869450048,20.44787754762186,0.0
39.52,-10.235977377316283,-15.70489211862866,20.94259523385286,0.0
39.525,-10.509266036060325,-15.987834290342212,21.466869268535472,0.0
39.53,-10.783909978560354,-16.251272943753758,22.021016688493496,0.0
39.535000000000004,-11.058808909898039,-16.49180123865113,22.60441563447729,0.0
39.54,-11.330409727761399,-16.70657940709829,23.215205168464813,0.0
39.545,-11.600217345529403,-16.894289208210395,23.852061905041808,0.0
39.550000000000004,-11.864468438092702,-17.050553515965234,24.514047061711373,0.0
39.555,-12.124357014447588,-17.172460041880353,25.1980977528147,0.0
39.56,-12.377507288445493,-17.256444170488336,25.902916706370828,0.0
39.565,-12.622334191977705,-17.299655415721404,26.62505265274006,0.0
39.57,-12.854790372317026,-17.29969894950738,27.361163814706533,0.0
39.575,-13.077165080838443,-17.25356690185825,28.108238926396265,0.0
39.58,-13.285691253272047,-17.15951078668573,28.862102274960698,0.0
39.585,-13.479622307834552,-17.01670701955958,29.61650743415428,0.0
39.59,-13.657264532992416,-16.82282418151549,30.368667105045958,0.0
39.595,-13.8163263747417,-16.577056587926773,31.11213697069696,0.0
39.6,-13.95445136851789,-16.278911139428192,31.841687698179463,0.0
39.605000000000004,-14.069817732391265,-15.928967604746385,32.55259311615692,0.0
39.61,-14.16287607702394,-15.52958264436533,33.238469338695886,0.0
39.615,-14.232394953994778,-15.081384530144748,33.89504123657557,0.0
39.62,-14.274950444180329,-14.587476569715598,34.51603159740253,0.0
39.625,-14.290466211821153,-14.049120077393106,35.09644307413212,0.0
39.63,-14.278532620800464,-13.471941129526476,35.6318628751768,0.0
39.635,-14.239095086593258,-12.859983177606788,36.11731683084031,0.0
39.64,-14.171165511501622,-12.219228604829254,36.551753413732456,0.0
39.645,-14.072261418435998,-11.551260302447083,36.92989012699092,0.0
39.65,-13.946779035280581,-10.865064184289983,37.25006649848516,0.0
39.655,-13.79376145618254,-10.166100741995985,37.512102894427834,0.0
39.660000000000004,-13.612736746986844,-9.459626412431778,37.71308979341575,0.0
39.665,-13.4053114765039,-8.752847862065126,37.85433119081177,0.0
39.67,-13.17267232494124,-8.04940013009052,37.93645834960914,0.0
39.675000000000004,-12.91685012690055,-7.353969302968337,37.960335549684174,0.0
39.68,-12.639339162817992,-6.674379828210743,37.92880906756296,0.0
39.685,-12.340880549485279,-6.014777469930777,37.84479554477367,0.0
39.69,-12.02560571728476,-5.3775138247539385,37.710417327679565,0.0
39.695,-11.693223257708295,-4.766158788843447,37.531270729590176,0.0
39.7,-11.346570440147214,-4.184485633318593,37.30936079245543,0.0
39.705,-10.988493163429766,-3.6351045707506575,37.049567821078135,0.0
39.71,-10.621042208641404,-3.1200951999297892,36.75524279705704,0.0
39.715,-10.245505618330174,-2.6397180133411706,36.42893140015386,0.0
39.72,-9.86545895606566,-2.1951391901230646,36.07889451327041,0.0
39.725,-9.483041069227887,-1.786228532501096,35.706511189975316,0.0
39.730000000000004,-9.097964496110675,-1.4105637258710848,35.31625935154976,0.0
39.735,-8.71193912921777,-1.070194870179768,34.90974997271589,0.0
39.74,-8.330173909453645,-0.7638082792077562,34.491037727033785,0.0
39.745,-7.951308950612988,-0.490407001697511,34.06326495060453,0.0
39.75,-7.577421034198903,-0.2461882377851388,33.62879230423201,0.0
39.755,-7.211958963748256,-0.03053471005340591,33.18934521417967,0.0
39.76,-6.851738821849589,0.15619815262833112,32.74725169236648,0.0
39.765,-6.501482237016724,0.31802661433195323,32.30463770871775,0.0
39.77,-6.160126400002182,0.45639031295981614,31.864029353310634,0.0
39.775,-5.829439862492136,0.571121689440826,31.425234989480803,0.0
39.78,-5.50907508926017,0.6682865580712483,30.990242952190645,0.0
39.785000000000004,-5.201260011808373,0.7464173735691656,30.558146828193884,0.0
39.79,-4.903976654716635,0.8093484867708713,30.131551415976602,0.0
39.795,-4.617946422607385,0.858369526385634,29.70893219437466,0.0
39.800000000000004,-4.343126990788255,0.8938822947224236,29.294096856004895,0.0
39.805,-4.0811430967456115,0.91695383805672,28.884663793413942,0.0
39.81,-3.8318115089357083,0.9310158550207341,28.480967939957974,0.0
39.815,-3.593677238348169,0.9349316312839001,28.08302843029897,0.0
39.82,-3.3668431668308387,0.932859666988316,27.691453724583802,0.0
39.825,-3.1524182705958563,0.9234346836643216,27.30665655526402,0.0
39.83,-2.9488003009853605,0.9068191490553456,26.928290228668608,0.0
39.835,-2.7549198381416966,0.885994164619726,26.554084353560356,0.0
39.84,-2.5727251675448404,0.8618003417451167,26.188193366852794,0.0
39.845,-2.4004350111375667,0.83417820289151,25.82813281864052,0.0
39.85,-2.2376863640513016,0.8033573401888748,25.47419484601285,0.0
39.855000000000004,-2.0865790281740053,0.7716456210126533,25.125173626697823,0.0
39.86,-1.943550781235927,0.7366675520513492,24.78191271734123,0.0
39.865,-1.8089799715235293,0.7021098360027986,24.44539487036627,0.0
39.87,-1.6849692277311394,0.666162861487103,24.11308717493892,0.0
39.875,-1.566665683427705,0.6294838329449045,23.78568867913199,-0.0
39.88,-1.4562768995238606,0.5945263530547414,23.46360432411792,-0.0
39.885,-1.353809596803069,0.5594185298220773,23.1461634572841,-0.0
39.89,-1.2594062458557804,0.522690908112434,22.834462828187334,-0.0
39.895,-1.1703597233935328,0.48783332727999135,22.527617130200895,-0.0
39.9,-1.0879075199365233,0.45292692918184085,22.22453410316628,-0.0
39.905,-1.0111633652359036,0.4188990774331109,21.926120730832704,-0.0
39.910000000000004,-0.9407016772561018,0.38525772117595525,21.631715348683507,-0.0
39.915,-0.8735438011191083,0.354958309765452,21.341732941389434,-0.0
39.92,-0.812712745365608,0.32422631726359175,21.056011250218372,-0.0
39.925000000000004,-0.7554312163168759,0.29458717851054844,20.773262954909107,-0.0
39.93,-0.7028251391260749,0.26580923116900734,20.494738727178728,-0.0
39.935,-0.6549018884915458,0.23935537873594442,20.220508115211153,-0.0
39.94,-0.6103023142774731,0.2113107398100053,19.951459253962835,-0.0
39.945,-0.5686182616537977,0.18564761454736828,19.68440353184638,-0.0
39.95,-0.5311144962965567,0.1604833629517542,19.4221388468428,-0.0
39.955,-0.49823953087715506,0.13693378946539825,19.161748054853728,-0.0
39.96,-0.46538977035570045,0.1156261231586923,18.905640791116063,-0.0
39.965,-0.43749490644002875,0.0942244325589604,18.653912138905554,-0.0
39.97,-0.41166040808600757,0.07301672192908165,18.405697767865966,-0.0
39.975,-0.3873729222156415,0.053373390146763025,18.159049075864594,-0.0
39.980000000000004,-0.36639750064486654,0.03434269171605479,17.917415075589858,-0.0
39.985,-0.3465445126653046,0.014931406754954295,17.678859135154312,-0.0
39.99,-0.32828918174985305,-0.002375111706426628,17.44388711305203,-0.0
39.995,-0.31167186391856144,-0.01956733059909717,17.21026773943478,-0.0
40.0,-0.29776168775161077,-0.034521918937058124,16.97989266647385,-0.0
40.005,-0.28499534938916576,-0.050339469975611756,16.753053965269693,-0.0
40.01,-0.2733995262343057,-0.06536753564228322,16.529655801562804,-0.0
40.015,-0.26257457807962914,-0.08146003712319841,16.309159861251977,-0.0
40.02,-0.254099617801756,-0.09673462319148649,16.091965574592134,-0.0
40.025,-0.24563473054850649,-0.11132308990918682,15.877586114125197,-0.0
40.03,-0.2388062338790311,-0.12488168150535542,15.666332559215242,-0.0
40.035000000000004,-0.23330461903970043,-0.13840019677501167,15.457621855662994,-0.0
40.04,-0.22787865771667798,-0.15143244684474755,15.252377291717963,-0.0
40.045,-0.22397815045942426,-0.16424418444091798,15.049609267986304,-0.0
40.050000000000004,-0.22052153475282993,-0.1779490350649633,14.849142996831693,-0.0
40.055,-0.21928324944555364,-0.19143043064416124,14.65044918885068,-0.0
40.06,-0.2180167867463836,-0.20444845263007275,14.455433525198904,-0.0
40.065,-0.21809360709644438,-0.21799527769412977,14.2628027064743,-0.0
40.07,-0.2188195066672764,-0.23236166448227072,14.073139137204997,-0.0
40.075,-0.22048943649390634,-0.24638540851588384,13.884763867707502,-0.0
40.08,-0.22191881267497104,-0.26065168617522294,13.700570647245508,-0.0
40.085,-0.22367445421251272,-0.2754442510026292,13.517968299800282,-0.0
40.09,-0.2264528661339878,-0.2908792295495402,13.337718107963914,-0.0
40.095,-0.2294734356859458,-0.30602427588826814,13.159615781904119,-0.0
40.1,-0.23309286702659643,-0.32059566265800254,12.984526613853,-0.0
40.105000000000004,-0.23723554987680368,-0.3363085913113931,12.811091158101256,-0.0
40.11,-0.24087601998654096,-0.3525316044105172,12.641162266820627,-0.0
40.115,-0.2458102436981365,-0.3706919669775612,12.472140298734098,-0.0
40.12,-0.252559833026547,-0.38885462515950653,12.306546800321371,-0.0
40.125,-0.2604381959901841,-0.40647466241094066,12.142550844864383,-0.0
40.13,-0.26701406571444514,-0.4251553051865977,11.981833757906921,-0.0
40.135,-0.2747332354297006,-0.44468652387483953,11.822325045241318,-0.0
40.14,-0.283172220833996,-0.46490304389249276,11.667294584203093,-0.0
40.145,-0.29073605609464803,-0.48613153016906824,11.512162209202213,-0.0
40.15,-0.3001171860539419,-0.507609195264054,11.359173943736048,-0.0
40.155,-0.3100062653972345,-0.5301554332821061,11.209376714774352,-0.0
40.160000000000004,-0.32056241246070905,-0.5533000371611563,11.059858061443732,-0.0
40.165,-0.332253135803889,-0.5780359362578795,10.912503267896474,-0.0
40.17,-0.34430219568369635,-0.6023476510404006,10.768188551194134,-0.0
40.175000000000004,-0.35893584993225935,-0.6299814229895243,10.62409511192135,-0.0
40.18,-0.3724756262655876,-0.6575873325776737,10.483947805158401,-0.0
40.185,-0.3874222048680062,-0.6874462267982508,10.344905901787063,-0.0
40.19,-0.4026732599909662,-0.7192540351443453,10.207839975328831,-0.0
40.195,-0.4166662165133814,-0.7516939108171309,10.072773461464818,-0.0
40.2,-0.4330657154553582,-0.7849362686413422,9.939391765794102,-0.0
40.205,-0.45074587114795395,-0.8201662621746681,9.808998595974735,-0.0
40.21,-0.4687773501383039,-0.8573966688550756,9.679958012005711,-0.0
40.215,-0.4888286261282001,-0.8966913832399923,9.55274656848124,-0.0
40.22,-0.5085896814291215,-0.9361995537026803,9.428198959155498,-0.0
40.225,-0.5302379233490904,-0.9793995317669751,9.305055526022954,-0.0
40.230000000000004,-0.5530146346723677,-1.0250173889867886,9.183905502006898,-0.0
40.235,-0.5773311544949298,-1.0736579054737962,9.064596823322537,-0.0
40.24,-0.6017329345280622,-1.1232062156941645,8.946854463155946,-0.0
40.245,-0.6279399796485409,-1.1746129107500882,8.831283369043438,-0.0
40.25,-0.6536789444463171,-1.229444091433334,8.71663896829563,-0.0
40.255,-0.6832796771776634,-1.2866397784255226,8.603682150273087,-0.0
40.26,-0.7142203895026245,-1.3465607147039287,8.49354170876905,-0.0
40.265,-0.7470775532880145,-1.4108869340192696,8.3861886675869,-0.0
40.27,-0.7803108799876582,-1.4761306199077728,8.279896334108725,-0.0
40.275,-0.8169286310546046,-1.5454713541744722,8.175268106161292,-0.0
40.28,-0.8532134297682537,-1.6192273919647897,8.072482498837596,-0.0
40.285000000000004,-0.8908146701924796,-1.695768428652305,7.972598872724127,-0.0
40.29,-0.9326399264274807,-1.7761230482366408,7.873735760786001,-0.0
40.295,-0.9751131674624546,-1.8602838234675423,7.777203158933388,-0.0
40.300000000000004,-1.0196490340564035,-1.949988895527666,7.682374402451231,-0.0
40.305,-1.0667613054209149,-2.0421604266793665,7.588256496940771,-0.0
40.31,-1.1150932468510588,-2.141202752734851,7.497573999223638,-0.0
40.315,-1.1665975807166633,-2.2446869352218286,7.409381649060709,-0.0
40.32,-1.220346780088321,-2.3524494010400807,7.323636371431889,-0.0
40.325,-1.2769826384141558,-2.4672981065736397,7.240862522773355,-0.0
40.33,-1.3373359197792818,-2.586791124242731,7.160562587046818,-0.0
40.335,-1.3993281652741218,-2.714082424811909,7.0830911981566125,-0.0
40.34,-1.4640918407536883,-2.847041529449648,7.008021540742838,-0.0
40.345,-1.532729652055907,-2.987300386668552,6.935896102097936,-0.0
40.35,-1.6053482415126865,-3.132686779348923,6.866437081671441,-0.0
40.355000000000004,-1.6810204698294828,-3.288106012876074,6.79991305066132,-0.0
40.36,-1.7619750184566694,-3.448850710492305,6.73701782343209,-0.0
40.365,-1.8471605306656529,-3.6194867289632553,6.677688613681512,-0.0
40.37,-1.9358520013652172,-3.799049960832956,6.6225848181633085,-0.0
40.375,-2.0296442855332013,-3.9872811034975584,6.571790452657555,-0.0
40.38,-2.1274719900412133,-4.183869039298754,6.524867140562423,-0.0
40.385,-2.2291284882765496,-4.391501302052662,6.481457957739813,-0.0
40.39,-2.3372962408361917,-4.6089854289697305,6.443207914823688,-0.0
40.395,-2.4513067063190253,-4.8393324124388,6.411251995672503,-0.0
40.4,-2.570881164547172,-5.0793300308177,6.384127410293146,-0.0
40.405,-2.696433563268845,-5.331233657345483,6.364704052318328,-0.0
40.410000000000004,-2.8293077640224915,-5.594617173454627,6.352204483093506,-0.0
40.415,-2.967806359679816,-5.87339835318953,6.348165601598325,-0.0
40.42,-3.113116490408868,-6.166945854723463,6.348899825270728,-0.0
40.425000000000004,-3.266175949814391,-6.474360221206541,6.361001084015617,-0.0
40.43,-3.4269731389047253,-6.795593055905527,6.382316455238771,-0.0
40.435,-3.596220274767596,-7.13197608583298,6.414062953316265,-0.0
40.44,-3.7724475046823454,-7.484836798205901,6.457188239630046,-0.0
40.445,-3.958614927362992,-7.853024654353247,6.5124496284475955,-0.0
40.45,-4.154014357167816,-8.237656667943202,6.582356578819748,-0.0
40.455,-4.358566811393609,-8.64126461185086,6.665130501073169,-0.0
40.46,-4.571892565729408,-9.063103540553362,6.764741969689577,-0.0
40.465,-4.796203331814373,-9.504195342022452,6.8819844533919685,-0.0
40.47,-5.0306513537947914,-9.964130262457864,7.019034642930989,-0.0
40.475,-5.278260208279986,-10.442472745243945,7.1757736727755095,-0.0
40.480000000000004,-5.536322034620568,-10.939910278747348,7.356267964895464,-0.0
40.485,-5.807054722179165,-11.45648330286372,7.560335357976302,-0.0
40.49,-6.089552440691094,-11.99254152994011,7.7927277999912645,-0.0
40.495,-6.385619316459977,-12.547622820331593,8.053378287458225,-0.0
40.5,-6.694344363390824,-13.121037621833457,8.34760585224139,-0.0
40.505,-7.016458120430118,-13.71270567404764,8.675575197333359,-0.0
40.51,-7.350721040578246,-14.323191814413732,9.042778373271949,-0.0
40.515,-7.699493745388763,-14.947731593337094,9.44878082433881,-0.0
40.52,-8.061961387380117,-15.58853407135404,9.898749164216,-0.0
40.525,-8.438340889150124,-16.239337387782097,10.39614634649994,-0.0
40.53,-8.827320594417209,-16.90022965846074,10.943819788991894,-0.0
40.535000000000004,-9.230921078588368,-17.569174172340333,11.543694355114809,-0.0
40.54,-9.647488422339338,-18.240707422876707,12.201141949139418,-0.0
40.545,-10.075870000736417,-18.91338968349225,12.918221187904468,-0.0
40.550000000000004,-10.518047841427128,-19.57810532873809,13.699060835891352,-0.0
40.555,-10.971284800190485,-20.232943665748767,14.546179903927396,-0.0
40.56,-11.434691731984335,-20.86932557614198,15.462683275964807,-0.0
40.565,-11.907515031361125,-21.48121292259198,16.449364230810847,-0.0
40.57,-12.38586488637509,-22.06142066375516,17.50746718983453,-0.0
40.575,-12.869693318805274,-22.6000088532442,18.639882878577176,-0.0
40.58,-13.356113860800567,-23.08952995418408,19.846210984264342,-0.0
40.585,-13.843166366615325,-23.519760456358586,21.121911367198667,-0.0
40.59,-14.327851552538721,-23.878471282706315,22.468276174284995,-0.0
40.595,-14.804757497656817,-24.156163130231413,23.879280988620984,-0.0
40.6,-15.272624926040308,-24.34111468589325,25.349539428893475,-0.0
40.605000000000004,-15.726974544198914,-24.421029294061633,26.871393099129854,-0.0
40.61,-16.161649906172663,-24.387918380979038,28.434781454862122,-0.0
40.615,-16.572830469378303,-24.23017653192512,30.026072270891525,-0.0
40.62,-16.956146052919145,-23.940047688014754,31.63320481388855,-0.0
40.625,-17.30437310235184,-23.512029307077555,33.24042374413281,-0.0
40.63,-17.616064811792793,-22.940777740898188,34.83239787689537,-0.0
40.635,-17.88266630295305,-22.225081208040336,36.38829878538277,-0.0
40.64,-18.1003329149628,-21.36306138921745,37.889729593910246,-0.0
40.645,-18.26212156205572,-20.360782656355138,39.317439012356736,-0.0
40.65,-18.367268134286064,-19.225681529210917,40.653376332047266,-0.0
40.655,-18.408209349425167,-17.968645278054208,41.877392944798125,-0.0
40.660000000000004,-18.3863029795454,-16.602155822384027,42.97381394939368,-0.0
40.665,-18.297321377612324,-15.14259304955267,43.92719300995339,-0.0
40.67,-18.140571111244437,-13.607983036395858,44.7278926876987,-0.0
40.675000000000004,-17.913588625591885,-12.023623460434838,45.36497145537786,-0.0
40.68,-17.617961113898247,-10.407414809103646,45.83762293772397,-0.0
40.685,-17.257302364760594,-8.784329083693542,46.14414706322641,-0.0
40.69,-16.834297254117864,-7.173285982899463,46.28675284460571,-0.0
40.695,-16.351305617408062,-5.59693031588465,46.27425568167263,-0.0
40.7,-15.812993531104901,-4.074752549689046,46.11481413029926,-0.0
40.705,-15.226705437794122,-2.62177901453048,45.82113966136042,-0.0
40.71,-14.59646076623179,-1.252333022997631,45.410466656912924,-0.0
40.715,-13.930199023811648,0.0237647920338111,44.8959797168369,-0.0
40.72,-13.23210468816781,1.2012613615365593,44.295629417494816,-0.0
40.725,-12.510914235423403,2.274564689623406,43.62525628130782,-0.0
40.730000000000004,-11.771602708821923,3.239902653959473,42.90265801786949,-0.0
40.735,-11.019764799182889,4.100388764491661,42.13987376433802,-0.0
40.74,-10.263074143403642,4.858117997268587,41.35156737317567,-0.0
40.745,-9.50769316192977,5.518157326067008,40.551076330460354,-0.0
40.75,-8.75692855849088,6.086218033069358,39.74649112284437,-0.0
40.755,-8.016043169386698,6.57043281591911,38.950890548453366,-0.0
40.76,-7.285418636175706,6.976997980071038,38.16681440788069,-0.0
40.765,-6.572708769342899,7.312876447883804,37.40351993341966,-0.0
40.77,-5.8779069230719045,7.584712763202222,36.6640251371081,-0.0
40.775,-5.2026578197672455,7.801766472579354,35.95145609837488,-0.0
40.78,-4.553166084413931,7.969310424157883,35.26836886530481,-0.0
40.785000000000004,-3.927851355135334,8.095740197687654,34.61759263063402,-0.0
40.79,-3.326589562228215,8.18592514104712,33.99782021528499,-0.0
40.795,-2.751270977190554,8.243881655807765,33.40710095705983,-0.0
40.800000000000004,-2.202084737336313,8.27657051398016,32.847561202447785,-0.0
40.805,-1.6792614737306137,8.287526874995018,32.317639216449706,-0.0
40.81,-1.1804485421108921,8.282257516130224,31.81618352386816,-0.0
40.815,-0.7079797412732074,8.263151767546303,31.343150710444625,-0.0
40.82,-0.25923733392307396,8.233548117585338,30.89502805881893,-0.0
40.825,0.16462482738854523,8.195875182400128,30.47291187517633,-0.0
40.83,0.5665795404044844,8.15378563179832,30.074082937244164,-0.0
40.835,0.9458210737566735,8.108399192110737,29.69600806869485,-0.0
40.84,1.3032176595958755,8.057881608946403,29.338148380913097,-0.0
40.845,1.640513530951913,8.008850539742589,28.99963029901934,-0.0
40.85,1.9581838973502892,7.960332575472303,28.67903445375088,-0.0
40.855000000000004,2.2582828277050857,7.913664369141881,28.374607311520435,-0.0
40.86,2.5391209738791094,7.869104095669098,28.086515746667896,-0.0
40.865,2.806028791050604,7.829128219462451,27.81224062872495,-0.0
40.87,3.056859212266681,7.792327169610825,27.5508130756581,-0.0
40.875,3.2926766563239824,7.759640110801906,27.30186017081253,-0.0
40.88,3.5164889135562847,7.731841308590816,27.063784230979756,-0.0
40.885,3.727138510862614,7.70961424711336,26.839410365474272,-0.0
40.89,3.9269939472295334,7.692936300473718,26.625580507463216,-0.0
40.895,4.114684447743688,7.681687262032564,26.42185648258693,-0.0
40.9,4.293753426611764,7.675463131518362,26.22637444745959,-0.0
40.905,4.463487337643176,7.675660094415612,26.04130235026874,-0.0
40.910000000000004,4.6241938260030935,7.680242881702754,25.865780173273688,-0.0
40.915,4.77708787673114,7.691855026205164,25.69934741399773,-0.0
40.92,4.922107812721586,7.70705589579504,25.54037457577998,-0.0
40.925000000000004,5.060413552730328,7.728411308567904,25.390144468521083,-0.0
40.93,5.194211077031019,7.755683745555561,25.248586702200363,-0.0
40.935,5.320809352781285,7.787402335886188,25.113172768890255,-0.0
40.94,5.444779723034926,7.825010446359314,24.985695861861476,-0.0
40.945,5.563313791239268,7.867341033911816,24.866530339979647,-0.0
40.95,5.67777594902215,7.914915017812787,24.75370914109651,-0.0
40.955,5.791267842156465,7.967333390099688,24.648262095174246,-0.0
40.96,5.900502736518224,8.024572884895887,24.55046624497968,-0.0
40.965,6.0077362462470525,8.085695805332008,24.459242524988127,-0.0
40.97,6.111375353163513,8.152134474709944,24.37535560119237,-0.0
40.975,6.213604737506624,8.222197028611488,24.30044706045514,-0.0
40.980000000000004,6.312785069243811,8.296268155567482,24.232440337448175,-0.0
40.985,6.4131741691151145,8.37376619965109,24.171361384665115,-0.0
40.99,6.5092141207067655,8.454790311539867,24.11771828847759,-0.0
40.995,6.60693833473789,8.538426375221455,24.07099396531277,-0.0
41.0,6.703043698361909,8.626330149256892,24.031277680864978,-0.0
41.005,6.798547744203881,8.716253402463819,23.99993911254281,-0.0
41.01,6.894311533897703,8.809948352236612,23.975737207776184,-0.0
41.015,6.990244948119654,8.904151602832894,23.959678383213568,-0.0
41.02,7.085521702229276,9.000737498252844,23.95285055592923,-0.0
41.025,7.180488193867472,9.100491911543486,23.952777596133693,-0.0
41.03,7.276340982073464,9.200323043328998,23.959846895139258,-0.0
41.035000000000004,7.371829951657584,9.302377792784428,23.975431281689886,-0.0
41.04,7.468384504184264,9.40398781387376,23.99903345886142,-0.0
41.045,7.564776312247875,9.50618011607476,24.030435654149674,-0.0
41.050000000000004,7.660961528827499,9.608828578677475,24.068674343579403,-0.0
41.055,7.758499255380779,9.713061830967403,24.117577716955925,-0.0
41.06,7.856391970590825,9.815887628311565,24.17431619126566,-0.0
41.065,7.95540922120329,9.916798549008744,24.237460353456694,-0.0
41.07,8.053403280223478,10.017213860896216,24.30812622974718,-0.0
41.075,8.150446240044936,10.116393133956652,24.38760492212354,-0.0
41.08,8.248440214454673,10.212526536753373,24.474315234371854,-0.0
41.085,8.346569974803735,10.30635278706569,24.56764957149599,-0.0
41.09,8.44449860298675,10.397025116853134,24.669176733277705,-0.0
41.095,8.542164316659637,10.485267539367662,24.778607438735705,-0.0
41.1,8.639147411430171,10.57073166388926,24.896926959418202,-0.0
41.105000000000004,8.735641650027857,10.652076084956805,25.02191913873298,-0.0
41.11,8.831828001134564,10.72912688728762,25.153005643599055,-0.0
41.115,8.926231594315281,10.802430789242743,25.29187107423498,-0.0
41.12,9.01928244579542,10.869644409960271,25.435076258875757,-0.0
41.125,9.111429400615913,10.931303743779281,25.584859588066266,-0.0
41.13,9.201828556084692,10.98662124232918,25.742060569532086,-0.0
41.135,9.290011336061164,11.035539438761676,25.90376840252772,-0.0
41.14,9.377656407832568,11.07760083659001,26.071361805240038,-0.0
41.145,9.461687081824726,11.113922226786707,26.24315570341314,-0.0
41.15,9.544933866727114,11.14171704723405,26.418177527815214,-0.0
41.155,9.624255929324702,11.162538972627004,26.598639886810005,-0.0
41.160000000000004,9.701246785199453,11.17368563898483,26.78059018318834,-0.0
41.165,9.774570331903254,11.176083938922279,26.96634993754566,-0.0
41.17,9.84569070315098,11.171958045756426,27.152232796660474,-0.0
41.175000000000004,9.91152731548127,11.15847909907422,27.34015441098268,-0.0
41.18,9.973196386492363,11.134535927221812,27.528287931815342,-0.0
41.185,10.030813516669205,11.102977887888416,27.717316946491835,-0.0
41.19,10.084106116744564,11.062647766477582,27.90486021061219,-0.0
41.195,10.13154793732605,11.011824640673568,28.090352904732153,-0.0
41.2,10.175331348285841,10.952456244269607,28.272853457474746,-0.0
41.205,10.213358223572865,10.884044352967454,28.453093878387403,-0.0
41.21,10.247553827843676,10.805996665463303,28.63030743491727,-0.0
41.215,10.275340921512942,10.718831114854897,28.803533085690976,-0.0
41.22,10.297350835006274,10.622688210063071,28.969996566430716,-0.0
41.225,10.313151208135114,10.519311167737074,29.13083157939525,-0.0
41.230000000000004,10.322626424005609,10.408923652012774,29.286827987522546,-0.0
41.235,10.327682920486604,10.290421598855891,29.433914353420192,-0.0
41.24,10.325972524360644,10.164931067960657,29.571736417988046,-0.0
41.245,10.31822429168929,10.032810417021087,29.70153778975799,-0.0
41.25,10.304494415189797,9.895097591199484,29.822099045093253,-0.0
41.255,10.28377841741842,9.751787836900336,29.93410842711847,-0.0
41.26,10.256913346318784,9.604797453973168,30.03615795022873,-0.0
41.265,10.223711623345189,9.451259219619184,30.128465819058363,-0.0
41.27,10.185016326354914,9.294753515725343,30.209656221920103,-0.0
41.275,10.140526726110295,9.136758261504083,30.280441972656682,-0.0
41.28,10.089863493909705,8.976463831006733,30.340600299707585,-0.0
41.285000000000004,10.033198408873883,8.813290749776721,30.38791961133721,-0.0
41.29,9.972678077657037,8.650115275176063,30.42626778580952,-0.0
41.295,9.906952449026711,8.486166100755899,30.45227185392986,-0.0
41.300000000000004,9.837115844132235,8.322563223714736,30.46623793424127,-0.0
41.305,9.761068613865342,8.16072410339907,30.469774336526022,-0.0
41.31,9.680695615396564,7.99990636338875,30.46131523384416,-0.0
41.315,9.596837999890155,7.841331103171207,30.44183565791057,-0.0
41.32,9.507552785482234,7.685161949038098,30.410641132776934,-0.0
41.325,9.416710351020079,7.533311065234758,30.371068655690657,-0.0
41.33,9.322739534306633,7.384777670651977,30.32120833729451,-0.0
41.335,9.22574281894149,7.2397774602121725,30.26180521349596,-0.0
41.34,9.126809037339171,7.099665792084273,30.191590210622117,-0.0
41.345,9.025472280393592,6.964422373697648,30.11328147034838,-0.0
41.35,8.922184279466643,6.833540949278381,30.025718001040804,-0.0
41.355000000000004,8.817939507954272,6.708617174538023,29.93003192233018,-0.0
41.36,8.713438550932349,6.591034565217657,29.826854656470058,-0.0
41.365,8.607011376630243,6.478505388411059,29.715651918435082,-0.0
41.37,8.50082743696344,6.371498056858106,29.598697428411956,-0.0
41.375,8.393963327097477,6.2711498540545465,29.4752797769566,-0.0
41.38,8.287535805296304,6.178974044985288,29.345445834831946,-0.0
41.385,8.182470645049298,6.092854188422512,29.210101402526718,-0.0
41.39,8.078567624821913,6.011857539005639,29.06848931302057,-0.0
41.395,7.9748637743946205,5.9377101964896575,28.923640967320946,-0.0
41.4,7.872784913661071,5.871621349368909,28.774562206712627,-0.0
41.405,7.771743232562079,5.811217971345378,28.622506324845475,-0.0
41.410000000000004,7.672868528218475,5.7579363690107686,28.466062144093325,-0.0
41.415,7.577025700357093,5.7117678882449034,28.306696029789844,-0.0
41.42,7.483736632743617,5.672026200235965,28.147137536440738,-0.0
41.425000000000004,7.392834329334647,5.637055352973273,27.985760919536276,-0.0
41.43,7.30551765320289,5.610198011143306,27.820818080814792,-0.0
41.435,7.221745936253509,5.58924266868303,27.654570282772813,-0.0
41.44,7.139615045282867,5.573435910974867,27.487564529308127,-0.0
41.445,7.062506493975617,5.563631645962652,27.320384577937965,-0.0
41.45,6.988761695342452,5.5597041929654445,27.15244751298732,-0.0
41.455,6.91710646456734,5.56200799553776,26.983951472651125,-0.0
41.46,6.848513929240457,5.570752132512911,26.81688543788936,-0.0
41.465,6.783609222309364,5.582663044668058,26.649777270179463,-0.0
41.47,6.7228822782814195,5.600678506457555,26.484359227706303,-0.0
41.475,6.667614545577365,5.624601933602963,26.320312308159533,-0.0
41.480000000000004,6.617537583669599,5.653820230837319,26.157199532581465,-0.0
41.485,6.570219911373057,5.686429543997187,25.995269889002753,-0.0
41.49,6.525897790613912,5.724572827690352,25.836242323659967,-0.0
41.495,6.486512488423821,5.767683399261048,25.677863083424935,-0.0
41.5,6.44973125111651,5.8157731881938695,25.522366529203097,-0.0
41.505,6.4180276435943755,5.867337970650609,25.36940499478313,-0.0
41.51,6.390222748524224,5.923033521592106,25.21930637790515,-0.0
41.515,6.3664136459389224,5.983201457706281,25.072576682219555,-0.0
41.52,6.347791099146008,6.046690138597202,24.92885546236709,-0.0
41.525,6.332686618805638,6.1148305517586365,24.787567969676054,-0.0
41.53,6.321967251328979,6.1861372185665155,24.649717041106154,-0.0
41.535000000000004,6.314999941692579,6.261582485487501,24.515892982457224,-0.0
41.54,6.3120754275634345,6.339300908837183,24.387024195572295,-0.0
41.545,6.3116169331304866,6.42234184634513,24.261480199988473,-0.0
41.550000000000004,6.316687797545464,6.508560256834061,24.13972593568269,-0.0
41.555,6.326249877641586,6.596943187812867,24.023358056523403,-0.0
41.56,6.3397647849320755,6.6886071603438095,23.912970166093203,-0.0
41.565,6.356731365804046,6.784304691133175,23.805003130986446,-0.0
41.57,6.377856818248089,6.883847378177913,23.702357556129254,-0.0
41.575,6.403870389686975,6.987017824130525,23.605755772227887,-0.0
41.58,6.432860482456801,7.092934322022634,23.514205817748238,-0.0
41.585,6.463981682572426,7.201682441758078,23.427122945784063,-0.0
41.59,6.500906335394968,7.314838030508596,23.348989807659365,-0.0
41.595,6.541543351472486,7.429909854342585,23.276595162591587,-0.0
41.6,6.585725281373974,7.547038097883104,23.208929015534178,-0.0
41.605000000000004,6.632811460104557,7.6665745802641165,23.14890583653776,-0.0
41.61,6.6843346090714775,7.789025858183624,23.095563643185873,-0.0
41.615,6.739675837479721,7.913039849086514,23.04698445856261,-0.0
41.62,6.7985097033294695,8.040999086019609,23.00536624342952,-0.0
41.625,6.861599884603972,8.171186728488033,22.97135031986176,-0.0
41.63,6.926275650618708,8.303067951697338,22.94511195058602,-0.0
41.635,6.99443984309099,8.435754324224373,22.9268720252897,-0.0
41.64,7.068187530292672,8.57169314818868,22.91532512715609,-0.0
41.645,7.1438839763938535,8.707533528772474,22.912651726035044,-0.0
41.65,7.22263997603466,8.846307774211398,22.91706995162845,-0.0
41.655,7.302769634020612,8.98664441400255,22.931136089475316,-0.0
41.660000000000004,7.38698728179671,9.126929173604491,22.952133164539088,-0.0
41.665,7.474187914459655,9.267551222536978,22.981374679029326,-0.0
41.67,7.564223444726565,9.407593172283216,23.02058747541534,-0.0
41.675000000000004,7.65644514266604,9.549650156068868,23.069949603598314,-0.0
41.68,7.7521134867454915,9.68954652201803,23.12862473995017,-0.0
41.685,7.849790185113806,9.829882578558802,23.194588776792298,-0.0
41.69,7.948825682122419,9.969752766406891,23.273055520422744,-0.0
41.695,8.049873830305746,10.107640233061955,23.35994539881448,-0.0
41.7,8.152889647279668,10.24263744107627,23.454099106831592,-0.0
41.705,8.25700456693639,10.377223882336724,23.558058183938044,-0.0
41.71,8.363010091874635,10.509982358337474,23.672540735370582,-0.0
41.715,8.470752193774116,10.637112158897043,23.796517521796165,-0.0
41.72,8.58059986582526,10.762884024809475,23.9295554509102,-0.0
41.725,8.688952586075548,10.883031233316943,24.0722706755606,-0.0
41.730000000000004,8.79963366987929,11.000134495920747,24.22419451284389,-0.0
41.735,8.910382062640362,11.111381633182587,24.383124707135007,-0.0
41.74,9.019672330807214,11.217693563253516,24.553192996778574,-0.0
41.745,9.12937851744307,11.317773103254824,24.731615923283783,-0.0
41.75,9.238036291446416,11.409043917843976,24.918557509945682,-0.0
41.755,9.34660199263772,11.49439686782327,25.112245393291722,-0.0
41.76,9.453918532512617,11.571391433787193,25.315529988018405,-0.0
41.765,9.559884177746117,11.640284002226364,25.522786585012106,-0.0
41.77,9.664195351116362,11.700684107276812,25.73836110868267,-0.0
41.775,9.764392936891111,11.751575990064994,25.960478623309253,-0.0
41.78,9.863387119221818,11.792491518621292,26.18935310151513,-0.0
41.785000000000004,9.959690655613185,11.822766871451915,26.421588804977443,-0.0
41.79,10.052912463360121,11.842805336210825,26.657652889870423,-0.0
41.795,10.14254255869825,11.850342097996148,26.897387542037354,-0.0
41.800000000000004,10.229195728303024,11.846437820036428,27.140110622687462,-0.0
41.805,10.310460207107957,11.830409371360721,27.38355555946661,-0.0
41.81,10.385832239103413,11.803378652148462,27.62830382440541,-0.0
41.815,10.457158738760953,11.76409242347717,27.873312922846964,-0.0
41.82,10.521408489641251,11.711738744044723,28.11715790973734,-0.0
41.825,10.58048525070575,11.645978520414028,28.358106986448565,-0.0
41.83,10.633895641033918,11.569220044171947,28.596115581003232,-0.0
41.835,10.681190442595408,11.480250411750502,28.830652503421803,-0.0
41.84,10.721498006673057,11.378408240642463,29.059312575795126,-0.0
41.845,10.755010173129115,11.265067334232736,29.282733778242676,-0.0
41.85,10.779846708035413,11.13790580386291,29.497811129842574,-0.0
41.855000000000004,10.797531181819249,11.001982525500182,29.7040362119739,-0.0
41.86,10.807628320843396,10.854442375801751,29.902000852933547,-0.0
41.865,10.809541142264786,10.696286326795109,30.08999794977297,-0.0
41.87,10.802947394746653,10.52954148894865,30.266758320390636,-0.0
41.875,10.790925861710406,10.355475360285817,30.432358571192903,-0.0
41.88,10.769184202732754,10.172066280676026,30.585207640408907,-0.0
41.885,10.739555134012848,9.983416310835135,30.72494043856952,-0.0
41.89,10.70074337228234,9.787516277159439,30.851404852907162,-0.0
41.895,10.654846676426711,9.586859871288686,30.962721567158766,-0.0
41.9,10.602055357118621,9.381223503994924,31.059813707135383,-0.0
41.905,10.542101316008736,9.172148389804684,31.143122176439835,-0.0
41.910000000000004,10.47335832514298,8.959827981737341,31.21056124966705,-0.0
41.915,10.398085415767598,8.746801510613263,31.26259584490601,-0.0
41.92,10.315445690187047,8.533985375724857,31.300597694627815,-0.0
41.925000000000004,10.227760899926443,8.32059337758765,31.3244592317373,-0.0
41.93,10.131937051487514,8.109229069306782,31.332040991352404,-0.0
41.935,10.030059410438355,7.899482223867128,31.32449210820561,-0.0
41.94,9.923686278879217,7.6932180966313215,31.302316521071187,-0.0
41.945,9.812139628463916,7.4905037595294495,31.26490710464736,-0.0
41.95,9.69550182493245,7.292557012608264,31.215274555847824,-0.0
41.955,9.576163798104986,7.0981390143480505,31.152275689472486,-0.0
41.96,9.45319253248296,6.911670212354218,31.078087118845154,-0.0
41.965,9.327028932354711,6.732103269085916,30.990791749672166,-0.0
41.97,9.19758894908948,6.558180081482596,30.89133219444095,-0.0
41.975,9.064413874825727,6.392454853064431,30.780503510529822,-0.0
41.980000000000004,8.929980825008304,6.234966088762447,30.659514676424706,-0.0
41.985,8.794001649579531,6.084962309877512,30.529596013573748,-0.0
41.99,8.657750976881838,5.943941744301018,30.390658216009562,-0.0
41.995,8.521841403218756,5.81115683686144,30.24344157848773,-0.0
42.0,8.385550830271978,5.687627641377551,30.088507117112144,-0.0
42.005,8.251946429218139,5.5722175942418035,29.925584435924268,-0.0
42.01,8.117325748515814,5.464465820790134,29.757148547084977,-0.0
42.015,7.985140474793441,5.365641233471575,29.58176382545087,-0.0
42.02,7.853948651452003,5.276111312031846,29.400732858822145,-0.0
42.025,7.72507541375564,5.194834038483435,29.215082877847248,-0.0
42.03,7.598058420752719,5.122184458127758,29.026038095575164,-0.0
42.035000000000004,7.474905569887534,5.057519406553936,28.832406247860682,-0.0
42.04,7.353339155846364,5.000756581797306,28.635930122575985,-0.0
42.045,7.236094094637524,4.952140552806792,28.437884560060205,-0.0
42.050000000000004,7.121276527656415,4.9119809450472065,28.237526734723936,-0.0
42.055,7.010210924670488,4.878184023150337,28.036221385638658,-0.0
42.06,6.9050227384215095,4.853380834798464,27.832283393038953,-0.0
42.065,6.80157420861656,4.835164878669525,27.628479754401237,-0.0
42.07,6.702796174557207,4.823449941713611,27.423995958224367,-0.0
42.075,6.60846186227286,4.818261853791517,27.220461365273895,-0.0
42.08,6.519449377305557,4.818614808983695,27.016507815250698,-0.0
42.085,6.433872446876272,4.826610473902521,26.815066671237613,-0.0
42.09,6.354656473976409,4.840781455301099,26.61336143580164,-0.0
42.095,6.279619626837581,4.86106413200876,26.412655744114215,-0.0
42.1,6.209388745894811,4.886255263209563,26.213088627533025,-0.0
42.105000000000004,6.143042121977892,4.917407145814565,26.014341035977424,-0.0
42.11,6.082032893697953,4.952533080261912,25.818540854759515,-0.0
42.115,6.0255880148105,4.993812044094689,25.623937986432193,-0.0
42.12,5.973192354548024,5.039317410216209,25.431013242427017,-0.0
42.125,5.926162169007527,5.0897768623148885,25.242691168144233,-0.0
42.13,5.883429279748659,5.146588125180573,25.057984635527724,-0.0
42.135,5.8474769648207765,5.207561048076049,24.874693143840513,-0.0
42.14,5.815456484469872,5.271755804618924,24.695088445467178,-0.0
42.145,5.788746437315599,5.342443668297588,24.51948995794591,-0.0
42.15,5.7664977294308075,5.415767604817535,24.346871626242518,-0.0
42.155,5.747899659147652,5.494069491781773,24.178441581243693,-0.0
42.160000000000004,5.735102155017969,5.577363531212088,24.013402662846158,-0.0
42.165,5.727106126314718,5.66308011194473,23.853396455820715,-0.0
42.17,5.724318509301149,5.753316855531543,23.6972535380489,-0.0
42.175000000000004,5.725301710363777,5.847336037833469,23.546464671865934,-0.0
42.18,5.730846792291183,5.945540841317447,23.39988025365089,-0.0
42.185,5.740294808709605,6.0463755339489715,23.258004122354006,-0.0
42.19,5.755993956350711,6.151647877461678,23.12180369321849,-0.0
42.195,5.776336944533006,6.261246933393513,22.99002510222895,-0.0
42.2,5.801103480675369,6.374223488470873,22.864913397450035,-0.0
42.205,5.830294834537841,6.491636077004746,22.744936550822267,-0.0
42.21,5.862447900237064,6.612380907576568,22.63022905357575,-0.0
42.215,5.899143032275464,6.736852859911341,22.52144501231798,-0.0
42.22,5.940900840284011,6.865990264188386,22.418925840498876,-0.0
42.225,5.986188995662113,6.997025318562773,22.324289090349367,-0.0
42.230000000000004,6.037155348089083,7.131143878579506,22.23533290683378,-0.0
42.235,6.0916342750638695,7.268887210401228,22.153189656727818,-0.0
42.24,6.151532580945586,7.410559737681838,22.077945343460595,-0.0
42.245,6.213801894968647,7.556281734460207,22.012007739485018,-0.0
42.25,6.280744037346523,7.703689883665269,21.95288440907292,-0.0
42.255,6.353481493371424,7.856174258261224,21.90193536370508,-0.0
42.26,6.428537867962541,8.010043702639976,21.85988074183277,-0.0
42.265,6.506964225810763,8.16667169714174,21.824288806874822,-0.0
42.27,6.590619883632613,8.32611691574999,21.798795179147312,-0.0
42.275,6.67694200913687,8.488621258349772,21.78222826799814,-0.0
42.28,6.767166024507173,8.653891997509412,21.77528878891536,-0.0
42.285000000000004,6.861711227757769,8.81976521751195,21.77647353362711,-0.0
42.29,6.959206119715689,8.989213243539915,21.789142501330975,-0.0
42.295,7.060118606035874,9.159655216758981,21.812109559632486,-0.0
42.300000000000004,7.165720127680094,9.333139072859227,21.8443308536524,-0.0
42.305,7.2738391362804276,9.50591311882022,21.88826257207311,-0.0
42.31,7.3858986323088915,9.680583472397426,21.941816199613573,-0.0
42.315,7.500002678561465,9.855993766700657,22.00548407910322,-0.0
42.32,7.618053937517521,10.033444909464254,22.08187736443288,-0.0
42.325,7.738536984106923,10.209288377924189,22.168578372363417,-0.0
42.33,7.862361757980952,10.38403712494503,22.268958362609194,-0.0
42.335,7.988982942534184,10.557144215980928,22.380510911371044,-0.0
42.34,8.11694327636592,10.729401660650918,22.50423685763303,-0.0
42.345,8.247024085554095,10.897910279283435,22.640165289772888,-0.0
42.35,8.378734630518624,11.064829947293498,22.78855702934446,-0.0
42.355000000000004,8.51362082905985,11.228758558777605,22.94810617119262,-0.0
42.36,8.649034076873308,11.386750487251392,23.119500622953677,-0.0
42.365,8.7857957609039,11.54147211543886,23.30392482401609,-0.0
42.37,8.92300729784972,11.689480736825239,23.50084898589091,-0.0
42.375,9.061756189853597,11.832076997338783,23.708989207191173,-0.0
42.38,9.19994420180394,11.967883155427758,23.929172851706493,-0.0
42.385,9.33898343016757,12.095915621713162,24.16081606393508,-0.0
42.39,9.477618317270124,12.215615110861613,24.40421098083308,-0.0
42.395,9.61548622118261,12.326035286602075,24.656913316189915,-0.0
42.4,9.750238089536,12.426575229084454,24.920174052770786,-0.0
42.405,9.885221666150441,12.514798458372512,25.194248352464584,-0.0
42.410000000000004,10.017239304384841,12.58846784058789,25.476799822832966,-0.0
42.415,10.146954019748355,12.65091655634189,25.768216363065598,-0.0
42.42,10.271192080472545,12.70074115431179,26.06650065316916,-0.0
42.425000000000004,10.392611745914262,12.735984429167916,26.37050795104602,-0.0
42.43,10.510401941931553,12.756563144514358,26.68172407380798,-0.0
42.435,10.622238902961186,12.762369063555735,26.997647458635246,-0.0
42.44,10.727765173644448,12.751746526215973,27.314638457153492,-0.0
42.445,10.828233001082548,12.724573534130448,27.63366582142602,-0.0
42.45,10.922299207402466,12.681459306549971,27.952903310822276,-0.0
42.455,11.01075599420048,12.620520593542116,28.27269475154398,-0.0
42.46,11.091836655082474,12.542737760846196,28.59013247447547,-0.0
42.465,11.16460472050611,12.44720781136024,28.903323326467465,-0.0
42.47,11.229354820458227,12.335351750592757,29.213526992378643,-0.0
42.475,11.28613802694546,12.205486778161635,29.51671991713054,-0.0
42.480000000000004,11.332410080306396,12.059620519487208,29.81226429408133,-0.0
42.485,11.367986348243425,11.89661626808969,30.097810823635378,-0.0
42.49,11.394155592334807,11.718592316384592,30.373130504403065,-0.0
42.495,11.409156267287544,11.525905558562599,30.635665752821637,-0.0
42.5,11.414334176295599,11.319085420462073,30.8843350366593,-0.0
42.505,11.409775573909226,11.09938309323704,31.118132486831428,-0.0
42.51,11.396003941921942,10.86607571605591,31.336083170780302,-0.0
42.515,11.368467204195673,10.621069191984274,31.537547911807383,-0.0
42.52,11.332255985426938,10.368013770444987,31.720776210309037,-0.0
42.525,11.283469851603188,10.106162527900686,31.884761699024217,-0.0
42.53,11.224859198636684,9.836787971397186,32.0304072027893,-0.0
42.535000000000004,11.154575551807053,9.561001534903308,32.156058903801906,-0.0
42.54,11.07408073705986,9.280739361768639,32.2608815473198,-0.0
42.545,10.98351797359241,8.9984385879705,32.343632270503235,-0.0
42.550000000000004,10.88486162799338,8.714326132152204,32.40541627280967,-0.0
42.555,10.77719216399774,8.431618898142139,32.44662523796902,-0.0
42.56,10.659439018492318,8.149313791292764,32.46740935450614,-0.0
42.565,10.532987108687495,7.870087412128008,32.46818721166748,-0.0
42.57,10.400086990877261,7.594545333024882,32.44935418431183,-0.0
42.575,10.258092266581036,7.32513209644868,32.411491641939904,-0.0
42.58,10.112300070111143,7.061933862914686,32.35465281300138,-0.0
42.585,9.960304519984584,6.806503598473325,32.280309196973946,-0.0
42.59,9.8035017886364,6.559923774063307,32.188514277598024,-0.0
42.595,9.642198327617857,6.322507669592773,32.081321117749866,-0.0
42.6,9.476653976156506,6.0942448827731965,31.95885057715248,-0.0
42.605000000000004,9.307853705247059,5.875952578362118,31.82066135005641,-0.0
42.61,9.136011737399622,5.66808905755894,31.66974290417807,-0.0
42.615,8.962320075243147,5.4727409630688,31.504805454877,-0.0
42.62,8.789163686926868,5.288503476243633,31.329878510429694,-0.0
42.625,8.614200133365696,5.116752497562324,31.144342478193227,-0.0
42.63,8.4400463314508,4.955721432846375,30.949375222627534,-0.0
42.635,8.265999341876379,4.806135499121573,30.744499564416568,-0.0
42.64,8.091335225324947,4.669511024424446,30.532920057236243,-0.0
42.645,7.921218576838399,4.54390244902031,30.314205957589333,-0.0
42.65,7.751982580197899,4.430269731857919,30.090697172186694,-0.0
42.655,7.585902339066996,4.326963816588018,29.86184215287169,-0.0
42.660000000000004,7.423453019443375,4.234552872437222,29.628340780963,-0.0
42.665,7.264223399002892,4.152451571746385,29.39047424868781,-0.0
42.67,7.108034497499097,4.081764360103177,29.148418645302932,-0.0
42.675000000000004,6.955491288497803,4.019575459683431,28.9043725679799,-0.0
42.68,6.809116505542105,3.9668373950845086,28.65824617315175,-0.0
42.685,6.666799447914985,3.924161280199494,28.41216356926627,-0.0
42.69,6.530011753710427,3.8899947891627127,28.16419858577417,-0.0
42.695,6.397824012249905,3.865493761093162,27.91720233390655,-0.0
42.7,6.2703202393174315,3.8490290972350487,27.668095751207908,-0.0
42.705,6.148526274095768,3.8400984794315285,27.419666312947435,-0.0
42.71,6.033366025063431,3.8389211740680063,27.172264766522797,0.0
42.715,5.925775833333396,3.845014522636116,26.924823583855623,0.0
42.72,5.822733927184023,3.8579109273552357,26.678069249704276,0.0
42.725,5.724284646683166,3.8772625328734502,26.434238497022488,0.0
42.730000000000004,5.633084305258953,3.903439017312031,26.192496102852278,0.0
42.735,5.546944199438956,3.9348037625847527,25.953289214567032,0.0
42.74,5.466108816878084,3.9716920254280383,25.715617483186367,0.0
42.745,5.39252280069218,4.014165374380614,25.4821637536829,0.0
42.75,5.323279752133983,4.061763335678324,25.249189514658287,0.0
42.755,5.260103190557919,4.114268368637178,25.02007761345261,0.0
42.76,5.20246531653168,4.172518534978832,24.79380090085443,0.0
42.765,5.150277994973681,4.235047629955086,24.572474266367887,0.0
42.77,5.104033255003946,4.301625886051265,24.354135641789576,0.0
42.775,5.063042544313479,4.373144590204618,24.139133308752335,0.0
42.78,5.029077576756264,4.449776662930475,23.92723258724044,0.0
42.785000000000004,5.000822696847024,4.529634375518689,23.71985615030109,0.0
42.79,4.9767342500105975,4.613848977121581,23.518224526095988,0.0
42.795,4.9601831668846215,4.70149358244485,23.32067658476658,0.0
42.800000000000004,4.947058396458046,4.794294318642113,23.126776819767677,0.0
42.805,4.940410781189774,4.892205273679901,22.93685493482547,0.0
42.81,4.937901553278606,4.993859108106921,22.75233110492575,0.0
42.815,4.941836061049393,5.097458018249087,22.572686654620103,0.0
42.82,4.947904476038932,5.206610364861296,22.397202423199275,0.0
42.825,4.960455757502442,5.318873422618995,22.227671061420594,0.0
42.83,4.978361922915019,5.433532109500076,22.063652955482578,0.0
42.835,5.001167678590301,5.5539261333068435,21.905663500682458,0.0
42.84,5.0299828375707785,5.678808669136625,21.75219167114713,0.0
42.845,5.0637086317271525,5.80768828994396,21.604769440842105,0.0
42.85,5.101933829050242,5.940238864698693,21.463658503524695,0.0
42.855000000000004,5.144394732943234,6.075741987595391,21.32855476348596,0.0
42.86,5.191766930266812,6.215753490544701,21.200611853803753,0.0
42.865,5.243563212048259,6.361191382849254,21.080640926786636,0.0
42.87,5.300082288548107,6.5110038801762204,20.965789754318497,0.0
42.875,5.360443361747495,6.665518607661594,20.857994124053306,0.0
42.88,5.426731656656171,6.823206125035556,20.758218257672954,0.0
42.885,5.496549645202204,6.985602575988272,20.666141647391406,0.0
42.89,5.570886970548444,7.150964327585842,20.580539486981703,0.0
42.895,5.650234027143482,7.322258850105792,20.505207560827245,0.0
42.9,5.732271085152514,7.495790556342512,20.438080687980758,0.0
42.905,5.819591290527677,7.676686905792012,20.380014802316932,0.0
42.910000000000004,5.912770403020414,7.860618751358058,20.33157907576976,0.0
42.915,6.009374697048409,8.04740040236135,20.293243655544327,0.0
42.92,6.112940224293499,8.240211771453472,20.264284225141264,0.0
42.925000000000004,6.220609235142296,8.4355327112187,20.24531469509519,0.0
42.93,6.329813108516544,8.633580519547097,20.237071749284816,0.0
42.935,6.4449607791140915,8.83743650914454,20.240829409907366,0.0
42.94,6.565905973807599,9.044937581614365,20.253886769876182,0.0
42.945,6.689168792098959,9.254646774243854,20.280502294676875,0.0
42.95,6.817189425174187,9.466478467703311,20.318802585625924,0.0
42.955,6.949726959992435,9.681383725040146,20.37088986621241,0.0
42.96,7.086666404745879,9.8978733056671,20.436811690444323,0.0
42.965,7.2283809719193295,10.1165248439036,20.515884204546797,0.0
42.97,7.372540594197908,10.33727646965686,20.608396383866925,0.0
42.975,7.519079233885021,10.557749061815512,20.71387080743903,0.0
42.980000000000004,7.672469859102842,10.779334483143659,20.835033014920732,0.0
42.985,7.828527912594125,11.00067197799052,20.971158019670295,0.0
42.99,7.986263064644382,11.220715520982484,21.122777982135283,0.0
42.995,8.147020640488233,11.439603959700808,21.289151875287345,0.0
43.0,8.311850583445423,11.655709887492629,21.47155450113155,0.0
43.005,8.478237732316073,11.86934385539253,21.669801570340752,0.0
43.01,8.647444954821298,12.078484681749867,21.88405084917226,0.0
43.015,8.81855046424606,12.281592568944323,22.113725807410294,0.0
43.02,8.991078077348087,12.47841601808585,22.360259255330657,0.0
43.025,9.165035261547922,12.668926180031235,22.623104501462343,0.0
43.03,9.341105046844339,12.85082208186898,22.902038783304693,0.0
43.035000000000004,9.516604704924793,13.024539219142211,23.196853436726446,0.0
43.04,9.692007195063628,13.189173107971662,23.507831699252698,0.0
43.045,9.86697538776762,13.339390890959816,23.832728625579776,0.0
43.050000000000004,10.041568616063785,13.478615061370324,24.173155684395876,0.0
43.055,10.21144865061379,13.601946998388941,24.527999388454745,0.0
43.06,10.38049728828484,13.71026793944343,24.896411095208826,0.0
43.065,10.54621555718705,13.803849453537563,25.275347793691708,0.0
43.07,10.70753737821592,13.87894210402858,25.666015560406642,0.0
43.075,10.866302281045517,13.934864271343104,26.066466750924313,0.0
43.08,11.018420447632614,13.970340669035371,26.476462885678206,0.0
43.085,11.16731416652242,13.984081023123295,26.893570399262636,0.0
43.09,11.307404322106144,13.974704701628935,27.317068493351197,0.0
43.095,11.441333497756439,13.943518751790764,27.74220226516185,0.0
43.1,11.565759270210716,13.889193913406306,28.169770806342086,0.0
43.105000000000004,11.682962042382586,13.811232982466006,28.597510802381198,0.0
43.11,11.78980527145806,13.707036744767693,29.022787470456638,0.0
43.115,11.88532455290739,13.57812512263214,29.44479779153415,0.0
43.12,11.969277920087105,13.424354798092214,29.859633276864162,0.0
43.125,12.042035248824018,13.246104864280845,30.264414036642222,0.0
43.13,12.103053562042536,13.04456140770498,30.657941390502312,0.0
43.135,12.15019854761822,12.819073589311275,31.038345275644335,0.0
43.14,12.183256936486861,12.57123602452579,31.404123292922446,0.0
43.145,12.203177130537314,12.301096517160351,31.75029173436714,0.0
43.15,12.20830760366366,12.011087771083325,32.07720950593457,0.0
43.155,12.19867269353685,11.702321230959445,32.38145245571869,0.0
43.160000000000004,12.172886499444722,11.378138238527871,32.66390852924126,0.0
43.165,12.13318980923236,11.036391349127232,32.92045798402607,0.0
43.17,12.079183127715071,10.682379523261718,33.15051425445971,0.0
43.175000000000004,12.009239714996438,10.317999138539928,33.35453910956265,0.0
43.18,11.925083692203744,9.94454835222835,33.52938185425712,0.0
43.185,11.826587776966935,9.564808470479562,33.674341104209496,0.0
43.19,11.714033094582753,9.181098556237213,33.79164927348462,0.0
43.195,11.587797161757393,8.796412031543237,33.87695618912363,0.0
43.2,11.448181206826101,8.41241428456247,33.93451135756252,0.0
43.205,11.296773759623871,8.031485705697314,33.964519990056836,0.0
43.21,11.132670697236291,7.653795341227282,33.96472081012669,0.0
43.215,10.95837774192122,7.283746143918082,33.93742286776114,0.0
43.22,10.775713728745913,6.921952579969961,33.884533870466946,0.0
43.225,10.583198843317922,6.570173556128236,33.806528245392876,0.0
43.230000000000004,10.38269319825993,6.229136829272505,33.702849748201295,0.0
43.235,10.173497334270586,5.902258980462878,33.57596169007134,0.0
43.24,9.960165997016553,5.588360839036978,33.42767951738702,0.0
43.245,9.740528712347352,5.289694506911745,33.260552649849444,0.0
43.25,9.517804995835768,5.0072161950836485,33.07497777864232,0.0
43.255,9.291837898972277,4.739667554206629,32.87203466750989,0.0
43.26,9.063056054743685,4.489358118927026,32.654081834577134,0.0
43.265,8.834111049275919,4.256105239643588,32.42281136762905,0.0
43.27,8.606026085883762,4.039599774611954,32.17840780350734,0.0
43.275,8.377765357150233,3.8400797363793258,31.924500907163527,0.0
43.28,8.152459555468743,3.6558944455572555,31.660597314015185,0.0
43.285000000000004,7.927985560381107,3.4882255763779013,31.38720119943746,0.0
43.29,7.706651477795029,3.335252916743684,31.10826756751043,0.0
43.295,7.488192512887193,3.1986644849218937,30.82137540006693,0.0
43.300000000000004,7.273936568798264,3.076420817387834,30.530026509814654,0.0
43.305,7.064219262152578,2.969230025689951,30.235308204757757,0.0
43.31,6.859066655083872,2.875456541573259,29.9376355290425,0.0
43.315,6.661440142709604,2.793907060123466,29.6374017463925,0.0
43.32,6.468453476155792,2.7255465579655267,29.336053152558588,0.0
43.325,6.280041224313085,2.668185817728937,29.033425909396634,0.0
43.33,6.098460442504939,2.6229213964136213,28.729046615116207,0.0
43.335,5.925141215633242,2.587496597488693,28.425744226152837,0.0
43.34,5.758051614563025,2.562964732648513,28.122837841392485,0.0
43.345,5.597918536145657,2.5466019579582806,27.822131921247166,0.0
43.35,5.444247338172629,2.538743689143331,27.521457133494454,0.0
43.355000000000004,5.298094511601072,2.5381158706370353,27.224453154267522,0.0
43.36,5.16076161948873,2.5463184990304675,26.928206241302153,-0.0
43.365,5.030370883657299,2.5612369834237607,26.6342605832845,-0.0
43.37,4.907471630320003,2.5826991099200685,26.342525559103525,-0.0
43.375,4.791295634298297,2.609960709998696,26.055553560845073,-0.0
43.38,4.680771412402655,2.643790272567556,25.77176308738991,-0.0
43.385,4.578816271724579,2.6828604008675154,25.491311005118302,-0.0
43.39,4.484194514243367,2.727821491448031,25.21096734706777,-0.0
43.395,4.396063643063602,2.7764488517418506,24.936361480995224,-0.0
43.4,4.315279835441729,2.8293918964336187,24.666949336402748,-0.0
43.405,4.241033790965003,2.8853947066486514,24.40007193291116,-0.0
43.410000000000004,4.1728056716773425,2.946801430702005,24.136036532525317,-0.0
43.415,4.110781678196041,3.01240672493788,23.87563380533377,-0.0
43.42,4.054921491937847,3.0825968502927044,23.61964867543536,-0.0
43.425000000000004,4.0063780650342595,3.156165454710533,23.368065103877992,-0.0
43.43,3.9643638641085515,3.2343441554918404,23.119498558763905,-0.0
43.435,3.92793755804339,3.314980158336079,22.875650422569095,-0.0
43.44,3.898311341007353,3.3985557664931396,22.63558175770855,-0.0
43.445,3.873879142723772,3.485783678305794,22.39964462191405,-0.0
43.45,3.854984934342072,3.576632306186486,22.168025334853894,-0.0
43.455,3.8408035838559,3.6715904483025743,21.941694646518044,-0.0
43.46,3.832486772064529,3.77087608197811,21.71985319971825,-0.0
43.465,3.8283534451673513,3.871470905864696,21.503037578257413,-0.0
43.47,3.8310058815958175,3.977308640759192,21.290844172716064,-0.0
43.475,3.8391123662934072,4.0857383150148445,21.08312564485009,-0.0
43.480000000000004,3.8510295179851695,4.198746952075454,20.88107529348976,-0.0
43.485,3.868233078222503,4.3139684455561005,20.684419169170845,-0.0
43.49,3.891498522789963,4.434368413740073,20.490215445609426,-0.0
43.495,3.919635828115498,4.557209034515791,20.30376560876584,-0.0
43.5,3.9517062327147916,4.6860922021655185,20.12164494130363,-0.0
43.505,3.9892256788860903,4.818529037123098,19.945313097978485,-0.0
43.51,4.029913989032544,4.955244258808338,19.775945342216165,-0.0
43.515,4.076299263642284,5.095253137537066,19.61243925634341,-0.0
43.52,4.129448964768801,5.242340784713871,19.454942460795603,-0.0
43.525,4.185112066940412,5.392578310488098,19.30350537942192,-0.0
43.53,4.245583352720108,5.547119151326694,19.158979893065773,-0.0
43.535000000000004,4.311493501423844,5.708667176136112,19.022074947824226,-0.0
43.54,4.380875182372425,5.8729467519018375,18.892412889075448,-0.0
43.545,4.45450128176087,6.04433088900653,18.769570800105495,-0.0
43.550000000000004,4.533773009474132,6.219402778422597,18.655280687156022,-0.0
43.555,4.617143126446009,6.3991085766744735,18.54809350410594,-0.0
43.56,4.706566441634582,6.58492549057042,18.44787122036562,-0.0
43.565,4.80111951269889,6.775639189196554,18.35719461370595,-0.0
43.57,4.8990920308217465,6.973204662427587,18.274946236871507,-0.0
43.575,5.003300016912995,7.17691374210861,18.201464806451664,-0.0
43.58,5.112250477193333,7.385310469410363,18.1382785342121,-0.0
43.585,5.224859303328803,7.599949592218053,18.085597364061208,-0.0
43.59,5.343612228666044,7.820116651637819,18.044056476636037,-0.0
43.595,5.466992497063965,8.047204212366182,18.01221333733931,-0.0
43.6,5.59573563509236,8.27958141017932,17.992280429393084,-0.0
43.605000000000004,5.729409777849773,8.518376718590012,17.985149724292494,-0.0
43.61,5.868301296467246,8.761769587856412,17.989150509314708,-0.0
43.615,6.0143059020677505,9.012995758305662,18.007228412622197,-0.0
43.62,6.163353954234136,9.268051052110355,18.038956124598695,-0.0
43.625,6.319225329188444,9.529401280647134,18.083968092147455,-0.0
43.63,6.48030904536453,9.794255022474111,18.14500298774773,-0.0
43.635,6.645524947027952,10.064437251920335,18.22106653773361,-0.0
43.64,6.81717592899199,10.3402102502396,18.312035222740594,-0.0
43.645,6.993112228898886,10.61911404304812,18.42070762045608,-0.0
43.65,7.174356312142983,10.900373920379849,18.547071672474775,-0.0
43.655,7.360226768283483,11.184459642385063,18.690923385228412,-0.0
43.660000000000004,7.551588670684333,11.46960813745823,18.85328277946108,-0.0
43.665,7.747714045369542,11.75753709626953,19.035389919912888,-0.0
43.67,7.947851883244106,12.046721364065752,19.237549806511083,-0.0
43.675000000000004,8.151920374537267,12.333426404373343,19.457946065402997,-0.0
43.68,8.360888852231081,12.62011606670936,19.700883980878686,-0.0
43.685,8.57416201860048,12.903323296774094,19.96500510395304,-0.0
43.69,8.789697845923325,13.183566825857383,20.251802727772464,-0.0
43.695,9.008139982153951,13.458688440714184,20.560398943900474,-0.0
43.7,9.231516672150683,13.725938220256898,20.892907700133758,-0.0
43.705,9.455895810546275,13.984686880573593,21.24727053995799,-0.0
43.71,9.682609611823302,14.234447674828923,21.624414608965637,-0.0
43.715,9.911261550066719,14.471346317051385,22.02476954043442,-0.0
43.72,10.139280185648825,14.695056952863313,22.447041229135948,-0.0
43.725,10.366837527118946,14.902225886622151,22.892237660905195,-0.0
43.730000000000004,10.593337794613884,15.092315070045075,23.35935636897487,-0.0
43.735,10.818432211871228,15.263345923796255,23.846557716419245,-0.0
43.74,11.040855625266047,15.411018240142734,24.354479883879666,-0.0
43.745,11.258483521420409,15.535387526049709,24.879949737340905,-0.0
43.75,11.472487904712128,15.63342856810259,25.422968397363647,-0.0
43.755,11.680595748200572,15.702660124944472,25.98150786404078,-0.0
43.76,11.88112957119028,15.74227210745961,26.552226146553725,-0.0
43.765,12.075588353639104,15.750985577544634,27.13325509539062,-0.0
43.77,12.259212854884288,15.724307965378166,27.721849686475416,-0.0
43.775,12.433740910271261,15.661095115254582,28.31517148833571,-0.0
43.78,12.59465799873924,15.563530903569687,28.91214238429178,-0.0
43.785000000000004,12.743170164876231,15.429333258120026,29.507555763509934,-0.0
43.79,12.87658713770326,15.2559901086316,30.09804071961378,-0.0
43.795,12.996052887221659,15.04422176601419,30.67884672611038,-0.0
43.800000000000004,13.0990335255584,14.795368963865528,31.247271370740407,-0.0
43.805,13.183532308156458,14.50866257417399,31.79880891212928,-0.0
43.81,13.249643408783877,14.18609021013802,32.33119848268022,-0.0
43.815,13.29754152799507,13.827453043889872,32.83967768064846,-0.0
43.82,13.324487278375388,13.436322061238194,33.31948275400747,-0.0
43.825,13.330053674191385,13.014652941504517,33.769620800967026,-0.0
43.83,13.314122941003399,12.565811899135834,34.1870213232254,-0.0
43.835,13.277227566271753,12.092311582587822,34.568203349645835,-0.0
43.84,13.218693772971747,11.596663969752074,34.91115410459791,-0.0
43.845,13.13871278182894,11.083275564312784,35.21204462906745,-0.0
43.85,13.035156328162229,10.554604875383117,35.47153082067446,-0.0
43.855000000000004,12.910205546990186,10.014931113608052,35.685815924694545,-0.0
43.86,12.765749583743942,9.468773042950003,35.85501801700657,-0.0
43.865,12.601647222545257,8.919615458119369,35.981068665229884,-0.0
43.87,12.418416838594577,8.371797072373266,36.064103091723226,-0.0
43.875,12.21726079152709,7.829687274584737,36.10176586524313,-0.0
43.88,11.998184909213384,7.295813619965264,36.098191904994586,-0.0
43.885,11.763221837634017,6.772508288541418,36.05506611865876,-0.0
43.89,11.513043417746433,6.263873247438897,35.971957552334516,-0.0
43.895,11.249413492596942,5.773495887870256,35.85369136904656,-0.0
43.9,10.975838585264565,5.302998692419367,35.69975540899658,-0.0
43.905,10.691231022382082,4.854031097913265,35.5140132920344,-0.0
43.910000000000004,10.399238383920025,4.426952844293341,35.301017071837265,-0.0
43.915,10.101080166446705,4.026277443923674,35.05967556076502,-0.0
43.92,9.798387176351481,3.6491614210476824,34.79499939381472,-0.0
43.925000000000004,9.491636382464808,3.2975772310398197,34.51003492729725,-0.0
43.93,9.180527516420966,2.9724766027424128,34.20621806055376,-0.0
43.935,8.869924740614149,2.673496154357932,33.8864477269005,-0.0
43.94,8.56002452845369,2.3989865758306226,33.554458839589685,-0.0
43.945,8.251383417867407,2.149145726713977,33.20943544636685,-0.0
43.95,7.947469123021819,1.9249383545537935,32.85670443614291,-0.0
43.955,7.646796894104295,1.7215708820679219,32.49483143386562,-0.0
43.96,7.351522137202277,1.5416861791004788,32.12755950641363,-0.0
43.965,7.060102935643362,1.3822896357638392,31.75560524363313,-0.0
43.97,6.776549244774508,1.2437672486692801,31.381848530171943,-0.0
43.975,6.500213809105007,1.1230514881222664,31.005674301950496,-0.0
43.980000000000004,6.230913778821101,1.0190288316977898,30.628969073127458,-0.0
43.985,5.969524490107047,0.9330005016818369,30.25267572159049,-0.0
43.99,5.718474400939348,0.861794124521166,29.877931658680044,-0.0
43.995,5.476758060340103,0.8042895644251206,29.50462076819027,-0.0
44.0,5.24342348924338,0.7594604620253611,29.132547143188432,-0.0
44.005,5.0201883303352846,0.7251884752508458,28.76609943651544,-0.0
44.01,4.804852463400479,0.7027744765684015,28.401260285623188,-0.0
44.015,4.601243576074042,0.6898376751507533,28.039624462180225,-0.0
44.02,4.403583098246581,0.6858596997831016,27.68230386013315,-0.0
44.025,4.217103316647572,0.6887447345300455,27.32844184265571,-0.0
44.03,4.0405282967511225,0.6997584096290701,26.978541236920872,-0.0
44.035000000000004,3.873017872248941,0.7178087884519173,26.633078542973827,-0.0
44.04,3.7149486517550927,0.7399996253677341,26.291095156813366,-0.0
44.045,3.5661047979580154,0.7693938703578256,25.955169076632465,-0.0
44.050000000000004,3.425053041041684,0.8028973768504803,25.622946958079616,-0.0
44.055,3.2956997290239305,0.8395126877364578,25.293921962841992,-0.0
44.06,3.173112413636801,0.87901308298295,24.970408516985064,-0.0
44.065,3.0583174357383904,0.9229404523579364,24.651315620724606,-0.0
44.07,2.9517217581944393,0.9707343112066169,24.33684764177033,-0.0
44.075,2.8528761528070157,1.020207706793493,24.02622115667721,-0.0
44.08,2.759757949346841,1.0713239855482508,23.720607070734903,-0.0
44.085,2.675764274495594,1.1243674326564879,23.418497965810847,-0.0
44.09,2.598123523528434,1.1799473893838,23.12061518560387,-0.0
44.095,2.5283844331209493,1.2391121695049865,22.8270579752851,-0.0
44.1,2.463614109702147,1.2969892322723462,22.53730220471429,-0.0
44.105000000000004,2.4045933933520214,1.3580056580908577,22.253062549808043,-0.0
44.11,2.3517652374321325,1.4205202854419205,21.972034341030618,-0.0
44.115,2.3049836431140465,1.484408492131299,21.695458427289232,-0.0
44.12,2.2646062474502022,1.5495879151398022,21.423261772699316,-0.0
44.125,2.229921903473396,1.61639541416537,21.15612882494863,-0.0
44.13,2.1986486219200105,1.6845062072624577,20.892291351527273,-0.0
44.135,2.172746341235848,1.7532737010425161,20.631816158666624,-0.0
44.14,2.151173104855407,1.8248297537323386,20.376291702864812,-0.0
44.145,2.1350688391357706,1.896806610101843,20.12458235308621,-0.0
44.15,2.1225142877763656,1.9700236331238448,19.876422193785086,-0.0
44.155,2.115846232935047,2.0467284079578674,19.633426912873592,-0.0
44.160000000000004,2.1132667748377054,2.125513043046167,19.39225471616039,-0.0
44.165,2.114053720283384,2.206216986895312,19.15681238196438,-0.0
44.17,2.118232957006515,2.288241695339686,18.922975856763884,-0.0
44.175000000000004,2.1275762976040222,2.373834530942286,18.69589995862516,-0.0
44.18,2.139941011743701,2.4629326017523927,18.471310626374816,-0.0
44.185,2.1562868733923666,2.552407583826111,18.251396082988418,-0.0
44.19,2.1754462136923642,2.6462767187363836,18.036551423259585,-0.0
44.195,2.199031063623315,2.7421271646527585,17.8238075630135,-0.0
44.2,2.2253945518470895,2.840796800776238,17.615952692602587,-0.0
44.205,2.256206749649582,2.9411207135872672,17.412073433656182,-0.0
44.21,2.2906663365712485,3.0466342226515457,17.212579989576945,-0.0
44.215,2.3276269526491515,3.1543714632712465,17.01797894248965,-0.0
44.22,2.3692369017547126,3.266762876635678,16.826836034798017,-0.0
44.225,2.414468598082336,3.383421026104317,16.64160852953474,-0.0
44.230000000000004,2.4627785139542406,3.5045889401251484,16.461370707336496,-0.0
44.235,2.514299571809088,3.6296501451143905,16.28572420256031,-0.0
44.24,2.569320125501105,3.7589986417959778,16.114551194831783,-0.0
44.245,2.6279587268866393,3.8932208534001114,15.94718059166737,-0.0
44.25,2.6907491807053177,4.032488433818501,15.784493916890835,-0.0
44.255,2.7581179958630506,4.176273794143574,15.62767657650755,-0.0
44.26,2.829580591565318,4.326032123941307,15.475907971313099,-0.0
44.265,2.9053692323923905,4.482574878292167,15.330269637800091,-0.0
44.27,2.9843698550998954,4.644416644289149,15.192345286623118,-0.0
44.275,3.067044883306845,4.813742130703916,15.05954395831129,-0.0
44.28,3.1557980182208154,4.988717477949614,14.933444732976717,-0.0
44.285000000000004,3.248574826298001,5.1695712984349065,14.812756557472518,-0.0
44.29,3.344398124133612,5.3565691644211775,14.697977068489086,-0.0
44.295,3.445666805410016,5.551909871073191,14.592926583939839,-0.0
44.300000000000004,3.551863722429852,5.755681383105334,14.494464241824366,-0.0
44.305,3.6641421735048425,5.966707045460216,14.404230234236499,-0.0
44.31,3.7802750203624456,6.18591181799614,14.322080917523923,-0.0
44.315,3.900473809183101,6.4140055875387425,14.248174465264217,-0.0
44.32,4.02609856986566,6.650831751457827,14.18235937515478,-0.0
44.325,4.156969984901228,6.894391550653072,14.127680275570345,-0.0
44.33,4.293434565348029,7.147087034464387,14.082995459260752,-0.0
44.335,4.436424880650695,7.409988751983301,14.047722908110464,-0.0
44.34,4.584892986000856,7.682867196518694,14.02398471960826,-0.0
44.345,4.74018179774017,7.964375585497135,14.013335770801957,-0.0
44.35,4.901048762674177,8.256857949408221,14.015666612641423,-0.0
44.355000000000004,5.069380663336825,8.558405083927074,14.031617551178742,-0.0
44.36,5.242307615542192,8.869593001415392,14.06198606467114,-0.0
44.365,5.422142081617924,9.189904296295893,14.106243106228424,-0.0
44.37,5.610957883843656,9.519941800019907,14.168362380409631,-0.0
44.375,5.806165649748754,9.860425909980648,14.24660592814435,-0.0
44.38,6.007809300208201,10.210727098179198,14.342702333326136,-0.0
44.385,6.216897116618794,10.569815299107207,14.45845780949894,-0.0
44.39,6.434153307527357,10.938098313914097,14.594055840925048,-0.0
44.395,6.659154882690767,11.314173563310652,14.752282234892705,-0.0
44.4,6.893589113258586,11.699141316799091,14.932473236346546,-0.0
44.405,7.133045969424051,12.091617309674389,15.136581494949095,-0.0
44.410000000000004,7.381306245565381,12.490436171176468,15.366163948219059,-0.0
44.415,7.636824208108259,12.894370242977105,15.622062770517418,-0.0
44.42,7.899851462062566,13.302536164083602,15.90648545823918,-0.0
44.425000000000004,8.170106676413699,13.712576813801148,16.220070113989145,-0.0
44.43,8.447708964017467,14.125421984105252,16.563832567267937,-0.0
44.435,8.731064480570142,14.537818318584492,16.939481994503073,-0.0
44.44,9.023274850811434,14.947666157119311,17.348280765520013,-0.0
44.445,9.31853093190683,15.35342404810842,17.791568700690615,-0.0
44.45,9.620805027904519,15.75174870929491,18.27050679517893,-0.0
44.455,9.925978319290914,16.140614206609122,18.78397225538589,-0.0
44.46,10.236582799738756,16.516872960190675,19.334368160736478,-0.0
44.465,10.550580644906288,16.876811670006926,19.922892919098587,-0.0
44.47,10.867704352888257,17.21843134290444,20.546476731484336,-0.0
44.475,11.186265548688088,17.536886081304836,21.208210363332473,-0.0
44.480000000000004,11.503263111448911,17.828947753110548,21.906409558159176,-0.0
44.485,11.82007567289711,18.090374917841807,22.63975015845056,-0.0
44.49,12.13380564179802,18.31577017725673,23.40691410319733,-0.0
44.495,12.442510410841571,18.50349702265358,24.205096106793903,-0.0
44.5,12.745247423924635,18.648012301415317,25.03423676883555,-0.0
44.505,13.039957524669552,18.74447259366818,25.88778264215751,-0.0
44.51,13.32695284634681,18.78734395041215,26.764422609120643,-0.0
44.515,13.599607769509786,18.776268823338526,27.660109858026484,-0.0
44.52,13.859699136183165,18.706272930641695,28.567450863439745,-0.0
44.525,14.102880518097825,18.574223423139262,29.48178635590151,-0.0
44.53,14.32731725121785,18.377489834973975,30.39777081575975,-0.0
44.535000000000004,14.52987166450858,18.11279841827805,31.30893461630264,-0.0
44.54,14.709612855496129,17.782218611471144,32.2075395680232,-0.0
44.545,14.863464682395147,17.38411119863499,33.0858117556846,-0.0
44.550000000000004,14.989215172050624,16.919120879299896,33.93645738716426,-0.0
44.555,15.085491671356863,16.390043990506065,34.75282159497696,-0.0
44.56,15.149990433460475,15.79991123805032,35.524411292031665,-0.0
44.565,15.182635420220734,15.1515652696756,36.24797910108435,-0.0
44.57,15.179652260277662,14.449354559696413,36.91419195520875,-0.0
44.575,15.143635925454108,13.700254916308545,37.51841626010363,-0.0
44.58,15.07073210809139,12.910096316971403,38.05532897622293,-0.0
44.585,14.963018544948342,12.088440010078868,38.5208799632062,-0.0
44.59,14.818975122054692,11.240084027268425,38.910924230153185,-0.0
44.595,14.640798695014885,10.37530597724136,39.22385687491422,-0.0
44.6,14.427847914520783,9.50177085224729,39.461448832024,-0.0
44.605000000000004,14.1809529658481,8.626771116561054,39.62163282526597,-0.0
44.61,13.902729902362783,7.758786918131874,39.704324829990725,-0.0
44.615,13.595917095895441,6.907433223643718,39.713485789730825,-0.0
44.62,13.260947639996266,6.077475165607633,39.653912141436095,-0.0
44.625,12.902063771111068,5.2741615158806905,39.52769126172422,-0.0
44.63,12.520214508597347,4.503830090794137,39.3409205840368,-0.0
44.635,12.11915274809509,3.772040625070061,39.09912597730709,-0.0
44.64,11.70281293213928,3.081434477598473,38.805383378921114,-0.0
44.645,11.270580616405972,2.4345619730396746,38.46846528906844,-0.0
44.65,10.82847641878305,1.8331178886344321,38.09126587369832,-0.0
44.655,10.378767868771053,1.2791125373317318,37.682321318537326,-0.0
44.660000000000004,9.924141550058083,0.7697504576689582,37.24633423186062,0.0
44.665,9.46597224430997,0.30766688901552763,36.786375333942715,0.0
44.67,9.008085421419837,-0.1100258330925104,36.30965505655583,0.0
44.675000000000004,8.553355769541263,-0.48320609831173644,35.81947006602698,0.0
44.68,8.101127630653814,-0.8159659104739422,35.3214278919814,0.0
44.685,7.656246030788322,-1.109056402302421,34.815673990613746,0.0
44.69,7.218449894156179,-1.364161640108787,34.30895365569867,0.0
44.695,6.788740264192197,-1.5852548987617567,33.80198138284658,0.0
44.7,6.369824586110266,-1.7731350074618297,33.298477301788964,0.0
44.705,5.9631268203060115,-1.932364590073603,32.797434798360484,0.0
44.71,5.569210667367311,-2.065568647579786,32.30253610002726,0.0
44.715,5.187048851260761,-2.17406747200792,31.814118124973202,0.0
44.72,4.818451651455282,-2.261289546777062,31.333766108859162,0.0
44.725,4.463443903208654,-2.32995088190503,30.861977922397653,0.0
44.730000000000004,4.122252221010555,-2.3815797090643946,30.39826572492473,0.0
44.735,3.797557260462596,-2.419788952895828,29.94434125198566,0.0
44.74,3.486960515629446,-2.444892439616931,29.498106344794213,0.0
44.745,3.1908623983280586,-2.458019796418885,29.06222548992498,0.0
44.75,2.908739320228234,-2.4623591728164422,28.63568373326978,0.0
44.755,2.6397607405015338,-2.4584036192139767,28.21796025069087,0.0
44.76,2.3852007601210343,-2.4491013214563315,27.80945011717128,0.0
44.765,2.1437138843895083,-2.4345188046018382,27.410254895670622,0.0
44.77,1.9143025951847308,-2.4154290030530206,27.018206554529872,0.0
44.775,1.698332454223456,-2.391923727307907,26.634742742432625,0.0
44.78,1.4945252269264635,-2.3675441674488984,26.25839834008752,0.0
44.785000000000004,1.3012011771498697,-2.342137275927636,25.890018058618406,0.0
44.79,1.1187221667270235,-2.317031592738807,25.530033716648372,0.0
44.795,0.9474530452901827,-2.291861208292014,25.177504326818788,0.0
44.800000000000004,0.7855520759570459,-2.26692589996219,24.831103949696143,0.0
44.805,0.6331511412956421,-2.2449174739290787,24.49127770415375,0.0
44.81,0.4903974919285806,-2.2220645955635865,24.157331308454626,0.0
44.815,0.35402548732832817,-2.2012626317658284,23.82946872967051,0.0
44.82,0.2255368082345769,-2.182508098552185,23.507921161763836,0.0
44.825,0.10414086684048206,-2.1663491919833784,23.19194452737086,0.0
44.83,-0.009416455156439504,-2.1518692904911365,22.88157739036995,0.0
44.835,-0.116713484037583,-2.1411949674073787,22.576148112308655,0.0
44.84,-0.21751966534722286,-2.132217781067988,22.276322572723622,0.0
44.845,-0.3137376281865596,-2.128464924443853,21.98096547980055,0.0
44.85,-0.40446562275856596,-2.127375972334182,21.69115654160353,0.0
44.855000000000004,-0.49014380371879174,-2.1293622311586153,21.407849891864295,0.0
44.86,-0.5714847438836507,-2.1357544143436398,21.12821307092434,0.0
44.865,-0.6502822604911651,-2.1442603668490365,20.853863961088173,0.0
44.87,-0.7252113839074641,-2.156711886529533,20.58422438989226,0.0
44.875,-0.7979264472003242,-2.172268767222063,20.317473955963766,0.0
44.88,-0.8656309048276551,-2.192400715940245,20.055329850298147,0.0
44.885,-0.9319625082043574,-2.21641627999704,19.796900391738877,0.0
44.89,-0.9971147709633456,-2.244256909579829,19.542269189719676,0.0
44.895,-1.0598641128623136,-2.275016374421483,19.29297135436683,0.0
44.9,-1.1209885878254915,-2.310005683084869,19.04813486832475,0.0
44.905,-1.1807833583811569,-2.34895400856656,18.80686154740179,0.0
44.910000000000004,-1.2395541195218438,-2.391256764433853,18.570249775264347,0.0
44.915,-1.297341632520814,-2.4376349737107783,18.337362839427715,0.0
44.92,-1.3533479235830994,-2.4882527594334927,18.109340557379404,0.0
44.925000000000004,-1.4103708736406926,-2.5430824412952893,17.88550281859711,0.0
44.93,-1.467577244760466,-2.601617283175613,17.665048849156474,0.0
44.935,-1.5250000507500774,-2.664868673656935,17.44845600384222,0.0
44.94,-1.583439515938164,-2.7321393023150593,17.236145930620662,0.0
44.945,-1.641101797055669,-2.803479873158676,17.02778288568302,0.0
44.95,-1.700184253974919,-2.8801652306320027,16.82407309982179,0.0
44.955,-1.7596591661830783,-2.9612871258263205,16.624242045257937,0.0
44.96,-1.8200264116150608,-3.046151633072601,16.428443941506004,0.0
44.965,-1.8814136310453886,-3.136175783509125,16.23793995916286,0.0
44.97,-1.943813792000661,-3.2311734642877608,16.051863601283404,0.0
44.975,-2.0070093614987408,-3.33205875373873,15.869527456240906,0.0
44.980000000000004,-2.0741312371983103,-3.437908851992085,15.690102047762496,0.0
44.985,-2.1416360377781922,-3.5475398013207453,15.51643792131082,0.0
44.99,-2.2122061197053022,-3.663728359367453,15.347145776316982,0.0
44.995,-2.2848904713343035,-3.7855211774502506,15.182347990011673,0.0
45.0,-2.360004650239078,-3.9127430684145272,15.022731819364703,0.0
45.005,-2.4385915502747997,-4.046339779301059,14.868857067696965,0.0
45.01,-2.5192853826554122,-4.185828850429183,14.719415059823739,0.0
45.015,-2.602921362838742,-4.332696041286455,14.57365074300295,0.0
45.02,-2.688828634126739,-4.485872652951494,14.434966329829512,0.0
45.025,-2.778995347833758,-4.6452761943956205,14.30225214835236,0.0
45.03,-2.8731450003964665,-4.812531113941875,14.17603782528317,0.0
45.035000000000004,-2.9703528398247054,-4.986234339881705,14.056030246138876,0.0
45.04,-3.070495880188367,-5.167609304648362,13.94331032157118,0.0
45.045,-3.177061246880254,-5.357593456529236,13.836428328074433,0.0
45.050000000000004,-3.2851770325892913,-5.556567480898267,13.736690335678595,0.0
45.055,-3.399361865503552,-5.763985995728358,13.64438544606471,0.0
45.06,-3.5188134134714284,-5.979334847574718,13.559072536764972,0.0
45.065,-3.642683374350698,-6.203346531034908,13.483357747936408,0.0
45.07,-3.770596557386365,-6.435560559626789,13.416322588401801,0.0
45.075,-3.9039753074468053,-6.679049107563763,13.358566743308222,0.0
45.08,-4.042656167136363,-6.933245462390458,13.31102140091197,0.0
45.085,-4.18787451129448,-7.196720202241341,13.272835930134029,0.0
45.09,-4.337968465551047,-7.469815060022546,13.246276111798919,0.0
45.095,-4.494252285022082,-7.754112084384855,13.229969587402266,0.0
45.1,-4.657319842930676,-8.046789708260663,13.228306767739276,0.0
45.105000000000004,-4.828028232350807,-8.3507706507611,13.241022363433194,0.0
45.11,-5.003640797309118,-8.664849524329615,13.266457078186301,0.0
45.115,-5.187024880719986,-8.98928935811683,13.307153970132813,0.0
45.12,-5.3779751322857425,-9.325430406443715,13.363692892000012,0.0
45.125,-5.575605123737576,-9.67128676399572,13.436374357170465,0.0
45.13,-5.78101849339478,-10.029257917990106,13.526703953743388,0.0
45.135,-5.99396006760557,-10.396361717899055,13.636281681909026,0.0
45.14,-6.213624084691163,-10.775167334162116,13.765440088751596,0.0
45.145,-6.441900993140019,-11.162832561165368,13.917195243705384,0.0
45.15,-6.6767061490456205,-11.560984380443621,14.092316079898787,0.0
45.155,-6.920094306186374,-11.967319724524133,14.29043654780457,0.0
45.160000000000004,-7.173416936156355,-12.381342880741089,14.515413351397967,0.0
45.165,-7.433508097045867,-12.80303208413195,14.766212218700625,0.0
45.17,-7.702205583066285,-13.231330861696787,15.044723924416816,0.0
45.175000000000004,-7.979233299613331,-13.664637532068644,15.353478874906338,0.0
45.18,-8.263840011756722,-14.101177255616612,15.694645164153995,0.0
45.185,-8.55427343860987,-14.539526592992434,16.068461188793265,0.0
45.19,-8.85348463419321,-14.97689234854,16.476526490734116,0.0
45.195,-9.159577026723548,-15.41265921549775,16.920213409789344,0.0
45.2,-9.472025320120801,-15.844016463829227,17.400229587188527,0.0
45.205,-9.790350422144588,-16.266258071339994,17.917945380432258,0.0
45.21,-10.114571879674482,-16.67726487133089,18.476655747034673,0.0
45.215,-10.442837913244583,-17.075617368046323,19.073150218740384,0.0
45.22,-10.773713888421259,-17.455503711761956,19.711314898442712,0.0
45.225,-11.108665461952935,-17.81483253824187,20.3889267409071,0.0
45.230000000000004,-11.445450163970177,-18.1493284688829,21.106275851616278,0.0
45.235,-11.781035599859132,-18.453303370263107,21.862673582346577,0.0
45.24,-12.11464653624018,-18.723607473031457,22.658262770619025,0.0
45.245,-12.444928816228952,-18.95287742550144,23.490749882795882,0.0
45.25,-12.768990002217805,-19.137586457473997,24.356753292917634,0.0
45.255,-13.085919017325246,-19.2741086774853,25.253721984304025,0.0
45.26,-13.394576216312078,-19.358145515892513,26.17854412195979,0.0
45.265,-13.69324071769414,-19.383402854082973,27.126518976835403,0.0
45.27,-13.977904850526603,-19.34709368393526,28.090734207549847,0.0
45.275,-14.246715840341581,-19.244746676223258,29.068086370056232,0.0
45.28,-14.495766154475566,-19.07335739109265,30.051368853830507,0.0
45.285000000000004,-14.725437868742802,-18.829918778484394,31.031949031966626,0.0
45.29,-14.929996653786384,-18.512468798833797,32.00424115277164,0.0
45.295,-15.108629142895436,-18.120677892298733,32.960601932936754,0.0
45.300000000000004,-15.259116195116356,-17.655362610435827,33.888371764765814,0.0
45.305,-15.379297021876964,-17.117625840424655,34.782453682458595,0.0
45.31,-15.464903145133485,-16.510293476029464,35.634633164217725,0.0
45.315,-15.516065758145606,-15.837755342493551,36.43676713497024,0.0
45.32,-15.531780115315728,-15.10492017290083,37.18010896107139,0.0
45.325,-15.510062052750955,-14.317594052934918,37.857430852790515,0.0
45.33,-15.45014771479357,-13.481789892297513,38.46266244552733,0.0
45.335,-15.349926693348777,-12.606430663923955,38.99153954956418,0.0
45.34,-15.212706313648903,-11.700205214184887,39.43856875932739,0.0
45.345,-15.037303165734631,-10.770867049926164,39.803567004973175,0.0
45.35,-14.824479754201144,-9.83028766941447,40.08292437169286,0.0
45.355000000000004,-14.574698098796382,-8.88527959995571,40.27586934587547,0.0
45.36,-14.289593382208459,-7.946020025548751,40.3865583163705,0.0
45.365,-13.97207939481659,-7.02016413305658,40.41743060754858,0.0
45.37,-13.625048664755209,-6.117718494283864,40.36893217788067,0.0
45.375,-13.249381695236568,-5.2436338866796905,40.24883178881564,0.0
45.38,-12.848808603305558,-4.406099385395066,40.05922275061044,0.0
45.385,-12.427618733536614,-3.610242289978549,39.80864890815825,0.0
45.39,-11.98678846589495,-2.8575464000822475,39.500943471143955,0.0
45.395,-11.531192266291445,-2.1553545619255763,39.14459613160554,0.0
45.4,-11.061888470157045,-1.5021186212662032,38.74696873210006,0.0
45.405,-10.585420713480115,-0.9002990604831561,38.31428834555606,0.0
45.410000000000004,-10.101645392770582,-0.3500613911090894,37.85126759719382,0.0
45.415,-9.61214170920315,0.1489140460923592,37.36381114785502,0.0
45.42,-9.124010958267869,0.5985467670593625,36.85911404990273,0.0
45.425000000000004,-8.637193849365442,0.9996082593806036,36.340288512915116,0.0
45.43,-8.15520456578602,1.3556701761469812,35.81308559199113,0.0
45.435,-7.681292703843383,1.6683914045514643,35.27955761301532,0.0
45.44,-7.214144954005014,1.9395807906446894,34.7457863709097,0.0
45.445,-6.756563270531284,2.1734618166369266,34.211359980344284,0.0
45.45,-6.309782124824555,2.3725139016594095,33.682227144429895,0.0
45.455,-5.875780987623038,2.538406770765312,33.15740626819478,0.0
45.46,-5.456060788801957,2.6762098193583217,32.64110415769599,0.0
45.465,-5.047789471509597,2.7891914453665976,32.132759459251744,0.0
45.47,-4.655363272051849,2.8796915094880773,31.63300035610948,0.0
45.475,-4.278539564222297,2.950213867872319,31.143478554699804,0.0
45.480000000000004,-3.918089420225703,3.003527206491692,30.66371553664216,0.0
45.485,-3.57193984271764,3.040476330922677,30.195943139267843,0.0
45.49,-3.2405936385128173,3.0655337048867093,29.738437839358333,0.0
45.495,-2.925261458737964,3.077821372472306,29.291125814854148,0.0
45.5,-2.626260039574908,3.0829756422755166,28.85535674320255,0.0
45.505,-2.3406870556215043,3.0790708808581653,28.430073092667264,0.0
45.51,-2.0691042255997427,3.0686847516538114,28.01557761921402,0.0
45.515,-1.8124516004169815,3.0537194514019266,27.610501426953647,0.0
45.52,-1.5695119068466306,3.034906239621164,27.21432173066359,0.0
45.525,-1.3386842426613492,3.0143591792580735,26.826152581769403,0.0
45.53,-1.1210155924058118,2.9915585846174895,26.447427306239543,0.0
45.535000000000004,-0.915548586094855,2.9678725801958707,26.07845305965984,0.0
45.54,-0.7207347631283938,2.9436483619130986,25.717015055072874,0.0
45.545,-0.5377622970121798,2.9207949647573064,25.363657544045495,0.0
45.550000000000004,-0.3642544185258668,2.897539931865539,25.017977059977046,0.0
45.555,-0.2025108866989804,2.8788518391820395,24.67870613292977,0.0
45.56,-0.04894335353392057,2.861891109849023,24.346613914339247,0.0
45.565,0.09796537730728105,2.8468756476016304,24.02210866776578,0.0
45.57,0.23555760614297538,2.8339993681238353,23.704014821752754,0.0
45.575,0.3649902479859163,2.8255642197614694,23.391442171090613,0.0
45.58,0.48913644988637084,2.8193774749603615,23.084458656459688,0.0
45.585,0.6038168298170685,2.8179234116698715,22.783140398876508,0.0
45.59,0.7149238590972887,2.819257836878018,22.488413494686327,0.0
45.595,0.8191393469628259,2.8243485489192213,22.198264168162634,0.0
45.6,0.9198731667150787,2.832813769766676,21.913910913039924,0.0
45.605000000000004,1.015071940898604,2.845707169302272,21.634206161213843,0.0
45.61,1.1065118423490579,2.864757103600552,21.360440574632147,0.0
45.615,1.1952249521987444,2.886133281956331,21.091137646255806,0.0
45.62,1.2808067929256381,2.913013714593522,20.82661892470412,0.0
45.625,1.3631984565319433,2.9448602887097795,20.56839057877772,0.0
45.63,1.441484290880501,2.979573395337918,20.313640145675024,0.0
45.635,1.518164915280277,3.0210522736494103,20.0637727391164,0.0
45.64,1.5929630280040026,3.0663263313810916,19.818644920803322,0.0
45.645,1.6673020502178768,3.1167369895189307,19.57862854187742,0.0
45.65,1.739202126505548,3.1710607844878997,19.343283068158033,0.0
45.655,1.8119664199620569,3.2301093618238212,19.112910865203585,0.0
45.660000000000004,1.8831956656335787,3.293632979019052,18.887442455335375,0.0
45.665,1.9539792243877727,3.3629739622471733,18.665711280967596,0.0
45.67,2.024108546790383,3.4359395418317678,18.450527601448016,0.0
45.675000000000004,2.0943464818041435,3.515747542093566,18.240247168844835,0.0
45.68,2.164419756384984,3.6009119849746396,18.034219313195624,0.0
45.685,2.2365673356868565,3.6896192824679663,17.832469699332606,0.0
45.69,2.3096169447718062,3.784879281046733,17.63603378164686,0.0
45.695,2.3838789791170956,3.885779171616635,17.443742033264265,0.0
45.7,2.458303517104488,3.992650842643374,17.256670766009442,0.0
45.705,2.534970114867313,4.104607615037999,17.075484390084,0.0
45.71,2.613882675060893,4.22222964937349,16.89990827437543,0.0
45.715,2.6942596296652366,4.345721663384768,16.73014209186544,0.0
45.72,2.7778831161802087,4.475835962700524,16.56562874404896,0.0
45.725,2.8633416591874856,4.611517786296078,16.40599327334679,0.0
45.730000000000004,2.9509253206287345,4.754347038461553,16.251198163790963,0.0
45.735,3.042120469466217,4.9048195356545765,16.105231736557837,0.0
45.74,3.1350430188933984,5.059735254360498,15.964872117334034,0.0
45.745,3.2321414059249904,5.2231352935074336,15.831298216893227,0.0
45.75,3.3318423425994386,5.393647800046854,15.705255255491124,0.0
45.755,3.43488948968785,5.571572161464891,15.586801858067032,0.0
45.76,3.540874109406646,5.756717593967383,15.474819727408988,0.0
45.765,3.651695471489457,5.948639375807128,15.370279474815339,0.0
45.77,3.7671460477896246,6.149829244846132,15.273797959077848,0.0
45.775,3.8860865291118545,6.360062347770394,15.185941878075754,0.0
45.78,4.00989847277888,6.577141185376472,15.10699898224704,0.0
45.785000000000004,4.137757680842472,6.802781172648279,15.036569041603178,0.0
45.79,4.272126147375605,7.036651803819074,14.977142238488733,0.0
45.795,4.409152088605193,7.279513068472652,14.928162951949343,0.0
45.800000000000004,4.552432376479958,7.531048615539178,14.889153098233802,0.0
45.805,4.701114021402384,7.791931480717231,14.86169597543539,0.0
45.81,4.855986447877644,8.062439001527009,14.846964889257197,0.0
45.815,5.01682835208565,8.341591453487696,14.843941152878049,0.0
45.82,5.183247223703593,8.630869898197734,14.855613779839626,0.0
45.825,5.355595661220439,8.928056953568214,14.881370314488931,0.0
45.83,5.533487382236738,9.23468115933799,14.922203452503489,0.0
45.835,5.718574066721218,9.550319907002104,14.978839337074913,0.0
45.84,5.909267573132481,9.875310507931335,15.051771058017284,0.0
45.845,6.107415972153141,10.2083645016255,15.143074851653513,0.0
45.85,6.312636823988562,10.549820857972557,15.25286416028763,0.0
45.855000000000004,6.525473639959736,10.899557296460792,15.38175146850769,0.0
45.86,6.744116167006106,11.255212184187029,15.532316500161349,0.0
45.865,6.969564258360259,11.619392343086673,15.705066378192306,0.0
45.87,7.201407522613617,11.990239799486602,15.900432366285438,0.0
45.875,7.440460018839087,12.36662791046283,16.120510939131098,0.0
45.88,7.688209802691948,12.748088305627691,16.36623315517841,0.0
45.885,7.942268314707159,13.132994330981965,16.638743197023,0.0
45.89,8.201665164032233,13.51823694517119,16.937624067308576,0.0
45.895,8.468362655392088,13.904068530097279,17.265743680787065,0.0
45.9,8.740159360301593,14.287827238292211,17.624350510891084,0.0
45.905,9.01606809274504,14.669371686955792,18.01345373202453,0.0
45.910000000000004,9.298552549817362,15.04657539461406,18.435517792677445,0.0
45.915,9.586091332990812,15.416111285730132,18.887586022765987,0.0
45.92,9.877572255273742,15.775363845481506,19.374890310493758,0.0
45.925000000000004,10.173540549424303,16.124153721144605,19.89562934097877,0.0
45.93,10.471284808680458,16.456253965639853,20.450037749373223,0.0
45.935,10.769854814261791,16.769747078703944,21.0381033696029,0.0
45.94,11.070812397461331,17.061360356549947,21.66085272137948,0.0
45.945,11.370098751875405,17.328308078165392,22.316028387482106,0.0
45.95,11.666532114182543,17.565007772536042,23.003761213265705,0.0
45.955,11.962641634613615,17.769205038468332,23.721759615648544,0.0
45.96,12.253520166198799,17.93577607221693,24.468974782833676,0.0
45.965,12.536292313197764,18.063281342421003,25.241920902262205,0.0
45.97,12.812063029803351,18.144668599546165,26.037409740040186,0.0
45.975,13.078233524157763,18.17928564718752,26.852731693566948,0.0
45.980000000000004,13.33377192624893,18.1631763418881,27.685027026753932,0.0
45.985,13.575076379740265,18.093851175085177,28.527473831709546,0.0
45.99,13.802267693568467,17.967490285656716,29.37554790848834,0.0
45.995,14.011181023067211,17.78218444477605,30.22429157372927,0.0
46.0,14.198881984052159,17.536988751854278,31.066837401543232,0.0
46.005,14.367733125913945,17.231757199821676,31.897790265474843,0.0
46.01,14.51061527673508,16.865573794015518,32.71051787692003,0.0
46.015,14.628248779030905,16.43896425703753,33.49732925795826,0.0
46.02,14.717229566164505,15.95477333272956,34.25435335623774,0.0
46.025,14.780252887981785,15.413240040801528,34.9715198410715,0.0
46.03,14.812398926971541,14.820961027812391,35.64417803302786,0.0
46.035000000000004,14.812866413065414,14.181367259719128,36.26765101650916,0.0
46.04,14.781310151934338,13.49781460622121,36.832960460956805,0.0
46.045,14.717914396549883,12.77709010470597,37.33929149427279,0.0
46.050000000000004,14.620140593652101,12.026327646828497,37.780900160223446,0.0
46.055,14.491910214434803,11.251396374038698,38.15782838174718,0.0
46.06,14.32928030177576,10.459179695639618,38.46445399814509,0.0
46.065,14.135808719491227,9.657675279027874,38.70049044379044,0.0
46.07,13.91160875975532,8.853541336213786,38.865834108603046,0.0
46.075,13.658806136478184,8.053459953457999,38.96310995955907,0.0
46.08,13.378843753956613,7.263756198680346,38.99396878926055,0.0
46.085,13.073596379597674,6.493060981220709,38.9603189269752,0.0
46.09,12.743743625611717,5.742490032786255,38.863765409914826,0.0
46.095,12.393347061271703,5.020323986979729,38.71198022997486,0.0
46.1,12.024391196348088,4.332396845183183,38.506523945845835,0.0
46.105000000000004,11.639717180466057,3.678910036873942,38.253280505321506,0.0
46.11,11.239862608264342,3.06314003816903,37.958340980922806,0.0
46.115,10.82914886466268,2.4896612610648665,37.62404548565531,0.0
46.12,10.412311639905306,1.9571415513842596,37.256773476711295,0.0
46.125,9.989091781156727,1.4642861638165081,36.8627552373336,0.0
46.13,9.562762338719468,1.0139721123772587,36.44388066689592,0.0
46.135,9.13605261053443,0.6048517306669045,36.007426318950216,0.0
46.14,8.709891591028786,0.23657644268144973,35.55638860611435,0.0
46.145,8.286713374996683,-0.09349843210467973,35.09293167371593,0.0
46.15,7.868514857640574,-0.38585502829834917,34.620119721189916,0.0
46.155,7.454884221799657,-0.6444170796795882,34.1439632180375,0.0
46.160000000000004,7.050908809630494,-0.8708718171494604,33.66561200996301,0.0
46.165,6.654360461345358,-1.066124601920618,33.186334683792396,0.0
46.17,6.267490634869111,-1.232223011810595,32.708899360979665,0.0
46.175000000000004,5.892801351963608,-1.3729834030239827,32.23366655971013,0.0
46.18,5.528572007124982,-1.4902308576595076,31.76301646012033,0.0
46.185,5.178537261487869,-1.5862878657157453,31.29792619760269,0.0
46.19,4.839640437480461,-1.6629339464627255,30.839183798697714,0.0
46.195,4.514290107719935,-1.7232380338256446,30.387308731631514,0.0
46.2,4.20179943457095,-1.7686884913586796,29.942766197515624,0.0
46.205,3.903145924331447,-1.8022778976792353,29.50752747641191,0.0
46.21,3.6176908802680905,-1.8233139949967685,29.077206852750436,0.0
46.215,3.3464697299396367,-1.8327797132300105,28.65642208809727,0.0
46.22,3.0876889698931542,-1.8351801304698434,28.242748241260642,0.0
46.225,2.8414430751666613,-1.8297541057830362,27.838641315444008,0.0
46.230000000000004,2.6081195183926025,-1.8191197736645386,27.441402877206833,0.0
46.235,2.386883262624254,-1.8036048129821067,27.05146503592543,0.0
46.24,2.176727970179568,-1.7824314083143518,26.668544006900166,0.0
46.245,1.9783254236194467,-1.7581505663575718,26.293229015410773,0.0
46.25,1.789871042979245,-1.7315115207297715,25.92573372993506,0.0
46.255,1.6144322950658472,-1.703380935892979,25.563333285619407,0.0
46.26,1.448435538193692,-1.6746036634706563,25.20927024713968,0.0
46.265,1.2912996893038318,-1.6451868040935487,24.86126437096205,0.0
46.27,1.1454834258733158,-1.615902966194701,24.519386798841182,0.0
46.275,1.0063166662121583,-1.5891292064466571,24.18407664721192,0.0
46.28,0.8763655698965509,-1.5617861971606797,23.854233742886198,0.0
46.285000000000004,0.7543958611216057,-1.5350922485783494,23.528049817556116,0.0
46.29,0.6402343101223738,-1.5113412371271595,23.20921138771386,0.0
46.295,0.5317479463477182,-1.488434013712009,22.89463578572322,0.0
46.300000000000004,0.4310983400378103,-1.4674673274453591,22.585105930177964,0.0
46.305,0.33657308867624497,-1.4476931286561543,22.281609973927313,0.0
46.31,0.24791860086628464,-1.4296830725765421,21.982040162318302,0.0
46.315,0.16544091883173323,-1.4146278479455834,21.687338978799815,0.0
46.32,0.08601429982510252,-1.4023345383646482,21.396773255336655,0.0
46.325,0.0109862140343467,-1.3927169346378794,21.110702504816526,0.0
46.33,-0.059210116398563786,-1.385840492674191,20.82769221303694,0.0
46.335,-0.12484429630703782,-1.3800922884875944,20.55075905137789,0.0
46.34,-0.1882560476564997,-1.3793902530225328,20.277594299186735,0.0
46.345,-0.24795226761778355,-1.3792914684436328,20.007544103052176,0.0
46.35,-0.3054357880154033,-1.382310830562715,19.74249456253821,0.0
46.355000000000004,-0.3598953758954502,-1.3876040308340312,19.480708433634437,0.0
46.36,-0.4113360248193335,-1.3956684222535751,19.223942494605783,0.0
46.365,-0.4612220287436862,-1.4068036815250302,18.970592254594415,0.0
46.37,-0.5089212067543151,-1.4208193461314154,18.72051379333155,0.0
46.375,-0.5544926665662957,-1.4379127155978986,18.473029367617443,0.0
46.38,-0.5983791743049465,-1.45724788784454,18.23057276474686,0.0
46.385,-0.6412868379957944,-1.4780905463360239,17.99162085767944,0.0
46.39,-0.682743770175677,-1.502757587989526,17.75641569614652,0.0
46.395,-0.7239932435274657,-1.5309836492109505,17.524273100405104,0.0
46.4,-0.764894194347444,-1.5621397573222398,17.295565443204445,0.0
46.405,-0.8048204768993786,-1.595686393997238,17.07060330985451,0.0
46.410000000000004,-0.8448494845733907,-1.6320328088350018,16.848576786402074,0.0
46.415,-0.8857620348041426,-1.6710210566101116,16.631966597586747,0.0
46.42,-0.9252683797978671,-1.7130004452991923,16.41732953687529,0.0
46.425000000000004,-0.9658986763179932,-1.7575984034306646,16.206288230227653,0.0
46.43,-1.006272492486,-1.8052954309721871,15.998639888383245,0.0
46.435,-1.0469311208423224,-1.8565776070639775,15.794361240693716,0.0
46.44,-1.086965222010599,-1.9117412580549806,15.592687990476083,0.0
46.445,-1.1288371406059823,-1.9694092846373656,15.392917269094916,0.0
46.45,-1.1707774503658817,-2.0297360908647177,15.200007468526985,0.0
46.455,-1.214443540051067,-2.0948888903028,15.008708531352541,0.0
46.46,-1.2596325835023536,-2.16373732799143,14.820987611954271,0.0
46.465,-1.3042430985925582,-2.2353199977560436,14.637678167581088,0.0
46.47,-1.350644191912406,-2.3127525748878983,14.456408733690209,0.0
46.475,-1.3982521044564078,-2.3930317939984103,14.280332723498757,0.0
46.480000000000004,-1.4481448381303055,-2.4775724434449917,14.106881187500505,0.0
46.485,-1.4989772848027767,-2.564102054162585,13.936692428761768,0.0
46.49,-1.5522176210639649,-2.656982027392759,13.770547548078369,0.0
46.495,-1.6076985098618977,-2.753535907664401,13.607500621946327,0.0
46.5,-1.6653289263290967,-2.8550929616648055,13.447092474600518,0.0
46.505,-1.7254259628119275,-2.9622643753017597,13.290317492547386,0.0
46.51,-1.787398995357613,-3.076050547755595,13.13832185171815,0.0
46.515,-1.8516336781785319,-3.192692751586885,12.990688313918648,0.0
46.52,-1.9191371974822329,-3.3162623606807005,12.846957284345876,0.0
46.525,-1.9893603857577848,-3.4450578235052083,12.706285703682333,0.0
46.53,-2.0646538517974533,-3.5798610422265575,12.571439536924395,0.0
46.535000000000004,-2.1399693845852332,-3.7205245062042405,12.44120854058206,0.0
46.54,-2.2207768853183865,-3.8685274911676384,12.314622790627256,0.0
46.545,-2.3023881992564545,-4.024529408849512,12.193177184588928,0.0
46.550000000000004,-2.3880856956815744,-4.185996524478331,12.07639966012745,0.0
46.555,-2.4788592554376034,-4.355790615200328,11.963781065769325,0.0
46.56,-2.571534489790771,-4.533918288972002,11.858509288416103,0.0
46.565,-2.670249636059111,-4.718494707192788,11.758673913998459,0.0
46.57,-2.7722253054811667,-4.911241845159195,11.665764844079893,0.0
46.575,-2.8793084867558427,-5.113596470757782,11.578901781356324,0.0
46.58,-2.990919524138568,-5.324046533227007,11.497660180542889,0.0
46.585,-3.1075546021272498,-5.544666385493864,11.423407572956153,0.0
46.59,-3.2284088467284375,-5.774709200096479,11.35768787570541,0.0
46.595,-3.355212976856978,-6.014100193159106,11.29934731106763,0.0
46.6,-3.4894109407610188,-6.264301686507514,11.250461573268662,0.0
46.605000000000004,-3.627866985007812,-6.525760590018052,11.207806817939812,0.0
46.61,-3.7723297598567007,-6.797990366842927,11.175924934877502,0.0
46.615,-3.9229849891946205,-7.08109138951806,11.154953116258323,0.0
46.62,-4.080409713917274,-7.375349170027966,11.14564950996924,0.0
46.625,-4.244928538044157,-7.682655584670141,11.148365222458954,0.0
46.63,-4.417570338580742,-8.001915002338249,11.163463872083492,0.0
46.635,-4.597020609950148,-8.333469421590378,11.190016701058127,0.0
46.64,-4.783973271441763,-8.678678910977352,11.232019279296969,0.0
46.645,-4.97924019782525,-9.03555593241763,11.289816715455434,0.0
46.65,-5.182101268462418,-9.406311488148798,11.363830883943294,0.0
46.655,-5.393088063264913,-9.79005055318869,11.455853461098494,0.0
46.660000000000004,-5.612875994882227,-10.187636043896395,11.566025498029251,0.0
46.665,-5.841193409552335,-10.598891932346255,11.69836201797689,0.0
46.67,-6.077862736582245,-11.021371769018955,11.852873157049762,0.0
46.675000000000004,-6.325090959006183,-11.457873856079688,12.029344743738024,0.0
46.68,-6.582888623550418,-11.90434246765893,12.230671940777214,0.0
46.685,-6.848165792198585,-12.363242852518486,12.459131161925805,0.0
46.69,-7.124413617790228,-12.83354812210239,12.716544548676103,0.0
46.695,-7.409598544254102,-13.313910647914904,13.005471835983297,0.0
46.7,-7.705240906650492,-13.802122492019729,13.324702119199095,0.0
46.705,-8.011387499778028,-14.299562166884149,13.679014781418346,0.0
46.71,-8.325707408039527,-14.801926053314364,14.069924975994827,0.0
46.715,-8.650127083864223,-15.308609925757587,14.498834128811412,0.0
46.72,-8.983637337838276,-15.816063343874909,14.967360394317886,0.0
46.725,-9.325093067266755,-16.32261474547848,15.477625870062269,0.0
46.730000000000004,-9.675453177179532,-16.82521648195789,16.032136496885638,0.0
46.735,-10.03250157372385,-17.3193051659859,16.632093645141538,0.0
46.74,-10.39581576107423,-17.802326824497325,17.27922501825467,0.0
46.745,-10.767055815561948,-18.271005041385127,17.97532780579528,0.0
46.75,-11.142581490252338,-18.720398650138637,18.718895939498125,0.0
46.755,-11.52219189276904,-19.14299623743934,19.512157745598433,0.0
46.76,-11.902275774631828,-19.53522605759257,20.355095563478564,0.0
46.765,-12.282786114259167,-19.8926070906604,21.24614879971163,0.0
46.77,-12.662246833080664,-20.207909653721533,22.18572894050497,0.0
46.775,-13.03895079939201,-20.475090078606588,23.16925560294064,0.0
46.78,-13.40933915363538,-20.687971881692963,24.196449156193605,0.0
46.785000000000004,-13.773059481667232,-20.839293137288337,25.260872095851695,0.0
46.79,-14.125560962968281,-20.922105834354515,26.359055683141918,0.0
46.795,-14.465282040057419,-20.933642312033104,27.48582636398976,0.0
46.800000000000004,-14.788705935689103,-20.866855657406212,28.632468760403064,0.0
46.805,-15.092384147776176,-20.71580309939741,29.793880397062466,0.0
46.81,-15.373830567991769,-20.47635367338221,30.95930934233297,0.0
46.815,-15.627876151117649,-20.147807231320307,32.12157176816294,0.0
46.82,-15.853286811305017,-19.725053332223172,33.26863340085615,0.0
46.825,-16.047663264791964,-19.209524270400593,34.389188356177605,0.0
46.83,-16.20513528430502,-18.599650794645566,35.47177630167795,0.0
46.835,-16.32483759224009,-17.900633898836848,36.5049973323,0.0
46.84,-16.404695591229135,-17.11677122651199,37.479782642336055,0.0
46.845,-16.440990847604343,-16.25410505911147,38.38364271823862,0.0
46.85,-16.431514539787862,-15.317914733935647,39.2077204883843,0.0
46.855000000000004,-16.377581083625476,-14.320412917486658,39.94319534019036,0.0
46.86,-16.275873492500992,-13.27146761468316,40.583592263873854,0.0
46.865,-16.12506696011103,-12.181596798277766,41.1229226614756,0.0
46.87,-15.928603965440873,-11.063402452196808,41.55732289391293,0.0
46.875,-15.684517661900628,-9.928257485810896,41.884411255278714,0.0
46.88,-15.397638348487618,-8.788917893104522,42.10488394962004,0.0
46.885,-15.065712667623256,-7.6586538351889715,42.220270061349716,0.0
46.89,-14.695303458612077,-6.5491619415582125,42.23501430149744,0.0
46.895,-14.287880345541199,-5.470208967830921,42.15160118858392,0.0
46.9,-13.847347740494824,-4.431317797222258,41.980964062270424,0.0
46.905,-13.375529217315488,-3.4407513542298505,41.72804814268309,0.0
46.910000000000004,-12.87844191972441,-2.5051383889288594,41.401129663386655,0.0
46.915,-12.360214735737186,-1.6293640029060024,41.00998538308413,0.0
46.92,-11.823550280713581,-0.8166469820591571,40.563701342254305,0.0
46.925000000000004,-11.271728535710448,-0.07002857381973071,40.07119470013881,0.0
46.93,-10.711478052042734,0.6110671514919959,39.54135176446209,0.0
46.935,-10.146691292420728,1.226035189742456,38.981414100476506,0.0
46.94,-9.578699563217246,1.7762241956874172,38.3989969809045,0.0
46.945,-9.010890719819509,2.265085026745042,37.801606376299674,0.0
46.95,-8.446157597213467,2.6940717597742347,37.19536998603308,0.0
46.955,-7.889365746809268,3.0693253920899615,36.58481158429525,0.0
46.96,-7.341993109201636,3.391990454138856,35.97531658807953,0.0
46.965,-6.8055710878244575,3.66844911199316,35.3707778597505,0.0
46.97,-6.282321221452088,3.9005810393129714,34.77560599686136,0.0
46.975,-5.77369956035513,4.094615962926363,34.18925348207857,0.0
46.980000000000004,-5.281270069757006,4.25255588662253,33.613939071167486,0.0
46.985,-4.804748116182844,4.378782608732137,33.05330443059736,0.0
46.99,-4.3455072851705365,4.476707740908003,32.50659630854577,0.0
46.995,-3.903569348552583,4.552088741712002,31.97639628030938,0.0
47.0,-3.480575034258779,4.607308168766909,31.461090854321615,0.0
47.005,-3.0765157504493934,4.64513830455739,30.96129358024249,0.0
47.01,-2.690846994201028,4.66663016194364,30.47758242442773,0.0
47.015,-2.323827695802047,4.676245511716369,30.008692289712233,0.0
47.02,-1.9738589582042565,4.675503317550441,29.554593469684626,0.0
47.025,-1.6414990653316444,4.66718453284802,29.11329043868288,0.0
47.03,-1.325994105616725,4.653271138986867,28.68729903786813,0.0
47.035000000000004,-1.0270724894728394,4.634689691088202,28.273527440476183,0.0
47.04,-0.7451332717335037,4.612923705127863,27.873154158187596,0.0
47.045,-0.47741782737201405,4.589591285954357,27.48284401929488,0.0
47.050000000000004,-0.22562671164993842,4.566159604116175,27.10426513027068,0.0
47.055,0.01441029834571686,4.541537245934639,26.73828323955975,0.0
47.06,0.2409568785868869,4.519399275294283,26.38195265918054,0.0
47.065,0.4559836014537589,4.500217476309003,26.0355379925167,0.0
47.07,0.6585027654414055,4.480304753470653,25.698153644518843,0.0
47.075,0.8499692230687534,4.465359405576549,25.36937190531559,0.0
47.08,1.0300358589788217,4.453811319373652,25.049974776510986,0.0
47.085,1.201095600606127,4.446964801817286,24.73893083801379,0.0
47.09,1.3633918164520094,4.443865192648212,24.43553199375724,0.0
47.095,1.5180367551405565,4.44610517276237,24.14060938670652,0.0
47.1,1.6649111103759298,4.4539059008765065,23.85215310037906,0.0
47.105000000000004,1.8038846787690537,4.466689302619207,23.57099520900913,0.0
47.11,1.9366597428568166,4.484835120246463,23.295500631450075,0.0
47.115,2.0642975899084814,4.506911613775415,23.02761694790295,0.0
47.12,2.1870239901131776,4.536271191637921,22.76640155037219,0.0
47.125,2.304206798311484,4.57064033196246,22.513017306205377,0.0
47.13,2.4167534990139297,4.6107174616187026,22.265487461083403,0.0
47.135,2.5257748078721987,4.656207322251845,22.025080710156544,0.0
47.14,2.6329268710955116,4.710275239779985,21.790115609844644,0.0
47.145,2.7369083317215517,4.7681468692340925,21.56034138179797,0.0
47.15,2.837167990282052,4.8310234474477,21.339634603945044,0.0
47.155,2.937687789051773,4.902243939308406,21.124147216847128,0.0
47.160000000000004,3.036541996874566,4.978666736914202,20.914073182232666,0.0
47.165,3.1336591464918016,5.061320855967974,20.710887010691554,0.0
47.17,3.229913167388075,5.150184966243702,20.51385476966472,0.0
47.175000000000004,3.3250730568028013,5.245768675546507,20.323659649553644,0.0
47.18,3.4219056060352675,5.347863639687442,20.139649344421063,0.0
47.185,3.5179517647934735,5.455266251499063,19.962655408716603,0.0
47.19,3.6147665917307576,5.569481044048141,19.792814838189507,0.0
47.195,3.712088971814808,5.689678962066451,19.6308747418424,0.0
47.2,3.811525553905849,5.816042447185697,19.475674108535646,0.0
47.205,3.9117107103558584,5.949679635402199,19.326745223966878,0.0
47.21,4.014172901465538,6.089458794851179,19.18504683036782,0.0
47.215,4.1181744293905025,6.2357947600567,19.051562786067564,0.0
47.22,4.22428576296186,6.390290708514672,18.925074224960763,0.0
47.225,4.333540753772891,6.550975741169904,18.808451662754045,0.0
47.230000000000004,4.4455461318532645,6.717909245665618,18.69955285156865,0.0
47.235,4.559540330720609,6.891273410943591,18.59938927254334,0.0
47.24,4.675809802176116,7.06999621872672,18.507939716219717,0.0
47.245,4.7947956703111485,7.256198959539126,18.4267397764791,0.0
47.25,4.917048113012656,7.449115242657068,18.355042444841715,0.0
47.255,5.044625852328571,7.648546264429018,18.293485261551847,0.0
47.26,5.1738667179529205,7.855008419173148,18.242732537862338,0.0
47.265,5.308980967809206,8.06766065049109,18.201475009540914,0.0
47.27,5.4481039011412316,8.288082896660432,18.17164627534311,0.0
47.275,5.588147244938646,8.51442400974131,18.155735478616446,0.0
47.28,5.73534291533552,8.746112388885663,18.151352272700343,0.0
47.285000000000004,5.88655110801331,8.984508215262359,18.16007011132382,0.0
47.29,6.043141051485353,9.230233389416735,18.180935653812146,0.0
47.295,6.2028836087190244,9.479996035009156,18.21804044403653,0.0
47.300000000000004,6.36730130459314,9.736807337164933,18.26900876138159,0.0
47.305,6.536208282767047,9.997715649498387,18.33573064765619,0.0
47.31,6.709208924316481,10.263060259615276,18.41756953989368,0.0
47.315,6.887209728046506,10.534244234934592,18.51710442710318,0.0
47.32,7.069607835459235,10.808340065434479,18.63322882397591,0.0
47.325,7.257051118080462,11.086142392044094,18.766829593902067,0.0
47.33,7.4482272629530994,11.365755614208334,18.91859913553733,0.0
47.335,7.643811803555738,11.646593012971925,19.089470226424826,0.0
47.34,7.844104198770079,11.928530061464864,19.280134396322293,0.0
47.345,8.048871182959932,12.210126615568,19.49095801569796,0.0
47.35,8.256653281824155,12.490766837210234,19.722110823119536,0.0
47.355000000000004,8.4679173620252,12.7706412314996,19.97396046655557,0.0
47.36,8.68207613433903,13.046759415146969,20.248341385447922,0.0
47.365,8.899556425918506,13.317672653922076,20.54473885299971,0.0
47.37,9.121666538758094,13.583719508875953,20.862395534946835,0.0
47.375,9.344165463350619,13.841327824569053,21.20471003917252,0.0
47.38,9.567919687668711,14.0887969420633,21.569166645183408,0.0
47.385,9.794679249023828,14.326072826660637,21.955435761056524,0.0
47.39,10.021322145759065,14.550453927759303,22.36287039542651,0.0
47.395,10.247146302588309,14.760330565600587,22.79438141977039,0.0
47.4,10.472552254541426,14.9532652861902,23.24730588010831,0.0
47.405,10.696063216650359,15.127123938409158,23.719916298698653,0.0
47.410000000000004,10.918102907749759,15.280631023074632,24.21265479445642,0.0
47.415,11.13560308024821,15.410775996724794,24.723777881901203,0.0
47.42,11.34862760003927,15.515964583676132,25.25203968522247,0.0
47.425000000000004,11.557649760953945,15.594859319976205,25.79608570607868,0.0
47.43,11.758466035093583,15.64475885927461,26.352133736366966,0.0
47.435,11.952700620753504,15.663713850154897,26.92134683793274,0.0
47.44,12.1385722778364,15.6489471325571,27.49901973652113,0.0
47.445,12.31444467926409,15.60066240810198,28.081829157484613,0.0
47.45,12.479310370962358,15.517854640556806,28.667241671866638,0.0
47.455,12.63095669649657,15.398092063080941,29.253054494579004,0.0
47.46,12.767811688861778,15.24288094484051,29.83596830269813,0.0
47.465,12.890861436509288,15.050085095120755,30.41135338525189,0.0
47.47,12.999048431813566,14.81957822901286,30.975578899019865,0.0
47.475,13.090672820163114,14.553059930931873,31.52639861448681,0.0
47.480000000000004,13.163809533642484,14.249042760794646,32.05802969434455,0.0
47.485,13.218792098797907,13.910443821248222,32.56798941330174,0.0
47.49,13.253917483699386,13.537582756224669,33.05411681423271,0.0
47.495,13.269179902515129,13.135668336073138,33.50989403735802,0.0
47.5,13.262507660367977,12.704987165970877,33.934211876736605,0.0
47.505,13.235476197666936,12.247342570938937,34.32282122659606,0.0
47.51,13.18614689229535,11.767586307853351,34.67626720103088,0.0
47.515,13.116402180501822,11.269283285507095,34.99027774658786,0.0
47.52,13.023301432563517,10.755839970341471,35.26271976930684,0.0
47.525,12.908776029234183,10.228470878561287,35.493080258416235,0.0
47.53,12.774690375712098,9.694742718150989,35.679606210152066,0.0
47.535000000000004,12.620543563967669,9.154963042056304,35.82144277511372,0.0
47.54,12.44695080702657,8.615400453951906,35.92103178584246,0.0
47.545,12.255300502274837,8.079784522830968,35.97859916614352,0.0
47.550000000000004,12.046523804364117,7.550906338283057,35.99365865607516,0.0
47.555,11.822596477030029,7.0315597672241985,35.96884698909981,0.0
47.56,11.582954797469348,6.525393281625194,35.90520591906634,0.0
47.565,11.32974394905317,6.034987450062684,35.80564101008408,0.0
47.57,11.065105507692452,5.563421719021368,35.67023540806921,0.0
47.575,10.790299624402444,5.1103297377641335,35.50280286895761,0.0
47.58,10.50709787509577,4.6807105159137645,35.304280091965815,0.0
47.585,10.216545892329844,4.273547982072257,35.0789958712228,0.0
47.59,9.919132594077835,3.8901383090208292,34.828034150214926,0.0
47.595,9.618366366280695,3.5313180691667165,34.55766074371923,0.0
47.6,9.313363483535012,3.1972572419435807,34.26663877310827,0.0
47.605000000000004,9.00767371618025,2.8886412590462927,33.95885261074698,0.0
47.61,8.702697190853614,2.607320119465245,33.63609210575805,0.0
47.615,8.397402720269184,2.349434681167068,33.30178573440743,0.0
47.62,8.095724910069505,2.1155233159396336,32.957044809843346,0.0
47.625,7.796096483729359,1.9047997406342396,32.60148748258304,0.0
47.63,7.501705663392309,1.715574747546423,32.24223944535315,0.0
47.635,7.211539976003603,1.5464270020113438,31.876104570448064,0.0
47.64,6.928873450177848,1.398616912253177,31.50702636657355,0.0
47.645,6.652295562255004,1.26984902755333,31.135381630341364,0.0
47.65,6.382748402470459,1.159943869185277,30.762954621688138,0.0
47.655,6.120131464114654,1.0664268511753163,30.389059834260358,0.0
47.660000000000004,5.867044268513356,0.9878138472877832,30.015112649081825,0.0
47.665,5.6231381304862085,0.9242903769714862,29.644755699261328,0.0
47.67,5.387564275260167,0.8747599460244347,29.27605018650697,0.0
47.675000000000004,5.1625705572972755,0.8372464854340448,28.909182260985077,0.0
47.68,4.946412865598961,0.8093501422199191,28.54537813280487,0.0
47.685,4.738999984163652,0.7914168130001833,28.184487897647315,0.0
47.69,4.540934085390766,0.7837994658491203,27.826074003446653,0.0
47.695,4.35278210385695,0.7838089561438283,27.472154398622177,0.0
47.7,4.1743230635615065,0.7908836282946263,27.12267995573833,0.0
47.705,4.005445868624039,0.8055665332864181,26.77814095528173,0.0
47.71,3.8455951372085453,0.8251488313340161,26.436636009377334,0.0
47.715,3.6939023510244593,0.850044962980909,26.099391248297113,0.0
47.72,3.5513432587331435,0.8816673142802707,25.766675915956565,0.0
47.725,3.4181073383002323,0.9168410732319606,25.438123555604477,0.0
47.730000000000004,3.293013700491582,0.9566969715114767,25.113964050578584,0.0
47.735,3.17613688882399,0.999472489615431,24.794592988628466,0.0
47.74,3.067847422582275,1.0452945207867002,24.480589576102737,0.0
47.745,2.9666258507662975,1.093522746381111,24.169970642931375,0.0
47.75,2.8719152216821797,1.145924266945573,23.86329700688558,0.0
47.755,2.78668416882514,1.2000883447717159,23.56109644075198,0.0
47.76,2.7079251697076474,1.2551881735842103,23.26425865250373,0.0
47.765,2.6353404917760126,1.313934254194877,22.971201515702667,0.0
47.77,2.568296345419234,1.374555552526326,22.68172489647035,0.0
47.775,2.5090858107208045,1.4351059947749263,22.396125422246854,0.0
47.78,2.4539061863794687,1.4982705962891214,22.114691632020932,0.0
47.785000000000004,2.4060316008348135,1.56347351366247,21.83815743859743,0.0
47.79,2.3634206790054377,1.6287829794794109,21.564435762072467,0.0
47.795,2.326763372738874,1.6965881880875686,21.29642446183595,0.0
47.800000000000004,2.2943574726629787,1.7669134829267343,21.032704381358855,0.0
47.805,2.2669810518233686,1.8377076850176428,20.772500488656217,0.0
47.81,2.24544957537127,1.9108092076358871,20.517150424779825,0.0
47.815,2.2295232051292095,1.9857971371526009,20.265275994893774,0.0
47.82,2.2186243362148694,2.0622875911086305,20.017269100139224,0.0
47.825,2.2113143130734514,2.1399888499327737,19.77301702137597,0.0
47.83,2.2069044178988855,2.2213265083484632,19.534153847433835,0.0
47.835,2.206079961992261,2.304566761917346,19.296702104387304,0.0
47.84,2.209817034505565,2.389145892346233,19.064266990930065,0.0
47.845,2.2186622629650397,2.4763886841161797,18.836022476978343,0.0
47.85,2.2306415915530775,2.5648294767456528,18.611668224107774,0.0
47.855000000000004,2.2474847976358765,2.656367618082634,18.391770303418795,0.0
47.86,2.2672904946973573,2.750872941956099,18.17476704248963,0.0
47.865,2.2913951049305648,2.8480405411601737,17.96303789428152,0.0
47.870000000000005,2.3198155841968475,2.948457898681394,17.755352116637642,0.0
47.875,2.351485950615283,3.051608896480281,17.552453864289248,0.0
47.88,2.386732131612377,3.1585692557219187,17.35344451922702,0.0
47.885,2.4252185791497762,3.270194412663484,17.160610924627377,0.0
47.89,2.4679915262477357,3.3841279588610806,16.970463594356314,0.0
47.895,2.5131281852072487,3.5034807420702396,16.786529599713692,0.0
47.9,2.5612573149319307,3.6257609166149067,16.607180997413476,0.0
47.905,2.614616865162424,3.7545412278330095,16.43254137266905,0.0
47.910000000000004,2.671514303786021,3.887247482052817,16.26100390499579,0.0
47.915,2.7321047808301455,4.023181897224744,16.09540499493872,0.0
47.92,2.796101570191133,4.165099170272296,15.936259885721782,0.0
47.925000000000004,2.8644991011446757,4.313137649388996,15.783107537290793,0.0
47.93,2.936277261762081,4.466808114304849,15.634110259758963,0.0
47.935,3.01304497003636,4.6265407474333164,15.491020287097342,0.0
47.94,3.0933651680546466,4.791404610978507,15.353988529671195,0.0
47.945,3.1799588965828125,4.963708883187238,15.222954569309158,0.0
47.95,3.2689875663994123,5.142053752178913,15.09829252349739,0.0
47.955,3.363251147248746,5.327615071088118,14.980900480417345,0.0
47.96,3.460997060222267,5.519824058222987,14.871069244988464,0.0
47.965,3.5629453884972917,5.72074069536398,14.767438224455102,0.0
47.97,3.671713375757581,5.927322780692724,14.672471007136211,0.0
47.975,3.784036119411389,6.142964692838567,14.585904218730267,0.0
47.980000000000004,3.902580317753185,6.365256720073154,14.507931299078326,0.0
47.985,4.025754574927984,6.597995961534416,14.439806494509453,0.0
47.99,4.1542296829970295,6.837201430358211,14.378784137041855,0.0
47.995000000000005,4.289550941905688,7.0858775396664555,14.330200385465524,0.0
48.0,4.42905321635451,7.344898031468646,14.29109257978839,0.0
48.005,4.575085940034522,7.6109076157233275,14.264641146222214,0.0
48.01,4.727268399447309,7.887595524323104,14.247808634038135,0.0
48.015,4.885412517021372,8.172550244314222,14.245084554284785,0.0
48.02,5.050346863575491,8.467718278390487,14.256209829737006,0.0
48.025,5.22140576886659,8.772860613507156,14.279223421000196,0.0
48.03,5.3982729371692875,9.087228674448298,14.318342405079061,0.0
48.035000000000004,5.583157237605244,9.410441382859172,14.373171724313162,0.0
48.04,5.774414045970144,9.743354803537166,14.4427856206821,0.0
48.045,5.973223284293108,10.087052082294434,14.532014856436565,0.0
48.050000000000004,6.178567820598475,10.439669850041925,14.638778562023028,0.0
48.055,6.393327246235083,10.800146402869858,14.766663926718133,0.0
48.06,6.613281352351811,11.169933337677625,14.915930983756269,0.0
48.065,6.841461332574405,11.546912779431267,15.085923641357702,0.0
48.07,7.076645806988496,11.931008287059251,15.281153615278864,0.0
48.075,7.320988787441926,12.321216637567572,15.50011082165387,0.0
48.08,7.5707089312087446,12.718175930242523,15.74490980095305,0.0
48.085,7.827946757368265,13.117249292351627,16.014727136563383,0.0
48.09,8.091085008585436,13.520983045341481,16.314674209292452,0.0
48.095,8.362173827365929,13.926205768484868,16.644225007802756,0.0
48.1,8.641441401084618,14.332065559179537,17.003783871216847,0.0
48.105000000000004,8.925964620619663,14.734385681939488,17.396904514458573,0.0
48.11,9.216298147248459,15.133401137945825,17.822650336497855,0.0
48.115,9.51424544475438,15.52603479193174,18.281542066740844,0.0
48.120000000000005,9.815023501153489,15.911318302022755,18.777227695327657,0.0
48.125,10.119981967299516,16.284197538428185,19.307513422906645,0.0
48.13,10.428447669755002,16.64367260181359,19.873921852195338,0.0
48.135,10.737922300173045,16.98504999209825,20.474790340995895,0.0
48.14,11.050475418760707,17.304102086527788,21.11357068163253,0.0
48.145,11.362126590767733,17.598273673359483,21.78912305190284,0.0
48.15,11.673797835754756,17.86332665791549,22.497957923794086,0.0
48.155,11.982211297000516,18.09691043210726,23.24033120403188,0.0
48.160000000000004,12.288969599163254,18.29293545452037,24.015292753807824,0.0
48.165,12.59000135040902,18.446319315798185,24.818042777419763,0.0
48.17,12.88228053249749,18.553894416833902,25.648840711756968,0.0
48.175000000000004,13.167305119108189,18.61312309039363,26.50237128329053,0.0
48.18,13.440075090017203,18.619815718379638,27.374467134978673,0.0
48.185,13.698485200376906,18.568990144118665,28.261301495615953,0.0
48.19,13.942308194735052,18.457264683791664,29.156663480888234,0.0
48.195,14.16865058177957,18.284956163472028,30.05402387322985,0.0
48.2,14.374190901220787,18.04778479622784,30.948794881559852,0.0
48.205,14.55837895777247,17.7457911723238,31.833990875000058,0.0
48.21,14.718923526420836,17.378292689858597,32.69982141052789,0.0
48.215,14.851672830171447,16.945450468363454,33.54247685395203,0.0
48.22,14.956442029356316,16.449840919682174,34.35427075753671,0.0
48.225,15.031366203198715,15.892005128174514,35.12421583909711,0.0
48.230000000000004,15.07365962732256,15.277838982222221,35.85046735955459,0.0
48.235,15.08414665856809,14.610118761973709,36.5231936729938,0.0
48.24,15.060086183229455,13.894594841437161,37.13789453544566,0.0
48.245000000000005,15.001660759039238,13.136813180097507,37.68922518407943,0.0
48.25,14.907881806412036,12.34531710998142,38.17133780180326,0.0
48.255,14.77964805392923,11.524707843012823,38.582201715326846,0.0
48.26,14.6162447782937,10.684747534193855,38.91936084150621,0.0
48.265,14.419916281440726,9.83330985107835,39.182692391936136,0.0
48.27,14.189445291088584,8.97819303339399,39.36982288828862,0.0
48.275,13.928397648466225,8.126655359475635,39.48275623462207,0.0
48.28,13.638604574147331,7.286750285625801,39.52401361175193,0.0
48.285000000000004,13.320718578406556,6.464632616829213,39.493778460818255,0.0
48.29,12.977902769010457,5.666542085546671,39.39811915855271,0.0
48.295,12.612844801472656,4.899515962197659,39.240033860503075,0.0
48.300000000000004,12.227695718023767,4.166136706089651,39.02587634883952,0.0
48.305,11.826191262234989,3.4710722456634864,38.76025019068408,0.0
48.31,11.409922015050142,2.817842942730279,38.449425274739134,0.0
48.315,10.980816192734306,2.2077923976913483,38.095740382651,0.0
48.32,10.540939922313411,1.642575484340698,37.70940809322014,0.0
48.325,10.095837169250172,1.1231715993500528,37.29407861820124,0.0
48.33,9.647721767450534,0.6488368990914728,36.852640102068825,0.0
48.335,9.19742663776427,0.21801474154737394,36.3923360659039,0.0
48.34,8.748466593911953,-0.17006638775422261,35.917211054837814,0.0
48.345,8.303460888016874,-0.5165818297871992,35.43024002707019,0.0
48.35,7.862700580911269,-0.8224191195848525,34.936656275867534,0.0
48.355000000000004,7.428617085627858,-1.0911057001773705,34.43912146517146,0.0
48.36,7.002924568802804,-1.3243234431876116,33.938774029493835,0.0
48.365,6.5867211548001645,-1.5252898892168067,33.43986573195013,0.0
48.370000000000005,6.183022517217872,-1.695726420545987,32.944217832009265,0.0
48.375,5.788427952579029,-1.8404677925047723,32.45225854963804,0.0
48.38,5.407567176682285,-1.9606982809686746,31.968447378724356,0.0
48.385,5.038377406946849,-2.060044759952899,31.489550469477532,0.0
48.39,4.682637383455618,-2.137727421458489,31.01768634427368,0.0
48.395,4.341180387010448,-2.197097782639997,30.554138666756153,0.0
48.4,4.013720776960477,-2.2423384161328883,30.099416992407857,0.0
48.405,3.7004688209726035,-2.2727023954935435,29.652782750341185,0.0
48.410000000000004,3.402264962925883,-2.291417166491583,29.21644346879187,0.0
48.415,3.1190245416567683,-2.3005816431733757,28.787260289517356,0.0
48.42,2.847264380163467,-2.301170958517729,28.368802354643577,0.0
48.425000000000004,2.58865678575978,-2.294592540232617,27.957602148979248,0.0
48.43,2.3448093539430443,-2.28297980862804,27.555624675697402,0.0
48.435,2.113362797052603,-2.2665863626458997,27.161259684036207,0.0
48.44,1.894425127236299,-2.247154188741552,26.77467203767895,0.0
48.445,1.6871779882115776,-2.225045779077786,26.396385725739336,0.0
48.45,1.4907599507075615,-2.200525928386916,26.026406031834682,0.0
48.455,1.3058876638410197,-2.1736943847931376,25.663565824856846,0.0
48.46,1.132014869146078,-2.147231058328525,25.307251529003466,0.0
48.465,0.9683062415875414,-2.121819675863349,24.958155715268823,0.0
48.47,0.8127821131303838,-2.096129566839078,24.613809555411738,0.0
48.475,0.6670334704018476,-2.07223357674425,24.2769180211623,0.0
48.480000000000004,0.5294098931096946,-2.0483145894998476,23.94643895055023,0.0
48.485,0.40033611544206643,-2.0275521797958382,23.62135456939738,0.0
48.49,0.2786096578680913,-2.0084640161405467,23.30263603106533,0.0
48.495000000000005,0.16488392774466204,-1.9919034764177208,22.9892995078929,0.0
48.5,0.05652196826630698,-1.9777499165903603,22.681608382767326,0.0
48.505,-0.04453138892611168,-1.9659603102013823,22.378633873559462,0.0
48.51,-0.13934425533986103,-1.9576125030190097,22.07936658358156,0.0
48.515,-0.23025015091981366,-1.9505450627870775,21.78714458806765,0.0
48.52,-0.3162592747394364,-1.9463387462199837,21.49902479823849,0.0
48.525,-0.3990188610783828,-1.9463787265786734,21.215213111922196,0.0
48.53,-0.4764482009339782,-1.949113310591881,20.935864123592292,0.0
48.535000000000004,-0.5505635180686898,-1.9563929451543243,20.66217923550321,0.0
48.54,-0.621559214574038,-1.9678747261913585,20.39286706676067,0.0
48.545,-0.6891140370439985,-1.9817002910979225,20.127352380170528,0.0
48.550000000000004,-0.7547951363916088,-1.9990913507689354,19.867947171571373,0.0
48.555,-0.8176252742123976,-2.0209560466522305,19.61056820471655,0.0
48.56,-0.8772106647396825,-2.0449101206343636,19.356251973484788,0.0
48.565,-0.9361414667981474,-2.0735338828346417,19.106191595348516,0.0
48.57,-0.992440035064157,-2.104863844348459,18.86105589554502,0.0
48.575,-1.0477846455234903,-2.139202182384945,18.62062418395345,0.0
48.58,-1.1020161099537595,-2.178725949530238,18.38372357045807,0.0
48.585,-1.1565880885412991,-2.221730032257737,18.15078572455907,0.0
48.59,-1.2102427991588052,-2.2667017981318742,17.922063306553994,0.0
48.595,-1.2626863802945734,-2.315624192935912,17.69658863551806,0.0
48.6,-1.3164624784853556,-2.368826473813181,17.475318789300825,0.0
48.605000000000004,-1.3697392535753121,-2.427286013127148,17.25743183766617,0.0
48.61,-1.421534030810821,-2.4882455319084578,17.0447750926794,0.0
48.615,-1.4741941365780682,-2.5539583024545784,16.834386859272247,0.0
48.620000000000005,-1.5275916142591555,-2.6232011868277665,16.628620302128198,0.0
48.625,-1.5818422751787804,-2.6965951443472136,16.426546968552888,0.0
48.63,-1.6377804795745596,-2.7755240046423837,16.22846154030621,0.0
48.635,-1.6933852628350692,-2.8580828604782185,16.034579700573165,0.0
48.64,-1.7525859128159573,-2.945585466401928,15.84404289789712,0.0
48.645,-1.8116973657284343,-3.0379798826414244,15.658542229816842,0.0
48.65,-1.8729956974169775,-3.134293996029219,15.4774385327589,0.0
48.655,-1.9362093965711853,-3.235921650524698,15.300190607954132,0.0
48.660000000000004,-1.9999181847728709,-3.3433168965845583,15.126606341070358,0.0
48.665,-2.0665084697459966,-3.454874816919348,14.957845269355294,0.0
48.67,-2.136310397461979,-3.5717710576801345,14.795234394195331,0.0
48.675000000000004,-2.2081610255972137,-3.694601719431507,14.636105801149045,0.0
48.68,-2.2829733757389854,-3.823922783482982,14.481672241383944,0.0
48.685,-2.359769746775017,-3.958484224307457,14.331942533561971,0.0
48.69,-2.4405303354228782,-4.100965402063141,14.187908853453026,0.0
48.695,-2.5227140990389065,-4.249536535041022,14.049494086144264,0.0
48.7,-2.608269759036827,-4.402682938994444,13.916193424834336,0.0
48.705,-2.6954359775150527,-4.562074486121535,13.787024284342314,0.0
48.71,-2.7891062333240266,-4.731103703801616,13.664523518577997,0.0
48.715,-2.88621898133778,-4.906706538656344,13.548122922775075,0.0
48.72,-2.987217814501565,-5.090302702873223,13.43937640393175,0.0
48.725,-3.0923990774324785,-5.281275342235866,13.336518105681819,0.0
48.730000000000004,-3.202852442547217,-5.482616196164293,13.238732417885151,0.0
48.735,-3.3163358200710076,-5.692137795757649,13.151165098408184,0.0
48.74,-3.4346526250076406,-5.910650389299362,13.070778152516354,0.0
48.745000000000005,-3.5578324863779467,-6.1359827388560495,12.99697567852289,0.0
48.75,-3.687161450212758,-6.371865426506278,12.933844145227628,0.0
48.755,-3.820919956545995,-6.6184562225143795,12.878446431395671,0.0
48.76,-3.9603542337004427,-6.87406628564648,12.8332717533197,0.0
48.765,-4.105982129627067,-7.139367016927295,12.798571272442466,0.0
48.77,-4.258411723046624,-7.415741464425741,12.774820241624846,0.0
48.775,-4.414751580481399,-7.703264338355157,12.761160522124108,0.0
48.78,-4.580431152461711,-8.001539989876628,12.761711663872374,0.0
48.785000000000004,-4.750787323655139,-8.309947661036695,12.776496096614263,0.0
48.79,-4.93070438948082,-8.629923149183757,12.803088779910519,0.0
48.795,-5.11512825573235,-8.961295513449826,12.84394234462573,0.0
48.800000000000004,-5.308097834295281,-9.302810597944456,12.900866603266833,0.0
48.805,-5.508363050741347,-9.656203019638117,12.97670799731443,0.0
48.81,-5.7148475243709,-10.022247324721743,13.070903856625666,0.0
48.815,-5.930919587494784,-10.398718165279403,13.182852575926137,0.0
48.82,-6.155604125690554,-10.786779489539702,13.316251823082712,0.0
48.825,-6.3887226726372015,-11.184878353585887,13.470481325589683,0.0
48.83,-6.6293663087496215,-11.59364305967285,13.646797935329678,0.0
48.835,-6.877605091405989,-12.010868336542886,13.849065986769636,0.0
48.84,-7.1348407152780675,-12.437305371257859,14.077612480467447,0.0
48.845,-7.4005083656649315,-12.872257160693287,14.332535401522316,0.0
48.85,-7.675210438280081,-13.313075338280852,14.618092835181372,0.0
48.855000000000004,-7.955825809372529,-13.76039162529039,14.934122757261008,0.0
48.86,-8.246001270153178,-14.211389453966287,15.282799440219947,0.0
48.865,-8.544059137198845,-14.665187910212236,15.664580687033851,0.0
48.870000000000005,-8.850432570167705,-15.119554462794994,16.08105645283207,0.0
48.875,-9.163108807854549,-15.571257466311184,16.535776822633846,0.0
48.88,-9.482597797828996,-16.017631768730233,17.02971838559449,0.0
48.885,-9.809811141255256,-16.45906396101554,17.564026264409037,0.0
48.89,-10.142616287501937,-16.888318435021567,18.137689220821137,0.0
48.895,-10.480443594526175,-17.303966681123175,18.752992345120823,0.0
48.9,-10.820606092382253,-17.702873495438748,19.41043958881961,0.0
48.905,-11.16579122599168,-18.079805265301605,20.109685512233558,0.0
48.910000000000004,-11.512319166534436,-18.42968813970234,20.851677869337646,0.0
48.915,-11.85695869500392,-18.74853359992151,21.635119647774758,0.0
48.92,-12.199723647112066,-19.031473522583376,22.457982220418963,0.0
48.925000000000004,-12.5405797959553,-19.274784512369646,23.31947142927533,0.0
48.93,-12.87650823970159,-19.47251942065741,24.215884331005036,0.0
48.935,-13.206536532366059,-19.619179302747966,25.147635515282126,0.0
48.94,-13.526769729896948,-19.708887630109356,26.10729621837727,0.0
48.945,-13.83520145498825,-19.73816092276934,27.092688872141277,0.0
48.95,-14.130307645513785,-19.702364644888515,28.09635615842483,0.0
48.955,-14.409371214255003,-19.597189481140457,29.11311458184131,0.0
48.96,-14.669579878904914,-19.417517981007464,30.135296271275664,0.0
48.965,-14.906973714753038,-19.16382192587717,31.159893117390855,0.0
48.97,-15.120454840043354,-18.831067905326428,32.17239191126791,0.0
48.975,-15.306710582638475,-18.421997273960553,33.16657043820607,0.0
48.980000000000004,-15.463101266493336,-17.934172667050568,34.134229096941944,0.0
48.985,-15.586073371754923,-17.369458795499973,35.06604354474363,0.0
48.99,-15.67541912767268,-16.73248733839538,35.95280920287392,0.0
48.995000000000005,-15.728978783631534,-16.025527363671095,36.78462658411541,0.0
49.0,-15.743732840997112,-15.255121718608416,37.55533498583546,0.0
49.005,-15.7191377971365,-14.427798910858144,38.25696336602736,0.0
49.01,-15.655485397869054,-13.549078788097363,38.880373655232226,0.0
49.015,-15.550891022478677,-12.628260226267788,39.42092932611757,0.0
49.02,-15.405775454608081,-11.677410147704768,39.87656870214879,0.0
49.025,-15.219305584098946,-10.703739345754352,40.24371474605678,0.0
49.03,-14.992995771466688,-9.719409481685599,40.52244033680762,0.0
49.035000000000004,-14.729150168257185,-8.732356700123596,40.70915852319226,0.0
49.04,-14.42754602742922,-7.751771305788639,40.81032148104787,0.0
49.045,-14.093687757755475,-6.78763353760558,40.82599143557715,0.0
49.050000000000004,-13.72878427708436,-5.849770480186329,40.76052241553136,0.0
49.055,-13.333976615934239,-4.944010587953035,40.619519293476934,0.0
49.06,-12.914695276201947,-4.078505062967405,40.40618878787695,0.0
49.065,-12.47382428659366,-3.2574091173909627,40.12906690156507,0.0
49.07,-12.012914692831092,-2.4850145943632236,39.79766695354329,0.0
49.075,-11.536500673481877,-1.7647060462938895,39.41618204524708,0.0
49.08,-11.047620683271589,-1.0967291449991392,38.99295613693095,0.0
49.085,-10.54997047816315,-0.4840941346216643,38.53454744991351,0.0
49.09,-10.045819810917763,0.07358893186473292,38.04500374296217,0.0
49.095,-9.540011644794617,0.5779849033537187,37.53307530567446,0.0
49.1,-9.033425315464818,1.0299640388951095,37.004836993372365,0.0
49.105000000000004,-8.530892555948627,1.4317076939343616,36.464140226574436,0.0
49.11,-8.031960958159035,1.7843808990682977,35.91666858212525,0.0
49.115,-7.541195828643376,2.0942411417404507,35.36683758448164,0.0
49.120000000000005,-7.060206556536963,2.361610726031233,34.81637514906543,0.0
49.125,-6.589371047322107,2.5907696770769055,34.26807471167492,0.0
49.13,-6.131004723100872,2.7848128758456987,33.72518189956581,0.0
49.135,-5.685472870893141,2.945929938137059,33.18939851449574,0.0
49.14,-5.254734728486534,3.077652757153175,32.66294886947643,0.0
49.145,-4.838683599639395,3.18386168664786,32.147851630407416,0.0
49.15,-4.437540232270776,3.2684440500945464,31.64290102473933,0.0
49.155,-4.051610605646799,3.3321667856742634,31.14954781427865,0.0
49.160000000000004,-3.681296948546496,3.3783932528054246,30.667352790007868,0.0
49.165,-3.327981891530933,3.4099693180928474,30.195229997297417,0.0
49.17,-2.99129835231612,3.4296535326712165,29.736717482600096,0.0
49.175000000000004,-2.670485936924886,3.4379865493573685,29.28875271909137,0.0
49.18,-2.365730102362674,3.439857765129765,28.852538120518663,0.0
49.185,-2.075943414622992,3.432836690081624,28.426848586758943,0.0
49.19,-1.800492476896089,3.4205578974707933,28.012218251466287,0.0
49.195,-1.5399934903377108,3.4037426249434373,27.60847155160417,0.0
49.2,-1.2929187731710134,3.3826263432194645,27.213542523410453,0.0
49.205,-1.059691629861236,3.361596334479104,26.828984685271312,0.0
49.21,-0.8386060195657374,3.3378241500697787,26.451465726564866,0.0
49.215,-0.6305906404776469,3.3143002594839146,26.085270615114755,0.0
49.22,-0.43347303281708727,3.291128077097916,25.726614058246426,0.0
49.225,-0.2470122977686319,3.2689509826880334,25.37567823561458,0.0
49.230000000000004,-0.07004507605117957,3.2506171514536497,25.034228114291732,0.0
49.235,0.09736942882225347,3.232884279311451,24.69857206357597,0.0
49.24,0.2557153893075139,3.217615609371555,24.371721550263647,0.0
49.245000000000005,0.4048191943300373,3.205708698498053,24.05080806136047,0.0
49.25,0.5442336967894243,3.1970112032127016,23.736030404921085,0.0
49.255,0.6771077987356662,3.193014277462725,23.428544915451607,0.0
49.26,0.803360031295432,3.192893163493481,23.12677607868885,0.0
49.265,0.9238185319514983,3.1962398563161463,22.830601921708464,0.0
49.27,1.0367038144785057,3.2038857492453796,22.541006647296335,0.0
49.275,1.1451797167439242,3.216508824911006,22.25585049530536,0.0
49.28,1.248255021137127,3.2333444217854157,21.977374820020792,0.0
49.285000000000004,1.3461376004004177,3.2542004400170876,21.704263505932914,0.0
49.29,1.442281175922314,3.2806254700238577,21.43844011615241,0.0
49.295,1.5337883079567847,3.311672630222051,21.17597412409559,0.0
49.300000000000004,1.622602642150526,3.3482650844802304,20.91971623766158,0.0
49.305,1.708580614786255,3.388818918887004,20.669209993622385,0.0
49.31,1.7925612522130876,3.435035949749778,20.42244928397665,0.0
49.315,1.8743385195057847,3.4854569766071775,20.181636481194186,0.0
49.32,1.9553939371075222,3.541188581185143,19.945427054164206,0.0
49.325,2.033919535524195,3.602192046795929,19.713594973509178,0.0
49.33,2.1111774204066633,3.6676813468827825,19.48675789073506,0.0
49.335,2.188324306086677,3.7382106293186346,19.265705822787346,0.0
49.34,2.2669174512825547,3.815615496363224,19.049506895338304,0.0
49.345,2.3422177367640744,3.899268780590869,18.838966544760527,0.0
49.35,2.41963664552096,3.9857870381342604,18.633703944308735,0.0
49.355000000000004,2.4977779264785007,4.0792670896379155,18.433144505075568,0.0
49.36,2.57760490187194,4.178547411837221,18.237638991235688,0.0
49.365,2.6567217860488825,4.284275765294152,18.04884567552503,0.0
49.370000000000005,2.7374815140690614,4.3956903317053175,17.865484461846638,0.0
49.375,2.820143770477099,4.512534191013058,17.687463836365794,0.0
49.38,2.905451737225665,4.636334744050307,17.51455368530905,0.0
49.385,2.992571777948429,4.764928000087021,17.348330634650168,0.0
49.39,3.082034556021623,4.9007844396091755,17.18754431834742,0.0
49.395,3.173595006984989,5.043132569330499,17.034702558436386,0.0
49.4,3.2665406058917723,5.191655950130779,16.887652713808997,0.0
49.405,3.363534964099061,5.347203562012365,16.746804363612707,0.0
49.410000000000004,3.462057718324739,5.510191065774398,16.61314982256822,0.0
49.415,3.565239855173764,5.67883056568256,16.48587219182907,0.0
49.42,3.6708506916551262,5.85571617076243,16.367799170330134,0.0
49.425000000000004,3.7794002533902904,6.041749706460684,16.257604615374095,0.0
49.43,3.8930772428627765,6.232129167355204,16.15572280233356,0.0
49.435,4.0104520156126995,6.43150016150439,16.060999053626606,0.0
49.44,4.131215599636727,6.639480100839954,15.975422917189437,0.0
49.445,4.25708060883813,6.854117311865563,15.900749684775706,0.0
49.45,4.387463032506463,7.077152411219119,15.834542932606713,0.0
49.455,4.5224787713906425,7.30968464482717,15.778638603317521,0.0
49.46,4.661454236968879,7.549717215012869,15.733893384662457,0.0
49.465,4.805362668698061,7.7979118653529635,15.700929732489502,0.0
49.47,4.95535901571631,8.054494428389939,15.67935103304539,0.0
49.475,5.11070129593165,8.318444305115124,15.669960021121172,0.0
49.480000000000004,5.270692376056058,8.592803604300194,15.673487711479453,0.0
49.485,5.4373757910948015,8.87433407780224,15.69076946183424,0.0
49.49,5.609117233250753,9.165085459216758,15.723555211304587,0.0
49.495000000000005,5.788811876311167,9.464418172214112,15.771161161452312,0.0
49.5,5.972472844375916,9.771835750654073,15.835992226824507,0.0
49.505,6.163551117487957,10.085597456158075,15.916870775553367,0.0
49.51,6.361307846416473,10.407991765136266,16.0154632048012,0.0
49.515,6.562610848889312,10.737330490769518,16.13246568848777,0.0
49.52,6.771447134816038,11.073270042970943,16.268755904577844,0.0
49.525,6.985717462395875,11.414436074718035,16.428223193903587,0.0
49.53,7.206515239935832,11.762036771402322,16.60818572143971,0.0
49.535000000000004,7.43475285408056,12.112550021263939,16.81014585168262,0.0
49.54,7.6683478692246805,12.468644289832776,17.037437030449038,0.0
49.545,7.908202533167873,12.827281922624618,17.288459771894495,0.0
49.550000000000004,8.15482195408993,13.186114642951058,17.565057480212,0.0
49.555,8.406546244609627,13.544789459956345,17.868905100618377,0.0
49.56,8.663608561174785,13.903611938150345,18.198947991473087,0.0
49.565,8.924558703797619,14.259823105584431,18.558090134993808,0.0
49.57,9.192106302718996,14.609442768088673,18.946409467563726,0.0
49.575,9.46337425829538,14.951289869613687,19.36542603688421,0.0
49.58,9.738437662479573,15.285163534890378,19.814638282464497,0.0
49.585,10.014763403814973,15.607663608736619,20.294847473117787,0.0
49.59,10.294646972194128,15.914601677522024,20.80595259657045,0.0
49.595,10.575738610237158,16.205188012345687,21.347334577996907,0.0
49.6,10.857991481098525,16.477321096169945,21.91860495502157,0.0
49.605000000000004,11.139688319431988,16.72489391493317,22.52060570671262,0.0
49.61,11.419544610297365,16.946389868224887,23.152069592383004,0.0
49.615,11.694938670977074,17.139328235927433,23.810785625710515,0.0
49.620000000000005,11.967361878150903,17.29868264868924,24.49613509585325,0.0
49.625,12.233776643718759,17.42155299058197,25.20423725355538,0.0
49.63,12.49329209595759,17.50649599069588,25.93403342952868,0.0
49.635,12.744084275021896,17.54822833942164,26.682257921010354,0.0
49.64,12.984199289391462,17.54432746359625,27.444803270173672,0.0
49.645,13.211156597248307,17.493202091590227,28.21794021545938,0.0
49.65,13.42576903408417,17.389910263285312,28.998045310920638,0.0
49.655,13.62445222216099,17.234896103446783,29.778437072074826,0.0
49.660000000000004,13.804429295678002,17.026081114538226,30.556819105992783,0.0
49.665,13.965523253435926,16.765135681851632,31.325314270931162,0.0
49.67,14.105743836240013,16.45015399282175,32.07749072302423,0.0
49.675000000000004,14.222408824010433,16.079953645519897,32.810354612405916,0.0
49.68,14.316289083195205,15.657174506110183,33.51726357850753,0.0
49.685,14.383778800606315,15.185027929439897,34.19007689848963,0.0
49.69,14.42291814126497,14.663600684284127,34.82620975587644,0.0
49.695,14.434516666700839,14.097936844956847,35.418461853762594,0.0
49.7,14.418182220862457,13.491645501338189,35.962659526242994,0.0
49.705,14.372302502452504,12.850600388848116,36.45675967468525,0.0
49.71,14.296558937398897,12.179304964804153,36.893883574813394,0.0
49.715,14.191520814734805,11.483319322311091,37.273239998180344,0.0
49.72,14.056527100524395,10.768581033998585,37.59198137147156,0.0
49.725,13.892383106508984,10.04086697007098,37.848128564869754,0.0
49.730000000000004,13.699895218035238,9.306344461952968,38.039590734786216,0.0
49.735,13.480264666637776,8.571827311252434,38.17013159660588,0.0
49.74,13.235594495771803,7.843382418421787,38.23891893435931,0.0
49.745000000000005,12.965785207344041,7.1253836709033305,38.24690330756378,0.0
49.75,12.674715091384629,6.424974711698546,38.20025105356597,0.0
49.755,12.362842753141553,5.745535667552535,38.09695948267664,0.0
49.76,12.030823609182047,5.09192590415396,37.94379229372771,0.0
49.765,11.685183187858735,4.468339346910327,37.74512340038212,0.0
49.77,11.324091591634971,3.8757725758135924,37.50398978407225,0.0
49.775,10.950673296412976,3.3182055173196847,37.2254373947349,0.0
49.78,10.569097881805238,2.7972113600464965,36.91040314931238,0.0
49.785000000000004,10.180768285563081,2.311856317439305,36.56562296296846,0.0
49.79,9.785876813242746,1.863756763980435,36.196469724925336,0.0
49.795,9.39027285977453,1.4523363633525785,35.80507698969264,0.0
49.800000000000004,8.993152760192226,1.079566358754789,35.39609846854621,0.0
49.805,8.598693682371644,0.7410095621454493,34.97225941784019,0.0
49.81,8.205116054350748,0.4363858548156084,34.53800255592099,0.0
49.815,7.81634632838283,0.16655263945556126,34.095333611159326,0.0
49.82,7.434254666845073,-0.07179685586997381,33.64763962051896,0.0
49.825,7.059544351732105,-0.28268147950756917,33.195629051999965,0.0
49.83,6.692576336938992,-0.46411332053266785,32.74311539703331,0.0
49.835,6.33421584712506,-0.6209463092081302,32.2903889407158,0.0
49.84,5.987337152105009,-0.753870322861875,31.841343531514,0.0
49.845,5.650399038361598,-0.8645514804114506,31.393046512191752,0.0
49.85,5.32450962780346,-0.9561825201865863,30.95073778947868,0.0
49.855000000000004,5.011025993095517,-1.0311891866670462,30.51259698303904,0.0
49.86,4.708414836934755,-1.0895627197978033,30.079615794472854,0.0
49.865,4.417600723870715,-1.1340804038215158,29.65275602722221,0.0
49.870000000000005,4.139594707851733,-1.164445536274198,29.231364084962728,0.0
49.875,3.8744149920008524,-1.1838601657378287,28.81756381680329,0.0
49.88,3.6212799756508383,-1.1934035344269296,28.410225919622132,0.0
49.885,3.379429334042052,-1.1951996238266256,28.00905417356603,0.0
49.89,3.151818732673913,-1.189733988565284,27.614717859657993,0.0
49.895,2.9353004726768104,-1.1788353229333575,27.227540088084513,0.0
49.9,2.730428106855819,-1.1602683164260394,26.8471653980684,0.0
49.905,2.536180582998477,-1.1393075336727578,26.47305346831479,0.0
49.910000000000004,2.3517212874307583,-1.1133659174279815,26.10644173677151,0.0
49.915,2.177441789109101,-1.0862225955057359,25.74367681656319,0.0
49.92,2.0142025607039384,-1.0559436304611338,25.38712712274844,0.0
49.925000000000004,1.8608322210831005,-1.0234178569076047,25.038938491460566,0.0
49.93,1.7169335178260774,-0.9910941657501697,24.695309024168374,0.0
49.935,1.5818340553182477,-0.9578614441134572,24.35779569266331,0.0
49.94,1.453251531209042,-0.9250419265579003,24.025509464424328,0.0
49.945,1.3351898533710378,-0.8904481153315408,23.69962424327515,0.0
49.95,1.2245370781015898,-0.8574869257994024,23.37644764897231,0.0
49.955,1.1196229944425922,-0.8245302680982818,23.059213809896722,0.0
49.96,1.02184371846855,-0.7927875470010649,22.746814281429767,0.0
49.965,0.930599881938588,-0.7616584701797308,22.438116963644507,0.0
49.97,0.8476503695711622,-0.7320757477583261,22.13603344761541,0.0
49.975,0.7675755169422234,-0.70472128413706,21.83627761940081,0.0
49.980000000000004,0.6934921188908472,-0.6772588651134185,21.543029926732473,0.0
49.985,0.6250920900859006,-0.65146413329915,21.253526867544664,0.0
49.99,0.5613897763857495,-0.6272427387715087,20.967702811074865,0.0
49.995000000000005,0.5021192214758086,-0.6047045053908283,20.68762835477035,0.0
