time,$x$,$y$,$z$,u_0
0.0,-1.3876252254934895,2.8255586445777343,19.081300442320387,-0.0
0.005,-1.1778923463350313,2.7495469840826985,18.807498920768445,-0.0
0.01,-0.9807194770111579,2.6821274051628348,18.539519393360067,-0.0
0.015,-0.7978729428992507,2.621980764415501,18.279690992471696,-0.0
0.02,-0.627674119875018,2.5698233554758048,18.024095702874934,-0.0
0.025,-0.46704156821290466,2.524648775947566,17.775323960406283,-0.0
0.03,-0.31734267351347945,2.488766013267345,17.532953133299984,-0.0
0.035,-0.1771826760493399,2.4609190554470826,17.29455547627675,-0.0
0.04,-0.04501979308669035,2.438935326189785,17.0628692370042,-0.0
0.045,0.0792901187644174,2.424433813359593,16.834266055008072,-0.0
0.05,0.1969055167021298,2.4174646805757165,16.61049899364865,-0.0
0.055,0.3078046951756463,2.4164415372862664,16.390327522144588,-0.0
0.06,0.4131857812210881,2.4222335864566498,16.175424451859225,-0.0
0.065,0.5143266277249204,2.435403015745563,15.965044250290823,-0.0
0.07,0.6090803692484795,2.453361554537623,15.758014285737415,-0.0
0.075,0.701600829323508,2.477950318284243,15.555952962926845,-0.0
0.08,0.7906033076939175,2.509220405261489,15.358237746052096,-0.0
0.085,0.8772429383195051,2.545759928795094,15.163215538211476,-0.0
0.09,0.9605493354661658,2.588792666679869,14.971862753399025,-0.0
0.095,1.0417659333764504,2.6385368019766817,14.782967452463115,-0.0
0.1,1.120953779048103,2.6949622595403797,14.599671388673036,-0.0
0.105,1.1983090247277934,2.756655173548651,14.41958399382402,-0.0
0.11,1.2768423822542128,2.8243407142531662,14.242763217061157,-0.0
0.115,1.3538199486338423,2.899665052888908,14.070093304349692,-0.0
0.12,1.431483603378425,2.9789443141209024,13.90197480680262,-0.0
0.125,1.509070363595383,3.0641281699363816,13.737191533518782,-0.0
0.13,1.5863548823721119,3.156725471767106,13.576974935203893,-0.0
0.135,1.6642895334807792,3.2562608176320755,13.420310925923156,-0.0
0.14,1.7450681378014474,3.358871027174431,13.26923928965587,-0.0
0.145,1.8254381766555805,3.471265324064848,13.121329965174663,-0.0
0.15,1.9076950865536422,3.589209280788307,12.977104309244796,-0.0
0.155,1.9910277393747675,3.7142863506910206,12.839066801555763,-0.0
0.16,2.076045348309511,3.8480975846047363,12.706261152283508,-0.0
0.165,2.164495691301334,3.9874308084522205,12.576729720567194,-0.0
0.17,2.2551339947589066,4.134476158114785,12.451935753491023,-0.0
0.17500000000000002,2.349226986569113,4.289494835360668,12.332154659430563,-0.0
0.18,2.4462737195459203,4.453013426392669,12.2178745845424,-0.0
0.185,2.5462295576569125,4.623485520754938,12.110833083038345,-0.0
0.19,2.6494461252468744,4.803833454894728,12.00638873354722,-0.0
0.195,2.7578757234132976,4.990846082865834,11.90952461465581,-0.0
0.2,2.870028814986114,5.187888444440161,11.818899358105725,-0.0
0.20500000000000002,2.9865108654014207,5.394252376650952,11.73522815782083,-0.0
0.21,3.107146389459421,5.611237549407085,11.658962051304654,-0.0
0.215,3.2320031602288357,5.836963519300759,11.59123946101921,-0.0
0.22,3.363064199564559,6.074733834421159,11.529687426511288,-0.0
0.225,3.49884421933261,6.323096608649932,11.478862848056195,-0.0
0.23,3.63987157056947,6.580379408776217,11.436711650893681,-0.0
0.23500000000000001,3.786811033615108,6.84870458343044,11.403925370765403,-0.0
0.24,3.9394536078257403,7.129622006772311,11.382531742335026,-0.0
0.245,4.098363855862043,7.423670092238686,11.371236466690984,-0.0
0.25,4.26460055078782,7.727337039870026,11.372970088865939,-0.0
0.255,4.437443718340207,8.042783727995758,11.385369931205558,-0.0
0.26,4.6174538075825255,8.371604587704416,11.4107960463528,-0.0
0.265,4.805980700540809,8.71270895527029,11.45211156496872,-0.0
0.27,5.002290776713789,9.065809952692405,11.508616716426692,-0.0
0.275,5.204838546382089,9.433031112064688,11.582552640086528,-0.0
0.28,5.417116395855043,9.812510733726459,11.673348502273413,-0.0
0.28500000000000003,5.636596628236721,10.206532411406824,11.78388019024389,-0.0
0.29,5.8639283750618025,10.611849060065982,11.91349729717983,-0.0
0.295,6.102333396147755,11.03191430334617,12.065303389452016,-0.0
0.3,6.348259398738014,11.465040170096811,12.240693189352822,-0.0
0.305,6.60584078480456,11.906758312821687,12.439957815672772,-0.0
0.31,6.871849896176414,12.3605168438453,12.66631169575348,-0.0
0.315,7.1456328369648325,12.824321453096646,12.92237025846911,-0.0
0.32,7.430051469818581,13.299497916226292,13.208021503289961,-0.0
0.325,7.723216025922873,13.783469365249749,13.526043140236355,-0.0
0.33,8.025125808100508,14.274171867105755,13.877826955667762,-0.0
0.335,8.337958310980229,14.769122496081692,14.264688711245546,-0.0
0.34,8.659835176956724,15.268195606076812,14.689419262652253,-0.0
0.34500000000000003,8.990079045578511,15.76751325859134,15.155451786392117,-0.0
0.35000000000000003,9.328394788258551,16.266145230256306,15.661647998656976,-0.0
0.355,9.675642290047396,16.75890311570321,16.211118998322505,-0.0
0.36,10.02893213927365,17.24387953036548,16.80607489387911,-0.0
0.365,10.388075629228405,17.719038546706606,17.446816630998153,-0.0
0.37,10.754747054946762,18.178055729282,18.13378589538712,-0.0
0.375,11.127119510014978,18.617267560484624,18.86895021705159,-0.0
0.38,11.50007362470874,19.03172099639823,19.65334057077829,-0.0
0.385,11.876806818100711,19.41600016921933,20.485333937955613,-0.0
0.39,12.255050875176249,19.7654165394543,21.365851499434743,-0.0
0.395,12.631487092588745,20.072995792339537,22.293916761874765,-0.0
0.4,13.00303396607266,20.3341522325698,23.26420578613136,-0.0
0.405,13.370243696836594,20.538763624079465,24.2769640230939,-0.0
0.41000000000000003,13.729398150448231,20.684816382277823,25.327096333656666,-0.0
0.41500000000000004,14.077890468313084,20.764751411477786,26.40867669939914,-0.0
0.42,14.413051054058828,20.77317247025263,27.518578905606955,-0.0
0.425,14.731940749383376,20.70332182459713,28.648130165738483,-0.0
0.43,15.029595490194746,20.55296018440337,29.79105622750969,-0.0
0.435,15.305421134297527,20.31592409036514,30.936841059552357,-0.0
0.44,15.555216801136872,19.990158697536714,32.078591562548866,-0.0
0.445,15.776395597475519,19.571461604632166,33.20427834435404,-0.0
0.45,15.96676499797192,19.06304655876317,34.304268911970226,-0.0
0.455,16.121707273229706,18.46495452848915,35.367753492420924,-0.0
0.46,16.23913094999519,17.779799416678937,36.38473737755376,-0.0
0.465,16.314783462435816,17.011022091935224,37.343245220432316,-0.0
0.47000000000000003,16.349267683746202,16.164377507864277,38.23322987330362,-0.0
0.47500000000000003,16.340309514768165,15.248052145696114,39.045243231949954,-0.0
0.48,16.286420194979588,14.27077042837686,39.77114369012478,-0.0
0.485,16.18547662886293,13.241595831441076,40.40253471134704,-0.0
0.49,16.038038861785832,12.173273682241856,40.93520868176199,-0.0
0.495,15.844818988368399,11.075192650452372,41.363872483122954,-0.0
0.5,15.607278327689096,9.962244455909845,41.689598009653025,-0.0
0.505,15.325180837840474,8.84386127049577,41.91041486153983,-0.0
0.51,15.00165148188759,7.734216672158586,42.02954829539575,-0.0
0.515,14.638386483593058,6.642481946798628,42.05053283631028,-0.0
0.52,14.238520215436575,5.580915167747356,41.97620478305643,-0.0
0.525,13.806159113659668,4.558017712426475,41.81439044197211,-0.0
0.53,13.343630184458918,3.5813237555924093,41.5711812016901,-0.0
0.535,12.855703314115798,2.6583987404597513,41.2550156109043,-0.0
0.54,12.34563671642192,1.7928247030322906,40.87550849114766,-0.0
0.545,11.81698568900932,0.9888887705728808,40.4409609693704,-0.0
0.55,11.275501280958215,0.2473948553625146,39.95931385756004,-0.0
0.555,10.724234614656362,-0.42751851732927515,39.44057441248478,-0.0
0.56,10.16582302159555,-1.0389636090512415,38.89285948214396,-0.0
0.5650000000000001,9.60428438281864,-1.5884747238237376,38.32158078978174,-0.0
0.5700000000000001,9.045073274020355,-2.0765083077158133,37.73519001666989,-0.0
0.5750000000000001,8.489322486326161,-2.5057404233039757,37.13725958959898,-0.0
0.58,7.9391127407374045,-2.881422646598216,36.53534503318679,-0.0
0.585,7.397479335800986,-3.205077577291796,35.93374380344828,-0.0
0.59,6.8687500625851765,-3.4810728961625084,35.3371575580793,-0.0
0.595,6.352024617627652,-3.7148360415172688,34.74603690361454,-0.0
0.6,5.847584154450943,-3.910739310179264,34.16465179082083,-0.0
0.605,5.359753808733714,-4.07132054074601,33.59512073162729,-0.0
0.61,4.887686550142767,-4.201437166127874,33.03849947878723,-0.0
0.615,4.432246492364524,-4.303176718048131,32.49619574306503,-0.0
0.62,3.9949113498733424,-4.380340285154753,31.96841033985166,-0.0
0.625,3.575347359712422,-4.436141643878427,31.454305922895394,-0.0
0.63,3.1741573970375128,-4.475374233582003,30.955756190269362,-0.0
0.635,2.7914742830092174,-4.498169077050537,30.47329678885879,-0.0
0.64,2.42774201277814,-4.511098239123306,30.004520328416174,-0.0
0.645,2.0809005775026526,-4.512440077738174,29.549965989455735,-0.0
0.65,1.7499992065563985,-4.506447568714693,29.10902244761677,-0.0
0.655,1.437254061547059,-4.493621104199461,28.681430685566284,-0.0
0.66,1.1409202137836134,-4.47492300139541,28.26735068920468,-0.0
0.665,0.860094838447757,-4.454542414496313,27.864842973806734,-0.0
0.67,0.5948552814686103,-4.431826584395526,27.474202675564143,-0.0
0.675,0.3431896618158514,-4.40844651616505,27.094696183083297,-0.0
0.68,0.10486867546835707,-4.384599247286699,26.727463867243323,-0.0
0.685,-0.11937326533478876,-4.361495044495475,26.368883568964172,-0.0
0.6900000000000001,-0.3314121952920587,-4.340603203768086,26.020122680131582,-0.0
0.6950000000000001,-0.5330658876610227,-4.322701799741821,25.68111309840512,-0.0
0.7000000000000001,-0.7208684513611414,-4.308042851895931,25.34966604292486,-0.0
0.705,-0.9005419447362004,-4.297338347595508,25.026791293558727,-0.0
0.71,-1.0705497720308466,-4.288856704620735,24.71284385617269,-0.0
0.715,-1.2312723929278564,-4.285182738824532,24.405329081820984,-0.0
0.72,-1.38340658025524,-4.286141484598031,24.106301913422236,-0.0
0.725,-1.5289112402847516,-4.290089492473165,23.81428544122257,-0.0
0.73,-1.6676164465778098,-4.2998130745126435,23.52944655935974,-0.0
0.735,-1.7993707816371054,-4.316194763252018,23.25057384816791,-0.0
0.74,-1.9247084769754799,-4.337163375813466,22.978656310649065,-0.0
0.745,-2.0449234837723385,-4.363728554999888,22.713519359696942,-0.0
0.75,-2.1607608348295617,-4.396535206391963,22.4555875081923,-0.0
0.755,-2.27277517088067,-4.434100012480956,22.203869560580753,-0.0
0.76,-2.3809054731333013,-4.477943441908207,21.95878845645775,-0.0
0.765,-2.485469032293591,-4.528230224987448,21.719965827197253,-0.0
0.77,-2.588437024585737,-4.583844700387284,21.486086720478593,-0.0
0.775,-2.6884313511441,-4.6455113062387285,21.25936266431683,-0.0
0.78,-2.785993724227306,-4.71270696074759,21.03794019485097,-0.0
0.785,-2.8816941966155967,-4.786584296497836,20.822965344351196,-0.0
0.79,-2.9759911966090042,-4.867191734258834,20.613902446812155,-0.0
0.795,-3.069614527749298,-4.952543353177983,20.410753834879525,-0.0
0.8,-3.1626443224456375,-5.044373930602198,20.21527663135563,-0.0
0.805,-3.2575329115776017,-5.142000470000572,20.025224402218086,-0.0
0.81,-3.351947488355151,-5.246993165295159,19.841734139069178,-0.0
0.8150000000000001,-3.4455945666193477,-5.356455897844529,19.664898386120452,-0.0
0.8200000000000001,-3.540910662881977,-5.472199463685246,19.494423872216984,-0.0
0.8250000000000001,-3.6369896467087375,-5.595195904208772,19.331793534887254,-0.0
0.8300000000000001,-3.735658888475392,-5.724868148735947,19.17451918525565,-0.0
0.835,-3.8346969478112323,-5.861152770635011,19.024983554868793,-0.0
0.84,-3.9363509217566905,-6.003972224756503,18.884368392075743,-0.0
0.845,-4.040970049296745,-6.152059798381775,18.75080707823126,-0.0
0.85,-4.146562139652051,-6.306821433520812,18.62340994670251,-0.0
0.855,-4.254216397078278,-6.470023572320638,18.50674745902602,-0.0
0.86,-4.365486987293323,-6.639673143996002,18.39884545058838,-0.0
0.865,-4.479154795111674,-6.815815402911976,18.29793595971352,-0.0
0.87,-4.5957468011548075,-6.997733461498243,18.207161034647797,-0.0
0.875,-4.715864575118178,-7.187766839792748,18.124225143143278,-0.0
0.88,-4.8396313678038965,-7.382932393724094,18.05190908482632,-0.0
0.885,-4.966971003823362,-7.586436014978127,17.99059865200219,-0.0
0.89,-5.096612656408449,-7.798328652529371,17.93848821642057,-0.0
0.895,-5.23175856342433,-8.015889596254807,17.898036618742413,-0.0
0.9,-5.370682432261255,-8.239275331965153,17.867573609803912,-0.0
0.905,-5.515104470587604,-8.468395351024952,17.850217597757467,-0.0
0.91,-5.6622653797084554,-8.70676065640195,17.846310264203247,-0.0
0.915,-5.81504225092927,-8.950860502573923,17.855066202419017,-0.0
0.92,-5.972457664341711,-9.199970899957453,17.876420426381184,-0.0
0.925,-6.13341668476418,-9.45567602444327,17.912395847293922,-0.0
0.93,-6.298846704880626,-9.71830918807978,17.963779052174758,-0.0
0.935,-6.469682240002192,-9.98637872000683,18.030659206370697,-0.0
0.9400000000000001,-6.645063084163717,-10.259745525811287,18.11235004479702,-0.0
0.9450000000000001,-6.825652221507741,-10.53821357616417,18.2115657175232,-0.0
0.9500000000000001,-7.01064149131614,-10.818974053437007,18.327831509154645,-0.0
0.9550000000000001,-7.201447579019552,-11.102402420158185,18.463518155613315,-0.0
0.96,-7.39684603163366,-11.390092813984841,18.617288488552795,-0.0
0.965,-7.595391894722169,-11.679347713769298,18.790162465397128,-0.0
0.97,-7.8003428632335075,-11.96958880481961,18.982186493105157,-0.0
0.975,-8.010463199438792,-12.262178816478782,19.196061585941607,-0.0
0.98,-8.222965181564476,-12.553735246173979,19.429792932418593,-0.0
0.985,-8.439112364776005,-12.842886317112026,19.687977284223514,-0.0
0.99,-8.659138314998643,-13.129989997877384,19.967375240543657,-0.0
0.995,-8.88259886533323,-13.412001553776102,20.26912011346105,-0.0
1.0,-9.109410242262275,-13.688187102219224,20.594131663774625,-0.0
1.0050000000000001,-9.339240725984384,-13.957421441088005,20.943301851932276,-0.0
1.01,-9.57052098600147,-14.215663377995346,21.31723734673391,-0.0
1.0150000000000001,-9.802843888761615,-14.463400836273307,21.713091049166966,-0.0
1.02,-10.0356845979002,-14.698825703047286,22.132461991878557,-0.0
1.025,-10.268976686790136,-14.920021402790306,22.575269308133986,-0.0
1.03,-10.50156439421868,-15.123614579357428,23.04054446670065,-0.0
1.035,-10.733102008231436,-15.310013059462353,23.526726312949926,-0.0
1.04,-10.961997096607652,-15.474180516318533,24.03428472889425,-0.0
1.045,-11.188106841281884,-15.61364456979694,24.56227497165375,-0.0
1.05,-11.40813094949917,-15.728324716975639,25.10766294839354,-0.0
1.055,-11.623782500561171,-15.814628503222938,25.669622805528466,-0.0
1.06,-11.833719690655679,-15.870798854263096,26.2453668583407,-0.0
1.065,-12.03460404005274,-15.895769122375688,26.833950116378332,-0.0
1.07,-12.228194059422691,-15.885709963110772,27.43250595589782,-0.0
1.075,-12.410927493195928,-15.840445214095634,28.03743804302519,-0.0
1.08,-12.581232238563146,-15.759426771001834,28.646539704677508,-0.0
1.085,-12.741003094063608,-15.640250655201507,29.2562688909667,-0.0
1.09,-12.885580525324293,-15.482706997023879,29.86329755979678,-0.0
1.095,-13.015921053364876,-15.284988803676779,30.463297563511695,-0.0
1.1,-13.129928352399677,-15.049296272689755,31.051904128179903,-0.0
1.105,-13.225501096130843,-14.773653842659932,31.625805464003395,-0.0
1.11,-13.3038299975935,-14.459434285389264,32.181608412683104,-0.0
1.115,-13.360532986515283,-14.109019473334056,32.7148099335471,-0.0
1.12,-13.396776522654465,-13.724247081705009,33.22108253612436,-0.0
1.125,-13.412649394275494,-13.30651777404757,33.69639532618697,-0.0
1.1300000000000001,-13.406889585598845,-12.857289599527475,34.13964264617819,-0.0
1.135,-13.379622525876258,-12.381013735879536,34.546236530873564,-0.0
1.1400000000000001,-13.330123981928104,-11.87965506218025,34.91405826371406,-0.0
1.145,-13.257616419677454,-11.35870765307708,35.24043437467717,-0.0
1.1500000000000001,-13.162109682364507,-10.822032538491014,35.52433675655168,-0.0
1.155,-13.04586818691372,-10.273052533058088,35.76217362795935,-0.0
1.16,-12.905554531970976,-9.714011464024368,35.95528398903834,-0.0
1.165,-12.746245480981704,-9.152618334066004,36.10324761398901,-0.0
1.17,-12.566564591185982,-8.589656288964617,36.20482234042772,-0.0
1.175,-12.367718192469477,-8.031792398960443,36.261213210717194,-0.0
1.18,-12.15140157770145,-7.480603124775641,36.27326648164404,-0.0
1.185,-11.918576230691734,-6.940527720229454,36.243633454338976,-0.0
1.19,-11.67052327282562,-6.413720620723285,36.17417274771191,-0.0
1.195,-11.408038100032366,-5.904808547057832,36.0663819606982,-0.0
1.2,-11.13205879384875,-5.416165862900457,35.923022325070505,-0.0
1.205,-10.845991647558,-4.947010587185264,35.74546354395049,-0.0
1.21,-10.552076712184117,-4.5038526911773715,35.53816995829061,-0.0
1.215,-10.250363860120947,-4.083245484592256,35.300819963761064,-0.0
1.22,-9.941685150140401,-3.6889424147678,35.03915271942448,-0.0
1.225,-9.628916203617479,-3.3213356449571636,34.75518561105596,0.0
1.23,-9.313436522723622,-2.978897986958297,34.451381101631505,0.0
1.235,-8.996502324159318,-2.6637068700354654,34.13231918336463,0.0
1.24,-8.678990998419259,-2.3743918354316538,33.79622284869114,0.0
1.245,-8.36336628353116,-2.1113551084265803,33.448436272690515,0.0
1.25,-8.050848983969116,-1.872909668003752,33.09012563606484,0.0
1.2550000000000001,-7.74221197891178,-1.6588353678657108,32.72405836764132,0.0
1.26,-7.4373879629225605,-1.467499545791214,32.35418926894819,0.0
1.2650000000000001,-7.138106312555438,-1.2982398786118463,31.977988700208414,0.0
1.27,-6.846702566997781,-1.149076429372196,31.598008788438015,0.0
1.2750000000000001,-6.560958552373527,-1.0215454268975757,31.21533676395007,0.0
1.28,-6.2831565646125025,-0.9109097481835912,30.832886275748567,0.0
1.285,-6.0139786044819195,-0.8174553629795579,30.4496715798656,0.0
1.29,-5.753722230777612,-0.7407043089013373,30.068079658066516,0.0
1.295,-5.502890108266524,-0.6781862902755219,29.689482503797056,0.0
1.3,-5.261847278376927,-0.6271118038211119,29.313122855485094,0.0
1.305,-5.030310916532896,-0.5890410097003167,28.939242380923627,0.0
1.31,-4.809305834964452,-0.5626413406999308,28.56739057716097,0.0
1.315,-4.597436640069814,-0.5468038383023542,28.199498926849174,0.0
1.32,-4.3954748134339106,-0.5392769642241323,27.83638969497859,0.0
1.325,-4.202407317864729,-0.5400245681839729,27.476751417064275,0.0
1.33,-4.019277716510938,-0.5484576475188043,27.12232398699909,0.0
1.335,-3.845262750989165,-0.5627760891831197,26.772006861794427,0.0
1.34,-3.6827108330846174,-0.5814650459807764,26.425478469708487,0.0
1.345,-3.5291388630370637,-0.6075860390877851,26.08391277468479,0.0
1.35,-3.3827195447664953,-0.6384269279134248,25.744750757715522,0.0
1.355,-3.2458639746185125,-0.6719915339254656,25.410712795582867,0.0
1.36,-3.116264003380253,-0.7106495851449088,25.083218207726866,0.0
1.365,-2.9963596002604276,-0.7522609900599808,24.760866591332164,0.0
1.37,-2.8832880156758556,-0.7971026352195699,24.44094681443632,0.0
1.375,-2.778294240888048,-0.843363238108821,24.126350216795025,0.0
1.3800000000000001,-2.681271749061979,-0.8938307492793807,23.816045901301372,0.0
1.385,-2.591581056450591,-0.9462799402154386,23.510290152431292,0.0
1.3900000000000001,-2.509299658657752,-0.9994927532357584,23.20930420918278,0.0
1.395,-2.434838488647631,-1.0556805728274348,22.911850839013372,0.0
1.4000000000000001,-2.3670302889504367,-1.1119052932409457,22.618777862786605,0.0
1.405,-2.3027398150986267,-1.1720789464376669,22.329641776340914,0.0
1.41,-2.2460746427859117,-1.2324128884547632,22.04505741744472,0.0
1.415,-2.1958605070123673,-1.2931968678997265,21.76465549702197,0.0
1.42,-2.150763929106901,-1.356156398725529,21.488198795799313,0.0
1.425,-2.111631268323673,-1.4189229980928655,21.216417479131227,0.0
1.43,-2.0775317515621623,-1.4827345335367328,20.9485167938107,0.0
1.435,-2.04912208466011,-1.5493461596655693,20.685770434312204,0.0
1.44,-2.0236312977856112,-1.6168165486762074,20.425813271260843,0.0
1.445,-2.0033055169971115,-1.6846967263059978,20.170089016091513,0.0
1.45,-1.9881611838067512,-1.7556218283402933,19.917538757289687,0.0
1.455,-1.9755937467592775,-1.8261616710312731,19.66902346417053,0.0
1.46,-1.9667537207180217,-1.8981099092849854,19.424494385187458,0.0
1.465,-1.9621315343922907,-1.9739575493374732,19.184410303259334,0.0
1.47,-1.9625233867025833,-2.0496975186250443,18.947984135310183,0.0
1.475,-1.966177070678087,-2.1279635342886474,18.715828303955025,0.0
1.48,-1.9744437410450244,-2.2095336346810126,18.487056543124552,0.0
1.485,-1.9866291816071164,-2.293740412809933,18.262103650009514,0.0
1.49,-2.0021693423036364,-2.3795027099126953,18.041095675777008,0.0
1.495,-2.020123355929209,-2.4682977059562434,17.824589401384245,0.0
1.5,-2.043069783999951,-2.557457358383004,17.60988823698465,0.0
1.5050000000000001,-2.0681164221566415,-2.6505446616786528,17.402961147731773,0.0
1.51,-2.0974688916287745,-2.7472092384355222,17.19857144630101,0.0
1.5150000000000001,-2.1303517791355975,-2.846332052244027,16.99719970518795,0.0
1.52,-2.1664976125851645,-2.9486027529948835,16.801262424796235,0.0
1.5250000000000001,-2.205320347464486,-3.0562110510169043,16.60992553054742,0.0
1.53,-2.2482548271283402,-3.1659200251977704,16.422003231416127,0.0
1.5350000000000001,-2.294359243221099,-3.280627490010058,16.238910124557556,0.0
1.54,-2.345040041263598,-3.3997347981144017,16.060375635453536,0.0
1.545,-2.3976551176150207,-3.5233198372673673,15.886484416599938,0.0
1.55,-2.4540004410000713,-3.65087898646256,15.716530900944406,0.0
1.555,-2.5143735629746122,-3.782378978756159,15.552258680501081,0.0
1.56,-2.5776383284453455,-3.9195832893362814,15.393251663472233,0.0
1.565,-2.6458464544746727,-4.062591952490305,15.238798076087875,0.0
1.57,-2.717187730497677,-4.212181615328788,15.089950584656256,0.0
1.575,-2.7901954781088665,-4.365746681197699,14.94561964493802,0.0
1.58,-2.8686545878706142,-4.526714386834814,14.80692538967002,0.0
1.585,-2.950182537572143,-4.692866847500046,14.674243917136483,0.0
1.59,-3.0375669135724177,-4.86593330129207,14.547213004093607,0.0
1.595,-3.1291083689060546,-5.045733998689309,14.425992932190967,0.0
1.6,-3.2260948945513093,-5.232982972474948,14.31186406290228,0.0
1.605,-3.326946223959126,-5.427117803202671,14.205730390488847,0.0
1.61,-3.432427406558308,-5.628287679910184,14.107352650032405,0.0
1.615,-3.542006853097634,-5.8382417707287715,14.015764802950416,0.0
1.62,-3.658043778722394,-6.057241244434256,13.932166184270676,0.0
1.625,-3.7785041053102173,-6.284561343436789,13.85672400895743,0.0
1.6300000000000001,-3.904541486612729,-6.520830389527329,13.790756655554981,0.0
1.635,-4.035379441806864,-6.765652216972923,13.734169509959441,0.0
1.6400000000000001,-4.172834002302198,-7.0196814314443445,13.688139906802407,0.0
1.645,-4.314832656499113,-7.283787924614945,13.652095458936499,0.0
1.6500000000000001,-4.463204666005574,-7.5556749648908035,13.62694962832979,0.0
1.655,-4.6173436532639895,-7.838260781979018,13.612775102041333,0.0
1.6600000000000001,-4.779586388630587,-8.130414269010972,13.612767999094794,0.0
1.665,-4.946947017515175,-8.433247037905135,13.626202519411809,0.0
1.67,-5.121190772936734,-8.746340430550621,13.653167739053663,0.0
1.675,-5.302218234883464,-9.069948143531501,13.694962821160894,0.0
1.68,-5.489984556086217,-9.402576949536648,13.75321914932743,0.0
1.685,-5.6858743125697195,-9.746567697821634,13.828578420420119,0.0
1.69,-5.888789911371285,-10.101746760785163,13.921330823709312,0.0
1.695,-6.098791338392082,-10.464350782141686,14.033041489841716,0.0
1.7,-6.316740047520504,-10.836927128764014,14.165100736156978,0.0
1.705,-6.543635203049988,-11.220876126539235,14.31938978944417,0.0
1.71,-6.77784551134761,-11.611564290730218,14.495016341418,0.0
1.715,-7.019884940505407,-12.01028273978494,14.694906431676037,0.0
1.72,-7.269321100728119,-12.417868034192677,14.920201099116465,0.0
1.725,-7.526184812057122,-12.830603052932055,15.172281857623293,0.0
1.73,-7.790781810526598,-13.248711795976202,15.453544670499102,0.0
1.735,-8.063966873911825,-13.671077994889563,15.764325746271885,0.0
1.74,-8.342797077370271,-14.095690886933864,16.106176445516944,0.0
1.745,-8.629694024848629,-14.521283285259285,16.479880441001654,0.0
1.75,-8.922838493964434,-14.946089943481516,16.886557825717546,0.0
1.7550000000000001,-9.224505941116233,-15.367666539272317,17.32774003259955,0.0
1.76,-9.530718338151797,-15.78277690788122,17.80451148895358,0.0
1.7650000000000001,-9.84361264433427,-16.1900719923116,18.32004117027802,0.0
1.77,-10.161362941699116,-16.586250477936346,18.87337995222653,0.0
1.7750000000000001,-10.481550472947156,-16.967215596442387,19.46622631787662,0.0
1.78,-10.805905153395813,-17.330226582412568,20.095914057336653,0.0
1.7850000000000001,-11.131575216285666,-17.670929462047013,20.763793795842346,0.0
1.79,-11.457884282383683,-17.984625749547025,21.47095082887837,0.0
1.795,-11.784473703814397,-18.26808658922837,22.215551423945126,0.0
1.8,-12.10900714347766,-18.517305179914334,22.994923861045553,0.0
1.805,-12.429562408525449,-18.728366614091648,23.808681026153202,0.0
1.81,-12.744707538250255,-18.895766918400003,24.65451715184265,0.0
1.815,-13.051281364795962,-19.015602620937234,25.531758062174926,0.0
1.82,-13.350414845727089,-19.081832263957782,26.43370528178833,0.0
1.825,-13.636803292018651,-19.091193691660976,27.354400836451926,0.0
1.83,-13.909229886322127,-19.04033086542467,28.291655918856012,0.0
1.835,-14.165802051778178,-18.924381440433837,29.23939905177543,0.0
1.84,-14.40426025037279,-18.742306453533928,30.190085497267535,0.0
1.845,-14.622036575266064,-18.490605014437627,31.13896181039364,0.0
1.85,-14.815814721206545,-18.16842369075105,32.0754406492852,0.0
1.855,-14.982719559764293,-17.776208520241223,32.99423842137825,0.0
1.86,-15.122606183194433,-17.313185135006467,33.88496057516993,0.0
1.865,-15.233708998792093,-16.782240862860803,34.7425414693804,0.0
1.87,-15.311108847483416,-16.185072714799308,35.556510149659125,0.0
1.875,-15.35570311157072,-15.525509783644214,36.32128507350886,0.0
1.8800000000000001,-15.363597447327274,-14.808414376996057,37.029729413812795,0.0
1.885,-15.335151621764421,-14.041173383198956,37.67388760624627,0.0
1.8900000000000001,-15.270140186729934,-13.229480361760338,38.24818311075142,0.0
1.895,-15.167443692848535,-12.380144722627461,38.74826417153577,0.0
1.9000000000000001,-15.026957196424394,-11.502694732848656,39.16945772444235,0.0
1.905,-14.850289455589115,-10.605951465075444,39.511800611932856,0.0
1.9100000000000001,-14.638252695923649,-9.697916254766264,39.77256490553347,0.0
1.915,-14.39183372819693,-8.787660462006084,39.95193542214395,0.0
1.92,-14.111862530161822,-7.883667688991236,40.05118510658618,0.0
1.925,-13.800474087743941,-6.993432290442211,40.07350581320349,0.0
1.93,-13.460526359746645,-6.125639871126874,40.02171187555305,0.0
1.935,-13.094372480847921,-5.286228323672269,39.90068942038746,0.0
1.94,-12.70392356196264,-4.481519113383907,39.71507961110042,0.0
1.945,-12.293386239967987,-3.7155754099787215,39.4693199168696,0.0
1.95,-11.86472560377398,-2.993733136820629,39.17128521926674,0.0
1.955,-11.420811676706306,-2.3167556815812427,38.8263765969728,0.0
1.96,-10.964496700196571,-1.686795548787253,38.4399615620327,0.0
1.965,-10.501119332702181,-1.1057290885698956,38.02042696172502,0.0
1.97,-10.030680938648253,-0.5736138175245183,37.571859190661485,0.0
1.975,-9.557159161715884,-0.0883489506681891,37.10068067358158,0.0
1.98,-9.082953872191366,0.3473938375420574,36.61008679303531,0.0
1.985,-8.61280922087371,0.7368709482442792,36.10562484214563,0.0
1.99,-8.145197492547199,1.0815976060277503,35.59427071734709,0.0
1.995,-7.6850663868344835,1.3855568526362239,35.075807360782825,0.0
2.0,-7.230865850977093,1.6515077861141743,34.5551210447385,0.0
2.005,-6.787879773216352,1.8801863227359088,34.035233746281456,0.0
2.0100000000000002,-6.353739664361839,2.0754293088318123,33.517264310551944,0.0
2.015,-5.932230496470834,2.2403122554668657,33.0057718046253,0.0
2.02,-5.524145898112847,2.378057157772882,32.49852023710803,0.0
2.025,-5.1286922947420255,2.490097608688423,31.999016360348666,0.0
2.0300000000000002,-4.747922584051195,2.5801589106047533,31.510514435298273,0.0
2.035,-4.382087705978438,2.6509218286500844,31.02880948325637,0.0
2.04,-4.031061497669074,2.702410011514445,30.556256959520724,0.0
2.045,-3.6933025482909887,2.7423912454096,30.094227664021414,0.0
2.05,-3.3719881616047886,2.7679814112590386,29.641850348698572,0.0
2.055,-3.065348390289585,2.78158106731212,29.20109673791708,0.0
2.06,-2.7726914545321866,2.7866368877058485,28.768433975652936,0.0
2.065,-2.494798974013739,2.7826772723805457,28.34746717584112,0.0
2.07,-2.23138394835228,2.7736494285774667,27.93444217636693,0.0
2.075,-1.9807707260222913,2.75934417245012,27.53076302701029,0.0
2.08,-1.7441634561084407,2.7415860961825493,27.136511800372563,0.0
2.085,-1.5188358197079372,2.7200043394472515,26.750750479394686,0.0
2.09,-1.3063482003412887,2.6965073517539135,26.373236116921962,0.0
2.095,-1.1056576998249759,2.6711861926878777,26.00341732767632,0.0
2.1,-0.916405037714547,2.6478492424155435,25.64161654391431,0.0
2.105,-0.7372467682511892,2.624952040245614,25.287463906500594,0.0
2.11,-0.5681704670636999,2.6021512125788937,24.940844980161042,0.0
2.115,-0.41023037442241106,2.5804034731765646,24.601016174815715,0.0
2.12,-0.25979613017575953,2.5607435478339373,24.266708727319294,0.0
2.125,-0.11953277040129334,2.5432436518525856,23.939156219740898,0.0
2.13,0.014091601519567676,2.5279996465366836,23.61830946216963,0.0
2.1350000000000002,0.13918483126021594,2.5159171563279497,23.30498655829301,0.0
2.14,0.25832189582097687,2.5055322396222874,22.996586308777776,0.0
2.145,0.37053882516265096,2.4983607469196167,22.692907706738566,0.0
2.15,0.47746769070986705,2.4958312762510833,22.39553083101856,0.0
2.1550000000000002,0.5798256044284382,2.4981907249595405,22.103085333203126,0.0
2.16,0.6767949082565458,2.502533799907642,21.814710695922994,0.0
2.165,0.7685334075962822,2.511119685301204,21.531997162708258,0.0
2.17,0.8572991008860729,2.523742244014012,21.253840250898357,0.0
2.1750000000000003,0.9399142608192682,2.5401749230643293,20.981544398623726,0.0
2.18,1.0199642170209275,2.559556927801501,20.71379368072618,0.0
2.185,1.0964928475595634,2.582907407972161,20.45130672364038,0.0
2.19,1.1715921242945235,2.611519643852137,20.192328417177308,0.0
2.195,1.243785425845529,2.644559730530737,19.937742588504754,0.0
2.2,1.3145828141499654,2.681568618277041,19.689263391603212,0.0
2.205,1.381162488133468,2.7228693527454397,19.445059999703435,0.0
2.21,1.4481241060702463,2.769328432388271,19.203955915728706,0.0
2.215,1.514708876606546,2.8186812592229313,18.968487957349424,0.0
2.22,1.5797438669382775,2.872494919957742,18.736045141463045,0.0
2.225,1.6448574914838745,2.931396086754191,18.508389104081562,0.0
2.23,1.7100508829352672,2.9955602893642177,18.285562074727764,0.0
2.235,1.775071174796512,3.0632534928185335,18.06957722531932,0.0
2.24,1.8399095588545844,3.136787753146356,17.85694753904701,0.0
2.245,1.9041690771434672,3.21447236837746,17.648020434109718,0.0
2.25,1.9706599989063625,3.2976490582687465,17.44413880341381,0.0
2.255,2.036642065168425,3.384564818627953,17.245771888399865,0.0
2.2600000000000002,2.1040128555388016,3.476449188957068,17.050689283206673,0.0
2.265,2.1739528165293303,3.57454772302775,16.859158092307542,0.0
2.27,2.243598010344239,3.6781692909675967,16.67423061723901,0.0
2.275,2.314673525902551,3.7876616690646148,16.493358730040093,0.0
2.2800000000000002,2.3887184334726963,3.9011513743304578,16.318289695380862,0.0
2.285,2.4655015248054224,4.020661672359983,16.147247578039654,0.0
2.29,2.5426871290441584,4.146588163037031,15.98219185472022,-0.0
2.295,2.6220022096015025,4.279060139225554,15.822041816392565,-0.0
2.3000000000000003,2.7058999454983317,4.417381234898527,15.66595674657848,-0.0
2.305,2.7905196158963923,4.562562651950048,15.516739412738332,-0.0
2.31,2.8787590551720084,4.714974718284393,15.374561355004483,-0.0
2.315,2.9708337924980417,4.873008741962267,15.23779272988256,-0.0
2.32,3.0662205156006346,5.038353289055297,15.107170954367064,-0.0
2.325,3.165355381581205,5.21159213243465,14.983342726481569,-0.0
2.33,3.2678918360625713,5.390917951697301,14.866150350052772,-0.0
2.335,3.373661774321465,5.578723291109884,14.755967744244527,-0.0
2.34,3.4833742541443398,5.773885092881567,14.653173477349801,-0.0
2.345,3.598301524358079,5.9764471325238295,14.557644251432814,-0.0
2.35,3.7173272097588637,6.187953762220522,14.469937069929637,-0.0
2.355,3.8408391146207292,6.408067210683224,14.393111642692315,-0.0
2.36,3.96947606229272,6.637793502923703,14.323953533430991,-0.0
2.365,4.102189659263441,6.875773618661203,14.26607011032279,-0.0
2.37,4.240365643461542,7.1224403999954795,14.215885890913212,-0.0
2.375,4.386129937203348,7.378436651296251,14.178611940093594,-0.0
2.38,4.535574295349581,7.644813261319757,14.150371361242415,-0.0
2.3850000000000002,4.690564971528722,7.919815396817176,14.134857033179163,-0.0
2.39,4.8517939929027225,8.205497008184386,14.13181792200771,-0.0
2.395,5.018229087452786,8.50211720110881,14.142464753260711,-0.0
2.4,5.192929411338618,8.808407896399459,14.167133753674914,-0.0
2.4050000000000002,5.373813924365497,9.123365025582212,14.206713499267302,-0.0
2.41,5.561895043559936,9.448977744721349,14.262728944755716,-0.0
2.415,5.756955782136214,9.782792510129175,14.335247982268976,-0.0
2.42,5.9577569840250115,10.127542622171152,14.425431514499337,-0.0
2.4250000000000003,6.166858049077291,10.481084718634525,14.534093280941322,-0.0
2.43,6.382943126057795,10.84396472333576,14.662489962188797,-0.0
2.435,6.607018899967387,11.215795712778126,14.813023851479635,-0.0
2.44,6.837340245892665,11.594577496199594,14.985217728303198,-0.0
2.445,7.075383944127558,11.981460998190006,15.180822292245617,-0.0
2.45,7.31940517151364,12.374760196240485,15.40248898521179,-0.0
2.455,7.571899766300578,12.775023607772207,15.648734630467507,-0.0
2.46,7.833076752090425,13.178340473592781,15.923564211553108,-0.0
2.465,8.099556389569855,13.584393955526819,16.22828126427338,-0.0
2.47,8.374550636139709,13.993229829041248,16.562536998121104,-0.0
2.475,8.655682608683339,14.401968665093804,16.927242945363695,-0.0
2.48,8.941751439245063,14.809809728080491,17.323449773358785,-0.0
2.485,9.234029376874938,15.213097015059999,17.755021506975407,-0.0
2.49,9.53274798985183,15.609431595484665,18.220572462628134,-0.0
2.495,9.835123741397213,15.99652930280276,18.720330132227048,-0.0
2.5,10.143270572260107,16.371741742514505,19.25732607552108,-0.0
2.505,10.455527672584756,16.733000017642375,19.830880611436548,-0.0
2.5100000000000002,10.768578524429815,17.076169078602394,20.441059941912872,-0.0
2.515,11.083589830240612,17.398091450253265,21.088146993978338,-0.0
2.52,11.39970566239328,17.6945286475849,21.77130066615727,-0.0
2.525,11.713770867728414,17.96004359886234,22.48986246538738,-0.0
2.5300000000000002,12.025415594448122,18.193796224108148,23.241116774352403,-0.0
2.535,12.33436589432042,18.389938108443012,24.026433577859628,-0.0
2.54,12.63768275728791,18.543123304100725,24.840167267985372,-0.0
2.545,12.934245021587564,18.650965137548514,25.67912978186012,-0.0
2.5500000000000003,13.2199640457588,18.706596945222824,26.543069654053536,-0.0
2.555,13.495657767449867,18.707917633601014,27.42512444244537,-0.0
2.56,13.75641883656224,18.65303277586418,28.322124793451582,-0.0
2.565,14.000031344981574,18.538384406089218,29.227379330298064,-0.0
2.57,14.228407998051294,18.35998388554807,30.13499955922798,-0.0
2.575,14.435273070594716,18.116406102130117,31.039197958272478,-0.0
2.58,14.620100464910111,17.805599111881786,31.933308150898842,-0.0
2.585,14.778456150472225,17.427752965106635,32.80894176840643,-0.0
2.59,14.910800903910026,16.98419624474463,33.657749031231695,-0.0
2.595,15.015105187512855,16.476564380756137,34.474190636462914,-0.0
2.6,15.087603186464467,15.90887749359082,35.25241128594879,-0.0
2.605,15.129216387922623,15.282452761663727,35.982509964674854,-0.0
2.61,15.136060197013892,14.601771271226868,36.65818278417484,-0.0
2.615,15.109626541884616,13.873340651088787,37.27297993009733,-0.0
2.62,15.047692744795366,13.104020567771567,37.82320924255005,-0.0
2.625,14.949783318027542,12.29902094032989,38.30571093194642,-0.0
2.63,14.816962325003301,11.467286439289207,38.71443936112283,-0.0
2.6350000000000002,14.64989443705387,10.61613430355327,39.047736567449135,-0.0
2.64,14.448061713459584,9.754429317461227,39.30460405464239,-0.0
2.645,14.2128014655425,8.889217531866064,39.48492559335688,-0.0
2.65,13.947397742692797,8.027426441506634,39.58803940483062,-0.0
2.6550000000000002,13.652414632130812,7.179027157707704,39.62007109353801,-0.0
2.66,13.32861683257778,6.349950542730289,39.581971713575065,-0.0
2.665,12.97970933708163,5.546665367515994,39.4768793476054,-0.0
2.67,12.607154374413263,4.774300882238408,39.31015917269845,-0.0
2.6750000000000003,12.215770226870227,4.038639693239343,39.086724365975066,-0.0
2.68,11.807541700138822,3.3411237896691155,38.811689406330544,-0.0
2.685,11.384025728204513,2.6867611280379817,38.49201793203111,-0.0
2.69,10.949344811595282,2.07457589231858,38.13158603177342,-0.0
2.695,10.506018699749845,1.5097109437201937,37.737742337041446,-0.0
2.7,10.056450635587266,0.9914054364237095,37.314192670634014,-0.0
2.705,9.60362239005519,0.5172072202901634,36.8665548301286,-0.0
2.71,9.149169858089378,0.08919218475939217,36.39902687752758,-0.0
2.715,8.697572802387946,-0.2967928644257595,35.91737641370035,-0.0
2.72,8.24889037680087,-0.6397623433920472,35.42529627711252,-0.0
2.725,7.804470961592286,-0.94318604922904,34.92586268857544,-0.0
2.73,7.367921851683798,-1.2083179632534735,34.42297367547218,-0.0
2.735,6.938661778132858,-1.4384815096294299,33.91905655409116,-0.0
2.74,6.520061419677174,-1.6360864728787652,33.41677080356885,-0.0
2.745,6.11272649918811,-1.8039242586892619,32.9187731751735,-0.0
2.75,5.716034966695474,-1.9441921416422179,32.425255277196364,-0.0
2.755,5.331185616276577,-2.0603646318720594,31.937470228522773,-0.0
2.7600000000000002,4.96110119432438,-2.15471045509436,31.45745067570121,-0.0
2.765,4.605153635069327,-2.2293296797449655,30.985729555197597,-0.0
2.77,4.265281072928957,-2.2874564101993107,30.521099387000405,-0.0
2.775,3.9380005999311765,-2.329432276310991,30.06396940923784,-0.0
2.7800000000000002,3.625426452216201,-2.3591132478515506,29.616695480826262,-0.0
2.785,3.325024612083947,-2.376209555155108,29.180970569115967,-0.0
2.79,3.0399496384787006,-2.3853768262251873,28.75152464040266,-0.0
2.795,2.7671024636757853,-2.3852201486606726,28.33212461163729,-0.0
2.8000000000000003,2.5088964045899314,-2.377364738107776,27.922096461404646,-0.0
2.805,2.265467226634023,-2.36368762831161,27.51918668925707,-0.0
2.81,2.0342038403958833,-2.3463286003504353,27.125370239242272,-0.0
2.815,1.8148621366014646,-2.3247961966242836,26.739991603000345,-0.0
2.82,1.606863451261583,-2.3007995473596115,26.36237128531761,-0.0
2.825,1.4102535540221415,-2.2757978025221317,25.993546033800953,-0.0
2.83,1.225393528556014,-2.2498048699047084,25.630780245385182,-0.0
2.835,1.0514416398214834,-2.225353876173276,25.276090100747087,-0.0
2.84,0.8874698931723426,-2.2007709115224943,24.926510004811526,-0.0
2.845,0.7319559835410302,-2.176082224720576,24.584570220417806,-0.0
2.85,0.5881955128610274,-2.1521226668860725,24.249907407893968,-0.0
2.855,0.45022122439098,-2.1286857674320534,23.919536332229228,-0.0
2.86,0.32155743009271165,-2.1080382406069447,23.596202411605642,-0.0
2.865,0.19954140074734666,-2.090308415332331,23.27864310058809,-0.0
2.87,0.08489859954029247,-2.0750578828648827,22.96661670775799,-0.0
2.875,-0.02314902456559552,-2.0626086082407165,22.660299936248258,-0.0
2.88,-0.12461733831735396,-2.052983615342384,22.358715469075452,-0.0
2.8850000000000002,-0.22110192601629808,-2.0450946825959817,22.062943369352844,-0.0
2.89,-0.3120107494050125,-2.0409256453324516,21.770388293603578,-0.0
2.895,-0.3981886523631343,-2.040699996262279,21.482668773746056,-0.0
2.9,-0.4800728239133268,-2.0450335257568333,21.199717704990306,-0.0
2.9050000000000002,-0.55653111920609,-2.0508195005724703,20.921633350866816,-0.0
2.91,-0.6304417344033221,-2.0599651365483664,20.649037939420097,-0.0
2.915,-0.7028464871718618,-2.0707979650410278,20.378922700381423,-0.0
2.92,-0.7713464176932163,-2.087189985945262,20.11432223396642,-0.0
2.9250000000000003,-0.8363419291388089,-2.1075087260703906,19.85486685897706,-0.0
2.93,-0.8990517672218188,-2.1298459004999972,19.59888838424298,-0.0
2.935,-0.9606819213530157,-2.156994104157651,19.3477162785132,-0.0
2.94,-1.0211192407662713,-2.1867062068782035,19.09992525045966,-0.0
2.945,-1.0790099654313159,-2.220618566246117,18.855250837922256,-0.0
2.95,-1.135457845432818,-2.2590180404232734,18.615886679488497,-0.0
2.955,-1.1909690067527108,-2.3013297774188617,18.38017305904431,-0.0
2.96,-1.2467925528923927,-2.3467266946651972,18.148326289645546,-0.0
2.965,-1.3020033823873258,-2.3971351079303864,17.920955345190485,-0.0
2.97,-1.3575905922492422,-2.4493202889334578,17.69811835492992,-0.0
2.975,-1.411797269973083,-2.506835229208592,17.47749541415492,-0.0
2.98,-1.4653978297692745,-2.568363820176329,17.26161850784422,-0.0
2.985,-1.520016159999022,-2.6347827270253315,17.050524199541396,-0.0
2.99,-1.5759944650397073,-2.7053883964928827,16.84275178447527,-0.0
2.995,-1.6327452161762555,-2.7793642190786603,16.63955646589495,-0.0
3.0,-1.6892227610443045,-2.857379444773421,16.440235944861186,-0.0
3.005,-1.7479839873851206,-2.9404288214277794,16.245239249208986,-0.0
3.0100000000000002,-1.8080635601147697,-3.0281677697461586,16.05393474248217,-0.0
3.015,-1.868935560618626,-3.120094718010489,15.867726768119867,-0.0
3.02,-1.9319756462178683,-3.2169503933155297,15.684291110480805,-0.0
3.025,-1.9960352980454104,-3.319970092937544,15.50491863853441,-0.0
3.0300000000000002,-2.061736492877894,-3.42667725393194,15.33193428359419,-0.0
3.035,-2.130145264004141,-3.5401244238455067,15.163856464089903,-0.0
3.04,-2.2019922063146296,-3.658773217251582,15.000353156168043,-0.0
3.045,-2.2769909108432063,-3.783462882338651,14.841295251390449,-0.0
3.0500000000000003,-2.351226644915085,-3.914488301979426,14.685395922683071,-0.0
3.055,-2.4281894056252997,-4.053462844430693,14.536437338132401,-0.0
3.06,-2.5095494253205928,-4.196995996331998,14.391850003142569,-0.0
3.065,-2.5935599059791272,-4.346985917014788,14.251107704986454,-0.0
3.0700000000000003,-2.681141636445666,-4.503991452089035,14.118258551454735,-0.0
3.075,-2.7719119861556694,-4.666278914565125,13.991024795375374,-0.0
3.08,-2.8672349568078688,-4.83845904598029,13.869355840616173,-0.0
3.085,-2.96625646090522,-5.017641804915961,13.753111083001574,-0.0
3.09,-3.068951145503902,-5.204228002806433,13.644672771833445,-0.0
3.095,-3.175922855249672,-5.398341280185789,13.542899473449705,-0.0
3.1,-3.2865972637024194,-5.601692125778724,13.448661599237864,-0.0
3.105,-3.40140459988833,-5.811902416887613,13.362170714839205,-0.0
3.11,-3.5234192490441867,-6.031193574997175,13.282875636183627,-0.0
3.115,-3.6488873535253963,-6.260634547003965,13.212068919062654,-0.0
3.12,-3.780749132430107,-6.499590160590368,13.15036275589294,-0.0
3.125,-3.91625310577325,-6.747874471337379,13.09693008774565,-0.0
3.13,-4.056832728255849,-7.006184905000987,13.05425762233355,-0.0
3.1350000000000002,-4.203513246466852,-7.274012106791539,13.023394288837743,-0.0
3.14,-4.356280923870836,-7.5518376461386305,13.003001428455251,-0.0
3.145,-4.515781441763112,-7.841746379455177,12.993311219257594,-0.0
3.15,-4.682884041215739,-8.140929701417296,12.996027843832255,-0.0
3.1550000000000002,-4.856013146208063,-8.452681831844892,13.013680547792616,-0.0
3.16,-5.036859023799824,-8.775221919787361,13.046096626880187,-0.0
3.165,-5.222434852501592,-9.107623720875045,13.09314264844777,-0.0
3.17,-5.416913617802757,-9.451406913837396,13.15599944700095,-0.0
3.1750000000000003,-5.618477994824245,-9.806711381235951,13.236038721556238,-0.0
3.18,-5.827714469995677,-10.171815629986861,13.335068763609721,-0.0
3.185,-6.046058942674047,-10.5478054268319,13.454024073875226,-0.0
3.19,-6.271668117757947,-10.93486451467135,13.593927072260634,-0.0
3.1950000000000003,-6.505913311597261,-11.331026776445382,13.75548362231902,-0.0
3.2,-6.747055832039468,-11.738062103648259,13.941004213880674,-0.0
3.205,-6.996082986376943,-12.154784018465469,14.151320222896267,-0.0
3.21,-7.254274340891021,-12.578599359168742,14.388436496161136,-0.0
3.215,-7.520932244665653,-13.00854384090303,14.652839368210847,-0.0
3.22,-7.795457837627487,-13.44588397380945,14.946922746336124,-0.0
3.225,-8.076717242465897,-13.887656387216063,15.270762615057869,-0.0
3.23,-8.368118805714222,-14.332119655937651,15.62926971019026,-0.0
3.235,-8.66633416074823,-14.778057748354101,16.021445716721715,-0.0
3.24,-8.972279857071266,-15.224793785995397,16.44803857033579,-0.0
3.245,-9.284217108051815,-15.666451990291538,16.91169423431223,-0.0
3.25,-9.603196310197417,-16.103798509088918,17.412990107296444,-0.0
3.255,-9.928366246626997,-16.531488204788587,17.953635063727095,-0.0
3.2600000000000002,-10.259483251485664,-16.94937022306241,18.535028038859096,-0.0
3.265,-10.594257438385187,-17.350857948487334,19.157704669254386,-0.0
3.27,-10.932246716568494,-17.73273850358208,19.821050965725867,-0.0
3.275,-11.27202412648819,-18.09125511513439,20.525966925559782,-0.0
3.2800000000000002,-11.612849358141444,-18.421954848730937,21.272146491094546,-0.0
3.285,-11.95342170223524,-18.721075936481594,22.057898034799607,-0.0
3.29,-12.291421958418924,-18.98237437992094,22.882206167832877,-0.0
3.295,-12.626122339035923,-19.20255393643308,23.743551243365854,-0.0
3.3000000000000003,-12.955772004402185,-19.376022699093063,24.63930006620242,-0.0
3.305,-13.2779507346234,-19.49582561870363,25.56461654546746,-0.0
3.31,-13.588496349180641,-19.558411611673822,26.518023513456523,-0.0
3.315,-13.885898982628374,-19.5620996814668,27.49276184658504,-0.0
3.3200000000000003,-14.169230499038568,-19.49881322352121,28.484667067629154,-0.0
3.325,-14.436600238391291,-19.36699819735617,29.486408887307284,-0.0
3.33,-14.68286753684398,-19.16355290114405,30.492048221932837,-0.0
3.335,-14.907045138456217,-18.884986446261134,31.492265245842347,-0.0
3.34,-15.10654184619273,-18.529391867769004,32.47962591556139,-0.0
3.345,-15.277627354786777,-18.09792612638586,33.4460374223454,-0.0
3.35,-15.418196500921393,-17.591434451800122,34.38155709170221,-0.0
3.355,-15.5266927835799,-17.010788822514666,35.27883221883008,-0.0
3.36,-15.600929501526005,-16.360662636849,36.12865669642391,-0.0
3.365,-15.637699751892157,-15.644649487889787,36.92259244500074,-0.0
3.37,-15.638447168066957,-14.868805850464183,37.653127497759,-0.0
3.375,-15.59949039950128,-14.039883992525194,38.314081824387145,-0.0
3.38,-15.521427675329635,-13.165513280054574,38.89890501476092,-0.0
3.3850000000000002,-15.403519162617984,-12.253899981192625,39.40104043681863,-0.0
3.39,-15.245687505247421,-11.314119913108838,39.820125181527914,-0.0
3.395,-15.049156572726133,-10.35594202947515,40.151392023925524,-0.0
3.4,-14.814821310973771,-9.390141359110244,40.39505161534392,-0.0
3.4050000000000002,-14.54327736203181,-8.425225855722154,40.55270031837544,-0.0
3.41,-14.237429981893222,-7.471025211837096,40.624787895614006,-0.0
3.415,-13.89785392565282,-6.53603963630921,40.61457117314793,-0.0
3.42,-13.52843119489913,-5.627063339461709,40.526912777418175,-0.0
3.4250000000000003,-13.13354657623026,-4.751054055994658,40.36670807739131,-0.0
3.43,-12.714679757898235,-3.915419393618242,40.1399414220671,-0.0
3.435,-12.27505011598711,-3.1235560055612726,39.85465337865412,-0.0
3.44,-11.817552666844959,-2.379547790679208,39.51474237569839,-0.0
3.4450000000000003,-11.34561771742589,-1.687330647221939,39.126864024530484,-0.0
3.45,-10.863146918721766,-1.0467028498826663,38.70076349840605,-0.0
3.455,-10.372721256912815,-0.45997956437160636,38.241376041952755,-0.0
3.46,-9.877790806177158,0.07314389710247071,37.75558031464946,-0.0
3.465,-9.380323489138723,0.5536339268893617,37.24849548985168,-0.0
3.47,-8.882986495423602,0.9848882651528843,36.72607905592769,-0.0
3.475,-8.388899524207645,1.367020635497095,36.19242851281131,-0.0
3.48,-7.90031902714169,1.7047667719876125,35.65189774573587,-0.0
3.485,-7.420382270424347,1.999185639695769,35.10933595030159,-0.0
3.49,-6.949530339192695,2.2526124277498383,34.567945453563226,-0.0
3.495,-6.4901012027446185,2.468605054415158,34.029774225643195,-0.0
3.5,-6.0421491296536045,2.652687182566842,33.49410560476761,-0.0
3.505,-5.606451530049948,2.8057520929381243,32.96676373946843,-0.0
3.5100000000000002,-5.1848449552556435,2.931092370920891,32.44872825917734,-0.0
3.515,-4.7793377711880645,3.0323601101550954,31.93968138398779,-0.0
3.52,-4.389161754014031,3.110979517342311,31.440026736538332,-0.0
3.525,-4.0140588539298125,3.17037859422873,30.952755169675722,-0.0
3.5300000000000002,-3.654880505875559,3.2130006936869737,30.4762461711546,-0.0
3.535,-3.3110743919790515,3.242219613499648,30.01181789946582,-0.0
3.54,-2.9837790883906545,3.259168642840048,29.558303917013077,-0.0
3.545,-2.6707300017281486,3.2674251733653907,29.115987381434092,-0.0
3.5500000000000003,-2.3737829639954744,3.2666293128609305,28.683625066526737,-0.0
3.555,-2.091464049909803,3.257296225643265,28.260744124402088,-0.0
3.56,-1.8230736955710007,3.2424027769851604,27.849286261553015,-0.0
3.565,-1.5701233059872022,3.225059728571547,27.449572267538848,-0.0
3.5700000000000003,-1.331525511394401,3.204298666686347,27.058322807651923,-0.0
3.575,-1.103838633574354,3.1814192776239287,26.675927626947338,-0.0
3.58,-0.8891920573273574,3.1566181436382776,26.301767515738966,-0.0
3.585,-0.6877891670902061,3.1329818652361014,25.93729584865374,-0.0
3.59,-0.49651161046834524,3.110855570908783,25.581072640102526,-0.0
3.595,-0.3161555752581543,3.0893281150084015,25.232644590694996,-0.0
3.6,-0.1462977925807443,3.0701660314135317,24.89042805039075,-0.0
3.605,0.01492496436294885,3.0517688837820844,24.555894838277272,-0.0
3.61,0.16684260129959366,3.0366735172394637,24.22981156840516,-0.0
3.615,0.310994731185696,3.0255957653952255,23.908263132299986,-0.0
3.62,0.4453140781607693,3.016690036961194,23.592862340391616,-0.0
3.625,0.5740380303918244,3.0126027601624426,23.283549412432922,-0.0
3.63,0.697656995287821,3.010731148140417,22.98169712722688,-0.0
3.6350000000000002,0.8128864080695561,3.0133492876708816,22.68580054640666,-0.0
3.64,0.9231279678116293,3.0196868315817285,22.395845582211862,-0.0
3.645,1.0278773331524573,3.0304880560781893,22.111976530209066,-0.0
3.65,1.128545632144791,3.0461612416270043,21.832767276191436,-0.0
3.6550000000000002,1.2257076459231115,3.0653785845655332,21.561067358398528,-0.0
3.66,1.3163432386859204,3.0902043530110688,21.293902581206464,-0.0
3.665,1.4054277204689807,3.1199081931662676,21.02909087114009,-0.0
3.67,1.4910067892535221,3.153981892481458,20.770987326193584,-0.0
3.6750000000000003,1.573509110644813,3.191883768131595,20.517466694477697,-0.0
3.68,1.6537540217648623,3.234998340698604,20.27024708315265,-0.0
3.685,1.7319187826755553,3.282857297856295,20.02837778686032,-0.0
3.69,1.8087971158523142,3.335629802531193,19.78919268647323,-0.0
3.6950000000000003,1.8857986322980094,3.393362973927309,19.553901430936634,-0.0
3.7,1.9618470594855903,3.4559061812528036,19.32533513495233,-0.0
3.705,2.036353595328071,3.524187174487458,19.10054776694521,-0.0
3.71,2.1111826987239413,3.597422764327643,18.881640473781353,-0.0
3.715,2.1855015133163356,3.6749726923032595,18.667752767351107,-0.0
3.72,2.260975043024147,3.7578950301152934,18.4591537132904,-0.0
3.725,2.3357676949578527,3.8475686466837162,18.25465545281033,-0.0
3.73,2.4095156193215064,3.941018178379851,18.0567859581856,-0.0
3.735,2.4855838265572476,4.039805032686774,17.863899911920562,-0.0
3.74,2.564511538609176,4.146763368669897,17.67538386465074,-0.0
3.745,2.644168800288934,4.259294438700485,17.49290027619765,-0.0
3.75,2.7250594037205436,4.377977766590736,17.31474570456863,-0.0
3.755,2.8069462428155356,4.502550913776253,17.143584648694432,-0.0
3.7600000000000002,2.891707677238167,4.631306449143599,16.979584009071388,-0.0
3.765,2.977816952390263,4.77012217666915,16.82004396252362,-0.0
3.77,3.0685535941554627,4.913513078154526,16.66623482595894,-0.0
3.775,3.161013735398304,5.06301347287712,16.519619533485642,-0.0
3.7800000000000002,3.257626224573299,5.218497197700174,16.379591860947894,-0.0
3.785,3.356516253322953,5.3814857056227625,16.246082052315767,-0.0
3.79,3.4590047976056284,5.55151583231018,16.12008239028352,-0.0
3.795,3.5641976476841055,5.728306357187806,16.00058416682406,-0.0
3.8000000000000003,3.6718155526770766,5.91349241889501,15.890160306762967,-0.0
3.805,3.783645365435799,6.106366594535585,15.786506253069732,-0.0
3.81,3.898573191168222,6.3076665439300665,15.690711403546464,-0.0
3.815,4.0201078628781755,6.516997959615014,15.603822920942765,-0.0
3.8200000000000003,4.146244131157398,6.732881161235624,15.527010532833614,-0.0
3.825,4.275214496353748,6.958506963252368,15.458680406856816,-0.0
3.83,4.409453427464356,7.191835298235436,15.401199632639813,-0.0
3.835,4.548743839786293,7.431917263473499,15.35587239472418,-0.0
3.84,4.692806410139255,7.684104188358938,15.319721701005056,-0.0
3.845,4.842397106948875,7.943821865609408,15.294541872066247,-0.0
3.85,4.997061279841369,8.21227487049174,15.282523975823732,-0.0
3.855,5.158320344719437,8.489254841556516,15.283535243845265,-0.0
3.86,5.323498939637219,8.773918092954535,15.29904422093133,-0.0
3.865,5.496707161588886,9.06815600715647,15.328290737781632,-0.0
3.87,5.6762847818026065,9.370777517512721,15.373026259805528,-0.0
3.875,5.8610286357538826,9.682684030108604,15.43416417698766,-0.0
3.88,6.052122730933992,10.001903421247782,15.512166685170982,-0.0
3.8850000000000002,6.249201786093058,10.329893957720127,15.607446847250992,-0.0
3.89,6.4537466418691345,10.66627309994012,15.722856940111946,-0.0
3.895,6.6649433402168095,11.009829056160479,15.858647728930295,-0.0
3.9,6.882475984283855,11.360071851449236,16.014748913028104,-0.0
3.9050000000000002,7.106992349657325,11.714821759328432,16.19196647012295,-0.0
3.91,7.33618609068714,12.07601910600701,16.391897515534414,-0.0
3.915,7.573812496383694,12.441375106850511,16.616343841610846,-0.0
3.92,7.8173026887020916,12.809899020038083,16.866242922213246,-0.0
3.9250000000000003,8.067394341444723,13.180066857456247,17.14133747574419,-0.0
3.93,8.323741809939685,13.551887589363146,17.44385088383919,-0.0
3.935,8.584705125445916,13.923721731765006,17.775822570583884,-0.0
3.94,8.85125587614018,14.293305805078742,18.13606996774111,-0.0
3.9450000000000003,9.123288331780087,14.658473470052039,18.52784002062997,-0.0
3.95,9.40039040560557,15.017968234020225,18.94999029592848,-0.0
3.955,9.680305038461539,15.36705544985035,19.403270089735514,-0.0
3.96,9.96404914395024,15.705984230678194,19.887480551283762,-0.0
3.9650000000000003,10.250844015610705,16.031678786119105,20.405114383251288,-0.0
3.97,10.540228445991858,16.3416408802646,20.953673843338134,-0.0
3.975,10.830794422784914,16.631964563813074,21.535506430297048,-0.0
3.98,11.12035482604049,16.898135235622867,22.149986251388068,-0.0
3.985,11.407872616215464,17.13944755022357,22.7928742377538,-0.0
3.99,11.695215287212124,17.350872986364873,23.466801636676283,-0.0
3.995,11.97802490420875,17.52814050190897,24.16859539101148,-0.0
4.0,12.254766801987184,17.67015679213605,24.896081434004838,-0.0
4.005,12.526120759351418,17.771110298144478,25.646572555310943,-0.0
4.01,12.788340768579618,17.828538094219134,26.417086495269206,-0.0
4.015,13.041126356238557,17.84084553871271,27.2050048872699,-0.0
4.0200000000000005,13.281432114068652,17.803171062015036,28.005617783966006,-0.0
4.025,13.508947860963838,17.71356276309302,28.8159575613175,-0.0
4.03,13.71966185738162,17.568426943410827,29.627460821372015,-0.0
4.035,13.912531225568523,17.369203940076677,30.43714907864289,-0.0
4.04,14.085094181450721,17.114183030618076,31.239022481351455,-0.0
4.045,14.237133261506111,16.80139348488641,32.02673075854876,-0.0
4.05,14.365904925438048,16.431336254257044,32.79556222675128,-0.0
4.055,14.469519500648333,16.005158300216284,33.53653963982622,-0.0
4.0600000000000005,14.546054560635561,15.524203097206012,34.24718585943254,-0.0
4.065,14.594430562960785,14.99360320752221,34.919770378863426,-0.0
4.07,14.61548763807855,14.413480995253177,35.547943560258275,-0.0
4.075,14.606509848575623,13.789615902950821,36.127559214987954,-0.0
4.08,14.564415612079717,13.128489457376249,36.653961321887344,-0.0
4.085,14.492317452116547,12.431381095724207,37.12173337245177,-0.0
4.09,14.389455273243613,11.70904010450392,37.52776511792833,-0.0
4.095,14.254165589518138,10.964551756128788,37.86986867336102,-0.0
4.1,14.091010382652305,10.207580622802217,38.145704932196864,-0.0
4.105,13.896771064814311,9.441632898943574,38.35601145899831,-0.0
4.11,13.674236172757237,8.675683985192482,38.500395914407065,-0.0
4.115,13.424590164812809,7.913890181818356,38.57821321020565,-0.0
4.12,13.14894643785781,7.164307441000947,38.594528585560035,-0.0
4.125,12.849907870004706,6.431384028898997,38.54885524779996,-0.0
4.13,12.528719369336281,5.72035787638606,38.44793867683499,-0.0
4.135,12.188221325366413,5.036699985420029,38.29378625395201,-0.0
4.14,11.830642202087024,4.385416327369867,38.08846811219909,-0.0
4.1450000000000005,11.45878275702444,3.7675537456606922,37.83979045918849,-0.0
4.15,11.073947175009069,3.185387959821006,37.55119872626363,-0.0
4.155,10.679693264487355,2.64094792439488,37.227224808503024,-0.0
4.16,10.278692302279063,2.1349946095781807,36.87230926208504,-0.0
4.165,9.870489553985527,1.6683871071569025,36.49151264443045,-0.0
4.17,9.461048582960334,1.2420866572539595,36.087164659732146,-0.0
4.175,9.050768078896047,0.8531485187117513,35.66441632202687,-0.0
4.18,8.641185285435675,0.5024678380367589,35.226665239896576,-0.0
4.1850000000000005,8.235189966800935,0.1877591456043768,34.777316140909925,-0.0
4.19,7.831829206165329,-0.0919979241223135,34.321708585317715,-0.0
4.195,7.434641836682459,-0.339426664305883,33.86016459107232,-0.0
4.2,7.045750580599169,-0.5561852060384052,33.395682795604394,-0.0
4.205,6.664792608082463,-0.7444343515452916,32.93080957143192,-0.0
4.21,6.295443395092853,-0.9057963065340437,32.4671972159184,-0.0
4.215,5.9347680673780765,-1.0411568272793006,32.00549441389095,-0.0
4.22,5.585673708081241,-1.154426531998002,31.5460455888215,-0.0
4.225,5.247700623416432,-1.2496599386196197,31.092846946586754,-0.0
4.23,4.923227539032795,-1.3244088127147435,30.646076414773876,-0.0
4.235,4.610722460414692,-1.3835562193726556,30.204910888402857,-0.0
4.24,4.310285316224042,-1.4286652207857455,29.770754623403622,-0.0
4.245,4.023963872799296,-1.4590581182454254,29.342990239687545,-0.0
4.25,3.750142558319097,-1.4788359914105527,28.92380611209296,-0.0
4.255,3.4883025271996697,-1.4889221231307832,28.510772983399203,-0.0
4.26,3.2387052431977854,-1.4893506415849496,28.104936265093237,-0.0
4.265,3.0034325160840143,-1.4829562055756056,27.70509440994548,-0.0
4.2700000000000005,2.778414748284785,-1.4703987461480954,27.312820607483932,-0.0
4.275,2.5684498009388137,-1.4532994547535383,26.92775530325173,-0.0
4.28,2.3674112235551905,-1.4333060873719723,26.549907232093997,-0.0
4.285,2.1779852394159978,-1.4096278471861459,26.179223387273908,-0.0
4.29,1.9973625070016543,-1.3846179953738367,25.815828410936554,-0.0
4.295,1.8266216731458849,-1.3558025734573034,25.456893748947344,-0.0
4.3,1.665971715488855,-1.3264468918508092,25.1038384752504,-0.0
4.305,1.517543054457189,-1.2945835180203051,24.759426069839975,-0.0
4.3100000000000005,1.3767260281134313,-1.2637029350097688,24.419485525445044,-0.0
4.315,1.2441564371298264,-1.2323325105542817,24.08492904446947,-0.0
4.32,1.1212639029363987,-1.2035020029708292,23.755008808038845,-0.0
4.325,1.0052638918894952,-1.1736405931234708,23.430626418824765,-0.0
4.33,0.8971242570552729,-1.143623271784656,23.112973979236262,-0.0
4.335,0.794286103564956,-1.1160272860533575,22.79960604351113,-0.0
4.34,0.6990284993242875,-1.089920175937659,22.491239866802342,-0.0
4.345,0.6091208083397434,-1.0661305000842682,22.186493922883024,-0.0
4.3500000000000005,0.5248787894185736,-1.0431248801597726,21.886879777299434,-0.0
4.355,0.4464060772057732,-1.021881783841904,21.59129961000197,-0.0
4.36,0.374181116067916,-1.0019301815318682,21.302496617269256,-0.0
4.365,0.30616876103772184,-0.9847845698579609,21.015824233518256,-0.0
4.37,0.2413589111848332,-0.9678869567260913,20.734037808342684,-0.0
4.375,0.1802554304585004,-0.9547667278691646,20.455778934669006,-0.0
4.38,0.12438873897276947,-0.9439272849259354,20.182507313822548,-0.0
4.385,0.0699390653268537,-0.9349096795007695,19.91211231595336,-0.0
4.39,0.019266620117390068,-0.9284058149388686,19.645230475096945,-0.0
4.3950000000000005,-0.027485977898266477,-0.9229728566481078,19.382491012349288,-0.0
4.4,-0.07268085326295659,-0.918874662826588,19.12368777672867,-0.0
4.405,-0.11542509149942007,-0.9178898147009049,18.869846509543784,-0.0
4.41,-0.15420890339743326,-0.9198052711159672,18.618760527814764,-0.0
4.415,-0.19246332849560488,-0.9210702883756,18.371690150675366,-0.0
4.42,-0.22943053868307844,-0.9260522600034155,18.1270196325294,-0.0
4.425,-0.265393760447478,-0.9331551875577803,17.887600058128324,-0.0
4.43,-0.2982128265429387,-0.9421023056320109,17.651083503821468,-0.0
4.4350000000000005,-0.33075940562266803,-0.9526313533403058,17.415317591653032,-0.0
4.44,-0.36141585001282256,-0.9654576628544753,17.184169870732948,-0.0
4.445,-0.3914975533919099,-0.9785427611663394,16.956288099075266,-0.0
4.45,-0.4208471309271265,-0.9957067664813335,16.731770604401156,-0.0
4.455,-0.44934572851364796,-1.0132977478338039,16.511178857736162,-0.0
4.46,-0.47733014371567917,-1.0341945651537503,16.292498553993827,-0.0
4.465,-0.5055091272747431,-1.0569599208397529,16.077641197728166,-0.0
4.47,-0.5315283201445721,-1.0817158939557068,15.864972523080814,-0.0
4.4750000000000005,-0.5586899973718528,-1.1084565682520966,15.655971920239859,-0.0
4.48,-0.5858233828332274,-1.1367603730828306,15.450326298334149,-0.0
4.485,-0.6133848432889418,-1.1685240061190938,15.247825152306556,-0.0
4.49,-0.6413552104659785,-1.201866196514221,15.047897863710842,-0.0
4.495,-0.6708938095446972,-1.2367716129349817,14.852116781126176,-0.0
4.5,-0.6986236272111216,-1.2752545298571474,14.65829046613958,-0.0
4.505,-0.727033439355331,-1.3147246323200024,14.465882448688927,-0.0
4.51,-0.7576720105839804,-1.3579960310813761,14.277894672885544,-0.0
4.515,-0.7870551745828691,-1.4040249437853562,14.09145355555538,-0.0
4.5200000000000005,-0.8197796841064348,-1.4515565470280642,13.909179949709763,-0.0
4.525,-0.8508089221846614,-1.5023914377512773,13.729702941589242,-0.0
4.53,-0.8839315847387241,-1.5550208534528256,13.5530038580893,-0.0
4.535,-0.9182685886602576,-1.6109045315374992,13.379769726111686,-0.0
4.54,-0.9519438726328565,-1.6707943347243557,13.208365408503477,-0.0
4.545,-0.9879561471899365,-1.7328479889145076,13.040251424906897,-0.0
4.55,-1.0249896906605493,-1.799046186215281,12.874185287059376,-0.0
4.555,-1.0630873273874668,-1.8673403990700983,12.712476179833226,-0.0
4.5600000000000005,-1.102973083058959,-1.938657958676353,12.55340459304008,-0.0
4.565,-1.1442610921139242,-2.0139481849674414,12.39624451271112,-0.0
4.57,-1.1872322027034217,-2.0937569870238812,12.242934487722371,-0.0
4.575,-1.2319690889906774,-2.176106952328149,12.091543351935048,-0.0
4.58,-1.278997838690107,-2.263196870366321,11.942445222695659,-0.0
4.585,-1.3285490233752288,-2.3539528329953106,11.79632535399126,-0.0
4.59,-1.3816858960562837,-2.449649142206346,11.65462836365965,-0.0
4.595,-1.433655956274649,-2.550302782497164,11.51639432335386,-0.0
4.6000000000000005,-1.4902446868890618,-2.656527552028751,11.380388514674678,-0.0
4.605,-1.548204286341807,-2.7671095493433677,11.248810724285955,-0.0
4.61,-1.6093318142759112,-2.8824917359156723,11.12037295204735,-0.0
4.615,-1.6724090333052863,-3.004273888741549,10.996125668321621,-0.0
4.62,-1.738357527648071,-3.131681386116506,10.87447037230174,-0.0
4.625,-1.807147138806358,-3.2648048015566506,10.755216515777745,-0.0
4.63,-1.8808647281120403,-3.4045993806387296,10.64176952873024,-0.0
4.635,-1.956311339350701,-3.5516259414346103,10.53181308571252,-0.0
4.64,-2.036527954771674,-3.7055161556454963,10.425729408981748,-0.0
4.6450000000000005,-2.1196565637193836,-3.866343396761522,10.322926144889657,-0.0
4.65,-2.206771826363507,-4.034087132620627,10.226664275899115,-0.0
4.655,-2.299098432980009,-4.210587452219127,10.134541744762428,-0.0
4.66,-2.395483560130949,-4.3960266430547925,10.047030316551515,-0.0
4.665,-2.495440250184113,-4.587999916813667,9.965348957211754,-0.0
4.67,-2.5993877830209016,-4.788850227629655,9.889866572836507,-0.0
4.675,-2.7084023510553217,-5.000378950031385,9.820280348698617,-0.0
4.68,-2.822794802189523,-5.221827916037483,9.75708180656088,-0.0
4.6850000000000005,-2.94284175991945,-5.452922675903704,9.700525649585963,-0.0
4.69,-3.0688653131601424,-5.694089384921664,9.651527218538547,-0.0
4.695,-3.201758570967696,-5.94845189214904,9.60946410662045,-0.0
4.7,-3.3394877539548107,-6.213037906659648,9.576404621189836,-0.0
4.705,-3.483050397854511,-6.489673599670148,9.553451689297365,-0.0
4.71,-3.6340836013410724,-6.778525133534449,9.539576155903436,-0.0
4.715,-3.791745503636008,-7.078734783933784,9.534951389883181,-0.0
4.72,-3.955095858245915,-7.392590010243171,9.543686419717867,-0.0
4.7250000000000005,-4.127748458736439,-7.7225852570877045,9.562807059290165,-0.0
4.73,-4.307424553088689,-8.065525860662957,9.594625574210772,-0.0
4.735,-4.495888605356845,-8.421687162529011,9.640434395194333,-0.0
4.74,-4.692646604048264,-8.792145232530613,9.700459577450113,-0.0
4.745,-4.896900751173289,-9.17702782709637,9.778147903285415,-0.0
4.75,-5.11116172912098,-9.576500306188057,9.873184461620705,-0.0
4.755,-5.333540517386777,-9.992028480328855,9.985615511834942,-0.0
4.76,-5.565824636695755,-10.423380414020064,10.119370608464843,-0.0
4.765,-5.807465487429873,-10.868672599392882,10.274712759846551,-0.0
4.7700000000000005,-6.060401067337297,-11.329104545345333,10.453451140231012,-0.0
4.775,-6.322729090745445,-11.803493286839517,10.65761739463169,-0.0
4.78,-6.59720231397825,-12.29392876711437,10.889461498876626,-0.0
4.785,-6.882906820962334,-12.797304957053477,11.150157833150022,-0.0
4.79,-7.179387601735062,-13.313146888768252,11.440828597618326,-0.0
4.795,-7.485949111945795,-13.841117846954177,11.766441830441531,-0.0
4.8,-7.804848734609959,-14.378981207260669,12.128266109800105,-0.0
4.805,-8.133645356493714,-14.926741275026641,12.52829826727518,-0.0
4.8100000000000005,-8.473699675916317,-15.48078777662536,12.968337229273958,-0.0
4.815,-8.824038619571642,-16.040273360114544,13.4508987764967,-0.0
4.82,-9.183935697641703,-16.602085582749208,13.979766026930402,-0.0
4.825,-9.555297980901043,-17.16269105124546,14.557054827259241,-0.0
4.83,-9.935168658839762,-17.718897673478885,15.182037402868081,-0.0
4.835,-10.324053885490091,-18.267526865771767,15.860487443896892,-0.0
4.84,-10.722640436568453,-18.80318535797084,16.591426611146098,-0.0
4.845,-11.125686851425648,-19.320790244175033,17.37771850167685,-0.0
4.8500000000000005,-11.534418454609966,-19.815322582454872,18.220745047729157,-0.0
4.855,-11.94827793672857,-20.279041161953543,19.1202854550414,-0.0
4.86,-12.364483502114766,-20.70806128749385,20.076742187131394,-0.0
4.865,-12.782584016930498,-21.09423921218462,21.09037791624573,-0.0
4.87,-13.197288020649298,-21.429292980670294,22.156905136643516,-0.0
4.875,-13.60718567294087,-21.70751241724647,23.2752066089133,-0.0
4.88,-14.01191355749018,-21.92099202353853,24.441177131402515,-0.0
4.885,-14.407128440276708,-22.060293776143833,25.65030136786186,-0.0
4.89,-14.789815314976156,-22.118859570503012,26.896041321299542,-0.0
4.8950000000000005,-15.157899619426297,-22.08975355202223,28.173452998958666,-0.0
4.9,-15.505006913573185,-21.964806047269906,29.472266363937567,-0.0
4.905,-15.82840207210836,-21.740630459608468,30.781712892310342,-0.0
4.91,-16.124653600213048,-21.41117546006265,32.09111787236073,-0.0
4.915,-16.38777617592429,-20.974662754802754,33.38944618578604,-0.0
4.92,-16.61759934864938,-20.428058881399142,34.66134672040625,-0.0
4.925,-16.80812218319626,-19.772548546231086,35.89531565416179,-0.0
4.93,-16.95615038579918,-19.009280312765863,37.07732416708775,-0.0
4.9350000000000005,-17.058568356011026,-18.146629624807556,38.19368596618887,-0.0
4.94,-17.1135009376802,-17.185976765696463,39.23192149311453,-0.0
4.945,-17.11632810507074,-16.139059257777348,40.17963546452944,-0.0
4.95,-17.065780921772756,-15.016147953921408,41.026314472250874,-0.0
4.955,-16.96347713900659,-13.829167206065204,41.760696287584146,-0.0
4.96,-16.807919046815396,-12.593736133279911,42.37602762160024,-0.0
4.965,-16.59758556912171,-11.322940761490003,42.86841304765397,-0.0
4.97,-16.333895993104584,-10.033301780264418,43.236283786910164,-0.0
4.9750000000000005,-16.01864931056037,-8.738496121990947,43.478910356599506,-0.0
4.98,-15.654573883569652,-7.455807097231108,43.599300823192884,-0.0
4.985,-15.24466027637236,-6.195892253218387,43.6017608700845,-0.0
4.99,-14.792946276012747,-4.974256032824796,43.49290030856459,-0.0
4.995,-14.301948730724304,-3.8038586781273995,43.281665099250205,-0.0
5.0,-13.776918969057913,-2.691676359982824,42.97629280755084,-0.0
5.005,-13.223802891313984,-1.6473623363514807,42.58791152239929,-0.0
5.01,-12.64444470254436,-0.674321817918824,42.12927780588474,-0.0
5.015,-12.045536180768606,0.2228428607771854,41.60942746764886,-0.0
5.0200000000000005,-11.43252095018259,1.0418647609597742,41.041347338033475,-0.0
5.025,-10.80864746228853,1.7824132648808209,40.435286402781905,-0.0
5.03,-10.178851875172782,2.446299505390244,39.799370217060776,-0.0
5.035,-9.546358610023036,3.0354058256697707,39.14354240422913,-0.0
5.04,-8.917740034619433,3.550643897955582,38.477804374457435,0.0
5.045,-8.295068291952834,4.001028779956867,37.80757201891429,0.0
5.05,-7.6797473309055055,4.388008708985226,37.1373321754684,0.0
5.055,-7.076724885536027,4.71747127608743,36.473642597696596,0.0
5.0600000000000005,-6.487071636236895,4.994408667363608,35.81970428977548,0.0
5.065,-5.913148808733072,5.223059295162873,35.179552853911765,0.0
5.07,-5.356773879157035,5.409613430739804,34.55500466305083,0.0
5.075,-4.819992106568957,5.558220257818848,33.95078325906477,0.0
5.08,-4.301542653506176,5.674004756903762,33.364192297271444,0.0
5.085,-3.8027049833480646,5.760965952784983,32.798423063998385,0.0
5.09,-3.323438558745215,5.824248914060446,32.25293381814261,0.0
5.095,-2.865213815929548,5.86615117785797,31.727309280365148,0.0
5.1000000000000005,-2.430787128479058,5.8899099783997535,31.219307708587838,0.0
5.105,-2.015277264354508,5.900129219914516,30.730959705625178,0.0
5.11,-1.6199743037153196,5.898103990317625,30.26069264303987,0.0
5.115,-1.2441379246044217,5.886843227818208,29.808959011968298,0.0
5.12,-0.8876587922114278,5.868766224834974,29.37399574801053,0.0
5.125,-0.5512447873433346,5.845472115703255,28.956038021847117,0.0
5.13,-0.23147002297238856,5.820766708855361,28.554958713904327,0.0
5.135,0.07037014280996268,5.792445988892298,28.167491756590486,0.0
5.14,0.3559328336961563,5.764141448834971,27.793825799023477,0.0
5.1450000000000005,0.6264386765845635,5.735234964595782,27.43334616207389,0.0
5.15,0.8833516139726585,5.706892821025368,27.08541118117091,0.0
5.155,1.1237609816490526,5.682527177738971,26.748832927336856,0.0
5.16,1.3523685483230854,5.661839245040622,26.423428446734608,0.0
5.165,1.568719060906989,5.643526776966668,26.108379766438112,0.0
5.17,1.7719461888903054,5.631028208095627,25.8053037604196,0.0
5.175,1.9658758531690357,5.622102658922619,25.51103012609792,0.0
5.18,2.1487690378651445,5.61903813558571,25.22653160753327,0.0
5.1850000000000005,2.322330606262661,5.620356191034965,24.9500644595819,0.0
5.19,2.486857803204879,5.627799090233269,24.683249001289706,0.0
5.195,2.644985059464921,5.641455110963111,24.422555509565925,0.0
5.2,2.7940491852265272,5.660232945536415,24.1717478457926,0.0
5.205,2.9370772719584113,5.685066860879078,23.929261106608312,0.0
5.21,3.0733606851078044,5.716565646643022,23.693188614313687,0.0
5.215,3.205082696498903,5.755621513298474,23.46585444150114,0.0
5.22,3.3312831063461754,5.800414806994956,23.245597588122557,0.0
5.2250000000000005,3.454424393048579,5.85055412775274,23.032088760719525,0.0
5.23,3.5753742320731994,5.906139103123249,22.825490704896513,0.0
5.235,3.6929153039258193,5.968193930896723,22.62607758739236,0.0
5.24,3.8065333533083265,6.036992605149814,22.433794878621,0.0
5.245,3.9184722313411924,6.11223540960474,22.25031239806085,0.0
5.25,4.02889534066246,6.193246197443424,22.07436828236917,0.0
5.255,4.137242078416205,6.281745906082115,21.90543276670623,0.0
5.26,4.244248196187152,6.376933725473902,21.743588479378317,0.0
5.265,4.351318489416239,6.477966114576024,21.587980544718892,0.0
5.2700000000000005,4.459009079189602,6.585695234818557,21.440473786885747,0.0
5.275,4.564131385375965,6.698534386536493,21.302004835397604,0.0
5.28,4.669004740957264,6.817156627307843,21.171006991306502,0.0
5.285,4.776183651194918,6.9431196708445215,21.04820839164225,0.0
5.29,4.885093369621698,7.074494667224235,20.9326163234802,0.0
5.295,4.994649742793589,7.2115396663657725,20.826705611681568,0.0
5.3,5.105619664890741,7.356093293140203,20.729809770087602,0.0
5.305,5.21765389874835,7.504653650057239,20.64213861367422,0.0
5.3100000000000005,5.331387422195574,7.659530511205351,20.56312512871392,0.0
5.315,5.4487171963016365,7.819842054251226,20.493481920324,0.0
5.32,5.566911561664512,7.984680039897899,20.432410969779728,0.0
5.325,5.687143510953366,8.155367914126494,20.381869036485533,0.0
5.33,5.810486852362691,8.331825879539451,20.34212275999091,0.0
5.335,5.93581426826722,8.512509829002731,20.312674104941504,0.0
5.34,6.064798633492121,8.698663160333934,20.29473928927372,0.0
5.345,6.195799418123506,8.890192022051577,20.286896518191764,0.0
5.3500000000000005,6.33091534579018,9.084421300432789,20.292060322334443,0.0
5.355,6.469791875628945,9.282949343064965,20.30955015797441,0.0
5.36,6.608747383366226,9.485629212751068,20.339152901608273,0.0
5.365,6.753442405275131,9.692458760903145,20.38238805220396,0.0
5.37,6.900847853295426,9.900622575790718,20.435956648472455,0.0
5.375,7.050719323280365,10.113506229674893,20.50566741006789,0.0
5.38,7.204095982293898,10.32727624701255,20.588995900194522,0.0
5.385,7.359786651487578,10.542725311687335,20.68659625790217,0.0
5.39,7.517962870673577,10.760590494658388,20.79809924992914,0.0
5.3950000000000005,7.6799180527873325,10.977342908724193,20.92649295562663,0.0
5.4,7.84392024654715,11.19402267946927,21.06933695862528,0.0
5.405,8.011406731270876,11.409329465725614,21.226880816320968,0.0
5.41,8.180197244177267,11.624136643243085,21.399663579033792,0.0
5.415,8.353086697786267,11.83532732638517,21.589768083436258,0.0
5.42,8.528315324332965,12.04320229458865,21.79471606050496,0.0
5.425,8.70476546085653,12.248531279989143,22.017407375786366,0.0
5.43,8.881263641104182,12.448225339516423,22.25658807438181,0.0
5.4350000000000005,9.05847084608099,12.640704086989896,22.51328827349361,0.0
5.44,9.238594225705743,12.826356175986225,22.786613131837147,0.0
5.445,9.417527893337773,13.002640228788536,23.074326329232193,0.0
5.45,9.595988826625778,13.170342827704665,23.378860938291755,0.0
5.455,9.77464053083512,13.324678733061809,23.700145412585233,0.0
5.46,9.950851794848521,13.467799135308956,24.035514056774346,0.0
5.465,10.125049640417148,13.596742352580836,24.385315585649227,0.0
5.47,10.299096732406463,13.712887609796173,24.74906584113207,0.0
5.4750000000000005,10.46956856007579,13.811217602563124,25.12567629803207,0.0
5.48,10.637821306038363,13.892269434663286,25.513413296023806,0.0
5.485,10.799956987115829,13.955108292999508,25.912973005304327,0.0
5.49,10.957002212652123,13.998610946963579,26.320795516532925,0.0
5.495,11.1095844633998,14.021416778134595,26.735250662971687,0.0
5.5,11.255387167580576,14.021183143309123,27.15630241462463,0.0
5.505,11.393842823200973,13.999183130966838,27.5823054364059,0.0
5.51,11.523604448909808,13.952252446569673,28.011914791562894,0.0
5.515,11.644727276936147,13.881816745259169,28.443379143258927,0.0
5.5200000000000005,11.75627906212328,13.787132155204766,28.871445350366443,0.0
5.525,11.858091956491664,13.667523035265734,29.296447839936395,0.0
5.53,11.947819414583075,13.522676896051282,29.717697608579257,0.0
5.535,12.02754629061561,13.351135976845004,30.128286025720765,0.0
5.54,12.094518515379365,13.155949137209118,30.529700763800058,0.0
5.545,12.147245015419779,12.938836876403917,30.918474203676308,0.0
5.55,12.186495978750555,12.696172384532648,31.292973359651572,0.0
5.555,12.212936045776727,12.431930579115159,31.650514211605035,0.0
5.5600000000000005,12.224823350332423,12.147126105308718,31.987422803307552,0.0
5.565,12.219419659238119,11.84254911522181,32.303588584651735,0.0
5.57,12.200501116180309,11.521424528826316,32.59737139772953,0.0
5.575,12.166653777808792,11.183428723903537,32.86625377882834,0.0
5.58,12.117867688812495,10.831149662482261,33.106253587166236,0.0
5.585,12.053623838352669,10.466956136410566,33.319701419301126,0.0
5.59,11.974391274444296,10.093552557033442,33.505498377208724,0.0
5.595,11.879945591257345,9.713088395284526,33.66326232980439,0.0
5.6000000000000005,11.770911137783122,9.32878407796521,33.790248377408886,0.0
5.605,11.64900977683991,8.94061173649283,33.888741070285285,0.0
5.61,11.513499909446043,8.552632436044773,33.958157241778686,0.0
5.615,11.364498320916475,8.167186244790484,33.99827232401125,0.0
5.62,11.205826860035913,7.785600761912522,34.009925360951925,0.0
5.625,11.033993983579009,7.409407169481561,33.99100989595681,0.0
5.63,10.852053798576407,7.041993627009582,33.94603987391937,0.0
5.635,10.662256204869857,6.685089735277685,33.8760831448089,0.0
5.64,10.463531318339808,6.337053146694757,33.78051975164897,0.0
5.6450000000000005,10.257614433629035,6.002881306035787,33.66218272660418,0.0
5.65,10.045881595825382,5.682386287933337,33.521964235498764,0.0
5.655,9.828832396498173,5.376247686192369,33.36060690368037,0.0
5.66,9.606618600430535,5.084908592750347,33.181215156987975,0.0
5.665,9.379643293710583,4.810282783205236,32.98326400529191,0.0
5.67,9.151944595301252,4.552083004150365,32.769041831851816,0.0
5.675,8.921038136505498,4.311893169468869,32.540454066128355,0.0
5.68,8.690197357462575,4.0889981396585435,32.297397474996195,0.0
5.6850000000000005,8.459920632185508,3.881312051708593,32.044308116565134,0.0
5.69,8.23017681250469,3.690964749301593,31.781405245697076,0.0
5.695,8.00300526105814,3.516849334538478,31.509762046314144,0.0
5.7,7.779034963468098,3.3594174200533478,31.230739120326454,0.0
5.705,7.558063973444212,3.216345906604643,30.944691375105517,0.0
5.71,7.340831138132454,3.088783912034372,30.652823126424614,0.0
5.715,7.129392357808619,2.9756049985424595,30.357470749798967,0.0
5.72,6.92190002094367,2.8764629975858313,30.059148156119157,0.0
5.7250000000000005,6.720302404918513,2.79050200147864,29.75831068226391,0.0
5.73,6.524465760237961,2.7163853946153913,29.455006952057353,0.0
5.735,6.334553274698621,2.6555024694180824,29.15100824876659,0.0
5.74,6.150549726411527,2.606024006661952,28.846049037656822,0.0
5.745,5.9730485696464655,2.566572735959989,28.54259094252881,0.0
5.75,5.802592760229926,2.5365342292288755,28.23738174480802,0.0
5.755,5.63917836928333,2.518607538988728,27.934897465202845,0.0
5.76,5.482654761358053,2.508782447291527,27.632805066922714,0.0
5.765,5.333763739833405,2.5060192232764105,27.332940414533866,0.0
5.7700000000000005,5.193435932972705,2.511523416898304,27.035820129173054,0.0
5.775,5.059163555303291,2.52386723391128,26.740123087972364,0.0
5.78,4.932636294011923,2.543343326685482,26.446759786050954,0.0
5.785,4.81257662754767,2.5692345473398603,26.157674603763493,0.0
5.79,4.7002267542221485,2.6011605618671974,25.87215284157207,0.0
5.795,4.595468694353323,2.6376906771246293,25.58841975016749,0.0
5.8,4.497208898022063,2.6797543369119197,25.308353295748415,0.0
5.805,4.405411690493223,2.7271534545733296,25.031109539824534,0.0
5.8100000000000005,4.3208745170836105,2.779202356017947,24.75655050790521,0.0
5.815,4.242226876795094,2.835142232920584,24.486715685646264,0.0
5.82,4.171187322361645,2.8950624399727154,24.220546660291085,0.0
5.825,4.1075498045873,2.959958818199066,23.95718989704011,0.0
5.83,4.050231428671516,3.0275611961992994,23.69933927859702,0.0
5.835,4.0000192529770295,3.099756154533051,23.44494280779979,0.0
5.84,3.953799207050203,3.174254038039887,23.194499352126023,0.0
5.845,3.915127188938888,3.2530069313499896,22.947832257570905,0.0
5.8500000000000005,3.882252237600324,3.336300830463779,22.705539799357545,0.0
5.855,3.8539935114418595,3.422362505718513,22.468341569860797,0.0
5.86,3.831196888194313,3.510479279809355,22.233999671391675,0.0
5.865,3.815571200440684,3.6042846194268425,22.00521348355321,0.0
5.87,3.8050890958626495,3.6985500783839145,21.779755944213285,0.0
5.875,3.8000951078747858,3.7990957679904787,21.560274160975094,0.0
5.88,3.80056733150647,3.902488907501102,21.345919356270137,0.0
5.885,3.805248000406777,4.011263796642606,21.136232590576956,0.0
5.89,3.814733152763548,4.121768201385815,20.93129502291257,0.0
5.8950000000000005,3.8300037708494625,4.236865577812359,20.73151864171818,0.0
5.9,3.8512574823322208,4.353800201427949,20.535616139429028,0.0
5.905,3.8757637087426033,4.476762415297653,20.34521334275675,0.0
5.91,3.9054461936174345,4.6027256932635225,20.160455453022717,0.0
5.915,3.941130260876483,4.734035594734813,19.981982324631364,0.0
5.92,3.9809111383982856,4.868189161217475,19.80926831234318,0.0
5.925,4.025616289684622,5.005705411152311,19.641511127341953,0.0
5.93,4.074600274134905,5.149260052256379,19.480326338021214,0.0
5.9350000000000005,4.129209028765349,5.2969483203547885,19.32555227073899,0.0
5.94,4.187540522825742,5.45024049449329,19.176812463505726,0.0
5.945,4.249874904512979,5.607955762381591,19.03519278059797,0.0
5.95,4.317181248027565,5.769394587934112,18.89949153101162,0.0
5.955,4.390482276609498,5.937165951247258,18.77190358599557,0.0
5.96,4.4684202206080155,6.1093658026571305,18.652385150965266,0.0
5.965,4.5503561898223195,6.287702235489407,18.541023840493978,0.0
5.97,4.636907667974512,6.471553964703082,18.438027809641245,0.0
5.9750000000000005,4.728255680419947,6.659295378338733,18.341596119070186,0.0
5.98,4.824585527042034,6.854696422342421,18.254430871361247,0.0
5.985,4.926240018402444,7.055246156979913,18.175483601309676,0.0
5.99,5.031065383414474,7.262132549450245,18.106871135762688,0.0
5.995,5.143353075310959,7.475179946881529,18.048036125566597,0.0
6.0,5.260164122141126,7.695563913475436,18.00024323370972,0.0
6.005,5.382211166202691,7.91979854950382,17.9618247918898,0.0
6.01,5.50933367992382,8.15036837825972,17.934853895184176,0.0
6.015000000000001,5.6427914467139,8.385764157336691,17.919851846213053,0.0
6.0200000000000005,5.779113116719252,8.627488801359931,17.91786109060649,0.0
6.025,5.9225143371234985,8.875847063236794,17.928360617996237,0.0
6.03,6.070643910491335,9.129038463806316,17.95212205202008,0.0
6.035,6.224623936581694,9.389100016593229,17.989789279825676,0.0
6.04,6.383339413227996,9.652248197324814,18.04217709768648,0.0
6.045,6.546554297563967,9.922603428309825,18.1097492591011,0.0
6.05,6.714002989147016,10.197453247836332,18.192165928869542,0.0
6.055,6.888454692614437,10.476087161326905,18.290984549973324,0.0
6.0600000000000005,7.066685340381695,10.759020075197215,18.406979027104992,0.0
6.065,7.251351412999236,11.043708769877497,18.54190138425535,0.0
6.07,7.441135617329698,11.331925183408124,18.695182800407355,0.0
6.075,7.635601351064424,11.620260123533862,18.86683552734596,0.0
6.08,7.8355704487398325,11.910660046974293,19.057701364222936,0.0
6.085,8.040270206520672,12.201325756137365,19.270306185809606,0.0
6.09,8.247663383435873,12.491472119449606,19.503144630993948,0.0
6.095,8.459113924114806,12.779366209585618,19.757881786758457,0.0
6.1000000000000005,8.673441987334261,13.065032318757387,20.035101998689342,0.0
6.105,8.893636881437677,13.344660464666676,20.33427124534451,0.0
6.11,9.117702813877017,13.618183834676431,20.65680570706392,0.0
6.115,9.34365801946136,13.885100460774623,21.00161809786076,0.0
6.12,9.57113132185204,14.143781656341838,21.369116835717886,0.0
6.125,9.79936197776026,14.391560737263202,21.759849137620783,0.0
6.13,10.028638744584,14.625952942059982,22.174562846863846,0.0
6.135,10.259909666849042,14.846842069826165,22.612418759690446,0.0
6.140000000000001,10.48993419133547,15.048533485051063,23.073416388522553,0.0
6.1450000000000005,10.718503834371353,15.230976804039829,23.554431172164033,0.0
6.15,10.94506033655612,15.393681568102568,24.056563605245607,0.0
6.155,11.168445680719586,15.53213629344956,24.57915372899023,0.0
6.16,11.38774788854245,15.645117208294764,25.118109051963177,0.0
6.165,11.600947236178536,15.73139359532613,25.673835706417165,0.0
6.17,11.807258936783693,15.786864224470339,26.24519156379971,0.0
6.175,12.005387366503252,15.81179224047402,26.826697681670616,0.0
6.18,12.195227937173946,15.80380180727866,27.41969352851205,0.0
6.1850000000000005,12.375692656190438,15.760114952635513,28.017401173081357,0.0
6.19,12.544292214450515,15.679461677490831,28.618108763928525,0.0
6.195,12.701639577859833,15.562461047450375,29.22078580796313,0.0
6.2,12.844218784167117,15.40565975096717,29.81915346999421,0.0
6.205,12.972400159997838,15.211621418721501,30.41138879859285,0.0
6.21,13.084472293813635,14.979313815335544,30.994046694439227,0.0
6.215,13.18013187606267,14.708351806125986,31.560273636988605,0.0
6.22,13.25762021507979,14.4015599504046,32.110022003989606,0.0
6.2250000000000005,13.31631010009797,14.057333687674893,32.636384179080366,0.0
6.23,13.353264010655343,13.678218293977631,33.13713503471282,0.0
6.235,13.370491870358512,13.267344213487227,33.609590290887574,0.0
6.24,13.363641601669514,12.825756046129513,34.04810566899275,0.0
6.245,13.337600646985857,12.357278394174308,34.450991782594485,0.0
6.25,13.289169880762465,11.864632053554738,34.81566382876261,0.0
6.255,13.217846693439006,11.353102551814315,35.14061112532252,0.0
6.26,13.124384175320166,10.82546613093536,35.422142899594895,0.0
6.265000000000001,13.010196295106484,10.284469128712646,35.65968011316886,0.0
6.2700000000000005,12.872914433203004,9.735699793007498,35.85423942361612,0.0
6.275,12.715264568797668,9.182811667834264,36.00237861808977,0.0
6.28,12.537892375117798,8.628139085564943,36.10587183817669,0.0
6.285,12.342938550858818,8.077548330335462,36.16548673790202,0.0
6.29,12.129343950674077,7.532852746706885,36.1831536035391,0.0
6.295,11.900063438782249,6.998698857460888,36.15772237445125,0.0
6.3,11.655683078481848,6.47893156937541,36.09181207123301,0.0
6.305,11.397371939904437,5.974352597646128,35.98907055392204,0.0
6.3100000000000005,11.12608765367027,5.4894197275727965,35.85085091115097,0.0
6.315,10.844096920297654,5.025328754445664,35.67741526556196,0.0
6.32,10.553134444387076,4.584258344666602,35.4746223516555,0.0
6.325,10.25450146494843,4.167376434651384,35.242210592371364,0.0
6.33,9.950696852587951,3.7767950178180696,34.98571764580312,0.0
6.335,9.641731315800367,3.4107705074260632,34.70788198653645,0.0
6.34,9.32940740719191,3.0697681624894786,34.40924870374836,0.0
6.345,9.016219810793482,2.755218381389742,34.09464795643769,0.0
6.3500000000000005,8.702258932421369,2.4672175973378523,33.76458014318856,0.0
6.355,8.390095293258058,2.2046180870883254,33.42153693916474,0.0
6.36,8.080345378366564,1.9665466766917694,33.06843298309559,0.0
6.365,7.7747188770009235,1.7517842983102412,32.70662837817759,0.0
6.37,7.473965914423541,1.5596251309612008,32.33823518585393,0.0
6.375,7.179173413433636,1.389378765178138,31.965700909304164,0.0
6.38,6.889286464964263,1.2391919201594772,31.58907158645088,0.0
6.385,6.606800423445731,1.1087554171271843,31.211449928965077,0.0
6.390000000000001,6.331242688801294,0.9979408317338432,30.831674392273342,0.0
6.3950000000000005,6.064606834251575,0.9018392055594318,30.45107149344526,0.0
6.4,5.805240653745656,0.8224015853427146,30.07183825984307,0.0
6.405,5.55532866913659,0.759141953963222,29.694602396534847,0.0
6.41,5.314878641101787,0.7085037210124026,29.319522164054714,0.0
6.415,5.085006407509387,0.669384401405892,28.947712134737078,0.0
6.42,4.863074631841303,0.6417226099074623,28.578020065851902,0.0
6.425,4.652520431189555,0.6239919638064151,28.21214879891018,0.0
6.43,4.4503536129635375,0.6155744987611679,27.849652069689135,0.0
6.4350000000000005,4.259042379822641,0.6163808669101386,27.491775009220667,0.0
6.44,4.077405891084667,0.6251015115564487,27.139674603573113,0.0
6.445,3.904653948687843,0.6400295349406224,26.789721725406235,0.0
6.45,3.740910752356887,0.6596258016660161,26.445444020560092,0.0
6.455,3.5872627768667282,0.685939284299168,26.104795125184374,0.0
6.46,3.443001974853083,0.7158410007991267,25.768288531506524,0.0
6.465,3.3073908406563777,0.7489815439563142,25.437048655320282,0.0
6.47,3.178804621440765,0.788375351922201,25.11007093308796,0.0
6.4750000000000005,3.057397616627573,0.829256216734923,24.7878071439346,0.0
6.48,2.945835347928718,0.8751263208006235,24.469682876197954,0.0
6.485,2.8425706738510734,0.9223226708787291,24.15589757727752,0.0
6.49,2.74732118866251,0.9725474971508153,23.84743355001705,0.0
6.495,2.657820902797428,1.023977580861865,23.54358821394725,0.0
6.5,2.575359238102032,1.0790113528865775,23.24330761918721,0.0
6.505,2.5000364207509578,1.1366321138596043,22.947382908335758,0.0
6.51,2.4311022299083134,1.1942629142765708,22.65615937352122,0.0
6.515000000000001,2.36880410456397,1.2527933931535977,22.368297045624566,0.0
6.5200000000000005,2.3133815971647462,1.3139126810796846,22.084565019151363,0.0
6.525,2.2628276211047744,1.3750739684924445,21.805770748632703,0.0
6.53,2.2183488343458864,1.439056051631929,21.530531080341873,0.0
6.535,2.178925612925478,1.5030785297267133,21.259601888355835,0.0
6.54,2.145843404538187,1.5695234124081658,20.992163794865522,0.0
6.545,2.1171628196466235,1.637120382932468,20.729172513470427,0.0
6.55,2.0920954930967026,1.705944657774792,20.47082090442982,0.0
6.555,2.074085548592143,1.776872823697804,20.216278904406725,0.0
6.5600000000000005,2.0584741645065128,1.8491696771890411,19.966638329869994,0.0
6.565,2.048254687427894,1.9226911903711745,19.71999092330167,0.0
6.57,2.041605653766111,1.9985434135467883,19.47615072170016,0.0
6.575,2.0392084644797976,2.07490815513619,19.237375331241765,0.0
6.58,2.0410603358160193,2.153378574371278,19.003287720943206,0.0
6.585,2.046015195233409,2.234750004969738,18.771711902272884,0.0
6.59,2.054761775080309,2.318466008524388,18.545211596730006,0.0
6.595,2.068729589340464,2.404034495530647,18.32233119772563,0.0
6.6000000000000005,2.0847856327676815,2.4934142751802844,18.102182896608998,0.0
6.605,2.105098609051381,2.585411440126605,17.886121400653508,0.0
6.61,2.1296670789756518,2.678343878100424,17.675309820922475,0.0
6.615,2.1569409136289903,2.775232717006447,17.4670221661778,0.0
6.62,2.1877922252735074,2.8745774842584693,17.263915662546246,0.0
6.625,2.2229941167553466,2.9780497006393745,17.06595967261932,0.0
6.63,2.26240424463775,3.0855789904387776,16.871566486489897,0.0
6.635,2.303373447989425,3.1963179625652898,16.681535065983375,0.0
6.640000000000001,2.3484508532386874,3.3113536737070794,16.496595871407443,0.0
6.6450000000000005,2.394807302990606,3.431188116501713,16.316136013339356,0.0
6.65,2.4475308388622468,3.554166416729117,16.139615183843137,0.0
6.655,2.5023136949194202,3.680615407780623,15.968970092427767,0.0
6.66,2.5612751359648853,3.812927830784097,15.80283287674682,0.0
6.665,2.6231289874149146,3.950365646407009,15.64130025677176,0.0
6.67,2.6883112787230163,4.0937025379758945,15.484537222949738,0.0
6.675,2.757821909435585,4.241194788828052,15.331603954197499,0.0
6.68,2.833257682188893,4.394081787404381,15.18477817792001,0.0
6.6850000000000005,2.9114463551083243,4.554765706514001,15.044361504245234,0.0
6.69,2.9927927826572867,4.719815667296069,14.908833170550519,0.0
6.695,3.0790571982379196,4.8922967928276515,14.780695833099426,0.0
6.7,3.170816340112802,5.071120159320295,14.659408087912057,0.0
6.705,3.2659031414692348,5.256769012194925,14.545203845155175,0.0
6.71,3.366327416777704,5.450625621661975,14.436125368614551,0.0
6.715,3.4711903519599305,5.651121071945638,14.33621432913209,0.0
6.72,3.5792948780051277,5.859197912431161,14.243228020466546,0.0
6.7250000000000005,3.6926304698764976,6.075928260100047,14.157676344620135,0.0
6.73,3.812332656955255,6.302502666671419,14.081032339628033,0.0
6.735,3.9361171398012047,6.536535417196027,14.013299317254726,0.0
6.74,4.065590695698829,6.779158997300309,13.956198409498061,0.0
6.745,4.202189145419713,7.030073889243338,13.909551919173813,0.0
6.75,4.343540332164788,7.2901024554745835,13.871614437690125,0.0
6.755,4.490831891182663,7.56089073790152,13.845355574274725,0.0
6.76,4.644266139676501,7.840634969638809,13.830691267794656,0.0
6.765000000000001,4.804473482206639,8.132058879270952,13.828523021065582,0.0
6.7700000000000005,4.970941740970347,8.431649409983358,13.839459933495624,0.0
6.775,5.144797606449779,8.741032237338478,13.865149417767784,0.0
6.78,5.326212271487156,9.060384870808301,13.905041802572983,0.0
6.785,5.513156446288952,9.391052620571989,13.960082519954307,0.0
6.79,5.705952707566659,9.731642961284715,14.032809811354062,0.0
6.795,5.907286401460743,10.081597187116346,14.122588830695998,0.0
6.8,6.114961514128807,10.441460648640868,14.232780554216655,0.0
6.805,6.331363759925995,10.810724491961505,14.363998807738618,0.0
6.8100000000000005,6.554516252344801,11.189648739234721,14.514815210832989,0.0
6.815,6.786317595901211,11.576530616194635,14.688236454201128,0.0
6.82,7.026484639723367,11.97111148380016,14.88520443733131,0.0
6.825,7.273895198696755,12.370520933304544,15.106761662415842,0.0
6.83,7.528481648371656,12.77601228351222,15.354329372710675,0.0
6.835,7.78978377601228,13.188635876632324,15.63027269966099,0.0
6.84,8.060492633020814,13.603281059275648,15.935294069122229,0.0
6.845,8.337424300044077,14.022055145696672,16.27097628110803,0.0
6.8500000000000005,8.620802527276101,14.440736315064804,16.63879503281838,0.0
6.855,8.909904891873364,14.857915880239153,17.039227521584106,0.0
6.86,9.207331020650104,15.272388720000922,17.473731121356394,0.0
6.865,9.508609345258233,15.68040571628518,17.94321627039324,0.0
6.87,9.818129348615635,16.079245822806467,18.44914941371922,0.0
6.875,10.131658037182651,16.46788343785147,18.993091028778707,0.0
6.88,10.450163758063992,16.841252280949803,19.575927352371128,0.0
6.885,10.769011516085861,17.19765471832831,20.19577492764657,0.0
6.890000000000001,11.091135369986459,17.53252352032683,20.851829260201757,0.0
6.8950000000000005,11.413179952273822,17.84081604121782,21.54634034044039,0.0
6.9,11.735271815774048,18.11923883690087,22.27720254929491,0.0
6.905,12.054010707345192,18.363855306086315,23.04299303961482,0.0
6.91,12.36937685645081,18.569665817276807,23.843561651946004,0.0
6.915,12.679971649788783,18.734283611240507,24.674142077927122,0.0
6.92,12.9831227524812,18.851925097337645,25.533669718431486,0.0
6.925,13.277621158424013,18.917663206594952,26.418745224865514,0.0
6.93,13.559323758059808,18.929570804659257,27.322668329673327,0.0
6.9350000000000005,13.82751872651987,18.88078709694884,28.240661111306597,0.0
6.94,14.080510743260831,18.77002784960894,29.16884174010283,0.0
6.945,14.314994844430334,18.59534640054118,30.10097607754203,0.0
6.95,14.528775029871278,18.351555481614323,31.03081119231913,0.0
6.955,14.7198867054603,18.039700318118513,31.951620917171727,0.0
6.96,14.886568127114245,17.658776678142303,32.853082901010964,0.0
6.965,15.024690534943943,17.208918457674436,33.729356958731096,0.0
6.97,15.134560204016609,16.693079620496036,34.571208985058064,0.0
6.9750000000000005,15.212401533504766,16.11284292797603,35.374149192415985,0.0
6.98,15.256376811026833,15.470785123298864,36.127890486527235,0.0
6.985,15.266904427609733,14.773764999981514,36.826422225777556,0.0
6.99,15.241473719601494,14.026864382001062,37.46319889857578,0.0
6.995,15.181506874050053,13.235842392992236,38.033688698514545,0.0
7.0,15.084740114587023,12.408489987659625,38.53241673155198,0.0
7.005,14.951662439180364,11.552536270302673,38.95430268702811,0.0
7.01,14.782728716163946,10.676049311202137,39.29962365202133,0.0
7.015000000000001,14.576460996134031,9.78749775256355,39.564056676935465,0.0
7.0200000000000005,14.33835006072667,8.895308022713941,39.749915374055256,0.0
7.025,14.066155647552577,8.009605143141261,39.8583770415384,0.0
7.03,13.76273168021344,7.135226165613688,39.89093820337485,0.0
7.035,13.430976637449074,6.280667410534255,39.85058185300042,0.0
7.04,13.074466283430024,5.451652906303813,39.74117446608325,0.0
7.045,12.69339532374064,4.656756922529267,39.566924196839395,0.0
7.05,12.291324129957143,3.8998116136529637,39.33442869018208,0.0
7.055,11.871680360434429,3.1823773932905253,39.04872913323334,0.0
7.0600000000000005,11.437029773856532,2.5118059680080824,38.716653951802755,0.0
7.065,10.991137362768796,1.8861898238024744,38.34491017358678,0.0
7.07,10.535562036316907,1.3078895842274376,37.93653328451745,0.0
7.075,10.07394862414571,0.7775876288589982,37.499407514770276,0.0
7.08,9.60998051868651,0.2942610761479938,37.03915176433058,0.0
7.085,9.143426603628726,-0.1421543360564279,36.559888878646426,0.0
7.09,8.679989096167784,-0.5331666702779245,36.06611716356699,0.0
7.095,8.218593989691902,-0.8805263724279666,35.56192080577005,0.0
7.1000000000000005,7.764121146658522,-1.1866074861462839,35.05090762606537,0.0
7.105,7.317333421240914,-1.4538678381018924,34.536641495319564,0.0
7.11,6.879195914597056,-1.685647859251373,34.02373559853728,0.0
7.115,6.451518110614807,-1.8844030720647358,33.51180821084033,0.0
7.12,6.034617615284296,-2.05246615555639,33.00459531198973,0.0
7.125,5.6306954328835594,-2.1926802474590668,32.50308771895503,0.0
7.13,5.239860868933597,-2.307045451562164,32.00707083007767,0.0
7.135,4.862382265886035,-2.4014550905738457,31.518697192015253,0.0
7.140000000000001,4.49999397976254,-2.4751210138219424,31.039266904057058,0.0
7.1450000000000005,4.151555060444435,-2.5308875653074177,30.56924009768056,0.0
7.15,3.8167025691262104,-2.573524563374223,30.108495231662328,0.0
7.155,3.495801674109453,-2.600324096610121,29.658417269052027,0.0
7.16,3.190868956351343,-2.616693438339991,29.218372058103718,0.0
7.165,2.901512171995885,-2.6228157976162687,28.78561006743241,0.0
7.17,2.6259506457101502,-2.6211673461747336,28.36298717446356,0.0
7.175,2.3634509506977195,-2.6115869712969424,27.950469136982314,0.0
7.18,2.115311884375137,-2.5989084584058246,27.546765071029153,0.0
7.1850000000000005,1.8800108643481286,-2.5805852243087157,27.152267201682804,0.0
7.19,1.6580614139424796,-2.5596658467018703,26.76620276222219,0.0
7.195,1.4468180995607096,-2.5358757480258607,26.387501365297844,0.0
7.2,1.2488130967349136,-2.512724063591074,26.018753006960473,0.0
7.205,1.0601578835439789,-2.4864246436653037,25.655224881310826,0.0
7.21,0.8816828884152516,-2.4615234095625773,25.299480758453385,0.0
7.215,0.7143310818576971,-2.43591256319451,24.951505932091504,0.0
7.22,0.5566141795460429,-2.411618783118953,24.610291649315318,0.0
7.2250000000000005,0.40871607580879804,-2.389304631604522,24.27592831383454,0.0
7.23,0.26861108826990754,-2.3691186893715375,23.947241685997408,0.0
7.235,0.1367787543352289,-2.350370432597567,23.624744826156913,0.0
7.24,0.01225702324764312,-2.335809281667545,23.308212615998034,0.0
7.245,-0.10469307609646257,-2.3242408182115897,22.99780102014975,0.0
7.25,-0.21615268061174953,-2.3142101558873334,22.692113954494484,0.0
7.255,-0.32035940622059694,-2.3085867287515014,22.39087278454455,0.0
7.26,-0.41923957776274207,-2.3060577798172437,22.09708255038035,0.0
7.265000000000001,-0.5129588982208156,-2.306443848631314,21.808258702122313,0.0
7.2700000000000005,-0.6025972095225327,-2.3107947053348012,21.524104339034484,0.0
7.275,-0.6874360906975268,-2.3183896743119807,21.24403523023562,0.0
7.28,-0.7680239554782003,-2.3305532056459914,20.968829734762977,0.0
7.285,-0.8453512615730268,-2.3465008901269773,20.698282168869977,0.0
7.29,-0.9204604471808957,-2.365553124462055,20.431839787908977,0.0
7.295,-0.9922269340583196,-2.389274810352309,20.170829688643334,0.0
7.3,-1.062421578444477,-2.416075400458427,19.91316077380831,0.0
7.305,-1.1297773149325059,-2.446393726658586,19.65958731751929,0.0
7.3100000000000005,-1.1956705188316,-2.4824790453740007,19.41150193100781,0.0
7.315,-1.2600468081116416,-2.5211368752403054,19.16639295070939,0.0
7.32,-1.3221545960715857,-2.563518109114152,18.926878942000595,0.0
7.325,-1.3840404258827117,-2.610929541778348,18.690299156264203,0.0
7.33,-1.4458687843677087,-2.6611871620343663,18.460322698974483,0.0
7.335,-1.5059834278474757,-2.7173947568651244,18.23361876434699,0.0
7.34,-1.5664923991123738,-2.777312876296978,18.01052031313413,0.0
7.345,-1.6269024906265472,-2.841765842566014,17.792685626536574,0.0
7.3500000000000005,-1.6883222557238158,-2.9108911894905676,17.578665484459368,0.0
7.355,-1.749782036217181,-2.983134874669463,17.368264120407662,0.0
7.36,-1.8116765723233965,-3.0615522698989053,17.162553895531833,0.0
7.365,-1.8732308602831977,-3.1450620585606752,16.961380444336363,0.0
7.37,-1.936366589023795,-3.2325088139468163,16.76507668058795,0.0
7.375,-2.001199795507342,-3.325093861204032,16.573489937491132,0.0
7.38,-2.06699372563943,-3.4241967276083107,16.386172085603143,0.0
7.385,-2.133864576786957,-3.5274376850679197,16.202988797810676,0.0
7.390000000000001,-2.2038047249991206,-3.636541909418127,16.02596212192895,0.0
7.3950000000000005,-2.2757612016572417,-3.7494435758765245,15.852474433962094,0.0
7.4,-2.349115850294158,-3.8681940888293647,15.68233298850914,0.0
7.405,-2.4247854024047175,-3.993711627180688,15.518941912734974,0.0
7.41,-2.502561051865089,-4.124468495065867,15.36093719147421,0.0
7.415,-2.5830856488498513,-4.261549673106085,15.20796795503422,0.0
7.42,-2.667607955849484,-4.4058104292140845,15.060880571748429,0.0
7.425,-2.7549880855145745,-4.5563506492923995,14.918772770338457,0.0
7.43,-2.845309396072971,-4.713186452106367,14.783204608224601,0.0
7.4350000000000005,-2.9378157326966385,-4.8780871516318225,14.653124488604572,0.0
7.44,-3.035535610742494,-5.050511817298547,14.529344096944127,0.0
7.445,-3.136855502585936,-5.230056584575914,14.4116610304987,0.0
7.45,-3.240518785846043,-5.4192476363783095,14.30307812697959,0.0
7.455,-3.3496364853837375,-5.613354671384518,14.200634374235129,0.0
7.46,-3.4648578804200243,-5.816358862013747,14.105073022949417,0.0
7.465,-3.581977140941759,-6.027423047031849,14.018253309318817,0.0
7.47,-3.704033459774682,-6.247048123836178,13.939598730624656,0.0
7.4750000000000005,-3.8318229719861527,-6.476206720037194,13.870227709729821,0.0
7.48,-3.9633679654846765,-6.71652159944665,13.809623424314042,0.0
7.485,-4.101075949235733,-6.964644541894451,13.75926437143875,0.0
7.49,-4.243548709984563,-7.220686258688062,13.71814338322749,0.0
7.495,-4.391700811300863,-7.487068390058498,13.689053921555475,0.0
7.5,-4.545885305454856,-7.764325459820901,13.671936595544897,0.0
7.505,-4.707857150351801,-8.051201378920425,13.666334178575166,0.0
7.51,-4.875095968359041,-8.346967110093335,13.67299595177904,0.0
7.515000000000001,-5.049591297387214,-8.654059903334183,13.694050152954619,0.0
7.5200000000000005,-5.229486873877967,-8.973716725152384,13.729332689482698,0.0
7.525,-5.416242829420603,-9.30230587393682,13.781498499874541,0.0
7.53,-5.611172918979659,-9.64246837416537,13.850737178345238,0.0
7.535,-5.813206948552653,-9.99140937825988,13.934702433134202,0.0
7.54,-6.021786631203622,-10.350462369610568,14.038940138086215,0.0
7.545,-6.238637569742325,-10.71920446229442,14.163593895335845,0.0
7.55,-6.462915709591408,-11.098458840014821,14.308422523230195,0.0
7.555,-6.694695685712036,-11.485463044954642,14.476349377607816,0.0
7.5600000000000005,-6.935571370846297,-11.880480659774932,14.667776228313803,0.0
7.565,-7.182646399026801,-12.282832014718142,14.8850439597722,0.0
7.57,-7.437434936681239,-12.69202092044013,15.127441867841753,0.0
7.575,-7.698981220134011,-13.107334076120667,15.39759182584049,0.0
7.58,-7.969180492620556,-13.526680753129492,15.697638901801412,0.0
7.585,-8.248330995910928,-13.949527896663868,16.028378495499016,0.0
7.59,-8.53255203157484,-14.374365517912812,16.39030415116382,0.0
7.595,-8.824299793321943,-14.797708393673725,16.785290939752525,0.0
7.6000000000000005,-9.122526727659814,-15.219092807130112,17.214986101500617,0.0
7.605,-9.427146380548214,-15.634821264407908,17.679804214097384,0.0
7.61,-9.73714835365885,-16.042781678710536,18.18046157595376,0.0
7.615,-10.052925271792407,-16.44118360093451,18.717791176810124,0.0
7.62,-10.37212455620795,-16.82569816615617,19.29466395640077,0.0
7.625,-10.694850114768876,-17.192270239028016,19.90812730539108,0.0
7.63,-11.01957185864795,-17.538072409862068,20.56211781678869,0.0
7.635,-11.345415942710412,-17.861696933398473,21.254138593039233,0.0
7.640000000000001,-11.670639885341878,-18.153995765959895,21.984164409515618,0.0
7.6450000000000005,-11.995119201686505,-18.41317556407923,22.751223828936666,0.0
7.65,-12.316886625273174,-18.635015498895218,23.550990545394665,0.0
7.655,-12.633182961175281,-18.815364638053268,24.38581284041516,0.0
7.66,-12.941951094766289,-18.950405164963605,25.248269035345874,0.0
7.665,-13.242737407014623,-19.03447605518528,26.13819075540221,0.0
7.67,-13.531702657759087,-19.063775655977317,27.050558648906804,0.0
7.675,-13.807738214598452,-19.03289340534213,27.979255209327032,0.0
7.68,-14.069104615772092,-18.939433327029533,28.919644223015897,0.0
7.6850000000000005,-14.311947878584316,-18.779141389875246,29.866525789417548,0.0
7.69,-14.534715421437186,-18.552019230553316,30.81263763224542,0.0
7.695,-14.735799764415445,-18.254946191212436,31.749326550090533,0.0
7.7,-14.912186334914734,-17.887255680364994,32.67110610320198,0.0
7.705,-15.06052082720577,-17.449335563292927,33.56883291681493,0.0
7.71,-15.180023898859588,-16.942408557057252,34.43597630773077,0.0
7.715,-15.267060223406908,-16.369470420523527,35.26250019215632,0.0
7.72,-15.322661794354445,-15.731893294151048,36.043110975797916,0.0
7.7250000000000005,-15.342664178538314,-15.036896100246935,36.76793539161021,0.0
7.73,-15.326772101714084,-14.288880685824658,37.43135182065026,0.0
7.735,-15.274988655776685,-13.493291741088136,38.02761953912448,0.0
7.74,-15.185407315521969,-12.659869315642208,38.551157899437655,0.0
7.745,-15.0597759576286,-11.794821927768954,38.99814435662181,0.0
7.75,-14.895784304097823,-10.908557125028755,39.36616099193849,0.0
7.755,-14.695481914809307,-10.00759310029451,39.65363190494799,0.0
7.76,-14.460585379133832,-9.102154383844596,39.86035292446438,0.0
7.765000000000001,-14.191482319193701,-8.198915121056025,39.98640607501664,0.0
7.7700000000000005,-13.891529338603302,-7.307008291876966,40.03472332013263,0.0
7.775,-13.56235869936285,-6.433917450836772,40.00808681046354,0.0
7.78,-13.205657695594617,-5.587545768967166,39.910094353186004,0.0
7.785,-12.82457755311066,-4.772573273003993,39.74655314560134,0.0
7.79,-12.421864437459762,-3.995716871940767,39.52196021455578,0.0
7.795,-12.000906396932645,-3.260638262197782,39.24366376852226,0.0
7.8,-11.563398765973446,-2.570861643820954,38.91449467009186,0.0
7.805000000000001,-11.115243494681721,-1.9263427819667958,38.54460388332859,0.0
7.8100000000000005,-10.654649106034263,-1.3322679344911172,38.136808344856846,0.0
7.815,-10.187910863570746,-0.785333300133683,37.69830483862202,0.0
7.82,-9.71802518726424,-0.2872285418353827,37.23401831952022,0.0
7.825,-9.246469927955818,0.1634553529533031,36.75176519556496,0.0
7.83,-8.776980062242592,0.5672867422744787,36.254953729821274,0.0
7.835,-8.308969931602489,0.9247474055459383,35.74669687432963,0.0
7.84,-7.848044310999438,1.2420095760579983,35.23323186133511,0.0
7.845,-7.393415450273432,1.5201352164468682,34.71574988931728,0.0
7.8500000000000005,-6.9478545088923545,1.7622487002812028,34.19659829141171,0.0
7.855,-6.5127196600092345,1.969144234758176,33.67934776383895,0.0
7.86,-6.088437694325134,2.143642856697539,33.166403396316674,0.0
7.865,-5.676907202697608,2.2905174579261116,32.65840399705489,0.0
7.87,-5.278090834960737,2.4111869967435973,32.15782757433594,0.0
7.875,-4.893441563912767,2.508648049420638,31.66524177673661,0.0
7.88,-4.522750841901676,2.585055747297701,31.182375948780546,0.0
7.885,-4.167408789548027,2.643307620364385,30.707713677147854,0.0
7.890000000000001,-3.8278071791138335,2.6856539930511207,30.244291273748416,0.0
7.8950000000000005,-3.5020764878371415,2.7152468926821878,29.7901554013241,0.0
7.9,-3.1902196260943656,2.733668720084069,29.344965886533153,0.0
7.905,-2.892839431130863,2.7413028031437854,28.910407731066208,0.0
7.91,-2.6109975064216275,2.7406850223717254,28.4847827762297,0.0
7.915,-2.3434058987354107,2.73438538001902,28.068197950563096,0.0
7.92,-2.089004835575631,2.721714891269734,27.660367674825636,0.0
7.925,-1.8484888272960016,2.705416588976113,27.26439973649969,0.0
7.930000000000001,-1.6222145155835923,2.6852985314121223,26.87666324932519,0.0
7.9350000000000005,-1.4064705830110185,2.6630923737587344,26.49681443686802,0.0
7.94,-1.203058372496784,2.6389787556426123,26.12464481476557,0.0
7.945,-1.0114501052223184,2.6140114476283935,25.759473997986927,0.0
7.95,-0.8294005914094797,2.5892010538917942,25.40307599185883,0.0
7.955,-0.6590393408091229,2.5662298583692547,25.052536699900337,0.0
7.96,-0.497550759525782,2.5440723090996236,24.709670150777363,0.0
7.965,-0.34448047313934255,2.524372359801498,24.37458601508365,0.0
7.97,-0.2010951125929277,2.5055401670880695,24.04562853920395,0.0
7.9750000000000005,-0.06557693749670382,2.4890274253746996,23.72347653500954,0.0
7.98,0.06112181620579496,2.4749183004137567,23.40677468214762,0.0
7.985,0.18276358582226987,2.463841402570393,23.095469643000936,0.0
7.99,0.2968038152265087,2.4550369566751944,22.788785725190955,0.0
7.995,0.40457935047839116,2.450708507867016,22.49036850936666,0.0
8.0,0.5067720560319504,2.449962071328216,22.19552606466535,0.0
8.005,0.6031371985519001,2.452419124619202,21.90668761703409,0.0
8.01,0.6968797847511099,2.4587825147501383,21.622000458057805,0.0
8.015,0.7847283869982826,2.469437233334221,21.3417660705133,0.0
8.02,0.8695778071502355,2.483823913488333,21.067397519274007,0.0
8.025,0.9491154808602063,2.5025825607041097,20.799281874682467,0.0
8.03,1.0281303607023147,2.524888047405942,20.53308419283433,0.0
8.035,1.1038088096706815,2.551121446313278,20.27319694073351,0.0
8.040000000000001,1.1754273579652519,2.5805363588421613,20.018146201726246,0.0
8.045,1.2434442739932758,2.613997534928926,19.765037891971595,0.0
8.05,1.3121882647128564,2.6524052828055624,19.51717140636639,0.0
8.055,1.3775613508133624,2.6952257597519034,19.274498630087432,0.0
8.06,1.443739110775547,2.7426522047876034,19.036898302799127,0.0
8.065,1.5081690436819049,2.794197199328414,18.801573024073605,0.0
8.07,1.5717947459860306,2.850004190213068,18.571761348809574,0.0
8.075,1.6344278372935486,2.9100132536056043,18.34574358653398,0.0
8.08,1.697806727985582,2.975372501335676,18.1253848990595,0.0
8.085,1.7617850918767688,3.045158359585531,17.909602966398925,0.0
8.09,1.82530538961958,3.118502611796171,17.698245512474006,0.0
8.095,1.8905002120895327,3.1950220201185853,17.490674098911498,0.0
8.1,1.954972676306736,3.2783657684265637,17.287511980699694,0.0
8.105,2.0221932466659642,3.3663304937602962,17.088752423686103,0.0
8.11,2.0891820672531876,3.459061893072399,16.894516292188694,0.0
8.115,2.158123764976083,3.5585509656781524,16.70586016490429,0.0
8.120000000000001,2.227590735741916,3.663494280416204,16.52222370604602,0.0
8.125,2.2999846330201468,3.771569360554313,16.342318363098695,0.0
8.13,2.374923594518606,3.886061977062141,16.16700363706109,0.0
8.135,2.450253365182504,4.007528447012092,15.996982175729068,0.0
8.14,2.52804047580346,4.135662575471241,15.833687948548455,0.0
8.145,2.608995216079369,4.269288203021006,15.674156793149535,0.0
8.15,2.6918991655728624,4.409928566376439,15.520258343691507,0.0
8.155,2.778221629131552,4.5555888409687695,15.372957246674948,0.0
8.16,2.8674496310960733,4.708407116883379,15.230573538724904,0.0
8.165000000000001,2.959969803177356,4.867026611255849,15.093156663614073,0.0
8.17,3.0547349587487247,5.0336250309270705,14.963494536108035,0.0
8.175,3.154005474274408,5.209184424709962,14.841992164060562,0.0
8.18,3.258956349497577,5.390713697043751,14.725041419265265,0.0
8.185,3.366004110398125,5.579602445136233,14.615527366429738,0.0
8.19,3.4771448081224845,5.777525759466658,14.51393431407383,0.0
8.195,3.59275984925214,5.982312134714384,14.420519781242097,0.0
8.2,3.711862283309232,6.195579350145031,14.336533835099706,0.0
8.205,3.8342834409762054,6.418562446164329,14.260604012482219,0.0
8.21,3.9625335077086117,6.650530374675341,14.1938187884326,0.0
8.215,4.096342667552985,6.891075039663088,14.13659538011816,0.0
8.22,4.23641727008536,7.141961214346902,14.089393365475027,0.0
8.225,4.380876117977984,7.40093489364926,14.052354594694382,0.0
8.23,4.5332468226840446,7.668996879748576,14.027191918209464,0.0
8.235,4.689501197860858,7.947054366272257,14.013665141156288,0.0
8.24,4.852263862755308,8.23664016216161,14.013871327507331,0.0
8.245000000000001,5.021548955424116,8.534430514972025,14.02728337277946,0.0
8.25,5.197395385923327,8.84204225953552,14.054764512348074,0.0
8.255,5.3802793261211335,9.160146835134702,14.096022162188616,0.0
8.26,5.567956998806045,9.487584530390738,14.1537131420586,0.0
8.265,5.763950884519611,9.824787961063942,14.228849130223173,0.0
8.27,5.967205276072339,10.1726635822815,14.322317426574672,0.0
8.275,6.1783692207362835,10.528906733072555,14.43413064579622,0.0
8.28,6.396186986238889,10.896466303572867,14.56692116286888,0.0
8.285,6.622045161817643,11.271553223586904,14.720023259414695,0.0
8.290000000000001,6.855010531200004,11.654752128633518,14.896974432629301,0.0
8.295,7.094224511521418,12.045741517265746,15.097471321252852,0.0
8.3,7.342786396845299,12.443350281083266,15.324292748294454,0.0
8.305,7.598715858507241,12.845546137295704,15.577743188231263,0.0
8.31,7.861957036556605,13.254243954873527,15.859672644810047,0.0
8.315,8.13145507794577,13.664497961990001,16.16743930012305,0.0
8.32,8.407517882332163,14.077052620356222,16.508587773207182,0.0
8.325,8.690803424458956,14.48925935333526,16.88037182816698,0.0
8.33,8.981199266954306,14.898821541371593,17.286372558748134,0.0
8.335,9.277886336619643,15.304183285057944,17.724609889321854,0.0
8.34,9.579170780414854,15.704031618508319,18.198639277582952,0.0
8.345,9.884876296427748,16.095323608010094,18.707837701502466,0.0
8.35,10.194815797607617,16.47473660045894,19.253588412711593,0.0
8.355,10.508391457751996,16.838039186152418,19.83669712878587,0.0
8.36,10.823620314338942,17.18221262775965,20.457304878370447,0.0
8.365,11.140281261406107,17.50487092827289,21.113966589274618,0.0
8.370000000000001,11.458373491576387,17.800012507107024,21.807517899146625,0.0
8.375,11.774940202056332,18.06577534006187,22.53778558919891,0.0
8.38,12.08898199593156,18.297619662112776,23.30072411431685,0.0
8.385,12.399627579150582,18.48937200235491,24.096706503747694,0.0
8.39,12.705376359986454,18.638134731639784,24.92103776652549,0.0
8.395,13.00228564893951,18.741515642335823,25.77254070748967,0.0
8.4,13.289014641282966,18.791813147868517,26.646718619518413,0.0
8.405,13.563913643705103,18.786165836613986,27.539056435663785,0.0
8.41,13.824217473171581,18.72229071032752,28.445841696449097,0.0
8.415000000000001,14.070181455902938,18.597660429097758,29.360651979671186,0.0
8.42,14.295544817576298,18.409914676945128,30.276662553468018,0.0
8.425,14.502317895442633,18.15507384180584,31.188386286332836,0.0
8.43,14.68586624417494,17.83210823813555,32.08887210535803,0.0
8.435,14.843522863391007,17.44265849894395,32.97119208243556,0.0
8.44,14.974108065955729,16.98508071716608,33.825808193964434,0.0
8.445,15.073907323588452,16.463320697127635,34.646320670697904,0.0
8.45,15.14337230134352,15.880021434234283,35.42561407992433,0.0
8.455,15.180577276060863,15.237657064549492,36.15551509074512,0.0
8.46,15.184366600149957,14.541949237576151,36.83100908405572,0.0
8.465,15.152218744751885,13.796879178553798,37.443714231820245,0.0
8.47,15.084397179534816,13.011233535252735,37.98991823052866,0.0
8.475,14.980136302795435,12.192960210287874,38.46482008987837,0.0
8.48,14.841369148817268,11.347511482259597,38.86637019258915,0.0
8.485,14.665829262445778,10.485335533366898,39.19169652113272,0.0
8.49,14.456887163668142,9.611746503972354,39.43820941630171,0.0
8.495000000000001,14.214323142003671,8.73676236480999,39.60599962509983,0.0
8.5,13.94005389731927,7.868809765834308,39.69882322314673,0.0
8.505,13.636405617122247,7.01378400073156,39.718801466171655,0.0
8.51,13.304603966608123,6.179950616554359,39.666139721671136,0.0
8.515,12.947249758106945,5.373073636596725,39.54788596124106,0.0
8.52,12.569688400036647,4.598341063597137,39.367656014406336,0.0
8.525,12.171111186721273,3.8611986554794067,39.132379892996354,0.0
8.53,11.756632928981858,3.163986296704292,38.84455707163875,0.0
8.535,11.327176402143945,2.5103015211360447,38.51351985566508,0.0
8.540000000000001,10.885500777627474,1.9019498070487628,38.14228031564117,0.0
8.545,10.435065333139674,1.3399862096674413,37.73869136600628,0.0
8.55,9.980667183351226,0.8272672624571611,37.30491765357175,0.0
8.555,9.523558145207797,0.35807100203342807,36.84861973172369,0.0
8.56,9.06478119865893,-0.0651534394427925,36.373522569289236,0.0
8.565,8.609012254821534,-0.44497296459223173,35.88520449504055,0.0
8.57,8.15668313783883,-0.7812184686260555,35.386569379832416,0.0
8.575000000000001,7.709610701815355,-1.0785576501824135,34.88182262392546,0.0
8.58,7.271266541464831,-1.338841624110183,34.37442606893243,0.0
8.585,6.840655217745427,-1.5642016536843923,33.86706865458492,0.0
8.59,6.420101536631915,-1.7575318159629305,33.361606795010054,0.0
8.595,6.010753579246246,-1.9209801782506404,32.86005686549246,0.0
8.6,5.614215429382183,-2.057540863044783,32.36435016086135,0.0
8.605,5.230869752145672,-2.1684964450998354,31.873976726245644,0.0
8.61,4.86097622223756,-2.258833684460197,31.392797590556768,0.0
8.615,4.50416742797555,-2.330303048120078,30.918242197969512,0.0
8.620000000000001,4.162477882973353,-2.3835651606425285,30.453056673793625,0.0
8.625,3.8342415277444952,-2.422198716307522,29.997598298672862,0.0
8.63,3.52195957430093,-2.4475264386034574,29.550995038327798,0.0
8.635,3.2241270909217423,-2.46304411889609,29.113877567217067,0.0
8.64,2.939277026371063,-2.4689977306094426,28.68625783408663,0.0
8.645,2.669332481696563,-2.4665400536402373,28.26750917376856,0.0
8.65,2.413743523253448,-2.457642423180355,27.85710535531997,0.0
8.655,2.172089524853138,-2.444216321587616,27.457361084491605,0.0
8.66,1.9408370028945814,-2.4267781058553357,27.064737499341206,0.0
8.665000000000001,1.7233590503278735,-2.405047266388807,26.67887686725122,0.0
8.67,1.516882249720675,-2.3805357675021606,26.301771968137466,0.0
8.675,1.3221249910241417,-2.355698189504944,25.932857521569243,0.0
8.68,1.1393473876519271,-2.3299161849435404,25.572159069378092,0.0
8.685,0.9657205194246689,-2.30499567233678,25.21782484051843,0.0
8.69,0.8022984629900811,-2.279512769610256,24.870332619021646,0.0
8.695,0.6485218795820037,-2.255394343636328,24.53012073295362,0.0
8.700000000000001,0.5037557238028547,-2.232967762371745,24.19676536931033,0.0
8.705,0.3677046811631355,-2.2117072739062476,23.868326042828528,0.0
8.71,0.23859583555181102,-2.1929943405340095,23.54672289457437,0.0
8.715,0.11672525219029659,-2.1762493290326876,23.23034026421804,0.0
8.72,0.001824013955102663,-2.162921358028928,22.91967380597945,0.0
8.725,-0.10757481242841237,-2.153355922899203,22.614733462619856,0.0
8.73,-0.21044786950991584,-2.14565247940029,22.313963637064415,0.0
8.735,-0.3064831027624507,-2.140862989340127,22.01829570107808,0.0
8.74,-0.3987795034556419,-2.1394833583598456,21.727340061212665,0.0
8.745000000000001,-0.48546761977129066,-2.140822470952269,21.442726617591624,0.0
8.75,-0.56797317525635,-2.146309472063433,21.1616811940273,0.0
8.755,-0.6472979801485129,-2.1551514307199846,20.885152438149653,0.0
8.76,-0.7227107995406311,-2.1677951999041665,20.613081636891923,0.0
8.765,-0.7942733525886063,-2.1842590445834134,20.346013001621863,0.0
8.77,-0.865105396931428,-2.2036764414710612,20.083007158084897,0.0
8.775,-0.93240180588036,-2.2275961332185608,19.82502176164672,0.0
8.78,-0.9974062557615254,-2.2544835458050447,19.570799787495652,0.0
8.785,-1.060985026814205,-2.2855750381220994,19.31995466845495,0.0
8.790000000000001,-1.1217120384380213,-2.31931601554443,19.07544044878908,0.0
8.795,-1.1825572440936447,-2.3576441057976205,18.832083466838522,0.0
8.8,-1.2422616565381597,-2.4005073862141417,18.595308345995768,0.0
8.805,-1.299676203040384,-2.447772678028106,18.362201702197584,0.0
8.81,-1.3565926134368356,-2.498021661287735,18.133298715224527,0.0
8.815,-1.413837615096816,-2.551487726621003,17.908627552706797,0.0
8.82,-1.4715449121647342,-2.6108278873931297,17.688924437904365,0.0
8.825000000000001,-1.5297772931971485,-2.6728198164151786,17.471792871315884,0.0
8.83,-1.5876824468346389,-2.7401917927706885,17.259051590131843,0.0
8.835,-1.644279483096001,-2.811624436874129,17.048820453779683,0.0
8.84,-1.7027108762812753,-2.8878528722019388,16.845279274060776,0.0
8.845,-1.7626414885788986,-2.9679687630049374,16.643742483292396,0.0
8.85,-1.8236069219074242,-3.053976371112083,16.447066611853018,0.0
8.855,-1.8848906137192378,-3.1428292971942153,16.254863983693536,0.0
8.86,-1.947465397272619,-3.2376755142299323,16.067769578640064,0.0
8.865,-2.0111921408827653,-3.337529731581861,15.886148309821268,0.0
8.870000000000001,-2.076610298626077,-3.4427398645773724,15.707182333407884,0.0
8.875,-2.145308581767401,-3.5531558710082325,15.532979448921768,0.0
8.88,-2.217495742029748,-3.6693474625518556,15.362944290004648,0.0
8.885,-2.290928459183824,-3.7923281471535084,15.199997713499082,0.0
8.89,-2.3662107472197373,-3.92070067933374,15.040920878304101,0.0
8.895,-2.442891895550027,-4.053428885011132,14.887231157468992,0.0
8.9,-2.524101102842095,-4.194107209980017,14.73818766129979,0.0
8.905,-2.607522178914264,-4.340855997268818,14.59505041277969,0.0
8.91,-2.6936213732702656,-4.494573667965159,14.456385773297647,0.0
8.915000000000001,-2.784443866253944,-4.653983873896744,14.325205435197882,0.0
8.92,-2.876267999015237,-4.821548746444022,14.198653268091883,0.0
8.925,-2.9736019611448654,-4.9967428130084315,14.078655090476323,0.0
8.93,-3.074536216740775,-5.17935073967926,13.965425338316738,0.0
8.935,-3.179286176826667,-5.368409517441687,13.85910474567043,0.0
8.94,-3.289203659818431,-5.564123576651195,13.75948403219188,0.0
8.945,-3.4045266455115804,-5.770313010457183,13.667788812166298,0.0
8.950000000000001,-3.5227112890360504,-5.985890559568803,13.582745861522865,0.0
8.955,-3.646327048674711,-6.208769602615487,13.506858083956425,0.0
8.96,-3.7742648287836973,-6.442011104497634,13.440878985907878,0.0
8.965,-3.9086642483872196,-6.684108704942669,13.38245324572459,0.0
8.97,-4.047239621577491,-6.9363026886262755,13.334265701459248,0.0
8.975,-4.190572316090807,-7.197389247673927,13.297908861280689,0.0
8.98,-4.341086090329401,-7.468445345466492,13.270712993149589,0.0
8.985,-4.496830100628118,-7.751466785768846,13.254802780783145,0.0
8.99,-4.659435311263699,-8.044496602818805,13.251845255927503,0.0
8.995000000000001,-4.828176203659349,-8.34887183751405,13.263236192018233,0.0
9.0,-5.004657560338897,-8.663212280183977,13.28747386797417,0.0
9.005,-5.186708656319738,-8.987163616651014,13.326245107821867,0.0
9.01,-5.376401183902695,-9.323515288812617,13.380349095717163,0.0
9.015,-5.574021454443499,-9.669796902838874,13.45123421495444,0.0
9.02,-5.778315796783026,-10.027081707409819,13.541584030045977,0.0
9.025,-5.991002033296628,-10.39450353330915,13.65038417693173,0.0
9.03,-6.211889834560171,-10.773056607947623,13.78063853285211,0.0
9.035,-6.440187708894821,-11.159651288862651,13.931924524240525,0.0
9.040000000000001,-6.675383323016003,-11.557238428377726,14.10567376706879,0.0
9.045,-6.91913981486741,-11.96256065552261,14.303821445802079,0.0
9.05,-7.171158978632443,-12.377647684639212,14.52742585610469,0.0
9.055,-7.431090194695475,-12.798389421699767,14.778147058398341,0.0
9.06,-7.699115865785159,-13.227010174746,15.05675925245314,0.0
9.065,-7.975839111636382,-13.65833772104994,15.364225272046362,0.0
9.07,-8.260803622633006,-14.09241244269019,15.703364023587218,0.0
9.075000000000001,-8.553441552032288,-14.53068788576967,16.07561792456641,0.0
9.08,-8.85342301066471,-14.967397380645998,16.48172728606482,0.0
9.085,-9.15970470574603,-15.40256481389134,16.92407611646156,0.0
9.09,-9.472381940206946,-15.832336118387934,17.404071657063696,0.0
9.095,-9.790833388264751,-16.25578035340374,17.92205814171511,0.0
9.1,-10.113826054300603,-16.668261135929928,18.478913809973157,0.0
9.105,-10.441381196764102,-17.06601327447455,19.0750184720018,0.0
9.11,-10.772546646029694,-17.446884728587122,19.712602963159956,0.0
9.115,-11.10592653842424,-17.80551321151254,20.39071744673727,0.0
9.120000000000001,-11.441280016055323,-18.138912627721965,21.107425070215143,0.0
9.125,-11.77719322392293,-18.44249915806624,21.86353433323282,0.0
9.13,-12.109984430764062,-18.71157638364106,22.658496105051572,0.0
9.135,-12.439128633484875,-18.940747969419704,23.491483261014828,0.0
9.14,-12.76494431953002,-19.126281643438073,24.357423731189268,0.0
9.145,-13.083672134923031,-19.262957938544822,25.25315394103985,0.0
9.15,-13.3926906410912,-19.34544922726579,26.1756020838709,0.0
9.155,-13.689462779677857,-19.371204326456013,27.122396652457862,0.0
9.16,-13.97321642065696,-19.334333536112368,28.08654067607843,0.0
9.165000000000001,-14.241379163176441,-19.231198700526736,29.062407717014597,0.0
9.17,-14.490115286142842,-19.058596873378264,30.04458783712111,0.0
9.175,-14.718780575712673,-18.81610518749378,31.02405821877085,0.0
9.18,-14.923400781492862,-18.49929507115639,31.995115451312497,0.0
9.185,-15.10278928362255,-18.10803723601868,32.9490549748546,0.0
9.19,-15.25351569412802,-17.64548626956906,33.87912847656509,0.0
9.195,-15.372148360340082,-17.108361546024234,34.7730177236189,0.0
9.200000000000001,-15.458443760841973,-16.502422064007604,35.62450416064606,0.0
9.205,-15.511529818887247,-15.829432585855344,36.42527841483638,0.0
9.21,-15.527709748057479,-15.096637787830067,37.16673173276946,0.0
9.215,-15.505298141677885,-14.30849478759593,37.84342879800454,0.0
9.22,-15.446333131780834,-13.47296520163761,38.44792696365459,0.0
9.225,-15.346346271245876,-12.598107466121826,38.97615853892598,0.0
9.23,-15.209005148204827,-11.692908429775057,39.423056480809564,0.0
9.235,-15.034383858405644,-10.76709563567729,39.78710148800193,0.0
9.24,-14.820925228958476,-9.827198459473214,40.06584420563514,0.0
9.245000000000001,-14.57139114876938,-8.882897702313993,40.26077277833579,0.0
9.25,-14.287458790964406,-7.945345096353645,40.37082996614613,0.0
9.255,-13.969986546681143,-7.021475450310419,40.40075001385766,0.0
9.26,-13.622142730007637,-6.1205200307062455,40.35317231542278,0.0
9.265,-13.248062049988867,-5.249399478031675,40.23117503011959,0.0
9.27,-12.849384562802882,-4.411849636734783,40.04348274334036,0.0
9.275,-12.42853332124374,-3.6153777655406625,39.79250925330826,0.0
9.28,-11.98861231245725,-2.866475339851971,39.487083366481706,0.0
9.285,-11.531466179077775,-2.1630978025511065,39.1329361730039,0.0
9.290000000000001,-11.06306288766001,-1.5107430535613982,38.73612864276145,0.0
9.295,-10.585737672520155,-0.90898652089911,38.30200024424287,0.0
9.3,-10.10192717397533,-0.3594647760880657,37.83776736683486,0.0
9.305,-9.615438271516018,0.13978748473532532,37.351212089569216,0.0
9.31,-9.127307902401855,0.5889419449728268,36.84742477583319,0.0
9.315,-8.641780440303446,0.9898809376377965,36.32939624574999,0.0
9.32,-8.16042047549893,1.344909121196221,35.80236081479849,0.0
9.325000000000001,-7.683591854812214,1.6547563451146152,35.2697684071005,0.0
9.33,-7.215270083907406,1.9251055625850269,34.73661429830768,0.0
9.335,-6.75904412136323,2.158105709821455,34.2038282929763,0.0
9.34,-6.312759163030873,2.3573488292742333,33.67467331190141,0.0
9.345,-5.879612198094251,2.524829550579475,33.151823399862195,0.0
9.35,-5.4600766619238605,2.6631502288433575,32.63468481945077,0.0
9.355,-5.0540996916318575,2.7760446980995193,32.126398239778716,0.0
9.36,-4.661383189864401,2.8658679623135193,31.627252069311076,0.0
9.365,-4.284529478029946,2.9365853251078686,31.138049936106967,0.0
9.370000000000001,-3.922020332371724,2.988550731297028,30.658943471631396,0.0
9.375,-3.5768339184920697,3.0260463816226015,30.190798941001074,0.0
9.38,-3.2462955897987005,3.0506057283281898,29.733898002388926,0.0
9.385,-2.930785086623445,3.0619148785632313,29.28734390038538,0.0
9.39,-2.631805816082868,3.0653666436181024,28.85149069658971,0.0
9.395,-2.346355535913728,3.0627174755332423,28.425177801403,0.0
9.4,-2.075891623170761,3.054341729612832,28.010382968297513,0.0
9.405,-1.8180091565145804,3.039057967479472,27.606208151582138,0.0
9.41,-1.5750861372587939,3.0197162142157006,27.210165458651694,0.0
9.415000000000001,-1.3441603093361882,2.998436368828328,26.822443884700714,0.0
9.42,-1.1275332305358852,2.9753168921946225,26.444744029911572,0.0
9.425,-0.9226035031714759,2.953253355760529,26.075937168022215,0.0
9.43,-0.7281374250080189,2.9293982128046085,25.715092685424004,0.0
9.435,-0.5454067165606715,2.9068774718396573,25.3609669153769,0.0
9.44,-0.3728492396759302,2.8854035444168527,25.01530073078042,0.0
9.445,-0.21094461718199117,2.8655991272665124,24.675140854661336,0.0
9.450000000000001,-0.05692539713768574,2.8477389550013035,24.343758717067782,0.0
9.455,0.0883415459161003,2.832428847902045,24.017534748431626,0.0
9.46,0.22449677422089115,2.8201479314420705,23.699211288383704,0.0
9.465,0.3539962601553912,2.8100046339212383,23.38713307514031,0.0
9.47,0.47732680783536874,2.8048629299943846,23.079329793973542,0.0
9.475,0.5942052404767328,2.802727659252578,22.778204349622506,0.0
9.48,0.7048546932386417,2.8037557901275934,22.48281763029795,0.0
9.485,0.809845211461113,2.8098728497224785,22.192808303339632,0.0
9.49,0.9103473142354847,2.8184321181415948,21.90767598109956,0.0
9.495000000000001,1.0056493958374517,2.8311723224224026,21.628613342677138,0.0
9.5,1.0966530484678785,2.8480456397217733,21.355168007875452,0.0
9.505,1.1842696075577632,2.870194036862706,21.086135416274942,0.0
9.51,1.2678979081054167,2.8962969514028565,20.8222084948915,0.0
9.515,1.3490971440060262,2.928005713354688,20.56317326028433,0.0
9.52,1.4282934413198434,2.964329994295743,20.309415743823642,0.0
9.525,1.5053157968327975,3.0044028296682646,20.05985414815261,0.0
9.53,1.5804850296523374,3.0487389482542127,19.816615697149498,0.0
9.535,1.6549610471709044,3.098850352130005,19.576494352809778,0.0
9.540000000000001,1.7283354103353024,3.1529671313659895,19.341015720027826,0.0
9.545,1.7987367842313418,3.212597200589851,19.109278051212016,0.0
9.55,1.8692430732964591,3.2759476506960117,18.883200650655372,0.0
9.555,1.9394649866833404,3.344258528828693,18.6622507011671,0.0
9.56,2.01147895790546,3.4184562218353305,18.445384356774007,0.0
9.565,2.0810089031874517,3.497345149382826,18.232499347715187,0.0
9.57,2.153679772857331,3.582457579448821,18.02604676212952,0.0
9.575000000000001,2.2251406968162355,3.671833993506156,17.824479485154498,0.0
9.58,2.2973264727728875,3.7670380698968913,17.627887108258644,0.0
9.585,2.3710359775793286,3.8664424971957994,17.435277104108607,0.0
9.59,2.4448926490346987,3.973494245484821,17.248370073057625,0.0
9.595,2.521702080327218,4.085304308285269,17.066334140575403,0.0
9.6,2.6003080736835846,4.201907135935294,16.889909930504725,0.0
9.605,2.6804729241845706,4.324571672004595,16.718233617131958,0.0
9.61,2.762608574571762,4.453262125016364,16.551742328522835,0.0
9.615,2.8465035641313525,4.589190577466925,16.39232863318478,0.0
9.620000000000001,2.9339640749814784,4.7306932713320204,16.23892072985263,0.0
9.625,3.0244089490619976,4.879726986332154,16.091996508851825,0.0
9.63,3.116699080049435,5.034007694128589,15.952174725616159,0.0
9.635,3.212840274822007,5.196793501886909,15.817397542904033,0.0
9.64,3.312156298543419,5.365997336100835,15.689631484131368,0.0
9.645,3.414582854059595,5.542213329509288,15.570011336145866,0.0
9.65,3.521861410795647,5.726031915918544,15.457028241767857,0.0
9.655,3.6318671684137116,5.918598818949908,15.351654368201018,0.0
9.66,3.7467359680009684,6.118749580196945,15.255002565089379,0.0
9.665000000000001,3.864478858875826,6.327011994601829,15.16637243349944,0.0
9.67,3.987975643344443,6.542818078622723,15.086585461260446,0.0
9.675,4.11634830841618,6.766329284501472,15.016403107223447,0.0
9.68,4.248298370308289,7.00112949849144,14.953926893109976,0.0
9.685,4.385385022653962,7.242775574760296,14.90490918127377,0.0
9.69,4.52897204206322,7.494404944733865,14.865022494014768,0.0
9.695,4.676068850454206,7.754846346790946,14.83558456172561,0.0
9.700000000000001,4.830494866489111,8.023324748444594,14.819919918739831,0.0
9.705,4.9910973896409345,8.301038159640312,14.817619670312407,0.0
9.71,5.157310199294436,8.588832915780449,14.826679596814113,0.0
9.715,5.329019172024467,8.88568333162916,14.850359210009247,0.0
9.72,5.506388372774426,9.191242849163011,14.890055925329134,0.0
9.725,5.6905399381546005,9.505789026467296,14.944617149522173,0.0
9.73,5.880748391585064,9.831292631223567,15.01469408313476,0.0
9.735,6.078638761252111,10.163243199255172,15.102846298711677,0.0
9.74,6.282867612431015,10.503914569607772,15.211763363861628,0.0
9.745000000000001,6.492383230151322,10.85409681627559,15.337850735414415,0.0
9.75,6.70892780697686,11.210170826158851,15.485527572080665,0.0
9.755,6.9338191451047875,11.574209921314003,15.655075039575674,0.0
9.76,7.164186829874433,11.944568610157743,15.84712809140442,0.0
9.765,7.403271108097497,12.319876172124479,16.062744980343474,0.0
9.77,7.648850497326149,12.701502162591627,16.303923868522862,0.0
9.775,7.901642116916127,13.084557658971132,16.572617961892817,0.0
9.78,8.160613462750174,13.469888347617891,16.868421254663012,0.0
9.785,8.425524124735263,13.856276511890723,17.193010118124093,0.0
9.790000000000001,8.696577731380673,14.242556902277284,17.54810386171822,0.0
9.795,8.974130081943208,14.62533292241238,17.93220314979196,0.0
9.8,9.257305527593596,15.003837766691015,18.34848085767895,0.0
9.805,9.544988732439226,15.375096776399372,18.7987783897643,0.0
9.81,9.836667012332938,15.737823530650306,19.281848077109153,0.0
9.815,10.130737776736126,16.087854645042597,19.799052325543286,0.0
9.82,10.428614028222693,16.42206037763567,20.349309225327147,0.0
9.825000000000001,10.72754155436405,16.73957629413514,20.93448079645441,0.0
9.83,11.028644294259792,17.034187315181775,21.552562138343166,0.0
9.835,11.328347267701457,17.304539429814994,22.20548588914983,0.0
9.84,11.62661173334185,17.545622534806576,22.891021583194952,0.0
9.845,11.922329916111604,17.75450077472563,23.60544495438054,0.0
9.85,12.214086237666757,17.9285183470609,24.34861545742958,0.0
9.855,12.50011650564123,18.0624120196516,25.119058681271394,0.0
9.86,12.778484417941518,18.151885660623915,25.914318272454242,0.0
9.865,13.046606228261531,18.19363010163282,26.7276308214319,0.0
9.870000000000001,13.3032076863731,18.187214027465956,27.558864194257037,0.0
9.875,13.547410357012092,18.125555362013575,28.40071061689852,0.0
9.88,13.777356100854545,18.008770959785725,29.249206089996814,0.0
9.885,13.990186683285893,17.83185314445921,30.09972217859164,0.0
9.89,14.18182793690072,17.59784607735548,30.94598184069087,0.0
9.895,14.351963419282406,17.30012926235218,31.78261375076083,0.0
9.9,14.500268234838314,16.94292047944014,32.60049708442226,0.0
9.905,14.621847737533297,16.523943965888414,33.39493279807804,0.0
9.91,14.71597794826232,16.04625332335971,34.15801095016267,0.0
9.915000000000001,14.781258345312317,15.512542600006082,34.8834717181399,0.0
9.92,14.817636850117692,14.92584194859678,35.56364626953629,0.0
9.925,14.82238563657082,14.291084283866747,36.194341492080135,0.0
9.93,14.795954745020765,13.612985700642179,36.77180717965252,0.0
9.935,14.736887436782443,12.89705960909076,37.28926309307928,0.0
9.94,14.645033724724415,12.148088388587963,37.74374788465144,0.0
9.945,14.520465089023395,11.37440166896358,38.128748451709235,0.0
9.950000000000001,14.362810363580142,10.581660479186127,38.44636145497354,0.0
9.955,14.17458920894219,9.778817661831702,38.6932624830698,0.0
9.96,13.953963379822905,8.971869709265269,38.87047659175483,0.0
9.965,13.70554015029033,8.1675698879532,38.977812317097744,0.0
9.97,13.429057740900966,7.374570959492944,39.017809864868546,0.0
9.975,13.12528785388332,6.596839413723844,38.99341642892102,0.0
9.98,12.799520213482712,5.842900209355333,38.90815944530286,0.0
9.985,12.451841116237432,5.115728024339972,38.76328843747162,0.0
9.99,12.085351331691955,4.419719902002799,38.56428516164652,0.0
9.995000000000001,11.702272747551078,3.7577267997165826,38.315935476992706,0.0
10.0,11.305583367409676,3.1346759079077655,38.024930606948686,0.0
10.005,10.898092308755519,2.551980574033994,37.69496077635098,0.0
10.01,10.481058044072784,2.010944205813028,37.33219414098469,0.0
10.015,10.058874034960755,1.5115730533176255,36.93988294465391,0.0
10.02,9.632451759394636,1.0540705999499274,36.522922623928714,0.0
10.025,9.202965059865258,0.6377832819934068,36.08690720322397,0.0
10.03,8.774760555990499,0.26245066390263955,35.63431558805144,0.0
10.035,8.349727755070445,-0.07425305891512601,35.17174249109298,0.0
10.040000000000001,7.9286467421788345,-0.37452106571875465,34.699396534056575,0.0
10.045,7.5135937818221885,-0.6379558586149316,34.221600296171815,0.0
10.05,7.105949066264159,-0.8680588273902957,33.74187083782935,0.0
10.055,6.705720472059345,-1.0672762582564193,33.260278482664425,0.0
10.06,6.317243341359617,-1.2376222608042515,32.78109470354454,0.0
10.065,5.939943690804394,-1.3832305076337876,32.30419647583025,0.0
10.07,5.573217913677363,-1.5037353243424816,31.830939850456748,0.0
10.075000000000001,5.219863961850855,-1.6033765591755396,31.363240162046583,0.0
10.08,4.878310764273071,-1.6830211236371748,30.904549924520378,0.0
10.085,4.549854822716209,-1.746910064891667,30.451409661981568,0.0
10.09,4.236048218157315,-1.7933099421795584,30.005288304717723,0.0
10.095,3.9336802830303452,-1.8272859819309548,29.567527853550008,0.0
10.1,3.643983490538398,-1.848927871470584,29.137205337823335,0.0
10.105,3.370235497671841,-1.8594481518587662,28.714717369146086,0.0
10.11,3.109614106299527,-1.8641706053540201,28.299361529418903,0.0
10.115,2.861854040697345,-1.8595892669339262,27.895532931645036,0.0
10.120000000000001,2.6268344408202804,-1.8473822605922872,27.4967668627019,0.0
10.125,2.403378043358601,-1.8311279481039495,27.105950048991833,0.0
10.13,2.1928029401572173,-1.8100469655248814,26.72349159086694,0.0
10.135,1.9919559526343626,-1.7866865412786037,26.347543280058417,0.0
10.14,1.8039259759882327,-1.7620518957626021,25.97741447324944,0.0
10.145,1.6257220484495851,-1.7362505291730144,25.615367576351087,0.0
10.15,1.4582145276286318,-1.7070826329367945,25.25982652377423,0.0
10.155,1.2995896381832532,-1.6784963511534146,24.911053597172003,0.0
10.16,1.1497181726646473,-1.6503615085477716,24.567683132255453,0.0
10.165000000000001,1.009456105932697,-1.622302303335056,24.23050603429669,0.0
10.17,0.8777387778256971,-1.5933685437610576,23.89961551087653,0.0
10.175,0.7544996411601241,-1.5687681416809605,23.57401878866562,0.0
10.18,0.6391439569926276,-1.5453516994444858,23.25370689098269,0.0
10.185,0.5292478056928652,-1.5223640101826308,22.93914585206515,0.0
10.19,0.4253795642639024,-1.5017515943282045,22.62965016737809,0.0
10.195,0.3296412657514408,-1.4822335539568805,22.325252031325313,0.0
10.200000000000001,0.23942922208884732,-1.4663122737567589,22.0248403246194,0.0
10.205,0.15570810382880196,-1.4523188116290973,21.73005885611416,0.0
10.21,0.07608109935106666,-1.4403995922981432,21.439722672784747,0.0
10.215,-0.00041888812794269037,-1.43136641226586,21.15366301851925,0.0
10.22,-0.07320352911357673,-1.424081070415017,20.87252689367558,0.0
10.225,-0.14209440932814757,-1.4200194511438287,20.59494655079487,0.0
10.23,-0.20647271338582396,-1.4173338245015337,20.321178192560573,0.0
10.235,-0.2658901650463067,-1.418668278461467,20.050860702113397,0.0
10.24,-0.32336964679388386,-1.423425995546258,19.78457752440147,0.0
10.245000000000001,-0.378041425236329,-1.429789150063159,19.522379841158024,0.0
10.25,-0.42966926372916453,-1.4390217614327836,19.264288520065882,0.0
10.255,-0.4808145831900917,-1.4509584248548653,19.01019419231196,0.0
10.26,-0.53017963675719,-1.4653769502478922,18.75986264116211,0.0
10.265,-0.5767386391753855,-1.4835912097708204,18.513308607539056,0.0
10.27,-0.6216681308942238,-1.5039554065146716,18.270613627395694,0.0
10.275,-0.6654486418598549,-1.5283138406430192,18.031647946791757,0.0
10.28,-0.7084086809816273,-1.553930756429323,17.795456024361535,0.0
10.285,-0.7513414891850776,-1.5815297650612907,17.564232595152514,0.0
10.290000000000001,-0.7927044699989154,-1.6122193139531218,17.335803877534794,0.0
10.295,-0.8337925796083752,-1.6460719397439798,17.11069339566995,0.0
10.3,-0.8728788449894971,-1.6839036414006419,16.88823149364695,0.0
10.305,-0.913120134987878,-1.723144974135506,16.66971335960541,0.0
10.31,-0.9535046226650586,-1.7655801440693275,16.455708924903654,0.0
10.315,-0.9938459624996028,-1.8113972320051008,16.245001845621623,0.0
10.32,-1.0350562790733104,-1.8612763803319607,16.038519722537053,0.0
10.325000000000001,-1.0758708732461504,-1.9152262202813544,15.834935614819562,0.0
10.33,-1.118526662217025,-1.970941031942057,15.633716606870378,0.0
10.335,-1.1611170027365376,-2.0312001166048974,15.43720798747135,0.0
10.34,-1.2042407039880438,-2.093505538840438,15.243695928097301,0.0
10.345,-1.2483006753702486,-2.15921136146263,15.053688687932192,0.0
10.35,-1.2938006878264445,-2.2305654562913193,14.866567912749336,0.0
10.355,-1.3412650071891565,-2.3054672189564833,14.681374377595219,0.0
10.36,-1.3899173087989938,-2.384815288370318,14.500601857076736,0.0
10.365,-1.4389058838818645,-2.4672788436101887,14.3234333480988,0.0
10.370000000000001,-1.4902656261474383,-2.5530098663772436,14.149670249896106,0.0
10.375,-1.5443875008459829,-2.6427681066722553,13.978287007789284,0.0
10.38,-1.5994329709850952,-2.7389392631238056,13.812246032245904,0.0
10.385,-1.6571860570842383,-2.838488493110542,13.649990331999977,0.0
10.39,-1.7163499722146358,-2.9419067738293716,13.492537669549115,0.0
10.395,-1.777259093405398,-3.051460192755201,13.338734345908962,0.0
10.4,-1.8404288670966604,-3.1650507201720743,13.187718337787626,0.0
10.405,-1.9066136452810483,-3.2858474188000093,13.03993113934231,0.0
10.41,-1.9744996625740925,-3.412112205173663,12.897793005898013,0.0
10.415000000000001,-2.0456537275510627,-3.543917194459155,12.759187423960242,0.0
10.42,-2.119909535831149,-3.6822064792453792,12.624353625071928,0.0
10.425,-2.197034062684948,-3.8278668108635325,12.494701006437756,0.0
10.43,-2.2783324138895322,-3.978672461659204,12.371058889688955,0.0
10.435,-2.3614286211902167,-4.137519337872922,12.25253434574579,0.0
10.44,-2.449516600991392,-4.302979706071006,12.13938849378185,0.0
10.445,-2.5426700548594687,-4.4765246344336775,12.030083968457703,0.0
10.450000000000001,-2.6396086693270937,-4.658200372731815,11.925798339110655,0.0
10.455,-2.7408827551381876,-4.846703539734738,11.82869473480707,0.0
10.46,-2.8452584304129296,-5.0430495554702075,11.738521790761668,0.0
10.465,-2.9536727814626142,-5.249696152782509,11.653145135430742,0.0
10.47,-3.068009745968975,-5.464382418090514,11.575429081015717,0.0
10.475,-3.1879752620784014,-5.68942773448766,11.505532473817864,0.0
10.48,-3.313305467981465,-5.924684035107204,11.442786092422756,0.0
10.485,-3.4438519774190017,-6.168814607015332,11.389197382506595,0.0
10.49,-3.5796650575022593,-6.425551608291398,11.34399612994037,0.0
10.495000000000001,-3.722151895989657,-6.691147273372768,11.308241068946339,0.0
10.5,-3.8700559192292694,-6.968256155458249,11.282242149682691,0.0
10.505,-4.026102506586796,-7.256633683639562,11.265854805944613,0.0
10.51,-4.186633416447584,-7.558239638858207,11.262624879023765,0.0
10.515,-4.3558526226483,-7.870337641429181,11.271946378567202,0.0
10.52,-4.531043146067956,-8.19493963559672,11.292646195771615,0.0
10.525,-4.714747900600492,-8.532053247231639,11.326976448469946,0.0
10.53,-4.90490925727107,-8.882394094611534,11.377189468925698,0.0
10.535,-5.103008215558343,-9.245425978920537,11.44394387047318,0.0
10.540000000000001,-5.30974178635228,-9.622451745273358,11.526598648117332,0.0
10.545,-5.525291341060058,-10.011642076221662,11.62956745988543,0.0
10.55,-5.74955121003093,-10.414210947189302,11.751189847070759,0.0
10.555,-5.982342397384147,-10.829695409332531,11.894071662595655,0.0
10.56,-6.223645694930983,-11.257567381479667,12.05985508576137,0.0
10.565,-6.47498465312506,-11.698720062816337,12.249518986868418,0.0
10.57,-6.73645070277646,-12.150176762104223,12.465380726559687,0.0
10.575000000000001,-7.0083121119101595,-12.611713782865074,12.709513718909477,0.0
10.58,-7.2867792771490585,-13.082220463223146,12.982921454847375,0.0
10.585,-7.5772964700249865,-13.563495102297095,13.286351752926258,0.0
10.59,-7.876712312133436,-14.053203101664664,13.621915643204249,0.0
10.595,-8.18558448800176,-14.549230871998915,13.992912811841988,0.0
10.6,-8.504066992506553,-15.049571039555609,14.400342435779251,0.0
10.605,-8.831237603691322,-15.55348532965888,14.847524874349443,0.0
10.61,-9.167172996909427,-16.05687668542106,15.336837981352874,0.0
10.615,-9.511717076470788,-16.556553901512075,15.867892886838632,0.0
10.620000000000001,-9.864566885675266,-17.051301354941717,16.44328772893921,0.0
10.625,-10.223224749849392,-17.536094665081247,17.065100878708968,0.0
10.63,-10.589922584561005,-18.00859786942101,17.73517978210827,0.0
10.635,-10.960064403093396,-18.46313028167951,18.452790305403564,0.0
10.64,-11.334810401568577,-18.893901236627528,19.219658326713343,0.0
10.645,-11.712143970212326,-19.29722024182695,20.034415252031305,0.0
10.65,-12.091236746798787,-19.667158440519756,20.89808991901802,0.0
10.655,-12.470142325165499,-19.999655642196675,21.80874759359615,0.0
10.66,-12.84759373813285,-20.284934866381484,22.764255277305466,0.0
10.665000000000001,-13.218744533454323,-20.5202714994715,23.765082152032697,0.0
10.67,-13.583792231891023,-20.69825042359184,24.80494320512682,0.0
10.675,-13.938848158277635,-20.81276131733821,25.879811656566694,0.0
10.68,-14.282352325570724,-20.855874898686274,26.984938038126664,0.0
10.685,-14.609425374312236,-20.822590031393343,28.113508524657696,0.0
10.69,-14.920238470909181,-20.70933142440636,29.25995193355212,0.0
10.695,-15.209916114508179,-20.51188292896311,30.41532371602449,0.0
10.700000000000001,-15.475952316845692,-20.225357116915568,31.570481021182843,0.0
10.705,-15.71448804987006,-19.847471801133466,32.71377713664366,0.0
10.71,-15.921347552371987,-19.377423589244003,33.83717690219251,0.0
10.715,-16.093549295568852,-18.81632798453732,34.928237236480086,0.0
10.72,-16.229688680111853,-18.164652548790926,35.976878227169536,0.0
10.725,-16.32607203119131,-17.426334989560804,36.97207483621859,0.0
10.73,-16.38083167889205,-16.608193922212635,37.90049343412484,0.0
10.735,-16.392390603461735,-15.713953242884504,38.753862295667616,0.0
10.74,-16.35941362837615,-14.75441622793347,39.526232725018716,0.0
10.745000000000001,-16.278494917445496,-13.737055084879959,40.205671193614684,0.0
10.75,-16.15252481465118,-12.674895605149075,40.788383093371735,0.0
10.755,-15.977831693553084,-11.578847716873469,41.26848684229181,0.0
10.76,-15.757946878473286,-10.462377052880699,41.64326126719648,0.0
10.765,-15.49480292826899,-9.334763966686454,41.913753536082375,0.0
10.77,-15.186884387646018,-8.210650040448051,42.077438444003725,0.0
10.775,-14.837410057551311,-7.0999983209928175,42.139321494854414,0.0
10.78,-14.451819440382826,-6.015967945872999,42.10510008210313,0.0
10.785,-14.029692091152985,-4.96765485938111,41.97777248909078,0.0
10.790000000000001,-13.575935696512538,-3.9617606207328597,41.76605987065125,0.0
10.795,-13.096181490318084,-3.0087927729579347,41.47801681414345,0.0
10.8,-12.590836713689892,-2.11123294427429,41.12235154740695,0.0
10.805,-12.06673717001654,-1.2746358794295327,40.70789119946236,0.0
10.81,-11.526701361197764,-0.501969216851217,40.242056036274384,0.0
10.815,-10.975647870223561,0.2050778661564654,39.733959186302215,0.0
10.82,-10.415426824348177,0.8481811005145548,39.192579216290596,0.0
10.825000000000001,-9.852826230763085,1.4255413532738543,38.625951899021594,0.0
10.83,-9.2879237533838,1.941236023098003,38.04179866206746,0.0
10.835,-8.725855076567044,2.3994485429343078,37.44420442530362,0.0
10.84,-8.169352676031018,2.799321545461512,36.83999037429365,0.0
10.845,-7.620546472007803,3.1462247846196387,36.23419034797998,0.0
10.85,-7.080720053642156,3.443922195135056,35.63190422505303,0.0
10.855,-6.555320866559331,3.6976993244074965,35.03456694210392,0.0
10.86,-6.042546019297614,3.9098798143080127,34.44651606794452,0.0
10.865,-5.544058071523212,4.084443648270668,33.86962066216237,0.0
10.870000000000001,-5.06192411354302,4.226259189507309,33.30503629057226,0.0
10.875,-4.598488186791651,4.338760275110856,32.75377367028463,0.0
10.88,-4.150996476507955,4.426994839566126,32.21633890009425,0.0
10.885,-3.722489762701915,4.491751521219487,31.694052598810416,0.0
10.89,-3.3111306383979873,4.536347675483104,31.188469118037432,0.0
10.895,-2.9193371348993136,4.5658392205127125,30.697017884088446,0.0
10.9,-2.545151709017995,4.581161039484195,30.2210931995134,0.0
10.905,-2.1885891962792416,4.586760768324084,29.75966180629374,0.0
10.91,-1.8483723245093908,4.582221994121752,29.312758852533896,0.0
10.915000000000001,-1.5273915047777016,4.572109069614331,28.87944034522946,0.0
10.92,-1.2217918434680637,4.555832857269097,28.459578828688485,0.0
10.925,-0.9336529062736265,4.535938862222393,28.052610279200657,0.0
10.93,-0.6600575494705936,4.514116408728779,27.65778862459522,0.0
10.935,-0.40092539082534046,4.4895288476254045,27.273773511083665,0.0
10.94,-0.15602934451827785,4.466277788779658,26.901625997045983,0.0
10.945,0.07460737815850338,4.442573603804794,26.539329518645733,0.0
10.950000000000001,0.29373676248166597,4.421043175790183,26.186421274760445,0.0
10.955,0.5006654268483776,4.4021489151742905,25.84393886526609,0.0
10.96,0.6960920518663769,4.385608522581378,25.51095386706907,0.0
10.965,0.8796457368230133,4.371333449184262,25.18594972040037,0.0
10.97,1.0544789039198854,4.362064506844316,24.86894843633556,0.0
10.975,1.2210259794971121,4.357403800825674,24.561249489761032,0.0
10.98,1.3773794799021373,4.3567664868751015,24.26053485262545,0.0
10.985,1.5272146848645816,4.361808533135472,23.967000363039176,0.0
10.99,1.6694292242953352,4.371425107294104,23.680214755837717,0.0
10.995000000000001,1.8051873700016148,4.3845567709171736,23.401763266171287,0.0
11.0,1.9344268771203592,4.404506999031558,23.129632899553606,0.0
11.005,2.057305435619493,4.429629358321836,22.862973607906714,0.0
11.01,2.1758903787292803,4.461187941300332,22.604423573472964,0.0
11.015,2.2901529351829386,4.49699467220296,22.35124955479377,0.0
11.02,2.398951588048588,4.540285332190306,22.103908818576162,0.0
11.025,2.5070917585807817,4.587895997563449,21.863854824044637,0.0
11.03,2.611526075555792,4.641916855470837,21.628998880370823,0.0
11.035,2.7138920988312263,4.703544678728576,21.401103855362564,0.0
11.040000000000001,2.8129146578378217,4.769723985404835,21.17939063816394,0.0
11.045,2.9124677496387252,4.841999946942417,20.965600644096362,0.0
11.05,3.0089870721754437,4.920113289234937,20.755513651487295,0.0
11.055,3.1045573034494955,5.004380162104338,20.553109868315506,0.0
11.06,3.200070296014278,5.095790047899298,20.35660260917368,0.0
11.065,3.295245184959321,5.1921999450974,20.16625901961818,0.0
11.07,3.391462525220473,5.295913001652263,19.983049831926024,0.0
11.075000000000001,3.487212245987442,5.404868182833569,19.80638748635993,0.0
11.08,3.5823428913251103,5.52064920398295,19.636258121837713,0.0
11.085,3.6798079620557065,5.64201582797936,19.47352124081715,0.0
11.09,3.7769582523245737,5.771231690563633,19.31805905136394,0.0
11.095,3.8767655946848487,5.905880546557957,19.169052611041536,0.0
11.1,3.976993408040353,6.0481672224457865,19.028734973257368,0.0
11.105,4.079943559515007,6.196364545868156,18.896385968724598,0.0
11.11,4.184729802578389,6.351132759022424,18.77186590236808,0.0
11.115,4.293396524990852,6.510081085095161,18.654371912882695,0.0
11.120000000000001,4.403890576195349,6.677512144462431,18.54386462379257,0.0
11.125,4.518153348192953,6.853017641128425,18.442692007840435,0.0
11.13,4.635430539436381,7.035748930724139,18.35174274580278,-0.0
11.135,4.756730679612868,7.223612756672978,18.270722900281914,-0.0
11.14,4.879544035810726,7.419086510305392,18.198711951248338,-0.0
11.145,5.007181356901857,7.621732202378653,18.13580837509469,-0.0
11.15,5.138002433745447,7.8307633023736605,18.084679842170907,-0.0
11.155,5.272812488413878,8.047079322000272,18.044977496187055,-0.0
11.16,5.411142039970582,8.2700604531663,18.016314010201356,-0.0
11.165000000000001,5.553714689174326,8.49760325843953,17.999440401712924,-0.0
11.17,5.699958407338414,8.732383355171121,17.996035695179383,-0.0
11.175,5.851242656283324,8.973232977948086,18.004950334872362,-0.0
11.18,6.008095192395558,9.221007821208763,18.027268267808736,-0.0
11.185,6.168769331530851,9.473447985698652,18.062371071002683,-0.0
11.19,6.333494525558061,9.733503541162976,18.113918591281593,-0.0
11.195,6.502643196985272,9.998298362001895,18.180590377612052,-0.0
11.200000000000001,6.676960312323478,10.26725258604377,18.262422575203804,-0.0
11.205,6.857352462981616,10.539629571264317,18.36247550441159,-0.0
11.21,7.042062000972206,10.81727705276546,18.480131066580665,-0.0
11.215,7.230994274289666,11.098196998981496,18.61601666399687,-0.0
11.22,7.424324054890399,11.382119687366103,18.769013849490072,-0.0
11.225,7.6221954968168095,11.667749171614675,18.941711440085918,-0.0
11.23,7.825353022406227,11.954444889400957,19.13366767119852,-0.0
11.235,8.03214083892589,12.241459324831087,19.345856300868146,-0.0
11.24,8.243232251750177,12.527009592589797,19.58030121595089,-0.0
11.245000000000001,8.458024304525946,12.8125405175424,19.83582971080297,-0.0
11.25,8.675059461250694,13.09303359034021,20.113001777006698,-0.0
11.255,8.896205189993225,13.36918056168093,20.41210642891708,-0.0
11.26,9.120992214576388,13.639758573607343,20.73509883969288,-0.0
11.265,9.345839586352191,13.902689344984655,21.080073195976762,-0.0
11.27,9.57415782851912,14.157250605865244,21.448732734022943,-0.0
11.275,9.80347597102623,14.399689621842924,21.839808700058065,-0.0
11.28,10.033970455784962,14.629304109827945,22.253831478070502,-0.0
11.285,10.265025788689885,14.844682008089089,22.689353503027068,-0.0
11.290000000000001,10.493697921730588,15.042928511121994,23.148859241338585,-0.0
11.295,10.722100309313198,15.222811410008358,23.629234883040315,-0.0
11.3,10.947691258419505,15.381245449018271,24.130647738241958,-0.0
11.305,11.170521095469418,15.51553795698422,24.65195007044778,-0.0
11.31,11.387364589578064,15.624829461558196,25.190102746083646,-0.0
11.315,11.599460848056143,15.706340113300874,25.7436113458744,-0.0
11.32,11.805334863914567,15.75936188918401,26.312154237205522,-0.0
11.325000000000001,12.002930582577125,15.779657583064372,26.889946432045218,-0.0
11.33,12.190954312950726,15.766737188646921,27.478769633633846,-0.0
11.335,12.37130089791155,15.71915147626402,28.073012478942818,-0.0
11.34,12.539077916126299,15.636144288202493,28.671825223685136,-0.0
11.345,12.693526173258723,15.515388613555318,29.26927239498654,-0.0
11.35,12.8344726908315,15.357480617403512,29.864236222618143,-0.0
11.355,12.96074790603994,15.161141048375542,30.4503819155201,-0.0
11.36,13.07068187410946,14.925883666344149,31.026046532916972,-0.0
11.365,13.162750544184114,14.653961438528926,31.588150471659823,-0.0
11.370000000000001,13.23586122693616,14.345488593697082,32.131714489658684,-0.0
11.375,13.291352680994512,13.99985543696679,32.652859282923885,-0.0
11.38,13.326651071657029,13.621230570157827,33.14849964072115,-0.0
11.385,13.341644809743322,13.209151685156842,33.61308117257182,-0.0
11.39,13.333992106473689,12.769495785383608,34.04536891651329,-0.0
11.395,13.30597514897758,12.303185210538448,34.44336945903055,-0.0
11.4,13.256088452837695,11.812973323490457,34.802264273839704,-0.0
11.405,13.184056676238603,11.302762714409893,35.12095504574375,-0.0
11.41,13.089880270599474,10.777648467085816,35.39728137872071,-0.0
11.415000000000001,12.974226727884142,10.241514600130426,35.63051541429469,-0.0
11.42,12.835818857825222,9.694611037911926,35.819581656892225,-0.0
11.425,12.678574414504444,9.144331788063216,35.96319974074962,-0.0
11.43,12.501197379772375,8.593280568784257,36.06237508413739,-0.0
11.435,12.306307372770382,8.046938523087245,36.118606514113104,-0.0
11.44,12.09350538057842,7.505504715285167,36.13289298810482,-0.0
11.445,11.863870591975477,6.976439582840934,36.105364701086614,-0.0
11.450000000000001,11.619473973726771,6.460246614224419,36.03691165125182,-0.0
11.455,11.362258805885164,5.960653923356636,35.931427185592405,-0.0
11.46,11.091389148762785,5.480599622046441,35.78995244130606,-0.0
11.465,10.811109398455212,5.021367493015952,35.616712790375416,-0.0
11.47,10.52126518248797,4.585052508686203,35.41483935971428,-0.0
11.475,10.226419012265042,4.1728967920838285,35.18362823621001,-0.0
11.48,9.923675851672746,3.7831491161480164,34.927228682538065,-0.0
11.485,9.617076207726186,3.4200156605781418,34.64997276257497,-0.0
11.49,9.307503417510583,3.0824094610664834,34.35300594728721,-0.0
11.495000000000001,8.996386262298884,2.7712870310529647,34.03818055248862,-0.0
11.5,8.684002996612502,2.4855235345101128,33.7090152018003,-0.0
11.505,8.373517908324294,2.2250077611582095,33.36748032384791,-0.0
11.51,8.066091223097086,1.988743008685869,33.015720445855614,-0.0
11.515,7.7630357847652345,1.7767164161838507,32.654896379880846,-0.0
11.52,7.463633358598281,1.5883928055102952,32.28876518651521,-0.0
11.525,7.168866499919251,1.4191438929672882,31.915807911482194,-0.0
11.53,6.8817426216171995,1.2716577878897615,31.541639401554256,-0.0
11.535,6.601259099889875,1.1430299782335196,31.164714904833158,-0.0
11.540000000000001,6.328093139020598,1.0334461269967459,30.786279916687857,-0.0
11.545,6.064492411591138,0.939968625115084,30.408838813403108,-0.0
11.55,5.807186513284358,0.8625179632070558,30.032421957621686,-0.0
11.555,5.559936885503158,0.799288635861454,29.657170860957752,-0.0
11.56,5.3226540248817145,0.7511024675372111,29.28367203244823,-0.0
11.565,5.093422087527882,0.7138792403780423,28.913270560593297,-0.0
11.57,4.874759197017106,0.6879491859266533,28.545450681838393,-0.0
11.575000000000001,4.6650071423831125,0.6705322050226424,28.18297675960673,-0.0
11.58,4.464772645167048,0.6632164150769304,27.822608086981862,-0.0
11.585,4.27500760606673,0.663959887909695,27.467352278480597,-0.0
11.59,4.09505966424483,0.672093950590005,27.117002575746607,-0.0
11.595,3.9236573134847803,0.6872291478697504,26.76876626564015,-0.0
11.6,3.761003126646786,0.708113264324276,26.42420088725074,-0.0
11.605,3.608424582696897,0.7340320914444772,26.08467405794541,-0.0
11.61,3.464598087918485,0.7653475440789503,25.749853424082605,-0.0
11.615,3.3296588459068097,0.8021095932328473,25.418823430114394,-0.0
11.620000000000001,3.2028890952072113,0.8414198737918039,25.09371742101607,-0.0
11.625,3.085720359574593,0.8836710680606933,24.772785042802536,-0.0
11.63,2.9758594935802405,0.9290696381461911,24.45743464598251,-0.0
11.635,2.873085505914736,0.9759683085774634,24.145019697102075,-0.0
11.64,2.778826953172917,1.0251062576493535,23.83822265939537,-0.0
11.645,2.6909638280928543,1.0781515047303087,23.534397149960956,-0.0
11.65,2.6104648157879002,1.13374383025375,23.234280167900945,-0.0
11.655,2.5372209373126697,1.1895920871326975,22.939932044518418,-0.0
11.66,2.4711607204117043,1.2476816257260157,22.651004031838674,-0.0
11.665000000000001,2.4105897962585985,1.3079149579053686,22.364738722828296,-0.0
11.67,2.355159808593413,1.3691679655739237,22.081692575820252,-0.0
11.675,2.3075914015567074,1.4323855702238102,21.802049373825838,-0.0
11.68,2.263593699155342,1.4971321074307296,21.528654585576803,-0.0
11.685,2.225694652991709,1.5631129427099746,21.257693742901807,-0.0
11.69,2.1922712724946507,1.6307463856593685,20.990604057730547,-0.0
11.695,2.164208190701305,1.6994943632655855,20.728841600574516,-0.0
11.700000000000001,2.140257922973868,1.770869990963284,20.47039458432558,-0.0
11.705,2.1220801876027275,1.8416216716674132,20.21655772878541,-0.0
11.71,2.108219201907635,1.914485436311608,19.967439902064104,-0.0
11.715,2.0985563370419524,1.9893192132830282,19.7220535927111,-0.0
11.72,2.0936256056135143,2.0661664761891068,19.477964511919907,-0.0
11.725,2.0931581692737824,2.145015980357559,19.239556961817588,-0.0
11.73,2.0967919154044385,2.225842978954467,19.00397266819522,-0.0
11.735,2.101914096432088,2.3091431072998514,18.77432979208581,-0.0
11.74,2.1118308281882716,2.3940112312782054,18.54886467256963,-0.0
11.745000000000001,2.1265978933011573,2.482688935392594,18.326083853041247,-0.0
11.75,2.144616554252037,2.5729454042764783,18.10803306111987,-0.0
11.755,2.166759443630453,2.6676032385517585,17.894155759342336,-0.0
11.76,2.193448995602633,2.764825884533186,17.683941177223222,-0.0
11.765,2.222163083123204,2.863012352626911,17.47906866296992,-0.0
11.77,2.254318966596787,2.9660893633005507,17.277225485785944,-0.0
11.775,2.2893538342521134,3.0721531373478195,17.081155687009616,-0.0
11.78,2.3285358019248203,3.181586545347039,16.887667849953946,-0.0
11.785,2.370138136441648,3.294646415804399,16.69867390663324,-0.0
11.790000000000001,2.415380875772606,3.4124349959256333,16.51503195875784,-0.0
11.795,2.4651693865194053,3.5333440685060413,16.336392744061392,-0.0
11.8,2.5186370000399316,3.6594553500846736,16.16246614049685,-0.0
11.805,2.5767335410482057,3.789702477012902,15.993372928188066,-0.0
11.81,2.6381408587261475,3.925568848059667,15.829439019831621,-0.0
11.815,2.7023138092783943,4.066050796954521,15.669909983365425,-0.0
11.82,2.7702618873698,4.212725879698321,15.516202416963877,-0.0
11.825000000000001,2.8418446310236134,4.36454778690853,15.367834367730715,-0.0
11.83,2.9191413262464936,4.523143556635281,15.224692191149387,-0.0
11.835,2.999612033615021,4.687498619810299,15.087202390686869,-0.0
11.84,3.0845425910285402,4.8582683577298,14.95652695305647,-0.0
11.845,3.172313890618444,5.035801721578779,14.831983896651519,-0.0
11.85,3.2657558263192388,5.218942576066763,14.714343881758838,-0.0
11.855,3.365114269689089,5.409912044677297,14.605198067423315,-0.0
11.86,3.4687734850822474,5.607949360047684,14.501253139588567,-0.0
11.865,3.5761740018733557,5.814230641349301,14.404925644923111,-0.0
11.870000000000001,3.6884322086808274,6.028256501470973,14.315066841515378,-0.0
11.875,3.805652540928979,6.2498076515484335,14.234779227278613,-0.0
11.88,3.928142256469068,6.480068153030426,14.164406722611814,-0.0
11.885,4.056073288587746,6.719638130078199,14.103317232013278,-0.0
11.89,4.188551669013681,6.968010073172463,14.051977322405834,-0.0
11.895,4.329285458062285,7.22569644627774,14.011177150923938,-0.0
11.9,4.473675287960262,7.4935128767933366,13.981725333215813,-0.0
11.905,4.625045226352057,7.770132311769369,13.962098880572446,-0.0
11.91,4.7821259260697415,8.056197637627124,13.955727495280026,-0.0
11.915000000000001,4.946383079875799,8.350712852858962,13.962727659427905,-0.0
11.92,5.1181067713040616,8.656323382091065,13.982578445747752,-0.0
11.925,5.294629396062148,8.97195248138763,14.01762015042614,-0.0
11.93,5.479879439211309,9.296614284177497,14.068396771729816,-0.0
11.935,5.669496257679521,9.632056801767064,14.135068740051727,-0.0
11.94,5.869992826674528,9.97749400957726,14.219501211307584,-0.0
11.945,6.075708116137359,10.332146629735165,14.323383578891868,-0.0
11.950000000000001,6.289401091497501,10.695042971547341,14.44718073690885,-0.0
11.955,6.509948153635172,11.069046371338734,14.591363006491338,-0.0
11.96,6.737403103151268,11.451242256834508,14.75704839057045,-0.0
11.965,6.972929231549266,11.84064583408402,14.946463037158981,-0.0
11.97,7.217059586240567,12.235331020010666,15.159375483539206,-0.0
11.975,7.46848352039715,12.637298560211192,15.399453096087914,-0.0
11.98,7.726286319880665,13.04579199492477,15.665676816584321,-0.0
11.985,7.991546795228643,13.455323778632474,15.961045612276957,-0.0
11.99,8.265113140409282,13.869071622410454,16.28611167973339,-0.0
11.995000000000001,8.545774796371756,14.283600357609929,16.641888382632114,-0.0
12.0,8.832509712225951,14.698171827747283,17.03094088726983,-0.0
12.005,9.125895032443552,15.110023672803962,17.453303968226155,-0.0
12.01,9.425235043153958,15.517280589015074,17.910159765010135,-0.0
12.015,9.72933506204091,15.91511058502149,18.402154211936935,-0.0
12.02,10.038182363690309,16.30228436514036,18.930688522015963,-0.0
12.025,10.351517177367551,16.676665553776363,19.496725684200033,-0.0
12.030000000000001,10.667132093535143,17.032510260678944,20.099535380772807,-0.0
12.035,10.985958744504602,17.36899318372824,20.740476384172815,-0.0
12.040000000000001,11.305141497925952,17.680817394485047,21.417428012209747,-0.0
12.045,11.624866045024653,17.963629328655806,22.12971699453466,-0.0
12.05,11.941529167469165,18.216073281821686,22.878487016775914,-0.0
12.055,12.25430172107964,18.430829010669587,23.661038282154443,-0.0
12.06,12.562897111053594,18.605562887828945,24.47594447298235,-0.0
12.065,12.86564232330578,18.732726282285945,25.31806192987534,-0.0
12.07,13.15873313805383,18.81207913302617,26.18636721034846,-0.0
12.075000000000001,13.441156986043197,18.838078895563466,27.074957882722845,-0.0
12.08,13.710132255583202,18.80633217875171,27.978991911818486,-0.0
12.085,13.965118201929057,18.713455976732213,28.894554594458324,-0.0
12.09,14.203075055551896,18.55802519483587,29.815893385783404,-0.0
12.095,14.420392581065592,18.335631188875944,30.734453684562503,-0.0
12.1,14.615521975085034,18.04694640190302,31.645485584198685,-0.0
12.105,14.78721962680802,17.690538714713966,32.54244770300823,-0.0
12.11,14.93243819960649,17.266094775684472,33.41703216270361,-0.0
12.115,15.049734408340022,16.775707809187217,34.26114206806292,-0.0
12.120000000000001,15.137062394931467,16.220807075317975,35.06631068031332,-0.0
12.125,15.190244776743535,15.604085554707009,35.825318496591706,-0.0
12.13,15.211168318490099,14.931468636359046,36.53280061286529,-0.0
12.135,15.19665175437717,14.20841930539789,37.18054164483145,-0.0
12.14,15.14770557268472,13.439941346183062,37.76482678684155,-0.0
12.145,15.063720847470735,12.63276473263875,38.279408431403006,-0.0
12.15,14.941480031850482,11.794924905775463,38.720545488139464,-0.0
12.155000000000001,14.783625794385623,10.934566913678445,39.085718606785456,-0.0
12.16,14.593223004004306,10.05942428330072,39.37242323249088,-0.0
12.165000000000001,14.366937214085793,9.179292055807377,39.58161512518697,-0.0
12.17,14.107334841247956,8.30065814801939,39.71188812135257,-0.0
12.175,13.817416018931432,7.4334234339648315,39.76730939348805,-0.0
12.18,13.497902362026519,6.583916654262845,39.75086414616468,-0.0
12.185,13.152509023829909,5.758222135985874,39.665562335893235,0.0
12.19,12.78266201585143,4.962309342419772,39.51611363735461,0.0
12.195,12.39222653269437,4.201126721320409,39.30730369253004,0.0
12.200000000000001,11.982423328201582,3.4793314319366675,39.04391593063218,0.0
12.205,11.555640874331454,2.7995033387182895,38.73089022643265,0.0
12.21,11.118121361017483,2.1647191962620687,38.37698006192195,0.0
12.215,10.669541454240406,1.5771596037242497,37.985656446149186,0.0
12.22,10.215140353762658,1.0361069577041957,37.56297079530413,0.0
12.225,9.755990392508487,0.5426519563503306,37.1158095902171,0.0
12.23,9.295248061172265,0.09624817770278182,36.647642393021925,0.0
12.235,8.835540578213635,-0.3060634108701025,36.163742512351945,0.0
12.24,8.377988242424886,-0.6649385400543268,35.6677776543205,0.0
12.245000000000001,7.925915507800456,-0.9829885274672844,35.16428735914496,0.0
12.25,7.480756953544895,-1.2619122314511062,34.65561793585469,0.0
12.255,7.0431317069723,-1.505787136191088,34.14782637559775,0.0
12.26,6.61563806168959,-1.7147892452756126,33.639922435220534,0.0
12.265,6.19838507585662,-1.8924108951551077,33.13398432187335,0.0
12.27,5.793398445290458,-2.0420539296858147,32.63341542707398,0.0
12.275,5.401357973437107,-2.1661762685328987,32.137866412593645,0.0
12.280000000000001,5.022889103724018,-2.2665114293431254,31.64947345276122,0.0
12.285,4.658843470886982,-2.3467579104195644,31.169372342308478,0.0
12.290000000000001,4.307192958552899,-2.4090597499011404,30.69952108411174,0.0
12.295,3.971540468255964,-2.453742095735637,30.23728118443454,0.0
12.3,3.650473314584812,-2.4857318713096834,29.784814089487462,0.0
12.305,3.3420534653151828,-2.5074183210060457,29.342104683929012,0.0
12.31,3.0496208519305537,-2.5188343642280686,28.907328434871967,0.0
12.315,2.770007299841282,-2.5194865551237444,28.482940797772027,0.0
12.32,2.5063989832724083,-2.513080223342373,28.068600004933632,0.0
12.325000000000001,2.2549269604507023,-2.501611380762031,27.662825798997712,0.0
12.33,2.016708929581929,-2.4858115122522797,27.26492917565808,0.0
12.335,1.79196691227443,-2.4650000943370682,26.87597662192802,0.0
12.34,1.5783783320922167,-2.442650596680307,26.495757231420736,0.0
12.345,1.377608507809397,-2.4183834033230234,26.12322740532462,0.0
12.35,1.1876908891487403,-2.393001095247742,25.758368448048568,0.0
12.355,1.0076222324379869,-2.3670687207968837,25.400622257349056,0.0
12.36,0.8387262686832021,-2.341304539558859,25.049577787682093,0.0
12.365,0.6801201819543101,-2.318786479959413,24.707610827598145,0.0
12.370000000000001,0.5299986230796199,-2.295702016555539,24.370034937933493,0.0
12.375,0.3881415591848586,-2.2750073902613943,24.039541908030685,0.0
12.38,0.2561187096157843,-2.2551296300544212,23.71463885018997,0.0
12.385,0.1313279143027606,-2.2384912616185257,23.396632456641157,0.0
12.39,0.01208384090773773,-2.2237687900125915,23.082116348472702,0.0
12.395,-0.09983048609594651,-2.212880287214711,22.774044598675093,0.0
12.4,-0.20632212909542813,-2.2056611777333406,22.471275333496237,0.0
12.405000000000001,-0.3069363279234326,-2.199490268707949,22.17384390129453,0.0
12.41,-0.40276124344335146,-2.197272408112481,21.881070885156436,0.0
12.415000000000001,-0.49357528170699555,-2.1984831566409566,21.593715906269924,0.0
12.42,-0.5786877297718673,-2.202648495392724,21.31212367142416,0.0
12.425,-0.6599893882629563,-2.2113770786612874,21.033020919574486,0.0
12.43,-0.7386857618004044,-2.223799550568487,20.7597696595025,0.0
12.435,-0.8122765172929414,-2.240385441267957,20.491850632400915,0.0
12.44,-0.8829067843511571,-2.259159370253393,20.228119867508426,0.0
12.445,-0.9511771712531146,-2.2822011794921546,19.96806544444528,0.0
12.450000000000001,-1.0175787792580637,-2.309684581221838,19.713393092767827,0.0
12.455,-1.0829482637174528,-2.3413642164825244,19.46175941713854,0.0
12.46,-1.1462255895832552,-2.3756535389987583,19.214638765963354,0.0
12.465,-1.208512808766474,-2.414096161464447,18.972310278101947,0.0
12.47,-1.2690401024649545,-2.456289618417674,18.733295575591644,0.0
12.475,-1.3282578934811515,-2.5015075221986773,18.499200458671947,0.0
12.48,-1.3857447730311183,-2.5511214757621716,18.269926534387903,0.0
12.485,-1.4438466319945682,-2.6054647450165827,18.04282361643772,0.0
12.49,-1.5023904671040493,-2.6639849022319644,17.82173935937296,0.0
12.495000000000001,-1.5605292981538146,-2.725758142875435,17.604432812037782,0.0
12.5,-1.619213808673318,-2.7945370556580627,17.39056847890038,0.0
12.505,-1.6772759866626998,-2.865974805826743,17.181816038135803,0.0
12.51,-1.7364643188157065,-2.9421496407466408,16.975812829806806,0.0
12.515,-1.7964041875194345,-3.022792658336157,16.773898796776578,0.0
12.52,-1.8572556138072016,-3.107620370583478,16.57756781759726,0.0
12.525,-1.9185583453578752,-3.198893673692217,16.384967897996738,0.0
12.530000000000001,-1.9833186025404583,-3.2950276707697275,16.197489005612955,0.0
12.535,-2.0501439317241617,-3.39523326355543,16.014135186622738,0.0
12.540000000000001,-2.117829691929235,-3.5025363690576565,15.836858381041141,0.0
12.545,-2.187802955850957,-3.613296134759778,15.662935649634516,0.0
12.55,-2.2598328669269634,-3.7300120354703394,15.494274404932474,0.0
12.555,-2.332932676592353,-3.8528807775252334,15.329855242527971,0.0
12.56,-2.407854774148785,-3.9814760597051295,15.170337599327791,0.0
12.565,-2.485617335051563,-4.115501034262925,15.016026459401495,0.0
12.57,-2.5689259461588603,-4.256475451684538,14.866537228745013,0.0
12.575000000000001,-2.6531240501788633,-4.403824092471713,14.722729338821868,0.0
12.58,-2.7399542389606037,-4.556600515282447,14.584288265709825,0.0
12.585,-2.831353716139465,-4.716545473976521,14.453700253717566,0.0
12.59,-2.925568890948878,-4.883644374591763,14.328626923774065,0.0
12.595,-3.0236526188105977,-5.059533828890369,14.208816158300936,0.0
12.6,-3.1263349127491273,-5.241878544311462,14.09527630438262,0.0
12.605,-3.2323629720719995,-5.432506060483883,13.987333939250787,0.0
12.61,-3.3416539566297576,-5.632182879820927,13.889419944341512,0.0
12.615,-3.4546746013790743,-5.840357438544386,13.79821289036404,0.0
12.620000000000001,-3.5744370878425316,-6.054971706416598,13.715245734734586,0.0
12.625,-3.697607616786769,-6.280345676574481,13.641055688287478,0.0
12.63,-3.8272571207553248,-6.515007595395624,13.57577199593183,0.0
12.635,-3.962710763039769,-6.758572626088219,13.518184750234365,0.0
12.64,-4.102793916540921,-7.011461580586243,13.471314346400519,0.0
12.645,-4.248447787256,-7.275131373039301,13.434686624984543,0.0
12.65,-4.400496390827775,-7.547779950346599,13.409643941376002,0.0
12.655000000000001,-4.5582901612799525,-7.830024017659067,13.398225262346637,0.0
12.66,-4.722228210675074,-8.123471532157527,13.398072642947865,0.0
12.665000000000001,-4.892141571229448,-8.428015779270499,13.41159568134962,0.0
12.67,-5.068378704906362,-8.743442845348078,13.437696415392614,0.0
12.675,-5.2531148558112415,-9.069163433206997,13.47949301582899,0.0
12.68,-5.443355232600601,-9.404973933785005,13.537961943763506,0.0
12.685,-5.641264399296758,-9.752149943722868,13.612984323669087,0.0
12.69,-5.846487579225024,-10.108544798957148,13.706187864148086,0.0
12.695,-6.059236361622991,-10.475766318697454,13.818397070606505,0.0
12.700000000000001,-6.280799480928493,-10.854103868555752,13.951956532531865,0.0
12.705,-6.5095944059826305,-11.24055150237748,14.106809310753421,0.0
12.71,-6.746142660572447,-11.637367955162883,14.283252897548959,0.0
12.715,-6.990980002894678,-12.040275694135453,14.484558131566278,0.0
12.72,-7.242939560349125,-12.453744486655324,14.711436466908172,0.0
12.725,-7.504137846594463,-12.872800331587488,14.966143008823682,0.0
12.73,-7.773330617608321,-13.297552329066184,15.249354945134094,0.0
12.735,-8.049665717125912,-13.72631378955272,15.563101356942628,0.0
12.74,-8.333535289340615,-14.15972674558933,15.909820866761333,0.0
12.745000000000001,-8.625469579934057,-14.59301556543948,16.287962410246784,0.0
12.75,-8.92379101368925,-15.024329555333848,16.700472818927008,0.0
12.755,-9.229005358645159,-15.454176816533911,17.149605510463637,0.0
12.76,-9.540091896179595,-15.877053718215977,17.633802678716275,0.0
12.765,-9.857293759948675,-16.29217089789246,18.156181794249953,0.0
12.77,-10.178971368475613,-16.695490411227286,18.71700766911683,0.0
12.775,-10.505544248530457,-17.085301488106573,19.3167788489042,0.0
12.780000000000001,-10.834488283321125,-17.456511064551503,19.957689387082723,0.0
12.785,-11.165192904087501,-17.80586208216339,20.637960902489784,0.0
12.790000000000001,-11.496287507829134,-18.12747568613598,21.35626046083646,0.0
12.795,-11.827263835301904,-18.419862944449736,22.113670874339356,0.0
12.8,-12.157117291486948,-18.675263798666904,22.907771543100832,0.0
12.805,-12.48246553725096,-18.89286742583791,23.738334612182893,0.0
12.81,-12.802310425762537,-19.064652581210463,24.600506734038003,0.0
12.815,-13.114769598482432,-19.18827087896452,25.493596341004256,0.0
12.82,-13.418719738897657,-19.256271042994975,26.412583303497282,0.0
12.825000000000001,-13.710550984345366,-19.266433760322943,27.35307436510032,0.0
12.83,-13.98894664100555,-19.214505960221192,28.309887952924715,0.0
12.835,-14.250736485327973,-19.097312076035582,29.27654943880716,0.0
12.84,-14.493389194558638,-18.91059217546554,30.24628401642719,0.0
12.845,-14.714062196177885,-18.652262580844774,31.213572914651863,0.0
12.85,-14.909955286951526,-18.32277408586157,32.168671779815064,0.0
12.855,-15.079924212885766,-17.91920904167114,33.106966153380455,0.0
12.86,-15.221514049609546,-17.444425118855836,34.01641737518632,0.0
12.865,-15.33428400661905,-16.899885765746383,34.8909314406684,0.0
12.870000000000001,-15.41299195035478,-16.286696305423625,35.72254003353727,0.0
12.875,-15.454678438190724,-15.610243086959018,36.50127440898005,0.0
12.88,-15.461588016235003,-14.875273227521351,37.220946155246764,0.0
12.885,-15.4314326183518,-14.088201750030912,37.87446745460338,0.0
12.89,-15.364370493431553,-13.255354331954095,38.45712467771756,0.0
12.895,-15.25973605767713,-12.385436126987168,38.96234583035209,0.0
12.9,-15.116217673381225,-11.487071848035134,39.38706027932793,0.0
12.905000000000001,-14.93558977039903,-10.56883829702382,39.73033529690052,0.0
12.91,-14.71807778210832,-9.640384630980341,39.99016556230847,0.0
12.915000000000001,-14.463881528008697,-8.708970946462308,40.166476023930514,0.0
12.92,-14.17657882167105,-7.7848296812632825,40.26002855029589,0.0
12.925,-13.856598241672758,-6.875799700652312,40.27458214649651,0.0
12.93,-13.507491411470143,-5.990448414200002,40.21444878027538,0.0
12.935,-13.131688912722618,-5.136239186287876,40.08154615048049,0.0
12.94,-12.730283522448152,-4.317755651210881,39.88388306472886,0.0
12.945,-12.310444952252553,-3.5386425279804183,39.62556202329918,0.0
12.950000000000001,-11.872752225140419,-2.8046167871138894,39.31470405881631,0.0
12.955,-11.418894941428308,-2.1195576409549033,38.95541129733404,0.0
12.96,-10.953773230061035,-1.4824692248820186,38.556233375876666,0.0
12.965,-10.480129508395203,-0.896912417787374,38.12367418744508,0.0
12.97,-10.003112775468356,-0.36203584531896693,37.66179738356122,0.0
12.975,-9.522505219179084,0.12350164438040434,37.17725669866093,0.0
12.98,-9.041293309561505,0.559257310741055,36.67536510357376,0.0
12.985,-8.561660137271149,0.948885733951204,36.16189190798367,0.0
12.99,-8.087298842952192,1.2947153001438587,35.6395791893378,0.0
12.995000000000001,-7.618172007740183,1.596917357482761,35.11269742775886,0.0
13.0,-7.157657013468612,1.8602622670719506,34.583657921809554,0.0
13.005,-6.70738625236648,2.085884284714601,34.05550454495557,0.0
13.01,-6.267973440017885,2.277545749365658,33.53087450069501,0.0
13.015,-5.8409347374039315,2.439353121785936,33.01119210795853,0.0
13.02,-5.427331802870377,2.5734202203377525,32.49944345999391,0.0
13.025,-5.02578072643755,2.6833089949927538,31.99648320212448,0.0
13.030000000000001,-4.639071163936353,2.7713906310510303,31.501416166355668,0.0
13.035,-4.266778910763133,2.83801797567348,31.015391976516828,0.0
13.040000000000001,-3.9113665420813777,2.8889901573738905,30.542516347682763,0.0
13.045,-3.571279141685685,2.9248105318152446,30.079021686356626,0.0
13.05,-3.2474312168552055,2.946527582207626,29.62723801668458,0.0
13.055,-2.938052384708758,2.959099982359879,29.183576653137074,0.0
13.06,-2.643058307120577,2.960726172469189,28.751625047392302,0.0
13.065,-2.3636876660099864,2.955252298979352,28.3286679798836,0.0
13.07,-2.098539702979362,2.9449306975696357,27.915314152834974,0.0
13.075000000000001,-1.8464736045839034,2.928920324384764,27.511599002876764,0.0
13.08,-1.6074837824145904,2.911106766086449,27.118003784643648,0.0
13.085,-1.3799950708057624,2.8899478191358,26.73305792266701,0.0
13.09,-1.1670329831372344,2.8666109686469925,26.355763409799675,0.0
13.095,-0.9648271886158912,2.842888737543539,25.98658769429112,0.0
13.1,-0.7742971249578687,2.817772812141198,25.626214549568754,0.0
13.105,-0.594925439282274,2.7943938716019345,25.273714539540613,0.0
13.11,-0.42625705147047377,2.77249025725358,24.928373247288306,0.0
13.115,-0.26511286153819014,2.752901758159138,24.589802591600513,0.0
13.120000000000001,-0.11437533949802567,2.734216353395048,24.25800893272999,0.0
13.125,0.027891564973304,2.7185402732856665,23.93178638912781,0.0
13.13,0.16170793323058147,2.7060187039119334,23.612610267289277,0.0
13.135,0.28867265895929256,2.696479844035208,23.29971589368934,0.0
13.14,0.4102909000552255,2.68985479144155,22.993200747358276,0.0
13.145,0.5247663919377944,2.6869150198817326,22.691574806143915,0.0
13.15,0.6330452674883034,2.6874862498129075,22.3969557838241,0.0
13.155000000000001,0.7368226730084204,2.692392158198485,22.10564735331731,0.0
13.16,0.8341379763853013,2.7011645223308314,21.82003815837374,0.0
13.165000000000001,0.9282616415467737,2.713025196243251,21.540867699164146,0.0
13.17,1.0172642302888524,2.728892563709643,21.26742293324275,0.0
13.175,1.1019959803307906,2.7508731494685117,20.996561115117753,0.0
13.18,1.1840866380336972,2.7761295988267336,20.73124292246403,0.0
13.185,1.2648634648943657,2.805171224193047,20.471123139964828,0.0
13.19,1.3416281852378367,2.8390830381267893,20.215572868615837,0.0
13.195,1.416534969711699,2.8777773423669504,19.964575640141916,0.0
13.200000000000001,1.490015669088701,2.91973347371076,19.718557318374685,0.0
13.205,1.5620546408976335,2.965137941405824,19.47761112195761,0.0
13.21,1.6320443791582968,3.016848503909996,19.24059788869935,0.0
13.215,1.7006024955178745,3.0737334704332304,19.00926845424359,0.0
13.22,1.7693671782133464,3.134229058327498,18.782759022579192,0.0
13.225,1.8375488220086327,3.200326649988747,18.55815061562736,0.0
13.23,1.9061306714075088,3.270942628069037,18.340525307085823,0.0
13.235,1.974524316353397,3.3460241614054205,18.12710294884373,0.0
13.24,2.04411484331321,3.426467885097309,17.918408724914276,0.0
13.245000000000001,2.1139280013852537,3.5121531182751164,17.714357623976408,0.0
13.25,2.184764158675509,3.6025182662582957,17.514832755479652,0.0
13.255,2.2554190798903875,3.699362693482223,17.32108147187645,0.0
13.26,2.3273953068073636,3.801042631314134,17.132905518754608,0.0
13.265,2.4013131858536783,3.908549183247266,16.950336045962718,0.0
13.27,2.474998665350107,4.022362153975767,16.77002522901964,0.0
13.275,2.551829970932265,4.141246043891459,16.596107627424406,0.0
13.280000000000001,2.6309429404060682,4.265648101529033,16.428968111310542,0.0
13.285,2.7132976931250123,4.395457027181299,16.26691781220159,0.0
13.290000000000001,2.796449750835992,4.532751170666689,16.109865798255864,0.0
13.295,2.8843373982247185,4.676019842758081,15.958469343470952,0.0
13.3,2.974062714564172,4.826518968549591,15.813424481936817,0.0
13.305,3.065874574554909,4.9835225558187695,15.675192488560477,0.0
13.31,3.1615621527070923,5.147570559188255,15.542199909701502,0.0
13.315,3.259575925289705,5.317964760717894,15.41596151703196,0.0
13.32,3.3615585060936275,5.496128476928112,15.297224068655545,0.0
13.325000000000001,3.468079020241706,5.6838180609631115,15.186934702260361,0.0
13.33,3.5795605143967575,5.877323184682188,15.08255807657211,0.0
13.335,3.6939058872782353,6.077961570682169,14.986247432739013,0.0
13.34,3.8125514743365225,6.287227964854839,14.89836741010404,0.0
13.345,3.936078973531984,6.506195140348156,14.819401865844888,0.0
13.35,4.064480880066254,6.731552988148353,14.749576332910582,0.0
13.355,4.1986253303394685,6.966546332583551,14.690093731463808,0.0
13.36,4.338312644917819,7.211302004263723,14.641793529717253,0.0
13.365,4.482203776092156,7.46507130640018,14.602959386764017,0.0
13.370000000000001,4.631731537438406,7.72773153109286,14.575503330804873,0.0
13.375,4.7851905876472856,7.999298219639574,14.559515166153286,0.0
13.38,4.945896767240683,8.280119307010503,14.556339529242328,0.0
13.385,5.11243955672628,8.572117478318043,14.56616656583036,0.0
13.39,5.285653005932936,8.872349674908294,14.590622568900825,0.0
13.395,5.465809625050149,9.182554855480552,14.631161103729035,0.0
13.4,5.650950804836954,9.501537822145831,14.686798650739387,0.0
13.405000000000001,5.843053338755212,9.829843728286733,14.760127925516782,0.0
13.41,6.042685449440486,10.167081348581474,14.850231987951064,0.0
13.415000000000001,6.24731012172222,10.513059422702172,14.960076945195999,0.0
13.42,6.4604149608482215,10.867966114047409,15.090972847347564,0.0
13.425,6.680263625072211,11.23094168574662,15.243131971539071,0.0
13.43,6.907616389347607,11.601443673567115,15.415331680649388,0.0
13.435,7.142199543589638,11.979028663565542,15.610854446481381,0.0
13.44,7.384697558804318,12.36084192296935,15.830784760919299,0.0
13.445,7.632225117010141,12.748075078495432,16.075940086239513,0.0
13.450000000000001,7.887840724023406,13.139249460240562,16.348846970865953,0.0
13.455,8.149297490998805,13.532596194334257,16.649683583355966,0.0
13.46,8.418956403524675,13.92715155198835,16.97831784550718,0.0
13.465,8.694104724243784,14.320190085590927,17.339334886249926,0.0
13.47,8.976230176811084,14.711303629042387,17.731278685825348,0.0
13.475,9.26312317387486,15.098396609304565,18.155323255019752,0.0
13.48,9.555559521278868,15.477783723659199,18.612692255323804,0.0
13.485,9.851794357523694,15.848888992283035,19.104917042229523,0.0
13.49,10.1524689849348,16.208838760631018,19.63102361003902,0.0
13.495000000000001,10.453744132044324,16.55348318369434,20.191219488736305,0.0
13.5,10.758429288379158,16.879987036724057,20.786559418472024,0.0
13.505,11.06512383849771,17.183427593258312,21.41877611384501,0.0
13.51,11.370146416163871,17.460537921860986,22.085003222613423,0.0
13.515,11.674370044405883,17.70918513337641,22.782853343789096,0.0
13.52,11.976207122047008,17.925258361829375,23.5132898099322,0.0
13.525,12.27345190276448,18.10538917045698,24.274134461951974,0.0
13.530000000000001,12.565239435154933,18.242400221126402,25.062847137939496,0.0
13.535,12.849795839992826,18.336875854257258,25.875030513288163,0.0
13.540000000000001,13.125042424251385,18.382132193910742,26.7080325522887,0.0
13.545,13.387711040246456,18.374403181685025,27.558322688849483,0.0
13.55,13.637433803724521,18.312264867679254,28.42082401176132,0.0
13.555,13.871245084672223,18.19274012573513,29.290267373338793,0.0
13.56,14.087391246571897,18.01213201659618,30.161516510090802,0.0
13.565,14.283420610195337,17.769364125059486,31.027527107964488,0.0
13.57,14.458078504012976,17.464341756676014,31.88462231864614,0.0
13.575000000000001,14.60743302966108,17.096683997798685,32.720880350698735,0.0
13.58,14.732851555696294,16.665834139110263,33.53348055957871,0.0
13.585,14.829459663178778,16.175835122837956,34.31377623362072,0.0
13.59,14.89715386520102,15.624637307067376,35.05570564851514,0.0
13.595,14.93327916464917,15.021076013997172,35.75162299664931,0.0
13.6,14.938387546406487,14.368025746830254,36.39550278579427,0.0
13.605,14.911072592946416,13.669137603874558,36.98254375297801,0.0
13.61,14.848695616214766,12.931799077223058,37.50872718458031,0.0
13.615,14.753827816808855,12.162612464838462,37.96861306598093,0.0
13.620000000000001,14.623981084831433,11.368051714835243,38.36045499021708,0.0
13.625,14.460629762321497,10.552723050484625,38.678775100437726,0.0
13.63,14.265000856700592,9.728505494462667,38.92492746979264,0.0
13.635,14.037919304751094,8.901048726157967,39.100333671855715,0.0
13.64,13.781474622852247,8.077971981503937,39.204442342406,0.0
13.645,13.497057446344071,7.265414674569461,39.23799394720522,0.0
13.65,13.18463619663151,6.470474450887656,39.20378976048238,0.0
13.655000000000001,12.84846591760544,5.698976891523819,39.10657613413839,0.0
13.66,12.491231739212209,4.9564161113042235,38.951259094349396,0.0
13.665000000000001,12.11623209378421,4.247385681327496,38.74188481526607,0.0
13.67,11.722040288938773,3.5762528306860153,38.48238446171158,0.0
13.675,11.314742236376746,2.943401846842516,38.17885784347192,0.0
13.68,10.897099040191062,2.3518650127126075,37.83611376310698,0.0
13.685,10.471159957044748,1.8035249897906445,37.45996121989489,0.0
13.69,10.03726571134892,1.29889908682327,37.05493767490008,0.0
13.695,9.601584705103969,0.8383148843262664,36.62698997183628,0.0
13.700000000000001,9.162991907122551,0.4198762096696474,36.179421769993446,0.0
13.705,8.72488211837175,0.042682733514747995,35.7162540774647,0.0
13.71,8.29099383989607,-0.29390563827045446,35.2424872314669,0.0
13.715,7.8613637436543815,-0.5925621231195686,34.76184098159434,0.0
13.72,7.438207289698616,-0.8558308311760514,34.2758281347752,0.0
13.725,7.023366374023523,-1.0843520310525299,33.786718661453634,0.0
13.73,6.617239438664651,-1.2828354045232253,33.29921869104848,0.0
13.735,6.221666929832759,-1.4506399568541821,32.812658936537936,0.0
13.74,5.83606424044176,-1.5927904321494473,32.33001351101601,0.0
13.745000000000001,5.464062771336051,-1.7110834003213613,31.85342451441842,0.0
13.75,5.10511459691141,-1.8088227028482073,31.380695917516654,0.0
13.755,4.761199487104424,-1.8883188378500448,30.916125556000306,0.0
13.76,4.430410926346402,-1.9498663792686775,30.45859688642205,0.0
13.765,4.110684450579842,-1.9957555296849583,30.009868784691115,0.0
13.77,3.8060353460376914,-2.02616792167716,29.56798791484414,0.0
13.775,3.513728918475128,-2.0458646296623595,29.136186482533503,0.0
13.780000000000001,3.2357991502509957,-2.0559539473974664,28.712527351336785,0.0
13.785,2.9699906701599006,-2.056935511778787,28.296624623437012,0.0
13.790000000000001,2.7187804093976666,-2.0498550573488212,27.88866327908657,0.0
13.795,2.4804121539192114,-2.037726896773424,27.488910060737723,0.0
13.8,2.254055824580572,-2.019926270528233,27.097509712877997,0.0
13.805,2.040509222271838,-1.9992537099432093,26.71351291942661,0.0
13.81,1.8389124819478713,-1.9758827477593275,26.336162602348896,0.0
13.815,1.6471224087968843,-1.9507825958377505,25.96744239983728,0.0
13.82,1.4675807640085194,-1.9246672595028933,25.604543500789454,0.0
13.825000000000001,1.2967386637784246,-1.8968942026302795,25.248572108782778,0.0
13.83,1.1371181477987176,-1.8697961931425542,24.900271310320303,0.0
13.835,0.9865983009423906,-1.8423909425577585,24.55770635050005,0.0
13.84,0.8448107588903669,-1.8171297314868398,24.22031762906477,0.0
13.845,0.7114236244312717,-1.7925964572750663,23.888922488548424,0.0
13.85,0.5867470547397348,-1.769996596245651,23.563795708850208,0.0
13.855,0.46974525214406676,-1.7469317918015603,23.245841725183414,0.0
13.86,0.359427936524252,-1.7269951893415119,22.93156182196113,0.0
13.865,0.2555143899232838,-1.7081459559819654,22.62125724388771,0.0
13.870000000000001,0.15729240340769485,-1.6929031177194684,22.316534818579054,0.0
13.875,0.06407446298916102,-1.6809197263616344,22.01737057432643,0.0
13.88,-0.023264538277162655,-1.6694381051449372,21.72434776236499,0.0
13.885,-0.10508118408712441,-1.6618507308729435,21.43514924192264,0.0
13.89,-0.18336190883660622,-1.6552746824122841,21.15036286369013,0.0
13.895,-0.25732448817064213,-1.6527045495523416,20.868895279918988,0.0
13.9,-0.3280808322065059,-1.6534125799678727,20.59292834026835,0.0
13.905000000000001,-0.39451845109570693,-1.6565603373264934,20.32121182129101,0.0
13.91,-0.4574073356284363,-1.6640334548564821,20.05263311836094,0.0
13.915000000000001,-0.51697524752817,-1.673131764346233,19.78953727104514,0.0
13.92,-0.5749318567352864,-1.6863439525699677,19.52972147140429,0.0
13.925,-0.6299962791409633,-1.7023479146713771,19.27416523662191,0.0
13.93,-0.6827745828025573,-1.72019399895119,19.021217382324657,0.0
13.935,-0.7350179723179578,-1.7407847917514288,18.773490424404756,0.0
13.94,-0.7854822286910587,-1.7654130372990418,18.52938510981734,0.0
13.945,-0.8335507765486447,-1.7932892009363417,18.28864542488956,0.0
13.950000000000001,-0.8812473000988049,-1.8245270712336596,18.05168460988818,0.0
13.955,-0.9284096333851661,-1.8596515977420949,17.819472419667203,0.0
13.96,-0.9751734074215749,-1.8973371861724813,17.589657655845325,0.0
13.965,-1.0221983992339865,-1.940024018072639,17.364478080663186,0.0
13.97,-1.067956903911536,-1.9845164776670674,17.143376632077278,0.0
13.975,-1.1139184715546722,-2.0326673125210544,16.924984542612144,0.0
13.98,-1.1588586229947893,-2.084385386696807,16.71139388737172,0.0
13.985,-1.2047653658622959,-2.139013917104645,16.50131806684574,0.0
13.99,-1.2519456510899827,-2.1976843299249755,16.293340962301606,0.0
13.995000000000001,-1.2988824469590237,-2.2606919424979037,16.09120854453495,0.0
14.0,-1.3470524544644622,-2.325533516658608,15.892005349400586,0.0
14.005,-1.396368617973664,-2.3963034948145765,15.695564348590285,0.0
14.01,-1.4460048219533639,-2.470852337636336,15.502009166858336,0.0
14.015,-1.496606673412335,-2.5487937999145296,15.313366503772171,0.0
14.02,-1.5497510533659293,-2.6300392089216067,15.127432851776456,0.0
14.025,-1.6033872639542526,-2.7169323575758204,14.945663885589319,0.0
14.030000000000001,-1.6584545536464594,-2.8088325554897953,14.766363773650756,0.0
14.035,-1.7165940454632684,-2.903850104130646,14.592618879080042,0.0
14.040000000000001,-1.77555402030484,-3.0037615097128323,14.422754699936979,0.0
14.045,-1.8367164969250813,-3.1096518422563975,14.25566816511444,0.0
14.05,-1.9001050485048465,-3.2200018714934773,14.094085280438138,0.0
14.055,-1.965408861657991,-3.335216850529957,13.93725675016348,0.0
14.06,-2.03369011314251,-3.4556817194978655,13.785086930041311,0.0
14.065,-2.1044898968386057,-3.5841360236189628,13.635597233871746,0.0
14.07,-2.1787549436583507,-3.717628406857846,13.492913161790986,0.0
14.075000000000001,-2.2553343121621,-3.857355035881224,13.354028211858571,0.0
14.08,-2.3366423489967274,-4.003720293951295,13.21977185854679,0.0
14.085,-2.4200868761875003,-4.1563847838905374,13.089894925183836,0.0
14.09,-2.5080048470521095,-4.316285027251557,12.966267515428108,0.0
14.095,-2.59757647997307,-4.482942956431559,12.847185521488068,0.0
14.1,-2.692410326810167,-4.657146899853547,12.734149685292673,0.0
14.105,-2.7913327731866877,-4.840179696623558,12.626678441629986,0.0
14.11,-2.8939597649181206,-5.0313456245620785,12.52532053758063,0.0
14.115,-3.000558629808586,-5.230129623393315,12.431146203161566,0.0
14.120000000000001,-3.1127102825718613,-5.438467337887668,12.343770405932867,0.0
14.125,-3.229171873997968,-5.656098595394781,12.263342438315762,0.0
14.13,-3.350423812692346,-5.882843892826219,12.19111879258632,0.0
14.135,-3.47742486142486,-6.1189887863099255,12.1264287191001,0.0
14.14,-3.609493609061333,-6.3652615062118,12.069575887279878,0.0
14.145,-3.7482723254589545,-6.62211432194391,12.02377736369835,0.0
14.15,-3.8913451230076057,-6.88898994529713,11.987778755329256,0.0
14.155000000000001,-4.040066133534962,-7.166863579765613,11.960910917146126,0.0
14.16,-4.196339325309193,-7.455359926199223,11.946864368674982,0.0
14.165000000000001,-4.359681929307056,-7.754391526856158,11.944989915690206,0.0
14.17,-4.528849746545004,-8.066051936870732,11.954468003563402,0.0
14.175,-4.707153435362697,-8.388867701100134,11.978887389421653,0.0
14.18,-4.891302144896591,-8.72429866300392,12.016692422936107,0.0
14.185,-5.081970540711078,-9.070704749805335,12.071001379980574,0.0
14.19,-5.281539568722871,-9.430418443081006,12.139889029303392,0.0
14.195,-5.489890412828914,-9.80286395509773,12.22729398414904,0.0
14.200000000000001,-5.705929356736095,-10.186420573773715,12.334395698374799,0.0
14.205,-5.929624565324996,-10.58175207742448,12.460916773894851,0.0
14.21,-6.161928330973817,-10.990928449452799,12.608149492714322,0.0
14.215,-6.402464628842546,-11.411054408732975,12.779631242062992,0.0
14.22,-6.652809800322093,-11.841046656268508,12.974426540026439,0.0
14.225,-6.9120039705517025,-12.28135072443333,13.19622441214731,0.0
14.23,-7.180077597140791,-12.731563045096209,13.443609230914516,0.0
14.235,-7.457433867892739,-13.189084511891089,13.721777523526338,0.0
14.24,-7.7439994657989075,-13.654982234756405,14.031072156972487,0.0
14.245000000000001,-8.039753521953894,-14.12742830059332,14.37295174717462,0.0
14.25,-8.343543645921656,-14.604889914961667,14.748591318711888,0.0
14.255,-8.65637309137911,-15.085800068021499,15.160802391247817,0.0
14.26,-8.976773683765764,-15.565004763006453,15.612580179264778,0.0
14.265,-9.307921334359088,-16.04223610874036,16.10332617732854,0.0
14.27,-9.645065450383978,-16.514911249929078,16.635186539813947,0.0
14.275,-9.988352754602007,-16.981143108858664,17.21147760704754,0.0
14.280000000000001,-10.339465058917543,-17.434502072998775,17.829953716883193,0.0
14.285,-10.69361003374514,-17.872607113822813,18.49373134907481,0.0
14.290000000000001,-11.052263584654515,-18.29052910813234,19.203451938634863,0.0
14.295,-11.414441904526157,-18.68459909713267,19.95855861070749,0.0
14.3,-11.777485194732705,-19.049955744621776,20.759310996584862,0.0
14.305,-12.14148187004439,-19.38042547132324,21.6046053686853,0.0
14.31,-12.50233974933501,-19.672820339220454,22.493984970767176,0.0
14.315,-12.859710848325891,-19.919108509053167,23.424032186700636,0.0
14.32,-13.213572621685291,-20.11272488367036,24.392591169703014,0.0
14.325000000000001,-13.559010589892452,-20.249709404813792,25.396550281422787,0.0
14.33,-13.893433168417214,-20.325160588961673,26.43143125747686,0.0
14.335,-14.215950344091048,-20.333905313945454,27.490093792862694,0.0
14.34,-14.522398673657724,-20.267478067760354,28.568976018162303,0.0
14.345,-14.8100855179751,-20.1236386762115,29.657975960944043,0.0
14.35,-15.07523334634592,-19.900167352079297,30.752341945943364,0.0
14.355,-15.316513381221162,-19.59254494035199,31.841732291475783,0.0
14.36,-15.52994360003065,-19.201397276414376,32.917382647576595,0.0
14.365,-15.713190679899139,-18.723911554808932,33.970117419119404,0.0
14.370000000000001,-15.86417444544823,-18.161030763932217,34.988950084585504,0.0
14.375,-15.979520722791534,-17.517326414862605,35.96339728352631,0.0
14.38,-16.056618645417295,-16.793393556232484,36.88292316867007,0.0
14.385,-16.092684118466124,-15.996366130733131,37.73896334224768,0.0
14.39,-16.08758236897837,-15.131754221728322,38.5225254766682,0.0
14.395,-16.039882173303777,-14.210469500946946,39.225943785404425,0.0
14.4,-15.947474783928676,-13.239226947871558,39.84163998023584,0.0
14.405000000000001,-15.81208329863957,-12.228625903237061,40.36606540656982,0.0
14.41,-15.63341892980884,-11.189566106704277,40.79338630176786,0.0
14.415000000000001,-15.41084314457181,-10.132947875080644,41.1249998936796,0.0
14.42,-15.146235919610898,-9.070680308436888,41.35705702562321,0.0
14.425,-14.841922338359396,-8.015022033734946,41.49197156312824,0.0
14.43,-14.499474942451117,-6.9729399884763374,41.534040846549225,0.0
14.435,-14.123145189424134,-5.956389795427503,41.48522222029082,0.0
14.44,-13.715393744320858,-4.973707115372641,41.35371125504292,0.0
14.445,-13.277451253060857,-4.032858137676419,41.14284962802057,0.0
14.450000000000001,-12.814279599783427,-3.1402999576018953,40.86268143216538,0.0
14.455,-12.329701735100162,-2.3009987199906186,40.51904503541726,0.0
14.46,-11.8275419604669,-1.517322997354765,40.12148780095087,0.0
14.465,-11.313062837132364,-0.7928782073771719,39.676506260215874,0.0
14.47,-10.786973150386352,-0.12851679081878364,39.19281418788475,0.0
14.475,-10.253667843378118,0.47622881525811367,38.676213867514775,0.0
14.48,-9.716178059685266,1.0216514298380956,38.13652642397308,0.0
14.485,-9.180065241840618,1.5073305128497694,37.57759066153692,0.0
14.49,-8.647102029835834,1.9381801577154218,37.007775506523565,0.0
14.495000000000001,-8.117148435597398,2.317278943008998,36.42969119152321,0.0
14.5,-7.5970699825061505,2.6478582040924117,35.84943089729714,0.0
14.505,-7.084874183836756,2.9333349063548773,35.27107413500029,0.0
14.51,-6.5842964503447154,3.175432295386817,34.69667062630319,0.0
14.515,-6.096792351254875,3.3788314925579765,34.12989037947209,0.0
14.52,-5.622461725539985,3.548961426583031,33.57239316641538,0.0
14.525,-5.163903976304285,3.687197218976959,33.02447300849614,0.0
14.530000000000001,-4.721325932586858,3.799599439364081,32.48737433618085,0.0
14.535,-4.295955688338359,3.8871563777511526,31.964022416378263,0.0
14.540000000000001,-3.886159210479406,3.953962063798711,31.45453557053966,0.0
14.545,-3.4945121761194904,4.001802469306149,30.95863190256394,0.0
14.55,-3.119363188634199,4.032579827808056,30.4754582209768,0.0
14.555,-2.761962362951914,4.052085667698426,30.005993643607663,0.0
14.56,-2.4210657949698726,4.058796249554774,29.549610781260185,0.0
14.565,-2.0974265424870686,4.05662374625205,29.106592689817944,0.0
14.57,-1.7895313631792025,4.048090191696158,28.676187728294412,0.0
14.575000000000001,-1.4971526481900963,4.034651796202907,28.257937407849116,0.0
14.58,-1.2186035713584995,4.01613586303424,27.849144876148003,0.0
14.585,-0.956517052639232,3.995282028044542,27.453675265088552,0.0
14.59,-0.7101824313102773,3.972680283322022,27.068788719852076,0.0
14.595,-0.47667490626552217,3.949528168803528,26.693900147451693,0.0
14.6,-0.25574804487280445,3.927471837522625,26.328505755255964,0.0
14.605,-0.04720658766704777,3.9050454029557433,25.97241258149119,0.0
14.61,0.15010815477899808,3.885086822954612,25.62543418104141,0.0
14.615,0.33617288051317074,3.8676879947934206,25.286572977937556,0.0
14.620000000000001,0.5125305258780586,3.852903626984579,24.95616207764155,0.0
14.625,0.6777196938979542,3.8423290130647945,24.632639923710997,0.0
14.63,0.8362223544005256,3.8339181345169484,24.317849507655698,0.0
14.635,0.9870609127271348,3.829536553767117,24.009857833595287,0.0
14.64,1.1305861453536188,3.830775243418924,23.70859419736559,0.0
14.645,1.2648907597407686,3.8347489325957174,23.414081111261428,0.0
14.65,1.3929098535483502,3.8456087537186736,23.125829764150133,0.0
14.655000000000001,1.5151797165325067,3.8602025082136966,22.84462494696091,0.0
14.66,1.6305963215096932,3.879452231100798,22.568686944628418,0.0
14.665000000000001,1.7424586809943727,3.905323268236905,22.299100618498144,0.0
14.67,1.849392786993622,3.936132521434743,22.036923413824148,0.0
14.675,1.9544287204636188,3.971599995515318,21.780419507465176,0.0
14.68,2.0547983441415605,4.012625277276688,21.5297566891359,0.0
14.685,2.1530984512678515,4.059384012412436,21.283294465677898,0.0
14.69,2.2489544726254977,4.1119918788042815,21.042111774021542,0.0
14.695,2.3425040426511488,4.169587060266596,20.807050008182685,0.0
14.700000000000001,2.4332210920386563,4.233962142968187,20.577622033332513,0.0
14.705,2.5232604902918214,4.302802542541795,20.354116400900487,0.0
14.71,2.613046149106145,4.377850536613869,20.13630671817248,0.0
14.715,2.7011982570584387,4.458386144348839,19.923900864285628,0.0
14.72,2.7893819277680874,4.546014640963025,19.71886382662606,0.0
14.725,2.877532511526692,4.638490747881006,19.51840033216545,0.0
14.73,2.9647872856790802,4.73747871256601,19.324867815624273,0.0
14.735,3.054172772593859,4.842390532109857,19.13687512917466,0.0
14.74,3.142098460253101,4.9544376428046295,18.95624674267849,0.0
14.745000000000001,3.2336185345403403,5.07281883719317,18.782612003002434,0.0
14.75,3.3258749880614653,5.198180702661199,18.61400664684086,0.0
14.755,3.4197114974656753,5.32842186445752,18.452301601901784,0.0
14.76,3.5153120900922454,5.464101419769858,18.29687481139976,0.0
14.765,3.612390128141208,5.608018610392985,18.148807792413383,0.0
14.77,3.7119702463100768,5.758529140139833,18.007665847147155,0.0
14.775,3.8144201936032944,5.915709111989434,17.874783189644567,0.0
14.780000000000001,3.9194789883110652,6.078998383621455,17.74974857578879,0.0
14.785,4.027349032613479,6.24978664353875,17.631486171097364,0.0
14.790000000000001,4.1391638172444,6.428184802973578,17.52303007093638,0.0
14.795,4.255109293465522,6.613534419668194,17.42202383948546,0.0
14.8,4.372960359338583,6.805872761887171,17.32915848143539,0.0
14.805,4.494865779070987,7.004575459926371,17.24688984121928,0.0
14.81,4.620899622306595,7.211009426492381,17.173287685951273,0.0
14.815,4.751276170743234,7.424751481499779,17.109488064172826,0.0
14.82,4.886336663534413,7.645716896266498,17.058681072590133,0.0
14.825000000000001,5.025714463881176,7.875055170721726,17.017426861376457,0.0
14.83,5.168638077681719,8.111884033085387,16.987357084571734,0.0
14.835,5.31684677225922,8.357204869940551,16.97128455519651,0.0
14.84,5.468804093876959,8.608617442770187,16.966823606670296,0.0
14.845,5.624518056101678,8.867178790244933,16.97488390681768,0.0
14.85,5.786518824272656,9.133045867776888,16.997540787342274,0.0
14.855,5.954846269576087,9.40620484126052,17.034503517478587,0.0
14.86,6.128122082252251,9.686500115279108,17.0871163193762,0.0
14.865,6.305225538257146,9.973547425519703,17.156758160116507,0.0
14.870000000000001,6.490648721320449,10.26565622394511,17.241292507562257,0.0
14.875,6.6812169410568485,10.563727555334577,17.34462216827016,0.0
14.88,6.87648288638498,10.866875913170782,17.466028509431645,0.0
14.885,7.076899747708045,11.175444057647942,17.60693613872957,0.0
14.89,7.283330681917055,11.488115570050677,17.76860706267805,0.0
14.895,7.492768115679649,11.801725389869244,17.950784756983463,0.0
14.9,7.707879777335375,12.119727207149666,18.152660974332516,0.0
14.905000000000001,7.928749907835197,12.437855721125365,18.37636952282168,0.0
14.91,8.15509520751224,12.756154393900683,18.624519399940375,0.0
14.915000000000001,8.384188985896552,13.074483171918382,18.895724039847252,0.0
14.92,8.619445101238382,13.391244927573652,19.19181281097852,0.0
14.925,8.857458348802101,13.70228750759743,19.513560401614235,0.0
14.93,9.10034670008131,14.011100753695443,19.860844149481686,0.0
14.935,9.345797078311705,14.31164308583196,20.23531278065526,0.0
14.94,9.593665500178396,14.603034919551515,20.634450764785598,0.0
14.945,9.845887153670688,14.883078938709092,21.058473794231602,0.0
14.950000000000001,10.097816710231,15.150563425236165,21.51074645465139,0.0
14.955,10.349452901946075,15.401672871302404,21.98900584933897,0.0
14.96,10.602792931306585,15.634720229278678,22.49285893665524,0.0
14.965,10.854449392331832,15.847614851944657,23.022285941123805,0.0
14.97,11.104669195096713,16.03970599489464,23.574989848827517,0.0
14.975,11.351174782968753,16.204997613952123,24.150266747389498,0.0
14.98,11.594512831706307,16.342914579128436,24.74863239765761,0.0
14.985,11.831830161724273,16.448558517378153,25.365659171124133,0.0
14.99,12.062288740366546,16.521427260552336,25.999620790197362,0.0
14.995000000000001,12.286405025799162,16.56059422773876,26.649027708324084,0.0
15.0,12.499709573246026,16.560032115307195,27.311469118187784,0.0
15.005,12.702726186885927,16.519848535860074,27.983069355107318,0.0
15.01,12.892692326716734,16.43888014685086,28.65926605509831,0.0
15.015,13.068512673772402,16.313051599376763,29.33731679128324,0.0
15.02,13.230530341466775,16.144051387023207,30.011186610176303,0.0
15.025,13.375612652271629,15.93041046724795,30.680275853642375,0.0
15.030000000000001,13.503224078492753,15.67127070481333,31.337520614057947,0.0
15.035,13.611362690532436,15.367156605513895,31.978547530416986,0.0
15.040000000000001,13.699634194852205,15.01988518614563,32.59805885419996,0.0
15.045,13.765394786852335,14.630150931125828,33.194024542464476,0.0
15.05,13.808614991349527,14.199344224019791,33.75778575426092,0.0
15.055,13.82770654326939,13.730267387562062,34.28808561520808,0.0
15.06,13.822417523078702,13.227446623605388,34.77956176764724,0.0
15.065,13.792376471540658,12.691711961479417,35.23061837157774,0.0
15.07,13.736897009787398,12.128565043921048,35.63706768025015,0.0
15.075000000000001,13.654992439246143,11.542182364452826,35.9931367687298,0.0
15.08,13.548840710984841,10.938730271696096,36.300923331764196,0.0
15.085,13.417367463654998,10.320763165624951,36.55824999772108,0.0
15.09,13.262672619842332,9.695227125295979,36.76358773162521,0.0
15.095,13.082826382842283,9.065763825975482,36.917823392064655,0.0
15.1,12.881823515527088,8.437830363744327,37.01826972444894,0.0
15.105,12.660017233972315,7.815926696423814,37.067612458264165,0.0
15.11,12.418787454429344,7.202830158628475,37.06720279978334,0.0
15.115,12.157061478864442,6.604238851067019,37.01984602948677,0.0
15.120000000000001,11.878700698704275,6.023312506929523,36.92702793334371,0.0
15.125,11.587104803951123,5.462697728847029,36.79262228867236,0.0
15.13,11.280763749646932,4.925986777442386,36.61856799483534,-0.0
15.135,10.961796081139092,4.415457306518807,36.409429511596336,-0.0
15.14,10.634689842063137,3.931655910352762,36.165721604734884,-0.0
15.145,10.298636296909695,3.478562762380183,35.89360138510989,-0.0
15.15,9.957375438365204,3.0550052539525305,35.594299982282415,-0.0
15.155000000000001,9.612929253599127,2.6604041440165207,35.27119225609599,-0.0
15.16,9.26508985090174,2.2988008734912757,34.92804455480404,-0.0
15.165000000000001,8.916888351684104,1.9656740131297628,34.569190175961566,-0.0
15.17,8.569517809510142,1.6628419632385802,34.19635384877336,-0.0
15.175,8.224586840518562,1.3891052258389918,33.81182710549617,-0.0
15.18,7.881532626487256,1.1426553505001684,33.4168336862897,-0.0
15.185,7.545953890196375,0.9242393909441455,33.01613807310316,-0.0
15.19,7.214868045458555,0.7298909248552254,32.611952819669895,-0.0
15.195,6.890722050701853,0.5605621257346726,32.203672337834135,-0.0
15.200000000000001,6.5740247945435915,0.41393791776324973,31.793956734108793,-0.0
15.205,6.267012148555693,0.28762870716041483,31.38492395327159,-0.0
15.21,5.966968020611751,0.17991015351116413,30.97400804437241,-0.0
15.215,5.678267418044528,0.0898794293833421,30.567121555740165,-0.0
15.22,5.399059933155417,0.016475875391735714,30.162327934420333,-0.0
15.225,5.129119667223279,-0.04243789437760016,29.760102904712987,-0.0
15.23,4.870582389218462,-0.08609639878517439,29.36138637372145,-0.0
15.235,4.62217441539295,-0.11825658217667745,28.9676320939482,-0.0
15.24,4.384760858717957,-0.1400739148165147,28.57821480149343,-0.0
15.245000000000001,4.157611789325257,-0.1513566109001993,28.19539473150671,-0.0
15.25,3.9411212406611678,-0.15584986046702404,27.81625697761723,-0.0
15.255,3.737555092977898,-0.15023366349799563,27.44141238801197,-0.0
15.26,3.542814517669109,-0.1393412319240817,27.074783571507258,-0.0
15.265,3.359937788090092,-0.12127033589895686,26.712749187185878,-0.0
15.27,3.1863952219261202,-0.09900425799200466,26.354461186706388,-0.0
15.275,3.021756263325281,-0.07172644597919654,26.00059295904248,-0.0
15.280000000000001,2.8663706450958726,-0.04102221248678049,25.654617051244454,-0.0
15.285,2.7202166020367433,-0.007115988563520199,25.31329651615155,-0.0
15.290000000000001,2.5840141335087115,0.030193386384372356,24.976149552397448,-0.0
15.295,2.4562919622867545,0.0683460417043191,24.642310668456457,-0.0
15.3,2.3371063692495477,0.10941897252310334,24.314696114398927,-0.0
15.305,2.225080061279541,0.15228076617917202,23.992508744617147,-0.0
15.31,2.1217575206694654,0.19529847864943203,23.67340433216708,-0.0
15.315,2.0243789416674676,0.24091553755866604,23.360185354426214,-0.0
15.32,1.9354052492935565,0.2879445690493376,23.05136029665734,-0.0
15.325000000000001,1.8518357624245545,0.33377442748674024,22.74605685821858,-0.0
15.33,1.7760686700653023,0.381091598999813,22.445563561943416,-0.0
15.335,1.7065539281363853,0.4297907034262608,22.14899213824864,-0.0
15.34,1.642259372736707,0.4767584693989862,21.856610839688205,-0.0
15.345,1.5847138588457228,0.524280352254994,21.568933678345548,-0.0
15.35,1.5305512921407427,0.5722534129172713,21.285298782554054,-0.0
15.355,1.4827130622928417,0.6206358228874496,21.00721134870778,-0.0
15.36,1.439601238182976,0.668905231922855,20.73187485378835,-0.0
15.365,1.400983859710953,0.7176986566602557,20.45917091784556,-0.0
15.370000000000001,1.3667110022227313,0.7654137137691976,20.19125192446157,-0.0
15.375,1.336753130399703,0.8164278607859703,19.925882229791,-0.0
15.38,1.3107615359845162,0.8663290751483388,19.66543907916939,-0.0
15.385,1.2881776797125368,0.9180416759111004,19.409549690529722,-0.0
15.39,1.2695842263808683,0.9692579100927552,19.156718586284306,-0.0
15.395,1.2545564920152448,1.0203646288702983,18.90711760129531,-0.0
15.4,1.2416397386951723,1.0712534221381134,18.66240528346783,-0.0
15.405000000000001,1.232525549912897,1.1235193265102672,18.421782601908774,-0.0
15.41,1.2262905741435914,1.1777324943523142,18.18237230987841,-0.0
15.415000000000001,1.223063610869334,1.232237125782509,17.947072881088925,-0.0
15.42,1.2223148906489412,1.2876293287521603,17.715879877656832,-0.0
15.425,1.2263934556464604,1.343860917068584,17.48859637734516,-0.0
15.43,1.2328768505833874,1.400362974191706,17.264092047938195,-0.0
15.435,1.2409716731535092,1.4592190938207235,17.042485657729557,-0.0
15.44,1.2512761068168163,1.519848974473554,16.824239688527687,-0.0
15.445,1.2647241563306335,1.5818846375924964,16.609902511959454,-0.0
15.450000000000001,1.2801155696230209,1.6451112620159707,16.39728902996747,-0.0
15.455,1.2979348030822075,1.7119440254229867,16.188928122797464,-0.0
15.46,1.318662936686098,1.7789712164904543,15.984077364594755,-0.0
15.465,1.3415333527960693,1.8499990075136148,15.784051176426345,-0.0
15.47,1.3661744801349154,1.9210060114131213,15.58678946588714,-0.0
15.475,1.3930231276311706,1.9963319372594035,15.393663453370023,-0.0
15.48,1.422324418822123,2.0744811536094603,15.201671783017058,-0.0
15.485000000000001,1.4553970784729184,2.1544117318157747,15.01438657386574,-0.0
15.49,1.489258090536443,2.2388001766756425,14.829102683352637,-0.0
15.495000000000001,1.5271854092086283,2.3248323003654057,14.648341891696285,-0.0
15.5,1.5673509628495204,2.414798949640434,14.470801652966662,-0.0
15.505,1.6100956800597626,2.5091182070072113,14.295577566018075,-0.0
15.51,1.6558018180950633,2.606178163405343,14.12552943524669,-0.0
15.515,1.7035770787851556,2.7067803654808467,13.958137951866771,-0.0
15.52,1.752714971147978,2.813714079143066,13.794997295547493,-0.0
15.525,1.804235164088035,2.923500217988478,13.63562424356701,-0.0
15.530000000000001,1.8605580575370324,3.0389643579314463,13.480218919478943,-0.0
15.535,1.919469296083538,3.159438934304755,13.328863520738139,-0.0
15.540000000000001,1.980876233958997,3.284460367093441,13.181791069867256,-0.0
15.545,2.0466929109955907,3.4151933058364268,13.03972335176623,-0.0
15.55,2.1160160370626278,3.5511776385794587,12.901573648590174,-0.0
15.555,2.188801939095719,3.69276708483077,12.767338790426825,-0.0
15.56,2.263926286821421,3.8417053489652107,12.637831150961121,-0.0
15.565,2.3425664728658604,3.9961148671211038,12.513911614514425,-0.0
15.57,2.4250528120344974,4.156965162269656,12.393873497083588,-0.0
15.575000000000001,2.5120189199719993,4.32570435237941,12.279260117231319,-0.0
15.58,2.6033771781544233,4.502226663448657,12.169538654144716,-0.0
15.585,2.6977795413753576,4.686270050795098,12.06700034280746,-0.0
15.59,2.7955220638793303,4.878173948416208,11.96944680957444,-0.0
15.595,2.8984638511849345,5.078273728571182,11.878124071803446,-0.0
15.6,3.007371470343822,5.2858103301086805,11.793341970675026,-0.0
15.605,3.1201137995208206,5.503385577310123,11.714798043367738,-0.0
15.610000000000001,3.239443083415021,5.7295329310314775,11.644834246544676,-0.0
15.615,3.364732175134531,5.965215217783647,11.582105292734536,-0.0
15.620000000000001,3.4932318092591226,6.211659534818271,11.52803755244817,-0.0
15.625,3.6288967058072488,6.467790726654929,11.482178876256816,-0.0
15.63,3.7695825259862525,6.736356834889611,11.446742194927724,-0.0
15.635,3.917710195984648,7.014034186928378,11.420549786709191,-0.0
15.64,4.073065053061822,7.303525421671549,11.404725930052395,-0.0
15.645,4.23373131611856,7.605053494020875,11.40223592526885,-0.0
15.65,4.40201879636471,7.918102280724857,11.411492031884078,-0.0
15.655000000000001,4.578726700492374,8.242004652899881,11.434023496247143,-0.0
15.66,4.761586396234022,8.57954914514284,11.46979320120988,-0.0
15.665000000000001,4.951577387372168,8.93069902922584,11.521672071889421,-0.0
15.67,5.149659034054279,9.293247215344685,11.589566290026967,-0.0
15.675,5.3573792424756155,9.669162335924224,11.674310643154508,-0.0
15.68,5.571176710937049,10.057235439244241,11.77614993523716,-0.0
15.685,5.795638337735397,10.459019117156966,11.898528267168503,-0.0
15.69,6.028403730160269,10.874420364946594,12.043377393911092,-0.0
15.695,6.271154394560651,11.29949038226163,12.211858352981809,-0.0
15.700000000000001,6.5231419832951865,11.736377408835512,12.403268656458586,-0.0
15.705,6.7829450179233675,12.185101786929748,12.620346836699893,-0.0
15.71,7.053523700747977,12.646490407490885,12.864566042480291,-0.0
15.715,7.332185807474099,13.117484506467243,13.138547261290475,-0.0
15.72,7.62144674542784,13.596063343184403,13.444740140951192,-0.0
15.725,7.920673050654314,14.082912096834962,13.78304945192687,-0.0
15.73,8.228959303120643,14.576737046576316,14.156911338136405,-0.0
15.735000000000001,8.545638434433597,15.073446565589073,14.568044838026209,-0.0
15.74,8.872980815875515,15.571891179824775,15.018308041598237,-0.0
15.745000000000001,9.20769210833697,16.069259962465104,15.508569126149824,-0.0
15.75,9.549767262656133,16.563477420721895,16.04267187020216,-0.0
15.755,9.899724783783537,17.052160148339233,16.61920669004835,-0.0
15.76,10.257889749713163,17.530000848068354,17.24183982320863,-0.0
15.765,10.620929794889296,17.99413663080968,17.911157929438215,-0.0
15.77,10.990204284506577,18.44006312367604,18.627347520315936,-0.0
15.775,11.362441804618118,18.86236633570856,19.393440112692137,-0.0
15.780000000000001,11.735789700752118,19.25539492584163,20.206046906220195,-0.0
15.785,12.111635080649094,19.61677382109243,21.066721511888204,-0.0
15.790000000000001,12.486988835843741,19.939416852981736,21.973795924274523,-0.0
15.795,12.859835099722542,20.21434147685596,22.925269778277837,-0.0
15.8,13.22815493351636,20.439853716398478,23.918813147229006,-0.0
15.805,13.58826006599991,20.608079662861122,24.951232090124655,-0.0
15.81,13.940156537798323,20.712012329063374,26.01935280481096,-0.0
15.815,14.278476610139743,20.74528417830027,27.114659215361197,-0.0
15.82,14.601567900976827,20.704596286476654,28.23469324633089,-0.0
15.825000000000001,14.905902508514624,20.582893583914917,29.36979176328372,-0.0
15.83,15.189876411158256,20.37754361145546,30.511533936831285,-0.0
15.835,15.449055859203114,20.085736477962566,31.65159791121707,-0.0
15.84,15.680812685460653,19.703697907203296,32.7807960551873,-0.0
15.845,15.88195550368505,19.23031579449482,33.888827836785595,-0.0
15.85,16.049690443389775,18.66609780992176,34.96464296331939,-0.0
15.855,16.17961429283393,18.01411520293536,35.99584187559829,-0.0
15.860000000000001,16.271255126726647,17.277902273375577,36.97274837677036,-0.0
15.865,16.321685757338383,16.46160507186635,37.8849566743502,-0.0
15.870000000000001,16.32822007900618,15.572773587347333,38.72262047460379,-0.0
15.875,16.289989319998433,14.620323959786294,39.478676246371215,-0.0
15.88,16.20732565994384,13.61253846373343,40.14269823640398,-0.0
15.885,16.077752002312923,12.559536397140658,40.71064587030478,-0.0
15.89,15.902088726486019,11.475996866700909,41.1766392232075,-0.0
15.895,15.68098112265745,10.370365201119892,41.54012405329624,-0.0
15.9,15.414250171840115,9.25675923091174,41.79960053533001,-0.0
15.905000000000001,15.10634907575082,8.147721335740737,41.95631226190708,-0.0
15.91,14.75824507020837,7.054097071962841,42.01172029083657,-0.0
15.915000000000001,14.371963672698456,5.98492801246036,41.9719478169806,-0.0
15.92,13.950920402186851,4.951772407958105,41.84271667743887,-0.0
15.925,13.499774511647807,3.9621946959441527,41.63074504240687,-0.0
15.93,13.022956980166791,3.022335570039548,41.341926032496644,-0.0
15.935,12.522849596550184,2.1378869621955214,40.98757394234603,-0.0
15.94,12.004171546696636,1.3152579303661114,40.574266519901414,-0.0
15.945,11.470148045162407,0.555517928322063,40.11330967874518,-0.0
15.950000000000001,10.924688147867458,-0.14340791472723813,39.611412776837,-0.0
15.955,10.37138371126795,-0.7767537564489598,39.075190976059524,-0.0
15.96,9.814589397421551,-1.3477222277167775,38.512812506024474,-0.0
15.965,9.255082689368221,-1.855681969283751,37.933370812801,-0.0
15.97,8.698790908806929,-2.3062677854055216,37.34247399048026,-0.0
15.975,8.148770325849581,-2.7013006164136333,36.74472001925168,-0.0
15.98,7.606813979274499,-3.044655913674689,36.145449840467386,-0.0
15.985000000000001,7.0734988903248786,-3.3398415781774764,35.54767514211896,-0.0
15.99,6.5513829026947334,-3.590218627870924,34.956590315138186,-0.0
15.995000000000001,6.043350219845471,-3.8007812171516884,34.373603031994136,-0.0
16.0,5.551415549811232,-3.976995595187941,33.80088508051707,-0.0
16.005,5.075123106803636,-4.117803802975076,33.24015076054845,-0.0
16.01,4.614579259817223,-4.230977543488619,32.69290477587814,-0.0
16.015,4.172402602926622,-4.317244157747917,32.158520031053406,-0.0
16.02,3.748094964167307,-4.3819827770574555,31.6403484695756,-0.0
16.025,3.3408706609653924,-4.43011680762753,31.13665986954558,-0.0
16.03,2.951778969353086,-4.458635308250149,30.64676286043453,-0.0
16.035,2.5812323945360345,-4.474741757060908,30.172417920962364,-0.0
16.04,2.227294494815182,-4.47960701384365,29.711979358382017,-0.0
16.045,1.8917541638747484,-4.47709203869766,29.26603231085991,-0.0
16.05,1.5745170902914927,-4.4678608644959255,28.83323715959972,-0.0
16.055,1.2724952043875155,-4.451615358995674,28.412748303416993,-0.0
16.06,0.9864730255910974,-4.433195897532384,28.00512272452366,-0.0
16.065,0.7147140836274317,-4.410868281105373,27.61003347206432,-0.0
16.07,0.4578453554344476,-4.385775173968177,27.227229727380205,-0.0
16.075,0.21529658182036782,-4.36188992710418,26.85281592824857,-0.0
16.080000000000002,-0.01285258339379941,-4.338969197600454,26.489993474861997,-0.0
16.085,-0.2288535031308246,-4.318440948360599,26.137131521402807,-0.0
16.09,-0.432734852232863,-4.299649013600606,25.79325264411176,-0.0
16.095,-0.6257019584885827,-4.282167884406174,25.45920122971574,-0.0
16.1,-0.8071584789949462,-4.268805008626278,25.132425879943227,-0.0
16.105,-0.9801204535784204,-4.259137168578214,24.814351615343234,-0.0
16.11,-1.145494189672763,-4.251771359940045,24.503219859301417,-0.0
16.115000000000002,-1.3001491421689046,-4.2503005458559695,24.200759998069614,-0.0
16.12,-1.4478935710578351,-4.254469752298009,23.905406950171336,-0.0
16.125,-1.5879428451034576,-4.26182752467112,23.61777281716069,-0.0
16.13,-1.7224342902827787,-4.2757743310958904,23.336358018108598,-0.0
16.135,-1.8497895514552305,-4.294216365427368,23.062057052972847,-0.0
16.14,-1.971532289336466,-4.3199262010846455,22.795568533725156,-0.0
16.145,-2.089129122666009,-4.351176975615339,22.535141007004146,-0.0
16.15,-2.202607684593364,-4.387199381825761,22.279994212612923,-0.0
16.155,-2.311176589306314,-4.427263758816039,22.03145019532926,-0.0
16.16,-2.417182647928955,-4.4728865369239825,21.78930237828793,-0.0
16.165,-2.5198878398133373,-4.5256913500971825,21.552056515143633,-0.0
16.17,-2.618909559931978,-4.584872240532846,21.321001676134532,-0.0
16.175,-2.717054847197147,-4.650441010282561,21.096115898875063,-0.0
16.18,-2.8146967117838453,-4.720842196033227,20.87727469636579,-0.0
16.185,-2.9099708554567476,-4.7968281381021045,20.66538956537541,-0.0
16.19,-3.0051099930052234,-4.879971957062975,20.45900600959156,-0.0
16.195,-3.0998512429722567,-4.968698200121252,20.259475267411883,-0.0
16.2,-3.194256013461871,-5.0633232734357385,20.06658443302085,-0.0
16.205000000000002,-3.287317545956048,-5.1646196711780865,19.880303663921268,-0.0
16.21,-3.381078681434737,-5.273361290041524,19.70140811088581,-0.0
16.215,-3.475671363252503,-5.3871891828865826,19.528388133096804,-0.0
16.22,-3.571713228280331,-5.506848524135274,19.361094439061393,-0.0
16.225,-3.668187232570635,-5.63310634093032,19.20212155444488,-0.0
16.23,-3.766859715594625,-5.767299647113061,19.051419814411172,-0.0
16.235,-3.8665383875563495,-5.906754849742963,18.905948537750888,-0.0
16.240000000000002,-3.9692170990448767,-6.053185938379574,18.768929920708377,-0.0
16.245,-4.074419787829453,-6.207297781751665,18.638081949622766,-0.0
16.25,-4.181118418541131,-6.36691071684336,18.51600129814326,-0.0
16.255,-4.290203865411464,-6.533024921262257,18.403191063002897,-0.0
16.26,-4.402946415707641,-6.70774213768025,18.2975897953129,-0.0
16.265,-4.517404868861416,-6.88730038981738,18.20166755035963,-0.0
16.27,-4.633901924078237,-7.074528913163983,18.114069230728248,-0.0
16.275,-4.756614054212993,-7.268283505109875,18.036799750822894,-0.0
16.28,-4.882450358393896,-7.46862548151785,17.96834703716925,-0.0
16.285,-5.010881912481181,-7.6769876278851275,17.909952146028335,-0.0
16.29,-5.1447265580125885,-7.892048303984148,17.86380905392042,-0.0
16.295,-5.281572121832893,-8.113625250915387,17.828290763132628,-0.0
16.3,-5.422846008414807,-8.340802491339462,17.804374054190713,-0.0
16.305,-5.569105333035745,-8.575790514591818,17.792772488097196,-0.0
16.31,-5.718812979849563,-8.815859224906022,17.794083021375997,-0.0
16.315,-5.872799453358292,-9.063585216776833,17.80813979351868,-0.0
16.32,-6.030919873041171,-9.31722548789483,17.83698812696271,-0.0
16.325,-6.195595840278929,-9.577250831886106,17.880074441029524,-0.0
16.330000000000002,-6.365686763498422,-9.842219752399481,17.938225115064792,-0.0
16.335,-6.541288404422815,-10.113193958422986,18.011166392893237,-0.0
16.34,-6.71960600660774,-10.389242238333837,18.101074312195042,-0.0
16.345,-6.903555946060364,-10.669624777508135,18.20935289603732,-0.0
16.35,-7.092135620183724,-10.95476440227862,18.33571100574359,-0.0
16.355,-7.285669896589168,-11.242062198112194,18.480007737086492,-0.0
16.36,-7.483544440965194,-11.532844455982033,18.64393787705284,-0.0
16.365000000000002,-7.686393740225715,-11.82637372320099,18.82729422165954,-0.0
16.37,-7.894349076060476,-12.119060051319433,19.02962018832841,-0.0
16.375,-8.105885268959547,-12.411857762632712,19.25423300958278,-0.0
16.38,-8.321600696506756,-12.705103784758208,19.500671485172457,-0.0
16.385,-8.541188711007532,-12.995279047077165,19.76832317627312,-0.0
16.39,-8.764926448882028,-13.281412271474224,20.06006755755703,-0.0
16.395,-8.990701413487088,-13.563954765114474,20.374014352611518,-0.0
16.4,-9.218990823632735,-13.838922941793433,20.7115841188436,-0.0
16.405,-9.449843315796658,-14.10607275942756,21.07270281300569,-0.0
16.41,-9.682577374843273,-14.361745563439495,21.45824699162221,-0.0
16.415,-9.91497751850346,-14.606529718800148,21.86715154820961,-0.0
16.42,-10.1508508726986,-14.837543799083488,22.299770927184614,-0.0
16.425,-10.385047426061096,-15.052013842831595,22.754483640225907,-0.0
16.43,-10.617505755832235,-15.24858141696237,23.232362194214712,-0.0
16.435,-10.849017939472274,-15.424838968478117,23.732358547289195,-0.0
16.44,-11.07812106855188,-15.578877947863502,24.25179142804581,-0.0
16.445,-11.301896945296287,-15.708779029227193,24.791791808754695,-0.0
16.45,-11.523147843507639,-15.811572526882747,25.348772343835314,-0.0
16.455000000000002,-11.736865733702281,-15.886070680474916,25.92288970428228,-0.0
16.46,-11.944098317733646,-15.928794071465726,26.50947195343024,-0.0
16.465,-12.142993714716622,-15.938419040469634,27.1072146042504,-0.0
16.47,-12.333013372293685,-15.91262473390968,27.713649972639008,-0.0
16.475,-12.510891823229876,-15.84933975563343,28.325120894398587,-0.0
16.48,-12.678101622807372,-15.749151602420936,28.93921014709968,-0.0
16.485,-12.831253774254515,-15.611377205882956,29.551218277885965,-0.0
16.490000000000002,-12.969928843819453,-15.434465822274383,30.15849449007357,-0.0
16.495,-13.093070771711744,-15.21674620674137,30.756568406399364,-0.0
16.5,-13.200069014906642,-14.960829052795816,31.34202582026987,-0.0
16.505,-13.287688781766644,-14.665786964468875,31.91125705086454,-0.0
16.51,-13.355105240585443,-14.332563725497755,32.45983454145271,-0.0
16.515,-13.404271188759015,-13.962999507756935,32.98595019497845,-0.0
16.52,-13.432546496909355,-13.558574199847307,33.48197011961938,-0.0
16.525,-13.43933356930463,-13.122765097604871,33.94647370128563,-0.0
16.53,-13.424259572606267,-12.657513137821939,34.37620466440632,-0.0
16.535,-13.38610599767753,-12.16707142743879,34.767387285711514,-0.0
16.54,-13.324856195553034,-11.652716984101417,35.11939195254839,-0.0
16.545,-13.24137416546159,-11.118991629165215,35.427533374402046,-0.0
16.55,-13.135230035288643,-10.572163035578175,35.69229188537184,-0.0
16.555,-13.007253909858903,-10.015157619992928,35.910527735534366,-0.0
16.56,-12.857611185085954,-9.45071769593379,36.082532968492664,-0.0
16.565,-12.68683376550993,-8.883968313115574,36.20869071742463,-0.0
16.57,-12.496154010171871,-8.31849988960736,36.290209930797175,-0.0
16.575,-12.287898602875464,-7.758525292424947,36.32677830472894,-0.0
16.580000000000002,-12.062406197138865,-7.207754371117744,36.31961516407647,-0.0
16.585,-11.81943434598581,-6.671171333906816,36.270587608822275,-0.0
16.59,-11.562100093658637,-6.150204305488743,36.1795530763139,-0.0
16.595,-11.291300004489704,-5.647186880035736,36.05184897523719,-0.0
16.6,-11.008484497613887,-5.16405169505147,35.8899286672017,-0.0
16.605,-10.716268686695031,-4.7042772251822855,35.69725275438572,-0.0
16.61,-10.414994367130728,-4.2670843423718,35.4735754528177,-0.0
16.615000000000002,-10.107433232994623,-3.856507065108521,35.22163751575534,-0.0
16.62,-9.794221676469023,-3.4722062341855313,34.94570088458132,-0.0
16.625,-9.477844224821412,-3.1151495477081905,34.64928704914656,-0.0
16.63,-9.160351535363533,-2.784485891412106,34.33492233697236,-0.0
16.635,-8.841412644895964,-2.480715244779842,34.004528797971645,-0.0
16.64,-8.522417779628197,-2.2023347765314996,33.66151289986971,-0.0
16.645,-8.207098610494475,-1.950029370758186,33.307411859558606,-0.0
16.65,-7.894679748796115,-1.723305858732257,32.94330429554192,-0.0
16.655,-7.5860800825709465,-1.5198505516291436,32.57098450598431,-0.0
16.66,-7.282547693578138,-1.3392880419829973,32.19303800686909,-0.0
16.665,-6.985832529521055,-1.1792435406061221,31.811765340572137,-0.0
16.67,-6.695882970535177,-1.039920364176132,31.42922034981797,-0.0
16.675,-6.41310719078881,-0.9191472119785006,31.045093321404373,-0.0
16.68,-6.137505355753395,-0.8168132838343299,30.66017874204088,-0.0
16.685,-5.871305641946257,-0.7309255943648925,30.27727983454005,-0.0
16.69,-5.6147472606992554,-0.6596139171469031,29.89488591914018,-0.0
16.695,-5.365922571901399,-0.603900307274497,29.514557902661664,-0.0
16.7,-5.127584086987361,-0.5595849551770464,29.13655148166663,-0.0
16.705000000000002,-4.898292039271936,-0.5275150273969099,28.76214514878318,-0.0
16.71,-4.680353815849103,-0.5073217015124932,28.39076744299075,-0.0
16.715,-4.4721957896147515,-0.49551320776588065,28.02416485324871,-0.0
16.72,-4.273981491341276,-0.4933820054498363,27.661338595452705,-0.0
16.725,-4.085962526379472,-0.4978450923943076,27.3033511763177,-0.0
16.73,-3.9064960156889983,-0.5089920898628197,26.948610954001026,-0.0
16.735,-3.736218479173684,-0.5271318054763254,26.599570404647395,-0.0
16.740000000000002,-3.5759923471292834,-0.5499556467306987,26.256533289106105,-0.0
16.745,-3.424953688364207,-0.5784688393361158,25.914402742096197,-0.0
16.75,-3.2822493935598795,-0.6109923903985865,25.57875980695816,-0.0
16.755,-3.148718712318195,-0.647176895477527,25.247999038286892,-0.0
16.76,-3.0223126045112925,-0.6875129218433055,24.92150138982783,-0.0
16.765,-2.9061019538178243,-0.7302302237655164,24.59928243874379,-0.0
16.77,-2.797423091907248,-0.7756238629998443,24.281738266485974,-0.0
16.775,-2.695932407438359,-0.8241941895679565,23.96856566680632,-0.0
16.78,-2.602197356851377,-0.8753191872291376,23.660964747678996,-0.0
16.785,-2.5159521931971365,-0.9277665366601977,23.355715935581404,-0.0
16.79,-2.435189466302234,-0.9800852197491603,23.056577097554918,-0.0
16.795,-2.3632684841523157,-1.0345488102309526,22.76180255987423,-0.0
16.8,-2.2957011337930027,-1.0912348180282705,22.470848022983017,-0.0
16.805,-2.2346875844361267,-1.1495769702563448,22.183604345093173,-0.0
16.81,-2.1816785528348444,-1.2091343043557123,21.902680083755893,-0.0
16.815,-2.133710870551032,-1.2690531558381515,21.624651856375483,-0.0
16.82,-2.090245744094306,-1.3307002620217618,21.348907924924944,-0.0
16.825,-2.0528542275469084,-1.3953220038282708,21.07876363642162,-0.0
16.830000000000002,-2.020924157490374,-1.4583380448354955,20.812594574613318,-0.0
16.835,-1.992323442547466,-1.523780856327998,20.5492148944133,-0.0
16.84,-1.9688953947660754,-1.591290565018982,20.291155987956213,-0.0
16.845,-1.9494277384915082,-1.6591196833805262,20.03655111827942,-0.0
16.85,-1.9353482454646302,-1.7279899080586156,19.785341093080454,-0.0
16.855,-1.925531957425789,-1.7983632409580381,19.53819415877678,-0.0
16.86,-1.9194220060581944,-1.8709149011183688,19.293519520921055,-0.0
16.865000000000002,-1.9172002550439724,-1.9455461576692352,19.05414860255536,-0.0
16.87,-1.9185788744141197,-2.0214074854686834,18.81970883825404,-0.0
16.875,-1.9224207709260346,-2.0998470588759366,18.588674044075937,-0.0
16.88,-1.931243766783724,-2.180059044035524,18.361437637797803,-0.0
16.885,-1.944721845089158,-2.262407463822256,18.13814862976226,-0.0
16.89,-1.9607984036703754,-2.3477643721480934,17.91782996286441,-0.0
16.895,-1.9804965956646563,-2.4342528250504953,17.701222457974673,-0.0
16.9,-2.0031802778532484,-2.525047572237123,17.489852292414835,-0.0
16.905,-2.030048282100596,-2.6171513229727177,17.2821529513845,-0.0
16.91,-2.0601577793822043,-2.712801006235682,17.07893962264394,-0.0
16.915,-2.09401273360984,-2.8125685980380957,16.87947747672475,-0.0
16.92,-2.130248192429422,-2.913690386394149,16.684437447252744,-0.0
16.925,-2.1686779569613024,-3.0203109497867535,16.49288646270879,-0.0
16.93,-2.211917426247095,-3.1302954302549546,16.305752408265572,-0.0
16.935,-2.258088695536121,-3.244721803780557,16.122445295353163,-0.0
16.94,-2.3059789857491997,-3.3632108968982153,15.94444038815752,-0.0
16.945,-2.358937856145959,-3.4855101353010336,15.769477043948063,-0.0
16.95,-2.4163607121188257,-3.612845813130117,15.601165148073651,-0.0
16.955000000000002,-2.476644292590587,-3.744575229870836,15.435786116161514,-0.0
16.96,-2.5405132916501327,-3.8811560993854535,15.275850447162275,-0.0
16.965,-2.6077936442565934,-4.023892563075212,15.121745689248923,-0.0
16.97,-2.6781457938390307,-4.172617173968754,14.972176456441764,-0.0
16.975,-2.7522922230626072,-4.326111340647984,14.828092654550908,-0.0
16.98,-2.8310167903285226,-4.485854595896431,14.68997809746167,-0.0
16.985,-2.9140337312660516,-4.651864945720279,14.557312767069833,-0.0
16.990000000000002,-3.0004514386876826,-4.823984498785304,14.430885192110155,-0.0
16.995,-3.0909334603539995,-5.0031844715710925,14.311253074359337,-0.0
17.0,-3.1860487318488957,-5.188651742850815,14.196899864536245,-0.0
17.005,-3.2866952565202863,-5.382529913527864,14.090094128666893,-0.0
17.01,-3.3909541116772637,-5.583291162024793,13.990220975179557,-0.0
17.015,-3.5011919715473625,-5.7917316854261305,13.897281694323917,-0.0
17.02,-3.6159125610503935,-6.009418388846804,13.813395317300364,-0.0
17.025,-3.734012923267668,-6.2346719560501205,13.737540504874605,-0.0
17.03,-3.859443202907407,-6.469874770255647,13.670435855866634,-0.0
17.035,-3.989205125182784,-6.713686565734538,13.61230520075328,-0.0
17.04,-4.1248297929512585,-6.967304018536765,13.564147656378116,-0.0
17.045,-4.267586325738524,-7.2317794192837,13.526715897953322,-0.0
17.05,-4.41579045316601,-7.5046373008291205,13.499403292098684,-0.0
17.055,-4.571692348992832,-7.786743867601248,13.485995338238238,-0.0
17.06,-4.732200952142197,-8.080334013693932,13.484244941287411,-0.0
17.065,-4.89938497069892,-8.383359457513501,13.495522367688292,-0.0
17.07,-5.074130065939556,-8.695804119301894,13.521441103957796,-0.0
17.075,-5.2554944589795305,-9.019524303538368,13.560869192308846,-0.0
17.080000000000002,-5.442465952483788,-9.352938693553826,13.616787268020959,-0.0
17.085,-5.637919985881316,-9.69774947537448,13.690465563508699,-0.0
17.09,-5.841220418087744,-10.052527345801025,13.782044457022451,-0.0
17.095,-6.051660393411803,-10.417474590286913,13.892546810206946,-0.0
17.1,-6.269787392182609,-10.792150010211941,14.022845667969987,-0.0
17.105,-6.496215345509665,-11.177319420172037,14.173405233552629,-0.0
17.11,-6.730005975943682,-11.56971751808623,14.346528483622011,-0.0
17.115000000000002,-6.971554338329173,-11.972041097868377,14.544830517095994,-0.0
17.12,-7.221389691775455,-12.380852736062181,14.76728553753676,-0.0
17.125,-7.479390312849939,-12.795945109248747,15.017468740367057,-0.0
17.13,-7.745643617475775,-13.217123520529576,15.29491044971163,-0.0
17.135,-8.019219132679897,-13.643873315992197,15.60353676898065,-0.0
17.14,-8.301192897959611,-14.072922885122678,15.941870867769657,-0.0
17.145,-8.59099082784211,-14.501360505132798,16.313726292585752,-0.0
17.150000000000002,-8.886291355238203,-14.930143380602562,16.720023192681396,-0.0
17.155,-9.18841624218505,-15.357200263272464,17.16206416751767,-0.0
17.16,-9.497395992152844,-15.779329254478025,17.639059625672346,-0.0
17.165,-9.811314382887183,-16.192408597273438,18.153325138276525,-0.0
17.17,-10.129974610335646,-16.595198625377975,18.705664819518812,-0.0
17.175,-10.45198126643737,-16.983597154861805,19.297857184663343,-0.0
17.18,-10.778366788744512,-17.353670538616,19.92873310991371,-0.0
17.185,-11.108931846591865,-17.701648012828056,20.598528010204728,-0.0
17.19,-11.43798350364397,-18.024124092262596,21.30823881000039,-0.0
17.195,-11.76691739941582,-18.316555032330246,22.056108587059644,-0.0
17.2,-12.094496542876163,-18.57473394015155,22.83983140837426,-0.0
17.205000000000002,-12.418496836422014,-18.794539898086956,23.657461692900267,-0.0
17.21,-12.737627470259762,-18.97116754683136,24.509486121836176,-0.0
17.215,-13.048085862097324,-19.097510472021153,25.39216462690843,-0.0
17.22,-13.35059079030797,-19.172692885995254,26.301304036391734,-0.0
17.225,-13.643301304636939,-19.19118285940518,27.23085728861339,-0.0
17.23,-13.920466626805128,-19.146044197542988,28.17718948657832,-0.0
17.235,-14.182069484910455,-19.03718704226646,29.1342147585752,-0.0
17.240000000000002,-14.425044732579476,-18.86177048455215,30.09552152647606,-0.0
17.245,-14.6468621717752,-18.61568394471914,31.055067203117634,-0.0
17.25,-14.845201452813601,-18.298287663960334,32.00488208659427,-0.0
17.255,-15.017120498705195,-17.910647879031426,32.936676202965224,-0.0
17.26,-15.162183258378663,-17.44966361637408,33.8416097049141,-0.0
17.265,-15.276152947368766,-16.920033754743624,34.71307157649217,-0.0
17.27,-15.358895642219354,-16.322760932412567,35.5419721413745,-0.0
17.275000000000002,-15.407284521944476,-15.661620014400576,36.320426904432075,-0.0
17.28,-15.420287801164001,-14.941950907645378,37.042589017165106,-0.0
17.285,-15.396516392516203,-14.169709698094128,37.700140415009905,-0.0
17.29,-15.33510333603247,-13.351460274679443,38.2869339591417,-0.0
17.295,-15.236089119838978,-12.496882153245897,38.799781496250525,-0.0
17.3,-15.098350945241535,-11.612270261531597,39.23486506345912,-0.0
17.305,-14.923317787395808,-10.706848428561422,39.58802771675229,-0.0
17.31,-14.712150265323219,-9.787543143083726,39.859295262657874,-0.0
17.315,-14.46635437862998,-8.866257490157297,40.04711587238876,-0.0
17.32,-14.186821131173987,-7.952345415605384,40.15379289905775,-0.0
17.325,-13.876685797004273,-7.049314547340085,40.183448402018996,-0.0
17.330000000000002,-13.536437456501636,-6.168330497084565,40.13507780253663,-0.0
17.335,-13.16830522348852,-5.316298064047479,40.01801180865747,-0.0
17.34,-12.773930783627547,-4.498560365861188,39.83368635992804,-0.0
17.345,-12.35955605691129,-3.7195812894344957,39.589596526872995,-0.0
17.35,-11.927403047259755,-2.9860481450666594,39.291553955315116,-0.0
17.355,-11.480578121039656,-2.2980881065711394,38.946391610979255,-0.0
17.36,-11.021896554449102,-1.6585061938744534,38.56038765900755,-0.0
17.365000000000002,-10.553248924044262,-1.0675000842375686,38.1367864197449,-0.0
17.37,-10.07900772401008,-0.5271163279344117,37.684679789748685,-0.0
17.375,-9.602320723546827,-0.03666567107438384,37.20839019957769,-0.0
17.38,-9.123633899019165,0.4049693254386374,36.71466323319666,-0.0
17.385,-8.647162754186978,0.8002939234564646,36.20720744334774,-0.0
17.39,-8.17394260510137,1.1501275362713825,35.68890207921763,-0.0
17.395,-7.7072084562435474,1.4586963113822575,35.16597754110043,-0.0
17.400000000000002,-7.248763655165828,1.7277834116850248,34.639992015850964,-0.0
17.405,-6.80002634130288,1.958616593604335,34.11695150231295,-0.0
17.41,-6.363445672079399,2.1567164884366923,33.596629782151545,-0.0
17.415,-5.937438488970971,2.32451310678947,33.07915026227605,-0.0
17.42,-5.525141354176772,2.4633352460977784,32.56848913368225,-0.0
17.425,-5.124786546672197,2.577739038269843,32.064804130296146,-0.0
17.43,-4.740595586567276,2.669900974187476,31.570303118415524,-0.0
17.435,-4.3703616768112825,2.741338501053436,31.084809519372225,-0.0
17.44,-4.016440084874336,2.795472995821615,30.610024785617263,-0.0
17.445,-3.6757942143639255,2.833301135869141,30.14436451182535,-0.0
17.45,-3.3509970646269145,2.8579169672487814,29.690974142610763,-0.0
17.455000000000002,-3.0411141072981254,2.8726225755582946,29.24629828898583,-0.0
17.46,-2.7474099592279746,2.8775507963593587,28.812532628514333,-0.0
17.465,-2.465182349643178,2.8753252879382964,28.389076686222474,-0.0
17.47,-2.197981168022409,2.8660025549824346,27.974289348647726,-0.0
17.475,-1.945522467431599,2.850457710522533,27.568995505247024,-0.0
17.48,-1.704041907977799,2.8314607766665354,27.173618796993924,-0.0
17.485,-1.477754103248166,2.810601293596347,26.78733772445943,-0.0
17.490000000000002,-1.2639554209792327,2.787053075215688,26.40924789488721,-0.0
17.495,-1.062198334642173,2.7624913519397998,26.038172137456538,-0.0
17.5,-0.8702161338933849,2.7371255984202296,25.675998335880593,-0.0
17.505,-0.6909074734079454,2.7132564083607016,25.32234496301883,-0.0
17.51,-0.5198255211152036,2.690706677085015,24.97567756795244,-0.0
17.515,-0.3579872283321545,2.668396516163938,24.63557379824888,-0.0
17.52,-0.20663683441122857,2.6491740798278665,24.303320495580873,-0.0
17.525000000000002,-0.06316337313895695,2.6310367754595716,23.97657945710945,-0.0
17.53,0.07188143948046263,2.615145747448233,23.657004913355667,-0.0
17.535,0.19848231152644102,2.603455605731352,23.342874277518522,-0.0
17.54,0.3181725739421992,2.5946881421965777,23.03464970162668,-0.0
17.545,0.4318434921877225,2.59018021516419,22.729638104269853,-0.0
17.55,0.5402219998495166,2.588347748155841,22.4312370542611,-0.0
17.555,0.6414554227705112,2.590454572026067,22.13835628795488,-0.0
17.56,0.7392644095212788,2.597492701919405,21.851911171337214,-0.0
17.565,0.8317081678745606,2.6072963343834696,21.570398139170106,-0.0
17.57,0.9205563970074496,2.620723587588703,21.292802780311863,-0.0
17.575,1.005766958280625,2.6388144369516477,21.02133511937077,-0.0
17.580000000000002,1.0873512522994777,2.659709700799705,20.75333970552689,-0.0
17.585,1.167075935888279,2.6851206625042314,20.490586912349194,-0.0
17.59,1.2433205815759516,2.7160536024666997,20.233666600080237,-0.0
17.595,1.317422253328283,2.7509867450697705,19.980460288447386,-0.0
17.6,1.3883471251646926,2.79095708012262,19.73142385067547,-0.0
17.605,1.4580472257297912,2.8341835335727406,19.486963238844485,-0.0
17.61,1.5275001585227395,2.881837982595366,19.24867984522903,-0.0
17.615000000000002,1.5954993773554393,2.9347765992521424,19.01457020675832,-0.0
17.62,1.6623475582233511,2.9922999920557927,18.78328917085674,-0.0
17.625,1.7287956308122625,3.0544892136615975,18.558270081201286,-0.0
17.63,1.7960984861405076,3.12136166353802,18.337392137266693,-0.0
17.635,1.8632831776936074,3.1923696227525373,18.120019702581416,-0.0
17.64,1.9294219359674876,3.268528141738706,17.90807198526458,-0.0
17.645,1.9966744858050902,3.3481647122132485,17.700767880325824,-0.0
17.650000000000002,2.063329108092108,3.4334028459553174,17.497230919089894,-0.0
17.655,2.131174450058688,3.5242998093780025,17.300486630053,-0.0
17.66,2.1998955556330517,3.6206357070713406,17.1063348373483,-0.0
17.665,2.2693654306447275,3.7228120886878227,16.918330647334095,-0.0
17.67,2.3425079592649234,3.8295911121112676,16.734397167577683,-0.0
17.675,2.417913553519168,3.9429013316027732,16.556453222707592,-0.0
17.68,2.493985394741651,4.061672222490674,16.383535520815,-0.0
17.685,2.572540233163329,4.186704222102633,16.215236330221803,-0.0
17.69,2.6531037911798476,4.317908634014443,16.05333641755898,-0.0
17.695,2.7371986014886502,4.453908420574531,15.897750454129499,-0.0
17.7,2.8240381426595427,4.5969026954450865,15.746102002651236,-0.0
17.705000000000002,2.9133970147245827,4.746824665570423,15.6007998271664,-0.0
17.71,3.005382405871724,4.903633498517853,15.461602262197033,-0.0
17.715,3.1010667659123206,5.068131982147722,15.328642157972245,-0.0
17.72,3.1990538260462156,5.239782570728552,15.203011456432867,-0.0
17.725,3.300702181476833,5.418859337652627,15.084192761032282,-0.0
17.73,3.40752738515086,5.6037986234959565,14.973209360461396,-0.0
17.735,3.51740136275878,5.798190115402774,14.869315528655328,-0.0
17.740000000000002,3.6318542811121497,6.001320272701893,14.772471091905599,-0.0
17.745,3.750306236257323,6.211179951401454,14.684937666490486,-0.0
17.75,3.873156621909726,6.4300412187779585,14.606919554461046,-0.0
17.755,4.000739786616053,6.6568979397479024,14.536733174452866,-0.0
17.76,4.13439129306132,6.893020977150684,14.475319950927316,-0.0
17.765,4.272458145943124,7.137518503099118,14.425365627160309,-0.0
17.77,4.41477104206862,7.390996292912827,14.38481756318238,-0.0
17.775000000000002,4.562814180443827,7.65390768112478,14.355208794614162,-0.0
17.78,4.718151025276049,7.925880474262783,14.338400734267886,-0.0
17.785,4.878688326948558,8.208482790888155,14.333550516307564,-0.0
17.79,5.044932408768691,8.500846221601085,14.34372380298746,-0.0
17.795,5.217322642450235,8.801357206282576,14.366109647105027,-0.0
17.8,5.396719185727075,9.114514590681077,14.404822941091892,0.0
17.805,5.58242949161697,9.435619993808539,14.45868649024438,0.0
17.81,5.774921212681759,9.765454768409622,14.529007722322586,0.0
17.815,5.974429671188565,10.104777664362247,14.618531900938168,0.0
17.82,6.181993621536213,10.4535092997347,14.726606512711127,0.0
17.825,6.394793809449564,10.811005665170924,14.853587260259054,0.0
17.830000000000002,6.616760243015097,11.176839582632766,15.002141056174729,0.0
17.835,6.84415574067274,11.550541974419188,15.171916211820974,0.0
17.84,7.080051474645488,11.931127003116236,15.364140735952333,0.0
17.845,7.323292826293893,12.318202943978582,15.58200415529623,0.0
17.85,7.572502704015894,12.71278818329601,15.825042159208214,0.0
17.855,7.830301846301953,13.110085694717352,16.096083889266126,0.0
17.86,8.09540484084698,13.510671323460713,16.394403386933668,0.0
17.865000000000002,8.366444017623378,13.913727910770747,16.7224967124473,0.0
17.87,8.644525194380234,14.314687786628527,17.08231816290632,0.0
17.875,8.92822435644829,14.71519010180902,17.472687925174757,0.0
17.88,9.216957460014822,15.112173276462432,17.896427950805325,0.0
17.885,9.513030204942128,15.502719633029752,18.35450804849938,0.0
17.89,9.812746628481879,15.885405419092077,18.846314045016847,0.0
17.895,10.116580031776088,16.255680634171636,19.374520645401287,0.0
17.900000000000002,10.42466510742771,16.61118577303846,19.939150928933547,0.0
17.905,10.733858932557018,16.947463941609193,20.53874127561128,0.0
17.91,11.043792294942651,17.263117225719387,21.17359626789791,0.0
17.915,11.355228908180775,17.55396097960126,21.844745879620348,0.0
17.92,11.66313051939996,17.817473014954377,22.549712618071613,0.0
17.925,11.97035948998658,18.046933081559125,23.28823630254748,0.0
17.93,12.275059753270689,18.23779578404675,24.05813214908897,0.0
17.935,12.574069692276542,18.389700720062766,24.85635370867621,0.0
17.94,12.865065772822703,18.495226295005203,25.68131184164802,0.0
17.945,13.1462692888496,18.55124364611461,26.52945074194692,0.0
17.95,13.41617996422429,18.55523629405781,27.395237529421166,0.0
17.955000000000002,13.673275921169443,18.503792666883196,28.273744481707947,0.0
17.96,13.914764363119707,18.39150699596166,29.16146971971607,0.0
17.965,14.138751913640219,18.219319471869248,30.052686455514582,0.0
17.97,14.343604274444216,17.982645296387503,30.94031003612001,0.0
17.975,14.526021414965962,17.680552049333826,31.817335630749188,0.0
17.98,14.683843385655651,17.314657756486742,32.678159740924485,0.0
17.985,14.81510994397288,16.88419271168409,33.51379278304769,0.0
17.990000000000002,14.91767561441233,16.391444376856178,34.317364304802986,0.0
17.995,14.9905590973715,15.83861754732922,35.08354081061695,0.0
18.0,15.032928465516429,15.228900888142185,35.80270240710447,0.0
18.005,15.042471854771254,14.566161800180803,36.470505276927035,0.0
18.01,15.019137105046877,13.85675714834314,37.080668145757016,0.0
18.015,14.961054352977602,13.106162947031397,37.6267430813303,0.0
18.02,14.867016399485001,12.319923638245353,38.10634237970555,0.0
18.025000000000002,14.7395006819968,11.507741570243363,38.51433459013442,0.0
18.03,14.578038399674575,10.675041819700914,38.849751795301266,0.0
18.035,14.38372440888157,9.832161771191442,39.11014672694201,0.0
18.04,14.156555381952987,8.983990102084588,39.29513789385084,0.0
18.045,13.898810731894377,8.139497961607736,39.40780348283398,0.0
18.05,13.611501402835358,7.30583763865973,39.44931718256314,0.0
18.055,13.295951578032524,6.490375947479451,39.419804707863435,0.0
18.06,12.955263701074824,5.699659668776791,39.32561576037222,0.0
18.065,12.590995590678967,4.938559304101164,39.17190765248997,0.0
18.07,12.207992094446482,4.210975122940397,38.96158130045348,0.0
18.075,11.807744535948016,3.521234907389723,38.69865178485368,0.0
18.080000000000002,11.393615092163774,2.8720726791822178,38.39059100293729,0.0
18.085,10.968200897575262,2.265704702655836,38.0425527103397,0.0
18.09,10.531771326853724,1.7035590916585142,37.66045505294826,0.0
18.095,10.089949249301633,1.1852966251334647,37.24850713881091,0.0
18.1,9.64485211676377,0.7121023513293188,36.81239409274602,0.0
18.105,9.198369709516363,0.2838482416660585,36.35472652180938,0.0
18.11,8.751739564125383,-0.10087880961939005,35.88201369137945,0.0
18.115000000000002,8.308733741053278,-0.4448460059602528,35.398586197761574,0.0
18.12,7.871407489070098,-0.7510771395408635,34.910284972150976,0.0
18.125,7.4408821683949755,-1.0180442770706315,34.4149307937029,0.0
18.13,7.01745377129309,-1.2514504705796088,33.91767312290523,0.0
18.135,6.604658189627414,-1.452872278813685,33.4218168103062,0.0
18.14,6.200709856070976,-1.6247637122036,32.92908871649484,0.0
18.145,5.809514655487268,-1.7700065014591586,32.439849508130294,0.0
18.150000000000002,5.430954463210769,-1.8900490303140776,31.95562794459937,0.0
18.155,5.064667522513938,-1.9877325257138803,31.478250440252463,0.0
18.16,4.71271383052823,-2.066711811056587,31.00811427299336,0.0
18.165,4.374353016532223,-2.1273750899632846,30.54573141208578,0.0
18.17,4.048059156098478,-2.1715829088979737,30.09121492299747,0.0
18.175,3.7371532290188463,-2.203590091983455,29.646897809085257,0.0
18.18,3.4402155305758146,-2.2233761099537093,29.212001029049297,0.0
18.185,3.158495412541775,-2.2332667208953283,28.784050799602163,0.0
18.19,2.889747055363611,-2.2346824763186417,28.364744216100956,0.0
18.195,2.6334947268083098,-2.2284260557422546,27.954077456945363,0.0
18.2,2.390050707202312,-2.2156385078553025,27.551318204517035,0.0
18.205000000000002,2.1597868542282175,-2.1999463273051485,27.15719308387143,0.0
18.21,1.9430973253099972,-2.179540109572825,26.77143187446057,0.0
18.215,1.7375743230701175,-2.1571679182867207,26.39181809235996,0.0
18.22,1.5427193594416142,-2.1322388875523006,26.021207319567694,0.0
18.225,1.3604051179033363,-2.106006756122153,25.657139461266116,0.0
18.23,1.1879720894652888,-2.0789899102672136,25.300296521471722,0.0
18.235,1.0238429184103421,-2.052641585459612,24.950874260152027,0.0
18.240000000000002,0.8693352156142896,-2.028209535264978,24.6078630026239,0.0
18.245,0.7250705255464359,-2.0026098643733476,24.271799102908997,0.0
18.25,0.5895999621405431,-1.9795374232786513,23.94025680306573,0.0
18.255,0.4615789697926823,-1.9594404410831516,23.614990854075838,0.0
18.26,0.3412655640754606,-1.939041957054347,23.29571077306018,0.0
18.265,0.2268142540876388,-1.9203870515234494,22.981163332351493,0.0
18.27,0.12021775773597956,-1.9068574117455521,22.6735396975176,0.0
18.275000000000002,0.019256022157184513,-1.8940656088492427,22.3699266538208,0.0
18.28,-0.07637554649800223,-1.8847856626590536,22.071130078530317,0.0
18.285,-0.16736686012373528,-1.8772691264311432,21.777073173481384,0.0
18.29,-0.25269038030913493,-1.8727548045889972,21.489020321095342,0.0
18.295,-0.33329216769630066,-1.8704481980234042,21.205713701852602,0.0
18.3,-0.41119056398645126,-1.8732623403568611,20.92621422642671,0.0
18.305,-0.4838779645143442,-1.8781903662482937,20.650942227401217,0.0
18.31,-0.5531443499099177,-1.886057011107136,20.38011220489445,0.0
18.315,-0.6199243523034531,-1.8963315633037627,20.113897155058314,0.0
18.32,-0.682711340937199,-1.9112519125531262,19.851846992852263,0.0
18.325,-0.7437751729336843,-1.9293856421213993,19.594382477267768,0.0
18.330000000000002,-0.8023493066889917,-1.9505603916038612,19.33999245619606,0.0
18.335,-0.8587229933022831,-1.97608873765464,19.089467836645902,0.0
18.34,-0.9150666262409839,-2.0040616859375957,18.84326579573897,0.0
18.345,-0.9689663153677216,-2.0355168526639065,18.602101169932666,0.0
18.35,-1.022237494968841,-2.0707170359696314,18.362863231106882,0.0
18.355,-1.0746387407263056,-2.109859888972017,18.12936278639414,0.0
18.36,-1.1249323240588296,-2.1523217735250975,17.898946363527557,0.0
18.365000000000002,-1.176778725321615,-2.1992407919813193,17.67227547451923,0.0
18.37,-1.229334605641485,-2.248540667228156,17.44832558491126,0.0
18.375,-1.2803694363190525,-2.301975697458091,17.228296751783855,0.0
18.38,-1.3305431794362474,-2.360372315536243,17.013907270971423,0.0
18.385,-1.3808243244034355,-2.420763388839472,16.802426811278018,0.0
18.39,-1.4331080410031782,-2.4857113195627614,16.59529793512563,0.0
18.395,-1.4849667260793435,-2.5545326109119166,16.391946121201435,0.0
18.400000000000002,-1.5372099326178235,-2.6283885393433097,16.192257295207302,0.0
18.405,-1.5925666807883156,-2.705177193503609,15.997742625741722,0.0
18.41,-1.6472707125595811,-2.7866475411272247,15.806297705104422,0.0
18.415,-1.7033201750038063,-2.875257144108868,15.618003701702053,0.0
18.42,-1.7628459091318398,-2.9658697900930195,15.434152542640406,0.0
18.425,-1.8237158200311958,-3.0619962700038266,15.25425896632042,0.0
18.43,-1.886306955514202,-3.1625256806625592,15.080300704839601,0.0
18.435,-1.9500263926981276,-3.2691950869842827,14.910129149587144,0.0
18.44,-2.0161684431874205,-3.380369803078474,14.743259631084637,0.0
18.445,-2.083815057024528,-3.497154360547731,14.580585702366482,0.0
18.45,-2.156206624849179,-3.6192478450254715,14.421687702287462,0.0
18.455000000000002,-2.230264055551546,-3.749493358239225,14.268182611778487,0.0
18.46,-2.3061974802203378,-3.884974524093081,14.11946931104411,0.0
18.465,-2.385473342357407,-4.026718853761634,13.974293450391977,0.0
18.47,-2.466916222801969,-4.174780069090786,13.835895863951125,0.0
18.475,-2.5524032369450897,-4.328398691635735,13.70265749727888,0.0
18.48,-2.6412361718390494,-4.489506972145366,13.575216944724756,0.0
18.485,-2.7337671439516384,-4.658437246373924,13.453107981758349,0.0
18.490000000000002,-2.829096786343227,-4.834525230062239,13.336523897577111,0.0
18.495,-2.929065847065365,-5.017244310327028,13.227781637795394,0.0
18.5,-3.0337794211978837,-5.208340404030121,13.124990504756756,0.0
18.505,-3.142979324035434,-5.407078314635502,13.02831909843475,0.0
18.51,-3.2567145950505716,-5.614838418594695,12.93930701121444,0.0
18.515,-3.3741753563514445,-5.833061307962936,12.859239501845744,0.0
18.52,-3.4965719436589993,-6.059765855122185,12.785533229584546,0.0
18.525000000000002,-3.6244154133337054,-6.294425681672249,12.721031644436094,0.0
18.53,-3.7581415032936727,-6.540407090227821,12.666105067233957,0.0
18.535,-3.8964739820834886,-6.7965384597494864,12.618782819825233,0.0
18.54,-4.041725061220407,-7.061789070991842,12.582769831998668,0.0
18.545,-4.193682468860381,-7.337592654202461,12.558188376401958,0.0
18.55,-4.349152491421373,-7.624878619803297,12.54650647760294,0.0
18.555,-4.512093053388789,-7.922976129092047,12.545414898601486,0.0
18.56,-4.682121574640906,-8.232041423323707,12.556699559432152,0.0
18.565,-4.860258042089433,-8.55227053959827,12.58163783590254,0.0
18.57,-5.045804626560927,-8.883769320293961,12.621507917339686,0.0
18.575,-5.237036463483651,-9.226323343259129,12.676177359789259,0.0
18.580000000000002,-5.435804682172082,-9.582551693507424,12.749387647066804,0.0
18.585,-5.642579754756923,-9.949270426442947,12.840911341771154,0.0
18.59,-5.858419432117198,-10.327423010516366,12.951200487757657,0.0
18.595,-6.0805704632842845,-10.715776126904272,13.082073178867073,0.0
18.6,-6.311611276786253,-11.116771389393708,13.23319001824322,0.0
18.605,-6.5517772932971035,-11.526759803754775,13.407848385214999,0.0
18.61,-6.800620259558131,-11.947236773945908,13.605403889826961,0.0
18.615000000000002,-7.058259307950178,-12.378514627881113,13.83136644825744,0.0
18.62,-7.322856756056672,-12.816984412492884,14.083991698388285,0.0
18.625,-7.598185672529842,-13.26239939884426,14.365336488038565,0.0
18.63,-7.881743858955413,-13.713992590682308,14.677429661322385,0.0
18.635,-8.172919430177624,-14.171199209295063,15.02315260397554,0.0
18.64,-8.473123593613611,-14.630228942619006,15.402650151836555,0.0
18.645,-8.7808732765193,-15.09172877130436,15.817766193309186,0.0
18.650000000000002,-9.095904956075861,-15.55175339392647,16.26883231558274,0.0
18.655,-9.420108594435069,-16.007409831730108,16.75893775453289,0.0
18.66,-9.750040820668392,-16.456916770821078,17.29072617591905,0.0
18.665,-10.084850873297718,-16.89757533676947,17.862214671476558,0.0
18.67,-10.426523584571417,-17.32448821790158,18.474949240449064,0.0
18.675,-10.771504206422671,-17.73517923158577,19.12997690697879,0.0
18.68,-11.120007153786435,-18.124819582069215,19.830123324182487,0.0
18.685,-11.470581474905446,-18.48962470325319,20.57291436116036,0.0
18.69,-11.82143977769988,-18.82279441496545,21.358867135782752,0.0
18.695,-12.17150633535604,-19.12197195546826,22.18741582024765,0.0
18.7,-12.518495935405328,-19.381763405361735,23.05510164902458,0.0
18.705000000000002,-12.861844845669399,-19.594228519488286,23.959851629163563,0.0
18.71,-13.199147043525448,-19.75659896435403,24.89969412876295,0.0
18.715,-13.527195394639131,-19.86272903127121,25.870635351725447,0.0
18.72,-13.844296248462632,-19.908092317950228,26.869608848289833,0.0
18.725,-14.147240462448787,-19.88644492000168,27.889226348951283,0.0
18.73,-14.433520248534075,-19.794930597767515,28.923440414024103,0.0
18.735,-14.702062535806323,-19.62793335120679,29.964897867228316,0.0
18.740000000000002,-14.947290962585143,-19.386155125263404,31.009202342991426,0.0
18.745,-15.168877121821128,-19.064214762454846,32.044684127870134,0.0
18.75,-15.36246780750867,-18.661471714156768,33.0623096201505,0.0
18.755,-15.5275495698497,-18.17982200511225,34.05421164646625,0.0
18.76,-15.660461145155509,-17.61805509143917,35.01063264974601,0.0
18.765,-15.759544676914576,-16.98101693455427,35.921743236492986,0.0
18.77,-15.820452471795775,-16.273556580394956,36.780824370276314,0.0
18.775000000000002,-15.843473629241785,-15.496936093180736,37.578079085365545,0.0
18.78,-15.825748409154542,-14.661676730985313,38.30421410336736,0.0
18.785,-15.767819424994716,-13.772271503295016,38.95295805997611,0.0
18.79,-15.66774841677536,-12.840960667001244,39.51872525039235,0.0
18.795,-15.525880742083077,-11.873994520212008,39.99756218108154,0.0
18.8,-15.344504938994351,-10.884012007588552,40.385346593159646,0.0
18.805,-15.122656940262251,-9.878329039714588,40.68168786298153,0.0
18.81,-14.860242751661858,-8.870500700990902,40.88475399217976,0.0
18.815,-14.56070364974797,-7.869813284667029,40.99845968915617,0.0
18.82,-14.226520046190902,-6.884459516999558,41.02504739325365,0.0
18.825,-13.859462611072518,-5.924214267549177,40.96885643636242,0.0
18.830000000000002,-13.462312484800245,-4.996733515221618,40.833682735887855,0.0
18.835,-13.037909746358382,-4.106660209466835,40.626236813393675,0.0
18.84,-12.590229759998023,-3.262991886222228,40.352418970320024,0.0
18.845,-12.125268904382176,-2.467578045217082,40.019978451657764,0.0
18.85,-11.642003664594885,-1.7257715282463488,39.63661359403271,0.0
18.855,-11.146043243293228,-1.0399874403644809,39.20924035457848,0.0
18.86,-10.640844267889367,-0.4108781711004713,38.743038204998186,0.0
18.865000000000002,-10.129287892810115,0.16282809362558814,38.2489214023928,0.0
18.87,-9.614563607924035,0.6807025905902515,37.730564858783175,0.0
18.875,-9.099649931002759,1.144976821419246,37.195518988175444,0.0
18.88,-8.58672221990099,1.557454925288285,36.648348894022064,0.0
18.885,-8.080459941219846,1.9206142511411444,36.092632392627536,0.0
18.89,-7.579970152484024,2.238311400546774,35.53380175783888,0.0
18.895,-7.089940457562431,2.512112084282519,34.9761840106966,0.0
18.900000000000002,-6.608951342810571,2.745231829165706,34.42130783977659,0.0
18.905,-6.140861648502647,2.9443533929040897,33.871643790515485,0.0
18.91,-5.687027886272197,3.1096896347556515,33.328532883964975,0.0
18.915,-5.247365563942363,3.245487677921948,32.79453746318516,0.0
18.92,-4.822393477534778,3.354991616700589,32.27275918041274,0.0
18.925,-4.412969800201165,3.4421835660594953,31.760557560654327,0.0
18.93,-4.02100893309203,3.50713225727859,31.261130029001183,0.0
18.935,-3.645932921126828,3.555245557070733,30.772422517418025,0.0
18.94,-3.287366456489468,3.586893690771087,30.29746941347729,0.0
18.945,-2.9423935696168058,3.607536569593421,29.833913517504477,0.0
18.95,-2.6149343833322622,3.6147743246511683,29.383807134348086,0.0
18.955000000000002,-2.303608197400224,3.6150950681302456,28.944624051485405,0.0
18.96,-2.007045670856446,3.6074027134617843,28.516812333662884,0.0
18.965,-1.7266500470654507,3.593662659438821,28.10065763456035,0.0
18.97,-1.4603214842173948,3.577057441924725,27.695134887917014,0.0
18.975,-1.2079664606898968,3.5563672513987146,27.298570592762196,0.0
18.98,-0.969240615663577,3.534042136628734,26.91384408110123,0.0
18.985,-0.7435877831427503,3.5109986609908916,26.538141512409783,0.0
18.990000000000002,-0.5293487952721362,3.488919152628085,26.171500464552917,0.0
18.995,-0.32976209313047766,3.4672274559445637,25.812256212277564,0.0
19.0,-0.14015568791595873,3.446158774382277,25.46175278318329,0.0
19.005,0.039277985797511794,3.4271196504041135,25.119975488158335,0.0
19.01,0.2100969126957675,3.4110006138787825,24.785785212099963,0.0
19.015,0.37042019277835125,3.398448647487979,24.458864089538995,0.0
19.02,0.5228738359579991,3.387942613816763,24.1384464913373,0.0
19.025000000000002,0.6671462966862172,3.3800786947557144,23.825032875156914,0.0
19.03,0.8017029964840553,3.3760078082415257,23.518532351198157,0.0
19.035,0.9297005062378456,3.377962557023589,23.21772907260949,0.0
19.04,1.0516828249736416,3.3825582436332944,22.92518073068047,0.0
19.045,1.1670955005031505,3.3924400797857226,22.638332191350152,0.0
19.05,1.2764408345699945,3.4070376488881386,22.35513526611939,0.0
19.055,1.382541063208545,3.426775415384621,22.079527711671794,0.0
19.06,1.4845568743055575,3.4500023933067046,21.80950193305901,0.0
19.065,1.5828690647394166,3.478857526471356,21.543727041377736,0.0
19.07,1.6786703279890633,3.5117834845626676,21.284667059888466,0.0
19.075,1.7696564753187698,3.550677237715949,21.02951211220972,0.0
19.080000000000002,1.858289240809476,3.5943313973559214,20.780883692374506,0.0
19.085,1.9455047792202889,3.643494300916527,20.536969648657614,0.0
19.09,2.0307766916150447,3.6972326550070065,20.298702825579138,0.0
19.095,2.1133092297979363,3.7563854209017458,20.065421306911468,0.0
19.1,2.1960041891026205,3.820640659031725,19.837699208752078,0.0
19.105,2.2763330038028897,3.890933839056618,19.614229176221066,0.0
19.11,2.356882483010326,3.9671807642671157,19.39650532235408,0.0
19.115000000000002,2.437650668625614,4.047640305801041,19.186778685428116,0.0
19.12,2.5167546885973424,4.134134105537735,18.97999584408734,0.0
19.125,2.5981147750151603,4.225953091276747,18.779531006949576,0.0
19.13,2.678413010439605,4.324434087007571,18.584865204774406,0.0
19.135,2.7616795026302685,4.428413376548158,18.395192259992374,0.0
19.14,2.8445828766066388,4.539186847078334,18.210852605901458,0.0
19.145,2.9280666637088704,4.655496564763536,18.032356882694828,0.0
19.150000000000002,3.0131330901089637,4.778526915525736,17.85926250464274,0.0
19.155,3.102730727086716,4.907320200112608,17.693176924125705,0.0
19.16,3.1907205628271265,5.043082516255,17.53244180275311,0.0
19.165,3.283152140845579,5.184341927890284,17.378581908649622,0.0
19.17,3.379324138689224,5.3331076744388906,17.232503844248267,0.0
19.175,3.477261846448768,5.488432262356794,17.092880350055996,0.0
19.18,3.5767943133721696,5.651714629414491,16.960518925024303,0.0
19.185,3.6807936684470928,5.819704957693113,16.835645996414378,0.0
19.19,3.787708323194444,5.995231004775366,16.718221184598484,0.0
19.195,3.897838938935919,6.178817353088017,16.60919456405938,0.0
19.2,4.010519666646806,6.370104796935871,16.507872388771744,0.0
19.205000000000002,4.1274698694052425,6.568765012565685,16.415413936506607,0.0
19.21,4.248478299045424,6.775754964592571,16.332546304700816,0.0
19.215,4.3747170258699,6.988563019331855,16.25831273747423,0.0
19.22,4.5055439805629485,7.211204580964331,16.194529019150856,0.0
19.225,4.641578354219091,7.439730668389416,16.1412066423192,0.0
19.23,4.781623073089782,7.676188323593514,16.099385965682156,0.0
19.235,4.925742359991491,7.922632173631831,16.068134079758632,0.0
19.240000000000002,5.074926005753046,8.175529067308016,16.04970867142115,0.0
19.245,5.230239272254647,8.436536613917891,16.043241622515026,0.0
19.25,5.3896991846893165,8.705936109841483,16.049936110650417,0.0
19.255,5.555885942737022,8.984270911739124,16.070372082980054,0.0
19.26,5.727532934572277,9.270971379295068,16.1040732794367,0.0
19.265,5.90456597655673,9.56475536804772,16.154898184381533,0.0
19.27,6.087753577697082,9.86665452678474,16.22074809269888,0.0
19.275000000000002,6.277122189731246,10.175531278377196,16.30436717461562,0.0
19.28,6.471183795378817,10.49272603431284,16.40550451378567,0.0
19.285,6.671464845829235,10.814983464873603,16.52578617811842,0.0
19.29,6.878997245191646,11.144399816647146,16.66641964953115,0.0
19.295,7.092462887303403,11.47944372530254,16.827294116156132,0.0
19.3,7.313442166169038,11.818940432190596,17.01005729330174,0.0
19.305,7.538820616229274,12.161757923728397,17.214914464448025,0.0
19.31,7.769383067529702,12.507308799431076,17.443261807256416,0.0
19.315,8.00593144076649,12.855140041608882,17.697376295165355,0.0
19.32,8.249212472727239,13.204412651910253,17.976994811967433,0.0
19.325,8.49721903346432,13.55294480067499,18.281211038055737,0.0
19.330000000000002,8.748740340393109,13.897485133344569,18.613773771171704,0.0
19.335,9.006020558882186,14.238518524178938,18.973440894941117,0.0
19.34,9.267444548007415,14.574028596110335,19.36195247311724,0.0
19.345,9.53276084780373,14.901812021181703,19.779305266526272,0.0
19.35,9.801040402206645,15.218983699476867,20.227089836854265,0.0
19.355,10.071762568982367,15.523567268679244,20.70281440110415,0.0
19.36,10.343325758024179,15.81305978290555,21.210034106037806,0.0
19.365000000000002,10.61575638857779,16.086059528282586,21.743364996213955,0.0
19.37,10.88872965764215,16.337804098423238,22.307872489555866,0.0
19.375,11.161534285429761,16.56578599860066,22.899927308373233,0.0
19.38,11.430616202015862,16.76757085085698,23.518370474895672,0.0
19.385,11.696800601362249,16.939413868586303,24.16350218610594,0.0
19.39,11.958516548690444,17.07828401608339,24.831765949009483,0.0
19.395,12.214084854468837,17.18302695913688,25.521310901293003,0.0
19.400000000000002,12.462414507887674,17.24961782018966,26.22942864346624,0.0
19.405,12.702868473231177,17.27309903001798,26.95420265018878,0.0
19.41,12.93148650337282,17.25314666082517,27.691678599696726,0.0
19.415,13.147840856703484,17.18698187262287,28.438876670042468,0.0
19.42,13.34835306402385,17.073348156822266,29.18946107574083,0.0
19.425,13.534647806396082,16.908715760916404,29.938337569840836,0.0
19.43,13.703375076777283,16.693000043794232,30.68174475071848,0.0
19.435,13.851259377387452,16.42669004681049,31.416436579188865,0.0
19.44,13.979962154155059,16.108346507954998,32.13461899315039,0.0
19.445,14.086741030343793,15.739173192727636,32.83287676775285,0.0
19.45,14.16942020714182,15.32019598227025,33.50451373562587,0.0
19.455000000000002,14.227833078472573,14.853615229213196,34.141874536438856,0.0
19.46,14.258536494733296,14.342593293761672,34.74350503284671,0.0
19.465,14.262517343808396,13.79044219770218,35.30364249887528,0.0
19.47,14.23907919450284,13.200528606786408,35.815327548204095,0.0
19.475,14.186403653519399,12.578499920480027,36.27848085859199,0.0
19.48,14.106370881137394,11.928239209181054,36.68742719227612,0.0
19.485,13.997419433328746,11.25571563434781,37.03854492569936,0.0
19.490000000000002,13.860734786439847,10.566253794351775,37.33314591430757,0.0
19.495,13.696694368578537,9.866678585975059,37.5677932830255,0.0
19.5,13.505271736927835,9.162014829393135,37.74281784353545,0.0
19.505,13.289428407657873,8.458853192077457,37.858302007159274,0.0
19.51,13.048001149907716,7.762244878672721,37.91615709730419,0.0
19.515,12.784829716107648,7.0772769781882685,37.917056512891804,0.0
19.52,12.499918679712216,6.40729892673582,37.8634532802933,0.0
19.525000000000002,12.195552293411616,5.758503517219356,37.759328056916964,0.0
19.53,11.873541862601913,5.13370058432046,37.607704569072865,0.0
19.535,11.535344638515664,4.537528340347898,37.41142007755713,0.0
19.54,11.186743686939211,3.971350401392285,37.17384259982205,0.0
19.545,10.825674384181138,3.4386158186371616,36.90056554435408,0.0
19.55,10.454947118355959,2.939355809369751,36.59449589587194,0.0
19.555,10.079073017391112,2.4753372666054436,36.261280945366664,0.0
19.56,9.698290685417875,2.0456860056880872,35.90235172059974,0.0
19.565,9.31573496218861,1.6525694084483116,35.52263079803361,0.0
19.57,8.932722970640311,1.2932884899926838,35.12554767993523,0.0
19.575,8.550155000082157,0.9687349143316282,34.7149684723965,0.0
19.580000000000002,8.170060496549263,0.6781916610797312,34.292853340310714,0.0
19.585,7.795677690365589,0.4183165087902698,33.86354056838325,0.0
19.59,7.42590409180918,0.1875196937295725,33.4278497342089,0.0
19.595,7.063136631424813,-0.015362637131375007,32.98935782093931,0.0
19.6,6.707991679554937,-0.19031015407972976,32.54968289975412,0.0
19.605,6.364829275700128,-0.3420135225978539,32.108625542410635,0.0
19.61,6.030888524365012,-0.4712705114840545,31.66929664182836,0.0
19.615000000000002,5.706102267683723,-0.5800243519800174,31.23127300272948,0.0
19.62,5.393162475231847,-0.6690177131516717,30.79855304395798,0.0
19.625,5.090506539162875,-0.7417101455313942,30.369501413151504,0.0
19.63,4.798225029670418,-0.8000743215656758,29.945767196615087,0.0
19.635,4.519067002611087,-0.8428921869705875,29.526963589521547,0.0
19.64,4.251052423199279,-0.8731839160765524,29.114138693577843,0.0
19.645,3.9954736503258252,-0.89197819447164,28.707010327705643,0.0
19.650000000000002,3.7516022520145675,-0.9017738064422849,28.305220409559674,0.0
19.655,3.5187222760899077,-0.9045677163893544,27.91194292549908,0.0
19.66,3.297417755031046,-0.898501526691491,27.523435203388853,0.0
19.665,3.0869381446131765,-0.886394430674474,27.141237432843738,0.0
19.67,2.8870689614954133,-0.8683692114602052,26.765450323710144,0.0
19.675,2.6996291973339996,-0.8467999783971402,26.39594207972121,0.0
19.68,2.5222926465757283,-0.8217347806641752,26.033004851372414,0.0
19.685,2.355556915471058,-0.7942853542405369,25.675772536150156,0.0
19.69,2.1982516834816597,-0.7627269263927385,25.32383378902088,0.0
19.695,2.0505043942304995,-0.7290042997766517,24.9771209975871,0.0
19.7,1.91213873325402,-0.695035200460777,24.636953598710537,0.0
19.705000000000002,1.7825788471773985,-0.6604808731567942,24.301898916699546,0.0
19.71,1.6609309654561375,-0.6232294874057789,23.972471692298694,0.0
19.715,1.5464151276786724,-0.5861312578783349,23.647860794947377,0.0
19.72,1.4400271085954437,-0.5485394423080798,23.328398761196706,0.0
19.725,1.340523694744332,-0.5117698490571378,23.013200859335104,0.0
19.73,1.2490717657816413,-0.4755752473530089,22.702429004214522,0.0
19.735,1.1626399463464576,-0.43874593665006867,22.39671325231499,0.0
19.740000000000002,1.082210042367385,-0.4039249889454057,22.096173006262244,0.0
19.745,1.0080297474333904,-0.36969392445680493,21.800658688140615,0.0
19.75,0.9392957086298639,-0.3362883434375421,21.507583610022337,0.0
19.755,0.8761098179281477,-0.3040641997892343,21.218365124293523,0.0
19.76,0.8179759475918381,-0.2728143591542085,20.934569601664364,0.0
19.765,0.762468674226284,-0.24241045425877025,20.652995819655978,0.0
19.77,0.7118168766030262,-0.2138481025199829,20.377825181547294,0.0
19.775000000000002,0.6651315366254691,-0.1853357719113224,20.10660747360214,0.0
19.78,0.6212092607312236,-0.15814969144476895,19.837744898052417,0.0
19.785,0.5813111706504642,-0.13197416845614365,19.572736027074583,0.0
19.79,0.5454771303769173,-0.1059827527591191,19.311326279035242,0.0
19.795,0.514135863344785,-0.08299640586762935,19.05410594912298,0.0
19.8,0.48297937873044583,-0.059666172016798566,18.79888811806474,0.0
19.805,0.45608285690140254,-0.036137537048441144,18.547878182701783,0.0
19.81,0.43075841381808866,-0.014657468056517308,18.299901184639737,0.0
19.815,0.4081576817289848,0.0059551914572749665,18.05663597234129,0.0
19.82,0.3879610924791322,0.027113293698530345,17.815703403893536,0.0
19.825,0.37006770598180416,0.04589301572313661,17.578004811684583,0.0
19.830000000000002,0.35364084371328425,0.06521718050767752,17.344023848694977,0.0
19.835,0.33944988658345804,0.08369433950397187,17.113556664892805,0.0
19.84,0.32641427913697496,0.10138597313666094,16.884847082224375,0.0
19.845,0.3149009801868257,0.11867879377574439,16.659347738754565,0.0
19.85,0.30524034719202253,0.13641641118015152,16.43729951454185,0.0
19.855,0.2964381464311539,0.1526176633983211,16.218622620046947,0.0
19.86,0.2887145322952499,0.1690930338816901,16.001711742920726,0.0
19.865000000000002,0.2833138647897258,0.18508638092354562,15.788464580431894,0.0
19.87,0.2785203553053196,0.20309842404519468,15.579083047646302,0.0
19.875,0.2762936087747169,0.21869896419008877,15.370649619853776,0.0
19.88,0.27364395106315653,0.23405719459733182,15.166885174336084,0.0
19.885,0.2724105825584344,0.24980534163914736,14.964428985414623,0.0
19.89,0.2703082916229483,0.26747306596043746,14.765029911641578,0.0
19.895,0.27059895464635386,0.2852091838154694,14.569572491994345,0.0
19.900000000000002,0.2715305545685968,0.3011354891271269,14.375520683282126,0.0
19.905,0.27243533070663034,0.3171080122582913,14.184293058992262,0.0
19.91,0.2740942981198446,0.3338046873449357,13.995923990174798,0.0
19.915,0.27731745681407843,0.35138547933325515,13.808340094465585,0.0
19.92,0.2813456636410032,0.36900171876418947,13.624639521121216,0.0
19.925,0.28513925021163994,0.3875041787555259,13.442810014363937,0.0
19.93,0.2896358310406657,0.4055618790869266,13.262594752117666,0.0
19.935,0.29461820881592016,0.4246301075786049,13.085850599312929,0.0
19.94,0.3008785729857014,0.44386540285706244,12.912425197511675,0.0
19.945,0.3082141784983165,0.46427815322624566,12.740858709947425,0.0
19.95,0.31599939026348944,0.48520022116941675,12.57221319174292,0.0
19.955000000000002,0.3244720541713886,0.5074244805957968,12.405370831621115,0.0
19.96,0.3340529127290948,0.5304982554238927,12.239876899050426,0.0
19.965,0.34489052647124313,0.5538970074524614,12.07674365750556,0.0
19.97,0.3559511061755503,0.5786515068344841,11.916448435105476,0.0
19.975,0.3667591605443553,0.6039193635352018,11.75872169455969,0.0
19.98,0.37813251037506906,0.6302179326054201,11.602901025265755,0.0
19.985,0.38974432282868293,0.6578024055513679,11.448985104933497,0.0
19.990000000000002,0.4027223683355267,0.687396460588709,11.29718011487978,0.0
19.995,0.4174958507638205,0.7180835847688292,11.148819026941979,0.0
20.0,0.43190695703777304,0.7501148183674233,11.002333729468711,0.0
20.005,0.44741503790186976,0.7828104795376715,10.856575529846241,0.0
20.01,0.4629907698273782,0.8169478617256579,10.713916608240838,0.0
20.015,0.4803785063666679,0.8524669278510888,10.572816790725621,0.0
20.02,0.5001266161565352,0.889766182931626,10.435162657001776,0.0
20.025000000000002,0.5197492759189439,0.9270048615317295,10.29899257807907,0.0
20.03,0.5388626076759507,0.9687766309673361,10.16310628569184,0.0
20.035,0.5604291689767055,1.012029136923046,10.031939892798867,0.0
20.04,0.5821607921492964,1.0581950703585257,9.901316659333471,0.0
20.045,0.6064370957870973,1.106233351722233,9.772077996259396,0.0
20.05,0.6306770795939843,1.156505500731263,9.646842432828421,0.0
20.055,0.6578596135852213,1.2088491158710417,9.520298052510125,0.0
20.06,0.6849385661400702,1.2640125138001357,9.397040542608739,0.0
20.065,0.7131530958631682,1.3208052826334753,9.27695685976803,0.0
20.07,0.7428942843645182,1.3800847886712198,9.15745612168673,0.0
20.075,0.7738808996693557,1.444074070051628,9.041089563020092,0.0
20.080000000000002,0.8062829939019178,1.5105206526615533,8.925568098745075,0.0
20.085,0.8399572039757754,1.579861533257151,8.812756788912829,0.0
20.09,0.8780819498325668,1.6527694305420144,8.701666258487363,0.0
20.095,0.9174600065698412,1.7300165775313834,8.593861149604034,0.0
20.1,0.9565365383130678,1.809964532117635,8.487566532563894,0.0
20.105,0.9995877219658768,1.8932884241119197,8.383737374635016,0.0
20.11,1.0442883207345066,1.9806744594695092,8.280928092709889,0.0
20.115000000000002,1.0896455844548212,2.0739543736811514,8.181652041869647,0.0
20.12,1.1385802665956177,2.1715481692219014,8.084691609190857,0.0
20.125,1.1897102531586048,2.2726986290071047,7.989031892226075,0.0
20.13,1.2425772012915504,2.3801786431582057,7.896846513620602,0.0
20.135,1.2999567633093967,2.4930791133956656,7.805176722623641,0.0
20.14,1.3600640044267485,2.610972978454326,7.7174091828524,0.0
20.145,1.4214801958919754,2.73555797393823,7.6320589738703015,0.0
20.150000000000002,1.4887261582465154,2.8655121882716106,7.550055545282754,0.0
20.155,1.5566006596521045,3.0035673520524275,7.469417772134768,0.0
20.16,1.6290795800732594,3.149027034948728,7.393555719169803,0.0
20.165,1.7061118417590886,3.3003839915251216,7.320791577846074,0.0
20.17,1.7841401024613504,3.4602682596502743,7.251352438658345,0.0
20.175,1.867485920540405,3.6270524160907,7.185809134597439,0.0
20.18,1.955022489233471,3.8018233420948415,7.124049371298648,0.0
20.185,2.045370237868231,3.986716133851686,7.066551013921055,0.0
20.19,2.1420320196702427,4.180198434274398,7.014238484125555,0.0
20.195,2.2434466778489295,4.3844998408249145,6.96597429244347,0.0
20.2,2.3508256947977517,4.596890395650788,6.922836845329286,0.0
20.205000000000002,2.4627676144273405,4.822302677611857,6.885430270892487,0.0
20.21,2.579780084621329,5.057636966259727,6.852488437817416,0.0
20.215,2.702584201780338,5.305882140512215,6.826285039969833,0.0
20.22,2.8317125735012834,5.566267484195653,6.806735063272014,0.0
20.225,2.9686150317126945,5.839842200659409,6.794598710053667,0.0
20.23,3.1132244398881874,6.125507705322752,6.791241525975744,0.0
20.235,3.26433510211901,6.424990559507344,6.796142311817708,0.0
20.240000000000002,3.42144370941354,6.739483908068371,6.809796325193138,0.0
20.245,3.5872320780206657,7.069173975213614,6.834469290252273,0.0
20.25,3.7610068646296404,7.4119032461735745,6.869922004715202,0.0
20.255,3.9422359843282924,7.770972604727675,6.9177891229561865,0.0
20.26,4.133958014906318,8.146871088750459,6.980382036435431,0.0
20.265,4.335544333765133,8.540054356687975,7.055417441758429,0.0
20.27,4.546587997017716,8.950728742824467,7.147253324584597,0.0
20.275000000000002,4.766977321633196,9.379543720361513,7.25548057373036,0.0
20.28,4.9974684100576185,9.82664793016108,7.381292563902617,0.0
20.285,5.237924094252933,10.29188175153619,7.528090134738305,0.0
20.29,5.490097946302509,10.775592878946208,7.697359252405246,0.0
20.295,5.753658531286501,11.278876953579976,7.889985903979901,0.0
20.3,6.028569389923483,11.79957046683969,8.11015553573671,0.0
20.305,6.316538930207195,12.340215920812632,8.35788821517961,0.0
20.31,6.617669963308737,12.898257682932384,8.636797501647145,0.0
20.315,6.930609244373765,13.474636416385756,8.947554282519738,0.0
20.32,7.256889294521001,14.067082891809731,9.294023296863163,0.0
20.325,7.597891129049704,14.676092827002346,9.679570745438093,0.0
20.330000000000002,7.950786801691454,15.297947376056529,10.108802275836325,0.0
20.335,8.317886776051413,15.934218125015994,10.582499022460377,0.0
20.34,8.697867750169774,16.578166039870887,11.10435866764097,0.0
20.345,9.091132859940572,17.230310867214573,11.677336190026674,0.0
20.35,9.497657659616525,17.887102503500742,12.304985744475376,0.0
20.355,9.918079061133087,18.54181615182804,12.989861200768255,0.0
20.36,10.34941627993963,19.193591797410228,13.73553931069604,0.0
20.365000000000002,10.791531906346574,19.834911271348705,14.545811288827297,0.0
20.37,11.242897574971499,20.46230501350147,15.421823809946149,0.0
20.375,11.703185955073492,21.068225679109375,16.367079135958733,0.0
20.38,12.172399082398288,21.645048397736225,17.382147947316277,0.0
20.385,12.646708491628013,22.183327060246352,18.468243206311833,0.0
20.39,13.12332407285914,22.675185113193834,19.624443857535603,0.0
20.395,13.600547731432458,23.112340217664357,20.850302711903236,0.0
20.400000000000002,14.07548470260122,23.48184849491165,22.144571205014113,0.0
20.405,14.54666057337063,23.77673130533321,23.50141117814491,0.0
20.41,15.007786051113964,23.98544677392434,24.918508811456498,0.0
20.415,15.455578192669272,24.097551388636735,26.385917008491113,0.0
20.42,15.886461337709648,24.10191492222679,27.89708565335398,0.0
20.425,16.296923074030154,23.989729879344832,29.4402486211481,0.0
20.43,16.682100213654554,23.75246778199152,31.002886826967277,0.0
20.435,17.034986544380256,23.382642542886835,32.570184989651025,0.0
20.44,17.353078491888958,22.876080771307468,34.12793155879224,0.0
20.445,17.62858463386931,22.230536181858184,35.6578832622152,0.0
20.45,17.859692921172627,21.445297433847983,37.14172051034641,0.0
20.455000000000002,18.038749628513262,20.5222420403684,38.56144496704638,0.0
20.46,18.16433454792008,19.467491520884867,39.897311249287554,0.0
20.465,18.228757954008046,18.287650346878632,41.13353477319913,0.0
20.47,18.230855331719876,16.99923988963309,42.25029087018012,0.0
20.475,18.16782640892515,15.614952873544002,43.23733630503899,0.0
20.48,18.04142306724964,14.153361279341045,44.07892975102912,0.0
20.485,17.847087756493107,12.63026783878863,44.76689736452424,0.0
20.490000000000002,17.587048732708414,11.072188177714606,45.29667204140984,0.0
20.495,17.26128478882221,9.49543622162002,45.6660380186277,0.0
20.5,16.87328518930787,7.922373157474066,45.87731278419009,0.0
20.505,16.425513288099904,6.374689837404207,45.93385732446722,0.0
20.51,15.922667794174874,4.8693742218057245,45.84478230561358,0.0
20.515,15.370573688116165,3.4249022810708643,45.62138292361624,0.0
20.52,14.772761147829508,2.053833645440771,45.27665469112867,0.0
20.525000000000002,14.136888969379573,0.7683551690480002,44.823876964318224,0.0
20.53,13.46771736859369,-0.4252690802859538,44.280441043496445,0.0
20.535,12.77311239043829,-1.518710811818504,43.66230326140659,0.0
20.54,12.059002511599967,-2.51207164881761,42.98195568659223,0.0
20.545,11.332024571709637,-3.403356283815673,42.25760244829679,0.0
20.55,10.595989567991895,-4.194193453602686,41.501948609328146,0.0
20.555,9.857298990532065,-4.888167951703324,40.72570728779477,0.0
20.56,9.120158696874766,-5.490645377579265,39.9422792772314,0.0
20.565,8.387924217260144,-6.006844367520441,39.15852334378707,0.0
20.57,7.6677397701807415,-6.445438177276103,38.38363830500217,0.0
20.575,6.961890837260797,-6.81113766222669,37.62503399171029,0.0
20.580000000000002,6.271491859338381,-7.112142352061259,36.88707524752932,0.0
20.585,5.6001898670596955,-7.355519931132362,36.17249987261229,0.0
20.59,4.952824374987758,-7.547177514225026,35.48239934256443,0.0
20.595,4.328507451024115,-7.694654536953664,34.822265354480756,0.0
20.6,3.7275297456999623,-7.803712893544296,34.19027477281786,0.0
20.605,3.1515369696969957,-7.880376869287401,33.58945755372632,0.0
20.61,2.6006312929062227,-7.929377260234625,33.017596137033316,0.0
20.615000000000002,2.0744005414050375,-7.954175185549298,32.47543802957708,0.0
20.62,1.572413581347273,-7.960444137585588,31.959608944928238,0.0
20.625,1.0963878653463628,-7.951523029033355,31.471640880867078,0.0
20.63,0.6447199867946628,-7.930420127065767,31.008874365889703,0.0
20.635,0.21436437866577573,-7.89933337798961,30.571190244922693,0.0
20.64,-0.19183227330812525,-7.862742917248797,30.155124600754252,0.0
20.645,-0.5751728894225444,-7.821637298848804,29.761664268893504,0.0
20.650000000000002,-0.9388915870931644,-7.777824941419715,29.388890798141382,0.0
20.655,-1.2807572200791992,-7.732069199021475,29.034136865355304,0.0
20.66,-1.6039918657079029,-7.686610818555297,28.695882941184575,0.0
20.665,-1.9077017077505558,-7.642574202426145,28.374182153465863,0.0
20.67,-2.1944216108256844,-7.598991944212884,28.069468150291645,0.0
20.675,-2.4652841532584295,-7.5601313331311495,27.778358796515064,0.0
20.68,-2.71989481299016,-7.525559654345657,27.500711007186776,0.0
20.685,-2.960783392472098,-7.496073921559514,27.235223633394906,0.0
20.69,-3.186512196363247,-7.47001797796784,26.982683189141113,0.0
20.695,-3.401192259363867,-7.449413009611547,26.741944501935176,0.0
20.7,-3.60394139122794,-7.43409718521404,26.51225059072848,0.0
20.705000000000002,-3.7953175701996162,-7.423655895831864,26.292789502433124,0.0
20.71,-3.9769804728071754,-7.419324478403567,26.083287007616363,0.0
20.715,-4.14879034340521,-7.421069672156742,25.882091577404598,0.0
20.72,-4.31271022531483,-7.427316727774645,25.691656809301413,0.0
20.725,-4.468573250885589,-7.440858251137404,25.508681150749105,0.0
20.73,-4.616998015331922,-7.4592731353442385,25.334134131174146,0.0
20.735,-4.7581966186549,-7.4834544073215,25.16839788489235,0.0
20.740000000000002,-4.894831317372816,-7.513092311997164,25.011585679086675,0.0
20.745,-5.025910691161411,-7.549103168741263,24.862426771196233,0.0
20.75,-5.152263639082638,-7.590200710030365,24.71902919623559,0.0
20.755,-5.2741711021644795,-7.636869272278935,24.585148517869218,0.0
20.76,-5.393826173704205,-7.6891418842238535,24.459325733915893,0.0
20.765,-5.508195515328157,-7.746111056142277,24.33930513849575,0.0
20.77,-5.620199222017085,-7.808123180643471,24.227240777175183,0.0
20.775000000000002,-5.729377500279284,-7.875164781357205,24.1250687708022,0.0
20.78,-5.836468231013137,-7.947051243060713,24.029476537397194,0.0
20.785,-5.941355427333884,-8.024789738607948,23.941276301221386,0.0
20.79,-6.046242525404686,-8.105080268698178,23.859950848042608,0.0
20.795,-6.14745252265341,-8.188564518120238,23.786328422607347,0.0
20.8,-6.24969299709344,-8.27665410061936,23.721190469522,0.0
20.805,-6.35125645214365,-8.368193039449576,23.664478631262337,0.0
20.81,-6.453142855241343,-8.463401256664627,23.613588192745116,0.0
20.815,-6.552312364795037,-8.561973070532778,23.571565857803044,0.0
20.82,-6.652855916745359,-8.664554805265968,23.536837171056515,0.0
20.825,-6.7543708149483335,-8.7703484600343,23.510860901748558,0.0
20.830000000000002,-6.856399855194693,-8.877478820289877,23.49349796576447,0.0
20.835,-6.957854911825743,-8.988048534592474,23.48420844735443,0.0
20.84,-7.0595462625371725,-9.101155866650407,23.483957359678005,0.0
20.845,-7.160718060147957,-9.214984902042524,23.491392962215244,0.0
20.85,-7.263676933515777,-9.330368784328094,23.507692484144574,0.0
20.855,-7.3677471183936785,-9.44663312498868,23.53297407633855,0.0
20.86,-7.471442066484604,-9.563880732430935,23.567456770369542,0.0
20.865000000000002,-7.576935884351076,-9.680786395734888,23.610480455969334,0.0
20.87,-7.68221160984729,-9.798393130811112,23.661727616803542,0.0
20.875,-7.788108659945641,-9.91648754401635,23.72221837193012,0.0
20.88,-7.894608082281429,-10.033844615985876,23.791260367227345,0.0
20.885,-8.001816960136676,-10.150645533123251,23.870468859906257,0.0
20.89,-8.109157320878564,-10.264364748212966,23.958857126146835,0.0
20.895,-8.215547495738804,-10.37731010508839,24.056660068511174,0.0
20.900000000000002,-8.324036097110826,-10.48772994182301,24.162880162708024,0.0
20.905,-8.433035771198263,-10.596033863766584,24.278103201167205,0.0
20.91,-8.541316687928708,-10.700838441553868,24.400559164808794,0.0
20.915,-8.65016792453802,-10.80072135972988,24.53226397898288,0.0
20.92,-8.756708603888086,-10.89619081406192,24.671103635348363,0.0
20.925,-8.86352447448403,-10.987537587253057,24.820103650410683,0.0
20.93,-8.969355211213614,-11.074808006555095,24.976811461571636,0.0
20.935,-9.074677001749823,-11.154488746739395,25.139761419184715,0.0
20.94,-9.179087415524195,-11.22754479352977,25.310689237567846,0.0
20.945,-9.28088653262369,-11.295761622085767,25.489314411001608,0.0
20.95,-9.380807789170644,-11.356440821096609,25.67339127668012,0.0
20.955000000000002,-9.478732969168119,-11.408119146384802,25.863052582103155,0.0
20.96,-9.574505583362916,-11.453481600673,26.058761026946797,0.0
20.965,-9.667876129966977,-11.48956538283613,26.259442325444923,0.0
20.97,-9.75967158664063,-11.516103020735782,26.46490901603722,0.0
20.975,-9.847924605375397,-11.532914264792,26.675059019248653,0.0
20.98,-9.93296624719197,-11.540211768526891,26.887852167363935,0.0
20.985,-10.013437222083438,-11.537069495487629,27.103149076453576,0.0
20.990000000000002,-10.089426975807454,-11.524507173262945,27.320676487512124,0.0
20.995,-10.16029428775307,-11.501784185022286,27.53744320475372,0.0
21.0,-10.227630300807403,-11.466481173792427,27.755098671158912,0.0
21.005,-10.28955678905466,-11.421905280435544,27.970236614724595,0.0
21.01,-10.346082954363252,-11.3644928388695,28.185256721704157,0.0
21.015,-10.396607423429723,-11.297154942017603,28.397847662974584,0.0
21.02,-10.44094902196608,-11.219255681913738,28.60694082736162,0.0
21.025000000000002,-10.481023889632501,-11.131332571267007,28.81075241436633,0.0
21.03,-10.513026205188407,-11.032880951263204,29.009555518918592,0.0
21.035,-10.539314596571451,-10.924199452378067,29.20300133747759,0.0
21.04,-10.558291660541189,-10.8063197469279,29.38851988770101,0.0
21.045,-10.571156397950052,-10.678224039599074,29.56656980848319,0.0
21.05,-10.577219841162586,-10.539996303339343,29.736876964443947,0.0
21.055,-10.575655195419738,-10.397168507116143,29.898508718912733,0.0
21.06,-10.566298134762121,-10.24515386781419,30.049782377629374,0.0
21.065,-10.550755688041603,-10.085126457671265,30.191020002253623,0.0
21.07,-10.526776051786047,-9.918361884308693,30.320587933884205,0.0
21.075,-10.496805861031794,-9.745793254561944,30.439304126904545,0.0
21.080000000000002,-10.46038416015329,-9.56963722987226,30.545282999031926,0.0
21.085,-10.415775129244405,-9.388391069776016,30.63833679149497,0.0
21.09,-10.364039415086914,-9.203774452192036,30.71811526022987,0.0
21.095,-10.308169200330555,-9.017255787055296,30.784108291160642,0.0
21.1,-10.242814074737295,-8.827429504018236,30.83738938521218,0.0
21.105,-10.172947617293783,-8.639334648025653,30.87955524653656,0.0
21.11,-10.094842600485537,-8.450196818527125,30.90779865972386,0.0
21.115000000000002,-10.012434597893185,-8.261486801356398,30.9212196068044,0.0
21.12,-9.924771637391876,-8.074822150224902,30.922556633065742,0.0
21.125,-9.832703743495623,-7.889015123718052,30.91136504799519,0.0
21.13,-9.736806859793637,-7.707285867313426,30.88751425206466,0.0
21.135,-9.634860402103683,-7.5286819766814315,30.85070500729589,0.0
21.14,-9.529500114921374,-7.352993518968609,30.801639279949264,0.0
21.145,-9.419847779329588,-7.182913533377361,30.740883235037895,0.0
21.150000000000002,-9.30675335068833,-7.017906094698299,30.668790981319983,0.0
21.155,-9.192024435100958,-6.858507521393759,30.586199577503372,0.0
21.16,-9.074751148301523,-6.703735949037387,30.49334721905038,0.0
21.165,-8.957105596683405,-6.557688466688003,30.392107769102548,0.0
21.17,-8.836926262999063,-6.417872005447383,30.280990058256208,0.0
21.175,-8.715953894875515,-6.284835753151483,30.16081269375043,0.0
21.18,-8.594639042472648,-6.15935226617432,30.03418382315327,0.0
21.185,-8.473305211538015,-6.04078240242169,29.898932157235283,0.0
21.19,-8.351269524090819,-5.930662571192241,29.755893478615217,0.0
21.195,-8.230142648841177,-5.826949667699045,29.60714001139061,0.0
21.2,-8.110116749721472,-5.732074269058492,29.45141653305744,0.0
21.205000000000002,-7.99294421526739,-5.644178506808577,29.291848746268865,0.0
21.21,-7.875448284477681,-5.563839434986687,29.12616348384796,0.0
21.215,-7.759887458663343,-5.493252637997943,28.957009918702106,0.0
21.22,-7.645826982000939,-5.429435862154154,28.783508278966682,0.0
21.225,-7.535346960737395,-5.37341894018239,28.607692920902686,0.0
21.23,-7.426659847887096,-5.323483498700292,28.42826694592772,0.0
21.235,-7.323752448886428,-5.2800803236556995,28.24686555111591,0.0
21.240000000000002,-7.2204170603461835,-5.246252261734358,28.063821858930343,0.0
21.245,-7.121355646750032,-5.217719097295885,27.879737171594304,0.0
21.25,-7.025422326829228,-5.194975754872136,27.69250543411378,0.0
21.255,-6.935019949918853,-5.179505304407313,27.506316760110067,0.0
21.26,-6.848027590520041,-5.170548491800353,27.31965400188124,0.0
21.265,-6.76352196429299,-5.167965157170433,27.132871787280003,0.0
21.27,-6.68301028522559,-5.173141536694358,26.946574870716653,0.0
21.275000000000002,-6.607035200043624,-5.182737962987977,26.76025252370876,0.0
21.28,-6.535530011099141,-5.198600931737007,26.57473019394561,0.0
21.285,-6.468828400969089,-5.219773192063832,26.39212158076256,0.0
21.29,-6.407233329873919,-5.245891184478546,26.20945902906713,0.0
21.295,-6.348807560703917,-5.277322289621334,26.029198251327966,0.0
21.3,-6.295171677599628,-5.314558760783345,25.8488978801963,0.0
21.305,-6.246663419184631,-5.357712644554227,25.671035909357872,0.0
21.31,-6.2019485541613335,-5.402977817268648,25.497360911955976,0.0
21.315,-6.161311096465304,-5.454343618158102,25.32461584179207,0.0
21.32,-6.12646668769355,-5.5093836525708815,25.15588351444677,0.0
21.325,-6.095976119147551,-5.569634979897901,24.989947310147606,0.0
21.330000000000002,-6.0698627718039315,-5.634310466294676,24.8269387203654,0.0
21.335,-6.049040256369686,-5.701385048888942,24.6659378155614,0.0
21.34,-6.032091892624562,-5.774359572012155,24.508428064227775,0.0
21.345,-6.019956070589051,-5.8512856257284,24.35581718336778,0.0
21.35,-6.011611431005697,-5.930804512269135,24.20718430603762,0.0
21.355,-6.008295049160709,-6.0150198166728766,24.061949392721427,0.0
21.36,-6.008981564883923,-6.102295430202287,23.92162779375551,0.0
21.365000000000002,-6.014919758219292,-6.192960471319844,23.78744044567396,0.0
21.37,-6.023691063709632,-6.2879841565939,23.656129252324234,0.0
21.375,-6.036099551825545,-6.388446009319768,23.530259552598594,0.0
21.38,-6.054006200731311,-6.4913493322548526,23.4091322912253,0.0
21.385,-6.076502037119456,-6.598719386492742,23.29320988754476,0.0
21.39,-6.102326094839015,-6.707777831075996,23.1839087776283,0.0
21.395,-6.131910518178951,-6.821027399870581,23.079735866416094,0.0
21.400000000000002,-6.166160796681249,-6.937719691850947,22.981118694890096,0.0
21.405,-6.204051495240432,-7.058145355636617,22.888918792458878,0.0
21.41,-6.24737326962947,-7.181633082623232,22.801374824840728,0.0
21.415,-6.295297572817244,-7.308460944356422,22.72156854144594,0.0
21.42,-6.345786465467614,-7.439197915958292,22.64915295361024,0.0
21.425,-6.400799531567034,-7.57185651673784,22.583138406088924,0.0
21.43,-6.459445322222071,-7.706193855261084,22.52485693884649,0.0
21.435,-6.521200292985141,-7.844297181200472,22.473254364211996,0.0
21.44,-6.586644578355748,-7.983563729559273,22.429774952639352,0.0
21.445,-6.6564252709329885,-8.12674698083152,22.394253756624057,0.0
21.45,-6.7304334004304955,-8.272964191131168,22.36502326472937,0.0
21.455000000000002,-6.807377499663972,-8.420741156871483,22.34486603877894,0.0
21.46,-6.888023059185916,-8.5715400218656,22.33402008663041,0.0
21.465,-6.972690314798204,-8.723305148301106,22.331799097109926,0.0
21.47,-7.058270049088736,-8.87692060318839,22.338312507066423,0.0
21.475,-7.149137652440769,-9.03271094006852,22.353784945910192,0.0
21.48,-7.244266559264562,-9.188913445347676,22.37899256712455,0.0
21.485,-7.34158440164412,-9.34624457787193,22.414534185242413,0.0
21.490000000000002,-7.440681238788694,-9.504173376786696,22.457660065748478,0.0
21.495,-7.544505901694444,-9.66311466155281,22.5129996980051,0.0
21.5,-7.651173414910552,-9.821625448237125,22.577907591132973,0.0
21.505,-7.760087826915449,-9.978856658086443,22.652695721626582,0.0
21.51,-7.8702611581732445,-10.135800755523228,22.737594551052545,0.0
21.515,-7.983964472091221,-10.291303397973998,22.83192964767665,0.0
21.52,-8.099416086520359,-10.446300288848057,22.93890800950861,0.0
21.525000000000002,-8.217330256314266,-10.598541582498278,23.055697582524356,0.0
21.53,-8.337193546997463,-10.747570887419975,23.183651814644428,0.0
21.535,-8.457249388528309,-10.89325625156659,23.3218128430155,0.0
21.54,-8.57880088486716,-11.037450661760316,23.471375031869552,0.0
21.545,-8.702899342795819,-11.177983626181588,23.6313307456336,0.0
21.55,-8.825891152627262,-11.31112444573232,23.802689587117843,0.0
21.555,-8.950828986007185,-11.439619267679769,23.983647559378525,0.0
21.56,-9.07575142095662,-11.562433686780915,24.175351236104156,0.0
21.565,-9.200176768167319,-11.677745470808885,24.3777813677949,0.0
21.57,-9.324031697177103,-11.784769544970013,24.589395603968203,0.0
21.575,-9.447913996398048,-11.88417015649421,24.81177333544174,0.0
21.580000000000002,-9.56980968494088,-11.974718944232743,25.041272354833506,0.0
21.585,-9.690182884606484,-12.05697237125726,25.279558413756096,0.0
21.59,-9.809013446912239,-12.128719567346932,25.526354120088246,0.0
21.595,-9.925104447670025,-12.188744661428068,25.78219889880716,0.0
21.6,-10.037774991338617,-12.237995605257284,26.042386353900866,0.0
21.605,-10.14749159499437,-12.274755615612067,26.309216407381065,0.0
21.61,-10.253211891394287,-12.29819669643139,26.581270233609576,0.0
21.615000000000002,-10.354595117044198,-12.309466061657345,26.857430663817834,0.0
21.62,-10.45160269657381,-12.308853945326188,27.136866745795746,0.0
21.625,-10.542495343814211,-12.292732852920244,27.418651360281103,0.0
21.63,-10.629806698415129,-12.260753343750737,27.70102744073201,0.0
21.635,-10.712467993780304,-12.214769053908554,27.983626237403485,0.0
21.64,-10.787385992068536,-12.152680537490932,28.264109657599093,0.0
21.645,-10.855561269391737,-12.076967903102927,28.543084632635228,0.0
21.650000000000002,-10.91612727564451,-11.987398334150352,28.81822799505487,0.0
21.655,-10.969764404314056,-11.883459987646203,29.08900158952856,0.0
21.66,-11.014778835076058,-11.763661075222798,29.35278725854798,0.0
21.665,-11.051774460586692,-11.630733134483897,29.60759351753427,0.0
21.67,-11.081174977885405,-11.483130988366863,29.85581939324364,0.0
21.675,-11.101118006284285,-11.323766207607038,30.09305327453045,0.0
21.68,-11.110876718114435,-11.151203568576792,30.32043568708447,0.0
21.685,-11.112238394107568,-10.965685598769387,30.535985168632145,0.0
21.69,-11.105784139510538,-10.771011241720934,30.738422889806234,0.0
21.695,-11.08952683396162,-10.565664754970747,30.927409402627898,0.0
21.7,-11.063238858669164,-10.351221931314633,31.100179749227095,0.0
21.705000000000002,-11.027800984480395,-10.12828829075773,31.258787773998638,0.0
21.71,-10.982146462484891,-9.898116162903916,31.399018503907353,0.0
21.715,-10.927242950019979,-9.660697478139042,31.524369403133907,0.0
21.72,-10.864167359544057,-9.419862554071447,31.631028953060934,0.0
21.725,-10.793194582886068,-9.17540314983517,31.7203164387808,0.0
21.73,-10.712626271282824,-8.929094822732143,31.791812299113325,0.0
21.735,-10.622421317672554,-8.68127266225042,31.84636685617578,0.0
21.740000000000002,-10.525124312808181,-8.43390308533848,31.882488585166723,0.0
21.745,-10.420469644638674,-8.187144242039508,31.90135723168926,0.0
21.75,-10.30755346369168,-7.941845081012792,31.902145968787924,0.0
21.755,-10.1893035528884,-7.701426483749723,31.88540851758265,0.0
21.76,-10.064466269986111,-7.465686489971829,31.8517515002086,0.0
21.765,-9.936043834090977,-7.234146960913191,31.802758567526276,0.0
21.77,-9.800691102379217,-7.008234337231299,31.738566567170167,0.0
21.775000000000002,-9.660677936570123,-6.790381705326477,31.658036699383906,0.0
21.78,-9.516107878640833,-6.578771781524782,31.56466267135687,0.0
21.785,-9.369580362612297,-6.376155350358396,31.456989022315526,0.0
21.79,-9.220688434742259,-6.182072397774286,31.335790996665946,0.0
21.795,-9.069339341051402,-5.9960364395244525,31.20327438257144,0.0
21.8,-8.915236499616624,-5.821848499451632,31.059584442852728,0.0
21.805,-8.760686583996149,-5.656404349702268,30.903981568017976,0.0
21.81,-8.605358732834514,-5.500746845057357,30.739765445181813,0.0
21.815,-8.448153337054345,-5.354555925930194,30.565559230308736,0.0
21.82,-8.292702174816293,-5.219576213179941,30.383257007338216,0.0
21.825,-8.139265903028024,-5.094064943329969,30.193430520981146,0.0
21.830000000000002,-7.985361288978735,-4.9787360373336815,29.997935631347787,0.0
21.835,-7.834485984182438,-4.875011125025763,29.798076775002702,0.0
21.84,-7.686105620327161,-4.781102105898295,29.592147726499018,0.0
21.845,-7.541976666211809,-4.695766456865229,29.380942023295358,0.0
21.85,-7.398626934265817,-4.620341667447189,29.16632671604105,0.0
21.855,-7.2600347042506,-4.554260696851444,28.948986691682666,0.0
21.86,-7.123302779923995,-4.497751880567025,28.728928694832227,0.0
21.865000000000002,-6.991974434730143,-4.449192456277245,28.50554860397508,0.0
21.87,-6.865013121795675,-4.410502968496516,28.282524367450417,0.0
21.875,-6.7410169915047815,-4.378226591729006,28.05693346965155,0.0
21.88,-6.623286315209586,-4.3540567962103705,27.829889829680813,0.0
21.885,-6.510448189002989,-4.337218763307694,27.60305458891363,0.0
21.89,-6.4020207031344745,-4.3276142361112475,27.376165375904304,0.0
21.895,-6.298264019141685,-4.324474293930508,27.149725796161956,0.0
21.900000000000002,-6.199336448463983,-4.330691532326712,26.924299740646617,0.0
21.905,-6.105644198154581,-4.341990555892532,26.698525428007382,0.0
21.91,-6.017448340663831,-4.359510766601409,26.475779107839827,0.0
21.915,-5.935386836859235,-4.383625575447095,26.255048378799724,0.0
21.92,-5.857496450668868,-4.412502412859911,26.03471990178135,0.0
21.925,-5.785921718819702,-4.447745174896217,25.81609048487081,0.0
21.93,-5.719838791945383,-4.488705990098458,25.601072821643946,0.0
21.935,-5.658133634830474,-4.534058388033708,25.387976903880283,0.0
21.94,-5.600263496978588,-4.585655408334546,25.177313147886988,0.0
21.945,-5.548759806354029,-4.641674028982171,24.969036226388038,0.0
21.95,-5.502855405226628,-4.702713221716624,24.76565794432763,0.0
21.955000000000002,-5.462663474890676,-4.767771168131669,24.565898077150628,0.0
21.96,-5.426669410146534,-4.837805725069049,24.369018397460827,0.0
21.965,-5.39756776809289,-4.912533349894735,24.173632737491136,0.0
21.97,-5.374430758034164,-4.992398675904564,23.983615700460607,0.0
21.975,-5.356043397499785,-5.075024347542478,23.798324446970085,0.0
21.98,-5.342969113922599,-5.162309502430005,23.616973652363058,0.0
21.985,-5.333394459557789,-5.252983105253852,23.439610080198122,0.0
21.990000000000002,-5.329094493819143,-5.348731583327736,23.26786754494182,0.0
21.995,-5.329459820756506,-5.4473358669345044,23.100828189105645,0.0
22.0,-5.3354304864704325,-5.5502019767423265,22.93730729790375,0.0
22.005,-5.348215564915752,-5.658789686292077,22.779935495518025,0.0
22.01,-5.363435698021468,-5.770353014149231,22.62750719759654,0.0
22.015,-5.383481406983507,-5.884946577720643,22.481478776471405,0.0
22.02,-5.409383199690456,-6.003373267030855,22.339972026411953,0.0
22.025000000000002,-5.4390782404309945,-6.126135300107038,22.203835183682056,0.0
22.03,-5.473171998437946,-6.253395312895546,22.073543401156652,0.0
22.035,-5.512309091004059,-6.384738347497453,21.949853638695686,0.0
22.04,-5.555624232471674,-6.519286153754989,21.83372031269199,0.0
22.045,-5.60447012819116,-6.658771761566632,21.724104884452892,0.0
22.05,-5.65736488726423,-6.800808370836413,21.62216175819281,0.0
22.055,-5.7133660237316075,-6.947466414233518,21.526531205623208,0.0
22.06,-5.77401927689124,-7.098421454650902,21.437524390544592,0.0
22.065,-5.8397706440894845,-7.252306957114718,21.35515334160015,0.0
22.07,-5.910044982769723,-7.409715868948176,21.282889369547522,0.0
22.075,-5.985019689373217,-7.571477671427093,21.218018957880293,0.0
22.080000000000002,-6.064073466551265,-7.736834070755252,21.161313217885866,0.0
22.085,-6.14830903552892,-7.905917954760796,21.11281022379106,0.0
22.09,-6.237012511350077,-8.07863622763949,21.074842221229886,0.0
22.095,-6.329254636345318,-8.253766452028634,21.04598113186267,0.0
22.1,-6.4265624770774625,-8.431535180260502,21.02638533721508,0.0
22.105,-6.5272848203445415,-8.614270020537745,21.016473617297997,0.0
22.11,-6.6319056306457105,-8.799110651987395,21.01818958115811,0.0
22.115000000000002,-6.739078347529802,-8.986664183312959,21.03006563960388,0.0
22.12,-6.8516809697792596,-9.175385656370626,21.052880995139752,0.0
22.125,-6.968618027983817,-9.367277372430266,21.08620350898179,0.0
22.13,-7.0880592958420685,-9.562713809955119,21.130681834422113,0.0
22.135,-7.2112157749512535,-9.758431463082891,21.187964671969244,0.0
22.14,-7.3371788102174085,-9.954565332789167,21.257183344027887,0.0
22.145,-7.468368680551004,-10.151307808183097,21.339413885483832,0.0
22.150000000000002,-7.602307892724703,-10.349909722894283,21.433978240645885,0.0
22.155,-7.739637364743644,-10.547675079705883,21.542292408641707,0.0
22.16,-7.8805470997786875,-10.746713930459803,21.66320159435224,0.0
22.165,-8.025070443146703,-10.943109713333344,21.797670373817652,0.0
22.17,-8.17063746239585,-11.137181045361382,21.94587323659688,0.0
22.175,-8.31896724716636,-11.328563527599993,22.109449653103265,0.0
22.18,-8.470272805042717,-11.517081505446255,22.28509345228546,0.0
22.185,-8.623275708408444,-11.702088510532832,22.475824732501426,0.0
22.19,-8.77736315539864,-11.881678746724065,22.680635806886684,0.0
22.195,-8.93216376076355,-12.05651068884095,22.90032167408137,0.0
22.2,-9.087263283755599,-12.225190579443638,23.133839911609403,0.0
22.205000000000002,-9.243837624795193,-12.385306556725835,23.380601735360884,0.0
22.21,-9.401012655488218,-12.53635958773911,23.640709169573256,0.0
22.215,-9.55765982247402,-12.677986970171162,23.913282508115522,0.0
22.22,-9.713826457119046,-12.809668248788139,24.201606674996317,0.0
22.225,-9.868248551226,-12.930015201708414,24.50128002161785,0.0
22.23,-10.021374302789118,-13.037868895526026,24.812059363932143,0.0
22.235,-10.173220798814189,-13.131854681034554,25.13511772252747,0.0
22.240000000000002,-10.319909432672278,-13.212218861324095,25.468047858695584,0.0
22.245,-10.464819338219387,-13.277640284236536,25.810567993804824,0.0
22.25,-10.605780476678662,-13.32601438632337,26.161564410228085,0.0
22.255,-10.740938122706329,-13.3547425673415,26.51993859788081,0.0
22.26,-10.871098545244047,-13.36769028195758,26.884809814170378,0.0
22.265,-10.995636447847925,-13.361144083575544,27.2526230797258,0.0
22.27,-11.114163603329445,-13.33557004328655,27.623334519617142,0.0
22.275000000000002,-11.22428511680262,-13.289675411327842,27.99597061381879,0.0
22.28,-11.32676877383871,-13.222577544663329,28.36926852836099,0.0
22.285,-11.421886430017498,-13.135618957182254,28.738984397990038,0.0
22.29,-11.50806775369389,-13.027747665604306,29.105571102137283,0.0
22.295,-11.583632280065284,-12.897491745023595,29.467399789805683,0.0
22.3,-11.650159447481602,-12.747970681888571,29.822490309184822,0.0
22.305,-11.704070311596098,-12.578308117793561,30.168432559592933,0.0
22.31,-11.747503916022753,-12.387220399221137,30.502520067448103,0.0
22.315,-11.77911407987244,-12.177966089006722,30.82416406498039,0.0
22.32,-11.798766047157525,-11.950427349675774,31.128934995023737,0.0
22.325,-11.806289273768414,-11.706832161938587,31.418552211668217,0.0
22.330000000000002,-11.801911351678381,-11.446471877462793,31.690259388563963,0.0
22.335,-11.784304652902968,-11.171734860564575,31.943259528085083,0.0
22.34,-11.754154183569925,-10.883165369605983,32.17564423612111,0.0
22.345,-11.710155678541891,-10.584371551302025,32.38610293801224,0.0
22.35,-11.654336615081174,-10.27464021043998,32.5733746106292,0.0
22.355,-11.584554838287119,-9.957809626058337,32.738159980940694,0.0
22.36,-11.502671962872862,-9.634553772887884,32.87879609930866,-0.0
22.365000000000002,-11.409661575346323,-9.305240709419541,32.99397917588271,-0.0
22.37,-11.305375320704316,-8.973788210571556,33.08587561091919,-0.0
22.375,-11.187719482088124,-8.641289393643785,33.15275325963244,-0.0
22.38,-11.061646642481529,-8.310254382045242,33.194050166146134,-0.0
22.385,-10.92452947308882,-7.982165460532839,33.210935888015406,-0.0
22.39,-10.77783756985265,-7.657331207294534,33.203359537226966,-0.0
22.395,-10.621723668848661,-7.338817647318483,33.17329051164009,-0.0
22.400000000000002,-10.45718371857795,-7.027338439129778,33.12019233466529,-0.0
22.405,-10.285412820665316,-6.723924954020302,33.04539988125593,-0.0
22.41,-10.10794128876084,-6.429734076918389,32.950877433991074,-0.0
22.415,-9.923953213898615,-6.147536090894197,32.83636471274791,-0.0
22.42,-9.735682417943098,-5.87754737707321,32.70366283135069,-0.0
22.425,-9.54327524464679,-5.619582787168338,32.55397602842973,-0.0
22.43,-9.346596806359592,-5.373516296439038,32.38799506094862,-0.0
22.435,-9.147892288892491,-5.141107357087549,32.20742353467647,-0.0
22.44,-8.948395183863722,-4.923028601451026,32.01275141114392,-0.0
22.445,-8.746634399994743,-4.717896643691016,31.806940545096328,-0.0
22.45,-8.545659473110671,-4.5280779737020875,31.58879863070865,-0.0
22.455000000000002,-8.34467123214028,-4.352683002717622,31.359688874674088,-0.0
22.46,-8.145373614846665,-4.191491596083675,31.12409484235458,-0.0
22.465,-7.947300269047087,-4.04348102846325,30.880176295386438,-0.0
22.47,-7.752533908318387,-3.9106695758054717,30.629878181947863,-0.0
22.475,-7.561326987658359,-3.789362413059484,30.373157103382848,-0.0
22.48,-7.3724184137071935,-3.6796725484295125,30.111113353211465,-0.0
22.485,-7.188121827849095,-3.583500686937365,29.843913528911198,-0.0
22.490000000000002,-7.007115504320755,-3.4985139934002722,29.573775061834855,-0.0
22.495,-6.831706606862161,-3.4256918496788704,29.301534173987235,-0.0
22.5,-6.661019617399478,-3.36432409413384,29.028204278928055,-0.0
22.505,-6.496247429193373,-3.3128060746150343,28.7526908670596,-0.0
22.51,-6.337840148112518,-3.271850249257411,28.477453966213478,-0.0
22.515,-6.183875667497435,-3.2403553204786935,28.20105477128348,-0.0
22.52,-6.036222745368758,-3.21804315591695,27.926277433219305,-0.0
22.525000000000002,-5.893636624753486,-3.2043107726280673,27.651725036099297,-0.0
22.53,-5.758488029973673,-3.1983002059760874,27.37667397502176,-0.0
22.535,-5.631110874729227,-3.200780262694606,27.104762760791015,-0.0
22.54,-5.509315999357047,-3.2090628378107375,26.833712772961782,-0.0
22.545,-5.394622360954123,-3.2251820805570435,26.564778850916742,-0.0
22.55,-5.2863783098916155,-3.2467140042102587,26.29786954096806,-0.0
22.555,-5.183469576977488,-3.2762722965435414,26.033166480069443,-0.0
22.56,-5.087700688518097,-3.3122263969980006,25.770021466339816,-0.0
22.565,-4.999059432995536,-3.3519994069446404,25.510137899637208,-0.0
22.57,-4.916499523504995,-3.3974243301063227,25.253343683744834,-0.0
22.575,-4.840894065979372,-3.44782276006368,25.001072283926934,-0.0
22.580000000000002,-4.770021349182609,-3.503544971355172,24.750577163778427,-0.0
22.585,-4.706582507342374,-3.5628299095892753,24.50373049056263,-0.0
22.59,-4.650147551059746,-3.626777401646888,24.26060240976282,-0.0
22.595,-4.598851472118234,-3.694890441717519,24.02213291675356,-0.0
22.6,-4.553810914766015,-3.7671524254228084,23.787895335472953,-0.0
22.605,-4.514195979512449,-3.843317751426635,23.556964293908127,-0.0
22.61,-4.481763576254578,-3.925767187434995,23.329993960886288,-0.0
22.615000000000002,-4.454945385618011,-4.012338441475113,23.106697933363424,-0.0
22.62,-4.431780659688784,-4.102286007679512,22.888701507250843,-0.0
22.625,-4.414788390223097,-4.196049482033093,22.67426684467698,-0.0
22.63,-4.4043899805624,-4.2935425383475705,22.464964189271083,-0.0
22.635,-4.398294470459061,-4.394209929915226,22.260563277274102,-0.0
22.64,-4.397955746377805,-4.50017323274591,22.060460144208076,-0.0
22.645,-4.402614429692366,-4.607576462382263,21.864108852863083,-0.0
22.650000000000002,-4.412580905135104,-4.720402730769494,21.67341004584427,-0.0
22.655,-4.426395492466247,-4.835863952996438,21.489029042449253,-0.0
22.66,-4.445737313567756,-4.956033319277748,21.309836668512734,-0.0
22.665,-4.470816772572063,-5.0794630019961815,21.136079166894664,-0.0
22.67,-4.501243195899907,-5.207106853622342,20.967856666661856,-0.0
22.675,-4.535613060582954,-5.338155024479242,20.80501132707845,-0.0
22.68,-4.574916012173508,-5.474503098868146,20.649419699612448,-0.0
22.685,-4.618997054822145,-5.614957100870482,20.499058411652715,-0.0
22.69,-4.668651118544161,-5.760753890908683,20.35494010096618,-0.0
22.695,-4.723070092408816,-5.912475705771737,20.219107203317964,-0.0
22.7,-4.782812632019801,-6.066802392107169,20.08937082909094,-0.0
22.705000000000002,-4.845866628297066,-6.22585833812226,19.96643207320732,-0.0
22.71,-4.915650831827159,-6.390071447381119,19.850944494846775,-0.0
22.715,-4.98910900057161,-6.558617713066086,19.743247063332262,-0.0
22.72,-5.068133825270638,-6.731158131781432,19.643211889171425,-0.0
22.725,-5.151198119633078,-6.909536583276785,19.552440157938182,-0.0
22.73,-5.239299182607268,-7.092458259247241,19.469581175537513,-0.0
22.735,-5.3310266402898625,-7.280195162194423,19.3957836267455,-0.0
22.740000000000002,-5.42897126800929,-7.473249462188442,19.332255411745628,-0.0
22.745,-5.530461919871169,-7.671557187979328,19.27671827602122,-0.0
22.75,-5.637386886186943,-7.875196791706667,19.23192609553743,-0.0
22.755,-5.749267171047644,-8.083794433667972,19.19642092410391,-0.0
22.76,-5.866210304293869,-8.296099147788922,19.172529045774667,-0.0
22.765,-5.987146691530906,-8.513167248741226,19.159409109512268,-0.0
22.77,-6.1126020688492435,-8.734505470337856,19.160628988174807,-0.0
22.775000000000002,-6.242992909236825,-8.962211214584759,19.17112803825021,-0.0
22.78,-6.379157814618932,-9.193146544749462,19.195170704471753,-0.0
22.785,-6.518197260524327,-9.428719118451006,19.232460800046873,-0.0
22.79,-6.664719117955487,-9.667044813220587,19.283178145559546,-0.0
22.795,-6.815678808409762,-9.910220070520097,19.347608855125603,-0.0
22.8,-6.969448255827714,-10.15649936751807,19.427857783903978,-0.0
22.805,-7.129683340936736,-10.404585428520955,19.523715526785356,-0.0
22.81,-7.2938439557546415,-10.6558685228755,19.633680566773638,-0.0
22.815,-7.46153554447278,-10.907310472402605,19.76101393065378,-0.0
22.82,-7.633378551837562,-11.15995865653761,19.906048644443068,-0.0
22.825,-7.8103888596688185,-11.411521227133719,20.067136003449463,-0.0
22.830000000000002,-7.989967461008751,-11.665560044257965,20.24566175897202,-0.0
22.835,-8.173288237659639,-11.917504504015621,20.442079907029694,-0.0
22.84,-8.360117491862303,-12.167094519614203,20.65703938528264,-0.0
22.845,-8.550117233021917,-12.412296015577082,20.890389715827382,-0.0
22.85,-8.74345163664594,-12.654399698220631,21.14228103147382,-0.0
22.855,-8.938544214756057,-12.891220821147536,21.41422225683035,-0.0
22.86,-9.136928507358807,-13.120600972659995,21.7040280244617,-0.0
22.865000000000002,-9.335702740839197,-13.343454764475904,22.013147460882657,-0.0
22.87,-9.535675152676156,-13.555316881048578,22.34219118080084,-0.0
22.875,-9.736912282015437,-13.75699491294698,22.692476498451075,-0.0
22.88,-9.938799320892384,-13.947454770700707,23.060118960595485,-0.0
22.885,-10.140073180882734,-14.12370055434685,23.44673815579294,-0.0
22.89,-10.340045405410722,-14.283529378541088,23.84986853798957,-0.0
22.895,-10.53688482205056,-14.426218747419645,24.270068940191404,-0.0
22.900000000000002,-10.732655342525394,-14.550770717518587,24.70688985900481,-0.0
22.905,-10.924031847588337,-14.655783011844829,25.15816004189189,-0.0
22.91,-11.110737168199973,-14.737443994441522,25.622818624533878,-0.0
22.915,-11.291880599524067,-14.796056465057418,26.100134704506242,-0.0
22.92,-11.466686956817874,-14.830793431409733,26.588619775746977,-0.0
22.925,-11.634887218441923,-14.837166102548297,27.0844223716434,-0.0
22.93,-11.794547612515684,-14.816595984189735,27.585610018809234,-0.0
22.935,-11.946887892178106,-14.767071416074861,28.091169052908263,-0.0
22.94,-12.088304712456964,-14.688751222911606,28.598657635313653,-0.0
22.945,-12.218012896609606,-14.57955842703664,29.10466376386913,-0.0
22.95,-12.335389931521963,-14.439778902346752,29.608384170104053,-0.0
22.955000000000002,-12.440184565110457,-14.269083622958041,30.104280377424878,-0.0
22.96,-12.531641280666262,-14.067263044135265,30.589752102217,-0.0
22.965,-12.608342067423948,-13.83371055655158,31.063093554659456,-0.0
22.97,-12.671207205756183,-13.571470282966077,31.521199286199128,-0.0
22.975,-12.715734692563403,-13.281353462382576,31.960186077561968,-0.0
22.98,-12.745044077199685,-12.9632932164433,32.3777946480771,-0.0
22.985,-12.755940331019172,-12.620218287251623,32.772646892551485,-0.0
22.990000000000002,-12.748658667601267,-12.252887247737089,33.14018344684201,-0.0
22.995,-12.72330464423618,-11.863356499227123,33.480498990328414,-0.0
23.0,-12.679806927612882,-11.454964914792834,33.787666250392476,-0.0
23.005,-12.617974176797558,-11.032038130297163,34.06265087749088,-0.0
23.01,-12.540187995888077,-10.594338884846636,34.305106395360085,-0.0
23.015,-12.442984208658224,-10.146725817262643,34.5119842052395,-0.0
23.02,-12.327397845013461,-9.69090692458186,34.68525472130897,-0.0
23.025000000000002,-12.193961077162822,-9.230003238225946,34.819832256989116,-0.0
23.03,-12.046520676101217,-8.768272824910582,34.91871182724854,-0.0
23.035,-11.883193013201641,-8.307661325037493,34.98165941457622,-0.0
23.04,-11.703981238546097,-7.850993653579959,35.00876470447652,-0.0
23.045,-11.510754341938721,-7.402063652251748,35.0016834990669,-0.0
23.05,-11.305951154664749,-6.962268400759181,34.9610595213241,-0.0
23.055,-11.08990295593846,-6.533652229937118,34.88770826953682,-0.0
23.06,-10.861696095920406,-6.119306948587041,34.785225003717265,-0.0
23.065,-10.62538215118701,-5.719922085755865,34.65355715023615,-0.0
23.07,-10.3792432394703,-5.338240197751314,34.49606151111942,-0.0
23.075,-10.126365069850529,-4.97418621892285,34.312974957182725,-0.0
23.080000000000002,-9.868646538034849,-4.628646524342784,34.10765131794675,-0.0
23.085,-9.607866227787609,-4.30362487305896,33.88178466505518,-0.0
23.09,-9.342571391038376,-4.000041736331005,33.637093090057355,-0.0
23.095,-9.076299898650051,-3.7173859870267782,33.37543974877957,-0.0
23.1,-8.806512977773206,-3.454803466686887,33.09999664445233,-0.0
23.105,-8.539990837134365,-3.2136359571464657,32.810711741511696,-0.0
23.11,-8.274163066379101,-2.992935439962407,32.51042680941409,-0.0
23.115000000000002,-8.010586362562174,-2.791901173951851,32.2002629289824,-0.0
23.12,-7.749838698505053,-2.610929778330906,31.88259797249361,-0.0
23.125,-7.491988045083467,-2.4484330536933654,31.55921367844876,-0.0
23.13,-7.240558076447078,-2.302143366396831,31.2297413328719,-0.0
23.135,-6.992317618718146,-2.1749304199957926,30.897434244127187,-0.0
23.14,-6.751646726793797,-2.06290210980641,30.56168549180755,-0.0
23.145,-6.517705152084928,-1.965613502084813,30.226183179137358,-0.0
23.150000000000002,-6.2899794700382765,-1.8835626467012536,29.88813800421665,-0.0
23.155,-6.069619908563152,-1.8136308560357794,29.54920188774173,-0.0
23.16,-5.857174354932633,-1.7583319256201935,29.210502343879853,-0.0
23.165,-5.652049912519631,-1.7145236273192803,28.872104325529754,-0.0
23.17,-5.455255220165011,-1.6825983733331957,28.536264412577356,-0.0
23.175,-5.2673062234329855,-1.6600009829221847,28.200494941892927,-0.0
23.18,-5.087826034311327,-1.645497803210184,27.866893986021157,-0.0
23.185,-4.914981112877728,-1.6402197713795164,27.537207042482216,-0.0
23.19,-4.749808481146427,-1.6422246051987341,27.21124475944487,-0.0
23.195,-4.594185269126898,-1.6524686899531207,26.88660659756483,-0.0
23.2,-4.447084929777806,-1.6691162995180389,26.566651308256855,-0.0
23.205000000000002,-4.307316190817687,-1.6927674786542972,26.249032654895775,-0.0
23.21,-4.178500975955365,-1.7221510659770087,25.93527871873851,-0.0
23.215,-4.057558598343096,-1.756703505618016,25.625965972730825,-0.0
23.22,-3.9426357961305944,-1.7955294821203103,25.31962490406589,-0.0
23.225,-3.8347869727806625,-1.8395595237006124,25.01724494040817,-0.0
23.23,-3.735303768902564,-1.8871704328848078,24.71951421143181,-0.0
23.235,-3.642626733530891,-1.9385130579690002,24.425575801371043,-0.0
23.240000000000002,-3.558291229436953,-1.9944195418141824,24.135265425848594,-0.0
23.245,-3.4801012236095263,-2.0531521613468904,23.848449090888167,-0.0
23.25,-3.4091846536688237,-2.1153533763111163,23.56638942098925,-0.0
23.255,-3.344157432187285,-2.180721066244563,23.287968912683063,-0.0
23.26,-3.286093979177393,-2.247968509773677,23.013804624234332,-0.0
23.265,-3.234709981070343,-2.318891925095341,22.74483534959788,-0.0
23.27,-3.1881438841409344,-2.3920957823041853,22.478552085737586,-0.0
23.275000000000002,-3.1461960090518537,-2.466990348460399,22.218327229153118,-0.0
23.28,-3.111638807289691,-2.546142972409187,21.96096880647782,-0.0
23.285,-3.083523241753693,-2.6270607194126354,21.707865308967392,-0.0
23.29,-3.0604252436852786,-2.710687179422079,21.45905722311965,-0.0
23.295,-3.0432823340543047,-2.7976719107336843,21.214786243633323,0.0
23.3,-3.030412552526808,-2.8868796106197823,20.975462058068498,0.0
23.305,-3.023030539103461,-2.978958511238134,20.74054391924306,0.0
23.31,-3.0194667089945337,-3.0734258521730893,20.50948411480236,0.0
23.315,-3.023391235495721,-3.1715582526331203,20.283221319402106,0.0
23.32,-3.031153583129799,-3.272638081558103,20.059375138622865,0.0
23.325,-3.043788757054811,-3.3763792151938774,19.841051573590782,0.0
23.330000000000002,-3.0607938505046732,-3.484573641713336,19.628160430049792,0.0
23.335,-3.081182714524533,-3.595231732836582,19.419383631006216,0.0
23.34,-3.1068429452060147,-3.709304504743307,19.21515782401711,0.0
23.345,-3.1380701552975494,-3.8281544123453215,19.017147676993112,0.0
23.35,-3.1723442573333536,-3.9494430604332247,18.823105104654875,0.0
23.355,-3.2129064007978383,-4.0757899539361775,18.63538567517842,0.0
23.36,-3.2551714829259795,-4.205724992091783,18.452421766581843,0.0
23.365000000000002,-3.302976097911217,-4.339512520767215,18.274557596738493,0.0
23.37,-3.3547175374945133,-4.478542374143502,18.101960639594235,0.0
23.375,-3.410932836490591,-4.6225995469942385,17.93634363320834,0.0
23.38,-3.4724510187147897,-4.771040664543127,17.77529657713923,0.0
23.385,-3.536874583070256,-4.923826721443985,17.62081416479778,0.0
23.39,-3.604421991023139,-5.083071435336491,17.47358907207122,0.0
23.395,-3.6782861488170138,-5.247489263162281,17.332142766810794,0.0
23.400000000000002,-3.756085926990343,-5.417575299314158,17.198242746472733,0.0
23.405,-3.8389864765155637,-5.593222296992055,17.071051073933837,0.0
23.41,-3.9264782552584556,-5.775020781266898,16.950488335053553,0.0
23.415,-4.018039059851091,-5.9628876928505425,16.837896234377663,0.0
23.42,-4.116013824786758,-6.157648128039426,16.73307226196636,0.0
23.425,-4.21663083166742,-6.358626092936801,16.637439220285,0.0
23.43,-4.324657145022188,-6.566188763650779,16.54988776427047,0.0
23.435,-4.436338449191244,-6.7800758238300896,16.470621165866103,0.0
23.44,-4.552938533177377,-7.002371162687681,16.402660010275575,0.0
23.445,-4.6745799662098495,-7.232257605633764,16.34191984331215,0.0
23.45,-4.803640034892677,-7.468308440859735,16.294009631201728,0.0
23.455000000000002,-4.936822641987697,-7.711688018481095,16.256955019864126,0.0
23.46,-5.074951686123369,-7.964618190341698,16.229923148585737,0.0
23.465,-5.218885802946238,-8.222528531784619,16.21530392841906,0.0
23.47,-5.368895107411359,-8.490009218278747,16.213844033814354,0.0
23.475,-5.525864168257229,-8.76287608044022,16.225044111318372,0.0
23.48,-5.68815564683506,-9.04440854123465,16.250974802522407,0.0
23.485,-5.857011879105212,-9.332701615938165,16.292492410399923,0.0
23.490000000000002,-6.031055683187536,-9.629274881918702,16.348709739455337,0.0
23.495,-6.210226989035671,-9.934107825051544,16.419997200715887,0.0
23.5,-6.39524770337216,-10.245238057986237,16.50890524872489,0.0
23.505,-6.5894005650196155,-10.560550830887673,16.616286256878002,0.0
23.51,-6.787387727629584,-10.882003394228514,16.7419571299265,0.0
23.515,-6.992392391070607,-11.211569930688203,16.88848989782171,0.0
23.52,-7.202768899001774,-11.54405298317472,17.056300230793948,0.0
23.525000000000002,-7.420780331244303,-11.87978652641756,17.246121522707767,0.0
23.53,-7.644573703181701,-12.219230687974681,17.457066916858782,0.0
23.535,-7.873238847341792,-12.560390981256601,17.691751327047786,0.0
23.54,-8.108613320063599,-12.902347530077613,17.95046024888273,0.0
23.545,-8.34880717600921,-13.245506551330518,18.234055042293217,0.0
23.55,-8.594058629638129,-13.586381546102817,18.5443662435061,0.0
23.555,-8.844144203409694,-13.926002586087234,18.8807046839127,0.0
23.56,-9.098662884615246,-14.25968680648945,19.244649468455442,0.0
23.565,-9.356642207440897,-14.587660608138442,19.63552714923684,0.0
23.57,-9.618603191076966,-14.905834012970464,20.056896223095734,0.0
23.575,-9.881716803382215,-15.212415065756321,20.5056910094109,0.0
23.580000000000002,-10.147700558403908,-15.506951652647691,20.98486881964079,0.0
23.585,-10.416539947094588,-15.784435480913473,21.492293219905257,0.0
23.59,-10.684801226604858,-16.045023485508263,22.027607917917003,0.0
23.595,-10.952266971951328,-16.283958795725127,22.590305431627865,0.0
23.6,-11.220064994348967,-16.497620901210144,23.180250353155742,0.0
23.605,-11.483072974354386,-16.684612276708492,23.796885586286358,0.0
23.61,-11.742635240928093,-16.84254862025362,24.43653695569419,0.0
23.615000000000002,-11.997007825806778,-16.968015998172334,25.09963823297644,0.0
23.62,-12.245567048417703,-17.056657817341996,25.781420323507888,0.0
23.625,-12.485760496377237,-17.106389032808625,26.483034293218935,0.0
23.63,-12.717548601459034,-17.114779418201124,27.198191207410957,0.0
23.635,-12.937512097426698,-17.079794328855638,27.92373918334626,0.0
23.64,-13.143701547888552,-16.99977677930321,28.657615424121783,0.0
23.645,-13.33562716727918,-16.871417537418363,29.393683720755362,0.0
23.650000000000002,-13.511674201990525,-16.694275705220093,30.126234463144616,0.0
23.655,-13.671607434143574,-16.467826447415526,30.850660538986947,0.0
23.66,-13.812737862553835,-16.190034242636138,31.566200667745782,0.0
23.665,-13.93176762204288,-15.862838498812216,32.26400363879379,0.0
23.67,-14.028765896766826,-15.486111859360577,32.93829618702977,0.0
23.675,-14.100781328129447,-15.063859399390743,33.583560532404434,0.0
23.68,-14.148581089692055,-14.595503560116443,34.19784830779669,0.0
23.685,-14.171357670816283,-14.082984487771292,34.7751549660638,0.0
23.69,-14.166522253416309,-13.531775265991133,35.30887883896559,0.0
23.695,-14.135447526823958,-12.945646681378053,35.79572002218397,0.0
23.7,-14.076217197370577,-12.330227077437165,36.23343649571626,0.0
23.705000000000002,-13.98923545596155,-11.69065805145218,36.618586990560914,0.0
23.71,-13.874206748644209,-11.027906922134353,36.94784651009205,0.0
23.715,-13.731224399705686,-10.352015884880046,37.22077739061814,0.0
23.72,-13.562075157319418,-9.667581807431874,37.43524779930831,0.0
23.725,-13.36886959472488,-8.98039155845013,37.59329667841069,0.0
23.73,-13.150106564947516,-8.295144580314126,37.69314860318593,0.0
23.735,-12.908873288347465,-7.615461129100538,37.73672265413652,0.0
23.740000000000002,-12.644250491592823,-6.94948179941303,37.72507728936252,0.0
23.745,-12.358957937446808,-6.300768405105393,37.66111467727104,0.0
23.75,-12.055339854621401,-5.672835814936677,37.54941387342563,0.0
23.755,-11.736390711637029,-5.068295559303653,37.3901135759349,0.0
23.76,-11.402798990979736,-4.4924605973125535,37.18809984460489,0.0
23.765,-11.057372252452055,-3.947035651965407,36.94837546830202,0.0
23.77,-10.70191743321745,-3.4333570755771463,36.67303295152741,0.0
23.775000000000002,-10.338621851928643,-2.9528056586535674,36.3677704432869,0.0
23.78,-9.969945449006364,-2.5053793080806033,36.036339535357726,0.0
23.785,-9.597443487414987,-2.093091563372605,35.68061038601189,0.0
23.79,-9.22213637976693,-1.7135194888831713,35.305528834630515,0.0
23.795,-8.846230189217016,-1.3685850921923628,34.913924973570175,0.0
23.8,-8.472257673490999,-1.0545885336977798,34.50937222016993,0.0
23.805,-8.102612228198714,-0.7733646140950177,34.093119085268675,0.0
23.81,-7.736149343020829,-0.5220705393155417,33.66952144438841,0.0
23.815,-7.376107381546001,-0.3001874591350353,33.240998475121856,0.0
23.82,-7.022665041413549,-0.10494107463581454,32.809760897449046,0.0
23.825,-6.676250321233468,0.0651031231861059,32.37559514892145,0.0
23.830000000000002,-6.339018821064184,0.210409149711777,31.941695277719244,0.0
23.835,-6.010995747510483,0.334596189033965,31.509671913404713,0.0
23.84,-5.693074302203476,0.4386313641855265,31.077976987159627,0.0
23.845,-5.385721266334732,0.5234299517360407,30.651402183346583,0.0
23.85,-5.089321216091134,0.5922725452242228,30.227975142660018,0.0
23.855,-4.805542804582458,0.6463360407129796,29.809893299748147,0.0
23.86,-4.5322526607166465,0.6869564079399646,29.39715073267293,0.0
23.865000000000002,-4.270574511554785,0.7147699641195151,28.988641319849645,0.0
23.87,-4.020278307450076,0.7314015872417496,28.58529934759115,0.0
23.875,-3.78184553437379,0.7402051575686829,28.19038588815396,0.0
23.88,-3.554351056467296,0.7408160260408074,27.801510896327482,0.0
23.885,-3.3392028795584903,0.7329678874806713,27.41705258502234,0.0
23.89,-3.134743941153266,0.7191920021251134,27.04007618305543,0.0
23.895,-2.9418975287107094,0.7012404358320249,26.668141009784755,0.0
23.900000000000002,-2.7595412270364754,0.6781444321107882,26.302121401331004,0.0
23.905,-2.587060604590464,0.6528817329771883,25.943263946620156,0.0
23.91,-2.425412172187056,0.6223548693063796,25.589049186176645,0.0
23.915,-2.2740135777232675,0.5898805759767453,25.24006944562736,0.0
23.92,-2.13116725694749,0.5553328379540597,24.896899016655507,0.0
23.925,-1.996365163037219,0.5205592734257432,24.55848970695393,0.0
23.93,-1.8704613813025186,0.48403631065215524,24.225523786795453,0.0
23.935000000000002,-1.752833991172957,0.4462309807601232,23.897653913459138,0.0
23.94,-1.6435043798277178,0.4085740550833394,23.57539827921531,0.0
23.945,-1.5409711902949772,0.37068514132121666,23.25754047117031,0.0
23.95,-1.445628457937704,0.3323792527478093,22.94488758064219,0.0
23.955000000000002,-1.3552381660454729,0.29449058846969356,22.63657749902081,0.0
23.96,-1.2733269625054848,0.25700966794786595,22.333938243318293,0.0
23.965,-1.1964830833486115,0.2206226007957764,22.03421284440136,0.0
23.97,-1.125093406168322,0.18355033513396854,21.738117064924083,0.0
23.975,-1.0603831946214253,0.1472268875063109,21.446354946860616,0.0
23.98,-1.0004189499613652,0.11269404398700827,21.15934074997602,0.0
23.985,-0.9455437999231383,0.07803959310996698,20.87615053177762,0.0
23.990000000000002,-0.8952263930041354,0.04355423888712191,20.597618376669825,0.0
23.995,-0.8477000589683534,0.010621798833660483,20.322612265717336,0.0
24.0,-0.8052206916092507,-0.02275224926951528,20.052321218514358,0.0
24.005,-0.7674475839901055,-0.05496023706741444,19.784033526364187,0.0
24.01,-0.7316780487665923,-0.08633618801123605,19.519269549459548,0.0
24.015,-0.7001948753415201,-0.11693658695226228,19.26005822366616,0.0
24.02,-0.6697949246436771,-0.1467340992934178,19.00288037407492,0.0
24.025000000000002,-0.6440050892361124,-0.176081206777218,18.750347981529767,0.0
24.03,-0.6197183667169278,-0.20518518646524922,18.501021351370685,0.0
24.035,-0.5994563048243615,-0.23421458470079715,18.255769920115778,0.0
24.04,-0.5820019201219024,-0.2631051559162051,18.012905524126253,0.0
24.045,-0.5657285616440044,-0.29100652193382154,17.773691633280116,0.0
24.05,-0.5536460428129999,-0.31954646301142536,17.53692467367142,0.0
24.055,-0.5415106219980345,-0.3462927866427827,17.304632922040888,0.0
24.060000000000002,-0.5305639225914125,-0.37320010286950916,17.074117739310534,0.0
24.065,-0.5213606972733262,-0.40046787379268567,16.847051751496945,0.0
24.07,-0.5154619186127856,-0.42667349521913134,16.622717025273435,0.0
24.075,-0.5110273861600554,-0.4538649386622024,16.40156450807309,0.0
24.080000000000002,-0.5063565250521589,-0.48052742459463027,16.184072901435144,0.0
24.085,-0.5058966571546843,-0.5085748029686059,15.969070243343108,0.0
24.09,-0.5069701257174248,-0.5361883695855163,15.757521369854201,0.0
24.095,-0.5087624003067944,-0.5634329348780166,15.547878014081277,0.0
24.1,-0.5114821216774506,-0.5914725650896497,15.340911135296913,-0.0
24.105,-0.5153745362705534,-0.6197812038736717,15.137344215317594,-0.0
24.11,-0.5203703678525088,-0.6510598401486137,14.937352540096537,-0.0
24.115000000000002,-0.5262926838438743,-0.68190625167894,14.739871493070652,-0.0
24.12,-0.5340161142759341,-0.7128175480035738,14.54492243510526,-0.0
24.125,-0.5412667135270923,-0.7460907480529871,14.352101475336383,-0.0
24.13,-0.552005985751949,-0.7788993582086846,14.162648904512253,-0.0
24.135,-0.5635392879196144,-0.8122721907323877,13.97437141815656,-0.0
24.14,-0.5748326863362524,-0.8467530545570705,13.791137310130214,-0.0
24.145,-0.5874919855657281,-0.8829104952744532,13.609683825304812,-0.0
24.150000000000002,-0.6016823695662897,-0.9217204553216937,13.431677347206074,-0.0
24.155,-0.6175987838372814,-0.9600316266483806,13.255628427409453,-0.0
24.16,-0.634205861653553,-1.000020448021335,13.081462936049176,-0.0
24.165,-0.6523857329413333,-1.041338822740317,12.909928783169835,-0.0
24.17,-0.6730002098282659,-1.0858004939934702,12.741147249126104,-0.0
24.175,-0.6945465088865035,-1.1313802375620825,12.575096565976024,-0.0
24.18,-0.7168932592936035,-1.180707933994642,12.412269914283346,-0.0
24.185000000000002,-0.7401933652056387,-1.2299390762317095,12.250480678603939,-0.0
24.19,-0.7647968503823942,-1.2833137602825113,12.092327948595642,-0.0
24.195,-0.7913759873761455,-1.3375360461362058,11.936230425648773,-0.0
24.2,-0.8189878467291369,-1.3937513651957696,11.78237963309662,-0.0
24.205000000000002,-0.8479909384587242,-1.4526550308900716,11.631353899287692,-0.0
24.21,-0.8788420288199617,-1.514684473932047,11.481451979889012,-0.0
24.215,-0.9105125619238226,-1.5793984264340328,11.3350733729029,-0.0
24.22,-0.9447056126404053,-1.6484873020307345,11.190008506810155,-0.0
24.225,-0.9790837641837595,-1.7204049551440976,11.04790719023269,-0.0
24.23,-1.016737824517095,-1.795366913927975,10.908457756470847,-0.0
24.235,-1.0557654024124676,-1.873813849015113,10.771926239184506,-0.0
24.240000000000002,-1.0966682529865068,-1.9543465559963646,10.637695704099073,-0.0
24.245,-1.138996114404027,-2.0392250194787183,10.50557947830637,-0.0
24.25,-1.1842215642876845,-2.130522826998624,10.37582769243706,-0.0
24.255,-1.2316126965206826,-2.2232513943895746,10.250675709066686,-0.0
24.26,-1.2823052697373793,-2.3223344032014475,10.126670913035182,-0.0
24.265,-1.3360583604079612,-2.4241112310448796,10.0054569663631,-0.0
24.27,-1.3896508502241134,-2.532184647125599,9.887217959530618,-0.0
24.275000000000002,-1.44796215996588,-2.64475870578342,9.773285856951237,-0.0
24.28,-1.509153861590394,-2.7618582378030867,9.660361242339793,-0.0
24.285,-1.5721106146342019,-2.8871659005916497,9.552331655365991,-0.0
24.29,-1.6380012802676978,-3.0177751747719745,9.449092898917073,-0.0
24.295,-1.707040204951995,-3.1547415735539133,9.347486313446664,-0.0
24.3,-1.779930317970936,-3.297274056232765,9.249067288145188,-0.0
24.305,-1.8548354897080208,-3.4482268872106205,9.154907854546302,-0.0
24.310000000000002,-1.9344157782647744,-3.6063585812682217,9.064964416540018,-0.0
24.315,-2.017541838618258,-3.77058289992963,8.977593237900846,-0.0
24.32,-2.105954973909686,-3.9435563439823746,8.895317316965414,-0.0
24.325,-2.1979588433126236,-4.125246373160211,8.817787988340623,-0.0
24.330000000000002,-2.2950135478929368,-4.315691139268587,8.745932838036111,-0.0
24.335,-2.3953776710421923,-4.515701389896349,8.677659147505368,-0.0
24.34,-2.501478590327899,-4.723640217879079,8.615811800094525,-0.0
24.345,-2.6126669980842405,-4.941978249470553,8.560452317222577,-0.0
24.35,-2.729117825252564,-5.1712365340214,8.510329195279915,-0.0
24.355,-2.8503461112693422,-5.41207112234607,8.468595370100747,-0.0
24.36,-2.978087861793054,-5.66469084136441,8.434308767218319,-0.0
24.365000000000002,-3.1119660931956012,-5.927993722150969,8.405837587184312,-0.0
24.37,-3.253571819056118,-6.203107675223032,8.385938459578199,-0.0
24.375,-3.4017174138118538,-6.491323059480278,8.374645227905859,-0.0
24.38,-3.557873151935712,-6.793250695288727,8.373257001290263,-0.0
24.385,-3.720679844311311,-7.109760378069446,8.381402494979397,-0.0
24.39,-3.8897356016553553,-7.4399348855001275,8.401625341505312,-0.0
24.395,-4.0663333053576265,-7.783646186607106,8.434103206864746,-0.0
24.400000000000002,-4.252189449009897,-8.142664446284622,8.480025324414365,-0.0
24.405,-4.446951531700223,-8.516243997787681,8.541171375927265,-0.0
24.41,-4.650910685554963,-8.905096691270227,8.616845209549107,-0.0
24.415,-4.864030579378039,-9.309861147616324,8.707725028353016,-0.0
24.42,-5.086859389641244,-9.73207131494198,8.817431248802118,-0.0
24.425,-5.318382019506388,-10.169952465729658,8.948907164544737,-0.0
24.43,-5.560901116207416,-10.624920583522323,9.100468576725724,-0.0
24.435000000000002,-5.814299949565954,-11.097020290199351,9.274943956809771,-0.0
24.44,-6.078209187389893,-11.585355316060436,9.473313771803339,-0.0
24.445,-6.353913080068141,-12.090222263607599,9.700112208874339,-0.0
24.45,-6.641313970417996,-12.611574297188898,9.954656341839556,-0.0
24.455000000000002,-6.938915223839286,-13.147536062517222,10.240897679513944,-0.0
24.46,-7.2475267412052995,-13.697887049241206,10.56020251720291,-0.0
24.465,-7.569331544696263,-14.261011612873368,10.914846458820794,-0.0
24.47,-7.904105053561896,-14.837264991919135,11.309272014784629,-0.0
24.475,-8.250847882566575,-15.423633596660846,11.743450838229176,-0.0
24.48,-8.610893782420122,-16.016511698323455,12.222706114575205,-0.0
24.485,-8.980543845455191,-16.615569879002905,12.749167647092268,-0.0
24.490000000000002,-9.362802920386704,-17.217297603142416,13.32486965357653,-0.0
24.495,-9.754868146005004,-17.81788642024266,13.953194055887579,-0.0
24.5,-10.157968103403219,-18.412750513257368,14.635834812145625,-0.0
24.505,-10.569706007496249,-18.998302599690156,15.374727635267318,-0.0
24.51,-10.990864873130441,-19.570754268548693,16.174196654902893,-0.0
24.515,-11.419982152397626,-20.12330882210897,17.03434032517059,-0.0
24.52,-11.854028478702734,-20.64832990618354,17.957102507713145,-0.0
24.525000000000002,-12.293982512557028,-21.140058652322658,18.941401970352906,-0.0
24.53,-12.736103770053566,-21.59002661832913,19.98812314127841,-0.0
24.535,-13.179645221240872,-21.99274603452909,21.09479223022163,-0.0
24.54,-13.620271326788673,-22.338036892710914,22.26361313640141,-0.0
24.545,-14.057093249321241,-22.616452572211895,23.48855780937946,-0.0
24.55,-14.484430062159788,-22.821236218158212,24.763918236151405,-0.0
24.555,-14.901512056074303,-22.939843434830397,26.085564101478766,-0.0
24.560000000000002,-15.302946604584994,-22.966764721401805,27.447118500110296,-0.0
24.565,-15.686330745993954,-22.89437215494939,28.838094229699504,-0.0
24.57,-16.04801690750439,-22.714264510455145,30.24882056846672,-0.0
24.575,-16.38129838892982,-22.419997217906236,31.66751169326292,-0.0
24.580000000000002,-16.682614089896934,-22.007466122430824,33.081672444165505,-0.0
24.585,-16.950686027363805,-21.473340982179135,34.476537289726714,-0.0
24.59,-17.175993094974466,-20.817738792903697,35.83644171787605,-0.0
24.595,-17.358355570348333,-20.040850897438034,37.14710969828286,-0.0
24.6,-17.492544917477424,-19.14734043908471,38.39093930124056,-0.0
24.605,-17.575622291311255,-18.142534099320052,39.554361816322746,-0.0
24.61,-17.604396449742172,-17.036648430524195,40.62291031825545,-0.0
24.615000000000002,-17.576255006562672,-15.841237466441871,41.582257735371186,-0.0
24.62,-17.488530107483736,-14.568005318685845,42.4198606557676,-0.0
24.625,-17.341676633687708,-13.232887883334751,43.12785820369541,-0.0
24.63,-17.135839326435143,-11.853747157778258,43.699452923957786,-0.0
24.635,-16.871816273144915,-10.448351041390811,44.13325648013749,-0.0
24.64,-16.551212947958916,-9.035148016055304,44.425007156330636,-0.0
24.645,-16.176037348798886,-7.63050814460362,44.57960763915458,-0.0
24.650000000000002,-15.749169373767016,-6.251572354633381,44.60252701592377,-0.0
24.655,-15.272981874074567,-4.9135798544422595,44.49999706525599,-0.0
24.66,-14.7547567863072,-3.629647872192969,44.281224129048425,-0.0
24.665,-14.198553005889956,-2.4097029222658852,43.95669301794114,-0.0
24.67,-13.609037182960364,-1.2642163766519268,43.541609364210316,-0.0
24.675,-12.991085367292404,-0.20074946566786078,43.046392026251624,-0.0
24.68,-12.352420260261484,0.7784699731675255,42.48612413793479,-0.0
24.685000000000002,-11.695513594208203,1.6687275587948154,41.8716810852252,-0.0
24.69,-11.027326072856855,2.4715994082533,41.213502701171045,-0.0
24.695,-10.352045826441808,3.186245536771018,40.526807261383006,-0.0
24.7,-9.675839902462618,3.8183117875843635,39.821452597789694,-0.0
24.705000000000002,-9.0013433927248,4.37064361194574,39.105856085708524,-0.0
24.71,-8.331195788780636,4.849550479051658,38.38789897762829,-0.0
24.715,-7.670834642636828,5.257259715835786,37.67501949783986,-0.0
24.72,-7.025069469472964,5.602298024098387,36.970627243106435,-0.0
24.725,-6.393128247441813,5.890060412500528,36.28016889652904,-0.0
24.73,-5.778873699996738,6.126173501395487,35.608629791708076,-0.0
24.735,-5.182391366085538,6.315405175753484,34.95694465417409,-0.0
24.740000000000002,-4.6090063229363585,6.4645326833686,34.3262889184454,-0.0
24.745,-4.054828851883635,6.5791532447442345,33.71925921099634,-0.0
24.75,-3.5230302337983663,6.6618803799385615,33.13585323951016,-0.0
24.755,-3.0145872479617557,6.720601742753424,32.577046755336276,-0.0
24.76,-2.5281725245020845,6.755325504100577,32.04152069904481,-0.0
24.765,-2.0635132500576683,6.7725911528544955,31.528207746462286,-0.0
24.77,-1.622418636432465,6.775585124879127,31.037545166298532,-0.0
24.775000000000002,-1.2022392620440399,6.765748432544239,30.5694301765152,-0.0
24.78,-0.8030485492456291,6.746136221339318,30.119413153485244,-0.0
24.785,-0.42695432605084177,6.721512050706728,29.69187688085009,-0.0
24.79,-0.06867839990233793,6.690583259599961,29.282468619194383,-0.0
24.795,0.26999141913653374,6.658152162751478,28.889644659483334,-0.0
24.8,0.5901879717490164,6.622794819438269,28.513156782159133,-0.0
24.805,0.8923404752676496,6.58792389140189,28.15227586686931,-0.0
24.810000000000002,1.1767757620680497,6.5549025828914305,27.805862626834916,-0.0
24.815,1.4454178340080923,6.523397266935964,27.475075839589366,-0.0
24.82,1.69945152800876,6.4941125224996545,27.156397993042464,-0.0
24.825,1.939416993728728,6.469111470193571,26.849575371442544,-0.0
24.830000000000002,2.165646464812109,6.448250086190604,26.554939125262774,-0.0
24.835,2.379087222984676,6.431746244250869,26.271944822523977,-0.0
24.84,2.580834236108642,6.420739397499352,25.998430218952656,-0.0
24.845,2.772703472072673,6.415702058990935,25.7358029727375,-0.0
24.85,2.9553851093945607,6.415125909744355,25.480120135366406,-0.0
24.855,3.1284682979527934,6.421255199540954,25.234827292400077,-0.0
24.86,3.2932490779315993,6.4325660344884605,24.998987194419286,-0.0
24.865000000000002,3.45083063962943,6.450568392662671,24.770243233831387,-0.0
24.87,3.6015855164394153,6.47422056055,24.550653952852265,-0.0
24.875,3.7452532549374773,6.504284596231825,24.339572847571812,-0.0
24.88,3.883113949405232,6.539363398777466,24.13656583205709,-0.0
24.885,4.0158839667341715,6.581427448591457,23.941637825651,-0.0
24.89,4.144857480826091,6.628975251137489,23.755298971929005,-0.0
24.895,4.268852056384427,6.6830812417712115,23.57555896193701,-0.0
24.900000000000002,4.389932767655264,6.743134464680154,23.4030889406827,-0.0
24.905,4.506122911870337,6.8097598056293664,23.23800152715235,-0.0
24.91,4.620418228659357,6.8829567849022855,23.082156598912174,-0.0
24.915,4.732794477650347,6.962115610886438,22.931963147061627,-0.0
24.92,4.844466307384749,7.046977100407705,22.79114132544767,-0.0
24.925,4.953721892242738,7.13831440118816,22.65694158487664,-0.0
24.93,5.063274151387521,7.235738644062879,22.5308932359088,-0.0
24.935000000000002,5.171494952402512,7.338218696768665,22.414703214868887,-0.0
24.94,5.280875840252538,7.446687371550461,22.3056381260554,-0.0
24.945,5.387626837400307,7.559824853218019,22.205026745216003,-0.0
24.95,5.496599158922724,7.678932110683675,22.111916034294467,-0.0
24.955000000000002,5.605475963890112,7.800591085308931,22.025942039712987,-0.0
24.96,5.714550900156976,7.928662976417116,21.950760707058617,-0.0
24.965,5.824098914504116,8.06114012665306,21.8850274308641,-0.0
24.97,5.935464157323071,8.19945619185954,21.827771345563434,-0.0
24.975,6.049163839888268,8.341931043711742,21.779260203073132,-0.0
24.98,6.163884835804261,8.48808449968657,21.741644628715495,-0.0
24.985,6.279135858648968,8.63989728997783,21.713767296381818,-0.0
24.990000000000002,6.3983054770419665,8.793702760733524,21.695919375305266,-0.0
24.995,6.518557966549145,8.94969386106372,21.687746294753243,-0.0
25.0,6.641216249388465,9.1108749170608,21.690295975363167,-0.0
25.005,6.764841667880678,9.273947984959923,21.702704404661116,-0.0
25.01,6.890481531025835,9.441183977228155,21.726735027483187,-0.0
25.015,7.018038626755273,9.608730736603647,21.762887257562607,-0.0
25.02,7.147707939217253,9.780219627308997,21.810162301574756,-0.0
25.025000000000002,7.280133776476592,9.952179120603029,21.869619386539156,-0.0
25.03,7.4142592175879845,10.125365898975376,21.940836635514835,-0.0
25.035,7.54989314427494,10.298614538402589,22.023413229854416,-0.0
25.04,7.6880972185183385,10.472534866587479,22.117734072806947,-0.0
25.045,7.828222443063481,10.646526714172941,22.225626221950844,-0.0
25.05,7.969480016707282,10.819215194519547,22.345438133939222,-0.0
25.055,8.11140607997729,10.99108764526878,22.477158290408486,-0.0
25.060000000000002,8.25423836144102,11.1598470006236,22.623299743334982,-0.0
25.065,8.39948685435653,11.32511443405315,22.782099754122537,-0.0
25.07,8.545610813321016,11.486282211009685,22.954618820425775,-0.0
25.075,8.693364989072927,11.644499320019879,23.140187694416817,-0.0
25.080000000000002,8.84058563170593,11.797146090955575,23.33921935687251,-0.0
25.085,8.988263090788307,11.944109262626462,23.548940931521877,-0.0
25.09,9.136473317168226,12.0848420178903,23.770706585384698,-0.0
25.095,9.28340276088942,12.21731594521664,24.005977714240743,-0.0
25.1,9.429586283382857,12.342350007491769,24.25249224246068,-0.0
25.105,9.57488138077011,12.456214690131404,24.51088237098907,-0.0
25.11,9.719605757892174,12.56104177258365,24.780835606402896,-0.0
25.115000000000002,9.861822356864014,12.655249666583327,25.06133658234798,-0.0
25.12,10.001603041228776,12.736114335052001,25.35146012244245,-0.0
25.125,10.138428172075832,12.80389036555684,25.64984169584163,-0.0
25.13,10.271837998760281,12.859411325165444,25.95567763406055,-0.0
25.135,10.402562898475642,12.900613397966268,26.269466044697303,-0.0
25.14,10.527430570210363,12.926744479787743,26.591904758034705,-0.0
25.145,10.64661281060763,12.93540550359788,26.91810798296007,-0.0
25.150000000000002,10.761545673236377,12.92901108476566,27.24670398796368,-0.0
25.155,10.869447535243275,12.905437504775938,27.579275179605297,-0.0
25.16,10.973698789887324,12.86495179214026,27.912564211899863,-0.0
25.165,11.068257861712773,12.805364402555275,28.244988573461608,-0.0
25.17,11.15545059141981,12.728027916963212,28.576952263783436,-0.0
25.175,11.23435939023659,12.631973862096253,28.90571965666775,-0.0
25.18,11.30422311297443,12.518403474649668,29.230300572643593,-0.0
25.185000000000002,11.365580443538558,12.386165696227902,29.547252959626977,-0.0
25.19,11.41709056609911,12.236703042794366,29.8574873408091,-0.0
25.195,11.458431188815922,12.06961161644452,30.156512291864836,-0.0
25.2,11.48911556303217,11.885399282246532,30.443878717812783,-0.0
25.205000000000002,11.509390097195858,11.684895941773831,30.720229325208226,-0.0
25.21,11.518717344446664,11.469397470453801,30.98359532247854,-0.0
25.215,11.516326190038756,11.240701147430904,31.231689037624115,-0.0
25.22,11.502256161263345,10.998342629823446,31.462939247774177,-0.0
25.225,11.478297550689588,10.744198427626928,31.675098894614237,-0.0
25.23,11.441258127546318,10.479008984186812,31.86902338949344,-0.0
25.235,11.391868223915326,10.204254901121642,32.0437357149917,-0.0
25.240000000000002,11.332659889910085,9.922454263314869,32.19698039968829,-0.0
25.245,11.262975618253085,9.635911214194484,32.330650280504486,-0.0
25.25,11.182452673994394,9.344988456986975,32.44274878377825,-0.0
25.255,11.090932409258366,9.050306169294071,32.53282519270081,-0.0
25.26,10.988469076716049,8.754243283774473,32.601079843976954,-0.0
25.265,10.876179242215649,8.457021489680209,32.647195254737206,-0.0
25.27,10.755472824388857,8.162685566388621,32.672233882499974,-0.0
25.275000000000002,10.626888229650428,7.869717662352484,32.67510681172407,-0.0
25.28,10.489000445550783,7.581974190182818,32.65830498238521,-0.0
25.285,10.343505668113693,7.30053474991062,32.620070363804146,-0.0
25.29,10.191143621496943,7.026030167813377,32.56222732515322,-0.0
25.295,10.032956827240616,6.757968372163861,32.4867681535808,-0.0
25.3,9.870355609039951,6.498903803533874,32.39263997065881,-0.0
25.305,9.701157950865854,6.249294621753365,32.281980538347796,-0.0
25.310000000000002,9.528270228495119,6.010467136727978,32.15539593272599,-0.0
25.315,9.353085491971253,5.781796727391187,32.01196874471825,-0.0
25.32,9.174217025462417,5.564051076971963,31.85604919252593,-0.0
25.325,8.994210392797468,5.3600874071004085,31.686499106205634,-0.0
25.330000000000002,8.812835161133275,5.166884748248884,31.505090043728938,-0.0
25.335,8.631728509523494,4.986946176148171,31.312578411249515,-0.0
25.34,8.450796813450115,4.818737246114587,31.109257074608404,-0.0
25.345,8.2701384560907,4.663520312825935,30.89795795998852,-0.0
25.35,8.089030139066397,4.519970367506999,30.678956140972343,-0.0
25.355,7.908761131213431,4.389036244165187,30.453245600048035,-0.0
25.36,7.732516108299298,4.269424910843495,30.220672735492865,-0.0
25.365000000000002,7.5597631387585436,4.162505871320253,29.98215673424785,-0.0
25.37,7.390305317829331,4.066671887906537,29.74047972746416,-0.0
25.375,7.223484998263236,3.982286829350495,29.493827504278997,-0.0
25.38,7.06135514128769,3.908646540437827,29.243495024085416,-0.0
25.385,6.904712791988239,3.845967901473606,28.992494034422844,-0.0
25.39,6.753058101312187,3.792110930606053,28.73882627970707,-0.0
25.395,6.606422533800494,3.747781885468752,28.48317269791051,-0.0
25.400000000000002,6.463426249870164,3.713778279176381,28.225469660938735,-0.0
25.405,6.325309071730644,3.6880439434728327,27.969328092675287,-0.0
25.41,6.193347003884695,3.6691248705903328,27.714134419248374,-0.0
25.415,6.066764427404713,3.6608394663372006,27.457924138614434,-0.0
25.42,5.945532367424277,3.658594897674102,27.202315553212824,-0.0
25.425,5.831463610262989,3.6644174018493207,26.949012819424837,-0.0
25.43,5.724629397326895,3.676538023787223,26.69616045138652,-0.0
25.435000000000002,5.621809290397518,3.696001177234984,26.445839219442476,-0.0
25.44,5.526517380228226,3.7204612237103007,26.1957166226113,-0.0
25.445,5.436968797755916,3.7517574688873023,25.949730619814627,-0.0
25.45,5.351691122936292,3.7895051144269423,25.706286973084826,-0.0
25.455000000000002,5.272613739881253,3.833526851976143,25.464658225421314,-0.0
25.46,5.200265847024736,3.880694921731688,25.225636921324575,-0.0
25.465,5.134225420097442,3.9327858479451394,24.98953301095782,-0.0
25.47,5.0738171534186876,3.99067930101873,24.757337853619845,-0.0
25.475,5.018318676570469,4.053283407778736,24.528405995955815,-0.0
25.48,4.970534294920473,4.119812650450307,24.304536712655107,-0.0
25.485,4.9282109751558565,4.190950346390469,24.08195108324937,-0.0
25.490000000000002,4.890796569343777,4.265048776591174,23.863862647259175,-0.0
25.495,4.860030702063908,4.344636505087156,23.6500009237736,-0.0
25.5,4.834408739213872,4.429849615906741,23.441768945005613,-0.0
25.505,4.814117894147826,4.51677759911004,23.235829617490978,-0.0
25.51,4.79903052308079,4.609164047799836,23.034522467986253,-0.0
25.515,4.79020856042273,4.705528426696463,22.83839890833056,-0.0
25.52,4.786578248709533,4.805048320762467,22.645811684299943,-0.0
25.525000000000002,4.787653450402025,4.910323752286501,22.458791825919192,-0.0
25.53,4.793694542918191,5.0168734242900195,22.276328381248643,-0.0
25.535,4.803714845682393,5.129463214254068,22.09902641439647,-0.0
25.54,4.820657834456574,5.245360478558043,21.928010207030873,-0.0
25.545,4.841752229005485,5.365936789715754,21.761579977633964,-0.0
25.55,4.866789793598309,5.4902662550695505,21.60172256764302,-0.0
25.555,4.8979909200780725,5.618430596358255,21.44793991233947,-0.0
25.560000000000002,4.9352861649721325,5.750308004292544,21.29956662609428,-0.0
25.565,4.9756835060378695,5.886246763581786,21.157265080228242,-0.0
25.57,5.0213024184074,6.027174163951823,21.02111213772827,-0.0
25.575,5.072325365312469,6.171728567644014,20.89200800192147,-0.0
25.580000000000002,5.12859273003083,6.3216173230736965,20.769625293900017,-0.0
25.585,5.187773633942236,6.474736814148525,20.654581742469638,-0.0
25.59,5.252554566911228,6.632010359787516,20.54705014405463,-0.0
25.595,5.3218733044337965,6.795269614187348,20.447639146482256,-0.0
25.6,5.394369431021007,6.961299605394887,20.35571588664272,-0.0
25.605,5.472983906226828,7.131631636592524,20.2711369718102,-0.0
25.61,5.556271222438667,7.307091356650474,20.194663155161052,-0.0
25.615000000000002,5.642526209761816,7.487433506114347,20.127840247168248,-0.0
25.62,5.73540772621433,7.671706386177311,20.07020234849313,-0.0
25.625,5.832507851982016,7.8611859735784275,20.022842961134472,-0.0
25.63,5.934913753122152,8.054779228449458,19.984102751191397,-0.0
25.635,6.039341276685429,8.251879952350563,19.956781235755464,-0.0
25.64,6.149768445554647,8.452734909170209,19.940360818871074,-0.0
25.645,6.264590505141229,8.659633750576093,19.934132180219173,-0.0
25.650000000000002,6.383618587854475,8.868485648447178,19.939429042663537,-0.0
25.655,6.509491401985279,9.08052518337779,19.955822229294814,-0.0
25.66,6.639225169347159,9.297066636515591,19.985531067876767,-0.0
25.665,6.7717270394446585,9.517070724673749,20.026680133410856,-0.0
25.67,6.908876202642266,9.74010719677075,20.08166728426188,-0.0
25.675,7.050444294409285,9.964283725364245,20.15021020302031,-0.0
25.68,7.195325559679471,10.190208771447102,20.23374650838534,-0.0
25.685000000000002,7.345324791035049,10.418474327322903,20.33180952590704,-0.0
25.69,7.500740418622173,10.648070520431606,20.44317738147504,-0.0
25.695,7.658197844098726,10.877414207437072,20.570015822047864,-0.0
25.7,7.818758901981918,11.107363896710998,20.712284743765146,-0.0
25.705000000000002,7.982764508401149,11.338227609287653,20.868505573790596,-0.0
25.71,8.149956069840755,11.565656556311723,21.04212809665842,-0.0
25.715,8.32107766182523,11.790548845212525,21.23291476170044,-0.0
25.72,8.49518003285006,12.014501069831814,21.44005102484595,-0.0
25.725,8.671775117114656,12.232448117538791,21.665179214125686,-0.0
25.73,8.848770217532646,12.446226018375745,21.906776496140107,-0.0
25.735,9.027459947454071,12.652595623516664,22.165835337976016,-0.0
25.740000000000002,9.208789804060679,12.853638403624583,22.441634801841445,-0.0
25.745,9.39125031411575,13.045991038427307,22.733712251906965,-0.0
25.75,9.57475745925252,13.229304909692964,23.042559882066072,-0.0
25.755,9.757669203126149,13.399727957547622,23.368586857018492,-0.0
25.76,9.939574394396951,13.559040948877525,23.71046434447001,-0.0
25.765,10.120338940845988,13.704690506164267,24.068016657816173,-0.0
25.77,10.299831762521903,13.835334816060579,24.441351880766444,-0.0
25.775000000000002,10.47593370690448,13.948739985006332,24.828777741166046,-0.0
25.78,10.649425853032152,14.044409375814892,25.22750339531392,-0.0
25.785,10.818557528086693,14.121455239758328,25.63793566529713,-0.0
25.79,10.98366845288604,14.177282829956436,26.060242149706685,-0.0
25.795,11.142669864139037,14.21320520214079,26.491519216534986,-0.0
25.8,11.296611275666681,14.225677091663632,26.931479461991458,-0.0
25.805,11.443047112596144,14.213803272508294,27.376335407914866,-0.0
25.810000000000002,11.582027539238911,14.178413485001007,27.824279837267593,-0.0
25.815,11.711013237184037,14.117907848237762,28.27599134166497,-0.0
25.82,11.830570356551462,14.03129597602797,28.726103017810033,-0.0
25.825,11.941381076346149,13.917913181841842,29.173433559077683,-0.0
25.830000000000002,12.040337627962284,13.777950982529902,29.614559551032293,-0.0
25.835,12.12593887165771,13.612930021695965,30.049563283177214,-0.0
25.84,12.200604129555314,13.419925523806205,30.473983282168888,-0.0
25.845,12.262045526772066,13.201383333831078,30.885378936473725,-0.0
25.85,12.309060797481052,12.958022141523834,31.282160700433497,-0.0
25.855,12.34274998735516,12.690987027309284,31.66205251498454,-0.0
25.86,12.359413240540123,12.402572446917189,32.024124872668715,-0.0
25.865000000000002,12.36147124529553,12.091894584370344,32.36375069892036,-0.0
25.87,12.348278165248345,11.760134683070891,32.677532512663966,-0.0
25.875,12.31793292715302,11.412776660113336,32.96655638645464,-0.0
25.88,12.272979612199359,11.049616280502667,33.22931260954982,-0.0
25.885,12.211527600336824,10.673639672959263,33.464138743361154,-0.0
25.89,12.133749310963072,10.287043982276407,33.67018055040396,-0.0
25.895,12.040976750945259,9.892659987464477,33.84661990280419,-0.0
25.900000000000002,11.93453299327835,9.490876106770296,33.990588373119536,-0.0
25.905,11.812757105341705,9.087157348120222,34.104165299036026,-0.0
25.91,11.676487892373693,8.680671654127265,34.18599301966149,-0.0
25.915,11.527109632674733,8.2762839939749,34.23661485274279,-0.0
25.92,11.366091107762053,7.8766928785581865,34.25836917372598,-0.0
25.925,11.19153424538733,7.481807998412658,34.24920399460579,-0.0
25.93,11.007532126072075,7.093904529110788,34.20973475276184,-0.0
25.935000000000002,10.81109727821799,6.71618454111486,34.14369043115204,-0.0
25.94,10.60628798725129,6.352096759526374,34.05156514948101,-0.0
25.945,10.393425982434117,5.99957023586757,33.93489393949003,-0.0
25.95,10.174547677690892,5.660479118614225,33.79420706847284,-0.0
25.955000000000002,9.948857034931498,5.337297725652167,33.63206871365781,-0.0
25.96,9.71970238561058,5.030966996701232,33.44802143757103,-0.0
25.965,9.483982116161224,4.741710439473652,33.24583912623579,-0.0
25.97,9.2469995655573,4.468704402675667,33.027270887664415,-0.0
25.975,9.007517669103736,4.213480517210365,32.79390499146855,-0.0
25.98,8.767607650654947,3.9761269085080566,32.5460203773955,-0.0
25.985,8.52763540799368,3.7567712701613503,32.28480283814146,-0.0
25.990000000000002,8.289192251894649,3.556258108364517,32.015407348748944,-0.0
25.995,8.051908388710181,3.372778258477194,31.734765571957677,-0.0
26.0,7.817945131182377,3.2061454927560717,31.44904092047692,-0.0
26.005,7.587667816890798,3.05550247156185,31.155353259052347,-0.0
26.01,7.36210282672274,2.920402896209458,30.855429940054854,-0.0
26.015,7.140664260413113,2.8010889986142744,30.553104749280315,-0.0
26.02,6.924075895578309,2.6962562443354234,30.24595493947953,-0.0
26.025000000000002,6.712222727651214,2.60569064223544,29.93546761165027,-0.0
26.03,6.507101727120241,2.5273700517461952,29.624938764383405,-0.0
26.035,6.308912573787757,2.460858824663561,29.31182989346103,-0.0
26.04,6.117324791241435,2.4089461447903338,28.998506464320293,-0.0
26.045,5.932182263141978,2.36700082376904,28.68547426020309,-0.0
26.05,5.753469859251655,2.334865528038657,28.372981824251386,-0.0
26.055,5.583439617185048,2.313172839070283,28.06197059191746,-0.0
26.060000000000002,5.419974430281163,2.2997550506233666,27.752466852185876,-0.0
26.065,5.263983063523557,2.2943700440871297,27.44371962858701,-0.0
26.07,5.114215649480448,2.2970672394470464,27.138018648852803,-0.0
26.075,4.973121915031607,2.307033669476571,26.835777818584624,-0.0
26.080000000000002,4.8411199459051915,2.3251793082701733,26.535370453841953,-0.0
26.085,4.71577895539512,2.348519515057485,26.236637637572258,-0.0
26.09,4.597221337592722,2.3766230649620232,25.941278387913083,-0.0
26.095,4.4867164931769095,2.4107969464378614,25.64951920965998,-0.0
26.1,4.383013055049603,2.4516948766293174,25.36135246543258,-0.0
26.105,4.286291115303813,2.497205396521009,25.07634370552151,-0.0
26.11,4.197357877579687,2.547498923704739,24.796903159265064,-0.0
26.115000000000002,4.114602297329309,2.601412641227996,24.519795759553347,-0.0
26.12,4.038395737563044,2.660616136755519,24.246536051351775,-0.0
26.125,3.9709847221688146,2.722392603485883,23.97677720291772,-0.0
26.13,3.908739631177653,2.788213916754025,23.71068995116307,-0.0
26.135,3.852347873200971,2.8572969649804563,23.448318512186827,-0.0
26.14,3.8024201059686233,2.9307681463407396,23.190329308105262,-0.0
26.145,3.757905963593988,3.007460194466479,22.935942957226427,-0.0
26.150000000000002,3.720647280926681,3.0869809198241334,22.68778388943157,-0.0
26.155,3.6884198496119067,3.170977668531154,22.443281696333052,-0.0
26.16,3.6617333106725467,3.256053232270673,22.20343204312111,-0.0
26.165,3.6415054958351187,3.3454463440196047,21.967075773242133,-0.0
26.17,3.6259879854123294,3.4377356348286328,21.735318038666836,-0.0
26.175,3.6153651820131922,3.5338923790373498,21.507622846503775,-0.0
26.18,3.6117198412809572,3.632616087079717,21.284853245727,-0.0
26.185000000000002,3.612505377381304,3.736151073783848,21.067114900401602,-0.0
26.19,3.618559236487289,3.8428239950227847,20.854404000071145,-0.0
26.195,3.630345050879515,3.9527662804956085,20.646070129203355,-0.0
26.2,3.647102222061587,4.067322071497705,20.44261931213371,-0.0
26.205000000000002,3.668201156685166,4.185002787797492,20.24364128064796,-0.0
26.21,3.6922072227434986,4.306808776064656,20.050114392300067,-0.0
26.215,3.7231623159945126,4.4320907755053565,19.862562524538884,-0.0
26.22,3.7576851351525224,4.560962186154903,19.680865270069656,-0.0
26.225,3.798414070769539,4.694037830922157,19.50398763277544,-0.0
26.23,3.8434835622291494,4.83225572528602,19.332965711205894,-0.0
26.235,3.8945309097041054,4.975071524924703,19.1675545607305,-0.0
26.240000000000002,3.9478177646109143,5.122909211205332,19.00874469482952,-0.0
26.245,4.00594366039184,5.274925711710578,18.856653681669393,-0.0
26.25,4.069042310836372,5.431634320075521,18.71143058099807,-0.0
26.255,4.136763901614404,5.593706650902164,18.572003928096777,-0.0
26.26,4.209060891359188,5.761699690313711,18.440081707362825,-0.0
26.265,4.286709765123706,5.9343969426389584,18.31507533689168,-0.0
26.27,4.3681084980056175,6.111726996347529,18.198633089512896,-0.0
26.275000000000002,4.455306682732513,6.295307314834511,18.089812436058146,-0.0
26.28,4.548268555683383,6.483910999529923,17.988315297149914,-0.0
26.285,4.644663888953191,6.679032887356119,17.894040834474605,-0.0
26.29,4.746768308451868,6.882005698718851,17.811121975775894,-0.0
26.295,4.8539234980137715,7.089328567800812,17.73811997080781,-0.0
26.3,4.9655965718211235,7.303050951000991,17.673207615168206,-0.0
26.305,5.082972480363886,7.5226364239976,17.619963320829484,-0.0
26.310000000000002,5.204940647712938,7.748893319597237,17.575057856206296,-0.0
26.315,5.332359942193565,7.981112858679564,17.54288059924469,-0.0
26.32,5.4656704667264195,8.21997300504561,17.522319979626513,-0.0
26.325,5.604296542495775,8.464794481087305,17.514154765979086,-0.0
26.330000000000002,5.746984979575483,8.715585547995333,17.518302781889492,-0.0
26.335,5.895125292108305,8.972357278383422,17.53437771613549,-0.0
26.34,6.049124350105609,9.235069314852021,17.5645253129772,-0.0
26.345,6.208096023499865,9.503296782911251,17.61015990048324,-0.0
26.35,6.372426235308049,9.777471134196047,17.670816951287616,-0.0
26.355,6.543844129706619,10.058305231752174,17.747190907225914,-0.0
26.36,6.7185746546882115,10.343906849990447,17.840559566883627,-0.0
26.365000000000002,6.899630165334529,10.634002438798532,17.948819383443336,-0.0
26.37,7.085912471515149,10.928071830493204,18.075783354678784,-0.0
26.375,7.278729761577017,11.225234908744527,18.221236896071815,-0.0
26.38,7.4751028700821935,11.52547822206535,18.386392096945986,-0.0
26.385,7.677496873947171,11.827570757682851,18.5741268643352,-0.0
26.39,7.8851444457320685,12.129952837619918,18.780317343556778,-0.0
26.395,8.09719890471901,12.432858756643407,19.007534573642975,-0.0
26.400000000000002,8.31477031908908,12.735553251964369,19.257936727274995,-0.0
26.405,8.53605161443054,13.035448631764737,19.530426279852367,-0.0
26.41,8.759859281491137,13.33196592213446,19.826148024558176,-0.0
26.415,8.989814119959998,13.622752444600359,20.14594444745757,-0.0
26.42,9.222449044922932,13.908967156771919,20.488547154557722,-0.0
26.425,9.457533431917533,14.185235903106799,20.856216152762524,-0.0
26.43,9.693955183936279,14.452727099789017,21.24911287470593,-0.0
26.435000000000002,9.930853258606572,14.707046091878713,21.665849170476424,-0.0
26.44,10.170960263520088,14.947355637691544,22.107577238211626,-0.0
26.445,10.41100429379869,15.171805668781221,22.57388831300411,-0.0
26.45,10.648631724906759,15.377959868938404,23.06155105119948,-0.0
26.455000000000002,10.884972632347655,15.563483029831199,23.572052950405265,-0.0
26.46,11.119341219848085,15.725984365298421,24.10465405202639,-0.0
26.465,11.349271330324248,15.862251147740038,24.657282107051316,-0.0
26.47,11.57419622754859,15.97166703624611,25.22817926824408,-0.0
26.475,11.794298175383249,16.05292584590844,25.816453708017725,-0.0
26.48,12.006689064918469,16.101187481624354,26.418327537394124,-0.0
26.485,12.210436291415798,16.11586627547795,27.03182907176633,-0.0
26.490000000000002,12.405828430069082,16.09450524135033,27.655437843274875,-0.0
26.495,12.591171612260242,16.03548417892135,28.28448964727616,-0.0
26.5,12.763695915664503,15.937482783113197,28.916741633711815,-0.0
26.505,12.922416235424103,15.79980324529228,29.549711338763075,-0.0
26.51,13.067587819208798,15.620536027541606,30.177006650874723,-0.0
26.515,13.194134016164652,15.399903044556822,30.795058341733654,-0.0
26.52,13.305013422348079,15.137844502928363,31.400330836298544,-0.0
26.525000000000002,13.396977306129415,14.8357042468671,31.9887647975855,-0.0
26.53,13.469679553270318,14.492603808920334,32.55558705931081,-0.0
26.535,13.520760830122509,14.113718418187402,33.098016331438274,-0.0
26.54,13.550519194983297,13.699206100184423,33.6103884408697,-0.0
26.545,13.557476247273177,13.25005925440383,34.08901773134471,-0.0
26.55,13.54228352744407,12.769834251880868,34.53295719309678,-0.0
26.555,13.504328111589361,12.263754892281913,34.93791112884824,-0.0
26.560000000000002,13.441769845751141,11.732383414151025,35.299986564473066,-0.0
26.565,13.356189436021431,11.182327417606405,35.61785269599315,-0.0
26.57,13.24713586069403,10.617970401914096,35.88936542556852,-0.0
26.575,13.115203517356194,10.043290571894456,36.11430164169419,-0.0
26.580000000000002,12.962028386104274,9.462028990945623,36.29066081246692,-0.0
26.585,12.787636615630685,8.877954414723655,36.419183729104894,-0.0
26.59,12.592612086944316,8.295162276345955,36.50128285054402,-0.0
26.595,12.378076095925174,7.719105769859313,36.536941928066746,-0.0
26.6,12.14478316356895,7.152582013412049,36.52799429005449,-0.0
26.605,11.895303152295387,6.598412367409525,36.474775001341875,-0.0
26.61,11.628893245279652,6.062076571589236,36.38116088346224,-0.0
26.615000000000002,11.350658663859356,5.545469582273537,36.24864183500293,-0.0
26.62,11.06069724429073,5.0500103370280724,36.080466786332416,-0.0
26.625,10.7601873857833,4.5779944856850925,35.87868264736233,-0.0
26.63,10.451339943341239,4.13153006066136,35.64611606304649,-0.0
26.635,10.13462047020727,3.711300313153679,35.38587476609205,-0.0
26.64,9.813818440011621,3.3175322048351146,35.10233751704868,-0.0
26.645,9.489828194479811,2.9523661940080324,34.795560883163915,-0.0
26.650000000000002,9.162109997878163,2.61528111015178,34.472958682833145,-0.0
26.655,8.834469230074912,2.3053388826732144,34.133597462113705,-0.0
26.66,8.508020315893473,2.022553199482646,33.77934553655954,-0.0
26.665,8.183676582891982,1.7676380861320102,33.414733845095995,-0.0
26.67,7.862122631283221,1.5376841244350894,33.04322190682882,-0.0
26.675,7.546167943326165,1.3321217552625937,32.66170240260628,-0.0
26.68,7.23504626130123,1.1493163438014349,32.27592329902742,-0.0
26.685000000000002,6.930547868427338,0.9891532463692205,31.88792818058935,-0.0
26.69,6.633218446044853,0.8496199381297361,31.497110329257428,-0.0
26.695,6.343572508426375,0.7304434980477544,31.104367994055472,-0.0
26.7,6.062658833991299,0.6284625382932734,30.714154866842705,-0.0
26.705000000000002,5.791973197868222,0.5432077834911554,30.32414651390755,-0.0
26.71,5.529676391736303,0.4738470400598866,29.935889798847512,-0.0
26.715,5.278705742483786,0.4185628475189183,29.55000341165868,-0.0
26.72,5.035002485700392,0.3754587450682751,29.16538248409247,-0.0
26.725,4.802879964519276,0.34374402830130774,28.785526376197577,-0.0
26.73,4.579137122034304,0.32350433505816256,28.410768451494615,-0.0
26.735,4.367443716664904,0.3131290039357333,28.039019937410217,-0.0
26.740000000000002,4.163992145900941,0.31055489904140393,27.67275731185616,-0.0
26.745,3.971695516201398,0.31572108922187814,27.310255980786827,-0.0
26.75,3.78793493353649,0.32776853070779705,26.95324770885331,-0.0
26.755,3.6158223759736194,0.3440703268367707,26.599354525012984,-0.0
26.76,3.4527600557868663,0.36643640835359964,26.25060033419226,-0.0
26.765,3.29847748435707,0.395062893914266,25.90550490110385,-0.0
26.77,3.153919093965409,0.42729510361728235,25.56581492289605,-0.0
26.775000000000002,3.0176751043290677,0.4636738564219848,25.23181196659327,-0.0
26.78,2.888118817610672,0.5026211406770645,24.9018631927704,-0.0
26.785,2.7683844043017523,0.5451589689293052,24.577345808854933,-0.0
26.79,2.6572707702782363,0.5898631203498113,24.257728812489358,-0.0
26.795,2.5533569000726493,0.6362155007260398,23.941728149390496,-0.0
26.8,2.4572326472915527,0.6854931772593602,23.630460839636562,-0.0
26.805,2.3692133676290927,0.7354374009082476,23.32471307191594,-0.0
26.810000000000002,2.2885299870317413,0.7873775769530817,23.022822587302286,-0.0
26.815,2.213592027582553,0.8411387941547214,22.72404853370075,-0.0
26.82,2.1460439898093293,0.8950562573933606,22.431019295058896,-0.0
26.825,2.0841578537205345,0.9523375661009819,22.142693865652532,-0.0
26.830000000000002,2.0271647346905484,1.0074450931703687,21.85735285985686,-0.0
26.835,1.975195355596612,1.0641641421041026,21.57517501409713,-0.0
26.84,1.9290553670219932,1.1225028662967076,21.298595448938766,-0.0
26.845,1.8900423074742592,1.1812756033459373,21.02646880202284,-0.0
26.85,1.8547882842277426,1.241171736241218,20.757955320000235,-0.0
26.855,1.8247200921217392,1.3017851856172546,20.49216398495548,-0.0
26.86,1.7988613809090512,1.3637662295999098,20.23129808007865,-0.0
26.865000000000002,1.776525349150762,1.4262938686151951,19.973697479621208,-0.0
26.87,1.7574110550566944,1.4905782992312775,19.720548414863924,-0.0
26.875,1.7440067595730036,1.555715370670907,19.471179965424728,-0.0
26.88,1.7333602978637048,1.6226712805444126,19.225589364761262,-0.0
26.885,1.7274732146933562,1.6916209796340387,18.983829348151374,-0.0
26.89,1.7245554530479954,1.7616425035432657,18.744469719749524,-0.0
26.895,1.7271048088188137,1.832834897618388,18.510238982494492,-0.0
26.900000000000002,1.7324981184533343,1.9053325059081576,18.278605504570702,-0.0
26.905,1.7410869348696487,1.9799776199443384,18.05068565773566,-0.0
26.91,1.7519178469178438,2.057071704755814,17.827759427165482,-0.0
26.915,1.7676874866620962,2.1363570924974966,17.607736275307765,-0.0
26.92,1.7858833317864853,2.217058078187552,17.390787929704825,-0.0
26.925,1.8074287013086199,2.3016458284641157,17.17934490675624,-0.0
26.93,1.8313595625369015,2.3874952308272803,16.971125319011676,-0.0
26.935000000000002,1.8595499255987464,2.4774857592258663,16.76628681549591,-0.0
26.94,1.8885028928577012,2.5696974569577082,16.565870811818606,-0.0
26.945,1.9218767163355148,2.6653706684911582,16.37009603831141,-0.0
26.95,1.9588706899212034,2.7639095801265126,16.17684064746377,-0.0
26.955000000000002,1.9987173659775375,2.8650895103698875,15.987880372020095,-0.0
26.96,2.0430034342903003,2.970536125281504,15.803877957100905,-0.0
26.965,2.0873257904200786,3.0796954338236784,15.623124743668315,-0.0
26.97,2.136774989868209,3.193868574761029,15.44721530493827,-0.0
26.975,2.1885810175773535,3.31187542146849,15.275031751843256,-0.0
26.98,2.2456407345001335,3.4336953951844995,15.10720931720809,-0.0
26.985,2.305117508517662,3.561530035670946,14.943178642348263,-0.0
26.990000000000002,2.3675725949430877,3.6944682635374106,14.785515661257223,-0.0
26.995,2.4336051789424,3.831976498618635,14.631972383498775,-0.0
27.0,2.5049044155235367,3.9754911116293528,14.483647894407191,-0.0
27.005,2.578980995043911,4.124014512211767,14.34009746307235,0.0
27.01,2.6546140547951884,4.280089201568405,14.203154393841048,0.0
27.015,2.7363195701363625,4.44090001980048,14.071546432847402,0.0
27.02,2.8225125298569402,4.609019290362574,13.943622682132611,0.0
27.025000000000002,2.9124236215491583,4.785060899129563,13.822568224046506,0.0
27.03,3.005944881656359,4.967261799939829,13.707653274858309,0.0
27.035,3.104383225862644,5.157022930826876,13.599529023981807,0.0
27.04,3.206689265669536,5.354718545703602,13.498448167027476,0.0
27.045,3.3142810119223576,5.559993650832921,13.404120246235792,0.0
27.05,3.4260599224619095,5.772613810485328,13.316126025319932,0.0
27.055,3.5416727118294316,5.996162044873976,13.237278586076673,0.0
27.060000000000002,3.6643534347111206,6.226989975240873,13.168459023780981,0.0
27.065,3.7924515452231375,6.468212599723021,13.107692730238268,0.0
27.07,3.926984584778072,6.718174258826208,13.054704759409058,0.0
27.075,4.065722158981883,6.9772797272626015,13.011993060121936,0.0
27.080000000000002,4.211118103173254,7.247547850276886,12.981106073364604,0.0
27.085,4.362646329877191,7.526721020117205,12.959257339028982,0.0
27.09,4.521546902348052,7.8161086208006525,12.951530852775427,0.0
27.095,4.686438113194544,8.11706783980448,12.954921455739935,0.0
27.1,4.859112159612821,8.428847238483426,12.9723330945432,0.0
27.105,5.035420396256733,8.752343352063159,13.004160578548385,0.0
27.11,5.219626402426452,9.08645883480276,13.051456275817168,0.0
27.115000000000002,5.413136650276439,9.431834061950694,13.114436981683875,0.0
27.12,5.614343054871853,9.787433681754191,13.195059609533722,0.0
27.125,5.822984853122125,10.154556718295908,13.292968649495192,0.0
27.13,6.038757761853913,10.533044442789917,13.412680041558668,0.0
27.135,6.262838562155645,10.92058351030446,13.551345962950107,0.0
27.14,6.495348944342927,11.318748105247794,13.7120174518033,0.0
27.145,6.73673200332445,11.726732776674128,13.897784729869397,0.0
27.150000000000002,6.986802414200783,12.142685604794238,14.107957248877984,0.0
27.155,7.244810707943888,12.566483098745124,14.3430578860678,0.0
27.16,7.512382427611029,12.99902802772594,14.60713747338028,0.0
27.165,7.785642737502906,13.437439670204158,14.90056869743073,0.0
27.17,8.068421041849007,13.879967879778805,15.225569847686028,0.0
27.175,8.359292826825618,14.324808295507166,15.58230746556962,0.0
27.18,8.658831661992739,14.770605631290342,15.972872799906384,0.0
27.185000000000002,8.963233392607828,15.218404696670225,16.39902879992154,0.0
27.19,9.27517658594816,15.662283217422853,16.862011705856798,0.0
27.195,9.594212997508503,16.101078908718506,17.36448754561372,0.0
27.2,9.920406814431187,16.531282055040695,17.905383126854236,0.0
27.205000000000002,10.249585184373819,16.949280156047223,18.48711050191733,0.0
27.21,10.584397782546569,17.352149685135263,19.10818500411377,0.0
27.215,10.922495700323056,17.73533721879572,19.772373195229864,0.0
27.22,11.263572053851766,18.09557935849146,20.478261135720555,0.0
27.225,11.603746961955677,18.427569847545605,21.2239175391373,0.0
27.23,11.945110504455675,18.728162540611905,22.011710808311552,0.0
27.235,12.28545819780019,18.991543220261672,22.836871863952975,0.0
27.240000000000002,12.622238666481376,19.213407480389304,23.699554031481878,0.0
27.245,12.950866262194587,19.389135010117084,24.595834079314482,0.0
27.25,13.272709097427638,19.513420832846734,25.524248398699577,0.0
27.255,13.583560465644757,19.580619905617677,26.478394641884126,0.0
27.26,13.884333727779033,19.586019377972857,27.454468004107266,0.0
27.265,14.170512244589622,19.525015645993868,28.449471323239496,0.0
27.27,14.437762702343697,19.395650966350683,29.454742450520108,0.0
27.275000000000002,14.686027417349765,19.194016923738218,30.46248281324941,0.0
27.28,14.911557059193598,18.917406668351944,31.465575324220563,0.0
27.285,15.110783716973128,18.564586151530683,32.45709792767201,0.0
27.29,15.283443876849532,18.13529078268762,33.42704368977798,0.0
27.295,15.4263384837215,17.62981950434844,34.36808650176387,0.0
27.3,15.53589123689731,17.049012918753345,35.2693273868554,0.0
27.305,15.611686513331898,16.398915415717646,36.12334594092958,0.0
27.310000000000002,15.65021428815686,15.68217781876278,36.92235475309684,0.0
27.315,15.651328315309032,14.906610556715536,37.65662284466189,0.0
27.32,15.615527579391525,14.077359566116488,38.32140525665834,0.0
27.325,15.538977511105355,13.200937131338721,38.90816250589293,0.0
27.330000000000002,15.420910376675248,12.28743123026899,39.41477134350363,0.0
27.335,15.264769189846769,11.345775507244243,39.83578405854743,0.0
27.34,15.069467582473266,10.385843892155926,40.16965355814868,0.0
27.345,14.835437253182025,9.416557667195388,40.416619995207846,0.0
27.35,14.56556145732764,8.44743663983516,40.57553404073856,0.0
27.355,14.25880457415631,7.489063192034714,40.64942306224806,0.0
27.36,13.919615063037853,6.55039824937532,40.642268225625855,0.0
27.365000000000002,13.549623795907266,5.638061457299397,40.55726690429729,0.0
27.37,13.15442329108987,4.759796813677636,40.397736042137865,0.0
27.375,12.734206107752788,3.9211656285920466,40.17208634689251,0.0
27.38,12.293722299080514,3.1270479465107903,39.88623217113643,0.0
27.385,11.83553356905912,2.3802546193809895,39.54568610161995,0.0
27.39,11.36215831405034,1.68484600242253,39.1594376433386,0.0
27.395,10.87757807690133,1.0426976061844564,38.733955556270715,0.0
27.400000000000002,10.386794962565055,0.45261128307169207,38.27384529685041,0.0
27.405,9.890731650395646,-0.08262394619172964,37.787406237686554,0.0
27.41,9.391449416340103,-0.5649950931898657,37.27790045216793,0.0
27.415,8.895265750395374,-0.9983369080549491,36.75433440000573,0.0
27.42,8.4001911430531,-1.3826910154763339,36.22105221050279,0.0
27.425,7.911054611379614,-1.721921038524688,35.679678851503176,0.0
27.43,7.429196639777712,-2.0168131117080526,35.135457695514866,0.0
27.435000000000002,6.957243356432422,-2.271317424693397,34.59195250657152,0.0
27.44,6.496282840066353,-2.489117954926592,34.05242761569376,0.0
27.445,6.0466853069925754,-2.6733630881920925,33.517565365892274,0.0
27.45,5.610213197755234,-2.8257695904516575,32.989351433969034,0.0
27.455000000000002,5.18780544494705,-2.952822825715977,32.4694095585243,0.0
27.46,4.779797390316003,-3.0529875203507975,31.96083873687862,0.0
27.465,4.388114424197398,-3.132555962548518,31.46234915936085,0.0
27.47,4.012606827887996,-3.1925531958264495,30.973012544416516,0.0
27.475,3.651480301111088,-3.2368589846720623,30.49596917603171,0.0
27.48,3.3074966513109914,-3.2656336812970785,30.03035268530316,0.0
27.485,2.9779037136203974,-3.2831553520006596,29.575207357582027,0.0
27.490000000000002,2.6641208850998055,-3.2902269660494166,29.13150604162751,0.0
27.495,2.3667699804571694,-3.289100693006922,28.698663276177367,0.0
27.5,2.0835805010237047,-3.2805247824748944,28.27770994166167,0.0
27.505,1.8145942412103,-3.267002558069908,27.865173323496094,0.0
27.51,1.5602600013780517,-3.2478846819461276,27.463731794519013,0.0
27.515,1.3199842594738254,-3.226927039069366,27.0735998004528,0.0
27.52,1.0931144007121296,-3.2041636104149425,26.691513833438535,0.0
27.525000000000002,0.8778392141476323,-3.179364258978389,26.316582713303898,0.0
27.53,0.6736648481167261,-3.1555823316203013,25.95241346361638,0.0
27.535,0.48224693166734267,-3.1325841023478658,25.59625937203103,0.0
27.54,0.3013860637825043,-3.110612656805024,25.24746183181495,0.0
27.545,0.13035129934637174,-3.090621482236185,24.906521610260068,0.0
27.55,-0.030957594480351874,-3.072924240220933,24.57158294169478,0.0
27.555,-0.18270507272412273,-3.059144956435801,24.24362888159338,0.0
27.560000000000002,-0.32654155201815727,-3.0477845302529945,23.922607747180855,0.0
27.565,-0.4619917009859912,-3.039355226495054,23.608025071796458,0.0
27.57,-0.5910337474664908,-3.034837518669088,23.3010778104486,0.0
27.575,-0.7128101249683412,-3.033634526668238,22.99822449485761,0.0
27.580000000000002,-0.8289051997020259,-3.035723334900088,22.70110778936625,0.0
27.585,-0.9394947723485679,-3.0424680479591095,22.41100389906667,0.0
27.59,-1.0435278261874934,-3.0553490096409694,22.126149042042552,0.0
27.595,-1.1445344336918613,-3.06959279307481,21.847460508414535,0.0
27.6,-1.240299568341701,-3.089173534840696,21.57268904277187,0.0
27.605,-1.3309416059203063,-3.1139540301241273,21.305482023992134,0.0
27.61,-1.4190835215653173,-3.142680180958534,21.04243236819347,0.0
27.615000000000002,-1.506056808726494,-3.176973824239959,20.78408537002585,0.0
27.62,-1.5900570880954206,-3.214408216220709,20.530871500779654,0.0
27.625,-1.671889757578632,-3.2582787864205716,20.28329413983132,0.0
27.63,-1.7509893657735969,-3.3064284763284166,20.039715145893037,0.0
27.635,-1.8284272652010591,-3.3599637611376956,19.801621018497467,0.0
27.64,-1.9053709969593025,-3.4185580450100637,19.569084264484967,0.0
27.645,-1.981510769117629,-3.482628796546998,19.341050992512297,0.0
27.650000000000002,-2.057181506804789,-3.551703540245397,19.116766255999067,0.0
27.655,-2.1313757840979957,-3.625469424790019,18.89906781802006,0.0
27.66,-2.2050229504710726,-3.7049907950443908,18.685603189035746,0.0
27.665,-2.2791879148822485,-3.7892221637192924,18.477692763117965,0.0
27.67,-2.3552777361788966,-3.879154743706922,18.273962495972008,0.0
27.675,-2.4307149948042515,-3.975219240282411,18.07487673735449,0.0
27.68,-2.509384237854898,-4.073954590768318,17.882489150229084,0.0
27.685000000000002,-2.587728883601738,-4.180665374782092,17.69540943426692,0.0
27.69,-2.667174431073863,-4.293572336933872,17.51298898016858,0.0
27.695,-2.747754341536949,-4.412223347686584,17.336449136340608,0.0
27.7,-2.831290932386283,-4.536062487107389,17.16614910090739,0.0
27.705000000000002,-2.9179022189669106,-4.666822478464855,17.00272241746951,0.0
27.71,-3.005467132182296,-4.804516405472766,16.843981099024266,0.0
27.715,-3.095537669572303,-4.9490649965713915,16.691436689671804,0.0
27.72,-3.189575206289482,-5.099787900078603,16.544988525613142,0.0
27.725,-3.285143302302685,-5.256718952327432,16.406554496797604,0.0
27.73,-3.38448661617458,-5.4210405831740545,16.274407415084845,0.0
27.735,-3.4867506660636813,-5.591886379432514,16.1487374759159,0.0
27.740000000000002,-3.5922360556890367,-5.770211127146363,16.031489949257313,0.0
27.745,-3.7014773938140024,-5.956235150478089,15.919778806437817,0.0
27.75,-3.8146624407218037,-6.151039223465818,15.816312236859464,0.0
27.755,-3.9320306694816516,-6.351646270894266,15.722484202874432,0.0
27.76,-4.054243086399137,-6.5617140003315715,15.637803500469301,0.0
27.765,-4.178353603633599,-6.778963783236465,15.561730839883777,0.0
27.77,-4.3086984206785495,-7.006082819330885,15.495591318461456,0.0
27.775000000000002,-4.444318378078611,-7.2401130206837605,15.439825607634457,0.0
27.78,-4.584205060780641,-7.482953199128012,15.39531241331403,-0.0
27.785,-4.729676018090456,-7.734957211713847,15.36172839009736,-0.0
27.79,-4.87965930321462,-7.995000462949105,15.339511107666448,-0.0
27.795,-5.036055281203834,-8.26435853637025,15.329562031003878,-0.0
27.8,-5.197442600026448,-8.540718170427088,15.33459725366255,-0.0
27.805,-5.364814318402972,-8.827853926576166,15.35197111795641,-0.0
27.810000000000002,-5.538663648129919,-9.122910733772061,15.384426320817845,-0.0
27.815,-5.71847867235699,-9.426623942365156,15.430966818753882,-0.0
27.82,-5.904303917985737,-9.738395533950918,15.49453304878716,-0.0
27.825,-6.095994775562933,-10.060430146793358,15.575440165176433,-0.0
27.830000000000002,-6.294290899429499,-10.388251574971807,15.673164059762819,-0.0
27.835,-6.499622284792336,-10.726307537885683,15.791706447017262,-0.0
27.84,-6.7101505370384755,-11.06971277408323,15.930520208731224,-0.0
27.845,-6.929212819583558,-11.418710275240553,16.089082444939223,-0.0
27.85,-7.154305844120131,-11.775425053691936,16.27115280853311,-0.0
27.855,-7.3853969171764176,-12.135503558228994,16.475357486607223,-0.0
27.86,-7.623684919846902,-12.498403866497666,16.704293146227222,-0.0
27.865000000000002,-7.86826192061529,-12.865958322472062,16.956574633475107,-0.0
27.87,-8.117206112957627,-13.236900803447003,17.23709428969314,-0.0
27.875,-8.37262971012976,-13.606551825702068,17.54499412755416,-0.0
27.88,-8.636094038971468,-13.976376430959736,17.880528496037254,-0.0
27.885,-8.904115236222642,-14.343462857151783,18.246161222920243,-0.0
27.89,-9.176859658489342,-14.706473456729722,18.64105806910509,-0.0
27.895,-9.45303268231711,-15.061642020835553,19.067694650329866,-0.0
27.900000000000002,-9.732495105443183,-15.408930580931063,19.526051551566788,-0.0
27.905,-10.017012245482077,-15.745134403192148,20.017314369009913,-0.0
27.91,-10.303403598279598,-16.066140973985135,20.537679435781378,-0.0
27.915,-10.591540346377167,-16.37129643533814,21.091353491259934,-0.0
27.92,-10.880765177972805,-16.65569226441376,21.679306068027316,-0.0
27.925,-11.171251443835056,-16.915980632867825,22.295631203775372,-0.0
27.93,-11.458082943684385,-17.149851555449295,22.9422860868222,-0.0
27.935000000000002,-11.741779015182853,-17.353179918087843,23.61858995973847,-0.0
27.94,-12.023662677763946,-17.524781571194353,24.322433912835763,-0.0
27.945,-12.2983241990078,-17.658244556156447,25.05321773511876,-0.0
27.95,-12.566020433589077,-17.7497145039638,25.805226992172237,-0.0
27.955000000000002,-12.826056175644052,-17.798910835217054,26.576104252075513,-0.0
27.96,-13.075242158909724,-17.80103344029398,27.362981982381466,-0.0
27.965,-13.310912681383996,-17.754089460442096,28.160791948719304,-0.0
27.97,-13.53302779836141,-17.654975433748568,28.96644280288085,-0.0
27.975,-13.738735885386156,-17.50190226182339,29.77500611501001,-0.0
27.98,-13.926346225020097,-17.292601302486315,30.58077383537277,-0.0
27.985,-14.094532531560185,-17.02573990012018,31.377307894941207,-0.0
27.990000000000002,-14.241159191142101,-16.70351323110175,32.15831182562765,-0.0
27.995,-14.363920385352028,-16.324214627899128,32.91915519558752,-0.0
28.0,-14.463239152792813,-15.888762879271532,33.65301239725317,-0.0
28.005,-14.53382246750109,-15.401776481539919,34.353119585067475,-0.0
28.01,-14.576828329477207,-14.861934337474631,35.013808177979094,-0.0
28.015,-14.590289120619678,-14.276923884665697,35.63073876101756,-0.0
28.02,-14.574143894811431,-13.64885423167082,36.19643725767581,-0.0
28.025000000000002,-14.527270410242505,-12.98374688882088,36.708706779896744,-0.0
28.03,-14.449363546247394,-12.285939685103203,37.16238904899776,-0.0
28.035,-14.340614132576167,-11.562229670519946,37.55586859341585,-0.0
28.04,-14.20133936235462,-10.820273664662494,37.88437663886678,-0.0
28.045,-14.03307875271615,-10.063403768675023,38.147421388964545,-0.0
28.05,-13.834664298085194,-9.300908345027118,38.34477224323432,-0.0
28.055,-13.608985265529098,-8.540063604517833,38.4764672245992,-0.0
28.060000000000002,-13.356114416842113,-7.784321785111608,38.54455324477699,-0.0
28.065,-13.076847048782684,-7.041893629581346,38.55121702205376,-0.0
28.07,-12.776099535730577,-6.316864865700501,38.49787427457968,-0.0
28.075,-12.453310960706684,-5.615595823549794,38.38722956382566,-0.0
28.080000000000002,-12.111138314474562,-4.941137753949788,38.22472369321024,-0.0
28.085,-11.752726094950917,-4.297636213064768,38.01323666087538,-0.0
28.09,-11.381013325597895,-3.6884147880073765,37.75808577090104,-0.0
28.095,-10.99668488457709,-3.1139129198698132,37.46437545761131,-0.0
28.1,-10.601801567863982,-2.5783992778484572,37.13642677631037,-0.0
28.105,-10.200100662823127,-2.080128551889154,36.7782794777267,-0.0
28.11,-9.7938042051481,-1.6219502494120532,36.394857403339394,-0.0
28.115000000000002,-9.385481527656209,-1.2024306384212213,35.988958959788626,-0.0
28.12,-8.977094147960445,-0.8209594565035067,35.56434367608108,-0.0
28.125,-8.569506514785848,-0.47740182103245304,35.12721878928094,-0.0
28.13,-8.164687723252253,-0.17069259229700717,34.677935057684564,-0.0
28.135,-7.76474950301577,0.10329034230616935,34.2231689741274,-0.0
28.14,-7.371407132714945,0.34357942697381305,33.76327014163648,-0.0
28.145,-6.985647094311131,0.5538390096998208,33.30063383041205,-0.0
28.150000000000002,-6.609673859631529,0.7363937095584001,32.837039231507276,-0.0
28.155,-6.242342832381149,0.8917465839370098,32.37463415438235,-0.0
28.16,-5.884501554124113,1.0238950960020508,31.915524790867185,-0.0
28.165,-5.537995584083239,1.1349302535259311,31.458820524050143,-0.0
28.17,-5.205336354841102,1.2260684322018467,31.007872748235414,-0.0
28.175,-4.884331584110405,1.2979793056078366,30.56185232608458,-0.0
28.18,-4.576342094420073,1.3548747827152605,30.121265014327673,-0.0
28.185000000000002,-4.279042983277841,1.3970361855864857,29.68857391659631,-0.0
28.19,-3.994869759257576,1.426713083017679,29.26309228287902,-0.0
28.195,-3.724973604932449,1.4445394857535083,28.844809554535004,-0.0
28.2,-3.4672483208291145,1.4541809303907587,28.432620847399498,-0.0
28.205000000000002,-3.221849301986239,1.454539189286041,28.02807152137846,-0.0
28.21,-2.988530419122744,1.4473016718636655,27.631174420393126,-0.0
28.215,-2.7679213932335873,1.4350900449578863,27.241040367572463,-0.0
28.22,-2.557798747633379,1.4174918215608256,26.85749296412838,-0.0
28.225,-2.35851250219282,1.396118598797231,26.48148794781285,-0.0
28.23,-2.17014275241518,1.3706937181864982,26.112735732054315,-0.0
28.235,-1.993750072858871,1.343553647970307,25.750288865977527,-0.0
28.240000000000002,-1.8269341507181927,1.31566025348748,25.393835075180174,-0.0
28.245,-1.669153378608464,1.284621635100225,25.04347622413892,-0.0
28.25,-1.5213981208929555,1.2533617627293727,24.69937539976661,-0.0
28.255,-1.3829242649438034,1.2207644949985395,24.360824242584684,-0.0
28.26,-1.2531386977786128,1.1908405495394487,24.028145326988035,-0.0
28.265,-1.131091437145143,1.1607460735927113,23.70103563730302,-0.0
28.27,-1.0159005144356519,1.1307536524594557,23.379199022035994,-0.0
28.275000000000002,-0.9096571190190993,1.102210139510761,23.06119451978548,-0.0
28.28,-0.8076923421988997,1.0741667533929178,22.74904622575447,-0.0
28.285,-0.7139145652346054,1.046918119897145,22.44127442208239,-0.0
28.29,-0.6251715019848956,1.0219777904429552,22.138132975693452,-0.0
28.295,-0.5427468524289482,0.9974491551231649,21.839826223486796,-0.0
28.3,-0.46531613346960354,0.9755150249771849,21.546576159744248,-0.0
28.305,-0.39397492880656726,0.9551737649485791,21.25576174735179,-0.0
28.310000000000002,-0.3271244924487405,0.9370573193713361,20.97037365212596,-0.0
28.315,-0.2639464705952953,0.9218266272959125,20.69051711948865,-0.0
28.32,-0.20466331578298547,0.9089299006569733,20.41314825086381,-0.0
28.325,-0.1487763337623043,0.8969376573672966,20.140639521119358,-0.0
28.330000000000002,-0.09653788578785115,0.8883225060608476,19.87203952907545,-0.0
28.335,-0.046487347526818816,0.8792813108764949,19.607017002591817,-0.0
28.34,0.0006110178482401016,0.8734482109098326,19.34508480001753,-0.0
28.345,0.04343942223638237,0.8707400578143872,19.087141726124514,-0.0
28.35,0.08549418794421898,0.8674683047105705,18.832380054327416,-0.0
28.355,0.12543875477846167,0.8675427874908611,18.581629876359465,-0.0
28.36,0.16164012795035687,0.8700919187044174,18.33263855958195,-0.0
28.365000000000002,0.19742697765656342,0.8726988827076123,18.08824367945584,-0.0
28.37,0.2299265983656376,0.8781448107745515,17.84729965986267,-0.0
28.375,0.26222702443884066,0.8847248183393907,17.610600172272644,-0.0
28.38,0.2939778444102644,0.8932846512269387,17.378165028743997,-0.0
28.385,0.324072464797608,0.9042636365630212,17.14819059348846,-0.0
28.39,0.3536785395323301,0.9183944401178878,16.920994170117655,-0.0
28.395,0.38080503401132404,0.9333452458135655,16.697399498278678,-0.0
28.400000000000002,0.4096575817046967,0.9499948158401013,16.47758664125772,-0.0
28.405,0.43608078993643323,0.9693864142759989,16.26124736998876,-0.0
28.41,0.4630258060768564,0.9893124928327123,16.04541360958476,-0.0
28.415,0.4890596805387663,1.0123838750795862,15.835227385903002,-0.0
28.42,0.5178024402536678,1.036508926624023,15.625611291920096,-0.0
28.425,0.543386000077999,1.062978224994429,15.41845542037252,-0.0
28.43,0.5699436517940835,1.0917330696379808,15.21534103088083,-0.0
28.435000000000002,0.5959641284387038,1.1226248754994408,15.016015818431276,-0.0
28.44,0.6218158466907415,1.1554931576569873,14.819383338917184,-0.0
28.445,0.6489045777607134,1.1908429057061753,14.626052424498248,-0.0
28.45,0.6755584508391266,1.2297638148245595,14.434247168745166,-0.0
28.455000000000002,0.7030666795475067,1.2688812838339618,14.24594854385342,-0.0
28.46,0.7296377617020503,1.3097299419205097,14.060710630336548,-0.0
28.465,0.7579616340838171,1.3537769916619486,13.8782451771492,-0.0
28.47,0.7868650453801488,1.400306178576256,13.698224148357335,-0.0
28.475,0.8182912915011148,1.4497235723892399,13.519824381540364,-0.0
28.48,0.8503649664642434,1.5003048986107386,13.345293622732129,-0.0
28.485,0.8827745134914879,1.555313676763297,13.173208318226363,-0.0
28.490000000000002,0.9170955521579351,1.6128085904744194,13.004657787709977,-0.0
28.495,0.9513702117558114,1.6734448627207292,12.838073242950829,-0.0
28.5,0.9881904935045193,1.738826763679183,12.675678919401902,-0.0
28.505,1.0266549171082875,1.807187170482922,12.514657000363036,-0.0
28.51,1.0654688284371283,1.8781754710272265,12.357595802970975,-0.0
28.515,1.1054960720276172,1.951546319819776,12.202367916175213,-0.0
28.52,1.1482728756348455,2.0297700785532276,12.049590115611027,-0.0
28.525000000000002,1.192075073261138,2.1101548807260184,11.899995324660162,-0.0
28.53,1.2374595915430526,2.1952039540491035,11.75381019170952,-0.0
28.535,1.2854421038872272,2.2855986657632945,11.610368398124505,-0.0
28.54,1.3366068252341698,2.37930839125029,11.470065689381535,-0.0
28.545,1.3880687533917926,2.478839762760918,11.333022215069336,-0.0
28.55,1.443379790512153,2.5819240802192405,11.19789884127137,-0.0
28.555,1.5024104424305122,2.6907097068834185,11.068329679357744,-0.0
28.560000000000002,1.561004595665986,2.8038157315343906,10.940199074235007,-0.0
28.565,1.621909964214508,2.923902725969113,10.817288002986885,-0.0
28.57,1.6874058247606354,3.0489334763919627,10.696288389955878,-0.0
28.575,1.7549754753162936,3.180444350215385,10.578725200959832,-0.0
28.580000000000002,1.826035429459961,3.3178181088205365,10.46488794405258,-0.0
28.585,1.9015112139801336,3.461944544371812,10.355828504035044,-0.0
28.59,1.9799422832258,3.6112950252715934,10.250864741819004,-0.0
28.595,2.062509365418548,3.7689802330289135,10.150182147842141,-0.0
28.6,2.148020053110212,3.934239205324694,10.054757109610055,-0.0
28.605,2.237254116933675,4.106927183809869,9.963425132122103,-0.0
28.61,2.33052311795334,4.287715561306985,9.87628309406726,-0.0
28.615000000000002,2.4275120594249278,4.47879014949526,9.795473111016596,-0.0
28.62,2.5297087746810747,4.676985509820501,9.719380731752365,-0.0
28.625,2.635653936288866,4.884741374818018,9.647137435060596,-0.0
28.63,2.7489195568032967,5.102076742367564,9.58278584263471,-0.0
28.635,2.868119180357402,5.329965594757718,9.525588478868706,-0.0
28.64,2.9905373300451354,5.568642810407696,9.474643924275773,-0.0
28.645,3.118018341571442,5.8180643484709105,9.433499124679075,-0.0
28.650000000000002,3.2534293046561955,6.078309953418325,9.397421398976709,-0.0
28.655,3.3947249698264392,6.350909241083703,9.371498745590713,-0.0
28.66,3.542579055198175,6.635105148830186,9.355946008346889,-0.0
28.665,3.69743114707395,6.933144504567789,9.348046746531098,-0.0
28.67,3.8603157189637156,7.243262261667237,9.350366018275366,-0.0
28.675,4.029039593893265,7.56795392213232,9.366460332942747,-0.0
28.68,4.205133668587424,7.903831400443145,9.393545446096757,-0.0
28.685000000000002,4.391098740140511,8.254443208158095,9.434357737289135,-0.0
28.69,4.584098477793037,8.620831469609952,9.490013024678884,-0.0
28.695,4.786313479730099,9.002829321058691,9.560696227060768,-0.0
28.7,4.996857762179573,9.39773613201681,9.648148977154257,-0.0
28.705000000000002,5.216736691745178,9.809479512095606,9.75425928854323,-0.0
28.71,5.445439001142751,10.235358459762175,9.880910020595337,-0.0
28.715,5.685995607271827,10.676422683697353,10.0270296912516,-0.0
28.72,5.934218087973077,11.133828667127155,10.195224077571982,-0.0
28.725,6.194725126869389,11.604930979057498,10.389729152636116,-0.0
28.73,6.465300487739002,12.092465009393498,10.610446381874006,-0.0
28.735,6.746701486659903,12.593709017645427,10.858967964806943,-0.0
28.740000000000002,7.039208481676827,13.108867259508349,11.13928003749097,-0.0
28.745,7.343230651947163,13.636277469125197,11.451369922575486,-0.0
28.75,7.6578866845192195,14.17556625286468,11.798696615782413,-0.0
28.755,7.983385323901137,14.725246013708322,12.183430436629795,-0.0
28.76,8.319439627664368,15.281841695231117,12.610090859850063,-0.0
28.765,8.668113525181516,15.845979511083666,13.077882964230497,-0.0
28.77,9.02639121005383,16.413550476923167,13.589604920029254,-0.0
28.775000000000002,9.396030443555299,16.981861758627662,14.14954652765321,-0.0
28.78,9.774770731733865,17.54758948309251,14.758599110773295,-0.0
28.785,10.162973868067317,18.10841617910219,15.419323343108076,-0.0
28.79,10.560685596459013,18.656914803573823,16.133242154351386,-0.0
28.795,10.965186378463233,19.190389620995873,16.903651128305142,-0.0
28.8,11.376318184559695,19.70282524036781,17.730683151650332,-0.0
28.805,11.793564305795075,20.18797844859394,18.614860076669675,-0.0
28.810000000000002,12.212650196098302,20.64136820791692,19.557797991545694,-0.0
28.815,12.634600250043631,21.053740776651132,20.556946604224173,-0.0
28.82,13.05557567273801,21.416707390802614,21.613321059920054,-0.0
28.825,13.47502182311706,21.726696287399502,22.72338467202779,-0.0
28.830000000000002,13.887612262894608,21.974322198829412,23.8849491371527,-0.0
28.835,14.291989623681978,22.150555824332308,25.091520669963153,-0.0
28.84,14.68557459174207,22.24806532965862,26.339497405646906,-0.0
28.845,15.064198637192195,22.258513091748547,27.622069010899523,-0.0
28.85,15.424265848137582,22.17655480240846,28.93095502312747,-0.0
28.855,15.760637961236693,21.993738841453187,30.256208489934654,-0.0
28.86,16.072394419435994,21.705956338254516,31.58571870594919,-0.0
28.865000000000002,16.355225439081956,21.30965224940171,32.90837218530127,-0.0
28.87,16.602914199284413,20.80032535022881,34.21304529101175,-0.0
28.875,16.81304144136754,20.180274050964403,35.48424466476748,-0.0
28.88,16.981929779732333,19.449211670389445,36.70627707193336,-0.0
28.885,17.105250446832816,18.612635378112046,37.867796483636084,-0.0
28.89,17.1805615684806,17.674961750187386,38.95381858910593,-0.0
28.895,17.20466531801666,16.64458280344823,39.95264489236103,-0.0
28.900000000000002,17.175624213817006,15.53278385660693,40.8514290572528,-0.0
28.905,17.093342236424302,14.351974459329504,41.64158703535964,-0.0
28.91,16.955239219846078,13.114865093896695,42.31360692362864,-0.0
28.915,16.761092287124082,11.836014999903915,42.8616194739873,-0.0
28.92,16.5162275114212,10.53156058131971,43.28150749593906,-0.0
28.925,16.216563647235915,9.217579585851231,43.57472533504361,-0.0
28.93,15.86790687600822,7.9095000228230425,43.740403973504186,-0.0
28.935000000000002,15.469684775612889,6.620378207475152,43.78570409595175,-0.0
28.94,15.02766857018125,5.36589841009367,43.71454353375658,-0.0
28.945,14.543957014196218,4.157581392916553,43.53444703236097,-0.0
28.95,14.024078510744761,3.00695133185597,43.25653964060928,-0.0
28.955000000000002,13.474438116020613,1.9217627364663816,42.88972664777086,-0.0
28.96,12.897605788093893,0.9100821807331951,42.44640930794012,-0.0
28.965,12.297782367013706,-0.026162682636990953,41.939010003383125,-0.0
28.97,11.681762339324552,-0.8846590371340086,41.37797278110083,-0.0
28.975,11.053753465190626,-1.6615552160547244,40.77486472942924,-0.0
28.98,10.41829451630759,-2.359804516547682,40.13909540550006,-0.0
28.985,9.77857599267418,-2.9800136460561104,39.48075118650584,-0.0
28.990000000000002,9.140299330284076,-3.527048250128604,38.80931051396055,-0.0
28.995,8.505762648599307,-4.002776723532338,38.13089328488067,-0.0
29.0,7.881635001299903,-4.413924600274676,37.45168495943865,-0.0
29.005,7.267242562724876,-4.764622720760066,36.778445239172584,-0.0
29.01,6.666035336074467,-5.060633433185676,36.11526705191062,-0.0
29.015,6.080354582837499,-5.306583430683173,35.464606065413676,-0.0
29.02,5.512443832431659,-5.507508662153102,34.831388995105314,-0.0
29.025000000000002,4.963362491529922,-5.668533638304266,34.2154003012924,-0.0
29.03,4.431846781270025,-5.794576519760732,33.61846446332903,-0.0
29.035,3.9211833855478067,-5.889916810014041,33.04202059244797,-0.0
29.04,3.4312006747567207,-5.9584536410177,32.48532688253551,-0.0
29.045,2.9622126604865473,-6.005811183764577,31.94904006565322,-0.0
29.05,2.5133098295396974,-6.033518220295418,31.433618815912403,-0.0
29.055,2.0854741146948603,-6.045191863237864,30.93970742670669,-0.0
29.060000000000002,1.6791141974027752,-6.045439266358956,30.46529348220647,-0.0
29.065,1.2920835263198165,-6.035034789458395,30.008520902355578,-0.0
29.07,0.92571869849712,-6.019227849378381,29.568855598340956,-0.0
29.075,0.5785043221750448,-5.996092855562613,29.148947166154176,-0.0
29.080000000000002,0.2507185305026875,-5.969459904909746,28.74210456512029,-0.0
29.085,-0.06012404634789148,-5.94158074706176,28.3515451719269,-0.0
29.09,-0.3539743909604957,-5.911825723190083,27.975561775645293,-0.0
29.095,-0.6326234587450115,-5.881720533148097,27.61399956492649,-0.0
29.1,-0.8948464107471372,-5.852517958096088,27.26538640922981,-0.0
29.105,-1.1423317436597349,-5.827230897902364,26.928611048895146,-0.0
29.11,-1.375614088917353,-5.804181770425676,26.60336110479719,-0.0
29.115000000000002,-1.597224063804221,-5.7843911402504435,26.288395544584077,-0.0
29.12,-1.8056823716226116,-5.769939398373994,25.983719382572563,-0.0
29.125,-2.0038499369226583,-5.758427913594156,25.69075146667389,-0.0
29.13,-2.190636631631535,-5.751627303742778,25.406542545880384,-0.0
29.135,-2.3681598237560517,-5.751457618045802,25.13046734332419,-0.0
29.14,-2.5376995200204178,-5.756998508089851,24.863355017317577,-0.0
29.145,-2.6976216514325797,-5.768504033651428,24.605350905432907,-0.0
29.150000000000002,-2.851318736390394,-5.783881589084503,24.355547018529382,-0.0
29.155,-2.9978899347947943,-5.80697060320648,24.111806602835124,-0.0
29.16,-3.138030487036021,-5.835769721633603,23.87752732912356,-0.0
29.165,-3.2734392219225352,-5.8711923100798815,23.650054053588487,-0.0
29.17,-3.4031220011846326,-5.913200977390915,23.43018663295292,-0.0
29.175,-3.5276790143150714,-5.961411554767709,23.21914895471374,-0.0
29.18,-3.649178332343144,-6.016905408141073,23.014440662492518,-0.0
29.185000000000002,-3.7677495028149264,-6.078582942614386,22.81785056052707,-0.0
29.19,-3.8828422870321275,-6.146205909776742,22.628611548704054,-0.0
29.195,-3.994868921212305,-6.220337634382693,22.448221543391476,-0.0
29.2,-4.106712527010689,-6.300610077188845,22.273548434403857,-0.0
29.205000000000002,-4.217633377579122,-6.387232428865696,22.10674864930468,-0.0
29.21,-4.325510106493798,-6.478910234411911,21.94697177204982,-0.0
29.215,-4.433117800316024,-6.577796044322688,21.794428487136276,-0.0
29.22,-4.540374666257722,-6.681897977323397,21.65006858783709,-0.0
29.225,-4.646987952112533,-6.792790716922688,21.512064532913392,-0.0
29.23,-4.754401184519418,-6.90940684525181,21.38376844595207,-0.0
29.235,-4.862226952186149,-7.032342696696121,21.263025515284085,-0.0
29.240000000000002,-4.971096847053807,-7.160548898832262,21.15025611355469,-0.0
29.245,-5.080257307923052,-7.296194351048971,21.044996888160973,-0.0
29.25,-5.191456490583938,-7.435467597928076,20.949629646049626,-0.0
29.255,-5.303502451330781,-7.581472855335552,20.8632156043371,-0.0
29.26,-5.417489857329266,-7.733159479335891,20.78510524839589,-0.0
29.265,-5.533363186297518,-7.888745286535241,20.718171306050575,-0.0
29.27,-5.651090191843905,-8.049030118268021,20.66049566837138,-0.0
29.275000000000002,-5.770248280042807,-8.218126426493184,20.61195408278245,-0.0
29.28,-5.8930983613716545,-8.391375116680587,20.574361596792528,-0.0
29.285,-6.018110369794352,-8.56994549558809,20.547745309349107,-0.0
29.29,-6.145267553187804,-8.751065927243937,20.53137537872816,-0.0
29.295,-6.274054014651374,-8.937416609341819,20.526780797717507,-0.0
29.3,-6.4081251340172685,-9.127824572924455,20.533232028907005,-0.0
29.305,-6.5438919545194185,-9.320912452722112,20.552896729876522,-0.0
29.310000000000002,-6.6818807034939995,-9.518232477337635,20.583313462385043,-0.0
29.315,-6.8242043132651355,-9.718130094073805,20.627039705687988,-0.0
29.32,-6.969063230470842,-9.92008134586816,20.683781399312437,-0.0
29.325,-7.11625620555524,-10.125146590310097,20.752301989368224,-0.0
29.330000000000002,-7.266853357147632,-10.33263590047619,20.83577652994243,-0.0
29.335,-7.419720246668094,-10.54094169452756,20.933667141982486,-0.0
29.34,-7.575917097405497,-10.751928640096407,21.045990343201694,-0.0
29.345,-7.7342597795427634,-10.960657270461294,21.173199220383363,-0.0
29.35,-7.8962179352396245,-11.170204027858604,21.315508940943978,-0.0
29.355,-8.059899010901981,-11.377839539048045,21.47188710582563,-0.0
29.36,-8.226623460601052,-11.583668317853137,21.64323271562494,-0.0
29.365000000000002,-8.394957072398041,-11.786936504720304,21.83006339826604,-0.0
29.37,-8.565204071713081,-11.98640601256979,22.033275135026226,-0.0
29.375,-8.735131390208586,-12.18184068490429,22.253055349032707,-0.0
29.38,-8.908170612037683,-12.371073359904637,22.488669605778238,-0.0
29.385,-9.080429279966744,-12.553995920369848,22.74024274078303,-0.0
29.39,-9.253457647498848,-12.72936621609647,23.007479273052546,-0.0
29.395,-9.427715068450622,-12.896919715233093,23.28934061944154,-0.0
29.400000000000002,-9.601740526520844,-13.0541178355207,23.587278467885884,-0.0
29.405,-9.774134060032114,-13.201154297559352,23.898198981888722,-0.0
29.41,-9.944536583570274,-13.335346442578667,24.224629753611765,-0.0
29.415,-10.114197901486198,-13.456309187916768,24.565181519448927,-0.0
29.42,-10.282081370444155,-13.563070587400265,24.920042218664495,-0.0
29.425,-10.447658863787428,-13.653942557479997,25.28481176588552,-0.0
29.43,-10.607898617224544,-13.728055866036902,25.66130160425623,-0.0
29.435000000000002,-10.764100487702041,-13.78185371711416,26.047946085506954,-0.0
29.44,-10.914887182542698,-13.81907219634458,26.442215007999202,-0.0
29.445,-11.058783118835915,-13.834451630976176,26.842681857633043,-0.0
29.45,-11.19831424448426,-13.828344788777478,27.250488743681288,-0.0
29.455000000000002,-11.329518476984056,-13.801582158984525,27.661061509042273,-0.0
29.46,-11.452142362669981,-13.750125514826445,28.074359123883433,-0.0
29.465,-11.568509816992137,-13.677905910931482,28.486457719184266,-0.0
29.47,-11.67417930194104,-13.582023403561374,28.89704189953761,-0.0
29.475,-11.769471591409184,-13.461314776735264,29.30549708395252,-0.0
29.48,-11.854038492795073,-13.31791273166129,29.707338329898157,-0.0
29.485,-11.927307879276826,-13.150098516473346,30.100014183537635,-0.0
29.490000000000002,-11.986734207048977,-12.96044400025083,30.482844860075218,-0.0
29.495,-12.036122920286008,-12.746903629566882,30.853929292205873,-0.0
29.5,-12.069727998953528,-12.510795575578458,31.209788166322014,-0.0
29.505,-12.091536226377357,-12.253983237612788,31.548458666802823,-0.0
29.51,-12.100470850288643,-11.978347321908332,31.869030812558222,-0.0
29.515,-12.095127060767474,-11.685188999914391,32.16958139444698,-0.0
29.52,-12.07331889923451,-11.372877276298622,32.44735429305214,-0.0
29.525000000000002,-12.03786006439975,-11.04858039403905,32.69975657287028,-0.0
29.53,-11.987898139963669,-10.711164820877029,32.92876322515088,-0.0
29.535,-11.92336359176904,-10.361992266507132,33.13125570593356,-0.0
29.54,-11.844823159267197,-10.003627149379263,33.30646415534161,-0.0
29.545,-11.753862152168024,-9.639452149012024,33.45577115534337,-0.0
29.55,-11.647588208325846,-9.270278745557134,33.57542353890184,-0.0
29.555,-11.528532608418937,-8.89914064953646,33.667683663772046,-0.0
29.560000000000002,-11.396932478137611,-8.528595725253437,33.731922690879586,-0.0
29.565,-11.253551447227757,-8.15893169450569,33.767445842592,-0.0
29.57,-11.098069637157757,-7.7938564128849706,33.775548636724,-0.0
29.575,-10.933944622688456,-7.43297483901185,33.75644587153683,-0.0
29.580000000000002,-10.757865269179659,-7.080563381931512,33.71138548758322,-0.0
29.585,-10.575299086445561,-6.737279954305429,33.64326017980584,-0.0
29.59,-10.38518435725606,-6.405976663710364,33.55002797045097,-0.0
29.595,-10.186282032953503,-6.084922029058856,33.43626210446914,-0.0
29.6,-9.981041254126257,-5.777834394484573,33.30041073180091,-0.0
29.605,-9.770573827114397,-5.4844601327670635,33.144460936596055,-0.0
29.61,-9.55737187215708,-5.204845150535753,32.97100119977085,-0.0
29.615000000000002,-9.339556298227231,-4.941530447926477,32.77925935895316,-0.0
29.62,-9.11991541065311,-4.692273992281134,32.57305745583292,-0.0
29.625,-8.89903248293723,-4.4583613904327315,32.3516084468749,-0.0
29.63,-8.678361765335572,-4.241711960567197,32.11903475329206,-0.0
29.635,-8.45562565516232,-4.041620540019182,31.87452709661877,-0.0
29.64,-8.235844193010987,-3.8583168095199714,31.622690135052004,-0.0
29.645,-8.016493474869952,-3.6888578187644505,31.361449560549765,-0.0
29.650000000000002,-7.800240403226227,-3.536120084639551,31.090733139682406,-0.0
29.655,-7.586644469170471,-3.3983898476547445,30.81416375574382,-0.0
29.66,-7.376934705854233,-3.2743565424928005,30.532365103367734,-0.0
29.665,-7.171341833478756,-3.1651772101869806,30.245236785198543,-0.0
29.67,-6.971513187861679,-3.068242009467594,29.954603728853584,-0.0
29.675,-6.777168032161862,-2.9850930513485223,29.663100406711287,-0.0
29.68,-6.587012910242847,-2.913769767473444,29.369722781460432,-0.0
29.685000000000002,-6.403872555992619,-2.854511342169257,29.07330267364864,-0.0
29.69,-6.226872494245028,-2.807490484513672,28.777175444869503,-0.0
29.695,-6.055333478067677,-2.769435314162762,28.480965944995685,-0.0
29.7,-5.89011271852101,-2.74149672388041,28.185370513345937,-0.0
29.705000000000002,-5.733995787883867,-2.7222359070867244,27.891063293469205,-0.0
29.71,-5.585008126461784,-2.7110409629111314,27.598256031680755,-0.0
29.715,-5.441834820916442,-2.7076939336903085,27.304664936205295,-0.0
29.72,-5.304623538694799,-2.7140497630338287,27.013612806185023,-0.0
29.725,-5.1744373268823844,-2.7251475586335654,26.725430464824736,-0.0
29.73,-5.051365435793301,-2.744224621879042,26.440067096338325,-0.0
29.735,-4.934786267129162,-2.769930771008519,26.1571635049569,-0.0
29.740000000000002,-4.826407695503114,-2.801675921352132,25.877300762942777,-0.0
29.745,-4.72541235256535,-2.8409129240342335,25.598237290111847,-0.0
29.75,-4.631046828096862,-2.8830518270899086,25.32468522843733,-0.0
29.755,-4.543831611858999,-2.93074662238179,25.053403118682084,-0.0
29.76,-4.462908043447343,-2.983353647098532,24.78649328973158,-0.0
29.765,-4.3879800736126375,-3.040901796672724,24.522024275186034,-0.0
29.77,-4.3205434153592455,-3.1016430668058095,24.261079648240617,-0.0
29.775000000000002,-4.258705701846771,-3.1667507847910814,24.00486980693816,-0.0
29.78,-4.204023184280794,-3.2348868514118663,23.75280302615933,-0.0
29.785,-4.155579529438035,-3.307342837816688,23.50323833274207,-0.0
29.79,-4.113152849507544,-3.3838647886998903,23.259090169469,-0.0
29.795,-4.0768761319193185,-3.4650863513649885,23.01779462811672,-0.0
29.8,-4.045865460716115,-3.5498419702648762,22.781578940562795,-0.0
29.805,-4.020559633205858,-3.638051762194357,22.549804713194035,-0.0
29.810000000000002,-4.002426363691168,-3.729238771026122,22.321975096687574,-0.0
29.815,-3.9895076189353897,-3.82490486189765,22.09849235465779,-0.0
29.82,-3.9808551833129373,-3.923614035936579,21.880408295536245,-0.0
29.825,-3.975557627376366,-4.025594110764978,21.66662856681276,-0.0
29.830000000000002,-3.9784417586691214,-4.129780670788754,21.45724604273352,-0.0
29.835,-3.986338110400994,-4.239708256804516,21.252934346662116,-0.0
29.84,-3.9986904882381613,-4.35099467801362,21.05482148871886,-0.0
29.845,-4.015767341706827,-4.468598588149537,20.860641379453536,-0.0
29.85,-4.038343040176226,-4.5885129569983345,20.671029100350047,-0.0
29.855,-4.066074455072319,-4.713313890888272,20.488522519666052,-0.0
29.86,-4.099039005090024,-4.842605857505507,20.311431605346943,-0.0
29.865000000000002,-4.136646358153745,-4.975499040860974,20.140089059098344,-0.0
29.87,-4.1778461067350925,-5.113438613789581,19.974863251611378,-0.0
29.875,-4.2244408979274395,-5.2563136132179125,19.814858949930052,-0.0
29.88,-4.275524958259039,-5.4033052688075704,19.662006135289225,-0.0
29.885,-4.331610091573119,-5.55300282154859,19.51483682964487,-0.0
29.89,-4.392598919508866,-5.709383544854041,19.374477785069786,-0.0
29.895,-4.458819538951386,-5.870110280986192,19.241493141044906,-0.0
29.900000000000002,-4.529007380707996,-6.036215793198057,19.115501736311735,-0.0
29.905,-4.604421987270621,-6.206111226940769,18.997570603292395,-0.0
29.91,-4.68422697754266,-6.382387790827806,18.887351495603955,-0.0
29.915,-4.769908172739178,-6.563366161193997,18.78600343091007,-0.0
29.92,-4.85844959589434,-6.750487674874155,18.692366130665178,-0.0
29.925,-4.952541275340319,-6.9424301429072885,18.60574996123605,-0.0
29.93,-5.05267862560486,-7.1401975302890675,18.528764597156055,-0.0
29.935000000000002,-5.158253967982863,-7.34470856084303,18.461541814653668,-0.0
29.94,-5.2685163274092615,-7.554063184396087,18.404234698360508,-0.0
29.945,-5.384220820806353,-7.769969992684129,18.357321017934368,-0.0
29.95,-5.503077501088584,-7.990079015229114,18.32141157785441,-0.0
29.955000000000002,-5.6263249516158504,-8.216167729797547,18.296086392915946,-0.0
29.96,-5.755458208045862,-8.447400386904649,18.28336771170409,-0.0
29.965,-5.8904836640868465,-8.683750530268785,18.2819558511999,-0.0
29.97,-6.030342016183947,-8.92620279725727,18.293275624161314,-0.0
29.975,-6.175137518372798,-9.175121960844422,18.31822015866963,-0.0
29.98,-6.32459809223976,-9.42823317037536,18.35772449728638,-0.0
29.985,-6.479004072153357,-9.68532250122505,18.411338329504947,-0.0
29.990000000000002,-6.639251031657384,-9.9480489842162,18.480084524685395,-0.0
29.995,-6.804708921374443,-10.214802906391816,18.56439125215786,-0.0
30.0,-6.975081821334948,-10.485086573364816,18.664638081677325,-0.0
30.005,-7.150219328902473,-10.757388061426994,18.78235511085928,-0.0
30.01,-7.330600920310041,-11.034040107012316,18.915257991913077,-0.0
30.015,-7.517100213016494,-11.31220244878965,19.067530848157332,-0.0
30.02,-7.706773188473494,-11.592083039024867,19.23836154796477,-0.0
30.025000000000002,-7.900675197892226,-11.871606771671466,19.42843786103172,-0.0
30.03,-8.099774966794694,-12.151440523415173,19.638761494678224,-0.0
30.035,-8.300605075674225,-12.428847657538938,19.869427078697594,-0.0
30.04,-8.508054774151491,-12.7037036842253,20.12086020963819,-0.0
30.045,-8.717762190957664,-12.975454391025295,20.394194020271325,-0.0
30.05,-8.930670004351441,-13.242679518188163,20.687499501510825,-0.0
30.055,-9.146081735277365,-13.50345238738825,21.003158061806943,-0.0
30.060000000000002,-9.364498018329042,-13.757023037415763,21.33961614773567,-0.0
30.065,-9.584717964180635,-13.999440988157934,21.69925996963081,-0.0
30.07,-9.806769061273593,-14.23256500896998,22.079661089488926,-0.0
30.075,-10.028910989492532,-14.45227292254808,22.483847531988395,-0.0
30.080000000000002,-10.249370733529668,-14.656743541097406,22.909619919899857,-0.0
30.085,-10.470042660455556,-14.845568410201762,23.35553211853185,-0.0
30.09,-10.689042418344773,-15.014209004082069,23.820923046333817,-0.0
30.095,-10.90557361088531,-15.163271125620454,24.304497702950023,-0.0
30.1,-11.118794285014157,-15.288738950036558,24.80828429578445,-0.0
30.105,-11.327197546503458,-15.39026679469038,25.327655045205383,-0.0
30.11,-11.532076661220644,-15.463583976069973,25.861031268392175,-0.0
30.115000000000002,-11.727393498533745,-15.50959280529763,26.408551016864394,-0.0
30.12,-11.917431729685543,-15.526072776587164,26.96588315975171,-0.0
30.125,-12.097910362604548,-15.51089839924537,27.53137645110389,-0.0
30.13,-12.26746169480219,-15.461740035413973,28.10203091579556,-0.0
30.135,-12.428411027467648,-15.377439568301885,28.674750566980876,-0.0
30.14,-12.57628491562875,-15.25883497377401,29.248795620973166,-0.0
30.145,-12.70862422775005,-15.102619709935492,29.818598504133107,-0.0
30.150000000000002,-12.829234666475891,-14.912710643230852,30.380321994413954,-0.0
30.155,-12.934053168731788,-14.685869993118702,30.93078244349809,-0.0
30.16,-13.020957339903473,-14.422087947334909,31.467695659483525,-0.0
30.165,-13.091870792447812,-14.124207670307932,31.986886904221326,-0.0
30.17,-13.142588889572675,-13.792135557228095,32.484265306916605,-0.0
30.175,-13.175215401117732,-13.4280611705881,32.95785512960986,-0.0
30.18,-13.18681159694893,-13.033545471045358,33.40321667231094,-0.0
30.185000000000002,-13.179247607956253,-12.612791547924637,33.817468123638676,-0.0
30.19,-13.151278432599941,-12.166066942636968,34.19842073658213,-0.0
30.195,-13.102384567261655,-11.698084418180441,34.54297811436158,-0.0
30.2,-13.032803095921329,-11.211129153314511,34.84815581862226,-0.0
30.205000000000002,-12.940313765157097,-10.708830651099223,35.11341726286431,-0.0
30.21,-12.829344542093535,-10.194330129474624,35.338619203457334,-0.0
30.215,-12.698094326557825,-9.672488421192464,35.52190478460064,-0.0
30.22,-12.544942224759493,-9.146876208540915,35.6631856785176,-0.0
30.225,-12.37417103897635,-8.620177599438708,35.76210510093786,-0.0
30.23,-12.187079262747599,-8.096106744097536,35.818357720883675,-0.0
30.235,-11.982771317932352,-7.578284122597242,35.83365303210533,-0.0
30.240000000000002,-11.76328412074124,-7.070382826656881,35.80878315539852,-0.0
30.245,-11.528460416729532,-6.575569999957737,35.74723595729965,-0.0
30.25,-11.279312490065731,-6.095876383952824,35.64938770044917,-0.0
30.255,-11.021733713860922,-5.635556187536535,35.5168150458599,-0.0
30.26,-10.752360384198068,-5.193476388090134,35.35299767897556,-0.0
30.265,-10.474004603692613,-4.771808610325517,35.16099674630211,-0.0
30.27,-10.19052894793544,-4.373019719832275,34.941679599604406,-0.0
30.275000000000002,-9.899654700396747,-3.9981881910816726,34.69771074299613,-0.0
30.28,-9.604644034453566,-3.6468619908760203,34.432812075621264,-0.0
30.285,-9.308201392866675,-3.320568197228949,34.15000713822291,-0.0
30.29,-9.00894334390686,-3.018353699787818,33.84773283935821,-0.0
30.295,-8.711388852340086,-2.741102519782125,33.532280046731735,-0.0
30.3,-8.413101303822957,-2.4862431458177507,33.204903819169004,-0.0
30.305,-8.117360420517779,-2.2547280932574214,32.86592845601725,-0.0
30.310000000000002,-7.825125495435401,-2.0450952963603433,32.51886585568405,-0.0
30.315,-7.535268081618352,-1.8583278792723417,32.165501116611,-0.0
30.32,-7.251924076895994,-1.6923380152705905,31.806651150090424,-0.0
30.325,-6.9737512240931485,-1.5466836184423782,31.44528505439549,-0.0
30.330000000000002,-6.701719190962627,-1.4192496067011369,31.081205075011514,-0.0
30.335,-6.437530826813889,-1.3086094255480611,30.714307909726966,-0.0
30.34,-6.182363437002651,-1.21448278004741,30.346142448726553,-0.0
30.345,-5.934477814233454,-1.1368296116840102,29.97908654854352,-0.0
30.35,-5.694726434183929,-1.0728839755408472,29.611827304717174,-0.0
30.355,-5.463164494466675,-1.0217019503817502,29.247360572763377,-0.0
30.36,-5.241169937331548,-0.9833192539276285,28.885490682436544,-0.0
30.365000000000002,-5.028062344580396,-0.9556231552852161,28.52640928721833,-0.0
30.37,-4.824663822885127,-0.93860855545163,28.169980442978186,-0.0
30.375,-4.6312429533890835,-0.9296058270252083,27.81793899723222,-0.0
30.38,-4.445903580778781,-0.9296949013043936,27.46851890127483,-0.0
30.385,-4.270328927034042,-0.936714902322542,27.123374129959938,-0.0
30.39,-4.102241703430984,-0.9499732001801322,26.783879834169575,-0.0
30.395,-3.9442863563706654,-0.9710002412405212,26.445683354633484,-0.0
30.400000000000002,-3.7958128552692396,-0.9975551322146228,26.11302663569452,-0.0
30.405,-3.6564537002691835,-1.02767665716387,25.783658317336165,-0.0
30.41,-3.52496048494616,-1.0625538600296827,25.458685550721363,-0.0
30.415,-3.4002261928339053,-1.1020053691918072,25.13740461335533,-0.0
30.42,-3.28449883915265,-1.1445908545248589,24.821246396031864,-0.0
30.425,-3.179027114468368,-1.1903321807298815,24.508853614211542,-0.0
30.43,-3.0784176139959687,-1.2398802980210377,24.20201865109025,-0.0
30.435000000000002,-2.988052628715311,-1.291307672588625,23.89898700361851,-0.0
30.44,-2.9041216944413164,-1.3466068745962267,23.598376579686104,-0.0
30.445,-2.8252483406357665,-1.403834187162988,23.30303690994309,-0.0
30.45,-2.7543952375333367,-1.4619919770454408,23.011997232453382,-0.0
30.455000000000002,-2.689652165110238,-1.5239192822145173,22.725416388291514,-0.0
30.46,-2.6302369477378873,-1.5888649268910853,22.442126635910004,-0.0
30.465,-2.578681317055959,-1.6532731485995267,22.16287654912668,-0.0
30.47,-2.532579731177065,-1.7195941799043397,21.88850139677737,-0.0
30.475,-2.4917238932220176,-1.787365833449281,21.617558688366685,-0.0
30.48,-2.4573364762699623,-1.8580340437911798,21.351783280478838,-0.0
30.485,-2.4274930088020317,-1.9309200771911177,21.091365371904093,-0.0
30.490000000000002,-2.4024152729096713,-2.0057469877709595,20.83379285145627,-0.0
30.495,-2.383496029903646,-2.080583541753472,20.582009101580443,-0.0
30.5,-2.3689116513940762,-2.158327019282335,20.33166050757461,-0.0
30.505,-2.35760983024864,-2.237599499735139,20.08680559530207,-0.0
30.51,-2.3512886898861085,-2.3203501478238544,19.844535931838642,-0.0
30.515,-2.3497884927832056,-2.4049641656469594,19.60710299505069,-0.0
30.52,-2.3520674683422644,-2.4907683193896855,19.374098623664974,-0.0
30.525000000000002,-2.3596022682145024,-2.579083429261358,19.145210777118795,-0.0
30.53,-2.3700212226345694,-2.6695136450221604,18.919721000897468,-0.0
30.535,-2.384922352616666,-2.763909264358967,18.699206690098137,-0.0
30.54,-2.403489031031555,-2.8602254444682544,18.484057224701896,-0.0
30.545,-2.4276035793229207,-2.9603439623585355,18.272375855396074,-0.0
30.55,-2.454109645247292,-3.06056743397002,18.064046460245038,-0.0
30.555,-2.484680584945565,-3.1669974866173782,17.86010945138349,-0.0
30.560000000000002,-2.518232283274677,-3.2784024391432456,17.661420659744145,-0.0
30.565,-2.5559069255691242,-3.390367244196232,17.467731239268527,-0.0
30.57,-2.597425953154008,-3.508649109938908,17.278940062773266,-0.0
30.575,-2.643260310442582,-3.6298779961066914,17.09394538106969,-0.0
30.580000000000002,-2.6938611829531256,-3.755244475128427,16.91467298907726,-0.0
30.585,-2.7464275272937595,-3.885502374111505,16.74057356806217,-0.0
30.59,-2.803467656857613,-4.0203234960837895,16.571017522957113,-0.0
30.595,-2.8628708091595874,-4.1616424168491815,16.40594678292621,-0.0
30.6,-2.9279042482079185,-4.306528958862201,16.24665624433761,-0.0
30.605,-2.9955065211416656,-4.456296291552744,16.09246787740165,-0.0
30.61,-3.0700103206516784,-4.6122943244973795,15.945696224889073,-0.0
30.615000000000002,-3.147735174787327,-4.775110976340672,15.803535568639285,-0.0
30.62,-3.228305474892154,-4.9434456884180555,15.666863619538441,-0.0
30.625,-3.314609956326116,-5.1167634818935825,15.536885736590785,-0.0
30.63,-3.4038339848769508,-5.297118808698317,15.415306780536525,-0.0
30.635,-3.4973185074271793,-5.485343555245096,15.299878677131437,-0.0
30.64,-3.5963051617348594,-5.679665363658522,15.191391249851549,-0.0
30.645,-3.6992124404589957,-5.881805232716363,15.091200955058401,-0.0
30.650000000000002,-3.808072218629337,-6.091111052728925,14.999739335595615,-0.0
30.655,-3.9220000557253476,-6.308683702270859,14.915776579358415,-0.0
30.66,-4.040407038540868,-6.532818987814593,14.841265399064847,-0.0
30.665,-4.1640806362366085,-6.765254320790602,14.774600113988162,-0.0
30.67,-4.294785535191798,-7.007168490413533,14.718020656816707,-0.0
30.675,-4.430343747668889,-7.256113566561243,14.672572722785999,-0.0
30.68,-4.570252339340151,-7.514224891869126,14.637947633663835,-0.0
30.685000000000002,-4.717819524499587,-7.782297989909976,14.615127544979273,-0.0
30.69,-4.8711897090934375,-8.058163503376074,14.60340130072803,-0.0
30.695,-5.030012985374003,-8.344182659141364,14.604861821210486,-0.0
30.7,-5.195268081151989,-8.638794352199374,14.61911932065032,-0.0
30.705000000000002,-5.367085150873449,-8.942906713479944,14.64763647486086,-0.0
30.71,-5.545393087362421,-9.255652165364953,14.692130657215246,-0.0
30.715,-5.73014632951556,-9.578175370382013,14.753033191050296,-0.0
30.72,-5.923064587829008,-9.909963634102462,14.830087065100713,-0.0
30.725,-6.1223784071156135,-10.250018945076894,14.925107090381,-0.0
30.73,-6.329725295338058,-10.599616342789092,15.039820726778302,-0.0
30.735,-6.543700690482258,-10.95681552926303,15.174888090958135,-0.0
30.740000000000002,-6.76553225905888,-11.321625934605922,15.330424698990283,-0.0
30.745,-6.994291838616255,-11.692445457519746,15.508926080612785,-0.0
30.75,-7.229350996767592,-12.070493857960114,15.710836015030575,-0.0
30.755,-7.470787930750404,-12.453882099700971,15.937491065376824,-0.0
30.76,-7.7189331989929375,-12.841002311061695,16.189119635110263,-0.0
30.765,-7.97572573006694,-13.23237237195745,16.467869266882033,-0.0
30.77,-8.237330470050894,-13.625425002081363,16.775251729349097,-0.0
30.775000000000002,-8.506307879917767,-14.019938106496603,17.113409265026686,-0.0
30.78,-8.782697588005101,-14.41282528367923,17.483428841015495,-0.0
30.785,-9.064802338286585,-14.802250240408954,17.88431611041353,-0.0
30.79,-9.350983186838498,-15.187490534634497,18.315758760155244,-0.0
30.795,-9.641636647156892,-15.564034712066936,18.78040062059715,-0.0
30.8,-9.937564344107429,-15.93143340706652,19.280645035628005,-0.0
30.805,-10.236939873227046,-16.285473111535435,19.814937059437547,-0.0
30.810000000000002,-10.540462625668292,-16.624182191991558,20.38458996524729,-0.0
30.815,-10.844137509464916,-16.94189932452197,20.988825821282166,-0.0
30.82,-11.148308121098678,-17.236974833517145,21.627016222512985,-0.0
30.825,-11.452617748328803,-17.50641131394381,22.299248057652942,-0.0
30.830000000000002,-11.755462777487084,-17.74551113935212,23.004102539113454,-0.0
30.835,-12.054748706363922,-17.95012983989408,23.740424064822413,-0.0
30.84,-12.348212975120866,-18.116748024252363,24.50589177646364,-0.0
30.845000000000002,-12.636523391126866,-18.243164540592197,25.298035366241415,-0.0
30.85,-12.916224985093988,-18.322505997108927,26.11177036459355,-0.0
30.855,-13.188342060351099,-18.35204918088249,26.947805065693792,-0.0
30.86,-13.446532899655043,-18.329906458914753,27.79762505639903,-0.0
30.865000000000002,-13.690090590495773,-18.25136761534276,28.65972497263464,-0.0
30.87,-13.918279300857016,-18.11473777738228,29.52594132308882,-0.0
30.875,-14.129032500121774,-17.918645187421884,30.391921905991637,-0.0
30.88,-14.319118097149529,-17.6594629505517,31.25279878817854,-0.0
30.885,-14.485715830215359,-17.337856861309184,32.09928459657632,-0.0
30.89,-14.627855294787416,-16.954240658215927,32.92563857872496,-0.0
30.895,-14.743528142720447,-16.50924043776453,33.72552188666822,-0.0
30.900000000000002,-14.832464440758713,-16.00517476509793,34.49320232991332,-0.0
30.905,-14.891825391980925,-15.442264020628569,35.220373440738705,-0.0
30.91,-14.919260336128747,-14.827280488387286,35.90036500553148,-0.0
30.915,-14.913738442951125,-14.16432682729868,36.52787076455526,-0.0
30.92,-14.874681365383388,-13.457379170391263,37.097474370828564,-0.0
30.925,-14.803691154712993,-12.7143354240401,37.60455036898304,-0.0
30.93,-14.699465262129808,-11.940974157170013,38.04279108747507,-0.0
30.935000000000002,-14.560909662185106,-11.143244915889321,38.41310580442874,-0.0
30.94,-14.389801295671827,-10.32918007564261,38.71331632347757,-0.0
30.945,-14.18643789628402,-9.507493984905143,38.940961277687016,-0.0
30.95,-13.95199548970846,-8.684283575442798,39.09560175384391,-0.0
30.955000000000002,-13.688247540843241,-7.8667407280167865,39.18086296672025,-0.0
30.96,-13.397008763711288,-7.063296237485644,39.19638561332945,-0.0
30.965,-13.079769229967383,-6.276871852958149,39.14558830477964,-0.0
30.970000000000002,-12.738854239971925,-5.516864339142375,39.03411765247115,-0.0
30.975,-12.377524633786058,-4.787600916425978,38.864606074827,-0.0
30.98,-11.998027995055752,-4.091791960237899,38.64239987392664,-0.0
30.985,-11.602776773098086,-3.433088898806546,38.372391907492094,-0.0
30.990000000000002,-11.194149464910042,-2.814866279192269,38.05951411967575,-0.0
30.995,-10.774750925895196,-2.2379504317632026,37.70895770799203,-0.0
31.0,-10.348581271869525,-1.7038028467252087,37.326995011932254,-0.0
31.005,-9.916019045534522,-1.2127854732204815,36.91713216891623,-0.0
31.01,-9.479775381782769,-0.7663406474622056,36.48410742241692,-0.0
31.015,-9.04492696380412,-0.36042822800750596,36.035730498135905,-0.0
31.02,-8.609874065166354,0.0055358783882110685,35.57246991815915,-0.0
31.025000000000002,-8.17896654426151,0.33201862795387915,35.09788399324676,-0.0
31.03,-7.754294697838249,0.6203094331955068,34.61665914405628,-0.0
31.035,-7.335898154826232,0.8737669064748304,34.13116096321124,-0.0
31.04,-6.926061218289561,1.0938116177249562,33.642938575106044,-0.0
31.045,-6.525315118370685,1.2835740002670415,33.15473536169965,-0.0
31.05,-6.135545773440816,1.4458562852922663,32.67101808423697,-0.0
31.055,-5.756063237494001,1.5824954265296238,32.19152119997273,-0.0
31.060000000000002,-5.389038425462725,1.6932449500282118,31.716738506360073,-0.0
31.065,-5.0346986855633205,1.7837424865389222,31.24905179488283,-0.0
31.07,-4.694579434692438,1.8560746969808288,30.78741666134325,-0.0
31.075,-4.366677362414296,1.91246930327731,30.3331234169068,-0.0
31.080000000000002,-4.053057494715651,1.9535251783153689,29.88761579839506,-0.0
31.085,-3.7529501952298085,1.9816115710285684,29.448595058008973,-0.0
31.09,-3.4655161469899705,1.9975952398676322,29.01885818912651,-0.0
31.095000000000002,-3.1918897008080167,2.0060223853735386,28.597252766131813,-0.0
31.1,-2.9319780084712774,2.006667132745401,28.183450066059283,-0.0
31.105,-2.685965394036615,1.9995587187823254,27.779545379623123,-0.0
31.11,-2.452596837973769,1.9858481781926136,27.38135626200735,-0.0
31.115000000000002,-2.229699033924945,1.9687082294061669,26.991768844867046,-0.0
31.12,-2.0197851058183405,1.9484440095927853,26.60905745956021,-0.0
31.125,-1.822455523324261,1.9248180197363036,26.235317681722268,-0.0
31.13,-1.634986391243466,1.8994985922574998,25.867063253615257,-0.0
31.135,-1.4589798226561665,1.872244146483501,25.505777719759475,-0.0
31.14,-1.2923938932536618,1.8438571003007138,25.150821550426112,-0.0
31.145,-1.1355604388575093,1.816489879462946,24.804094904126387,-0.0
31.150000000000002,-0.9881335787963615,1.78921109779715,24.462664401680815,-0.0
31.155,-0.8490611884869121,1.7623661665672583,24.12679347414129,-0.0
31.16,-0.7189831428650875,1.735786309328975,23.798935253652814,-0.0
31.165,-0.5951552408753202,1.7118921280424766,23.47480560973419,-0.0
31.17,-0.4792311017885414,1.6901751120042188,23.15658840314913,-0.0
31.175,-0.37167726523389755,1.6711202700103516,22.8441150387605,-0.0
31.18,-0.26966189518447137,1.6529515741161318,22.53626477075929,-0.0
31.185000000000002,-0.17287108463124126,1.6379502330543931,22.232585691575206,-0.0
31.19,-0.08242481886898696,1.623742026188413,21.93419187386262,-0.0
31.195,0.0027465493895418025,1.6132471911477282,21.64134553662715,-0.0
31.2,0.08212164475062385,1.6053873731593857,21.35239169144654,-0.0
31.205000000000002,0.15817598314213266,1.600181939692509,21.068156216901464,-0.0
31.21,0.22866775870614886,1.597711858706169,20.788053785887172,-0.0
31.215,0.29822059893808006,1.5985223960595711,20.512373198913657,-0.0
31.220000000000002,0.36430161320504495,1.601519376486992,20.242044595643833,-0.0
31.225,0.4266291685634945,1.6093964030592618,19.973841209549242,-0.0
31.23,0.48530428032907696,1.6179990630302572,19.71100504845762,-0.0
31.235,0.5423291141645866,1.6293946032187892,19.45193127536106,-0.0
31.240000000000002,0.5969708299593738,1.645321921134762,19.196355127738446,-0.0
31.245,0.6485173136654265,1.6632638072513992,18.944326430283606,-0.0
31.25,0.6979007198372478,1.6859215538374412,18.69625553071565,-0.0
31.255,0.7470969491336421,1.709294684621954,18.453571520649472,-0.0
31.26,0.7949903691749793,1.736652012989936,18.213933656262302,-0.0
31.265,0.8416528692227313,1.7665256521247445,17.977296574440466,-0.0
31.27,0.8869194239713581,1.8011112484460001,17.743782787606396,-0.0
31.275000000000002,0.932955014725273,1.8381625583953674,17.514753468114908,-0.0
31.28,0.9787701279926454,1.8790550791330265,17.289897976218707,-0.0
31.285,1.0234407385473179,1.9231765619985524,17.068916538367006,-0.0
31.29,1.0679311977269694,1.9697441116437249,16.852500696163247,-0.0
31.295,1.1141256276085805,2.0193754440747087,16.6391759565126,-0.0
31.3,1.159755059126312,2.073240843553084,16.42815393393145,-0.0
31.305,1.2066672675210115,2.1298954034689257,16.220240249102105,-0.0
31.310000000000002,1.2522705004383947,2.19005309013298,16.015848038510153,-0.0
31.315,1.2983694442821014,2.2538856980279616,15.81588699357971,-0.0
31.32,1.3470312376876237,2.3213079914261128,15.618606091539808,-0.0
31.325,1.3940776626906837,2.393254538755805,15.426004435821296,-0.0
31.330000000000002,1.4437273849662424,2.469807499670196,15.23634375021601,-0.0
31.335,1.4938324922682245,2.5489762510822085,15.050808085291104,-0.0
31.34,1.5460360913388793,2.6334886912039854,14.869259229719555,-0.0
31.345000000000002,1.6000003576875703,2.721995929087391,14.691363497452368,-0.0
31.35,1.6563313417807815,2.815140436297542,14.516878841177684,-0.0
31.355,1.7141784243946139,2.912088388291935,14.346881160450964,-0.0
31.36,1.7743721708501174,3.0153381527617213,14.180562061315536,-0.0
31.365000000000002,1.8374497247452508,3.1231039130198357,14.017650433713822,-0.0
31.37,1.9011740812914122,3.235799516466644,13.861719012554103,-0.0
31.375,1.9690766807709361,3.3548216871349017,13.706299099311835,-0.0
31.38,2.0382691890253066,3.4795304349169807,13.557271783716477,-0.0
31.385,2.109838215835412,3.609339165598913,13.413273961145634,-0.0
31.39,2.1843306025321376,3.7455497516842606,13.272892502685595,-0.0
31.395,2.2626212451312595,3.887579778666127,13.136067044935867,-0.0
31.400000000000002,2.343779293748866,4.035882389354238,13.004185919526877,-0.0
31.405,2.4264798207278604,4.191608684060604,12.878400462292984,-0.0
31.41,2.5149223070941744,4.354827416943435,12.75692714469265,-0.0
31.415,2.6073143470156417,4.524514976024696,12.64057280262985,-0.0
31.42,2.7024170267080803,4.701555228863084,12.532382699642485,-0.0
31.425,2.8031521358722884,4.886521048368294,12.428693268168743,-0.0
31.43,2.9075779375280284,5.079676316576042,12.330895987399973,-0.0
31.435000000000002,3.015038137626092,5.280842843104695,12.238517383529999,-0.0
31.44,3.127104509802246,5.4920331561498745,12.155719767233906,-0.0
31.445,3.245852797914163,5.7126391238833545,12.07996444515325,-0.0
31.45,3.3682819340715384,5.943194466121294,12.012192909849784,-0.0
31.455000000000002,3.497035513142092,6.182052560833208,11.95177536066718,-0.0
31.46,3.631177263097752,6.431580711786718,11.900491806247722,-0.0
31.465,3.7711139936480906,6.6906837811601525,11.85817029946614,-0.0
31.470000000000002,3.9157850770265474,6.96254448949588,11.825083878563555,-0.0
31.475,4.068274799367501,7.244578753514327,11.803932795437794,-0.0
31.48,4.226205510649603,7.538533391929714,11.792927819358876,-0.0
31.485,4.3916243523941825,7.843740349217446,11.794093940164926,-0.0
31.490000000000002,4.564379213315068,8.161214286131774,11.809921341851101,-0.0
31.495,4.744748076088875,8.489537989912364,11.839157213409056,-0.0
31.5,4.9328278396309955,8.829503760311438,11.882632382193952,-0.0
31.505,5.128372970915826,9.182608356849748,11.940713043804609,-0.0
31.51,5.3301977483776115,9.549150848208694,12.01667609968343,-0.0
31.515,5.53989850899494,9.92630688701632,12.11168587398637,-0.0
31.52,5.758886832660933,10.316302460146371,12.223906651423043,-0.0
31.525000000000002,5.987258282909423,10.719507078223147,12.358631206661517,-0.0
31.53,6.224619523934165,11.133983951091723,12.515069412624479,-0.0
31.535,6.469592351086928,11.560580905988255,12.69326107701148,-0.0
31.54,6.723839876908775,11.997301835308958,12.898185430922712,-0.0
31.545,6.988079750078897,12.444644157540889,13.129217522259122,-0.0
31.55,7.259927003096244,12.901138890456552,13.390002072724293,-0.0
31.555,7.542393773303884,13.366795155845438,13.679772174928024,-0.0
31.560000000000002,7.833111578660227,13.840714910159472,14.001771747626055,-0.0
31.565,8.132944723864247,14.319022378385657,14.357006850696678,-0.0
31.57,8.441258132826492,14.80227077191944,14.746037395340057,-0.0
31.575,8.760173872065499,15.286914581828709,15.175407225263902,-0.0
31.580000000000002,9.087129492707854,15.771589419594966,15.641904731740198,-0.0
31.585,9.41973110754887,16.254091981489985,16.150359542304983,-0.0
31.59,9.761544182258355,16.730939708050634,16.701516647226196,-0.0
31.595000000000002,10.109752866353727,17.19867548225513,17.295149216470453,-0.0
31.6,10.464020525624159,17.654325960209004,17.933438360085898,-0.0
31.605,10.823672698505469,18.092798068294726,18.618274071342565,-0.0
31.61,11.186313974077244,18.508852205533756,19.348745395382036,-0.0
31.615000000000002,11.551066283147408,18.898323325852537,20.127158995772067,-0.0
31.62,11.918684661806711,19.26000390155253,20.950217058053553,-0.0
31.625,12.286160144621068,19.584205099830918,21.819319688872493,-0.0
31.63,12.65044215676221,19.86597095187195,22.73166726508556,-0.0
31.635,13.010962514258765,20.1002567003576,23.684132796636767,-0.0
31.64,13.365064046606411,20.281966575404255,24.676399821384496,-0.0
31.645,13.70986930301277,20.40348813442341,25.70363341311403,-0.0
31.650000000000002,14.044984424155961,20.458834383503152,26.760004475056014,-0.0
31.655,14.365834840828171,20.443963348099214,27.840162013703793,-0.0
31.66,14.670149865857844,20.35294112625015,28.938838605931306,-0.0
31.665,14.955180778226643,20.18338053527842,30.046281387112753,-0.0
31.67,15.216171292585344,19.930076036429455,31.155074333249058,-0.0
31.675,15.451398030538643,19.590118591504922,32.25654915275644,-0.0
31.68,15.65950707948068,19.16369038785257,33.33943173961136,-0.0
31.685000000000002,15.8345588344538,18.6506967758241,34.39488772116617,-0.0
31.69,15.975280978934094,18.05064630626968,35.41168392239331,-0.0
31.695,16.078613187170653,17.367859184525944,36.38163199732982,-0.0
31.7,16.142625035745127,16.60794314380101,37.29192200741832,-0.0
31.705000000000002,16.165441879154546,15.773955919320205,38.13540488471225,-0.0
31.71,16.145372702984094,14.875950358848748,38.90107423502345,-0.0
31.715,16.082367183378985,13.921960004720148,39.584028017597234,-0.0
31.720000000000002,15.974234316140286,12.92028892638534,40.175705744306406,-0.0
31.725,15.821849380856616,11.88499889916182,40.670818203929215,-0.0
31.73,15.624193113863411,10.824840744690595,41.07011763601662,-0.0
31.735,15.384252288981886,9.749969823159168,41.367416052907785,-0.0
31.740000000000002,15.102341897553567,8.673733880153799,41.564796772340586,-0.0
31.745,14.780120060066979,7.607476525692285,41.66428161071551,-0.0
31.75,14.420641492316856,6.559457837915062,41.67085161219286,-0.0
31.755,14.026432936951927,5.5398650269323095,41.58774642258823,-0.0
31.76,13.602509338863827,4.559058503050455,41.42254544477615,-0.0
31.765,13.151316436267168,3.621537133429471,41.18020022938246,-0.0
31.77,12.674517478280473,2.7367099413569553,40.86930393229215,-0.0
31.775000000000002,12.177688879064634,1.9070958181486328,40.498753119093955,-0.0
31.78,11.664700080846307,1.1359841911780868,40.07499786126076,-0.0
31.785,11.138675625595607,0.42732902057700006,39.60661531217839,-0.0
31.79,10.603619799443422,-0.2208971995982355,39.10232626445744,-0.0
31.795,10.06276897371142,-0.8079448004130414,38.56852439518377,-0.0
31.8,9.518158007279453,-1.33579367101526,38.013385013516064,-0.0
31.805,8.975048817785009,-1.8055157527061847,37.443149806337296,-0.0
31.810000000000002,8.436968807971189,-2.219564826975778,36.86174301753718,-0.0
31.815,7.904617092104468,-2.583548417484021,36.276933294873224,-0.0
31.82,7.379446053476292,-2.8983139770967914,35.69181121062364,-0.0
31.825,6.864502173584984,-3.168721996953669,35.108508988792906,-0.0
31.830000000000002,6.363477319835051,-3.3966609423835585,34.531723896086675,-0.0
31.835,5.875273243120343,-3.5878888472183035,33.964707631505526,-0.0
31.84,5.400783513288306,-3.744795143084243,33.40649282359448,-0.0
31.845000000000002,4.943096434280775,-3.8717455829374807,32.86141201014104,-0.0
31.85,4.501933359395639,-3.9725067495560515,32.32785152009775,-0.0
31.855,4.0788685599110925,-4.050893184894394,31.806947544892306,-0.0
31.86,3.67151031155235,-4.10898376344053,31.300588013469138,-0.0
31.865000000000002,3.2814179754743362,-4.1500899536360185,30.807610130147047,-0.0
31.87,2.9105342869365476,-4.175736312065966,30.32871833858364,-0.0
31.875,2.5565302926344717,-4.188382463214878,29.86254337930407,-0.0
31.88,2.21859391355565,-4.192215500308749,29.41016342368744,-0.0
31.885,1.8979385690484085,-4.1872619249337895,28.971246816827154,-0.0
31.89,1.5937176299389686,-4.175528790008867,28.54442180585572,-0.0
31.895,1.3062235985497328,-4.159815292772809,28.13065564083588,-0.0
31.900000000000002,1.0340967829213912,-4.14030648477437,27.726706537938075,-0.0
31.905,0.7754926317382294,-4.117559637552253,27.33729484085896,-0.0
31.91,0.5313488149051155,-4.094537683954441,26.95783061652669,-0.0
31.915,0.3008432938791698,-4.0706386417798175,26.588694563145665,-0.0
31.92,0.08131948405045691,-4.04726227154225,26.227460999286695,-0.0
31.925,-0.12538558813457037,-4.025865297528381,25.877599790382163,-0.0
31.93,-0.3201832123076409,-4.007596758217568,25.535614174960646,-0.0
31.935000000000002,-0.5045862851363658,-3.992246986363937,25.20121311841849,-0.0
31.94,-0.6784883892587545,-3.979562319266331,24.87452799923292,-0.0
31.945,-0.8441575259446398,-3.970193401026011,24.557192401076538,-0.0
31.95,-0.9994167724915654,-3.963884849938422,24.245828765570927,-0.0
31.955000000000002,-1.14736546286536,-3.9626612450206657,23.941725207171306,-0.0
31.96,-1.2894921633228498,-3.96654638273269,23.64651521379151,-0.0
31.965,-1.424078785279195,-3.9759280487585498,23.356792680228203,-0.0
31.970000000000002,-1.5506731959629685,-3.9882415570802716,23.07405772027811,-0.0
31.975,-1.6715653972243865,-4.006752487886692,22.797007008673752,-0.0
31.98,-1.7889475541497577,-4.03135564866335,22.526778979408817,-0.0
31.985,-1.9013231320825723,-4.060454516414517,22.261686561249444,-0.0
31.990000000000002,-2.008974517339858,-4.095239958180681,22.00439353471911,-0.0
31.995,-2.1133516676318083,-4.134342082515082,21.75225646823767,-0.0
32.0,-2.215115002085335,-4.179295815568365,21.505738338022187,-0.0
32.005,-2.313666998498196,-4.230593942800876,21.2643838935629,-0.0
32.01,-2.4095578249227936,-4.286446596295687,21.030049035790178,-0.0
32.015,-2.5033717678074696,-4.3506302975104685,20.80126659712194,-0.0
32.02,-2.595245419188356,-4.419792980219505,20.578931157321428,-0.0
32.025,-2.686379369181321,-4.493891736209859,20.361741118244545,-0.0
32.03,-2.7763794844108993,-4.574236050806461,20.150778764789166,-0.0
32.035000000000004,-2.8678238665574014,-4.660452820694525,19.945977707420383,-0.0
32.04,-2.9585097137599665,-4.754179007676262,19.74618763003057,-0.0
32.045,-3.0478852436022073,-4.851997270207783,19.55212738658063,-0.0
32.05,-3.139487243073753,-4.95587912119839,19.364991763431707,-0.0
32.055,-3.2312770145487417,-5.067507468401921,19.18426022289872,-0.0
32.06,-3.323403587910311,-5.184363345932826,19.009925501995554,-0.0
32.065,-3.417027843207921,-5.309089900221278,18.84304279628132,-0.0
32.07,-3.5115610699065325,-5.438457596596566,18.682946665639697,-0.0
32.075,-3.608116832119943,-5.575053225442721,18.528392587994034,-0.0
32.08,-3.707464700902329,-5.718158999118452,18.38111648509454,-0.0
32.085,-3.807220065450468,-5.8681826593767275,18.24064932770434,-0.0
32.09,-3.9096805464877193,-6.0250080217446635,18.108458796105495,-0.0
32.095,-4.016970991925155,-6.188511493604738,17.98448325197142,-0.0
32.1,-4.124942039695385,-6.358495825809949,17.86801127700573,-0.0
32.105000000000004,-4.2372728618858915,-6.53544403526948,17.762141726721957,-0.0
32.11,-4.351648690677875,-6.721038717194577,17.662962097080104,-0.0
32.115,-4.4695112629992515,-6.911860266121587,17.57204570046601,-0.0
32.12,-4.591795797637082,-7.109912698019263,17.492179657053278,-0.0
32.125,-4.717825159917325,-7.316628610747126,17.420577605437828,-0.0
32.13,-4.848865829467508,-7.530355171098497,17.359566274442905,-0.0
32.135,-4.984022282638087,-7.750426874935144,17.31011180225643,-0.0
32.14,-5.121412255338006,-7.977563206218879,17.272760803703992,-0.0
32.145,-5.264917526369773,-8.21153388253991,17.247418106573786,-0.0
32.15,-5.411771698770801,-8.453692237491072,17.23310049153237,-0.0
32.155,-5.564250093526226,-8.70333089494813,17.232069382333414,-0.0
32.160000000000004,-5.721772682045357,-8.959076915243967,17.24425386820913,-0.0
32.165,-5.8844372076408336,-9.221027636422145,17.27082087195539,-0.0
32.17,-6.050646875973285,-9.49120260088075,17.311654542469846,-0.0
32.175,-6.222906520135859,-9.768244259227254,17.367059089721838,-0.0
32.18,-6.40128091697417,-10.050391148839552,17.439773382192268,-0.0
32.185,-6.583910537758219,-10.338330605215658,17.529023568487546,-0.0
32.19,-6.772093404176446,-10.630659470804053,17.635922532853318,-0.0
32.195,-6.965549799502921,-10.928287737895246,17.760855548262377,-0.0
32.2,-7.1645142237909205,-11.23029688102654,17.90468544745366,-0.0
32.205,-7.367392839578194,-11.536157545537783,18.06910823904533,-0.0
32.21,-7.575177011066688,-11.843545667015372,18.25223552653278,-0.0
32.215,-7.789175229522578,-12.153059524619017,18.458335745151334,-0.0
32.22,-8.007815476285174,-12.464209524394029,18.684898462186176,-0.0
32.225,-8.230716096217296,-12.77471673665725,18.934360512696916,-0.0
32.230000000000004,-8.45850054512451,-13.083541385443164,19.207793312816364,-0.0
32.235,-8.690310827018115,-13.389927082057245,19.50481297544727,-0.0
32.24,-8.924557530864803,-13.692306125467784,19.82566084617602,-0.0
32.245,-9.161442124939061,-13.989526712161984,20.172361678491065,-0.0
32.25,-9.403087918962742,-14.277987685166956,20.54463164481177,-0.0
32.255,-9.646213694062766,-14.558528461606459,20.942215170699647,-0.0
32.26,-9.893010467308134,-14.825660342784245,21.36493268102857,-0.0
32.265,-10.140863149422444,-15.081234940743837,21.814185732172714,-0.0
32.27,-10.388531782842009,-15.319083765485846,22.288227910707583,-0.0
32.275,-10.634219665580304,-15.539142368760094,22.787137059891975,-0.0
32.28,-10.879697448872403,-15.73837977959954,23.30970910497192,-0.0
32.285000000000004,-11.122770286264092,-15.914717899536196,23.855827207127536,-0.0
32.29,-11.362894374794724,-16.065197579296303,24.423012216811927,-0.0
32.295,-11.598141504556544,-16.18897456964704,25.01116586331793,-0.0
32.3,-11.827581028805728,-16.282019743306616,25.616407007212512,-0.0
32.305,-12.050529883673477,-16.341882206574777,26.237459163754444,-0.0
32.31,-12.263939490618926,-16.36633507878261,26.871976261647223,-0.0
32.315,-12.468467489140883,-16.35388753966109,27.517808351070435,-0.0
32.32,-12.662755803164767,-16.302165535446225,28.16859194805663,-0.0
32.325,-12.845001674122445,-16.209622694357765,28.824787758295948,-0.0
32.33,-13.014343832268437,-16.076873547755316,29.480863730407002,-0.0
32.335,-13.167075656063485,-15.901318773459117,30.134707642722574,-0.0
32.34,-13.30436379932981,-15.681917560421615,30.779211940347988,-0.0
32.345,-13.421962764018332,-15.418779355102084,31.410748966748304,-0.0
32.35,-13.522309598924128,-15.113461095089233,32.025898670545445,-0.0
32.355000000000004,-13.601204408522246,-14.766740059769283,32.62036297388207,-0.0
32.36,-13.659694914461083,-14.379465234166046,33.18843521757693,-0.0
32.365,-13.697193388488147,-13.952413745233077,33.727853699427186,-0.0
32.37,-13.709063598956345,-13.490286897806023,34.23407513831584,-0.0
32.375,-13.69902159897498,-12.995236496290874,34.702761783770114,-0.0
32.38,-13.663799223596182,-12.47120808938681,35.12944320681824,-0.0
32.385,-13.605433193984707,-11.921280997845532,35.51344231228798,-0.0
32.39,-13.5227213517132,-11.350790089964137,35.84987593710389,-0.0
32.395,-13.414274533903043,-10.763185949206676,36.13869950624087,-0.0
32.4,-13.281611637204625,-10.163711220742059,36.37887849920155,-0.0
32.405,-13.1265406164744,-9.5562912011541,36.56983815617695,-0.0
32.410000000000004,-12.949194409444612,-8.94579412265822,36.70905854048665,-0.0
32.415,-12.746982185413167,-8.337416605067675,36.79874408241076,-0.0
32.42,-12.526117936926672,-7.734934002879822,36.84001357720995,-0.0
32.425,-12.287773238352019,-7.142726443697348,36.8332350982894,-0.0
32.43,-12.03174638045568,-6.564635970763259,36.7812830909055,-0.0
32.435,-11.757484072387486,-6.003919473451004,36.68483161576406,-0.0
32.44,-11.469907378363308,-5.461573744958872,36.547716039853626,-0.0
32.445,-11.168539408251522,-4.943057611989326,36.37508936214097,-0.0
32.45,-10.85699609207451,-4.451133757506958,36.166591886632084,-0.0
32.455,-10.536673291765961,-3.986167287161893,35.92650690465305,-0.0
32.46,-10.210132643568338,-3.5492998835619445,35.658427804682674,-0.0
32.465,-9.877052657314666,-3.140695352887565,35.364522960338164,-0.0
32.47,-9.539728371913519,-2.761035138483374,35.047122067897234,-0.0
32.475,-9.200190400061267,-2.410905187874772,34.7099700231749,-0.0
32.480000000000004,-8.862165787812442,-2.08933269407909,34.358064455029414,-0.0
32.485,-8.523535796893354,-1.7977339982956242,33.99255116937524,-0.0
32.49,-8.18735160384995,-1.533557565361926,33.616449060872526,-0.0
32.495,-7.855195460376261,-1.2949636240816327,33.23197056756294,-0.0
32.5,-7.5258758933523495,-1.0839349892569043,32.840411146018745,-0.0
32.505,-7.204174588582452,-0.8963474643180943,32.44427108141544,-0.0
32.51,-6.889797418382735,-0.7319134457123517,32.043804537126626,-0.0
32.515,-6.581180120936029,-0.588793839032427,31.641260192720743,-0.0
32.52,-6.281715744765284,-0.46626773706093005,31.23859441189412,-0.0
32.525,-5.991573456328852,-0.36137771574351,30.83660236498138,-0.0
32.53,-5.709250855159869,-0.2754623186847663,30.437015005547522,-0.0
32.535000000000004,-5.437310892425135,-0.2058914193737756,30.03826842675632,-0.0
32.54,-5.174830200745093,-0.14951653298571685,29.642387072966915,-0.0
32.545,-4.92344723171537,-0.10629689098160905,29.251964422192227,-0.0
32.55,-4.68397252041474,-0.07493343518085033,28.86375468209126,-0.0
32.555,-4.453900779959407,-0.05422027154571833,28.481015773277036,-0.0
32.56,-4.233393630561466,-0.042717877880831465,28.102783578718952,-0.0
32.565,-4.023047542913694,-0.04029535409113912,27.729783801347647,-0.0
32.57,-3.825246433662828,-0.04514232511031684,27.360777265284717,-0.0
32.575,-3.6375587962563225,-0.05774784372969538,26.997321155453673,-0.0
32.58,-3.4586744771566087,-0.07575830035402445,26.63731717607468,-0.0
32.585,-3.289327548502576,-0.0987516453312423,26.284160458661606,-0.0
32.59,-3.1297411655220313,-0.12647321928093422,25.934885227951266,-0.0
32.595,-2.979189547988189,-0.15849031594033433,25.591883906094683,-0.0
32.6,-2.8380629440772975,-0.19263623262572355,25.251899054712652,-0.0
32.605000000000004,-2.7053731796223897,-0.23081703481162996,24.918222288934835,-0.0
32.61,-2.5803390117657914,-0.2707866156513268,24.58868985910626,-0.0
32.615,-2.4653381202326083,-0.31371869208546654,24.26497436220644,-0.0
32.62,-2.3575916660619036,-0.3578753823432265,23.945542842601107,-0.0
32.625,-2.257513177980922,-0.4030653379906323,23.63117029153982,-0.0
32.63,-2.165231224273265,-0.45130079640887893,23.320156314093104,-0.0
32.635,-2.0794831949080517,-0.5003900185718323,23.014216335952018,-0.0
32.64,-2.000434936123664,-0.5506257821862284,22.71277473967361,-0.0
32.645,-1.9291470243043924,-0.6005468234215638,22.417034339531053,-0.0
32.65,-1.8633001007020333,-0.6517408598014891,22.12394667770856,-0.0
32.655,-1.8015685202094776,-0.703642191902326,21.834249785295864,-0.0
32.660000000000004,-1.7470130542318487,-0.7558372305555596,21.547949038232012,-0.0
32.665,-1.6983880458357277,-0.8081501340837067,21.266992576082103,-0.0
32.67,-1.6542381378352868,-0.8620314337162891,20.991061393286493,-0.0
32.675,-1.6142294598816158,-0.9147911043775637,20.718419582840415,-0.0
32.68,-1.579351572675986,-0.9696552481735312,20.44978035980601,-0.0
32.685,-1.5497256609745278,-1.023298253683855,20.184841933522463,-0.0
32.69,-1.5225778710958497,-1.0801824167581375,19.923558156803505,-0.0
32.695,-1.5006101641337437,-1.136133257287018,19.667574236416613,-0.0
32.7,-1.4836524415380916,-1.1931522336055462,19.4149041528313,-0.0
32.705,-1.4690829128565401,-1.2507520421426563,19.165088950291782,-0.0
32.71,-1.458652983955182,-1.3087674903677828,18.918937393727344,-0.0
32.715,-1.4509762057306075,-1.3675003553128642,18.67731323860098,-0.0
32.72,-1.4480159369676073,-1.427513198910814,18.438672031732086,-0.0
32.725,-1.4460059716828764,-1.488529067393454,18.20239431126654,-0.0
32.730000000000004,-1.448581286484313,-1.5519081682821798,17.97084963760901,-0.0
32.735,-1.4527431065445373,-1.6172777793998134,17.74265972894545,-0.0
32.74,-1.4607340365725905,-1.6849279286734233,17.516992004787127,-0.0
32.745,-1.4714075193296665,-1.7545634546904605,17.29571311485711,-0.0
32.75,-1.486111392724423,-1.8251714116415685,17.077903818970995,-0.0
32.755,-1.5029798406358468,-1.8970690650346238,16.86366207527718,-0.0
32.76,-1.522364396684355,-1.97030834043157,16.653343752523053,-0.0
32.765,-1.544272941294019,-2.0456595381784006,16.44590523103679,-0.0
32.77,-1.5694609923087468,-2.124656008425088,16.242536989545016,-0.0
32.775,-1.597221945256398,-2.206139393675754,16.042164420849293,-0.0
32.78,-1.6280149239164456,-2.2907152396458565,15.844907601491157,-0.0
32.785000000000004,-1.66116593514791,-2.37835240282445,15.651875782117827,-0.0
32.79,-1.6955374405280925,-2.468351550529929,15.46328145386294,-0.0
32.795,-1.733263181867052,-2.562579482652363,15.27817293568976,-0.0
32.8,-1.7742737623634417,-2.6608552691388088,15.09620041906448,-0.0
32.805,-1.8181488758812856,-2.7625160786740213,14.918421818271842,-0.0
32.81,-1.8653309359205439,-2.867658409994897,14.744458720147051,-0.0
32.815,-1.914525939705818,-2.976920207327413,14.574437450655667,-0.0
32.82,-1.9687059399513078,-3.0907667201023186,14.408012510593723,-0.0
32.825,-2.0240571837997354,-3.2089531081036524,14.246719397871844,-0.0
32.83,-2.08360969359959,-3.3332914101259408,14.088989102931215,-0.0
32.835,-2.1467584248195384,-3.461877584726794,13.936428716988365,-0.0
32.84,-2.2122981992553945,-3.595258070403158,13.787378255462787,-0.0
32.845,-2.282090030318153,-3.73381472304068,13.64312461179367,-0.0
32.85,-2.3545753444583872,-3.879160050644549,13.503022604105508,-0.0
32.855000000000004,-2.429783349289695,-4.031198744201836,13.369546614254437,-0.0
32.86,-2.5086653762673548,-4.187846732135327,13.241215638524528,-0.0
32.865,-2.591929023694111,-4.35255814824194,13.116730978149779,-0.0
32.87,-2.679456169418937,-4.522128511886034,12.999112297137753,-0.0
32.875,-2.7719386721715225,-4.69970121097634,12.886668378091157,-0.0
32.88,-2.8692671850862697,-4.886016915384619,12.778823145435323,-0.0
32.885,-2.971087942033349,-5.080076640861838,12.677990263322528,-0.0
32.89,-3.076078487090678,-5.283442269714812,12.584177184243611,-0.0
32.895,-3.1880496355565513,-5.494686684995386,12.49795374039318,-0.0
32.9,-3.3032252697467666,-5.713534947354583,12.418910631141344,-0.0
32.905,-3.424427722088933,-5.942267231747534,12.347538256066686,-0.0
32.910000000000004,-3.550309683244202,-6.180564983015471,12.284753543074729,-0.0
32.915,-3.6823138177418966,-6.428961208640552,12.231487625644753,-0.0
32.92,-3.819074929588324,-6.688270323558365,12.186095768117791,-0.0
32.925,-3.9628828176728383,-6.956249361401786,12.148821262672334,-0.0
32.93,-4.112345995056898,-7.233456493915661,12.125007793738344,-0.0
32.935,-4.268058787686338,-7.523286484203629,12.112617748994056,-0.0
32.94,-4.430185907149422,-7.825534497313234,12.111547634319972,-0.0
32.945,-4.600023941764893,-8.139787272318234,12.122566519445677,-0.0
32.95,-4.7777529351288415,-8.462814328505482,12.146960509462703,-0.0
32.955,-4.961756765188403,-8.79841969631554,12.187187491393676,-0.0
32.96,-5.153652774478294,-9.148074833695427,12.241554186601201,-0.0
32.965,-5.353990499068916,-9.507469964001316,12.314660593621282,-0.0
32.97,-5.562229867973399,-9.880226060571614,12.405100361056274,-0.0
32.975,-5.7777432641432585,-10.263582694741316,12.515415547667482,-0.0
32.980000000000004,-6.002071591464201,-10.658749310276788,12.645964107015024,-0.0
32.985,-6.235225295190988,-11.066567744773351,12.796651440897195,-0.0
32.99,-6.478473409322683,-11.48455608206645,12.972209085149464,-0.0
32.995,-6.7289516638625875,-11.914457342427653,13.170927481141614,-0.0
33.0,-6.9883072776119874,-12.353242152571923,13.396719951518918,-0.0
33.005,-7.257414800081522,-12.799770155172009,13.649521729997703,-0.0
33.01,-7.534355508400106,-13.25677737231728,13.931882592553013,-0.0
33.015,-7.820111890770385,-13.720452997728449,14.244439570640631,-0.0
33.02,-8.115740065318398,-14.188391356081135,14.590564119425691,-0.0
33.025,-8.419167757895154,-14.661417814660068,14.973135124185598,-0.0
33.03,-8.731596609119602,-15.135960909547288,15.390583623898804,-0.0
33.035000000000004,-9.053049108512589,-15.610602697792935,15.846183869035798,-0.0
33.04,-9.381659298206008,-16.082130101259562,16.342147049080918,-0.0
33.045,-9.716717287904956,-16.547911016574638,16.877946772966826,-0.0
33.05,-10.057304713560313,-17.005787304325377,17.45670668288274,-0.0
33.055,-10.404888085140911,-17.451262096237958,18.079674267257214,-0.0
33.06,-10.757867780461687,-17.881306240184855,18.746906029881593,-0.0
33.065,-11.114089332291773,-18.289261641022602,19.457539420411933,-0.0
33.07,-11.472659181233793,-18.67168733179763,20.21531620999306,-0.0
33.075,-11.83219974353898,-19.02537661503139,21.015954450676194,-0.0
33.08,-12.19228741579641,-19.343398139914257,21.861267377034196,-0.0
33.085,-12.549336747157422,-19.6205778399113,22.749395227898454,-0.0
33.09,-12.902419829309105,-19.8523156970602,23.675835453710366,-0.0
33.095,-13.250964382930782,-20.032258949539195,24.64109791563657,-0.0
33.1,-13.589962375953256,-20.154989186372937,25.639199862734586,-0.0
33.105000000000004,-13.917346474519839,-20.214549808314153,26.66684854190063,-0.0
33.11,-14.23144558744008,-20.205190706122014,27.718202550019388,-0.0
33.115,-14.529355103359078,-20.125079857310325,28.786004236316117,-0.0
33.12,-14.808939749777,-19.96803558078714,29.86539571292707,-0.0
33.125,-15.067843975043775,-19.73042653508807,30.946622520919792,-0.0
33.13,-15.300988704849638,-19.40874809888464,32.020334357897525,-0.0
33.135,-15.506408114235157,-19.003761234874837,33.07761387638884,-0.0
33.14,-15.680386771506244,-18.514747576621495,34.110155517343706,-0.0
33.145,-15.822518767761355,-17.942165964529366,35.10664631560777,-0.0
33.15,-15.928004709609821,-17.28884253972806,36.05828379504248,-0.0
33.155,-15.996392152637844,-16.56048291689339,36.954532377380445,-0.0
33.160000000000004,-16.025074616088833,-15.761775887987982,37.78623980958906,-0.0
33.165,-16.01054441497915,-14.89799278041229,38.5455548189315,-0.0
33.17,-15.954663540560148,-13.979678933173174,39.22436251804873,-0.0
33.175,-15.856313753385658,-13.015407851823808,39.817004398818376,-0.0
33.18,-15.713835721147424,-12.013666440618717,40.31887722502418,-0.0
33.185,-15.529134257719194,-10.984816475149199,40.724771443126095,-0.0
33.19,-15.303261961058194,-9.941881642346727,41.03388035728218,-0.0
33.195,-15.035481947134993,-8.893768154579087,41.248157369428434,-0.0
33.2,-14.72815682994996,-7.853572732881025,41.3667797527893,-0.0
33.205,-14.383399966425351,-6.830352916056452,41.393046305057595,-0.0
33.21,-14.005828975257518,-5.833810897127474,41.33141261717939,-0.0
33.215,-13.597290692969384,-4.870288191180245,41.187780238249516,-0.0
33.22,-13.15969834143097,-3.949967983898425,40.970970271297624,-0.0
33.225,-12.699754776671645,-3.078217118146096,40.68445753053691,-0.0
33.230000000000004,-12.218685558233677,-2.2572799396247163,40.33694760889473,-0.0
33.235,-11.72044328846694,-1.4912248030267268,39.93762095152478,-0.0
33.24,-11.209068638750663,-0.7830882942558584,39.491750698950646,-0.0
33.245,-10.688879831484874,-0.1349767364959994,39.00858291864778,-0.0
33.25,-10.16113560623007,0.4534584136462977,38.49574423659649,-0.0
33.255,-9.628615513795534,0.983564237247708,37.95819255624886,-0.0
33.26,-9.097236813694831,1.4575585455118276,37.404284502285996,-0.0
33.265,-8.570450785924294,1.8766921158919327,36.83988812424745,-0.0
33.27,-8.048044588862217,2.2462332379678234,36.268911543772404,-0.0
33.275,-7.533083229186605,2.5664089413183673,35.696102527124424,-0.0
33.28,-7.027786135447282,2.844482049094141,35.123851901777066,-0.0
33.285000000000004,-6.534157880775428,3.0807751920565436,34.55459354405618,-0.0
33.29,-6.053025299612958,3.2797286976792828,33.99299555785866,-0.0
33.295,-5.5878341673731615,3.445463037668011,33.439865048020465,-0.0
33.3,-5.135562678753439,3.5796189170164814,32.89795738145779,-0.0
33.305,-4.700566585919064,3.685595462761449,32.36642416832343,-0.0
33.31,-4.2810134158221755,3.7691558522822626,31.84906198641618,-0.0
33.315,-3.8788962857042533,3.831764751293613,31.343877076451292,-0.0
33.32,-3.493589693777442,3.8768541142403294,30.850471131835185,-0.0
33.325,-3.1251486075452948,3.907463609489504,30.370474146322984,-0.0
33.33,-2.7735960906421457,3.924361561690317,29.905298690975076,-0.0
33.335,-2.437343610849847,3.931154472991126,29.45293468670663,-0.0
33.34,-2.119778633130507,3.928993193266599,29.012003995747293,-0.0
33.345,-1.8180668199315924,3.9197119132062306,28.583699458877327,-0.0
33.35,-1.5312076712588167,3.905516290120117,28.167244133089653,-0.0
33.355000000000004,-1.2604311864300837,3.8875894301699256,27.760471367247746,-0.0
33.36,-1.0045185462885535,3.867225132823857,27.365339821075054,-0.0
33.365,-0.7610835284118477,3.8433469390676844,26.980574029725258,-0.0
33.37,-0.5313411566247315,3.820675577831779,26.606158936115186,-0.0
33.375,-0.3141568550435382,3.7992977917090314,26.241013323855473,-0.0
33.38,-0.10802756322676033,3.77800295861291,25.883948521120374,-0.0
33.385,0.08547022590406414,3.7581619830613993,25.536386285119086,-0.0
33.39,0.27007304270004867,3.7395064044993465,25.1977303972838,-0.0
33.395,0.4426959954464116,3.724417366553437,24.866270597643037,-0.0
33.4,0.6069136336176111,3.7126279844017467,24.542479932216082,-0.0
33.405,0.7619359125776924,3.704351731611755,24.226978449226912,-0.0
33.410000000000004,0.9082311852963283,3.7009738024073773,23.91775772529463,-0.0
33.415,1.049223229687166,3.700877811554697,23.614642705524975,-0.0
33.42,1.1824280509124834,3.7067708145439893,23.31848430986171,-0.0
33.425,1.30729012483011,3.7163844269131716,23.028736796124043,-0.0
33.43,1.4272755183196628,3.729438393203803,22.745861439814988,-0.0
33.435,1.5434147456692164,3.747508243413242,22.46900230708995,-0.0
33.44,1.653871863643183,3.7707968953292843,22.198859104309882,-0.0
33.445,1.7595142094821845,3.8006000899064487,21.934461119262664,-0.0
33.45,1.8614110830528157,3.8348866445156666,21.675066542034394,-0.0
33.455,1.9616395164545384,3.8751935322711932,21.420149557765065,-0.0
33.46,2.056799219749572,3.920275910953185,21.172643331425867,-0.0
33.465,2.149277183455627,3.970488038390582,20.930109854419015,-0.0
33.47,2.2405084229160432,4.027349076239189,20.69368028300805,-0.0
33.475,2.3299328694026094,4.0892557480766945,20.46223687071526,-0.0
33.480000000000004,2.4167749507576266,4.156364565316293,20.237553398561236,-0.0
33.485,2.504331102695802,4.229900764317151,20.018417055394114,-0.0
33.49,2.5918912288198603,4.308350243668885,19.8037756268643,-0.0
33.495,2.676686646908562,4.392487731795095,19.597017633556074,-0.0
33.5,2.7626296391535896,4.483379174455525,19.395540506091226,-0.0
33.505,2.8483680413810237,4.580820206031863,19.200195666276187,-0.0
33.51,2.935551921232317,4.68349788966078,19.010503259721105,-0.0
33.515,3.0223731687346165,4.793699826308706,18.82693221134203,-0.0
33.52,3.1110767963315835,4.9074914903714895,18.648422200585326,-0.0
33.525,3.2003318910802205,5.02937931660746,18.47574983306736,-0.0
33.53,3.2922337893355373,5.1569194668229,18.310423584800784,-0.0
33.535000000000004,3.385249070637324,5.289919974833991,18.150779409016284,-0.0
33.54,3.4817343462978685,5.4303865604657435,17.998455723382147,-0.0
33.545,3.5788453781782428,5.576594301539112,17.85330534592583,-0.0
33.55,3.6783197133507013,5.728977917499877,17.715072562453866,-0.0
33.555,3.7806608367597283,5.888467744679865,17.583973300557915,-0.0
33.56,3.8869804389225124,6.055942427337489,17.46183753147642,-0.0
33.565,3.9953862714242,6.230365134648049,17.345643172828396,-0.0
33.57,4.107751537950454,6.412716299335832,17.238508974577915,-0.0
33.575,4.224412660444091,6.602511941543861,17.139983783168457,-0.0
33.58,4.343829986428448,6.797937160679353,17.052030413530215,-0.0
33.585,4.467472304357182,7.001933850109034,16.97243537509483,-0.0
33.59,4.594253575611904,7.213378986269452,16.903334936370566,-0.0
33.595,4.726004277009768,7.431868972624563,16.843594147965796,-0.0
33.6,4.861777610954036,7.658515667734663,16.795207104212807,-0.0
33.605000000000004,5.001693558826991,7.892624502325879,16.75825677202201,-0.0
33.61,5.145151739295018,8.1340564944934,16.731718732730084,-0.0
33.615,5.2950722572583135,8.38420906036409,16.718699877989607,-0.0
33.62,5.449248738743755,8.641322229935426,16.717924802793444,-0.0
33.625,5.608874905774919,8.905745229949938,16.72974870761592,-0.0
33.63,5.773918902567747,9.177663767244093,16.756684980553143,-0.0
33.635,5.944977386891073,9.455385566691996,16.79925390974445,-0.0
33.64,6.11980491830174,9.741445398260252,16.856877356967058,-0.0
33.645,6.301193305110158,10.033564070229351,16.929627970128216,-0.0
33.65,6.487819921973711,10.331892640170002,17.02072139017858,-0.0
33.655,6.678963140651094,10.63612471724956,17.129331235038894,-0.0
33.660000000000004,6.87569547672798,10.946249366686343,17.256405711367155,-0.0
33.665,7.080381860547924,11.260364203914085,17.403471663776802,-0.0
33.67,7.288040597565716,11.578784134604938,17.570517757858923,-0.0
33.675,7.501434478432309,11.90109983525851,17.757937523362465,-0.0
33.68,7.721204157251899,12.225803736530677,17.96627500862688,-0.0
33.685,7.946578644896121,12.552379084621492,18.199057783587378,-0.0
33.69,8.176786435117705,12.87929314621089,18.45564513696553,-0.0
33.695,8.413465999164535,13.204401186462224,18.73533777435023,-0.0
33.7,8.651221378962546,13.528023057052557,19.04189112898997,-0.0
33.705,8.894959605302851,13.848272724158447,19.373073991052987,-0.0
33.71,9.141341901309477,14.162029411268586,19.73134427735692,-0.0
33.715,9.39224836411568,14.468024444847359,20.116224132255876,-0.0
33.72,9.645614064652854,14.765658015850255,20.527406188004402,-0.0
33.725,9.90131457580611,15.052549470664347,20.966473655079803,-0.0
33.730000000000004,10.158193860501829,15.325831502797035,21.432159370261612,-0.0
33.735,10.416437330078256,15.58299019283114,21.92514185046988,-0.0
33.74,10.675046044763013,15.821210020031256,22.44430627313313,-0.0
33.745,10.93177803175335,16.037924334045577,22.98978493493309,-0.0
33.75,11.185813933841937,16.231791064110556,23.56035734671806,-0.0
33.755,11.438796356044426,16.398890379947446,24.153070113244013,-0.0
33.76,11.687051559879434,16.537426059986814,24.770014862222286,-0.0
33.765,11.930361388733258,16.64378828787619,25.406607527176643,-0.0
33.77,12.166580655331598,16.715608081334544,26.06055017645736,-0.0
33.775,12.394521939680441,16.750352910581643,26.730383110029948,-0.0
33.78,12.611968939577478,16.744740231075923,27.411764201227868,-0.0
33.785000000000004,12.817099222083595,16.697258111563155,28.102063085813136,-0.0
33.79,13.011343515088484,16.607123416209955,28.797935719538827,-0.0
33.795,13.19146759682518,16.471950169798596,29.495436140484607,-0.0
33.8,13.356520633159471,16.291626595811806,30.186995370216913,-0.0
33.805,13.504269065805882,16.06315709684172,30.872111718773372,-0.0
33.81,13.632546411024384,15.789652707946004,31.544109268259444,-0.0
33.815,13.740908011623276,15.470136259097183,32.20027136139474,-0.0
33.82,13.826037346161934,15.104021909755964,32.834232719986694,-0.0
33.825,13.890577663417679,14.69431390592423,33.441546075268114,-0.0
33.83,13.93234801433383,14.243275481010416,34.01666905382762,-0.0
33.835,13.946689239599795,13.751661445053752,34.55439392490449,-0.0
33.84,13.937305986051518,13.224493347953455,35.05241362446849,-0.0
33.845,13.903810272217695,12.66724917432302,35.50666560638595,-0.0
33.85,13.841577640697917,12.081284245245083,35.91435087061399,-0.0
33.855000000000004,13.751429527561875,11.474263241521935,36.27208063216457,-0.0
33.86,13.638816081521098,10.848044178879684,36.57604908987646,-0.0
33.865,13.498533629893895,10.208340101437546,36.827712476317956,-0.0
33.87,13.332564036788481,9.561442100296706,37.02512827493911,-0.0
33.875,13.143175631010067,8.910596414997189,37.16894594593764,-0.0
33.88,12.930472246456588,8.263310003997729,37.25961437551504,-0.0
33.885,12.6970529967773,7.62298379148153,37.29626945622405,-0.0
33.89,12.442759978167695,6.994249590168704,37.282934686355276,-0.0
33.895,12.16965095068659,6.381252299679387,37.21994030770909,-0.0
33.9,11.879452226550303,5.787510178026574,37.11228267732668,-0.0
33.905,11.57569730690347,5.217205556490365,36.96062039351658,-0.0
33.910000000000004,11.258876429753554,4.672455675541099,36.770222265920026,-0.0
33.915,10.930490459789025,4.156356476991241,36.5427955946031,-0.0
33.92,10.5909207026994,3.66872779963464,36.282603294450084,-0.0
33.925,10.246070252303218,3.2129834524397762,35.99387634848346,-0.0
33.93,9.89353572482898,2.7873757387605376,35.678941974259,-0.0
33.935,9.538673554919281,2.3945835484374305,35.34123647781909,-0.0
33.94,9.181989459154703,2.0331297419351126,34.983501304362726,-0.0
33.945,8.823339084914318,1.702954203340249,34.60962153640516,-0.0
33.95,8.46794692044236,1.4025257370198814,34.22316869843013,-0.0
33.955,8.115526724128605,1.1335751000258678,33.82500704490196,-0.0
33.96,7.765312182019827,0.8908042714074181,33.41967516476226,-0.0
33.965,7.4219644373945926,0.6761786978646811,33.009823854768634,-0.0
33.97,7.085126328714936,0.48649088454555056,32.595190340190925,-0.0
33.975,6.75446724383122,0.32003620003750155,32.17770526084682,-0.0
33.980000000000004,6.433159384918755,0.17704668162935494,31.759026660699423,-0.0
33.985,6.119184558237208,0.05525044685486313,31.34136959376925,-0.0
33.99,5.816593511676861,-0.04759032037884503,30.92502459430715,-0.0
33.995,5.523035606414706,-0.13278738758004022,30.51078571150309,-0.0
34.0,5.2411714594950185,-0.20221570723547244,30.10102190199211,-0.0
34.005,4.970070058034495,-0.2568126102816873,29.693071896608465,-0.0
34.01,4.70825944097852,-0.2981045007904444,29.289308890242946,-0.0
34.015,4.4600302646188945,-0.3277563227033198,28.891460339736003,-0.0
34.02,4.21989323249775,-0.34664119777787816,28.498530477233146,-0.0
34.025,3.9926417758250308,-0.35626166080821675,28.110683282686097,-0.0
34.03,3.774273796561389,-0.357109123347245,27.727761017655368,-0.0
34.035000000000004,3.568234778249847,-0.34942263687107467,27.35057982619198,-0.0
34.04,3.3723633123899406,-0.335021531709152,26.978824010344344,-0.0
34.045,3.187131703385271,-0.3166066123223068,26.613489457781093,-0.0
34.05,3.011351191825943,-0.29300781214377136,26.25375007313176,-0.0
34.055,2.845610025389229,-0.2654288328609401,25.90060280054418,-0.0
34.06,2.690742023335451,-0.23475195396026458,25.55203397928124,-0.0
34.065,2.5441311646004343,-0.20158718287382282,25.20823228956261,-0.0
34.07,2.407262988430444,-0.1645959789580584,24.869282598625418,-0.0
34.075,2.2775255238225594,-0.12589054606441397,24.537454055118012,0.0
34.08,2.1572524644281623,-0.08617448145376605,24.209467089980276,0.0
34.085,2.045864728890509,-0.045219084292653186,23.885950304913834,0.0
34.09,1.9426711547367,-0.002351093205791313,23.56667806970514,0.0
34.095,1.8457802171729487,0.04044625289113649,23.25226835699861,0.0
34.1,1.7560150440853817,0.0846874567593939,22.942968557854837,0.0
34.105000000000004,1.6728247178162916,0.12926236759080412,22.637803325858584,0.0
34.11,1.5955430405906699,0.17432876045627732,22.336786285272915,0.0
34.115,1.5250419965135835,0.21896593169179385,22.03945078253379,0.0
34.12,1.4591031249907171,0.2650172731536735,21.746105499293733,0.0
34.125,1.3989040329453326,0.3091365829547529,21.4589722150581,0.0
34.13,1.3444573971831948,0.3529003676401877,21.175357692646806,0.0
34.135,1.2953942505477258,0.3962208527055412,20.894370995452004,0.0
34.14,1.2506788408498513,0.4397236330721099,20.618269929840498,0.0
34.145,1.209798609394856,0.4836237722908297,20.345430213778066,0.0
34.15,1.1715083908796144,0.5284396701362216,20.076921879032643,0.0
34.155,1.1393126991206548,0.571480222813141,19.812198791575334,0.0
34.160000000000004,1.1102122416152826,0.6155382765550882,19.550160923914596,0.0
34.165,1.0854965923624027,0.6591407907214608,19.293376793323155,0.0
34.17,1.0635106391092226,0.702992295030914,19.039006087161177,0.0
34.175000000000004,1.0454733243563488,0.7475784914998165,18.789234101370738,0.0
34.18,1.031390998958535,0.7915977099825221,18.542443259407722,0.0
34.185,1.020766010699274,0.8373454470471645,18.29992999888311,0.0
34.19,1.011649147495966,0.8826075830949016,18.05902411949113,0.0
34.195,1.0042547720293837,0.9284819014795206,17.82181226918502,0.0
34.2,1.0008996481297698,0.9758620706804396,17.58885343724672,0.0
34.205,0.9995480051845843,1.022794279920116,17.359494202747275,0.0
34.21,0.9989723840527649,1.0698700026889596,17.13239020570134,0.0
34.215,1.0026404071536221,1.1181270583617022,16.909888699718913,0.0
34.22,1.0075957120262566,1.1693560321237426,16.69026286084976,0.0
34.225,1.017107689244417,1.221205816437265,16.47365145462988,0.0
34.230000000000004,1.0279304347539462,1.27427323795609,16.261130648825265,0.0
34.235,1.0401852362219601,1.3291372388988292,16.05219548099941,0.0
34.24,1.0553225750340647,1.3850676244885864,15.845508801602096,0.0
34.245,1.071379180148788,1.4421665289025558,15.642444536342163,0.0
34.25,1.0904785875798595,1.5024665075067203,15.441817808319044,0.0
34.255,1.1100454373259296,1.563160614140724,15.245945604479633,0.0
34.26,1.1335618488433694,1.6267616511225924,15.051343512398164,0.0
34.265,1.1602000794940108,1.6923386320441662,14.859637570637336,0.0
34.27,1.1865056795626154,1.7602530739007995,14.671248175016753,0.0
34.275,1.2151622215926021,1.8311273315468304,14.485964824786564,0.0
34.28,1.2460220485119589,1.9041135244680563,14.304044713722767,0.0
34.285000000000004,1.2788528715446414,1.980186418532812,14.124364980672503,0.0
34.29,1.3125504577006823,2.0580648851571413,13.947805104819933,0.0
34.295,1.3500210838950064,2.1405697797059697,13.775298456227237,0.0
34.300000000000004,1.3885151287767687,2.2258055600126876,13.605311807165068,0.0
34.305,1.430718097191685,2.3148089649799073,13.440202151617711,0.0
34.31,1.4754978206398188,2.4080135097780264,13.277313742204441,0.0
34.315,1.5230138634104058,2.504048339047287,13.11754786206908,0.0
34.32,1.5736411499746277,2.6042512975253502,12.962549499291868,0.0
34.325,1.6246389276682724,2.709392205477831,12.809889396994425,0.0
34.33,1.678333734733654,2.818281141847623,12.661575288200197,0.0
34.335,1.736021338156686,2.932640620299995,12.516378037874604,0.0
34.34,1.7964643966723561,3.052579238228709,12.375160060895102,0.0
34.345,1.8593020785712173,3.1790134924898474,12.237916752469953,0.0
34.35,1.925016417241805,3.311110028644076,12.103429092369671,0.0
34.355000000000004,1.9958503448871088,3.4471006077449395,11.973878278280502,0.0
34.36,2.0696775842079833,3.5899087906828373,11.848182023644975,0.0
34.365,2.146008227826614,3.739103985988439,11.7275982326645,0.0
34.37,2.2261472560724314,3.8959232096400482,11.612983475993454,0.0
34.375,2.3100225604688482,4.059828788379105,11.500893246090762,0.0
34.38,2.3964666809661805,4.230009899099311,11.393849239050093,0.0
34.385,2.4887999837026,4.4081344387619446,11.293373109914253,0.0
34.39,2.583822360009544,4.594122001715303,11.196833503331588,0.0
34.395,2.684740111248874,4.788892734967083,11.108173939107838,0.0
34.4,2.789715259955109,4.9912396595330835,11.024169134820282,0.0
34.405,2.900071080568039,5.202639002920263,10.946262362181786,0.0
34.410000000000004,3.0141985486059135,5.4248706718217745,10.875377674753121,0.0
34.415,3.135332069813174,5.65541883900859,10.811427046404177,0.0
34.42,3.2603690670667977,5.896043044092236,10.755608321661345,0.0
34.425000000000004,3.3915776359891807,6.148297840807795,10.70859768415835,0.0
34.43,3.529173492185287,6.4106704065394124,10.67058722897879,0.0
34.435,3.6731847947950356,6.684824734809949,10.641847025941312,0.0
34.44,3.823991546049913,6.9705347234655415,10.622711696173392,0.0
34.445,3.981241854211561,7.26882947294038,10.615250234582076,0.0
34.45,4.147022141905004,7.5782174529898345,10.618883376322128,0.0
34.455,4.320205947784741,7.900791369262254,10.634009121373648,0.0
34.46,4.497523947020902,8.236612949411889,10.663459454566999,0.0
34.465,4.6859228404440625,8.586698069784335,10.708359077045785,0.0
34.47,4.881091875295757,8.94943810746953,10.766157216960222,0.0
34.475,5.084747087670652,9.325525438559833,10.841545256421373,0.0
34.480000000000004,5.296897330001172,9.71552848820012,10.933460100645497,0.0
34.485,5.51759258157234,10.119739277412503,11.045304171123933,0.0
34.49,5.747156596043516,10.536267075817312,11.177056131433027,0.0
34.495,5.986292159788814,10.966980502845068,11.330763134614537,0.0
34.5,6.235517830683763,11.411198428192364,11.506271547513299,0.0
34.505,6.493594550405097,11.867897539285925,11.708032815071913,0.0
34.51,6.762522455869103,12.337781359845962,11.93796065628933,0.0
34.515,7.041127626121428,12.817936523001949,12.197215861741768,0.0
34.52,7.329881510558214,13.309426748011946,12.485406946089649,0.0
34.525,7.629100731165422,13.810725660631258,12.806310572968556,0.0
34.53,7.9388460268988075,14.320542243798679,13.162340081055385,0.0
34.535000000000004,8.257196008499578,14.838824269253806,13.55599609129705,0.0
34.54,8.586618408104659,15.360775290870386,13.987002130072158,0.0
34.545,8.925373063520196,15.887049232641813,14.460872361839575,0.0
34.550000000000004,9.274038815526477,16.410927325552223,14.97677207095815,0.0
34.555,9.630991513058184,16.933942930048822,15.538460388746588,0.0
34.56,9.995621249135292,17.44999442727216,16.14806330125092,0.0
34.565,10.368364032594862,17.9553275244787,16.804149392371823,0.0
34.57,10.748076644026844,18.44601179969543,17.511293539026134,0.0
34.575,11.132998382894286,18.917626691803395,18.269059925876963,0.0
34.58,11.5205924254071,19.3645666085123,19.078655172961412,0.0
34.585,11.912423303773014,19.781138021770733,19.939712643208637,0.0
34.59,12.30516579795859,20.163720259333296,20.851960806170204,0.0
34.595,12.696831051125386,20.50374009117142,21.815029597980804,0.0
34.6,13.087176591104075,20.794771574210223,22.825545969515442,0.0
34.605000000000004,13.473438388698785,21.03122319981913,23.881579076309094,0.0
34.61,13.850990053205543,21.202936078302905,24.98118080123338,0.0
34.615,14.219008038424505,21.307281891345685,26.116375529872403,0.0
34.62,14.572650486102237,21.33514552212078,27.28290503109894,0.0
34.625,14.910939131731594,21.280025596234626,28.472850902270086,0.0
34.63,15.228785555277325,21.137398967887506,29.678591882075597,0.0
34.635,15.523742404354133,20.904385477549297,30.892974042193455,0.0
34.64,15.792611870483748,20.575035834896408,32.10304446197596,0.0
34.645,16.032412400294962,20.148458297710775,33.29945251225769,0.0
34.65,16.239209985745795,19.622702626131517,34.47089011606807,0.0
34.655,16.408111803499885,18.999734100073127,35.60429788438389,0.0
34.660000000000004,16.53665094135435,18.280882284546372,36.68830409735797,0.0
34.665,16.625262683139123,17.471146784751664,37.71010678085956,0.0
34.67,16.667879146187243,16.575838396289857,38.66036272153875,0.0
34.675000000000004,16.663409826181645,15.60393779793365,39.52633275462512,0.0
34.68,16.611089094403344,14.56489231329654,40.300086757748105,0.0
34.685,16.508960154877638,13.47008941841712,40.97315412854386,0.0
34.69,16.35705825260917,12.332065291272425,41.5391730730391,0.0
34.695,16.156292465787406,11.16319129974432,41.994549383088696,0.0
34.7,15.905296566604092,9.976685901656525,42.335661019671335,0.0
34.705,15.609681410057139,8.787253726497696,42.56518130317876,0.0
34.71,15.269151357739688,7.607256555843458,42.68294760944571,0.0
34.715,14.886900100459036,6.448924394310819,42.69392780679763,0.0
34.72,14.465388738062325,5.323727556771721,42.603398429616696,0.0
34.725,14.00837393841718,4.241564078733927,42.420631134632515,0.0
34.730000000000004,13.51975089096392,3.2104574619504183,42.15308424600758,0.0
34.735,13.004907009641824,2.2365425086663504,41.808120769020235,0.0
34.74,12.467226685815483,1.328274757202029,41.39568405666961,0.0
34.745,11.910712719247792,0.4860991853638622,40.92641189620445,0.0
34.75,11.338832104673278,-0.28714296182391674,40.40958444572395,0.0
34.755,10.756217048966796,-0.9883307071199787,39.854486741398254,0.0
34.76,10.169018558931612,-1.6210609270556127,39.270205567316275,0.0
34.765,9.5797989711092,-2.1858746614471007,38.66404038332637,0.0
34.77,8.990109486006066,-2.6855600287268553,38.04433602978213,0.0
34.775,8.406229163848337,-3.1231335033962635,37.41605986126169,0.0
34.78,7.830008478116538,-3.5036366508267496,36.78662329149343,0.0
34.785000000000004,7.262851940517475,-3.8299151268350826,36.15743489256072,0.0
34.79,6.70858517097305,-4.106421422297698,35.53769189018525,0.0
34.795,6.168323533677097,-4.338000020616948,34.92656618365789,0.0
34.800000000000004,5.643431937244356,-4.529936946024065,34.326862639786775,0.0
34.805,5.134120535539043,-4.685218566745686,33.74105182399936,0.0
34.81,4.643825558437248,-4.808496321280983,33.17102831841382,0.0
34.815,4.170860212210898,-4.904540370926615,32.617455402281244,0.0
34.82,3.717108393094113,-4.976751341652633,32.079545217605315,0.0
34.825,3.2827021328672257,-5.027812574844287,31.559543949926873,0.0
34.83,2.8673988626459517,-5.0600806065285076,31.05609714467148,0.0
34.835,2.4714184981253755,-5.07950440054573,30.568447705883077,0.0
34.84,2.0940513762200457,-5.086040271920622,30.097517779075737,0.0
34.845,1.7338552047067635,-5.0831065476769,29.642893640150493,0.0
34.85,1.3928226001063977,-5.0720683680826415,29.20240202993055,0.0
34.855000000000004,1.0698586599857471,-5.054190979138672,28.778014796397933,0.0
34.86,0.7635858425853723,-5.0333696446918506,28.368006723610357,0.0
34.865,0.47450197507217606,-5.010011815843722,27.970215689833022,0.0
34.87,0.199453021628203,-4.984765205253923,27.585598980779,0.0
34.875,-0.060289139629128186,-4.9592624902014775,27.212895787225243,0.0
34.88,-0.30623059574585404,-4.933759984282428,26.852351674748267,0.0
34.885,-0.5374968547777356,-4.91105515264125,26.501294162132385,0.0
34.89,-0.7565568222191751,-4.890678867477846,26.160855796404384,0.0
34.895,-0.9628916078579255,-4.873425341877698,25.830765954257362,0.0
34.9,-1.1580315142740507,-4.86029324525594,25.50993545224567,0.0
34.905,-1.3425738600106496,-4.850626242363352,25.198565254756797,0.0
34.910000000000004,-1.5196528763447787,-4.843944529025027,24.89598268101576,0.0
34.915,-1.6864376989942294,-4.843059924263903,24.60077696441123,0.0
34.92,-1.8448349926360694,-4.8467582467943755,24.31325890216799,0.0
34.925000000000004,-1.995156190752483,-4.8562885611093245,24.032939452955468,0.0
34.93,-2.1383763778786067,-4.870395758514841,23.760949852779934,0.0
34.935,-2.2752594877355192,-4.890462830988165,23.496578107986974,0.0
34.94,-2.406258859537647,-4.917401641841448,23.238105219875,0.0
34.945,-2.531340981605501,-4.947703560905518,22.986989151861216,0.0
34.95,-2.653323913233803,-4.987029938349844,22.743173294917728,0.0
34.955,-2.7709230693940676,-5.031447271135085,22.506510283493654,0.0
34.96,-2.884471072557628,-5.08196779120474,22.27575610584143,0.0
34.965,-2.9943826413901142,-5.139409488386559,22.051956619130365,0.0
34.97,-3.1012721646787913,-5.201971287119491,21.833835230280393,0.0
34.975,-3.2067283154027977,-5.271346472196203,21.623542556206917,0.0
34.980000000000004,-3.3099672527219086,-5.347543667199228,21.419121389138176,0.0
34.985,-3.411286132284649,-5.429210871573586,21.22255779863637,0.0
34.99,-3.512713101862694,-5.517931527540976,21.03195423052534,0.0
34.995,-3.612076272697131,-5.61233060176097,20.84864254466051,0.0
35.0,-3.712430222032284,-5.714005657142804,20.671792056117525,0.0
35.005,-3.8113186379371222,-5.821411288417789,20.50111075814366,0.0
35.01,-3.9112329629490437,-5.93539137387587,20.337519515544123,0.0
35.015,-4.012608297956282,-6.05543516564073,20.18270265133584,0.0
35.02,-4.114733669116632,-6.181451177362124,20.035451928801084,0.0
35.025,-4.21850924087967,-6.31478306780064,19.895896893080746,0.0
35.03,-4.32323098254406,-6.455111327755485,19.763421592217558,0.0
35.035000000000004,-4.430151827326205,-6.60080208170198,19.641186894655466,0.0
35.04,-4.537504035427904,-6.7535489615092965,19.525638834595203,0.0
35.045,-4.64960169792899,-6.912524802646043,19.418597410583505,0.0
35.050000000000004,-4.763670393885291,-7.078279607061151,19.321172366513146,0.0
35.055,-4.879325088236029,-7.249633257281038,19.232211602958696,0.0
35.06,-4.9990968848345965,-7.427624148967036,19.153491280651803,0.0
35.065,-5.12183297762723,-7.611156030275272,19.08453409139064,0.0
35.07,-5.246843055904149,-7.801767464350984,19.02576151261429,0.0
35.075,-5.374127413439653,-7.9977217375458185,18.976652806843745,0.0
35.08,-5.506779494486433,-8.20122481219213,18.93823949289387,0.0
35.085,-5.64146301326726,-8.409733416179916,18.911432927325894,0.0
35.09,-5.780186722726047,-8.62320496315208,18.89590639919549,0.0
35.095,-5.921765013759708,-8.843272992693507,18.892992432335987,0.0
35.1,-6.068403116891059,-9.068646972079703,18.903637182983218,0.0
35.105000000000004,-6.218307562904169,-9.299423591288884,18.92707603730246,0.0
35.11,-6.371094096749306,-9.534311880283513,18.9640889104974,0.0
35.115,-6.529939472699616,-9.77445992438264,19.01516926611065,0.0
35.12,-6.6926097133374265,-10.018048157922914,19.08142931505628,0.0
35.125,-6.860368185133783,-10.26650774645149,19.163059795963285,0.0
35.13,-7.030708196296974,-10.518905119169387,19.258139581334007,0.0
35.135,-7.20546902637136,-10.774422389112416,19.371723299390766,0.0
35.14,-7.382662559653023,-11.029742306230169,19.501732964538316,0.0
35.145,-7.565395368295815,-11.288620076691638,19.64804629509674,0.0
35.15,-7.752226519729511,-11.548575052092533,19.81455523979428,0.0
35.155,-7.94096297539266,-11.807484553360009,19.99802389991989,0.0
35.160000000000004,-8.13365169801773,-12.065356166949417,20.19921183586135,0.0
35.165,-8.330135713766266,-12.322316935029066,20.421122765257344,0.0
35.17,-8.52962582174941,-12.575941817567681,20.662234850580816,0.0
35.175000000000004,-8.73013010589682,-12.826334286883101,20.921308815058303,0.0
35.18,-8.936314720305363,-13.070774314696772,21.202468316385605,0.0
35.185,-9.142399217257504,-13.310793295057707,21.503328868425033,0.0
35.19,-9.351692075559189,-13.541266595395737,21.826226567154002,0.0
35.195,-9.559989327941567,-13.761202930470347,22.16857609238983,0.0
35.2,-9.769908610783222,-13.970235891660856,22.529949175817137,0.0
35.205,-9.980444821528652,-14.167523917596489,22.911329683615378,0.0
35.21,-10.190615191208236,-14.350153384768534,23.31244592181656,0.0
35.215,-10.399315661833489,-14.516410977147514,23.73178405651059,0.0
35.22,-10.605706928567383,-14.665386209542298,24.169901678285342,0.0
35.225,-10.80846916321699,-14.795351164583478,24.6248722756403,0.0
35.230000000000004,-11.006891918577324,-14.903387683287399,25.09631825523365,0.0
35.235,-11.201648304991963,-14.987805490272692,25.581944649720544,0.0
35.24,-11.390725939943554,-15.047498754461952,26.07916136728493,0.0
35.245,-11.57386073877302,-15.081991413234643,26.587918162338184,0.0
35.25,-11.74892553290428,-15.088217913918884,27.1071472379522,0.0
35.255,-11.915481142753798,-15.065075378556495,27.632282470820144,0.0
35.26,-12.073628434119325,-15.010732340869877,28.161900937624907,0.0
35.265,-12.220942126737235,-14.925610819220248,28.69285225698484,0.0
35.27,-12.356189365401312,-14.807759588863366,29.222115592100028,0.0
35.275,-12.478587467277489,-14.657849647069828,29.748164706388618,0.0
35.28,-12.587950387600081,-14.475089348401122,30.26701967935553,0.0
35.285000000000004,-12.682590265935826,-14.259799848356517,30.775088150914844,0.0
35.29,-12.76085138829287,-14.01405109700417,31.26928410272899,0.0
35.295,-12.823940307065078,-13.73490769408053,31.746642728721685,0.0
35.300000000000004,-12.869475489809608,-13.425823504056222,32.205623457396655,0.0
35.305,-12.897736176829742,-13.089804619267586,32.64051605379602,0.0
35.31,-12.907266725341605,-12.725489394597329,33.04931408437131,0.0
35.315,-12.89743975392017,-12.335828712902591,33.43035720199656,0.0
35.32,-12.869228759393412,-11.92437418348829,33.779920842078944,0.0
35.325,-12.821885831072828,-11.492328054008775,34.09692301324398,0.0
35.33,-12.75526084140533,-11.044487936506409,34.38008195283175,0.0
35.335,-12.669977172794336,-10.582175365629592,34.626297936632106,0.0
35.34,-12.565100374526937,-10.109063177658198,34.83548526342509,0.0
35.345,-12.44116953303312,-9.629140579380866,35.00639947004339,0.0
35.35,-12.298823463846027,-9.144722959786844,35.13805124240214,0.0
35.355000000000004,-12.141126208482724,-8.65899510237132,35.23121899221405,0.0
35.36,-11.966931079611888,-8.175725086387732,35.2860945004853,0.0
35.365,-11.778109809096666,-7.698382431125597,35.30496735745014,0.0
35.37,-11.573633316267767,-7.230277508989751,35.28717404074869,0.0
35.375,-11.356017150070997,-6.771798680715163,35.23395997735735,0.0
35.38,-11.127028500983428,-6.3257151935440445,35.14831515120626,0.0
35.385,-10.886930584601421,-5.896656831402172,35.03306062600142,0.0
35.39,-10.63771899493087,-5.485054015735114,34.885789307475505,0.0
35.395,-10.38002611134311,-5.090101577426105,34.71177047052136,0.0
35.4,-10.114318382471403,-4.716482772654909,34.51309308533796,0.0
35.405,-9.8453720988179,-4.363428490744299,34.29141567786849,0.0
35.410000000000004,-9.571448119426822,-4.033201898386226,34.04796848484618,0.0
35.415,-9.294835517223712,-3.7239105470962155,33.78561873578412,0.0
35.42,-9.017262352134066,-3.4363322860916994,33.50945458811739,0.0
35.425000000000004,-8.737518824751868,-3.1710744688970665,33.217157785951656,0.0
35.43,-8.45884513691788,-2.9265554397309836,32.91259157891841,0.0
35.435,-8.181629774090498,-2.7035471926372954,32.59831017911229,0.0
35.44,-7.906292884372501,-2.5013085015936825,32.27403898059802,0.0
35.445,-7.637124853948842,-2.3207899693541267,31.943184083313014,0.0
35.45,-7.371277251767824,-2.1584691872004034,31.60578958887575,0.0
35.455,-7.11111271753826,-2.012482798554999,31.264789791182164,0.0
35.46,-6.855421794166064,-1.8867651699345527,30.919978865812787,0.0
35.465,-6.60589903671073,-1.7773765623182731,30.572795803714055,0.0
35.47,-6.363994680112564,-1.6839845458664184,30.223362981730958,0.0
35.475,-6.129415876176768,-1.6055192976083847,29.873899206725927,0.0
35.480000000000004,-5.903079794109257,-1.5390379626456248,29.524490255010885,0.0
35.485,-5.68379014370373,-1.485442600212711,29.176524388957418,0.0
35.49,-5.474479533581888,-1.4443312577623781,28.830408373267513,0.0
35.495,-5.272360734766891,-1.4144897758377462,28.48507385170241,0.0
35.5,-5.079996809319989,-1.393417467137235,28.142486381395866,0.0
35.505,-4.894889920695703,-1.3838123501539683,27.802957682735816,0.0
35.51,-4.718583066830917,-1.381205305076598,27.46608505906578,0.0
35.515,-4.552068351749005,-1.3865767247027914,27.132841902346122,0.0
35.52,-4.39407532808122,-1.399305162049821,26.80287498575272,0.0
35.525,-4.2448104883778495,-1.4197951811212552,26.476170100659406,0.0
35.53,-4.102970026580743,-1.444217578999559,26.153474388697663,0.0
35.535000000000004,-3.9694563855230407,-1.4760922963433392,25.833611582003687,0.0
35.54,-3.8455921359437593,-1.5120330936219097,25.51805371998717,0.0
35.545,-3.72922777776124,-1.5527218058873915,25.207108621753413,0.0
35.550000000000004,-3.620763958801058,-1.5976838708623322,24.89906585806894,0.0
35.555,-3.5195763207840085,-1.6455076338432282,24.596507840758843,0.0
35.56,-3.4268887753004145,-1.697895108225667,24.297399330784852,0.0
35.565,-3.3411020508679083,-1.7535444077593894,24.002506349942443,0.0
35.57,-3.262215744494212,-1.8118730622409527,23.711474870191516,0.0
35.575,-3.1904064756198967,-1.8725640913749941,23.425525468475882,0.0
35.58,-3.1238421298751633,-1.935193258586183,23.14399937886566,0.0
35.585,-3.0645990156555567,-2.0022350744286337,22.86613426615431,0.0
35.59,-3.011633041157531,-2.070657262705196,22.592126109634105,0.0
35.595,-2.9635676056729277,-2.1421136173472997,22.320907662330686,0.0
35.6,-2.9231746831911205,-2.2157160297763387,22.054390543823487,0.0
35.605000000000004,-2.8871612533468443,-2.292643060451964,21.792461621005554,0.0
35.61,-2.8569562941958417,-2.370505047044982,21.53356078584484,0.0
35.615,-2.8313480024438307,-2.452365008574759,21.2799033442438,0.0
35.62,-2.8119730058012906,-2.5342818311269006,21.029701590099613,0.0
35.625,-2.7976865096219155,-2.6196892521372894,20.784671975117277,0.0
35.63,-2.789269533606923,-2.707902475332198,20.542653227861024,0.0
35.635,-2.7857420889173654,-2.798348178341668,20.30607256962102,0.0
35.64,-2.7863494800472357,-2.8916036212796987,20.0743266076005,0.0
35.645,-2.7915071215119984,-2.9884710258591847,19.84607482891175,0.0
35.65,-2.800664762890589,-3.087672873285868,19.621167300542737,0.0
35.655,-2.8161694645672957,-3.1893380972251486,19.403752489448337,0.0
35.660000000000004,-2.836858483065801,-3.2948322585298624,19.19014106453453,0.0
35.665,-2.8595905084322633,-3.4041133035697677,18.980409019073385,0.0
35.67,-2.8870965231071386,-3.5165466882736696,18.777134042929557,0.0
35.675000000000004,-2.917713532427443,-3.632173275635909,18.57782536691648,0.0
35.68,-2.95305933417204,-3.750292573094015,18.383645832764632,0.0
35.685,-2.991627437997259,-3.875034155018386,18.1928013755967,0.0
35.69,-3.036317823631074,-4.001528362697468,18.00833163783368,0.0
35.695,-3.0857273636309372,-4.133130229545717,17.82889822781198,0.0
35.7,-3.1376846562230543,-4.269720184885401,17.654215843925808,0.0
35.705,-3.1946622895016845,-4.409873034846029,17.48525618803158,0.0
35.71,-3.25492836368627,-4.556904893793158,17.322693762714,0.0
35.715,-3.319579898911118,-4.707525695867196,17.165791758525554,0.0
35.72,-3.389298420784146,-4.864945671338219,17.0166984920209,0.0
35.725,-3.4637779492475906,-5.026266589467389,16.873162174677276,0.0
35.730000000000004,-3.542872272162982,-5.193895390628514,16.735015255134996,0.0
35.735,-3.6245222310222287,-5.368157720236815,16.603015725218036,0.0
35.74,-3.712177195530703,-5.547208242783897,16.47873227800031,0.0
35.745,-3.80412383425339,-5.733496141309888,16.36231387818217,0.0
35.75,-3.9002540883478876,-5.925700901001513,16.253712109977148,0.0
35.755,-4.002260350805399,-6.125611267875455,16.151787409470796,0.0
35.76,-4.107282264653511,-6.331601477737664,16.059155305913894,0.0
35.765,-4.217704396515851,-6.545899790759485,15.974951562831817,0.0
35.77,-4.334528928105522,-6.765452396452649,15.899441451752232,0.0
35.775,-4.456253313845,-6.99356738797763,15.83264122393972,0.0
35.78,-4.583422456188046,-7.229410621432692,15.77724085582644,0.0
35.785000000000004,-4.715790380376234,-7.473989835860879,15.732115174058011,0.0
35.79,-4.853123424164891,-7.726148567482895,15.698992657234463,0.0
35.795,-4.997562716583435,-7.985522668568093,15.67706813978104,0.0
35.800000000000004,-5.146128707529391,-8.254210129242711,15.667845979472148,0.0
35.805,-5.3013139199559935,-8.529563812264088,15.671137428520753,0.0
35.81,-5.461808698022725,-8.814087961081862,15.688767483341868,0.0
35.815,-5.628855912509375,-9.105281947071344,15.720879436346058,0.0
35.82,-5.8027411960203725,-9.404991779391063,15.767863513382805,0.0
35.825,-5.984044518433812,-9.713278391050917,15.830463761985394,0.0
35.83,-6.169019001026432,-10.027917014013008,15.910523115724667,0.0
35.835,-6.362159076554539,-10.349834564770214,16.008239924870377,0.0
35.84,-6.560771904089437,-10.680349681176754,16.12400662745553,0.0
35.845,-6.765319848280753,-11.016570093168106,16.260183306565338,0.0
35.85,-6.97730147660124,-11.357864604315298,16.41597274870665,0.0
35.855000000000004,-7.1969379579113575,-11.704331108689818,16.593100401187872,0.0
35.86,-7.421381361463692,-12.057324675112472,16.79366700209862,0.0
35.865,-7.652281748993984,-12.412696736473114,17.01790755725128,0.0
35.87,-7.890336622474582,-12.770249016036686,17.266352166222443,0.0
35.875,-8.13483381888859,-13.130207607662113,17.539832790508406,0.0
35.88,-8.383619369948988,-13.488470649671335,17.84030435688144,0.0
35.885,-8.639060242082694,-13.848023922751171,18.16699676352694,0.0
35.89,-8.898944883971206,-14.203975834042085,18.523363961451267,0.0
35.895,-9.165293002241631,-14.554370728360068,18.907097768359545,0.0
35.9,-9.433557908558326,-14.899426879042286,19.32261853865016,0.0
35.905,-9.707224719739889,-15.234008129809913,19.76805918782585,0.0
35.910000000000004,-9.985504546055083,-15.55703392724528,20.24342278579168,0.0
35.915,-10.263983678784314,-15.866275131145796,20.75149822769743,0.0
35.92,-10.54379435089798,-16.159716487444516,21.29029718080247,0.0
35.925000000000004,-10.824387263774293,-16.432969433930698,21.858388278769468,0.0
35.93,-11.105753413520048,-16.682399297838234,22.456027563970498,0.0
35.935,-11.385551227798175,-16.906360035023553,23.08183675480134,0.0
35.94,-11.66307258788564,-17.102354161993457,23.736043029714402,0.0
35.945,-11.934916776462932,-17.264367362921913,24.41575466468632,0.0
35.95,-12.20167698203427,-17.391216514198973,25.11931981501072,0.0
35.955,-12.461887101594497,-17.47990800470044,25.84526826937217,0.0
35.96,-12.7126823587692,-17.526648078820987,26.589252588197247,0.0
35.965,-12.955105148202659,-17.527423936070058,27.348190429519835,0.0
35.97,-13.183945991836662,-17.483087096569285,28.11780540865992,0.0
35.975,-13.397313911972645,-17.388872261976225,28.89554506643246,0.0
35.980000000000004,-13.5972028301701,-17.24215388142656,29.67498518465547,0.0
35.985,-13.778930941979233,-17.041319182370753,30.452358126868972,0.0
35.99,-13.942757714251197,-16.787764805673042,31.220703970110836,0.0
35.995,-14.085533176416591,-16.48051719506656,31.974886247042345,0.0
36.0,-14.205279442901988,-16.117309399532896,32.710177807693924,0.0
36.005,-14.30025606787513,-15.702176860856195,33.4185373762521,0.0
36.01,-14.369460453939118,-15.237255336811547,34.095778107322985,0.0
36.015,-14.412424353733599,-14.722715542543128,34.735532306536854,0.0
36.02,-14.428665220413105,-14.16359511331821,35.33336218787478,0.0
36.025,-14.414767412196962,-13.564163797556938,35.88322051919562,0.0
36.03,-14.372610855092155,-12.92834584507412,36.38037285098453,0.0
36.035000000000004,-14.300926876184619,-12.26144458410952,36.82479343099834,0.0
36.04,-14.199332311275414,-11.57039389157441,37.21049655727342,0.0
36.045,-14.06754467906325,-10.858355040977752,37.535860105483835,0.0
36.050000000000004,-13.908027528358897,-10.13367001366691,37.799243580197476,0.0
36.055,-13.719580869087357,-9.40118527790068,38.00027095628639,0.0
36.06,-13.502721634988086,-8.666574540030632,38.138543427150616,0.0
36.065,-13.259825426032418,-7.939220295406301,38.21553403987005,0.0
36.07,-12.993393169554679,-7.222386642564057,38.23156906970288,0.0
36.075,-12.705215321018873,-6.5207912973734485,38.19122863261096,0.0
36.08,-12.397203283261844,-5.840884228735043,38.096625821085965,0.0
36.085,-12.069080436519144,-5.185495307643403,37.950780539578446,0.0
36.09,-11.725855264025428,-4.559076154734237,37.758489109312954,0.0
36.095,-11.36795747970634,-3.9639741998445315,37.52170850321755,0.0
36.1,-10.99672285590418,-3.4029965189449363,37.246700945662056,0.0
36.105000000000004,-10.618139095067722,-2.8777748716106473,36.936082165372746,0.0
36.11,-10.232128797739966,-2.389491422740483,36.59764539795608,0.0
36.115,-9.839563826769847,-1.9378886197881362,36.23227541179019,0.0
36.12,-9.44363631315138,-1.523405222500847,35.84482168954349,0.0
36.125,-9.04716382034962,-1.1446247986845348,35.43870525900885,0.0
36.13,-8.651886388160046,-0.8010319212555717,35.018437692354674,0.0
36.135,-8.258593899998262,-0.49373512546060466,34.58645741356943,0.0
36.14,-7.869121327795363,-0.22034553678843577,34.14568048728924,0.0
36.145,-7.487316973775619,0.02236152344184375,33.70042955603273,0.0
36.15,-7.11201390543638,0.23544330894510687,33.25023949471731,0.0
36.155,-6.744950555372828,0.42115472615925353,32.79733780732069,0.0
36.160000000000004,-6.38604564216087,0.5800840622777814,32.34577809669347,0.0
36.165,-6.037076664637123,0.7180450082377798,31.895951832277543,0.0
36.17,-5.700139489120289,0.8331860931301425,31.447859888295568,0.0
36.175000000000004,-5.373283740707489,0.9278417088956452,31.004628840315764,0.0
36.18,-5.057721881600293,1.0039492232953382,30.56594647557113,0.0
36.185,-4.753767940545412,1.0638810893642097,30.13383044949518,0.0
36.19,-4.464017993438579,1.108883218629985,29.706630185773264,0.0
36.195,-4.184914778857222,1.1408352253639917,29.285815516490857,0.0
36.2,-3.9192778044285355,1.1623621022643422,28.87212591692508,0.0
36.205,-3.6643812897486905,1.1740663820394261,28.464395770623128,0.0
36.21,-3.4231953943474234,1.1769237932313115,28.063211443696506,0.0
36.215,-3.1916935201644008,1.1717421941267314,27.668898947765257,0.0
36.22,-2.975030569038002,1.16052814035632,27.28047931298779,0.0
36.225,-2.767680004676869,1.143978021788541,26.898699765722984,0.0
36.230000000000004,-2.5723719063560626,1.1241270890180854,26.525015222550177,0.0
36.235,-2.387108929795338,1.0991848385073082,26.156852821233908,0.0
36.24,-2.212109727718345,1.0714025069661823,25.794504772296325,0.0
36.245,-2.0496818783888835,1.0420822862268138,25.44051581114533,0.0
36.25,-1.8945651290295482,1.0113441179175997,25.092002486629003,0.0
36.255,-1.748772046853047,0.9797372859291061,24.74780160375305,0.0
36.26,-1.6119925439481597,0.9466394046426273,24.410854011769647,0.0
36.265,-1.483653293786977,0.9132705994949546,24.077432568950353,0.0
36.27,-1.3640168708659168,0.880137474098619,23.75022605281375,0.0
36.275,-1.2525503133605107,0.8473123387114703,23.426998081622102,0.0
36.28,-1.1474753151540984,0.8146216884879547,23.1094846984769,0.0
36.285000000000004,-1.0496002013118602,0.7826007215215313,22.797643884596983,0.0
36.29,-0.9591433788721835,0.7510247030037738,22.488673227968913,0.0
36.295,-0.8745933560286343,0.7202314790974689,22.18487333700624,0.0
36.300000000000004,-0.7959314750822284,0.6908116162226563,21.885180014190144,0.0
36.305,-0.7220974696493834,0.6619321284532085,21.590113868627704,0.0
36.31,-0.6525815599644178,0.6354781483809145,21.299458874083744,0.0
36.315,-0.5892182587758688,0.6106999150484813,21.013935756082486,0.0
36.32,-0.5289954449540939,0.5871970636422045,20.731010818039508,0.0
36.325,-0.4734677026613337,0.5657808381929459,20.453372009477206,0.0
36.33,-0.4208753868096123,0.544522049875915,20.179201850682748,0.0
36.335,-0.37380789345683507,0.5245609580693608,19.90902565503408,0.0
36.34,-0.33049470692353045,0.506369335654054,19.64262440860468,0.0
36.345,-0.28940619610141494,0.4897873512512636,19.380257094606907,0.0
36.35,-0.2508375831159499,0.4750424501290353,19.121001864574414,0.0
36.355000000000004,-0.2143213967422115,0.46158190543067135,18.86537955380165,0.0
36.36,-0.17960469741434942,0.44993095806854816,18.614558398155808,0.0
36.365,-0.14919301303052973,0.43890503608977455,18.365523122806042,0.0
36.37,-0.1190460808311728,0.42945986806100866,18.12031570952284,0.0
36.375,-0.09193199457050774,0.42039507192971903,17.878994155530545,0.0
36.38,-0.06544022652200109,0.4133325885317323,17.640018377842654,0.0
36.385,-0.04063573326126707,0.4074585047924074,17.4063682333401,0.0
36.39,-0.016479175314597333,0.4034425628568205,17.174595048099004,0.0
36.395,0.0049347883775172074,0.4011712363424207,16.94577401873728,0.0
36.4,0.02467701955098553,0.3987000626666088,16.72004277790404,0.0
36.405,0.042673689771852895,0.3984537707100318,16.49672892852275,0.0
36.410000000000004,0.06001168355639945,0.3987521767553902,16.27586759596188,0.0
36.415,0.07827393918497705,0.40058670063045143,16.05941394965211,0.0
36.42,0.09504230577423489,0.4031469769145618,15.84561725397563,0.0
36.425000000000004,0.11020268463924851,0.40608267629904904,15.635315915879975,0.0
36.43,0.1267775251974444,0.4095617904180027,15.426701975539585,0.0
36.435,0.14070266843535337,0.4158605551378085,15.2209047344793,0.0
36.44,0.15463569658878193,0.4232449468229876,15.018248177542525,0.0
36.445,0.16921209428476028,0.43183569592200466,14.819206250893096,0.0
36.45,0.1812954474401435,0.440190731366841,14.621378099828382,0.0
36.455,0.1950209041481826,0.4498129889902384,14.427473595270518,0.0
36.46,0.20786998264095596,0.4606897608519731,14.234124347996044,0.0
36.465,0.22165363563285298,0.4719474806768172,14.044386164053531,0.0
36.47,0.23491909874388497,0.4845790041314288,13.857932794535044,0.0
36.475,0.2472247875356425,0.4997756574807661,13.673818895093302,0.0
36.480000000000004,0.2603507798866049,0.515080806595527,13.49272647463887,0.0
36.485,0.2725578033222867,0.5303579313064674,13.314397947950201,0.0
36.49,0.2858192945488743,0.5464078784302877,13.137810342949422,0.0
36.495,0.29980817939290255,0.5659583745470116,12.963910172278384,0.0
36.5,0.31497499857039746,0.5859954289267619,12.79191451082482,0.0
36.505,0.3286162540205516,0.6071382913591238,12.622844638780533,0.0
36.51,0.3432361645117983,0.6297134931500109,12.45556162941272,0.0
36.515,0.3576880370325236,0.6531976983382501,12.291023438658067,0.0
36.52,0.37253089170185677,0.6774609865470245,12.128274052845102,0.0
36.525,0.3882108759906467,0.703023109911899,11.968172238391178,0.0
36.53,0.40309687922390064,0.7303307778262889,11.81004528554653,0.0
36.535000000000004,0.41992667909340864,0.7598460867321215,11.652401852660955,0.0
36.54,0.43734247079467153,0.7885917855159023,11.499433641612375,0.0
36.545,0.4546077193368792,0.82043917589171,11.348809293752495,0.0
36.550000000000004,0.4727530367200521,0.8552344259797605,11.198948000060874,0.0
36.555,0.4932153282578924,0.8911523459449142,11.052125511948317,0.0
36.56,0.5118934513813825,0.9282415164624672,10.906735662083555,0.0
36.565,0.5311030277231161,0.9677320869654311,10.76355412887118,0.0
36.57,0.5530111347197154,1.0090033608790006,10.621512849384787,0.0
36.575,0.5750938390804229,1.0522135680097804,10.483633531040267,0.0
36.58,0.5988375688398266,1.0968509564488802,10.346181769707767,0.0
36.585,0.6237102779951769,1.1437877159681595,10.210683886161851,0.0
36.59,0.6506114037040305,1.1936333101104983,10.077994416593581,0.0
36.595,0.6777522337233368,1.2466373500244639,9.948005954096763,0.0
36.6,0.7049125440824532,1.3017281152574287,9.81952525437919,0.0
36.605000000000004,0.7360186786305297,1.3592996262167507,9.692859384303109,0.0
36.61,0.7665549568382846,1.418706943373286,9.568658820595253,0.0
36.615,0.7988429387292949,1.4824922135130143,9.44715265421186,0.0
36.62,0.8332254046280937,1.5495025235504556,9.326153365181272,0.0
36.625,0.8693290233165234,1.6197922050956153,9.208923584677335,0.0
36.63,0.9055091060181757,1.6930612826579121,9.093460010342827,0.0
36.635,0.9446104746599193,1.77082086527521,8.979906985051848,0.0
36.64,0.9849436826931078,1.852396980836968,8.868291799775616,0.0
36.645,1.0284879893428298,1.937317229815308,8.75854132292909,0.0
36.65,1.0746450271239671,2.0266325942964722,8.65155410762916,0.0
36.655,1.1223648692386543,2.121730367850735,8.547006156737234,0.0
36.660000000000004,1.1731107891085675,2.2190840484477743,8.445370341362798,0.0
36.665,1.2250804442338383,2.3224815024375665,8.345255234751422,0.0
36.67,1.2790133595874298,2.43176746511765,8.247732777830418,0.0
36.675000000000004,1.3363307257165775,2.5467266911796442,8.153925571398155,0.0
36.68,1.3978174555838228,2.666707258414559,8.061527731925999,0.0
36.685,1.4614612963538682,2.792763469142365,7.971931301138902,0.0
36.69,1.5266130962972662,2.9253271258863927,7.886098758662136,0.0
36.695,1.5965706280092598,3.0648364840120257,7.803855879230223,0.0
36.7,1.6695571153938222,3.2116687778307202,7.7235819952556035,0.0
36.705,1.747116696099661,3.3647177872808167,7.647377212376521,0.0
36.71,1.8288586134038283,3.5263432003125703,7.575015617502807,0.0
36.715,1.9140443170538937,3.6964914691880293,7.505706482582895,0.0
36.72,2.0038775017686885,3.8733400155131203,7.440232422036225,0.0
36.725,2.0972424212446525,4.06018728141971,7.38054238886877,0.0
36.730000000000004,2.196206186654151,4.255947149876977,7.324965106458908,0.0
36.735,2.2986203729848516,4.463405781191268,7.273660065068652,0.0
36.74,2.408955816494117,4.678844788808905,7.227343621242855,0.0
36.745,2.5222445471219785,4.906630221640576,7.187489299342876,0.0
36.75,2.641192214791983,5.144754447384034,7.153813285939645,0.0
36.755,2.7673205275357917,5.394138530986801,7.126700842953304,0.0
36.76,2.898567884638022,5.655238720972658,7.106826819751492,0.0
36.765,3.0364140744703563,5.930898502829647,7.094320952911121,0.0
36.77,3.1805777229164165,6.218243588235788,7.090515896696113,0.0
36.775,3.3320397599155065,6.520601331439739,7.094835574995354,0.0
36.78,3.491142121033608,6.836214855541785,7.107627964393445,0.0
36.785000000000004,3.6586569199149297,7.167421657291748,7.133102624392513,0.0
36.79,3.8338742845866616,7.5132385355033255,7.169039112441562,0.0
36.795,4.0180678470782105,7.87513719924363,7.2185807006451,0.0
36.800000000000004,4.210945998225899,8.253715058884655,7.279732636034449,0.0
36.805,4.4125055069641705,8.649317814929484,7.356386971432678,0.0
36.81,4.625319303664916,9.061824684084987,7.447936662683868,0.0
36.815,4.845238862215124,9.49127810674545,7.5582195413937345,0.0
36.82,5.076436423696299,9.938360208408644,7.687884161730463,0.0
36.825,5.32111340721035,10.404064857204489,7.838121511512932,0.0
36.83,5.575416874508052,10.889157132546456,8.010107280820465,0.0
36.835,5.841230816352237,11.392332070174959,8.207261739564249,0.0
36.84,6.119077734760341,11.91300879029056,8.428945425535273,0.0
36.845,6.408852682896054,12.452729699326001,8.680679405901953,0.0
36.85,6.709375770728285,13.009605872517405,8.962644719394305,0.0
36.855000000000004,7.024470261893556,13.582989921955937,9.279909642934042,0.0
36.86,7.35351159565124,14.172822773569566,9.633248008876766,0.0
36.865,7.693861411417793,14.77638115859641,10.025736676309412,0.0
36.87,8.047984378471,15.393697733941773,10.462178667958304,0.0
36.875,8.416188439763177,16.02223656385726,10.943079820708634,0.0
36.88,8.79624155399121,16.66001975183355,11.470466660547444,0.0
36.885,9.18935723086098,17.30331556977363,12.049386278660766,0.0
36.89,9.595321017476767,17.949864660199957,12.682746766514361,0.0
36.895,10.012870442218066,18.59513082938656,13.374365861259387,0.0
36.9,10.441981819792094,19.235485789209264,14.126831651805968,0.0
36.905,10.881807928765827,19.862486634433658,14.941509042154767,0.0
36.910000000000004,11.331082442683929,20.47332424043686,15.821889483358548,0.0
36.915,11.786578530383402,21.060449748702034,16.769800480144234,0.0
36.92,12.251101229015395,21.6166989661155,17.786360834973568,0.0
36.925000000000004,12.718123767301883,22.134328988032387,18.873589786900794,0.0
36.93,13.188900805145558,22.60515011793444,20.029835141502396,0.0
36.935,13.659798817850364,23.01755292909748,21.25459057842096,0.0
36.94,14.127406843674104,23.361783565675495,22.543140205930285,0.0
36.945,14.590384929066866,23.631167902310434,23.89308646496204,0.0
36.95,15.041973897607406,23.81253993629398,25.298022180330204,0.0
36.955,15.479336810710501,23.896735617547424,26.75091171512865,0.0
36.96,15.901604063241694,23.874225432865284,28.243214439188552,0.0
36.965,16.300966422929584,23.73497028395474,29.76449279477286,0.0
36.97,16.673590889256207,23.472427781479745,31.302675656782704,0.0
36.975,17.013918332600923,23.07881032799779,32.84231334854029,0.0
36.980000000000004,17.316267051730367,22.551170134219362,34.366289965609795,0.0
36.985,17.578025395694002,21.887247352043115,35.86041516389064,0.0
36.99,17.792386612053864,21.08666467155342,37.30547995273579,0.0
36.995,17.9577369928292,20.15436198747858,38.6840794745054,0.0
37.0,18.067295449221803,19.09406807023159,39.978569360983315,0.0
37.005,18.11774937522128,17.916136712635385,41.169994660355115,0.0
37.01,18.10742344921862,16.63457915731316,42.24296718814132,0.0
37.015,18.03346013797181,15.263395825774637,43.1853267768204,0.0
37.02,17.894494625236987,13.817288743081317,43.98640899882098,0.0
37.025,17.690077508972198,12.318040574523131,44.63615555109635,0.0
37.03,17.421804619753495,10.784650573077679,45.12998079486969,0.0
37.035000000000004,17.088840901816027,9.237177676725326,45.468863043693474,0.0
37.04,16.697463735442064,7.698586818786117,45.651782407430744,0.0
37.045,16.24689757698259,6.186890606331433,45.68455500035013,0.0
37.050000000000004,15.74522133581689,4.718038693102981,45.57791234733303,0.0
37.055,15.194110683523396,3.3113602761300296,45.341719074872024,0.0
37.06,14.601073473958095,1.9775638380968075,44.990592481623466,0.0
37.065,13.96933548618533,0.7276348615705466,44.53477058337265,0.0
37.07,13.306979258971904,-0.4296162474588241,43.992379648729916,0.0
37.075,12.620703383760452,-1.4917145372391991,43.37804209072372,0.0
37.08,11.913597955395668,-2.4540413881429903,42.70502221850371,0.0
37.085,11.196103946376331,-3.3182124433271594,41.988943372399376,0.0
37.09,10.470295459719159,-4.085625769468275,41.24261127943389,0.0
37.095,9.742129812817735,-4.759956179585001,40.47877438223819,0.0
37.1,9.017075945073922,-5.345160822266065,39.707503414282456,0.0
37.105000000000004,8.300270651036163,-5.8459624776536705,38.93866007877369,0.0
37.11,7.592621190799674,-6.2710917658265855,38.17588237665776,0.0
37.115,6.898680461683891,-6.625827671378487,37.42844432702382,0.0
37.12,6.222084649443718,-6.917343886795508,36.700988545572265,0.0
37.125,5.564251616823967,-7.1544712586223635,35.997008800106855,0.0
37.13,4.927277998830775,-7.341646303742754,35.317987454294936,0.0
37.135,4.314808383329811,-7.486626474257544,34.666763708844215,0.0
37.14,3.725155126279579,-7.593307631776019,34.042499961146504,0.0
37.145,3.1595384635203896,-7.668050864310891,33.447206811949535,0.0
37.15,2.6175942887727444,-7.716358418969051,32.879915922919146,0.0
37.155,2.1001722015072097,-7.740608260011819,32.339818982784486,0.0
37.160000000000004,1.6089354860865108,-7.746991282759034,31.827388438065455,0.0
37.165,1.1407880797195415,-7.738594671946069,31.34084142443941,0.0
37.17,0.6973388304423014,-7.718070437174358,30.88051435197663,0.0
37.175000000000004,0.2764779032309924,-7.689648871043336,30.441867578813774,0.0
37.18,-0.12134315885683639,-7.65474418457944,30.02571491097946,0.0
37.185,-0.4982173164945796,-7.614623856688011,29.630070040346986,0.0
37.19,-0.8532550083115762,-7.5715346185876715,29.25410650745241,0.0
37.195,-1.1887258879247602,-7.528080163982275,28.896092226814776,0.0
37.2,-1.5054103065365692,-7.48511348342379,28.554651072587696,0.0
37.205,-1.8039887495910285,-7.443893164092187,28.23122543053022,0.0
37.21,-2.0856074934952042,-7.404314333094438,27.921398963866924,0.0
37.215,-2.351406205690739,-7.367200542222051,27.625998385357374,0.0
37.22,-2.603565505967919,-7.335088659256021,27.343762044586136,0.0
37.225,-2.8395239932488137,-7.307407674210638,27.07405922660099,0.0
37.230000000000004,-3.063823236926173,-7.283253502528901,26.816937665463648,0.0
37.235,-3.2746717751122736,-7.2644952411474435,26.570808608351008,0.0
37.24,-3.475668573286084,-7.251240736479303,26.33443584555189,0.0
37.245,-3.6642071331017014,-7.244972495351831,26.10844342574017,0.0
37.25,-3.844401376717553,-7.24284516668332,25.892086671321,0.0
37.255,-4.0145896735944175,-7.24735422798857,25.685105895058133,0.0
37.26,-4.176241259689553,-7.257494619691243,25.487910174086,0.0
37.265,-4.328889591640238,-7.2739494355282375,25.300638930775406,0.0
37.27,-4.476036564321633,-7.295724427435353,25.120757039117283,0.0
37.275,-4.618396528087616,-7.323873112279839,24.949063270538904,0.0
37.28,-4.753751183550913,-7.357596498330845,24.786073060530953,0.0
37.285000000000004,-4.883584036971888,-7.397149233688143,24.6297698161467,0.0
37.29,-5.009973172725041,-7.443447248500823,24.482108130596693,0.0
37.295,-5.13201191895421,-7.49534134755401,24.342491989874855,0.0
37.300000000000004,-5.251069537521984,-7.552340718177979,24.210559633664545,0.0
37.305,-5.365918413258236,-7.614573055360613,24.085150564850068,0.0
37.31,-5.478372001799571,-7.683517677887202,23.969644239728893,0.0
37.315,-5.5903199943081425,-7.755124035658783,23.860468684838594,0.0
37.32,-5.698281394714268,-7.832449948731881,23.758502914878598,0.0
37.325,-5.80482135036494,-7.91426012891781,23.664425573708268,0.0
37.33,-5.910823380741331,-8.000388962070355,23.578254856373984,0.0
37.335,-6.014818406645577,-8.090986975205034,23.49993717651651,-0.0
37.34,-6.119994549355938,-8.185583871043177,23.43093547747393,-0.0
37.345,-6.223166265302949,-8.284520509683405,23.369392187610636,-0.0
37.35,-6.325954612234881,-8.387217800903567,23.314493006064666,-0.0
37.355000000000004,-6.427745130736999,-8.492201827015714,23.26944441316836,-0.0
37.36,-6.530786366027729,-8.602880617130126,23.232486831322277,-0.0
37.365,-6.634245421614392,-8.715808029545267,23.204292568526927,-0.0
37.37,-6.739248499085682,-8.830270983280682,23.183201256949594,-0.0
37.375,-6.8443081346556145,-8.948556224625195,23.170489501790065,-0.0
37.38,-6.948761200406476,-9.069694978549702,23.16779695291257,-0.0
37.385,-7.055436252350698,-9.19094373744445,23.17398995015542,-0.0
37.39,-7.162506419621722,-9.315413869018231,23.189084826723033,-0.0
37.395,-7.26905618911548,-9.441751220254694,23.212438052127432,-0.0
37.4,-7.377229503755851,-9.568739429898404,23.245714681282475,-0.0
37.405,-7.48631362525856,-9.696974055613847,23.288012732375538,-0.0
37.410000000000004,-7.595816029099935,-9.824106878616515,23.34090741535505,-0.0
37.415,-7.706236508844376,-9.952499301983465,23.40311662621256,-0.0
37.42,-7.819898044677257,-10.078965410299801,23.47476035615838,-0.0
37.425000000000004,-7.93225034810037,-10.205910684053626,23.55501820127604,-0.0
37.43,-8.046515248786825,-10.33123354536658,23.646454140281495,-0.0
37.435,-8.16042162443535,-10.454179402028824,23.746329005547874,-0.0
37.44,-8.275091024447,-10.576228453938228,23.85680179994635,-0.0
37.445,-8.388966714260404,-10.694479081077732,23.975798518466743,-0.0
37.45,-8.504238810519851,-10.809379519151499,24.10474241430176,-0.0
37.455,-8.619479839746171,-10.921567985011812,24.24335559917126,-0.0
37.46,-8.734722305270951,-11.028928687431451,24.392054703850835,-0.0
37.465,-8.849306404166292,-11.132002039959863,24.54881883001686,-0.0
37.47,-8.96523379134156,-11.22837729788597,24.713953875366283,-0.0
37.475,-9.078482501334323,-11.31849247631018,24.8882988287291,-0.0
37.480000000000004,-9.190398571610348,-11.4035871824451,25.069523476930943,-0.0
37.485,-9.301421280582774,-11.480318483182451,25.26000420325735,-0.0
37.49,-9.409962500018176,-11.549973675253,25.45694184160531,-0.0
37.495,-9.51603312577993,-11.61171702061877,25.66137114233164,-0.0
37.5,-9.619933887163585,-11.664421592728734,25.872699869894436,-0.0
37.505,-9.722169376211067,-11.708074845861397,26.088588919834237,-0.0
37.51,-9.821634871622098,-11.74316659448545,26.309002520608885,-0.0
37.515,-9.918833924527126,-11.767920575071258,26.534123000650943,-0.0
37.52,-10.011442576258824,-11.781586161078943,26.76318756373165,-0.0
37.525,-10.100574592119735,-11.784269551447048,26.996278388581032,-0.0
37.53,-10.184717591412085,-11.776344203402713,27.231934029688684,-0.0
37.535000000000004,-10.264324282239244,-11.756333166639617,27.469294262607413,-0.0
37.54,-10.339064472178658,-11.725304363217962,27.706845444992435,-0.0
37.545,-10.407492917445737,-11.682115771726624,27.942737645993017,-0.0
37.550000000000004,-10.471834920192071,-11.626383980191727,28.178009579042143,-0.0
37.555,-10.528695139409102,-11.558129292416885,28.412599004541566,-0.0
37.56,-10.579952821418132,-11.479083938110353,28.641683626279786,-0.0
37.565,-10.624451378934584,-11.386717993261065,28.86674048282653,-0.0
37.57,-10.661896295814033,-11.28473812914201,29.08649925053246,-0.0
37.575,-10.693290302758468,-11.170552779595896,29.29965099887919,-0.0
37.58,-10.718103274971805,-11.044246756291102,29.505518961377327,-0.0
37.585,-10.735771406341033,-10.909255564047326,29.702848042088256,-0.0
37.59,-10.743679384906859,-10.764288104239197,29.893659948352948,-0.0
37.595,-10.744365036864531,-10.608580267680855,30.07337798060554,-0.0
37.6,-10.737176261546447,-10.444428360447581,30.24295594321149,-0.0
37.605000000000004,-10.722305119714855,-10.271504674453,30.39984469876885,-0.0
37.61,-10.700728118432586,-10.091119495327016,30.545733082981155,-0.0
37.615,-10.669026630309052,-9.90449025696413,30.678122958471405,-0.0
37.62,-10.630954298781027,-9.713384406970615,30.797215851669918,-0.0
37.625,-10.58513991444213,-9.516795976340468,30.902205374250432,-0.0
37.63,-10.532182090234217,-9.315730595591264,30.9941201982622,-0.0
37.635,-10.471209183642493,-9.111895143441204,31.071856916398264,-0.0
37.64,-10.403118941326747,-8.904731315395832,31.134819039235907,-0.0
37.645,-10.328538035749386,-8.696744836263358,31.18295731498448,-0.0
37.65,-10.247188158086425,-8.488559420541723,31.216743504987313,-0.0
37.655,-10.159666536736129,-8.281481231463944,31.23466605426776,-0.0
37.660000000000004,-10.065210706480537,-8.076696238739242,31.238876036558107,-0.0
37.665,-9.965675815046268,-7.873149230885349,31.229436801344658,-0.0
37.67,-9.86134635788595,-7.672818877420617,31.205130987364385,-0.0
37.675000000000004,-9.752680501514776,-7.475714912724163,31.16705871866863,-0.0
37.68,-9.63785539756993,-7.283292808612017,31.115995261686162,-0.0
37.685,-9.52108486298031,-7.097112406574604,31.052127896867166,-0.0
37.69,-9.399343799208268,-6.915994100195063,30.97563151965176,-0.0
37.695,-9.274738288320377,-6.741416861915012,30.888013519159294,-0.0
37.7,-9.148067009227162,-6.573805280000373,30.789490625845623,-0.0
37.705,-9.018392874118076,-6.412493152545285,30.679460917183015,-0.0
37.71,-8.88760785808477,-6.260583389947863,30.560898289784255,-0.0
37.715,-8.755208303162558,-6.116336521397547,30.43207333480368,-0.0
37.72,-8.6234028606196,-5.979352464583015,30.295270369946213,-0.0
37.725,-8.491094993460777,-5.851532355695149,30.149417687933948,-0.0
37.730000000000004,-8.358887279688798,-5.732219255188683,29.995291306534615,-0.0
37.735,-8.227108146336894,-5.620535776869221,29.83565683471277,-0.0
37.74,-8.095894161206553,-5.516261063754195,29.668552093367328,-0.0
37.745,-7.9668103041672795,-5.421710899709865,29.496421129140113,-0.0
37.75,-7.840028819656684,-5.336124234588586,29.320416032984117,-0.0
37.755,-7.714968823232348,-5.25593178926085,29.139360041678678,-0.0
37.76,-7.5929175239551725,-5.185234044783845,28.953091999146167,0.0
37.765,-7.471642996963654,-5.124013112504197,28.76288252825917,0.0
37.77,-7.354632858665072,-5.0702845826932545,28.572361585354226,0.0
37.775,-7.240284103764647,-5.022536730337718,28.37802765247017,0.0
37.78,-7.128914781497049,-4.983177468561607,28.181526904859936,0.0
37.785000000000004,-7.019842103492829,-4.951537074699417,27.983449959873017,0.0
37.79,-6.916072395208545,-4.927352644625224,27.783759253374647,0.0
37.795,-6.8159215508283975,-4.910658505779287,27.58373758377421,0.0
37.800000000000004,-6.721114281237125,-4.900640801711146,27.38345240821193,0.0
37.805,-6.629697956676265,-4.896589421906623,27.183443664199746,0.0
37.81,-6.5424343257777755,-4.898822353547164,26.983652007849635,0.0
37.815,-6.46033722454715,-4.907918980088296,26.786196001728037,0.0
37.82,-6.383707870262036,-4.923261627663136,26.587088478180302,0.0
37.825,-6.309718763703083,-4.9433307286959645,26.3888352022298,0.0
37.83,-6.242086247442232,-4.968819169870611,26.193704608197333,0.0
37.835,-6.178009963654275,-5.00065196994001,26.00071652258509,0.0
37.84,-6.119188760718373,-5.036603567288229,25.809615190988076,0.0
37.845,-6.066060459299932,-5.0779319753356456,25.620172405204325,0.0
37.85,-6.015024952368788,-5.124499267965191,25.432197470588612,0.0
37.855000000000004,-5.9717006217737945,-5.175898873520637,25.24794870689574,0.0
37.86,-5.932092965639785,-5.230955610425091,25.065651490019757,0.0
37.865,-5.895491828654041,-5.291271628145736,24.8861578333378,0.0
37.87,-5.865035226623075,-5.356333064034541,24.709907642748274,0.0
37.875,-5.840043051026728,-5.427070460472908,24.536861060697397,0.0
37.88,-5.820998758622463,-5.500877963344507,24.368545416296197,0.0
37.885,-5.806071334457796,-5.578663442439573,24.203036691649064,0.0
37.89,-5.7946019454602995,-5.661570832462589,24.042592454901605,0.0
37.895,-5.7881356249944025,-5.747550773741851,23.88589402747799,0.0
37.9,-5.785799681061693,-5.837603270941563,23.73362219886255,0.0
37.905,-5.7887750241033515,-5.9316356996715935,23.58591985475432,0.0
37.910000000000004,-5.7962589325193,-6.0298295510824405,23.44248705214406,0.0
37.915,-5.807686875583482,-6.131694057083526,23.303674751619667,0.0
37.92,-5.824370589551848,-6.237448575243581,23.170614593677733,0.0
37.925000000000004,-5.845516659236582,-6.346535332733246,23.043289114187807,0.0
37.93,-5.871202080926845,-6.45893440785068,22.92219458959059,0.0
37.935,-5.90008539885889,-6.575896553069128,22.804966651418862,0.0
37.94,-5.932897730920593,-6.695943993579647,22.69430520856931,0.0
37.945,-5.970826725027137,-6.82084768278567,22.589604443392066,0.0
37.95,-6.012918555892401,-6.948852685143446,22.4910653343595,0.0
37.955,-6.060509398817006,-7.080554704108497,22.399544788992817,0.0
37.96,-6.110693774824235,-7.2138114365253605,22.314723357539084,0.0
37.965,-6.166607547598479,-7.351904344062256,22.236667969599367,0.0
37.97,-6.2270326465276415,-7.49244191477054,22.16638571085504,0.0
37.975,-6.290531187430851,-7.635111104690852,22.103809017131336,0.0
37.980000000000004,-6.358116183292186,-7.7815576130306,22.051086761170943,0.0
37.985,-6.430213485640068,-7.932047224180029,22.00336731800071,0.0
37.99,-6.5047578518252775,-8.085292037951945,21.963343775819247,0.0
37.995,-6.584071209644584,-8.240647069410628,21.933976276912855,0.0
38.0,-6.6663861221900325,-8.400160120501504,21.911767257536766,0.0
38.005,-6.7539637031370825,-8.561163215016313,21.899765728947852,0.0
38.01,-6.844255079179122,-8.725460901878499,21.896709398535616,0.0
38.015,-6.940591976182454,-8.891126357240498,21.90234929695685,0.0
38.02,-7.039486345633838,-9.059375071165464,21.918532282497182,0.0
38.025,-7.140162223956112,-9.22945637437334,21.94383233969931,0.0
38.03,-7.243924542100842,-9.398916834086943,21.979662515120104,0.0
38.035000000000004,-7.352451092312651,-9.569515525970003,22.027847756163165,0.0
38.04,-7.46300077105571,-9.741161542291067,22.086514373768214,0.0
38.045,-7.577773858215946,-9.913034059230538,22.154498121929887,0.0
38.050000000000004,-7.694440223968797,-10.084697306421333,22.23516521880198,0.0
38.055,-7.813173108641965,-10.25629002330626,22.326536760860122,0.0
38.06,-7.9353301178250994,-10.427566790285505,22.42913904562114,0.0
38.065,-8.060113682616253,-10.595716219206288,22.543531722362776,0.0
38.07,-8.18801806276474,-10.763104798943075,22.669446303679344,0.0
38.075,-8.316564319505783,-10.928318281761072,22.808369494839113,0.0
38.08,-8.44825801633773,-11.089567426674872,22.958364547558485,0.0
38.085,-8.580982826609983,-11.247956698692441,23.12119611925276,0.0
38.09,-8.714345559008787,-11.400968706456894,23.294955421822525,0.0
38.095,-8.849474533752307,-11.548715088755477,23.481455029870276,0.0
38.1,-8.984089707838704,-11.690344501489658,23.67936782299424,0.0
38.105000000000004,-9.120496996708999,-11.825279697884719,23.887872070751634,0.0
38.11,-9.255356371178845,-11.953360900166462,24.110684890009924,0.0
38.115,-9.389969593123212,-12.073584195989417,24.343792502418644,0.0
38.12,-9.524644860749046,-12.184887189266187,24.58351757194782,0.0
38.125,-9.657202131665384,-12.287540689648926,24.836469718836536,0.0
38.13,-9.788470801043232,-12.378876861778277,25.09937022290941,0.0
38.135,-9.917746864741451,-12.45859694618047,25.37067211723198,0.0
38.14,-10.044922563177215,-12.5257904227708,25.650256200733736,0.0
38.145,-10.168742286816054,-12.581225653429016,25.936117784508273,0.0
38.15,-10.28812363400342,-12.622084304045917,26.22983663434167,0.0
38.155,-10.404902021378405,-12.651397691218168,26.52943082669327,0.0
38.160000000000004,-10.517129553033183,-12.664780219692625,26.83352196675355,0.0
38.165,-10.625046326220817,-12.662514610929774,27.141996479616353,0.0
38.17,-10.726728586743183,-12.64556401368909,27.451574473193464,0.0
38.175000000000004,-10.822824448349495,-12.611987195949345,27.763552753541436,0.0
38.18,-10.913092954982043,-12.560969220428046,28.075444854158313,0.0
38.185,-10.99537337698195,-12.493883225788945,28.385879351445034,0.0
38.19,-11.071343950892583,-12.40935680998776,28.693520077626346,0.0
38.195,-11.138189251573671,-12.309635937255011,28.998670014365263,0.0
38.2,-11.195058393522816,-12.19174769990105,29.297232096324695,0.0
38.205,-11.24525059301262,-12.060077369413499,29.5893835027172,0.0
38.21,-11.285063910431804,-11.909755813219824,29.873014114039616,0.0
38.215,-11.316840007548617,-11.744150306730555,30.146765995856352,0.0
38.22,-11.338043946570057,-11.564380956341259,30.409778200637664,0.0
38.225,-11.34995671495311,-11.37009983012723,30.660468173922755,0.0
38.230000000000004,-11.351668459702086,-11.161538056037738,30.89689920542882,0.0
38.235,-11.34069751426123,-10.942106687132991,31.11821307248292,0.0
38.24,-11.320996426829621,-10.712063080886464,31.32288044418489,0.0
38.245,-11.290830119517203,-10.470452413926694,31.51104650584424,0.0
38.25,-11.25094371891579,-10.220410764304885,31.68200815547871,0.0
38.255,-11.199023611431087,-9.962469440749157,31.833029289214657,0.0
38.26,-11.136942044746194,-9.698650928432961,31.96770759270735,0.0
38.265,-11.065845441680553,-9.429491328186723,32.08051442939169,0.0
38.27,-10.985238157833441,-9.155972507313521,32.1744037587306,0.0
38.275,-10.894507348820085,-8.881934905784881,32.24794234710387,0.0
38.28,-10.794540976746026,-8.605557192289401,32.301322936674055,0.0
38.285000000000004,-10.683861823067017,-8.330104433127099,32.334784765613186,0.0
38.29,-10.566536371882147,-8.056315469515837,32.34685069038769,0.0
38.295,-10.441677708970504,-7.786490449164551,32.34162211870228,0.0
38.300000000000004,-10.309864251651737,-7.520985787246173,32.31650057531364,0.0
38.305,-10.169735202695087,-7.261031446323809,32.27410670978747,0.0
38.31,-10.024649807055027,-7.006774108827805,32.21262970089829,0.0
38.315,-9.873603357587157,-6.761131179045071,32.13433474070241,0.0
38.32,-9.719020262085975,-6.52302814036651,32.039425465755905,0.0
38.325,-9.559125697299304,-6.293885432977689,31.929336700594035,0.0
38.33,-9.395755619914354,-6.074020597221626,31.80458914871983,0.0
38.335,-9.229753020220578,-5.86399511428432,31.666504242163285,0.0
38.34,-9.060933077922872,-5.665507256310884,31.51491440697276,0.0
38.345,-8.890279670192307,-5.47789672457705,31.352263726172886,0.0
38.35,-8.72039410168126,-5.301011821278787,31.179135199016716,0.0
38.355000000000004,-8.548988240178675,-5.1354349821722245,30.994357239992954,0.0
38.36,-8.377736506907675,-4.982355275228953,30.80007454130852,0.0
38.365,-8.209283904766178,-4.840618178902859,30.59738616805903,0.0
38.37,-8.041536410008263,-4.709024498784138,30.389645112682164,0.0
38.375,-7.876505010965458,-4.590256057767042,30.173887281153696,0.0
38.38,-7.712475850097117,-4.481318959372625,29.952467741058616,0.0
38.385,-7.550604294642759,-4.383331034237981,29.726122507911175,0.0
38.39,-7.3925019506482705,-4.297088599803338,29.49414868693292,0.0
38.395,-7.238139995831647,-4.2208648177592325,29.25998358453884,0.0
38.4,-7.087764339561502,-4.154648186896552,29.023146737907,0.0
38.405,-6.940261681866066,-4.097541988913956,28.782181836719026,0.0
38.410000000000004,-6.796695821327295,-4.04933867888962,28.54029647838021,0.0
38.415,-6.6584986107399535,-4.010784634059698,28.297381750832052,0.0
38.42,-6.526516008515496,-3.979701644985522,28.05285246162058,0.0
38.425000000000004,-6.399456882129215,-3.9585196979445056,27.80806582390799,0.0
38.43,-6.278083355781788,-3.9440922297896646,27.56434589361585,0.0
38.435,-6.163089889071577,-3.9379669818165395,27.321184761052283,0.0
38.44,-6.050759962972415,-3.9374041824448858,27.079207136201752,0.0
38.445,-5.944700429562115,-3.9447256799102846,26.836890173854602,0.0
38.45,-5.844879462324058,-3.9590349055977816,26.595826558306257,0.0
38.455,-5.749861709173027,-3.9795547291279845,26.35703098661755,0.0
38.46,-5.662056400697601,-4.006637946714938,26.120654072230764,0.0
38.465,-5.579907296406876,-4.039551565886104,25.88614606213508,0.0
38.47,-5.502252230535596,-4.078837723429284,25.65462216938387,0.0
38.475,-5.431737545131764,-4.122905261139735,25.423664341981254,0.0
38.480000000000004,-5.365831397559233,-4.171328304118012,25.196272999198683,0.0
38.485,-5.30558057177777,-4.225450730581941,24.97089177809651,0.0
38.49,-5.251391680530922,-4.285599794936872,24.75059725856533,0.0
38.495,-5.20280831771872,-4.350779391034085,24.533542066581003,0.0
38.5,-5.159147573632599,-4.419167354234239,24.320404530426217,0.0
38.505,-5.122476526185752,-4.4908428124179585,24.110895880558633,0.0
38.51,-5.091711296859397,-4.5681975497542675,23.904854125968694,0.0
38.515,-5.06456602962181,-4.6495279802687275,23.702956915650553,0.0
38.52,-5.043225125863177,-4.734013647651888,23.50508462443145,0.0
38.525,-5.027883389196292,-4.82354332900018,23.31033259667664,0.0
38.53,-5.018120566735173,-4.917319044386925,23.119845489367812,0.0
38.535000000000004,-5.013843599725289,-5.016260274328461,22.936054017782507,0.0
38.54,-5.0145714053653485,-5.1187791726134035,22.756128347303576,0.0
38.545,-5.019637498886831,-5.225015878925927,22.58022263725986,0.0
38.550000000000004,-5.0292024803070206,-5.3343493930260815,22.41060108702497,0.0
38.555,-5.044832244017639,-5.447876860714196,22.246237173917148,0.0
38.56,-5.06393960398467,-5.565723541957212,22.085963957922708,0.0
38.565,-5.0892237003732745,-5.68787608223032,21.932155146803975,0.0
38.57,-5.119426204562208,-5.812660088786429,21.782472193354145,0.0
38.575,-5.153741807394232,-5.942618001375542,21.640153611044603,0.0
38.58,-5.1932748360558785,-6.077245600677924,21.50558596779053,0.0
38.585,-5.2370307806639245,-6.215845121005809,21.375994233822855,0.0
38.59,-5.285087100642136,-6.358347453273095,21.253095441783177,0.0
38.595,-5.339367384344623,-6.506280137685253,21.136366270282082,0.0
38.6,-5.397751037667052,-6.656381848983902,21.029507928350906,0.0
38.605000000000004,-5.460978584703027,-6.810693604356659,20.928332450705184,0.0
38.61,-5.528573681158852,-6.9703988571326665,20.834919898378224,0.0
38.615,-5.601326292268521,-7.132113352666585,20.750345106357358,0.0
38.62,-5.6772628153354425,-7.300448683868861,20.672604881927636,0.0
38.625,-5.75827078506986,-7.471967815249275,20.603372361004556,0.0
38.63,-5.844453906359013,-7.645997410693138,20.542548421105714,0.0
38.635,-5.934181746888814,-7.825595045761351,20.492468364866177,0.0
38.64,-6.027676673474215,-8.008210057394711,20.451623910029593,0.0
38.645,-6.126221446846857,-8.196313704778124,20.42034807499631,0.0
38.65,-6.229826733838277,-8.38693381019514,20.399847524856256,0.0
38.655,-6.337736160948968,-8.582057280799946,20.390070600228253,0.0
38.660000000000004,-6.449460422671787,-8.781916827714813,20.388984260301317,0.0
38.665,-6.56561174407593,-8.983319807599793,20.4002422505732,0.0
38.67,-6.684847378125306,-9.188508047735224,20.42293490153143,0.0
38.675000000000004,-6.811413614759637,-9.395627044567577,20.4571837922875,0.0
38.68,-6.941882534477277,-9.604508026059102,20.504164708225872,0.0
38.685,-7.0749983996266925,-9.816174740011814,20.56519999966348,0.0
38.69,-7.212469579963959,-10.029380229270078,20.637120637763125,0.0
38.695,-7.352582854357838,-10.245552350357526,20.724036914935922,0.0
38.7,-7.498639010993307,-10.461184964975992,20.82512331815448,0.0
38.705,-7.646069782219316,-10.678708717005197,20.939073011785972,0.0
38.71,-7.797725879937507,-10.895178588911412,21.06856574882454,0.0
38.715,-7.953012925889235,-11.11130174116889,21.21221634671542,0.0
38.72,-8.109899871356394,-11.32630697644727,21.37218163062048,0.0
38.725,-8.269343384985511,-11.537505009977584,21.547514018851228,0.0
38.730000000000004,-8.432030405550078,-11.747336650386979,21.737303726152135,0.0
38.735,-8.596537479780407,-11.95255453207928,21.942020425245143,0.0
38.74,-8.764731700465623,-12.15360940722227,22.16219680176365,0.0
38.745,-8.934858587133643,-12.348200128205697,22.39746486446334,0.0
38.75,-9.105359468213754,-12.537698120799751,22.650970849189893,0.0
38.755,-9.277214250055664,-12.718585657942574,22.91802200709449,0.0
38.76,-9.448542934892156,-12.88980015743669,23.201707354665054,0.0
38.765,-9.62070964406833,-13.052131726288176,23.500482219142445,0.0
38.77,-9.791957884008605,-13.20451899416059,23.815524000351957,0.0
38.775,-9.963065360951626,-13.343558051013671,24.1448249882772,0.0
38.78,-10.13118430638055,-13.469308752382478,24.487775089143305,0.0
38.785000000000004,-10.2983077591968,-13.578649007535358,24.84188989338429,0.0
38.79,-10.462340060257189,-13.673409189982635,25.20981517334451,0.0
38.795,-10.62255425044109,-13.751451256113569,25.58907574478297,0.0
38.800000000000004,-10.777512631434403,-13.810251113423464,25.978276402490383,0.0
38.805,-10.929350443905516,-13.851155618097609,26.375965385415356,0.0
38.81,-11.075869579042822,-13.870209776708746,26.78232003024594,0.0
38.815,-11.216239122680655,-13.868666285750303,27.193059309187053,0.0
38.82,-11.349193662204222,-13.846754925722852,27.607179695256313,0.0
38.825,-11.47297453028575,-13.801144775521637,28.02528626937312,0.0
38.83,-11.588829917639021,-13.730588797316447,28.443819248740702,0.0
38.835,-11.695243498531621,-13.635941878245335,28.8600401988512,0.0
38.84,-11.791160832643774,-13.516994364557974,29.272946162972985,0.0
38.845,-11.877365732142762,-13.373933500364895,29.679261429558878,0.0
38.85,-11.952286871851719,-13.20702026625416,30.078388388984624,0.0
38.855000000000004,-12.015185239852036,-13.015619429133334,30.46755381521717,0.0
38.86,-12.065625177010142,-12.802143372310704,30.843331137411585,0.0
38.865,-12.102202802690543,-12.567016557357224,31.20347228420792,0.0
38.87,-12.12671820762812,-12.311005667296815,31.548166373334784,0.0
38.875,-12.136326382040586,-12.034604263490385,31.874658201485314,0.0
38.88,-12.130166421747694,-11.740111088584914,32.17894878584726,0.0
38.885,-12.11111183166642,-11.426863559992503,32.46111360133188,0.0
38.89,-12.077573736012603,-11.098276101834841,32.72054321346956,0.0
38.895,-12.028503856948834,-10.757984769380425,32.955542862099804,0.0
38.9,-11.96503433382562,-10.406113074436211,33.16274753753318,0.0
38.905,-11.887163255065053,-10.043773494621917,33.34324148970557,0.0
38.910000000000004,-11.795535617154906,-9.676884212146001,33.49492789982526,0.0
38.915,-11.688753557170529,-9.303882512938362,33.61892476359511,0.0
38.92,-11.569863547388001,-8.928439991904861,33.71417404421575,0.0
38.925000000000004,-11.437691040905772,-8.554129311816126,33.78098762757097,0.0
38.93,-11.292636877999149,-8.179935444237616,33.819960799417274,0.0
38.935,-11.137688766695298,-7.809928426024207,33.8310489909403,0.0
38.94,-10.971040871729318,-7.446755795946204,33.81487677224104,0.0
38.945,-10.794357338869618,-7.089952012681626,33.773384062073106,0.0
38.95,-10.608611421742772,-6.742932273614857,33.70476104339262,0.0
38.955,-10.41515033702738,-6.405409307256044,33.61402018812113,0.0
38.96,-10.215612603960773,-6.081108089031623,33.49905166666188,0.0
38.965,-10.008857171664253,-5.770177967486635,33.36361810046136,0.0
38.97,-9.797377151432803,-5.47480081941023,33.20822263905876,0.0
38.975,-9.581490267520719,-5.192572044306349,33.03438492631263,0.0
38.980000000000004,-9.361418291939057,-4.9266822382605415,32.84286508453813,0.0
38.985,-9.140044956944841,-4.676580927250652,32.63492918535077,0.0
38.99,-8.917892488260799,-4.440918965851001,32.41416469097105,0.0
38.995,-8.693077156539244,-4.223868814636499,32.17972882957634,0.0
39.0,-8.468590417344227,-4.021255042719637,31.933727793549313,0.0
39.005,-8.245898552181792,-3.8348426740491197,31.677885907581278,0.0
39.01,-8.025727874824662,-3.6642894684201037,31.414201499825396,0.0
39.015,-7.807533446489133,-3.5081605337324686,31.14140310751751,0.0
39.02,-7.592861691814318,-3.3674690594695234,30.862429714931636,0.0
39.025,-7.381610717827635,-3.243730454812937,30.578666677244353,0.0
39.03,-7.174357455877108,-3.1322474174813473,30.29124299338855,0.0
39.035000000000004,-6.971635720957835,-3.0346471990634303,29.999940492925354,0.0
39.04,-6.773181160354213,-2.9505358354441555,29.704767081812417,0.0
39.045,-6.582703920087338,-2.878208789847427,29.40865962263422,0.0
39.050000000000004,-6.397486292539734,-2.817446872199785,29.110019077183225,0.0
39.055,-6.218722071341528,-2.7681921657505972,28.812455651707094,0.0
39.06,-6.046491032877367,-2.7277917891577865,28.51380425649718,0.0
39.065,-5.88124970440679,-2.700349073131743,28.215587717318105,0.0
39.07,-5.721812174001277,-2.6814668189970927,27.918080326240922,0.0
39.075,-5.570072894066966,-2.669943218994366,27.622334705917062,0.0
39.08,-5.425438231529549,-2.667847801923591,27.327500945361823,0.0
39.085,-5.287849783680828,-2.67260814557432,27.034612456350434,0.0
39.09,-5.156425931026037,-2.6857105364797595,26.744099722920854,0.0
39.095,-5.03304018605358,-2.7052621415010516,26.456679748307202,0.0
39.1,-4.917112089059612,-2.7316600661453774,26.171883662407257,0.0
39.105000000000004,-4.808921461996847,-2.7623567554527533,25.891056164118012,0.0
39.11,-4.706293495558952,-2.7994650435372295,25.61333277053883,0.0
39.115,-4.6093220234481596,-2.842330033552843,25.338682881264045,0.0
39.12,-4.520250218255065,-2.8891530319941467,25.066652535736722,0.0
39.125,-4.439277599771545,-2.9402793028680323,24.796821858422565,0.0
39.13,-4.363526764603215,-2.997788114800019,24.531609856312212,0.0
39.135,-4.2952922224576575,-3.0601552292273544,24.26963766836779,0.0
39.14,-4.234029865540166,-3.1252096424337124,24.011529201833664,0.0
39.145,-4.178012931440166,-3.1929975421868986,23.757455493310793,-0.0
39.15,-4.128638602898354,-3.2663280122705074,23.506202655026716,-0.0
39.155,-4.086215469813865,-3.343380112964295,23.25982543425777,-0.0
39.160000000000004,-4.049243086649317,-3.4217618719645424,23.018885084367742,-0.0
39.165,-4.0173130016124405,-3.5051264234062556,22.780491745556933,-0.0
39.17,-3.9915516195137575,-3.5929940097738853,22.548399297620037,-0.0
39.175000000000004,-3.972520454381508,-3.6840755580771702,22.320099247496493,-0.0
39.18,-3.959003914948949,-3.7786844991477353,22.095432021289824,-0.0
39.185,-3.9493876343138603,-3.877647803328767,21.875074254447245,-0.0
39.19,-3.9460180269206795,-3.9793201017553703,21.660600608999335,-0.0
39.195,-3.9482858321703054,-4.085148688222921,21.449966303461117,-0.0
39.2,-3.954362247527272,-4.193023495817302,21.244013737612647,-0.0
39.205,-3.967297542178282,-4.3050110622210696,21.0433790414667,-0.0
39.21,-3.9841323262495973,-4.421911024965879,20.848469210911066,-0.0
39.215,-4.006687188793543,-4.541297988858954,20.65873136541636,-0.0
39.22,-4.033079810596541,-4.665397761879689,20.473030172239323,-0.0
39.225,-4.064911504694344,-4.795438097787306,20.294124728716344,-0.0
39.230000000000004,-4.100999205537275,-4.9272557535123624,20.122455988120883,-0.0
39.235,-4.141008821517738,-5.064528071890645,19.955153003965545,-0.0
39.24,-4.186186294429101,-5.206171568894352,19.794395290856826,-0.0
39.245,-4.2378258500185915,-5.351555424910771,19.639577074784096,-0.0
39.25,-4.292688604849956,-5.500867062671001,19.492105426762603,-0.0
39.255,-4.352160829070565,-5.656842176246931,19.351154881461056,-0.0
39.26,-4.417683715513562,-5.817458833763861,19.216064854883218,-0.0
39.265,-4.487537461830451,-5.983508842392888,19.08749985159549,-0.0
39.27,-4.562473185404402,-6.153741488996709,18.966747062951963,-0.0
39.275,-4.641629308248608,-6.328489372250514,18.853263618097323,-0.0
39.28,-4.726149230395384,-6.509842526518456,18.74848512885725,-0.0
39.285000000000004,-4.814770009408615,-6.6954560654403705,18.652157126527918,-0.0
39.29,-4.907875135593471,-6.887645710225266,18.563231686399995,-0.0
39.295,-5.006697054320531,-7.083911345188267,18.484226626314918,-0.0
39.300000000000004,-5.110046875442648,-7.286353787369212,18.413957355374393,-0.0
39.305,-5.219090119659998,-7.49643863976815,18.353906342858394,-0.0
39.31,-5.332880409128111,-7.710629497172101,18.30500134938029,-0.0
39.315,-5.452691949538915,-7.931785315053395,18.2672169511585,-0.0
39.32,-5.578027387012835,-8.157622364746885,18.23933094488821,-0.0
39.325,-5.707003592676813,-8.388126659543037,18.221622438819793,-0.0
39.33,-5.84009959393204,-8.624261824612132,18.217482348984056,-0.0
39.335,-5.979030196635174,-8.86627852696035,18.227334382214003,-0.0
39.34,-6.123291839887007,-9.11399437744887,18.24767571412581,-0.0
39.345,-6.273197712906732,-9.365683968772823,18.28399414726405,-0.0
39.35,-6.428068803461056,-9.624675951314549,18.335077397658033,-0.0
39.355000000000004,-6.5881329072849235,-9.886174209067052,18.399454190233058,-0.0
39.36,-6.752278907633694,-10.153106974877169,18.47957708759713,-0.0
39.365,-6.92154073182398,-10.42383910939879,18.576752581568478,-0.0
39.37,-7.096679329052211,-10.697701325647298,18.690947565556527,-0.0
39.375,-7.2761397963614325,-10.975354543821453,18.82080022609211,-0.0
39.38,-7.461564023639131,-11.25329716086247,18.968554594981725,-0.0
39.385,-7.651109539187566,-11.534243302629697,19.135589764239253,-0.0
39.39,-7.844664785040863,-11.815758226602137,19.322076105320352,-0.0
39.395,-8.04327767775788,-12.096809796695918,19.528463683534547,-0.0
39.4,-8.246457889566221,-12.376933492574992,19.755260313606087,-0.0
39.405,-8.453586050866473,-12.654820870536412,20.002115914062863,-0.0
39.410000000000004,-8.66261537717013,-12.928318139050829,20.268997470444955,-0.0
39.415,-8.877754325564243,-13.19844584444487,20.55986304026444,-0.0
39.42,-9.092873409090824,-13.462569867393366,20.872197867650176,-0.0
39.425000000000004,-9.311145899487338,-13.719554960391983,21.20532342176494,-0.0
39.43,-9.530450948831124,-13.967751853647062,21.56172453148576,-0.0
39.435,-9.752553220836356,-14.204686939634675,21.940209826112998,-0.0
39.44,-9.974174788248964,-14.429172781896067,22.340838888533934,-0.0
39.445,-10.196725249664556,-14.6389364714916,22.7630065002589,-0.0
39.45,-10.419340787183424,-14.832842576125955,23.206649982733484,-0.0
39.455,-10.63964072431121,-15.008772238847175,23.669519525509052,-0.0
39.46,-10.85881578493122,-15.163881187670038,24.152255466440373,-0.0
39.465,-11.074927375110185,-15.297391770605739,24.653425218172867,-0.0
39.47,-11.28534049303903,-15.407471278052927,25.172820469786377,-0.0
39.475,-11.491439912804726,-15.489647713209365,25.707432529148857,-0.0
39.480000000000004,-11.691062989262504,-15.5449201157386,26.254440432686707,-0.0
39.485,-11.882910443093051,-15.569296846521604,26.814231183759496,-0.0
39.49,-12.066879415088273,-15.562371323310627,27.38177734004461,-0.0
39.495,-12.241497346014782,-15.522080988448822,27.954541807782327,-0.0
39.5,-12.405318884828718,-15.446641577907426,28.53145103786272,-0.0
39.505,-12.55779139170914,-15.335767537368756,29.10859625390934,-0.0
39.51,-12.69698436890577,-15.189860035894274,29.68322081086361,-0.0
39.515,-12.822775645122318,-15.006831531959515,30.25189917648438,-0.0
39.52,-12.931996656782946,-14.786009247536917,30.81086858376548,-0.0
39.525,-13.025103452434013,-14.530448475551895,31.357515081144168,-0.0
39.53,-13.099828894822451,-14.238825460209084,31.885844244132503,-0.0
39.535000000000004,-13.156325714897115,-13.913677677179905,32.3931513963394,-0.0
39.54,-13.193346203062172,-13.55543171618144,32.876718479079635,-0.0
39.545,-13.212128835862767,-13.166045362235465,33.33250892502232,-0.0
39.550000000000004,-13.210119355376406,-12.748424623299185,33.758408353737096,-0.0
39.555,-13.186755380991373,-12.304365471386978,34.15023191958237,-0.0
39.56,-13.142893261594681,-11.837614115063547,34.505133235985745,-0.0
39.565,-13.076149063452915,-11.350334620994659,34.822037413295064,-0.0
39.57,-12.9911235259954,-10.84765408983797,35.09994721896956,-0.0
39.575,-12.88378966722912,-10.332128099236792,35.337171235776594,-0.0
39.58,-12.756782676796798,-9.808728898669074,35.53161552981958,-0.0
39.585,-12.609095228384703,-9.278991557089425,35.683741768482946,-0.0
39.59,-12.441604502402807,-8.749143164264161,35.79320782948345,-0.0
39.595,-12.256928234137847,-8.21986091614269,35.85999998299254,-0.0
39.6,-12.055920593493061,-7.697185206617574,35.885048190687215,-0.0
39.605000000000004,-11.839513457863273,-7.183593966595358,35.87090813156032,-0.0
39.61,-11.605819713407248,-6.68148654248718,35.81901716755804,-0.0
39.615,-11.358622489777602,-6.194030352794625,35.72864753603291,-0.0
39.62,-11.100706270992577,-5.723470859490808,35.60401553626472,-0.0
39.625,-10.8316376438274,-5.272827035192043,35.44608229986186,-0.0
39.63,-10.554343963890819,-4.842465911041573,35.257846022384385,-0.0
39.635,-10.268160518472332,-4.435724904992727,35.043367727220954,-0.0
39.64,-9.97679746644024,-4.051955858198165,34.80368946620025,-0.0
39.645,-9.68052641936386,-3.6927589128452043,34.54210521951679,-0.0
39.65,-9.380488465008025,-3.3573355289409683,34.25953286443809,-0.0
39.655,-9.078896103024809,-3.0480108240481143,33.9603426731494,-0.0
39.660000000000004,-8.777405465795912,-2.7629905993438335,33.646931200991474,-0.0
39.665,-8.476656274646077,-2.500950183184546,33.31997989094193,-0.0
39.67,-8.17804051525949,-2.2625403144587417,32.98202945693351,-0.0
39.675000000000004,-7.883806968223114,-2.046638496888758,32.63463910717147,-0.0
39.68,-7.591318768365109,-1.8521846514415572,32.28054442270105,-0.0
39.685,-7.304905228492705,-1.6814977995161078,31.92046826447987,-0.0
39.69,-7.023902309515284,-1.5289551761947249,31.555488800804433,-0.0
39.695,-6.749169005800641,-1.3965250959089466,31.188207114768204,-0.0
39.7,-6.4813796007536375,-1.2821626647911282,30.81890177719282,-0.0
39.705,-6.221326358053865,-1.18405621654182,30.448143489682117,-0.0
39.71,-5.969540158648138,-1.1024354609147773,30.079469610368854,-0.0
39.715,-5.726087355055974,-1.0357071956596096,29.710921341653012,-0.0
39.72,-5.49187688748187,-0.981316675057461,29.344322552228437,-0.0
39.725,-5.266691221179067,-0.9396408747552295,28.978303824019047,-0.0
39.730000000000004,-5.051268759365189,-0.9083876701421802,28.616866846652893,-0.0
39.735,-4.845115857600292,-0.8884791126295946,28.256942246583492,-0.0
39.74,-4.647779505673999,-0.8780129183299421,27.901425415398666,-0.0
39.745,-4.459575713359155,-0.8747645906806326,27.549643209610498,-0.0
39.75,-4.279471037890328,-0.8804710410762087,27.202116303575945,-0.0
39.755,-4.109975012166155,-0.8929435334510203,26.857915108314227,-0.0
39.76,-3.9484875901416,-0.9128574156711152,26.517736451772514,-0.0
39.765,-3.7974510759668787,-0.9372279764896282,26.182541108340754,-0.0
39.77,-3.6541847685352558,-0.9667145226581031,25.851321213482432,-0.0
39.775,-3.520238731623869,-1.0015529048951377,25.52410374696567,-0.0
39.78,-3.394428311424091,-1.0404032736390532,25.202046773871373,-0.0
39.785000000000004,-3.277008214716494,-1.0842575764516784,24.883540447433216,-0.0
39.79,-3.167640755985435,-1.1289868633729816,24.56928929549992,-0.0
39.795,-3.065702410681762,-1.178290564593668,24.260221910230698,-0.0
39.800000000000004,-2.971846339719324,-1.2297863885324243,23.955105323309635,-0.0
39.805,-2.8852340665943417,-1.2821780925054589,23.652507958239873,-0.0
39.81,-2.804679301334103,-1.3374238815000394,23.355532900379615,-0.0
39.815,-2.7306886204140235,-1.3962984077790475,23.063928369715235,-0.0
39.82,-2.663981625214564,-1.4565297345253037,22.775331609956503,-0.0
39.825,-2.6037823230707615,-1.5177746076618266,22.49126884375245,-0.0
39.83,-2.5498408723859924,-1.5811627955343504,22.211675302787064,-0.0
39.835,-2.5011769228803504,-1.6468421203838823,21.935299239938672,-0.0
39.84,-2.4588858436067373,-1.7137519001904555,21.662102252013,-0.0
39.845,-2.422702408190292,-1.7828446407271261,21.394087761107517,-0.0
39.85,-2.3901301446031207,-1.8546762088892965,21.13124567432441,-0.0
39.855000000000004,-2.3637265094331026,-1.9281260483379914,20.87222198717751,-0.0
39.86,-2.3411404172415304,-2.0014375616348237,20.61776083704279,-0.0
39.865,-2.3242281148028887,-2.0779205038031567,20.36591747524845,-0.0
39.87,-2.310747776941667,-2.15559930721659,20.118343936827564,-0.0
39.875,-2.30242000027322,-2.234638622510162,19.875599400453833,-0.0
39.88,-2.2975119328483684,-2.315742507813215,19.634499034252766,-0.0
39.885,-2.2985255974093217,-2.400284731589195,19.40040404578204,-0.0
39.89,-2.304250200797919,-2.4875358858437666,19.169161181175504,-0.0
39.895,-2.313061465056607,-2.5772825308622522,18.94244451940103,-0.0
39.9,-2.3261812040351724,-2.6690696130953833,18.71901741670419,-0.0
39.905,-2.343243450785,-2.7631286324465836,18.500254798223185,-0.0
39.910000000000004,-2.363858751991645,-2.8604276958585606,18.284605132511803,-0.0
39.915,-2.3894014540058564,-2.9608700232929595,18.074321645378024,-0.0
39.92,-2.4172577737529535,-3.064095579680031,17.868281464960933,-0.0
39.925000000000004,-2.450166061090187,-3.1696156726608122,17.667413117500434,-0.0
39.93,-2.4864530249777976,-3.280921736260326,17.470945995796452,-0.0
39.935,-2.5264619952103744,-3.3948362073970433,17.27884067433228,-0.0
39.94,-2.569266238142927,-3.5135028121586602,17.089815967185025,-0.0
39.945,-2.6164062242679735,-3.634194641935869,16.907460616035888,-0.0
39.95,-2.667801561056809,-3.7609828954303506,16.72964063013733,-0.0
39.955,-2.7229803341410097,-3.8911113771425683,16.55581814982071,-0.0
39.96,-2.78147231630489,-4.027884031858273,16.386810065386374,-0.0
39.965,-2.8442556147486138,-4.168593591445561,16.224041868276032,-0.0
39.97,-2.9095653336305727,-4.314735936595901,16.067139769253146,-0.0
39.975,-2.9789999856092875,-4.4664563985964145,15.91586176163915,-0.0
39.980000000000004,-3.053145197064893,-4.624901543247183,15.769084125834068,-0.0
39.985,-3.1305208524091888,-4.788273086093253,15.629849526536256,-0.0
39.99,-3.21352572271953,-4.956975678404123,15.496789955226573,-0.0
39.995,-3.301919233919591,-5.133838904992619,15.370948042653046,-0.0
40.0,-3.3925870216035054,-5.317210533722155,15.249883149940821,-0.0
40.005,-3.4887923455132155,-5.507591689193662,15.137784238728267,-0.0
40.01,-3.5903755029597404,-5.7032957730112,15.032538328670105,-0.0
40.015,-3.69548882189446,-5.907611816173995,14.93445100840292,-0.0
40.02,-3.805840390645455,-6.120394324834012,14.843626207906144,-0.0
40.025,-3.9215552992740497,-6.341070393111813,14.762098865888463,-0.0
40.03,-4.043022689374243,-6.568980748191425,14.689142695285094,-0.0
40.035000000000004,-4.1699428279254995,-6.80568658655698,14.627047240874774,-0.0
40.04,-4.301320191044297,-7.050020716446457,14.57401683480054,-0.0
40.045,-4.4390943457749845,-7.302854557191718,14.53083578402327,-0.0
40.050000000000004,-4.582455418501969,-7.56611378855156,14.499425806460627,-0.0
40.055,-4.731366889556038,-7.8369685989781495,14.480253652434357,-0.0
40.06,-4.885932771893798,-8.117082909150692,14.472608775301914,-0.0
40.065,-5.047107924102421,-8.407423859195212,14.47857297755839,-0.0
40.07,-5.21599190073123,-8.70603749580553,14.498114425526024,-0.0
40.075,-5.391052052842163,-9.01471249114749,14.531690990468524,-0.0
40.08,-5.5732351957299056,-9.332252878614367,14.580303512172827,-0.0
40.085,-5.760766543652281,-9.65969051544278,14.645446614328305,-0.0
40.09,-5.955989630411128,-9.996062265825653,14.72745487150329,-0.0
40.095,-6.15767792321485,-10.342004511957894,14.829157304560747,-0.0
40.1,-6.367616540759505,-10.696296574216412,14.949929052967963,-0.0
40.105000000000004,-6.58511653451491,-11.058211654554798,15.091063789068713,-0.0
40.11,-6.808743892229466,-11.42707257365418,15.254691182060169,-0.0
40.115,-7.0392529322818485,-11.803752260106037,15.43897028087242,-0.0
40.12,-7.2779512540411835,-12.188148049594545,15.649015581128268,-0.0
40.125,-7.523484231634681,-12.576499826553876,15.88474748445494,-0.0
40.13,-7.776350814678308,-12.969737044001976,16.146800544774884,-0.0
40.135,-8.035905422993654,-13.36592860503329,16.435904463621206,-0.0
40.14,-8.303641698698407,-13.762861213978331,16.754149116072774,-0.0
40.145,-8.575746802019705,-14.160812689504336,17.102488501711743,-0.0
40.15,-8.855169100591766,-14.557466292894032,17.481472326440045,-0.0
40.155,-9.13966652507469,-14.950011188592155,17.892625008089258,-0.0
40.160000000000004,-9.42971944770981,-15.337231590128077,18.336812479281868,-0.0
40.165,-9.725298240881523,-15.715964690111859,18.815445986224532,-0.0
40.17,-10.024514212025037,-16.08520116936123,19.32959833660681,-0.0
40.175000000000004,-10.326800304574713,-16.440458316240477,19.877752759678877,-0.0
40.18,-10.631467303409075,-16.777869441708404,20.46116918620206,-0.0
40.185,-10.938616636872268,-17.09358340200398,21.0799802160803,-0.0
40.19,-11.24661494818507,-17.386714298432558,21.733826454684845,-0.0
40.195,-11.553326871745165,-17.651778946201055,22.4214535107797,-0.0
40.2,-11.858348499640636,-17.88503848616507,23.141643615249556,-0.0
40.205,-12.159614377132073,-18.0840271766745,23.893180402450422,-0.0
40.21,-12.455300517625076,-18.243498167749298,24.6733236701226,-0.0
40.215,-12.743852731017101,-18.35921017378572,25.480350430220845,-0.0
40.22,-13.023978271706252,-18.42807552359735,26.311259713805473,-0.0
40.225,-13.293733103875466,-18.44613763946733,27.1606133724164,-0.0
40.230000000000004,-13.552126418543665,-18.41056068778124,28.023432658806314,-0.0
40.235,-13.795375230810702,-18.316752542084007,28.897913414860664,-0.0
40.24,-14.02213175539637,-18.162750061147758,29.776032525917316,-0.0
40.245,-14.229708381485848,-17.94758549516736,30.653253444600846,-0.0
40.25,-14.416471451835967,-17.669800393841825,31.52094903723524,0.0
40.255,-14.579571365583197,-17.32695621533548,32.37380033816996,0.0
40.26,-14.716820507365348,-16.921759536075335,33.20503445230759,0.0
40.265,-14.827267403403265,-16.4530433644637,34.008256544165604,0.0
40.27,-14.90918049149982,-15.925462801064363,34.77482799801969,0.0
40.275,-14.959080097208936,-15.34049441042401,35.49884151754283,0.0
40.28,-14.977750226165513,-14.703065001847534,36.17331509132121,0.0
40.285000000000004,-14.963395228551548,-14.018099312335744,36.79220481597584,0.0
40.29,-14.916558810336612,-13.290937245531149,37.35008213585439,0.0
40.295,-14.835379523631495,-12.52804160598439,37.84341544041556,0.0
40.300000000000004,-14.720682372907985,-11.735331503695486,38.267095088977264,0.0
40.305,-14.57212236936448,-10.920134453019744,38.6196358213218,0.0
40.31,-14.389259362766065,-10.09320088245007,38.901036427595145,0.0
40.315,-14.174575480104151,-9.259612405528555,39.10835717311581,0.0
40.32,-13.929503014928235,-8.426912228233377,39.244566357263245,0.0
40.325,-13.654610504905342,-7.601654643586281,39.307884371098815,0.0
40.33,-13.352031458398336,-6.792461376992265,39.30268876508714,0.0
40.335,-13.023666870911844,-6.0046326940197785,39.231681849442204,0.0
40.34,-12.673318095251197,-5.243396058240381,39.09813116238716,0.0
40.345,-12.303004028074264,-4.513661009893614,38.90846151214047,0.0
40.35,-11.913487012485625,-3.8204874410170486,38.668117054066876,0.0
40.355000000000004,-11.507476444119792,-3.166543303188626,38.38092555721764,0.0
40.36,-11.089660939465755,-2.553570511642862,38.05152529717036,0.0
40.365,-10.662079589985936,-1.9827495208770776,37.6866268738431,0.0
40.37,-10.228531699711318,-1.4569391646414729,37.291003168182094,0.0
40.375,-9.79020191320822,-0.9750935489119744,36.86909852188431,0.0
40.38,-9.34963882783387,-0.5357737203010137,36.42475136517048,0.0
40.385,-8.90903699788339,-0.13918606492718882,35.96412707242426,0.0
40.39,-8.471601575965495,0.21618610618265577,35.49025639905406,0.0
40.395,-8.036881419139034,0.5317563729535411,35.00873388552816,0.0
40.4,-7.60840379170742,0.8102428676940763,34.52066692962191,0.0
40.405,-7.186315735720858,1.0542966887113179,34.030866832235006,0.0
40.410000000000004,-6.774803189883746,1.2647451717959213,33.539419489879364,0.0
40.415,-6.372726317440465,1.445304407534911,33.05063983593138,0.0
40.42,-5.982300403565156,1.5992577184054173,32.56481476305878,0.0
40.425000000000004,-5.603492787142777,1.7267273068215039,32.082621022841664,0.0
40.43,-5.238024054776421,1.8328902312409683,31.60666398424769,0.0
40.435,-4.884707233631924,1.918069353334641,31.137803900460987,0.0
40.44,-4.545076161178688,1.9846362704165599,30.67439628457246,0.0
40.445,-4.219013759717448,2.0364146334497333,30.219908449813133,0.0
40.45,-3.9067051843332883,2.0728308358745053,29.773647663589525,0.0
40.455,-3.6068357644923856,2.0965584818769814,29.33566294979354,0.0
40.46,-3.3215271598008345,2.1105567063804007,28.908358907048303,0.0
40.465,-3.050300342811964,2.1141612974124504,28.487793980309878,0.0
40.47,-2.7916821223415953,2.1105508364813628,28.075477399213757,0.0
40.475,-2.5467924424897714,2.1017616423931162,27.67145636395417,0.0
40.480000000000004,-2.313820769250418,2.0877159617304613,27.27551294358036,0.0
40.485,-2.093407098780542,2.0683157579941924,26.887621315924278,0.0
40.49,-1.8845576262437396,2.0458454006308395,26.507045332050065,0.0
40.495,-1.6876218940038252,2.0209800050689393,26.134953054154963,0.0
40.5,-1.502537370148925,1.9956250899119765,25.7682661186587,0.0
40.505,-1.3271084463952214,1.9693041773415465,25.41002945588967,0.0
40.51,-1.1612997140499235,1.9430074548517426,25.05686881386064,0.0
40.515,-1.0050961941148286,1.915710970640802,24.712407856740196,0.0
40.52,-0.8586055133197087,1.8915125469065264,24.373721349218542,0.0
40.525,-0.7214701070609216,1.866365768508196,24.040989800216693,0.0
40.53,-0.5917451613565662,1.8426841665849218,23.712303985981215,0.0
40.535000000000004,-0.4691721924663405,1.8195953999864303,23.389571725107768,0.0
40.54,-0.35508990705802185,1.8007237525796276,23.072576882728885,0.0
40.545,-0.24814113730446138,1.7831296522713396,22.76135438430317,0.0
40.550000000000004,-0.14673324524064124,1.766195546134781,22.45508236306239,0.0
40.555,-0.05239514890688743,1.7526787387790592,22.15434565233249,0.0
40.56,0.03780198671697775,1.7414598757682613,21.858700434621902,0.0
40.565,0.12281326791635676,1.73286119174854,21.56629183762165,0.0
40.57,0.20329174912297807,1.728148601562245,21.279096906145924,0.0
40.575,0.2798549066082756,1.7264955546714447,20.996092512167742,0.0
40.58,0.3513632852949686,1.7284220945066797,20.717766481887878,0.0
40.585,0.4190011995229671,1.7316039043680673,20.445436149245925,0.0
40.59,0.48485803547379647,1.738802430707673,20.1752446076236,0.0
40.595,0.5479038527198761,1.7489181337355664,19.911246780183795,0.0
40.6,0.6084272598547983,1.7623155070283625,19.649986466885085,0.0
40.605000000000004,0.666482184881166,1.7782949485539155,19.393806706137102,0.0
40.61,0.722794399975397,1.7978922799026604,19.14151911784582,0.0
40.615,0.7762769225356433,1.8202674553381588,18.892549523773674,0.0
40.62,0.8294256336645202,1.849250099422229,18.64707084840497,0.0
40.625,0.8800087657485043,1.8790425958140546,18.40547784597139,0.0
40.63,0.9294358928084278,1.9115252883694718,18.1677075170959,0.0
40.635,0.9777870120116683,1.9482556492384342,17.934276756005104,0.0
40.64,1.0261528928297015,1.9871733698321894,17.703302279681786,0.0
40.645,1.073649085578641,2.0301825056123026,17.47737561785985,0.0
40.65,1.1213173169890327,2.0767816589312518,17.255307474783216,0.0
40.655,1.170986167823166,2.1265643498528934,17.036452470017274,0.0
40.660000000000004,1.2199933740823838,2.1809241445260645,16.822151357522092,0.0
40.665,1.2663193862677893,2.237373318657445,16.609192069872105,0.0
40.67,1.3155612210275585,2.297293298083045,16.403577199320914,0.0
40.675000000000004,1.3648287794069027,2.3613797241836005,16.20011982519018,0.0
40.68,1.4151230907702983,2.4301499311908,15.999749018798951,0.0
40.685,1.4651917597722124,2.5028265706849173,15.803712297787369,0.0
40.69,1.51653549148722,2.580376585496286,15.611394194607533,0.0
40.695,1.5696183558142403,2.6599963759805334,15.421784270717303,0.0
40.7,1.624221628085045,2.744172349244868,15.237815550597363,0.0
40.705,1.6808734916612638,2.8341049401568297,15.056156628646507,0.0
40.71,1.7384482791326397,2.929297892926084,14.879162329607567,0.0
40.715,1.7975104045290125,3.029428452956317,14.706084571684249,0.0
40.72,1.8581710207332174,3.1341202598157967,14.537154483144661,0.0
40.725,1.9212976823467984,3.2435005081358796,14.372773422722222,0.0
40.730000000000004,1.9882987554180591,3.357334626928511,14.212238379574167,0.0
40.735,2.056993940019326,3.477597718470956,14.056823221060565,0.0
40.74,2.128729218815327,3.6044733100286694,13.90515144263433,0.0
40.745,2.202349479923185,3.736295239000738,13.757294352815215,0.0
40.75,2.28037562215768,3.874839662399561,13.613074354073918,0.0
40.755,2.360144748785247,4.019701096188127,13.474999734308692,0.0
40.76,2.4428988923154877,4.171964127446422,13.342324224126518,0.0
40.765,2.5294292056071255,4.329104869703399,13.214777533626881,0.0
40.77,2.619549945467294,4.494402902433696,13.093303010125338,0.0
40.775,2.7134267511188046,4.666485717324225,12.97635619242497,0.0
40.78,2.8114939420799465,4.8471606155141265,12.865048154634819,0.0
40.785000000000004,2.912733454193632,5.036631303498776,12.761831697462156,0.0
40.79,3.0196363651105096,5.232188087302418,12.66474556515974,0.0
40.795,3.129662209671647,5.438652717786003,12.575539198939179,0.0
40.800000000000004,3.245617493563682,5.652687091069474,12.492115988030497,0.0
40.805,3.3650902007900245,5.875613524505024,12.416600123984605,0.0
40.81,3.490237177277805,6.109413220025063,12.35014933491736,0.0
40.815,3.620526595678703,6.353081652570581,12.291337032039603,0.0
40.82,3.757017590008128,6.605416241110876,12.242964368496523,0.0
40.825,3.89906844067422,6.868791636272945,12.203729616040642,0.0
40.83,4.047126792023497,7.1414997784574785,12.17503180310901,0.0
40.835,4.20204545843709,7.425696772093256,12.158526822174748,0.0
40.84,4.362459111712256,7.720931463074521,12.152159865296865,0.0
40.845,4.53022544066786,8.028448911534252,12.158126241317953,0.0
40.85,4.704867405256776,8.346261223115324,12.17925045407319,0.0
40.855000000000004,4.886854553872519,8.675501318842068,12.21379125201213,0.0
40.86,5.075831439891883,9.017507390152298,12.263217441858583,0.0
40.865,5.274432528092005,9.372126316361937,12.328818799475538,0.0
40.87,5.479718305557504,9.73816681129239,12.411773166381076,0.0
40.875,5.692914234806844,10.115819008592485,12.513892745665244,0.0
40.88,5.914252649507794,10.505512644217813,12.634971698578736,0.0
40.885,6.143412045070171,10.90754387621979,12.776199018399623,0.0
40.89,6.3818362190029605,11.320051696501032,12.940765269883707,0.0
40.895,6.627868074591172,11.744290736627564,13.128550892472576,0.0
40.9,6.8835141723477795,12.17683612203926,13.343424455524227,0.0
40.905,7.1474043739415345,12.619604361630364,13.585520251484313,0.0
40.910000000000004,7.420337538915857,13.07143074305447,13.854729633242552,0.0
40.915,7.705199867329319,13.531023265684686,14.154765696586763,0.0
40.92,7.996776048945554,13.996677449591402,14.486288647651277,0.0
40.925000000000004,8.296463875177981,14.466659412611989,14.852662210046121,0.0
40.93,8.6048471869118,14.93874548188956,15.2557734391899,0.0
40.935,8.92078558632345,15.412454969438864,15.69461244136072,0.0
40.94,9.245658413866506,15.883858749499545,16.171708700024848,0.0
40.945,9.57743980520686,16.350966777208786,16.691074537073373,0.0
40.95,9.916218621664726,16.811658699639732,17.25257985177928,0.0
40.955,10.260540510121318,17.26050837296233,17.855966009238728,0.0
40.96,10.609277978485977,17.69497241454442,18.50302588536653,0.0
40.965,10.962982833348333,18.10913706258722,19.19509711304432,0.0
40.97,11.32054148796511,18.501021440662672,19.931641982440794,0.0
40.975,11.679393114118842,18.865049136227682,20.712524349674457,0.0
40.980000000000004,12.038227156479747,19.196474813983013,21.537925069938602,0.0
40.985,12.39761200295359,19.489807383941553,22.406414931458382,0.0
40.99,12.752109632922124,19.73940342928299,23.315661378613857,0.0
40.995,13.102976765220294,19.93981681808969,24.263548578949063,0.0
41.0,13.443727637136988,20.085607798009107,25.247591410817307,0.0
41.005,13.776268217566075,20.171569096050078,26.260894994451576,0.0
41.01,14.096014532858739,20.19083482250678,27.30045083026514,0.0
41.015,14.400888523108009,20.13953417020645,28.35943731889684,0.0
41.02,14.687682031559566,20.012597624327086,29.431429810788675,0.0
41.025,14.953654905166294,19.80775017209964,30.507732856128552,0.0
41.03,15.196606589817984,19.52120989518796,31.582731450673762,0.0
41.035000000000004,15.412017127022182,19.151834169822784,32.64495500645787,0.0
41.04,15.598857078391934,18.699452612166105,33.686334037609384,0.0
41.045,15.75350118834834,18.162461627113302,34.69592369039686,0.0
41.050000000000004,15.875831077183955,17.54367359539396,35.66435809209625,0.0
41.055,15.95880051274496,16.847618468916085,36.58219363108032,0.0
41.06,16.002674079078155,16.08036687493872,37.43812554812338,0.0
41.065,16.006025307747286,15.245353981240946,38.225161858225206,0.0
41.07,15.967211431202658,14.349835794087705,38.93552228685356,0.0
41.075,15.887487072412746,13.405418234897931,39.55951441255501,0.0
41.08,15.762319028461203,12.42055451164657,40.095688971353155,0.0
41.085,15.596261173348076,11.404306031137223,40.54048050048346,0.0
41.09,15.387973333236856,10.369912299807366,40.8893532974353,0.0
41.095,15.137814514003827,9.325952662239049,41.14143144992028,0.0
41.1,14.847230753618744,8.284543528203972,41.298245593321845,0.0
41.105000000000004,14.519373155832435,7.255302147912701,41.36304707597951,0.0
41.11,14.15607246505707,6.24910071077257,41.338752470309686,0.0
41.115,13.761042719967145,5.273628656886388,41.230007836593494,0.0
41.12,13.335672562901943,4.335054543404229,41.04321023837564,0.0
41.125,12.885790234984313,3.441965215227506,40.78562056278242,0.0
41.13,12.4142176842482,2.600785189070908,40.46283666373674,0.0
41.135,11.92313326790477,1.813677653228189,40.08476462952539,0.0
41.14,11.416927222691095,1.0837364423803222,39.6577969401174,0.0
41.145,10.900466421849835,0.4127718565117312,39.19043465183413,0.0
41.15,10.375489918188073,-0.19923885418526588,38.69062489375185,0.0
41.155,9.846208514057057,-0.7519864609111343,38.165037932707165,0.0
41.160000000000004,9.315526819548863,-1.2481549605002646,37.618350483371145,0.0
41.165,8.78859556944581,-1.6900516821076996,37.058696419704006,0.0
41.17,8.263764133793378,-2.079749890396029,36.49090910935858,0.0
41.175000000000004,7.746690016905648,-2.4205260954084338,35.919362335936974,0.0
41.18,7.239387348953959,-2.715581573905445,35.34615340405799,0.0
41.185,6.741173775641544,-2.9683792547170453,34.7761588143167,0.0
41.19,6.25515340733933,-3.1816900003660527,34.21194027255443,0.0
41.195,5.7844065679785865,-3.3587160975662713,33.65549472825227,0.0
41.2,5.326723743018068,-3.505408641521606,33.111174807331786,0.0
41.205,4.886423690378716,-3.6236896908808762,32.57598694216363,0.0
41.21,4.460722887016908,-3.717385096700923,32.05326659784009,0.0
41.215,4.052377489462805,-3.789413383091681,31.54190004483618,0.0
41.22,3.659529200370598,-3.842525030392484,31.044355667171782,0.0
41.225,3.28449733145506,-3.8793331218612823,30.55968656866029,0.0
41.230000000000004,2.9258040103526906,-3.901644165483554,30.08857534112961,0.0
41.235,2.584530942871168,-3.913443417403119,29.629974497438397,0.0
41.24,2.259805860564785,-3.9156858506451773,29.184333335880304,0.0
41.245,1.9496101001073873,-3.909000712294005,28.750934202128217,0.0
41.25,1.656208353090255,-3.8962846205744706,28.329172331695727,0.0
41.255,1.3780285239915098,-3.8813301761061347,27.919157702641886,0.0
41.26,1.1153174215688089,-3.8613171403141004,27.519208235915347,0.0
41.265,0.8678449199649275,-3.8392856612973896,27.131029166290457,0.0
41.27,0.6329619250146012,-3.8166219366311047,26.753948373136478,0.0
41.275,0.4109498101432969,-3.7946500055370715,26.385231212429634,0.0
41.28,0.20027126368707138,-3.772490406560842,26.024731038350605,0.0
41.285000000000004,0.00093644209221172,-3.7513725495469954,25.673989249644304,0.0
41.29,-0.1875034628962704,-3.733281942465322,25.33239469969308,0.0
41.295,-0.36588345863625604,-3.717631276639742,24.998899322180137,0.0
41.300000000000004,-0.5336881515312446,-3.705160626195275,24.672857304582017,0.0
41.305,-0.6918338228169423,-3.6953707995799396,24.354416565369537,0.0
41.31,-0.8416715041162652,-3.689656758408514,24.042327326892643,0.0
41.315,-0.9851801187952779,-3.6866603512610667,23.736517422366088,0.0
41.32,-1.1211617408491956,-3.6891509004607386,23.43784194811146,0.0
41.325,-1.2492251177571716,-3.69573633359833,23.14606833691198,0.0
41.33,-1.3711037372301758,-3.7065825590539747,22.860921885351747,0.0
41.335,-1.4869892704694068,-3.7230795498846487,22.581678627206422,0.0
41.34,-1.599179245469983,-3.7437006586276698,22.307522551321306,0.0
41.345,-1.7071931151574533,-3.7706537695514024,22.039936173990114,0.0
41.35,-1.8098374630020428,-3.8028036093967095,21.77882210830016,0.0
41.355000000000004,-1.9098205677079505,-3.840492261918589,21.52416514244138,0.0
41.36,-2.0073248507078416,-3.883407833180976,21.273527287109182,0.0
41.365,-2.100234882501155,-3.9319644316501603,21.028973620368852,0.0
41.37,-2.191601133280596,-3.9859409989160577,20.790089042252635,0.0
41.375,-2.280992627720791,-4.04483781054765,20.556808087981167,0.0
41.38,-2.368542827373654,-4.1096605396011325,20.328293726337108,0.0
41.385,-2.4568154796314143,-4.181600864745073,20.105056663931823,0.0
41.39,-2.542999266474806,-4.258521854478827,19.887697937573357,0.0
41.395,-2.6290056088373874,-4.340375901750463,19.67739278345621,0.0
41.4,-2.715175317244864,-4.428480576197555,19.47195603050912,0.0
41.405,-2.8008090075103675,-4.521800615826642,19.272907384617948,0.0
41.410000000000004,-2.886028025207483,-4.622954707004616,19.07997158710392,0.0
41.415,-2.97366535976881,-4.7286162507506715,18.892746302821198,0.0
41.42,-3.0607721779037975,-4.840957223704516,18.712323166559685,0.0
41.425000000000004,-3.1496134478374356,-4.95725087913318,18.535770880728258,0.0
41.43,-3.240199992483534,-5.081885388006488,18.366120287334585,0.0
41.435,-3.3325582246927627,-5.213053718066715,18.203228518883723,0.0
41.44,-3.4262578980935037,-5.349888182619421,18.046444824986047,0.0
41.445,-3.521148911604814,-5.493882844224901,17.897273542944298,0.0
41.45,-3.6199881918066237,-5.64392354700436,17.755492152752925,0.0
41.455,-3.7219767968909476,-5.799893547498043,17.62071235852285,0.0
41.46,-3.8259160453646497,-5.963367661357907,17.493515615488104,0.0
41.465,-3.933148042610011,-6.135777010452175,17.373527526351964,0.0
41.47,-4.04460191636973,-6.313005749431613,17.26210658386497,0.0
41.475,-4.159795039706566,-6.49785327775879,17.161224285092494,0.0
41.480000000000004,-4.2768557194676236,-6.69091856040295,17.068595367581164,0.0
41.485,-4.398254075902413,-6.893612249022982,16.984042729327626,0.0
41.49,-4.524038935949186,-7.100642941169928,16.9089956011963,0.0
41.495,-4.653044930140479,-7.315938120678308,16.84339951437256,0.0
41.5,-4.786318647697673,-7.53950255516604,16.78961996090671,0.0
41.505,-4.924416861849272,-7.770328093883215,16.746317923918788,0.0
41.51,-5.067639741061053,-8.009097680695286,16.71388665208185,0.0
41.515,-5.215231028046703,-8.25512494459904,16.693387210220482,0.0
41.52,-5.3680069273691595,-8.507186661467781,16.68635389276813,0.0
41.525,-5.52551438943037,-8.766971495479272,16.692624894157436,0.0
41.53,-5.687296142930987,-9.036532900588629,16.71331446853013,0.0
41.535000000000004,-5.854060292200551,-9.31183014454555,16.747714500358764,0.0
41.54,-6.027250290876713,-9.595563467707686,16.796615521863448,0.0
41.545,-6.205255207653623,-9.885006866486558,16.86105237810727,0.0
41.550000000000004,-6.390095126333457,-10.180625173997148,16.94317269618334,0.0
41.555,-6.57924621160792,-10.482928543935305,17.04265935212748,0.0
41.56,-6.7744163411368845,-10.792532161643132,17.15950073728106,0.0
41.565,-6.97548077744796,-11.106062759285418,17.296278370067203,0.0
41.57,-7.1817182073444625,-11.424312772619466,17.45249470745275,0.0
41.575,-7.393059651419691,-11.745798773730971,17.630116548932648,0.0
41.58,-7.609034842778295,-12.0707945252112,17.827814846370803,0.0
41.585,-7.831244424853743,-12.397716696663183,18.049455764282957,0.0
41.59,-8.05988830708061,-12.723912868917704,18.295003880839605,0.0
41.595,-8.292602567733043,-13.052327459547698,18.563920937556087,0.0
41.6,-8.529816437292721,-13.378054804980447,18.858614704040516,0.0
41.605000000000004,-8.772950307893446,-13.701105566765946,19.176925667821127,0.0
41.61,-9.019086910772405,-14.019746228601262,19.522927517738832,0.0
41.615,-9.26841002515359,-14.332797807068097,19.89493498885969,0.0
41.62,-9.52190581935074,-14.63721928139754,20.29349323742057,0.0
41.625,-9.77673840907144,-14.931039937547247,20.71975329111204,0.0
41.63,-10.034472510188312,-15.212045136887154,21.173658507884383,0.0
41.635,-10.293111629155845,-15.479410198183347,21.65473999918065,0.0
41.64,-10.552164086989519,-15.727633468480374,22.162927730763723,0.0
41.645,-10.81146125119321,-15.957158782948486,22.69657279810639,0.0
41.65,-11.068962758616346,-16.164874341213224,23.257599560937496,0.0
41.655,-11.3217396274964,-16.345499836192328,23.843176300641947,0.0
41.660000000000004,-11.572781756170448,-16.499270985488327,24.451321276554328,0.0
41.665,-11.817973603364074,-16.62137914277373,25.08043678539307,0.0
41.67,-12.058265298622073,-16.711098847574803,25.727776378939712,0.0
41.675000000000004,-12.291148255807027,-16.764612175250736,26.393070347219954,0.0
41.68,-12.515030646589626,-16.77950507481755,27.071924546354655,0.0
41.685,-12.72772222089372,-16.75408428183543,27.760604076504755,0.0
41.69,-12.928464611456624,-16.684504490916698,28.45555492248015,0.0
41.695,-13.116654325875116,-16.571653737772078,29.15426740574126,0.0
41.7,-13.289191722357417,-16.413778163487663,29.852021124195154,0.0
41.705,-13.44567412036689,-16.207278526853454,30.54427850616694,0.0
41.71,-13.58409417310869,-15.956375978704063,31.226344361902107,0.0
41.715,-13.70296778475894,-15.65748123253187,31.894775063599184,0.0
41.72,-13.799390221487776,-15.311963404615149,32.5427980441853,0.0
41.725,-13.874976141883618,-14.923019325875318,33.16602500413509,0.0
41.730000000000004,-13.927772722110173,-14.490418428450246,33.75866050990881,0.0
41.735,-13.956925585975245,-14.015638556327012,34.317214518458435,0.0
41.74,-13.960092309917323,-13.504978058308328,34.8385932731363,0.0
41.745,-13.93679684626163,-12.959496022025686,35.315661300608085,0.0
41.75,-13.887961253229117,-12.383652229930483,35.74782257136623,0.0
41.755,-13.81304433604564,-11.784344353232159,36.131229067914866,0.0
41.76,-13.71064145960343,-11.165246564238737,36.46379459881818,0.0
41.765,-13.582973506077808,-10.528226684406055,36.74381891603052,0.0
41.77,-13.430923887645637,-9.88153728847502,36.96882405939933,0.0
41.775,-13.253075827153078,-9.229782428411923,37.13958573456571,0.0
41.78,-13.052222592213601,-8.578479970456689,37.255010064113954,0.0
41.785000000000004,-12.828999942058037,-7.9314002930677,37.31797561728017,0.0
41.79,-12.585335247942647,-7.293468498632626,37.32838092859305,0.0
41.795,-12.318721561707688,-6.669778863055862,37.28885252523797,0.0
41.800000000000004,-12.037312957978978,-6.065402522835641,37.2024107465093,0.0
41.805,-11.739404615978051,-5.480620034206329,37.07135386163993,0.0
41.81,-11.427039875596163,-4.920628572413657,36.899020926007346,0.0
41.815,-11.10176568061142,-4.388319329021319,36.68749331149909,0.0
41.82,-10.76687109233996,-3.88335265524005,36.442282845624455,0.0
41.825,-10.422854183494106,-3.4097392662072985,36.16527420441112,0.0
41.83,-10.070559425857775,-2.9678074408241555,35.861378193619615,0.0
41.835,-9.71587724374904,-2.5572621946386356,35.53110508764858,0.0
41.84,-9.357337340097814,-2.1772656239486166,35.18109881509374,0.0
41.845,-8.99751736733404,-1.8300227089244736,34.813680978399944,0.0
41.85,-8.638502391735841,-1.5139015443206745,34.432234128334215,0.0
41.855000000000004,-8.281716851197302,-1.2285063060313206,34.03877551621786,0.0
41.86,-7.928808099679479,-0.9730816177196344,33.63611769767096,0.0
41.865,-7.581124270647827,-0.7446517920472628,33.2262662708301,0.0
41.87,-7.2395689964109575,-0.544406405465058,32.80979960269038,0.0
41.875,-6.9052631080565865,-0.36908259403196786,32.39103700603393,0.0
41.88,-6.578964260574813,-0.2149571242029086,31.972843157330168,0.0
41.885,-6.26082529949924,-0.08338546217490625,31.553409486082302,0.0
41.89,-5.9525176039512715,0.028554233365579135,31.135534475748077,0.0
41.895,-5.652752907563498,0.12182281944292545,30.719139612461788,0.0
41.9,-5.363796938642448,0.1982989247940194,30.306657020535475,0.0
41.905,-5.085970337939085,0.2597170255715596,29.89722749648046,0.0
41.910000000000004,-4.818527225842307,0.30703831059632286,29.493342143812225,0.0
41.915,-4.56439863184378,0.34145441478631106,29.090811712075684,0.0
41.92,-4.319592948518561,0.36483391499919327,28.693698671324498,0.0
41.925000000000004,-4.084743748672919,0.37764194417120567,28.30173452646391,0.0
41.93,-3.8613851811323854,0.3815093967116575,27.91666603649494,0.0
41.935,-3.6491711684077406,0.37709100276748575,27.537595132150116,0.0
41.94,-3.447919889874095,0.3679397928970888,27.162992115780455,0.0
41.945,-3.2571674789178964,0.35231616657527526,26.794689365703995,0.0
41.95,-3.076449606424992,0.3307400718349455,26.43182601403767,0.0
41.955,-2.9051021714515226,0.30624751825968854,26.07520827403786,0.0
41.96,-2.7450272349585436,0.27747270181065903,25.722675832159414,0.0
41.965,-2.594392891277842,0.24615368260514975,25.374649001445018,0.0
41.97,-2.4516732157048677,0.21100723632887344,25.0338048794337,0.0
41.975,-2.3178644512419275,0.17303346701347155,24.697281482372926,0.0
41.980000000000004,-2.193854893498193,0.13362061761455143,24.366287095955872,0.0
41.985,-2.0781824938776503,0.09222646955783736,24.04087549279642,0.0
41.99,-1.9697416812656596,0.05152230838839715,23.719003029349526,0.0
41.995,-1.8681429499534972,0.009797851915377104,23.401462418479355,0.0
42.0,-1.7739626247333353,-0.03311968858541348,23.087962517135878,0.0
42.005,-1.6876603495870375,-0.07639181151478874,22.780987235411793,0.0
42.01,-1.6066825917578271,-0.12034366774199182,22.47882012736525,0.0
42.015,-1.5319927685784756,-0.16334074135752627,22.18021181474604,0.0
42.02,-1.464529437328939,-0.20851976359289287,21.885097727222462,0.0
42.025,-1.4004080004585147,-0.2513766634108821,21.595304354379678,0.0
42.03,-1.3420669826794327,-0.29362895365812597,21.309092291739788,0.0
42.035000000000004,-1.2899612338959403,-0.33630698831114747,21.025980415126064,0.0
42.04,-1.2429449314487198,-0.37988008944645435,20.74760765794776,0.0
42.045,-1.2006110229485503,-0.42299985313591043,20.472534206850213,0.0
42.050000000000004,-1.1620490662700942,-0.4661564898084423,20.20296729742097,0.0
42.055,-1.1281397226327623,-0.5098071446054773,19.935154228050315,0.0
42.06,-1.0975453182912918,-0.5526050965806683,19.67194468642313,0.0
42.065,-1.0699901940800294,-0.5946870199102425,19.41299262493216,0.0
42.07,-1.046235057646008,-0.6370562927020893,19.157232173156903,0.0
42.075,-1.0269027944289664,-0.6795506336276047,18.905202280288677,0.0
42.08,-1.0080731522251056,-0.721943173935742,18.65703914183848,0.0
42.085,-0.9936231069773718,-0.7673353465709474,18.413184440905464,0.0
42.09,-0.9820931098559871,-0.810608537685123,18.170757638661783,0.0
42.095,-0.9746824121843566,-0.8553413120471209,17.932330456124962,0.0
42.1,-0.9695227608606954,-0.8999475590839483,17.698643049228487,0.0
42.105000000000004,-0.9651343893990861,-0.9452722679517183,17.466725254144976,0.0
42.11,-0.9659338287180339,-0.9904977722509327,17.237574689229778,0.0
42.115,-0.9667415169101815,-1.037022725702149,17.011173705884936,0.0
42.12,-0.9703774920107083,-1.0841648913231416,16.790608094567453,0.0
42.125,-0.9750791437408857,-1.1330752605292558,16.571588368422294,0.0
42.13,-0.9830249078189212,-1.183824992053363,16.35533539595808,0.0
42.135,-0.9928017854556219,-1.2344692206076449,16.14248192969318,0.0
42.14,-1.005199723464956,-1.2866536718081734,15.934530466056101,0.0
42.145,-1.019965641699666,-1.3408409905357301,15.728740166449134,0.0
42.15,-1.0359846314345769,-1.3971305627519075,15.528676056827004,0.0
42.155,-1.053213219378418,-1.4535150343776724,15.328416667317844,0.0
42.160000000000004,-1.0720284325374598,-1.5137309095296396,15.132482784751435,0.0
42.165,-1.0936112633449313,-1.5748802356978504,14.93864546375578,0.0
42.17,-1.1183433676246113,-1.6387948672772537,14.74742671585259,0.0
42.175000000000004,-1.1445609332665263,-1.704710091684162,14.560026654038172,0.0
42.18,-1.1727433898074908,-1.772812473150292,14.376169450423653,0.0
42.185,-1.2020624220905427,-1.844321610047985,14.194158460448897,0.0
42.19,-1.234598556497202,-1.91714565912446,14.014921321190439,0.0
42.195,-1.2679258505241777,-1.9941471296057165,13.839239201813909,0.0
42.2,-1.305225979666187,-2.072855491715205,13.666786740208064,0.0
42.205,-1.3444589819662434,-2.1566550850697235,13.497266792267549,0.0
42.21,-1.3864887939228863,-2.243142830701266,13.331946727994351,0.0
42.215,-1.4297520156230106,-2.3344829981261106,13.169129687867896,0.0
42.22,-1.4745270215960224,-2.42844140058642,13.011207991015874,0.0
42.225,-1.5226088879789863,-2.527524657432142,12.855516046597437,0.0
42.230000000000004,-1.5729393846181217,-2.630309096468194,12.70369817357679,0.0
42.235,-1.6267091410098158,-2.7384522728966054,12.55561766157337,0.0
42.24,-1.6826291708932435,-2.850848723051515,12.410671181430956,0.0
42.245,-1.74128420446419,-2.9690535332516634,12.269575772069341,0.0
42.25,-1.8026843720900245,-3.09112724840415,12.131022446066126,0.0
42.255,-1.8678668705329737,-3.2189102788977952,11.99649319682564,0.0
42.26,-1.9359808085533583,-3.351802368330598,11.866087694750556,0.0
42.265,-2.0060369091827943,-3.4918172865571964,11.740709325497074,0.0
42.27,-2.080502260811124,-3.6365407416678157,11.619515412009417,0.0
42.275,-2.1587877818506773,-3.788964912580657,11.503390646074877,0.0
42.28,-2.2402100241140417,-3.948571112056576,11.391338346480586,0.0
42.285000000000004,-2.3258952116291884,-4.114459802256012,11.283840887172529,0.0
42.29,-2.414729188540851,-4.287321616349356,11.181081805291154,0.0
42.295,-2.5080667942133315,-4.468045389231087,11.085108665629715,0.0
42.300000000000004,-2.6066351324687482,-4.658856261642759,10.994047552610716,0.0
42.305,-2.709330519091687,-4.856571078627005,10.908577321206991,0.0
42.31,-2.816905331604499,-5.064088982670473,10.828526928779441,0.0
42.315,-2.9295698205733482,-5.2800684394120205,10.754757697319386,0.0
42.32,-3.0463123560449237,-5.506717310924767,10.688133840480132,0.0
42.325,-3.1687882036066553,-5.742824553498976,10.631119337330338,0.0
42.33,-3.2976017926248917,-5.989439553095254,10.57954350337641,0.0
42.335,-3.4310376096100104,-6.2462923558707555,10.537464645688166,0.0
42.34,-3.5720550282597583,-6.515285302740334,10.503746667886833,0.0
42.345,-3.7197340260074756,-6.795395328288204,10.48020307771322,0.0
42.35,-3.873636937989166,-7.086748818724583,10.46626487563031,0.0
42.355000000000004,-4.033861390897391,-7.391007282461466,10.464113897963282,0.0
42.36,-4.201044592572693,-7.707993222215791,10.472590377972583,0.0
42.365,-4.3777845876782155,-8.036970456051286,10.49513765045496,0.0
42.37,-4.561912554956768,-8.37887667276172,10.53075940012223,0.0
42.375,-4.753094221659226,-8.73487567517485,10.583037911171811,0.0
42.38,-4.952198725009516,-9.104212011457514,10.650234304034766,0.0
42.385,-5.161221403190468,-9.488711088706257,10.733571794800172,0.0
42.39,-5.378097888541318,-9.886583046221897,10.835370946765606,0.0
42.395,-5.6045330227293,-10.29888579254155,10.956005717208573,0.0
42.4,-5.838844181677658,-10.725305839278583,11.098440009260694,0.0
42.405,-6.083195240582103,-11.164409622276041,11.26432559924735,0.0
42.410000000000004,-6.33740430831639,-11.616965574212497,11.454541378130784,0.0
42.415,-6.6012827703824435,-12.08215336308641,11.670388330306421,0.0
42.42,-6.8753285964813475,-12.561504206507822,11.913599048038924,0.0
42.425000000000004,-7.160655130418024,-13.051344988737561,12.187996826762607,0.0
42.43,-7.455749444967525,-13.553291137331588,12.49265323075022,0.0
42.435,-7.760921728390466,-14.06432447748912,12.831546157121872,0.0
42.44,-8.076945768442867,-14.58272137709052,13.205519702013843,0.0
42.445,-8.40244350843633,-15.107443186339582,13.619145101751363,0.0
42.45,-8.737822441466566,-15.635847670422582,14.071449198354328,0.0
42.455,-9.082991385198483,-16.16607557924509,14.566591018000542,0.0
42.46,-9.437640579192418,-16.695563529205867,15.106432012817052,0.0
42.465,-9.800541486970012,-17.220530140045238,15.69253930497376,0.0
42.47,-10.170690381896435,-17.737637231676533,16.327446637949322,0.0
42.475,-10.548543083467987,-18.242485735641026,17.01174367423213,0.0
42.480000000000004,-10.933315691591355,-18.7297210232853,17.74690934288339,0.0
42.485,-11.323255523842805,-19.195902054816216,18.53533294918296,0.0
42.49,-11.716058736526554,-19.635286661694316,19.373874745273383,0.0
42.495,-12.11239044024739,-20.042857662546417,20.265863196871486,0.0
42.5,-12.508873435774603,-20.411314810036913,21.208117509843003,0.0
42.505,-12.90341417099322,-20.734520139574627,22.20045888659348,0.0
42.51,-13.29578246711716,-21.005461875773065,23.242535470501373,0.0
42.515,-13.681182261666967,-21.21707691362001,24.329635605119552,0.0
42.52,-14.057618263591909,-21.36168309205053,25.456987162217963,0.0
42.525,-14.422263872358322,-21.432672497349106,26.618175811802978,0.0
42.53,-14.773405970624381,-21.42524078299746,27.808881155537815,0.0
42.535000000000004,-15.1058472187969,-21.333010453557296,29.020184407442454,0.0
42.54,-15.41670589930437,-21.150278346769085,30.243760991304626,0.0
42.545,-15.703337986699742,-20.871308510712577,31.471008410024524,0.0
42.550000000000004,-15.96276106334994,-20.495015068016098,32.68990374765521,0.0
42.555,-16.188286947320247,-20.019399236343514,33.88926146275524,0.0
42.56,-16.37959923888768,-19.441379343064515,35.05817265996192,0.0
42.565,-16.53349393040417,-18.76608657829825,36.181459002756704,0.0
42.57,-16.64520168028866,-17.99764670331648,37.2511736062398,0.0
42.575,-16.712925578887216,-17.13792215610219,38.2521352682675,0.0
42.58,-16.73389699070187,-16.196039700286143,39.174432968153546,0.0
42.585,-16.706131376678297,-15.1803299914224,40.00798971596043,0.0
42.59,-16.628454290906703,-14.102136652624988,40.742192992115875,0.0
42.595,-16.50272380104108,-12.971604706538514,41.37147465294986,0.0
42.6,-16.326354288866995,-11.802567152025688,41.88994413946027,0.0
42.605000000000004,-16.100858761683767,-10.609671922307147,42.294270220284545,0.0
42.61,-15.826794898556772,-9.405602184718596,42.584826948609596,0.0
42.615,-15.504853476926993,-8.20494986643917,42.76114822768482,0.0
42.62,-15.139153920920156,-7.0199780044823825,42.826472378591376,0.0
42.625,-14.733059407043372,-5.8617360705818635,42.78752624670598,0.0
42.63,-14.28903557251543,-4.74229399808797,42.64893946664706,0.0
42.635,-13.812068736266061,-3.6720728792279242,42.41870046088262,0.0
42.64,-13.306185920556517,-2.6584222774562623,42.10698486104185,0.0
42.645,-12.772609383251684,-1.7070193646532457,41.72271252267095,0.0
42.65,-12.219499328590521,-0.8206471573064007,41.27482105038442,0.0
42.655,-11.64960788149144,-0.006556691403418191,40.77385255650695,0.0
42.660000000000004,-11.066964109729666,0.737055481390917,40.22949914048108,0.0
42.665,-10.475553225997981,1.409885667698605,39.65221456448968,0.0
42.67,-9.881493912868768,2.011763688897469,39.05090916902215,0.0
42.675000000000004,-9.285919622564114,2.548067912190426,38.42937825635825,0.0
42.68,-8.69420708543092,3.0207149312810224,37.79873939654133,0.0
42.685,-8.108840369542433,3.4318577989413064,37.16325067586301,0.0
42.69,-7.532573239082398,3.7851559638093106,36.52842676671914,0.0
42.695,-6.965562130047999,4.087377153531434,35.898443714495876,0.0
42.7,-6.4128674796880905,4.342751170176031,35.276953629234676,0.0
42.705,-5.875796218293785,4.555027652162053,34.6660642237,0.0
42.71,-5.353788294262579,4.7283595581249385,34.069249006013365,0.0
42.715,-4.851141482689995,4.867043017211036,33.489374148588645,0.0
42.72,-4.364602818617714,4.9762408746862885,32.92459763286548,0.0
42.725,-3.8977359671257705,5.058857981097357,32.37676677094839,0.0
42.730000000000004,-3.4489962425169463,5.119730866949407,31.847344072633078,0.0
42.735,-3.0202719516472425,5.158897490516229,31.3347195665235,0.0
42.74,-2.6116623836167445,5.183777775558947,30.83901240628705,0.0
42.745,-2.2224058105493802,5.196230644111561,30.3596189145577,0.0
42.75,-1.8513825848772667,5.196176761658103,29.89769184566343,0.0
42.755,-1.4989819749117774,5.187621741140624,29.450359181464428,0.0
42.76,-1.1641704287125332,5.172725313625135,29.01875676776513,0.0
42.765,-0.8477394942146557,5.1521810642894215,28.60090930452442,0.0
42.77,-0.548708707189811,5.129603050990702,28.19810299514215,0.0
42.775,-0.2646911533207356,5.105487674760562,27.807175522579147,0.0
42.78,0.0023666770627310263,5.078561118762587,27.429888677980742,0.0
42.785000000000004,0.25558284150489924,5.052977905701516,27.064797467632843,0.0
42.79,0.4957329775672625,5.030398134025303,26.709906211289155,0.0
42.795,0.7223754355542484,5.009022834348989,26.365089620964866,0.0
42.800000000000004,0.9358718885000645,4.990911211519403,26.031389262026067,0.0
42.805,1.1397271530302402,4.976441224072528,25.706332571354682,0.0
42.81,1.3305426299895686,4.965570655429985,25.391286987438168,0.0
42.815,1.512313144815493,4.958303461035329,25.085762946648764,0.0
42.82,1.6850581459870484,4.955529274441049,24.788112756242665,0.0
42.825,1.8496392570606024,4.959695896606931,24.498950310118616,0.0
42.83,2.0041515555419345,4.966144163733534,24.2173912643332,0.0
42.835,2.15229751131206,4.978365146743721,23.945388659574647,0.0
42.84,2.292953297503986,4.997331140849308,23.67962141070359,0.0
42.845,2.42721157821654,5.021247752444174,23.420212618136517,0.0
42.85,2.5574588679570027,5.050780957505992,23.16952844257182,0.0
42.855000000000004,2.6828300422315325,5.087727415390962,22.92502993199982,0.0
42.86,2.803004014287115,5.130599864097395,22.6871922251236,0.0
42.865,2.920004684326999,5.178698786722169,22.45649259459995,0.0
42.87,3.0319134782332156,5.233481297984738,22.233376558695507,0.0
42.875,3.14254010513641,5.294630096200639,22.015742575777637,0.0
42.88,3.2507169667869635,5.361740113144924,21.80485073635854,0.0
42.885,3.3568409265936077,5.436492496054225,21.601192034944535,0.0
42.89,3.460055389183634,5.516825487008774,21.404122827198304,0.0
42.895,3.5629285773507813,5.6037536683322555,21.214819547178102,0.0
42.9,3.664531264981746,5.698008431751375,21.03168416928167,0.0
42.905,3.7660163287794717,5.797357676235874,20.85596622488701,0.0
42.910000000000004,3.868369504056318,5.902132643149253,20.688596576483526,0.0
42.915,3.968673101763446,6.0127693324361875,20.526802261945104,0.0
42.92,4.070539140268031,6.132103370976359,20.371786974751565,0.0
42.925000000000004,4.172725010738471,6.257642706170204,20.226100015967344,0.0
42.93,4.277403620533561,6.388923755972883,20.085925054459043,0.0
42.935,4.3829034883072575,6.526745757240713,19.95571159118937,0.0
42.94,4.49022278950938,6.670059092971441,19.831632478659678,0.0
42.945,4.598048923905672,6.819240392143762,19.716316751054112,0.0
42.95,4.709345975297097,6.976089732870964,19.60966141947311,0.0
42.955,4.82313380575443,7.137928956654572,19.51293781219211,0.0
42.96,4.939106284551712,7.3060969142798005,19.424208211790734,0.0
42.965,5.056794827788325,7.48038994837763,19.345161963802127,0.0
42.97,5.177073928537707,7.661597220258628,19.276146895737522,0.0
42.975,5.300744759101636,7.849594725718773,19.217482407949035,0.0
42.980000000000004,5.428604983317061,8.042782621051451,19.16935790662076,0.0
42.985,5.558329518096237,8.2428738828432,19.13176881587772,0.0
42.99,5.6926374993592,8.446526780760934,19.105370487079153,0.0
42.995,5.829408843126,8.657461447845431,19.091940091420817,0.0
43.0,5.970610490059265,8.87463789413679,19.090199365119208,0.0
43.005,6.115526104946026,9.095770358918275,19.099822652134275,0.0
43.01,6.2644911785299,9.321635467362698,19.12221593090069,0.0
43.015,6.418731684233488,9.552737023537784,19.158436494612268,0.0
43.02,6.5747834601382085,9.787345152080267,19.208757177649314,0.0
43.025,6.7366801451517,10.026947037312638,19.273574293170235,0.0
43.03,6.900873735092911,10.27066111147229,19.354535240020144,0.0
43.035000000000004,7.069755717526583,10.516167211383916,19.450934852694786,0.0
43.04,7.24178330459683,10.766319788146259,19.563262108191896,0.0
43.045,7.417396160891836,11.016076964130104,19.691460760267372,0.0
43.050000000000004,7.597949723438785,11.268740728540859,19.83675482223745,0.0
43.055,7.781745214091459,11.523901309038374,20.000130914623924,0.0
43.06,7.970130561980425,11.777863718244369,20.183110667124318,0.0
43.065,8.160991419292039,12.030383180461374,20.383477454554175,0.0
43.07,8.353506962453999,12.281026462881917,20.60386215501271,0.0
43.075,8.550210840221773,12.528579496426838,20.84229050979793,0.0
43.08,8.74882045990771,12.771506756848106,21.099917240859323,0.0
43.085,8.949034393500552,13.009840219046321,21.37789740064963,0.0
43.09,9.153485114401267,13.241823714769284,21.674444115254047,0.0
43.095,9.358503812138336,13.465572960990212,21.990502181786876,0.0
43.1,9.563847374967823,13.678138926769273,22.32749493793972,0.0
43.105000000000004,9.770023254073866,13.881349786982447,22.68430310403546,0.0
43.11,9.9754726828104,14.071487903482028,23.059261239962137,0.0
43.115,10.1809973509637,14.247456071826514,23.454364898296966,0.0
43.12,10.383391190211201,14.40716213862001,23.86663563982581,0.0
43.125,10.58338683625074,14.549888030224944,24.29666396272905,0.0
43.13,10.780643876446666,14.673868661197723,24.743192604807568,0.0
43.135,10.976842634233673,14.775474352795506,25.20479316170916,0.0
43.14,11.167250944595649,14.853370917776664,25.679479314700487,0.0
43.145,11.351911749164016,14.908684765340029,26.167495941132852,0.0
43.15,11.530029215928646,14.938491679205777,26.66353711579695,0.0
43.155,11.699826081984524,14.940615631025453,27.169334421352325,0.0
43.160000000000004,11.861083797876626,14.914695774901197,27.68059692653987,0.0
43.165,12.013145765839239,14.858493224548333,28.19538050631992,0.0
43.17,12.1560333464895,14.772870106921005,28.713066586659036,0.0
43.175000000000004,12.28699794794166,14.656709884016264,29.22791926859459,0.0
43.18,12.404838162230616,14.507423306180252,29.738306535137795,0.0
43.185,12.50967383866311,14.327871484201488,30.241673872766153,0.0
43.19,12.600128838055419,14.117078764350703,30.733605648021022,0.0
43.195,12.67615565743409,13.874139071416149,31.21312544506568,0.0
43.2,12.735185530564964,13.600738507753528,31.67663567254789,0.0
43.205,12.779107263377815,13.298323097144559,32.120376028403776,0.0
43.21,12.805605624644047,12.96985908919715,32.54107073774945,0.0
43.215,12.812622142148824,12.613391192151047,32.9380862553799,0.0
43.22,12.801596660278303,12.23300054359613,33.306447520782456,0.0
43.225,12.774638103564806,11.831424228848652,33.64511231846347,0.0
43.230000000000004,12.727769351571297,11.411949524038423,33.95177490011799,0.0
43.235,12.661818741992702,10.975333890304475,34.225654858854924,0.0
43.24,12.578326762119037,10.526908808348573,34.464699836162694,0.0
43.245,12.474756971993996,10.06725264896807,34.667902303793106,0.0
43.25,12.353505532731715,9.600794990226376,34.833058228622185,0.0
43.255,12.21598775647423,9.130098806106268,34.962203876421235,0.0
43.26,12.060656034762234,8.65904168003523,35.05364169867648,0.0
43.265,11.89053083146938,8.189388986573018,35.10704862734094,0.0
43.27,11.705954880191598,7.726915771917284,35.12488207535467,0.0
43.275,11.507730927014503,7.27219078574322,35.110117901161445,0.0
43.28,11.295605040138947,6.824896955176841,35.06022030147856,0.0
43.285000000000004,11.073112232394596,6.392904348895678,34.977724154509104,0.0
43.29,10.84000311781313,5.974981094665265,34.865956143036264,0.0
43.295,10.595930472687408,5.573347751358364,34.72478176428405,0.0
43.300000000000004,10.344491296124989,5.189837155639224,34.55714081694709,0.0
43.305,10.086124298145004,4.825241264897073,34.36422886191067,0.0
43.31,9.82357093238722,4.480652178177316,34.14980745449495,0.0
43.315,9.556588580567979,4.156017043290119,33.913622603071715,0.0
43.32,9.288774949931451,3.851781913467783,33.660921421294674,0.0
43.325,9.01669243054494,3.56883657093905,33.391184610218296,0.0
43.33,8.743262209344017,3.3087181041259353,33.1059433123606,0.0
43.335,8.472152987859248,3.0686126216394487,32.80926167032551,0.0
43.34,8.202654556011272,2.8487662114008736,32.50261901686882,0.0
43.345,7.9350884668510835,2.649867907383287,32.186281740057694,0.0
43.35,7.669649254279709,2.471223381754488,31.862057923032342,0.0
43.355000000000004,7.410768644506763,2.310622397138037,31.5307090152222,0.0
43.36,7.156297054530181,2.168825354594546,31.196076799126185,0.0
43.365,6.9076787032827704,2.0444590496495736,30.85765176534499,0.0
43.37,6.665722845902761,1.9354899542867896,30.51773382660174,0.0
43.375,6.429419735421124,1.8420931972396413,30.174743500976938,0.0
43.38,6.200040945821367,1.763275050698603,29.831330723313304,0.0
43.385,5.978697056639561,1.697700334649968,29.487394914196376,0.0
43.39,5.764448636928613,1.6453612168549903,29.143809765818567,0.0
43.395,5.558495824524782,1.603264520999241,28.802548246526996,0.0
43.4,5.359221772096459,1.572834284648734,28.462447155135326,0.0
43.405,5.170786422897622,1.5512353555003273,28.124382024444877,0.0
43.410000000000004,4.989265466969545,1.53949868447012,27.789201759579335,0.0
43.415,4.8165784994003635,1.5363431149184728,27.456651632369812,0.0
43.42,4.651957294080961,1.5428333586265004,27.12861790000854,0.0
43.425000000000004,4.495817154660462,1.5542572242133001,26.802102454705157,0.0
43.43,4.349535766005555,1.5736514942342525,26.479417360724597,0.0
43.435,4.211033349885699,1.5989769536162641,26.160763561006426,0.0
43.44,4.080128031171084,1.6306232316838527,25.845325513749575,0.0
43.445,3.957530301271533,1.6672135543810986,25.534751687296477,0.0
43.45,3.843118801452891,1.7070830570892976,25.226820755703564,0.0
43.455,3.7353362711966875,1.752485014131337,24.923281732623487,0.0
43.46,3.636097138429188,1.8021041238469653,24.623577519618067,0.0
43.465,3.5447119502824873,1.85490604548984,24.32800472783898,0.0
43.47,3.4622151907560537,1.9110429253530519,24.036300994940177,0.0
43.475,3.384760823222325,1.9703659373766205,23.74994167443322,0.0
43.480000000000004,3.3141738769497135,2.0327901245233253,23.466207988508742,0.0
43.485,3.250520796295492,2.0984890655643915,23.188188118104023,0.0
43.49,3.1928218120689644,2.165795084655437,22.91325704564141,0.0
43.495,3.1407956973930236,2.236644701690146,22.642074900491327,0.0
43.5,3.0958201607797005,2.308298009729754,22.374783764090278,0.0
43.505,3.055569694170569,2.384206501021622,22.11354962904207,0.0
43.51,3.021396570931139,2.4614946913952096,21.854495108432957,0.0
43.515,2.9939561032919215,2.54278061391472,21.60089588842712,0.0
43.52,2.9718207403474155,2.626443947284192,21.351561856406143,0.0
43.525,2.955523673931589,2.7130836928679245,21.10668451982743,0.0
43.53,2.944138546301052,2.80205049920182,20.864974117307924,0.0
43.535000000000004,2.9371170215726234,2.893658175589032,20.628328603788358,0.0
43.54,2.9354475130960536,2.9877136506063438,20.396732402808805,0.0
43.545,2.936954571592637,3.083819277309958,20.167787104447775,0.0
43.550000000000004,2.945801323059176,3.18449839139483,19.944798649175446,0.0
43.555,2.9578588027378157,3.287417350179943,19.725999234880774,0.0
43.56,2.9731032586605997,3.392998913426003,19.511399727653988,0.0
43.565,2.9931518926364533,3.5005837300392604,19.301429139192077,0.0
43.57,3.0185028685534756,3.612552056094915,19.09697835000724,0.0
43.575,3.0491395777885733,3.7289137748678525,18.899044701988036,0.0
43.58,3.0822247853561815,3.850253171346526,18.703746303367915,0.0
43.585,3.1204521566897565,3.9742375018764755,18.51315685271617,0.0
43.59,3.163971419657003,4.1032152158023525,18.32829328504109,0.0
43.595,3.2103808861383865,4.2353045498593795,18.148801586301172,0.0
43.6,3.2617981624196752,4.372143672260713,17.975707510344346,0.0
43.605000000000004,3.317588262268931,4.513231205091086,17.80820304330208,0.0
43.61,3.377417631565253,4.660506418921344,17.645495593790095,0.0
43.615,3.441714088439345,4.812136457886724,17.48822937463844,0.0
43.62,3.509457853477647,4.968794088477825,17.337610427328727,0.0
43.625,3.5821096599534563,5.130842004464193,17.19253739781281,0.0
43.63,3.6599628232461288,5.299944128060738,17.05525794683093,0.0
43.635,3.7432822272323607,5.4742939647160265,16.925056479858508,0.0
43.64,3.8307754079810357,5.6547958096784185,16.802962029946503,0.0
43.645,3.922149539719577,5.840478585154956,16.687617206699514,0.0
43.65,4.016789338784921,6.03347076818845,16.580684955346662,0.0
43.655,4.117395057921497,6.233938367257446,16.480757779369178,0.0
43.660000000000004,4.2230371528518535,6.440076122708392,16.38907051709519,0.0
43.665,4.332481343157239,6.653201940251351,16.307581246117806,0.0
43.67,4.448550701059161,6.874329286884973,16.23365237367395,0.0
43.675000000000004,4.568958115062879,7.102642904917041,16.169016926074875,0.0
43.68,4.696469203758702,7.337454175122259,16.116121686049397,0.0
43.685,4.828144948642473,7.5791775693685395,16.0738163143667,0.0
43.69,4.96689308351929,7.827535687596229,16.042072689455985,0.0
43.695,5.108944567627117,8.086316007566468,16.022227840103017,0.0
43.7,5.257497383514301,8.350918176745195,16.01407360370963,0.0
43.705,5.413709584355276,8.624774709096252,16.01877983717431,0.0
43.71,5.57489027030433,8.90624978176686,16.038959240945204,0.0
43.715,5.741527313486177,9.195397164970311,16.07352793201257,0.0
43.72,5.914366894901959,9.492443362086412,16.124170916905445,0.0
43.725,6.093340208011189,9.795921447452402,16.19051762801072,0.0
43.730000000000004,6.276972451309312,10.107364072823277,16.27250535311053,0.0
43.735,6.467918067476919,10.425150811998277,16.37353679246611,0.0
43.74,6.66577456612629,10.748375297970474,16.491572297411864,0.0
43.745,6.870299120669963,11.07771190334643,16.62969653401525,0.0
43.75,7.080125273854293,11.413206329651663,16.78872439302275,0.0
43.755,7.296846612263772,11.753680180170713,16.969145675117463,0.0
43.76,7.520123117922542,12.098589616833985,17.17264047490319,0.0
43.765,7.747954986493419,12.446547204741472,17.39843819139794,0.0
43.77,7.983939479993344,12.794518201045431,17.64872828484054,0.0
43.775,8.224759924997036,13.1448285358209,17.922844923178573,0.0
43.78,8.469610415522068,13.49405299420224,18.224550233252412,0.0
43.785000000000004,8.721622234990248,13.841171377609523,18.553544561305088,0.0
43.79,8.977926273774663,14.183878075101232,18.90914093717827,0.0
43.795,9.23821590933707,14.52140943662335,19.29547769506208,0.0
43.800000000000004,9.50223558375167,14.849179171741786,19.70828501207106,0.0
43.805,9.768839991359647,15.168933874814062,20.151341205759515,0.0
43.81,10.039617133667742,15.477271488803227,20.62356493806251,0.0
43.815,10.31273445996038,15.76951015184321,21.12525482755069,0.0
43.82,10.585490346423224,16.045033132359293,21.656102573585763,0.0
43.825,10.859269738500519,16.300669328762737,22.215846396905242,0.0
43.83,11.132661605435404,16.53288432908998,22.804138732574323,0.0
43.835,11.403327672576228,16.739262209345988,23.41952023528277,0.0
43.84,11.670248551489506,16.916496212577808,24.06233133684479,0.0
43.845,11.932746938158678,17.063470802104202,24.728614068049588,0.0
43.85,12.188777899366512,17.174938743044518,25.41620979311843,0.0
43.855000000000004,12.437943305118305,17.24640193193484,26.12345110552607,0.0
43.86,12.679177336914073,17.276785830698316,26.84710309369896,0.0
43.865,12.909691067339983,17.261769398904246,27.583711895911016,0.0
43.87,13.126852834890924,17.202777006222597,28.32942203912918,0.0
43.875,13.331293393469746,17.095312580786103,29.080973325525214,0.0
43.88,13.520317907356217,16.93672589542712,29.831096146810392,0.0
43.885,13.690701715478689,16.727510414767153,30.578942888532737,0.0
43.89,13.843196122378188,16.466331521329344,31.314888071456277,0.0
43.895,13.975104865252254,16.15491477630542,32.03744355347275,0.0
43.9,14.083997509146421,15.793404263318266,32.73961194248361,0.0
43.905,14.169380599810761,15.381207262232918,33.41508166288873,0.0
43.910000000000004,14.230350565795796,14.919953371568306,34.05952180261311,0.0
43.915,14.264795601031707,14.415049481166037,34.66772760806657,0.0
43.92,14.271212633363112,13.866913649061804,35.233419294564946,0.0
43.925000000000004,14.252041553945386,13.281410846344333,35.753597930059044,0.0
43.93,14.202712133679286,12.661705485051106,36.223174542324784,0.0
43.935,14.126105668625248,12.013833871311112,36.639535673859925,0.0
43.94,14.02099431708931,11.34213254448057,36.99977474059045,0.0
43.945,13.887582570664144,10.654846591839823,37.30227832772068,0.0
43.95,13.725164323944126,9.955642893820961,37.545843014898885,0.0
43.955,13.537019474489274,9.250698392303962,37.729320930451756,0.0
43.96,13.322274264068174,8.54657778748032,37.85224740226401,0.0
43.965,13.083045359801705,7.847370526530201,37.917595254193174,0.0
43.97,12.822192713231104,7.158054186149169,37.92584908437252,0.0
43.975,12.538658094041919,6.485277656601209,37.87994120482197,0.0
43.980000000000004,12.234418182150828,5.834092168481513,37.78144651137273,0.0
43.985,11.914298155219178,5.208305976452438,37.63452422152434,0.0
43.99,11.578863936972223,4.608728285112839,37.44451273689479,0.0
43.995,11.231185655152862,4.039331370741555,37.212180357975285,0.0
44.0,10.872621585258447,3.5006435590274894,36.9428384646752,0.0
44.005,10.505748184339472,2.9969809907887135,36.640320070301875,0.0
44.01,10.130005740326164,2.5269425654512765,36.30985157297621,0.0
44.015,9.749667401605715,2.092504836208678,35.95409214331052,0.0
44.02,9.367458244163625,1.6958108959930311,35.57669353907537,0.0
44.025,8.983363149121157,1.3326932540022232,35.181621201802784,0.0
44.03,8.599974775996197,1.0022732084159602,34.77158245880339,0.0
44.035000000000004,8.221057709323988,0.7048673945575344,34.3514191263784,0.0
44.04,7.845437538744021,0.44006159927370264,33.92277830724136,0.0
44.045,7.474325037002673,0.20467266066834322,33.48808500953725,0.0
44.050000000000004,7.111206765434509,-0.00125074783977136,33.04879148034623,0.0
44.055,6.755700790574753,-0.1798702488082697,32.60706604984362,0.0
44.06,6.408798678628211,-0.33513345664190086,32.165375202639346,0.0
44.065,6.070844348950197,-0.46741825662459824,31.726284933432723,0.0
44.07,5.744511653010874,-0.5793656599067074,31.288991761700142,0.0
44.075,5.429221404220722,-0.6720340779261171,30.85531604260838,0.0
44.08,5.123678310694251,-0.7458587283786788,30.42680240687452,0.0
44.085,4.829974483803197,-0.8038956665566163,30.000572085554182,0.0
44.09,4.54748767033586,-0.8476171003081621,29.580841323506586,0.0
44.095,4.27753944954544,-0.8803221918835549,29.166799420861434,0.0
44.1,4.020230274148205,-0.9015430392753677,28.759112284183196,0.0
44.105000000000004,3.7735595897756578,-0.9127938622985061,28.356621897718714,0.0
44.11,3.5391007859778725,-0.9146302058499266,27.96094129102375,0.0
44.115,3.3161893145713934,-0.9094904247012958,27.572116279711132,0.0
44.12,3.1052096159555553,-0.8979753668993044,27.18942670114408,0.0
44.125,2.9045549809090856,-0.8817662653251664,26.8113634565324,0.0
44.13,2.7157092329968684,-0.8610679944548755,26.440491265659304,0.0
44.135,2.5378408171062943,-0.8339918895311335,26.07706022490492,0.0
44.14,2.3684435214714274,-0.804922033454904,25.718015214682282,0.0
44.145,2.2113654140276107,-0.7740155406674768,25.3652169877246,0.0
44.15,2.063067744766225,-0.7403889054775178,25.019425850018152,0.0
44.155,1.9222162643088692,-0.7063718172360764,24.677850195117994,0.0
44.160000000000004,1.7915637139678855,-0.6696575803763039,24.341191187724338,0.0
44.165,1.6688174358161654,-0.6332069259502514,24.010210786943418,0.0
44.17,1.5534560927923111,-0.5972791852182582,23.685528072910916,0.0
44.175000000000004,1.44574959028924,-0.5600902456623886,23.365409380088945,0.0
44.18,1.3461183763149522,-0.5238257997130495,23.04927790463916,0.0
44.185,1.2518224387971075,-0.4882017354596457,22.737542335931483,0.0
44.19,1.1649511457213626,-0.45275597741769313,22.432149255179787,0.0
44.195,1.0850511808148606,-0.4191692517311771,22.129899181394983,0.0
44.2,1.0094865755129985,-0.3853547246761777,21.83278241156052,0.0
44.205,0.9389565247284447,-0.3525439400386141,21.540523706887658,0.0
44.21,0.8748754975981644,-0.32097033657794166,21.250629150747955,0.0
44.215,0.8156343658107915,-0.28955987698050367,20.964906542559884,0.0
44.22,0.7599002775382748,-0.25909068316579037,20.685340006040224,0.0
44.225,0.7085139993393994,-0.22967707280617505,20.40938723019587,0.0
44.230000000000004,0.6624872629123186,-0.20248922202371547,20.13722717021953,0.0
44.235,0.6188140262803057,-0.17512423971359198,19.868036780626298,0.0
44.24,0.5788608260189839,-0.1496133639381043,19.601819040628992,0.0
44.245,0.5442450727682892,-0.12473476677698091,19.340842582989062,0.0
44.25,0.5105042456343641,-0.10065817771697663,19.083303681057163,0.0
44.255,0.4797408210727121,-0.07669051807269235,18.828150456988645,0.0
44.26,0.45272924868365383,-0.055203815376571846,18.576504879115586,0.0
44.265,0.4277452536476819,-0.035004544413639135,18.329379735621362,0.0
44.27,0.40379631172511926,-0.013567841944382954,18.083381408121333,0.0
44.275,0.3839873288725746,0.006083548420188531,17.842023229955483,0.0
44.28,0.3654846231286176,0.024391918170606614,17.603369197867355,0.0
44.285000000000004,0.34787426278202904,0.043928385670502945,17.36748572400629,0.0
44.29,0.3325741634855444,0.06244929187440841,17.135958898032456,0.0
44.295,0.31908419206119554,0.07992684245439714,16.908090718843138,0.0
44.300000000000004,0.3082375736611512,0.09649196750490897,16.683091656726706,0.0
44.305,0.29815823261612107,0.11357557246096459,16.461720660376347,0.0
44.31,0.2889775611487465,0.13123830186087837,16.24308195360159,0.0
44.315,0.28234659028387044,0.14690554263645403,16.025915551921162,0.0
44.32,0.2760290663753964,0.1631109878409231,15.811822870744654,0.0
44.325,0.2706398631948966,0.17916051987289403,15.600514654052711,0.0
44.33,0.2671113406781298,0.1960099491596551,15.3922508246478,0.0
44.335,0.2630262185651865,0.21222613894965608,15.187127580747651,0.0
44.34,0.2613728416983928,0.22841376276995118,14.98478892641855,0.0
44.345,0.26120688840046097,0.24482286981649326,14.784900769958796,0.0
44.35,0.2611062439936559,0.2617477721477407,14.588448866013335,0.0
44.355000000000004,0.2620605178427686,0.27882545016583143,14.393664934669006,0.0
44.36,0.2636162307661085,0.2949052229598857,14.202579921785835,0.0
44.365,0.2665942848741245,0.3109030610477767,14.014138138575143,0.0
44.37,0.26862684079455756,0.32699065719936743,13.828486697148636,0.0
44.375,0.27182574177121976,0.34486172793822584,13.644168658274117,0.0
44.38,0.2753909495513289,0.36266337098349943,13.461799593802555,0.0
44.385,0.27968185645962,0.3806950868295599,13.282678600852714,0.0
44.39,0.28562528159469197,0.3987756092194501,13.10555117264396,0.0
44.395,0.2904264980648344,0.41902890228894624,12.932231948430795,0.0
44.4,0.296494938025181,0.4393134238787659,12.760965089490172,0.0
44.405,0.3041852130484156,0.45977277075869,12.591756834165407,0.0
44.410000000000004,0.31108278047470517,0.48047266878216216,12.4245544366154,0.0
44.415,0.32019383806655394,0.5034426217458843,12.25900612717235,0.0
44.42,0.32944571100112924,0.526366149496362,12.096577558154927,0.0
44.425000000000004,0.3387418018832895,0.551070483406524,11.93498471139365,0.0
44.43,0.34979277539460946,0.5762337257179199,11.77643411768456,0.0
44.435,0.36104268968765835,0.6007858277470132,11.619998862749245,0.0
44.44,0.37309834982059864,0.6274333964012302,11.465368516176314,0.0
44.445,0.3863402794652888,0.6543982153040833,11.31456328586597,0.0
44.45,0.3999011379577049,0.6835407923180513,11.16509678025763,0.0
44.455,0.41459731345886985,0.7141685664637808,11.018829238411765,0.0
44.46,0.42979965667536546,0.746250261944583,10.873842032421187,0.0
44.465,0.4456991183259433,0.7793702443338708,10.730698231630447,0.0
44.47,0.4624244929657625,0.8149711518652548,10.588882924440865,0.0
44.475,0.4809306002977802,0.8501812383600901,10.448892752609117,0.0
44.480000000000004,0.4982278094286837,0.8886345756995373,10.311885565612242,0.0
44.485,0.5181234242410253,0.9284176743231172,10.176748155169008,0.0
44.49,0.5397402700551859,0.9695721327499596,10.043632266475756,0.0
44.495,0.5617987669794184,1.012684576091989,9.91311012793759,0.0
44.5,0.5843537114168353,1.0590037955782128,9.782919657742061,0.0
44.505,0.6079547788010913,1.1069600321818616,9.655205997399287,0.0
44.51,0.6329695144416061,1.1571742225369466,9.530799002923594,0.0
44.515,0.658500536077681,1.2100705329925237,9.407571654479163,0.0
44.52,0.6860790713703677,1.2647600357790583,9.287697852262388,0.0
44.525,0.7142684389992152,1.3230874117964246,9.167448070574189,0.0
44.53,0.7439596306873887,1.3838558898083266,9.050563214928816,0.0
44.535000000000004,0.7757871992723182,1.447127363432503,8.934734156628988,0.0
44.54,0.8095504078870487,1.5136637790436243,8.822167467823174,0.0
44.545,0.8448092242594823,1.584592688290393,8.712189781920213,0.0
44.550000000000004,0.882068174220973,1.6589296481729328,8.602971954700774,0.0
44.555,0.9199699905449928,1.7368748765146327,8.495503333830063,0.0
44.56,0.9609771562910681,1.8189523537576555,8.391800381095711,0.0
44.565,1.003344037769238,1.9040974865696463,8.288998053569749,-0.0
44.57,1.0487800890846795,1.9928034613051486,8.187808226731699,-0.0
44.575,1.0958823763981405,2.08717772975965,8.09033060648582,-0.0
44.58,1.1451887685348303,2.1860013422309654,7.994600409609394,-0.0
44.585,1.1983155413341944,2.2894054900139227,7.9001350310179905,-0.0
44.59,1.2536620814174209,2.3976614072405673,7.809121047950216,-0.0
44.595,1.310453238423076,2.5126615872997267,7.7196230811837525,-0.0
44.6,1.3709093936950194,2.6330237235685274,7.6332768178064265,-0.0
44.605000000000004,1.4329718053156557,2.7591132662600737,7.54882664815875,-0.0
44.61,1.4989120222453534,2.8926778563089846,7.468024948647179,-0.0
44.615,1.5687044130443961,3.0322665361837227,7.390872309874133,-0.0
44.62,1.6422622155020559,3.1781660506069978,7.315942694790851,-0.0
44.625,1.7192749672550736,3.3324137462074646,7.2451115635206556,-0.0
44.63,1.8006182910503583,3.49507713249408,7.17868714470776,-0.0
44.635,1.8861387389609252,3.665757277990163,7.113984822695045,-0.0
44.64,1.9755097662377816,3.844653603181745,7.054004511413256,-0.0
44.645,2.0697180669383934,4.032399525987649,6.9990481523605785,-0.0
44.65,2.167975168008337,4.230153340576532,6.948445806520127,-0.0
44.655,2.271171609987251,4.43668000975536,6.900373557057851,-0.0
44.660000000000004,2.378781933372816,4.654899957114008,6.858658753643992,-0.0
44.665,2.4929703016958205,4.88277979748213,6.823291246325558,-0.0
44.67,2.612714122621199,5.12153842055555,6.794504837381331,-0.0
44.675000000000004,2.7382952433117347,5.374111479017756,6.770528841244281,-0.0
44.68,2.870703333431437,5.637852975416167,6.752700146346328,-0.0
44.685,3.008981317814497,5.914110813643754,6.743226038935541,-0.0
44.69,3.1536899753188807,6.20382965950484,6.741884179345793,-0.0
44.695,3.3070385667006548,6.507212126712649,6.7514845609768654,-0.0
44.7,3.466774921040701,6.826071849454882,6.7702325355973505,-0.0
44.705,3.6364762273164817,7.158513589603213,6.798640398462689,-0.0
44.71,3.8130411264584616,7.507968813027214,6.839035915778043,-0.0
44.715,3.9976123089942543,7.874743537597478,6.891420183543217,-0.0
44.72,4.191645579032328,8.258576978145689,6.955316934314464,-0.0
44.725,4.395592882011723,8.657947255157167,7.035836287752997,-0.0
44.730000000000004,4.609031534687642,9.07517651297713,7.1324749538699725,-0.0
44.735,4.833191683240151,9.511573324287488,7.245694155869607,-0.0
44.74,5.06669727845512,9.9652001191855,7.377625712764475,-0.0
44.745,5.3129540931189165,10.438272144324193,7.53167117922773,-0.0
44.75,5.5691661741261385,10.931446332337414,7.708969344843985,-0.0
44.755,5.837707858646775,11.441594471169722,7.910634608426822,-0.0
44.76,6.116681626116864,11.969959949666338,8.138938727012826,-0.0
44.765,6.409749157042283,12.517349811473307,8.396644047036707,-0.0
44.77,6.715763349441166,13.082815731238675,8.685648529754213,-0.0
44.775,7.034367777465303,13.665927585396009,9.009451444204293,-0.0
44.78,7.366105176880162,14.265819567141442,9.369943205203413,-0.0
44.785000000000004,7.71105576719685,14.879751712204637,9.770093326363702,-0.0
44.79,8.069461174594233,15.508324552246389,10.213858202015482,-0.0
44.795,8.44033543379432,16.149125196591395,10.703150008658708,-0.0
44.800000000000004,8.827654182941279,16.79811002275399,11.2414783679401,-0.0
44.805,9.226008368667696,17.455045780110297,11.832506402297863,-0.0
44.81,9.637944789916537,18.11355892693431,12.480211788867141,-0.0
44.815,10.062449727898121,18.770515841690056,13.18687304106294,-0.0
44.82,10.499134663774495,19.42287725416381,13.955742754488362,-0.0
44.825,10.945966936396939,20.06332393091262,14.789177212716245,-0.0
44.83,11.40083685090405,20.68652253214325,15.689111504234429,-0.0
44.835,11.864629100859867,21.28466523837822,16.659959496811634,-0.0
44.84,12.336088555008729,21.850548576542515,17.70053992005907,-0.0
44.845,12.810904166263485,22.377363366097367,18.810846526248667,-0.0
44.85,13.291019395783092,22.853696051023142,19.993817941295806,-0.0
44.855000000000004,13.769981733299478,23.270927387633485,21.245544426537684,-0.0
44.86,14.245139945289331,23.61990005653211,22.564528477260364,-0.0
44.865,14.713818262859288,23.888993051725045,23.945957093516007,-0.0
44.87,15.1720841000855,24.068192141193563,25.38386116502293,-0.0
44.875,15.61798682157104,24.14668018935005,26.870859670868875,-0.0
44.88,16.04535024386271,24.114424758835895,28.397201223799527,-0.0
44.885,16.448804978295815,23.96128634651524,29.952980391089845,-0.0
44.89,16.8249723865399,23.67988180319534,31.524632993668362,-0.0
44.895,17.166675852162953,23.264152986098352,33.09619132984343,-0.0
44.9,17.471564383688328,22.710423387961157,34.652050064795446,-0.0
44.905,17.73476947640904,22.01571416003844,36.174980932128896,-0.0
44.910000000000004,17.948824086906416,21.180810986915276,37.645240266919984,-0.0
44.915,18.1103000107024,20.209760874487216,39.04503719721907,-0.0
44.92,18.215229896547104,19.10873345557761,40.35529551219789,-0.0
44.925000000000004,18.261198390577956,17.888929136200197,41.55966659638387,-0.0
44.93,18.2425207783373,16.56163748763728,42.63867958778125,-0.0
44.935,18.158882800086115,15.143354571798366,43.58104719681656,-0.0
44.94,18.00783424487918,13.65352701193603,44.37527904511061,-0.0
44.945,17.789896043001647,12.11054821340822,45.012745145511325,-0.0
44.95,17.50586907768068,10.537269702056562,45.48928780721037,-0.0
44.955,17.157785356265528,8.953222463185032,45.80513595356261,-0.0
44.96,16.747681287336384,7.380831015793035,45.962500916238795,-0.0
44.965,16.279091631110795,5.8391365307238745,45.967876256053096,-0.0
44.97,15.756238623126366,4.347050364500063,45.82900882555878,-0.0
44.975,15.186212499360291,2.9205402611637448,45.5601184303411,-0.0
44.980000000000004,14.573276612095972,1.5726823356947635,45.17222327432579,-0.0
44.985,13.921957771336475,0.31445488375199404,44.684486764822076,-0.0
44.99,13.242290080578606,-0.8496408317369337,44.10947931816572,-0.0
44.995,12.53760502676043,-1.9123739263085082,43.46477990498883,-0.0
45.0,11.81530509784395,-2.872209237989249,42.764565004138205,-0.0
45.005,11.081249014927701,-3.731299726301049,42.02540319464406,-0.0
45.01,10.340482351011511,-4.489652854213587,41.25920952067526,-0.0
45.015,9.598533319368347,-5.152175677629018,40.47617317566421,-0.0
45.02,8.860446446639104,-5.725498668528005,39.6900720764508,-0.0
45.025,8.130148879071923,-6.214957490651805,38.906478495762215,-0.0
45.03,7.41170169852388,-6.627822304080175,38.13608908689704,-0.0
45.035000000000004,6.710250838225881,-6.970122992632815,37.38149331578925,-0.0
45.04,6.02659425291519,-7.248969857320207,36.649940530193554,-0.0
45.045,5.36376145746635,-7.473327982167112,35.94223475473874,-0.0
45.050000000000004,4.722290374602658,-7.648462582067034,35.26253471458525,-0.0
45.055,4.102610348609135,-7.781571093254608,34.61070473660346,-0.0
45.06,3.506167771965106,-7.878064422268822,33.98899042060615,-0.0
45.065,2.9373709658874936,-7.9431402562942175,33.398610582605144,-0.0
45.07,2.392603109603648,-7.982587135164656,32.83626634272232,-0.0
45.075,1.8752453412145322,-8.000740234825978,32.30350195157893,-0.0
45.08,1.3812880125573148,-8.002561279690276,31.797420387965545,-0.0
45.085,0.9118604795590863,-7.989573224378702,31.31814167666352,-0.0
45.09,0.4670664546980062,-7.9655609505715335,30.864033446329206,-0.0
45.095,0.045450472377212836,-7.93313831918941,30.434180347650052,-0.0
45.1,-0.3529253489129049,-7.893156812130186,30.02619134513237,-0.0
45.105000000000004,-0.7299538772070496,-7.849720963111271,29.63929044524107,-0.0
45.11,-1.0855171497049818,-7.803707530231294,29.272711983434395,-0.0
45.115,-1.4213860382344832,-7.756645895671158,28.92329123906498,-0.0
45.12,-1.7371442017666738,-7.712408853753359,28.59176744718352,-0.0
45.125,-2.037419914242954,-7.6687504450111845,28.277949666081494,-0.0
45.13,-2.318333974189566,-7.627470552170941,27.978893058590774,-0.0
45.135,-2.5835065196320794,-7.588832637772768,27.693918854255603,-0.0
45.14,-2.8338369981949003,-7.554944762594309,27.42393956031577,-0.0
45.145,-3.0691302495044694,-7.524651766639102,27.16532656139526,-0.0
45.15,-3.2919380182831994,-7.499558357806368,26.918684349623472,-0.0
45.155,-3.50102983557434,-7.480023813316441,26.683283303583178,-0.0
45.160000000000004,-3.6999190786744256,-7.465486863163895,26.459500006042656,-0.0
45.165,-3.8878196101628344,-7.458100939889553,26.24417957151539,-0.0
45.17,-4.0665168383676775,-7.454988726730094,26.039962096567706,-0.0
45.175000000000004,-4.235986541605715,-7.4584623485178705,25.843680779506126,-0.0
45.18,-4.396380803926577,-7.467240457685392,25.658243028507574,-0.0
45.185,-4.5506727346597025,-7.480050700024549,25.47973069100928,-0.0
45.19,-4.698238882843457,-7.499271947013036,25.31007636714921,-0.0
45.195,-4.838516245348932,-7.525827085341952,25.1497385010913,-0.0
45.2,-4.9725638028035855,-7.557225292227475,24.99703264826558,-0.0
45.205,-5.10167103313039,-7.595372691819515,24.850753885446412,-0.0
45.21,-5.225885691021198,-7.63630492393982,24.7132823445524,-0.0
45.215,-5.346199442250494,-7.683850529262662,24.583839280519744,-0.0
45.22,-5.463310096481063,-7.737454314850632,24.460769135164092,-0.0
45.225,-5.57619255023399,-7.7951199355414404,24.346203250985972,-0.0
45.230000000000004,-5.686213351917902,-7.85803111063221,24.2384845556619,-0.0
45.235,-5.796055016361383,-7.926375218460892,24.138353775066665,-0.0
45.24,-5.901784369377305,-7.999475811411727,24.04627483280582,-0.0
45.245,-6.006360840690161,-8.076963515765573,23.961693030970203,-0.0
45.25,-6.110941801148936,-8.157391376632324,23.885591851495352,-0.0
45.255,-6.213459460980916,-8.243091947919085,23.815223218546166,-0.0
45.26,-6.314400897229501,-8.330327749213705,23.751538183617953,-0.0
45.265,-6.414836233490298,-8.423385561171399,23.69741196290882,-0.0
45.27,-6.515688253524054,-8.518824002967941,23.652771540491795,-0.0
45.275,-6.61532553369417,-8.618427970492352,23.615838149394975,-0.0
45.28,-6.71694332123742,-8.719888124704047,23.584610366686515,-0.0
45.285000000000004,-6.816719058831942,-8.823460827625176,23.56256188477441,-0.0
45.29,-6.917344838970507,-8.93010959626265,23.5494497026181,-0.0
45.295,-7.017248776026313,-9.03911780342767,23.543432776578577,-0.0
45.300000000000004,-7.117728712250244,-9.150242358705365,23.546150862416617,-0.0
45.305,-7.218673042656502,-9.261687958331933,23.558430877840905,-0.0
45.31,-7.32186349400458,-9.375322322819153,23.579534726850568,-0.0
45.315,-7.424114643610276,-9.489369005176723,23.60864087284465,-0.0
45.32,-7.525771028977417,-9.605555872890205,23.64619765102288,-0.0
45.325,-7.629674374724478,-9.721489107728669,23.693085497079245,-0.0
45.33,-7.735111601077843,-9.837344409757463,23.747205866370805,-0.0
45.335,-7.840639349302147,-9.952113139753,23.81086222082882,-0.0
45.34,-7.945412296962845,-10.066784426292186,23.88386309364445,-0.0
45.345,-8.052692216725777,-10.181078826786491,23.964291669758385,-0.0
45.35,-8.157626491376869,-10.293716467036571,24.054878618977146,-0.0
45.355000000000004,-8.263850380641065,-10.403200823854418,24.153067674258583,-0.0
45.36,-8.370174599586496,-10.510508979853077,24.260443102025228,-0.0
45.365,-8.47764196555043,-10.61493998385126,24.37734660076147,-0.0
45.37,-8.5837219173194,-10.714389420743744,24.502538417649472,-0.0
45.375,-8.690364220778669,-10.80910685339331,24.635610302649674,-0.0
45.38,-8.795885563979947,-10.900855418955677,24.776604037129488,-0.0
45.385,-8.90259767019054,-10.987426650086212,24.92583305509325,-0.0
45.39,-9.006743306048602,-11.069519445199322,25.081419556985583,-0.0
45.395,-9.109444502876034,-11.145623354160985,25.24597478715738,-0.0
45.4,-9.211590793185295,-11.214396474198942,25.416900062371553,-0.0
45.405,-9.311742154157393,-11.277180513626377,25.59543188100075,-0.0
45.410000000000004,-9.409424894825017,-11.331822214809463,25.779527644263784,-0.0
45.415,-9.50475947726691,-11.379299221500892,25.97025812016874,-0.0
45.42,-9.59907574632301,-11.41964820058857,26.16420602100992,-0.0
45.425000000000004,-9.691017516158752,-11.450693332043533,26.36379346844717,-0.0
45.43,-9.777929554602364,-11.472373045088954,26.567253726910582,-0.0
45.435,-9.861200678179642,-11.483750808843912,26.773110530754465,-0.0
45.44,-9.942026068442793,-11.48538445652302,26.98356729185608,-0.0
45.445,-10.019623692411043,-11.47874717887816,27.194295862143672,-0.0
45.45,-10.092949584825865,-11.461611301573118,27.406472919036688,-0.0
45.455,-10.162054501694316,-11.434952677040737,27.619691884206013,-0.0
45.46,-10.225194305606248,-11.39652610829483,27.83130810964833,-0.0
45.465,-10.284464856881586,-11.348776590897758,28.04274568302178,-0.0
45.47,-10.338917828724961,-11.289126927004524,28.252091276505165,-0.0
45.475,-10.386949557420206,-11.219708569142606,28.45873751675821,-0.0
45.480000000000004,-10.429640785635943,-11.13886323623973,28.66137176891814,-0.0
45.485,-10.463603424569204,-11.048352667247848,28.859877068831672,-0.0
45.49,-10.492763104808077,-10.948717650029943,29.053099531488336,-0.0
45.495,-10.515893764657509,-10.839232283505678,29.239581938105925,-0.0
45.5,-10.530906147616452,-10.718947928918299,29.42050817053077,-0.0
45.505,-10.539082351081499,-10.590257103642111,29.593682184384996,-0.0
45.51,-10.541026492927656,-10.453671094272742,29.75742915248303,-0.0
45.515,-10.536856945731623,-10.309668471638899,29.912149514038976,-0.0
45.52,-10.524994117257089,-10.15772065632891,30.056327007383732,-0.0
45.525,-10.50607599553542,-9.99784034959282,30.19042896598925,-0.0
45.53,-10.479823161081539,-9.833290326767889,30.312699102144986,-0.0
45.535000000000004,-10.448494247500408,-9.66267680873086,30.423734579006744,-0.0
45.54,-10.409366824077807,-9.485733841150557,30.52182856977193,-0.0
45.545,-10.363819742835153,-9.307670821420158,30.60857340608612,-0.0
45.550000000000004,-10.311865405948712,-9.126746533649,30.68225242378711,-0.0
45.555,-10.252844501030049,-8.942317909708203,30.74437034324461,-0.0
45.56,-10.188317972371998,-8.757479106425402,30.793010989795086,-0.0
45.565,-10.116195526529483,-8.571228707932567,30.82670588033434,-0.0
45.57,-10.038797769315766,-8.385895988825489,30.848751065141027,-0.0
45.575,-9.957300365056318,-8.201534534274,30.858515620509824,-0.0
45.58,-9.869220039317781,-8.018266170734545,30.856076959352393,-0.0
45.585,-9.775852871915317,-7.8382577099811375,30.839695865641758,-0.0
45.59,-9.679749625565721,-7.660063382099294,30.812001014690228,-0.0
45.595,-9.579807570045407,-7.486739147098007,30.77129157556556,-0.0
45.6,-9.47483129344016,-7.316103720416869,30.719270583440252,-0.0
45.605000000000004,-9.365895681512379,-7.150878685885056,30.656966095997987,-0.0
45.61,-9.255127072788138,-6.991846123108582,30.583940640618785,-0.0
45.615,-9.142504197542728,-6.837148544943442,30.498641875788184,-0.0
45.62,-9.028615426363462,-6.689503434481225,30.40365117915008,-0.0
45.625,-8.910756413211507,-6.547256373150443,30.300467785681676,-0.0
45.63,-8.791886481304207,-6.411544623135145,30.18867464975247,-0.0
45.635,-8.672243387900805,-6.281812847839791,30.06800712381626,-0.0
45.64,-8.553273335306512,-6.162178829213472,29.93952285929021,-0.0
45.645,-8.434092670117577,-6.048662865257517,29.803171482551775,-0.0
45.65,-8.314140874656346,-5.942142900576049,29.660848843825725,-0.0
45.655,-8.195752009965274,-5.84421463773078,29.511555427256322,-0.0
45.660000000000004,-8.077005408854438,-5.752527855602237,29.358726943174435,-0.0
45.665,-7.95982400742657,-5.669790828172918,29.199241786919295,-0.0
45.67,-7.844930696351387,-5.5943431376695525,29.035533462657057,-0.0
45.675000000000004,-7.732025747007835,-5.52525304214819,28.867712656883608,-0.0
45.68,-7.620742114594271,-5.4650781584370085,28.696822282844998,-0.0
45.685,-7.51314949091932,-5.4112538382647974,28.522261215914348,-0.0
45.69,-7.4081801130434695,-5.364652839440866,28.344514820184255,-0.0
45.695,-7.305487031955837,-5.325998019271188,28.16438825340665,-0.0
45.7,-7.206048679911759,-5.294245179842394,27.983238180077297,-0.0
45.705,-7.110658131746086,-5.268492644145418,27.800210155462164,-0.0
45.71,-7.018003390155411,-5.248824421962205,27.616419387272224,-0.0
45.715,-6.929713414688756,-5.23691211077901,27.43287490783213,-0.0
45.72,-6.844720936651748,-5.229473409325345,27.249389430082783,-0.0
45.725,-6.764317743019762,-5.230278291341396,27.064675353933755,-0.0
45.730000000000004,-6.687494470671814,-5.23568341841918,26.881357527979123,-0.0
45.735,-6.615647432897431,-5.247034692912421,26.698732897479374,-0.0
45.74,-6.548090660935885,-5.264351141459662,26.517262168432577,-0.0
45.745,-6.4839800168237565,-5.2891258723589445,26.33611779985735,-0.0
45.75,-6.424750803891588,-5.316920696491073,26.156592787983207,-0.0
45.755,-6.369618712169744,-5.350317208597798,25.979361828926393,-0.0
45.76,-6.318310833516937,-5.3880452732681325,25.803640657218867,-0.0
45.765,-6.271658937272146,-5.430383583860183,25.62979297960692,-0.0
45.77,-6.229281024507455,-5.476987552206962,25.458228497223057,-0.0
45.775,-6.191824314147269,-5.528399736728349,25.289762867429687,-0.0
45.78,-6.158987871687999,-5.585093774673127,25.122720169587396,-0.0
45.785000000000004,-6.1292838256722355,-5.645272848160734,24.96063463154453,-0.0
45.79,-6.105253172379987,-5.710383623586723,24.8008126949912,-0.0
45.795,-6.0848955281482615,-5.778175176988103,24.644280858747695,-0.0
45.800000000000004,-6.068457963793975,-5.851498770843085,24.491482952637362,-0.0
45.805,-6.057184943274709,-5.9280445491275096,24.34198379633331,-0.0
45.81,-6.0508512417467495,-6.009264946449462,24.197626184678843,-0.0
45.815,-6.047695572230368,-6.093434273779779,24.057677431590918,-0.0
45.82,-6.049062516649783,-6.1812375397982695,23.92007643843208,-0.0
45.825,-6.055189114811543,-6.273948107714115,23.788345442802857,-0.0
45.83,-6.065948164698792,-6.370710748708793,23.661380806058215,-0.0
45.835,-6.081334296751538,-6.470161859499646,23.53899277501771,-0.0
45.84,-6.101544476619756,-6.573468700552769,23.422623770294194,-0.0
45.845,-6.125337954511913,-6.681352803457646,23.31043534646494,-0.0
45.85,-6.151788287830607,-6.792155814743654,23.203150398549212,-0.0
45.855000000000004,-6.182926988245319,-6.905532447045033,23.10226841369493,-0.0
45.86,-6.219953967744632,-7.022131624970073,23.0084042119954,-0.0
45.865,-6.258685202181748,-7.141606835080134,22.919561044355035,-0.0
45.87,-6.301251451308273,-7.264659719867344,22.837894755418517,-0.0
45.875,-6.349335540576267,-7.391874448077697,22.761463951509178,-0.0
45.88,-6.40119116170757,-7.520550923618746,22.69298468730859,-0.0
45.885,-6.457047259604098,-7.6530138969220936,22.63012749079849,-0.0
45.89,-6.516194702470292,-7.788498998952199,22.576081851409395,-0.0
45.895,-6.5786910259844875,-7.927082936925307,22.528605270591818,-0.0
45.9,-6.645996896589629,-8.067871264775027,22.488250991321685,-0.0
45.905,-6.716537722016419,-8.211284856734958,22.455940678472103,-0.0
45.910000000000004,-6.791589661351284,-8.356949240065466,22.432263193989407,-0.0
45.915,-6.869281553220082,-8.502855924538467,22.417157792120214,-0.0
45.92,-6.951698606037505,-8.652893855951355,22.411204003899293,-0.0
45.925000000000004,-7.037247148530863,-8.80320528092419,22.414306961602872,-0.0
45.93,-7.125889281267327,-8.955595127124106,22.426181534885735,-0.0
45.935,-7.217294255782478,-9.10887779748621,22.446520801590317,-0.0
45.94,-7.310297282968034,-9.264008018025203,22.475881253465857,-0.0
45.945,-7.407440593205263,-9.420094823343044,22.515380073653088,-0.0
45.95,-7.508376965725101,-9.57615280008063,22.563529785103402,-0.0
45.955,-7.610482440334413,-9.732035648431058,22.622498234953458,-0.0
45.96,-7.716760594074031,-9.886758229681623,22.691633840284762,-0.0
45.965,-7.826107385188073,-10.041737417580666,22.769575696990188,-0.0
45.97,-7.9384448044758225,-10.196313976162084,22.86030014516681,-0.0
45.975,-8.050778986781866,-10.34842487271182,22.96023180027279,-0.0
45.980000000000004,-8.165601678935225,-10.500222758715015,23.07015023400554,-0.0
45.985,-8.2821653698805,-10.64840458824618,23.191357273815857,-0.0
45.99,-8.402005035386445,-10.795366207766765,23.32331010647188,-0.0
45.995,-8.521094610563587,-10.938793710518691,23.46595984144381,-0.0
46.0,-8.642552495488312,-11.077451301039611,23.618726462794726,-0.0
46.005,-8.76499210696203,-11.210398114352522,23.780316492867758,-0.0
46.01,-8.88661078582592,-11.33961685399861,23.954603702242313,-0.0
46.015,-9.009102380122469,-11.462517304962219,24.139285085600186,-0.0
46.02,-9.132233761868568,-11.579622997790215,24.333825790119725,-0.0
46.025,-9.255375484850896,-11.688184717075849,24.53882099786057,-0.0
46.03,-9.376644716038417,-11.78853063230952,24.752980521477163,-0.0
46.035000000000004,-9.497820909103467,-11.881947886365783,24.975434389487994,-0.0
46.04,-9.615860757088186,-11.967046096426655,25.208403896652253,-0.0
46.045,-9.732434647994411,-12.041501418630062,25.448360097908232,-0.0
46.050000000000004,-9.846235232558731,-12.10480583046432,25.694986863344397,-0.0
46.055,-9.960113046700211,-12.157742861829542,25.948902108185923,-0.0
46.06,-10.071410790449487,-12.200063981807885,26.208033644278142,-0.0
46.065,-10.177450499724978,-12.229050899702855,26.47176014211324,-0.0
46.07,-10.278903702081125,-12.246517676129715,26.740594118368584,-0.0
46.075,-10.376578835986592,-12.250459088898483,27.014544793646927,-0.0
46.08,-10.471000628327904,-12.238878522766036,27.289447029268885,-0.0
46.085,-10.559128158854234,-12.214975318017366,27.56680064525026,-0.0
46.09,-10.641489421099143,-12.175507924401556,27.84527616923572,-0.0
46.095,-10.718089624914027,-12.122751961223424,28.121808311080397,-0.0
46.1,-10.787831407354396,-12.055458385697136,28.39659821243294,-0.0
46.105000000000004,-10.852295682250197,-11.976078485725994,28.668814152308034,-0.0
46.11,-10.907917774482474,-11.881578894963518,28.93644265495985,-0.0
46.115,-10.95784109578373,-11.771436485086154,29.198636065607072,-0.0
46.12,-10.99881131419112,-11.647908926000175,29.45367252501747,-0.0
46.125,-11.031169889850796,-11.509181057019092,29.700591675589873,-0.0
46.13,-11.055305720234049,-11.358041923167043,29.940293740803384,-0.0
46.135,-11.07099930104452,-11.19365264686009,30.168521570405353,-0.0
46.14,-11.07738130175798,-11.019230229180504,30.386332816239012,-0.0
46.145,-11.073826151355744,-10.831773329315917,30.592122004805898,-0.0
46.15,-11.061071007383227,-10.633764797816179,30.784319067761285,-0.0
46.155,-11.038302886572747,-10.426960956947873,30.9618703130796,-0.0
46.160000000000004,-11.007824079601749,-10.210555431350862,31.124698204362947,-0.0
46.165,-10.968055048834929,-9.987335408302506,31.272006839584844,-0.0
46.17,-10.918511935403506,-9.757663506938385,31.4027685519629,-0.0
46.175000000000004,-10.860120685485992,-9.522964926775034,31.516598175004894,-0.0
46.18,-10.793963733841819,-9.285045038690766,31.61361995722028,-0.0
46.185,-10.71800409178275,-9.043660784221501,31.693908127667402,-0.0
46.19,-10.634182303992205,-8.801403670736965,31.753915743981757,-0.0
46.195,-10.54189522377081,-8.55747878331565,31.798001388964195,-0.0
46.2,-10.442158907171823,-8.315265873777962,31.824876192916324,-0.0
46.205,-10.334750495909343,-8.073712032394317,31.834506321910283,-0.0
46.21,-10.220663463582513,-7.835255998441685,31.825872144781457,-0.0
46.215,-10.099674003899839,-7.6014743976997154,31.802669748346904,-0.0
46.22,-9.974587357474325,-7.372422842181051,31.762174171740398,-0.0
46.225,-9.843826346742732,-7.148895558891564,31.706111147322023,-0.0
46.230000000000004,-9.708771664164905,-6.930268511529056,31.63475323934785,-0.0
46.235,-9.570739201144749,-6.719211171950365,31.55017165452197,-0.0
46.24,-9.427315819439219,-6.517060860879113,31.452045670574172,-0.0
46.245,-9.283707332211389,-6.321623584683771,31.339581029454763,-0.0
46.25,-9.134974981330593,-6.134469828122982,31.21565390670816,-0.0
46.255,-8.984812271347739,-5.956632801872762,31.079906678844296,-0.0
46.26,-8.835096141442598,-5.790650071123454,30.93269814698918,-0.0
46.265,-8.683340808861452,-5.632951503167214,30.775386408736043,-0.0
46.27,-8.531094644442232,-5.483173179412972,30.609636119414812,-0.0
46.275,-8.379386519829076,-5.344529962361186,30.43610110648848,-0.0
46.28,-8.22732844831442,-5.2150913626206865,30.255294677514115,-0.0
46.285000000000004,-8.078096360897723,-5.096984791711264,30.065902050009196,-0.0
46.29,-7.929585933539974,-4.9878791551323856,29.87114817642395,-0.0
46.295,-7.782320879309467,-4.889614346614585,29.671934850744382,-0.0
46.300000000000004,-7.637297528232864,-4.800266417696443,29.467313609671788,-0.0
46.305,-7.495656001719041,-4.720314055595352,29.258901200609,-0.0
46.31,-7.3573390785931965,-4.649462215191283,29.045395448028614,-0.0
46.315,-7.222183891646461,-4.588127458485317,28.829950595373372,-0.0
46.32,-7.0907891038970865,-4.535027023124685,28.61107981793614,-0.0
46.325,-6.963449452712339,-4.490654373365855,28.38881438536992,-0.0
46.33,-6.838974303005843,-4.455619857914711,28.166095156628476,-0.0
46.335,-6.719582605051518,-4.4270067136665405,27.943483476086254,-0.0
46.34,-6.606361224031084,-4.40578885756272,27.719456554526783,-0.0
46.345,-6.495539048450002,-4.393067145364113,27.495172513206494,-0.0
46.35,-6.388724164419751,-4.387536910579359,27.27125883557668,-0.0
46.355000000000004,-6.288329169291645,-4.38938345103377,27.047564643775587,-0.0
46.36,-6.194061432174955,-4.396233027265125,26.824779243954875,-0.0
46.365,-6.104806973192392,-4.410515025869018,26.603188336209023,-0.0
46.37,-6.019142846599503,-4.431120522098559,26.38382243039019,-0.0
46.375,-5.939378769502701,-4.457129757476518,26.165750564282924,-0.0
46.38,-5.865402671378049,-4.488727974813901,25.94973316637562,-0.0
46.385,-5.7968620150696335,-4.526488620619838,25.735728845648886,-0.0
46.39,-5.734382908218761,-4.569844408985087,25.523842413378457,-0.0
46.395,-5.674669730886244,-4.6171549655298225,25.315425099840017,-0.0
46.4,-5.6209746115621035,-4.670902620938314,25.109834854801537,-0.0
46.405,-5.574019085049176,-4.72900546377478,24.90622040669134,-0.0
46.410000000000004,-5.531940073260636,-4.792711507419944,24.705100028421658,-0.0
46.415,-5.49474540543371,-4.860190061459179,24.508536593985035,-0.0
46.42,-5.463116242923211,-4.931176091397791,24.315067891616824,-0.0
46.425000000000004,-5.435917253127687,-5.007368992513351,24.126972792720405,-0.0
46.43,-5.415703217270115,-5.087015827646396,23.94069139664625,-0.0
46.435,-5.400950149555715,-5.171981868533039,23.75911427077705,-0.0
46.44,-5.39104881142212,-5.260553471458505,23.582320918316913,-0.0
46.445,-5.383449621392443,-5.353129487240347,23.40996332429567,-0.0
46.45,-5.382970801755632,-5.448936527005807,23.240956890989537,-0.0
46.455,-5.3859645836573025,-5.550223375781279,23.077007070559276,-0.0
46.46,-5.394970368827545,-5.65447300734224,22.918832043009772,-0.0
46.465,-5.407328192753757,-5.762865718212563,22.76538273562991,-0.0
46.47,-5.425032982867997,-5.877019872329016,22.61726340082066,-0.0
46.475,-5.448673847331345,-5.9924586305008205,22.476160949552963,-0.0
46.480000000000004,-5.475463077752291,-6.112529841347183,22.339239305708713,-0.0
46.485,-5.507612379305819,-6.237516982801335,22.20925815545401,-0.0
46.49,-5.545168044332106,-6.365559418080887,22.08434732012575,-0.0
46.495,-5.586202655928556,-6.497364767041155,21.965417417253825,-0.0
46.5,-5.6312673892078005,-6.632530978045791,21.85513616584787,-0.0
46.505,-5.680762487730201,-6.772117967341166,21.74968393884107,-0.0
46.51,-5.736582845482459,-6.915872937084316,21.651527392040034,-0.0
46.515,-5.79568647390129,-7.0635170369026445,21.56024979543675,-0.0
46.52,-5.859250015048888,-7.214951348787754,21.477604957204033,-0.0
46.525,-5.926143031564746,-7.371030763167529,21.402241093602715,-0.0
46.53,-5.999439102735796,-7.530373993756009,21.33566009737781,-0.0
46.535000000000004,-6.076757299462553,-7.692422526829057,21.275937311132896,-0.0
46.54,-6.159335561147501,-7.8586594857200645,21.225930513444364,-0.0
46.545,-6.243851274739699,-8.028185135865613,21.185852863678065,-0.0
46.550000000000004,-6.333056732645054,-8.200558366941163,21.154641144490128,-0.0
46.555,-6.426518399780508,-8.37625674982354,21.132470074381033,-0.0
46.56,-6.5251016625528795,-8.554694638201852,21.12042822742281,-0.0
46.565,-6.627163344425605,-8.736399996380053,21.11849231680338,-0.0
46.57,-6.731730792522255,-8.91937005716031,21.126614471840682,-0.0
46.575,-6.841485706984044,-9.106074853746525,21.14610404524149,-0.0
46.58,-6.953822498338929,-9.293941117855237,21.17576961915269,-0.0
46.585,-7.0722026907425075,-9.484610348870298,21.21706058363008,-0.0
46.59,-7.191627271736157,-9.67636525308497,21.268542430238224,-0.0
46.595,-7.313834343525446,-9.869698530806039,21.334133876320056,-0.0
46.6,-7.4406542293393825,-10.064868136971928,21.409601897730646,-0.0
46.605000000000004,-7.570978890032877,-10.259365649350395,21.49952971836006,-0.0
46.61,-7.705139992982223,-10.452864011939859,21.60036754400231,-0.0
46.615,-7.842648343987081,-10.647546556138918,21.71442807283226,-0.0
46.62,-7.983081067895068,-10.841090589914558,21.84239480442327,-0.0
46.625,-8.127115886954053,-11.032804768559568,21.984552805890218,-0.0
46.63,-8.272304323651538,-11.22139940508193,22.1397761180656,-0.0
46.635,-8.419608800437317,-11.408131471698834,22.307069499628454,-0.0
46.64,-8.570161224498996,-11.590742262542957,22.48978643912525,-0.0
46.645,-8.720302432908827,-11.768064339915277,22.68656119850017,-0.0
46.65,-8.87301388571833,-11.940526347693192,22.896292120478574,-0.0
46.655,-9.026099455817775,-12.108269222020144,23.1224090663582,-0.0
46.660000000000004,-9.178632105047669,-12.267330444773947,23.3598547723165,-0.0
46.665,-9.334389883013491,-12.419769458679973,23.611990550686617,-0.0
46.67,-9.489055324881159,-12.562714528629783,23.87742746765916,-0.0
46.675000000000004,-9.643733725417661,-12.695633961554378,24.154979306455402,-0.0
46.68,-9.795891589574422,-12.816649656532373,24.44430695161583,-0.0
46.685,-9.947131368614762,-12.92682631882198,24.745835172164846,-0.0
46.69,-10.095125917111618,-13.023572168991178,25.05870529260202,-0.0
46.695,-10.24093961043529,-13.105830349153734,25.381751561878506,-0.0
46.7,-10.384552877042363,-13.175087284827045,25.714920030262967,-0.0
46.705,-10.523065183114594,-13.22793631408706,26.05606870320354,-0.0
46.71,-10.65850741137684,-13.265172665785183,26.405262437583247,-0.0
46.715,-10.788659602562323,-13.284060550223261,26.758620772422915,-0.0
46.72,-10.913977289057751,-13.284365666007316,27.11869987494876,-0.0
46.725,-11.031076400449264,-13.267125415751027,27.481467390283033,-0.0
46.730000000000004,-11.143458058332543,-13.22947252309802,27.846855680784238,-0.0
46.735,-11.247977260502287,-13.171650726093938,28.212562811543467,-0.0
46.74,-11.344180571371803,-13.0940067500536,28.577138923972274,-0.0
46.745,-11.431223723897507,-12.996139421617858,28.939929506898075,-0.0
46.75,-11.50857756884881,-12.877282856396235,29.296949038019903,-0.0
46.755,-11.575571976216912,-12.738515119368891,29.645862249967053,-0.0
46.76,-11.635121734167287,-12.57954163244194,29.987641464772544,-0.0
46.765,-11.68206598003436,-12.400806730174237,30.31979374542823,-0.0
46.77,-11.718472567300488,-12.202511528269895,30.64070936143418,-0.0
46.775,-11.743020976208197,-11.98791193604578,30.947138402170733,-0.0
46.78,-11.75559946697844,-11.755002022359358,31.238647085012303,-0.0
46.785000000000004,-11.75475127076891,-11.505252738839635,31.513596532433535,-0.0
46.79,-11.741691388771514,-11.241785950959132,31.769133072177222,-0.0
46.795,-11.716584195816877,-10.965884596700434,32.005550273770844,-0.0
46.800000000000004,-11.679788246250517,-10.67628384255503,32.22211148811696,-0.0
46.805,-11.630701343949505,-10.376041559108273,32.41538741109509,-0.0
46.81,-11.567345585880764,-10.067312758852104,32.58605766152744,-0.0
46.815,-11.492069828826962,-9.751645448972894,32.733657008575165,-0.0
46.82,-11.404150125340946,-9.430277368073499,32.85708105011187,-0.0
46.825,-11.30590559578425,-9.105933664806614,32.9569224453773,-0.0
46.83,-11.196435006437527,-8.779840052449622,33.03189430584042,-0.0
46.835,-11.075288939175053,-8.453960618014468,33.0829951128036,-0.0
46.84,-10.944848885891975,-8.130557348408129,33.11040602078175,-0.0
46.845,-10.804979041910437,-7.809770481705443,33.114738756473585,-0.0
46.85,-10.656085603999207,-7.493274087355864,33.09587473498882,-0.0
46.855000000000004,-10.497532324890237,-7.183209416592666,33.052548946471525,-0.0
46.86,-10.332133372116228,-6.881021398811301,32.98881423220425,-0.0
46.865,-10.161444827792344,-6.588672647245496,32.90569152682988,-0.0
46.87,-9.982775547947615,-6.306757399976756,32.80141759385345,-0.0
46.875,-9.798771343391959,-6.0352438479109285,32.67965182995702,-0.0
46.88,-9.609756917318476,-5.77547474862596,32.53966876487271,-0.0
46.885,-9.416398673916843,-5.529014672539492,32.383282393564144,-0.0
46.89,-9.223764252636816,-5.2943147771433425,32.21311798650175,-0.0
46.895,-9.028131277452776,-5.0732749357747675,32.028404526004856,-0.0
46.9,-8.829441025125108,-4.865966250656137,31.83003251668105,-0.0
46.905,-8.630122530192725,-4.672244584603803,31.620685157198253,-0.0
46.910000000000004,-8.431981584825406,-4.491874878073889,31.400631514441958,-0.0
46.915,-8.234692183588551,-4.325726639882692,31.171296026266287,-0.0
46.92,-8.038935238814823,-4.171632014354057,30.93447144601645,-0.0
46.925000000000004,-7.845068543869848,-4.033695901935204,30.690283811846427,-0.0
46.93,-7.654034808900024,-3.9091024902816094,30.439454491785213,-0.0
46.935,-7.467703266167637,-3.7958183902833613,30.18344550996707,-0.0
46.94,-7.284153861345748,-3.694926873320431,29.921835234243815,-0.0
46.945,-7.103638005201238,-3.6063613389339757,29.657275538382468,-0.0
46.95,-6.927603353567431,-3.529077321123242,29.389187377819404,-0.0
46.955,-6.758803768983075,-3.4628778418322272,29.120062773823552,-0.0
46.96,-6.594149999567057,-3.409275437802552,28.84977789649117,-0.0
46.965,-6.434445846973512,-3.3643864417505713,28.57804682489682,-0.0
46.97,-6.280851782673389,-3.3284255578550974,28.305480569194707,-0.0
46.975,-6.132596696304613,-3.303119711727995,28.032177171035123,-0.0
46.980000000000004,-5.990690304636501,-3.2850338371537178,27.759130181938236,-0.0
46.985,-5.856003323915713,-3.276982075565717,27.488096301529726,-0.0
46.99,-5.726231523240781,-3.274731946514977,27.21826123564555,-0.0
46.995,-5.603733154217448,-3.2798540726581518,26.950447751491392,-0.0
47.0,-5.488148490442626,-3.293165508418049,26.682402277387858,-0.0
47.005,-5.377846208483592,-3.313608410620932,26.418072675894294,-0.0
47.01,-5.275463177170512,-3.339596195205819,26.154522843256277,-0.0
47.015,-5.178518644735116,-3.372621607471033,25.894709302548414,-0.0
47.02,-5.087726680362586,-3.40888955629504,25.636996349860247,-0.0
47.025,-5.002621549921804,-3.4520258577260385,25.38108013756691,-0.0
47.03,-4.925499215475703,-3.4985556018920705,25.128290966519515,-0.0
47.035000000000004,-4.854326567768465,-3.5516514614810766,24.880200054450484,-0.0
47.04,-4.788620601403015,-3.609862208123683,24.63394434560794,-0.0
47.045,-4.729934934986397,-3.673003745481901,24.391506226922395,-0.0
47.050000000000004,-4.678568360325167,-3.7400201748018094,24.153094863040902,-0.0
47.055,-4.6312837688677435,-3.810264769823753,23.9184271374155,-0.0
47.06,-4.591274944977211,-3.8847949934781996,23.687847260056323,-0.0
47.065,-4.556614520708424,-3.9639048882266357,23.459930164608924,-0.0
47.07,-4.527197852205523,-4.047052469000193,23.238219020736516,-0.0
47.075,-4.502389986387489,-4.134677990188448,23.019385602136964,-0.0
47.08,-4.484529194275296,-4.226879256018255,22.805471691792775,-0.0
47.085,-4.470155243622336,-4.321613663765909,22.59589283498001,-0.0
47.09,-4.464108743016,-4.421096426240114,22.39178718696519,-0.0
47.095,-4.461822606372147,-4.5250900140579295,22.192741043440357,-0.0
47.1,-4.464796826120695,-4.631204521391533,21.997166300237176,-0.0
47.105000000000004,-4.473413306043647,-4.742250818035248,21.80678459681168,-0.0
47.11,-4.486865661828491,-4.857362224330101,21.621408822882852,-0.0
47.115,-4.5048517949808815,-4.976519311643339,21.441662335516995,-0.0
47.12,-4.528824080144522,-5.100417969647969,21.266256105772836,-0.0
47.125,-4.557433555069221,-5.226398704900217,21.098144265161793,-0.0
47.13,-4.590838905358464,-5.357655014310775,20.936141626979094,-0.0
47.135,-4.630072948655951,-5.4922520683972245,20.780202026773033,-0.0
47.14,-4.673249933196287,-5.6318247367053,20.63021687413618,-0.0
47.145,-4.721157730826914,-5.776507613775923,20.48655634934148,-0.0
47.15,-4.773283552463524,-5.92459024813957,20.349451940264913,-0.0
47.155,-4.8300472913759585,-6.077817438628536,20.21824170696024,-0.0
47.160000000000004,-4.891789848593869,-6.235797972317306,20.094092783133615,-0.0
47.165,-4.958306982472166,-6.398176921914243,19.979360373122784,-0.0
47.17,-5.030566431957944,-6.564180712598021,19.872573858786136,-0.0
47.175000000000004,-5.107181589466978,-6.7358140890611615,19.77219785625166,-0.0
47.18,-5.18933835308411,-6.912424573576574,19.680839497757926,-0.0
47.185,-5.275846883540144,-7.0950244500990545,19.596194550242497,-0.0
47.19,-5.367455179526241,-7.280779388969033,19.52200512430763,-0.0
47.195,-5.461258051109567,-7.473241259247912,19.457185149114842,-0.0
47.2,-5.561135884838609,-7.668802532801207,19.40176023616641,-0.0
47.205,-5.667046316818615,-7.86906420907922,19.35618595126126,-0.0
47.21,-5.776823535868254,-8.074334903977638,19.321499241482606,-0.0
47.215,-5.891850773044388,-8.284990302877738,19.297011528667603,-0.0
47.22,-6.010629381883837,-8.500177029457488,19.28307182768953,-0.0
47.225,-6.135444062314781,-8.719309837101454,19.28291884212413,-0.0
47.230000000000004,-6.263877875524109,-8.941915908724342,19.29292355812626,-0.0
47.235,-6.39689266559657,-9.170258261515206,19.316206249171398,-0.0
47.24,-6.536034810827335,-9.402152418094785,19.352042599848517,-0.0
47.245,-6.679971413097586,-9.637545383891027,19.40065466908265,-0.0
47.25,-6.827842621461415,-9.876539728756946,19.464050903217796,-0.0
47.255,-6.97966811939448,-10.118057188302247,19.541033987729826,-0.0
47.26,-7.135384664778792,-10.362843737241707,19.632588331428938,-0.0
47.265,-7.296365360104231,-10.609803340395834,19.74029433014415,-0.0
47.27,-7.463031956390264,-10.857763225737468,19.864462171069775,-0.0
47.275,-7.63369723755357,-11.106632311847829,20.004724935409687,-0.0
47.28,-7.807620875268965,-11.356645517476176,20.161585220767734,-0.0
47.285000000000004,-7.985103530242173,-11.605566060442465,20.335287943432444,-0.0
47.29,-8.16560737278874,-11.853011610623634,20.527735932355096,-0.0
47.295,-8.349477810282277,-12.098934945568674,20.73719953287466,-0.0
47.300000000000004,-8.537331685541062,-12.341768601303755,20.965388118101036,-0.0
47.305,-8.727763065287807,-12.580352694144153,21.21305826260098,-0.0
47.31,-8.92019861771461,-12.813297490309733,21.478009274392544,-0.0
47.315,-9.11604692206454,-13.039897753579009,21.763216230075727,-0.0
47.32,-9.310997785545373,-13.25929326929839,22.067348881577505,-0.0
47.325,-9.508630036148071,-13.468499019449311,22.39078299079566,-0.0
47.33,-9.70620559055689,-13.6684267334661,22.7317854999112,-0.0
47.335,-9.904654019604514,-13.85703922976561,23.090814049608753,-0.0
47.34,-10.101076320164042,-14.03077302180346,23.469887712201714,-0.0
47.345,-10.297453108044254,-14.189733780217093,23.865703071801512,-0.0
47.35,-10.491936257633759,-14.332080597564138,24.278462585024954,-0.0
47.355000000000004,-10.683308366569388,-14.455206755859471,24.70650836468784,-0.0
47.36,-10.872855364099518,-14.558769314785811,25.149327661303527,-0.0
47.365,-11.056566750172971,-14.640606930145644,25.605995971312826,-0.0
47.37,-11.235223530499416,-14.700041775783022,26.07347947685063,-0.0
47.375,-11.407720928704633,-14.734917794182365,26.55139006876791,-0.0
47.38,-11.57462222017424,-14.743936922228254,27.03747039305656,-0.0
47.385,-11.733725848896004,-14.725629988719636,27.530453185576977,-0.0
47.39,-11.885110719633897,-14.678430072334827,28.027697652900557,-0.0
47.395,-12.024465467397187,-14.604019020777208,28.526451032174023,-0.0
47.4,-12.154759925907308,-14.500014663052237,29.024275958192284,-0.0
47.405,-12.273198445183995,-14.36615804432377,29.51903142567343,-0.0
47.410000000000004,-12.378271215951752,-14.200814931937737,30.007682627770958,-0.0
47.415,-12.470529782926041,-14.005378499987518,30.485813904260546,-0.0
47.42,-12.54763860739937,-13.78133111382158,30.95356585999026,-0.0
47.425000000000004,-12.609229382771773,-13.52725155077705,31.405015834894254,-0.0
47.43,-12.655165100510104,-13.24422375373225,31.83788892674848,-0.0
47.435,-12.68522513996552,-12.935681877592812,32.25199845617529,-0.0
47.44,-12.69809871654362,-12.60021624085952,32.643048460716265,-0.0
47.445,-12.693430234402351,-12.241538090171328,33.006796524289534,-0.0
47.45,-12.670281287111994,-11.862127827987017,33.34317938284322,-0.0
47.455,-12.629464895302208,-11.465070126408895,33.650228946875636,-0.0
47.46,-12.571027338247815,-11.051359547667614,33.92645425123926,-0.0
47.465,-12.49537091810893,-10.624099095372266,34.16932116617248,-0.0
47.47,-12.401310027016219,-10.185914839564477,34.37633138469768,-0.0
47.475,-12.289683426664302,-9.739049119213691,34.5508882175056,-0.0
47.480000000000004,-12.162743571556748,-9.287627455189062,34.68881153708498,-0.0
47.485,-12.018410560192065,-8.834074510529458,34.79128388890125,-0.0
47.49,-11.859304725028021,-8.381238968709754,34.85891787541074,-0.0
47.495,-11.685992133698779,-7.932949177699286,34.89117067207516,-0.0
47.5,-11.498144217109466,-7.490542800385956,34.89032419008369,-0.0
47.505,-11.297604525322043,-7.056212030696571,34.85544561743069,-0.0
47.51,-11.08586276779992,-6.634417415559784,34.78929396188883,-0.0
47.515,-10.86448022489799,-6.224562530405192,34.69314845757864,-0.0
47.52,-10.632670568160766,-5.828987948015267,34.568624951271005,-0.0
47.525,-10.392406357395966,-5.449681622376776,34.41731410031823,-0.0
47.53,-10.146228093930691,-5.088462641986217,34.24186122445018,-0.0
47.535000000000004,-9.892567548374723,-4.746798733193592,34.04278126900914,-0.0
47.54,-9.635452335448106,-4.423662080087723,33.82363637065586,-0.0
47.545,-9.374227557284712,-4.122713446752014,33.585655364232686,-0.0
47.550000000000004,-9.11111904209548,-3.841505785940183,33.33109037995905,-0.0
47.555,-8.848707913977998,-3.57942827569844,33.06064734047985,-0.0
47.56,-8.58592556144149,-3.3374953512711514,32.77742267807173,-0.0
47.565,-8.324087333886439,-3.116152502435528,32.484165097796776,-0.0
47.57,-8.063585496431678,-2.913884518268099,32.18063846353217,-0.0
47.575,-7.807062620387069,-2.7309815339087637,31.86957670059455,-0.0
47.58,-7.554124495783023,-2.5661868331595317,31.550189651754373,-0.0
47.585,-7.303289887223811,-2.4206075744633866,31.22650745784107,-0.0
47.59,-7.059103465152531,-2.2902470625522295,30.89918732813967,-0.0
47.595,-6.821971691404399,-2.1753361361922274,30.56822809444086,-0.0
47.6,-6.589601145698007,-2.077516247615597,30.2342825765906,-0.0
47.605000000000004,-6.365007121940574,-1.993268100857237,29.899692816571612,-0.0
47.61,-6.147304730781957,-1.923489213502485,29.56545420253094,-0.0
47.615,-5.937015182087196,-1.8646872812527722,29.23103012421822,-0.0
47.62,-5.732783330899054,-1.8179963431378203,28.896543598901566,-0.0
47.625,-5.536024850450704,-1.7827063091612803,28.563091822720732,-0.0
47.63,-5.349886589647715,-1.7572002631093737,28.230320624858813,-0.0
47.635,-5.169881837768245,-1.7413024952269684,27.90158032366184,-0.0
47.64,-4.998707051159608,-1.7356564119882183,27.57468177161378,-0.0
47.645,-4.833268060274674,-1.7370972413352037,27.250436937997073,-0.0
47.65,-4.677963764338327,-1.7473915591285285,26.928091592469766,-0.0
47.655,-4.530783839215106,-1.7644485104628842,26.610221227124395,-0.0
47.660000000000004,-4.3934382511715455,-1.7870012315549912,26.295968494080665,-0.0
47.665,-4.262750976486447,-1.8138318120143235,25.984540407818066,-0.0
47.67,-4.140627593975706,-1.8482682242545987,25.675505214167845,-0.0
47.675000000000004,-4.024716982155662,-1.8871385788000063,25.370384441509604,-0.0
47.68,-3.917148227722607,-1.931039594061641,25.07038438176361,-0.0
47.685,-3.8165351539332972,-1.9784667615577338,24.77376579527992,-0.0
47.69,-3.7248504603338612,-2.0294885575334938,24.48202043192672,-0.0
47.695,-3.639692573521312,-2.0847905823820794,24.19180309917375,-0.0
47.7,-3.5626815291624374,-2.1437226871407584,23.90667553090776,-0.0
47.705,-3.493339363134254,-2.2066456686648137,23.626272328613428,-0.0
47.71,-3.4283070491563428,-2.272689410876846,23.3495429141071,-0.0
47.715,-3.369700964146469,-2.34133637369127,23.07695974666888,-0.0
47.72,-3.3184866591953246,-2.4119892982054694,22.809588004306164,-0.0
47.725,-3.273627856331981,-2.48654357513405,22.545702674968666,-0.0
47.730000000000004,-3.2349219436860293,-2.5639117878942033,22.28619862842727,-0.0
47.735,-3.2018612716117145,-2.644964853804244,22.03182384357319,-0.0
47.74,-3.172636497599061,-2.727313775869371,21.781719676450543,-0.0
47.745,-3.1511336422472356,-2.812624489899942,21.536672763819702,-0.0
47.75,-3.1347220813577423,-2.899654835937515,21.294272153780444,-0.0
47.755,-3.1228822733319626,-2.990060550282685,21.056308284040902,-0.0
47.76,-3.117163365114634,-3.0836121506321064,20.82090961222725,-0.0
47.765,-3.1145030672050003,-3.181838937181755,20.591481413583875,-0.0
47.77,-3.1176974910928705,-3.281045971518976,20.3677202006839,-0.0
47.775,-3.1241816551982424,-3.383314390897033,20.147269519148615,-0.0
47.78,-3.1363793137101674,-3.4890124767846418,19.930284972991647,-0.0
47.785000000000004,-3.153510995039789,-3.59941567258008,19.718434387155227,-0.0
47.79,-3.17576430526166,-3.7112170499542305,19.512149163084082,-0.0
47.795,-3.2030598048211605,-3.827368908170571,19.312091368182458,-0.0
47.800000000000004,-3.2337871584515394,-3.9477911499079346,19.11543549459922,-0.0
47.805,-3.2693113934728735,-4.07197349671561,18.92394989478938,-0.0
47.81,-3.3092238031919847,-4.199575903885718,18.73887999417011,-0.0
47.815,-3.352612240023267,-4.332689186584011,18.55764064750895,-0.0
47.82,-3.4010815040865348,-4.46932018237924,18.383375824979368,-0.0
47.825,-3.4550333987487862,-4.610053984753319,18.212995219737138,-0.0
47.83,-3.513366482074039,-4.755824311839261,18.049459286548935,-0.0
47.835,-3.5761061098656426,-4.9071128379642515,17.89171983097349,-0.0
47.84,-3.642569021309618,-5.063334437198524,17.74054757475831,-0.0
47.845,-3.714093527091538,-5.224324846476914,17.596534709567656,-0.0
47.85,-3.789152679542395,-5.390751510954823,17.458833166575573,-0.0
47.855000000000004,-3.8691227966107484,-5.563767268255039,17.327965209035305,-0.0
47.86,-3.953444833517732,-5.742189945896731,17.203672684627993,-0.0
47.865,-4.041784569607472,-5.927689850529765,17.088336818036193,-0.0
47.870000000000005,-4.137309316645304,-6.118161836566065,16.980448580209778,-0.0
47.875,-4.235987128036911,-6.315151537705912,16.88059562161052,-0.0
47.88,-4.340678516531323,-6.519141758605159,16.78961652231658,-0.0
47.885,-4.449330260303479,-6.729408471573968,16.70714928652519,-0.0
47.89,-4.563732454206372,-6.946604988528425,16.634296860016654,-0.0
47.895,-4.682048360785703,-7.170495336909307,16.571985439846255,-0.0
47.9,-4.807390218075182,-7.4010880446659915,16.519920869822965,-0.0
47.905,-4.937131852982769,-7.639885106878339,16.476989388647777,-0.0
47.910000000000004,-5.073673283609105,-7.8868575135556105,16.44575433848642,-0.0
47.915,-5.21530735641985,-8.139133327628075,16.426169851905147,-0.0
47.92,-5.361991320783906,-8.401098171070274,16.41907626722202,-0.0
47.925000000000004,-5.51387304250551,-8.669379063048419,16.426300962861813,-0.0
47.93,-5.670779880118616,-8.947261629833092,16.4460956817711,-0.0
47.935,-5.833703114061131,-9.230505026868148,16.481142311762085,-0.0
47.94,-6.003024498728728,-9.521005326562413,16.530737985070445,-0.0
47.945,-6.17888770224128,-9.817826290725948,16.595742360864318,-0.0
47.95,-6.361276450779159,-10.121093127553001,16.676759889708187,-0.0
47.955,-6.548150018016813,-10.430472566047746,16.77546911275422,-0.0
47.96,-6.741044493492918,-10.746154615837236,16.893264935885913,-0.0
47.965,-6.9418962181862724,-11.066993039591313,17.029023626705136,-0.0
47.97,-7.148035538301462,-11.391869364797172,17.1859925128833,-0.0
47.975,-7.360226814091977,-11.722549994427276,17.36460009099093,-0.0
47.980000000000004,-7.577527422657422,-12.054608897299886,17.564749929335715,-0.0
47.985,-7.800731769504304,-12.389561814186875,17.786604885127502,-0.0
47.99,-8.030135399964259,-12.725854211472495,18.032280067185606,-0.0
47.995000000000005,-8.264902978198991,-13.063135224316058,18.302110812539738,-0.0
48.0,-8.505639519272009,-13.398942110315355,18.59775629811331,-0.0
48.005,-8.750724800312035,-13.733135344777013,18.919637185802177,-0.0
48.01,-8.99912119535418,-14.061500386164312,19.269603803660427,-0.0
48.015,-9.250624597968773,-14.384311071772144,19.646099320619022,-0.0
48.02,-9.507832128672996,-14.699453435624783,20.050311756790695,-0.0
48.025,-9.766489195221526,-15.004041930827386,20.48221692372801,-0.0
48.03,-10.029461264775767,-15.295616930227732,20.94320015685819,-0.0
48.035000000000004,-10.292221747927199,-15.572877603031795,21.43005598286447,-0.0
48.04,-10.555649019254016,-15.833218598446775,21.945451565727993,-0.0
48.045,-10.819233296189223,-16.073293441444996,22.48806097214026,-0.0
48.050000000000004,-11.081105882595878,-16.292287270983085,23.059095576195762,-0.0
48.055,-11.341834566653873,-16.485794226171546,23.653010174143905,-0.0
48.06,-11.598600603473294,-16.649865959574587,24.272911147537215,-0.0
48.065,-11.851978433538644,-16.782395927650658,24.9145117677341,-0.0
48.07,-12.098194138313952,-16.8806068505475,25.576993746167222,-0.0
48.075,-12.336167272700035,-16.943659803662836,26.257388347478216,-0.0
48.08,-12.567485423942854,-16.96655440568235,26.952676555161382,-0.0
48.085,-12.788009308730587,-16.94844160222892,27.658664820196588,-0.0
48.09,-12.996000802061099,-16.884903824433728,28.37416465184413,-0.0
48.095,-13.190114881844123,-16.7752602398941,29.094647193031648,-0.0
48.1,-13.36856459109877,-16.619524411149012,29.81297497378268,-0.0
48.105000000000004,-13.53063848506083,-16.414253904584964,30.526551337259292,-0.0
48.11,-13.674057628775689,-16.161721440185186,31.230208221000968,-0.0
48.115,-13.79871026933809,-15.859642908057255,31.919350337807373,-0.0
48.120000000000005,-13.90244810033687,-15.510767911654629,32.588232052518016,-0.0
48.125,-13.983057197598317,-15.114221052623938,33.23191082095934,-0.0
48.13,-14.03956974703529,-14.672760752859716,33.84597720374649,-0.0
48.135,-14.070755489835266,-14.187795209644394,34.42470943900226,-0.0
48.14,-14.076135562156406,-13.664614664161004,34.96330727649875,-0.0
48.145,-14.055865787072095,-13.106523975796867,35.45800595543514,-0.0
48.15,-14.008955549221067,-12.517708195014729,35.90532958830511,-0.0
48.155,-13.93474048842167,-11.901292913216961,36.30442242276596,-0.0
48.160000000000004,-13.833455467531088,-11.263009646624935,36.648390464855666,-0.0
48.165,-13.704506572407974,-10.610166466756313,36.938490748264044,-0.0
48.17,-13.548708014553995,-9.944049547969136,37.17345858213767,-0.0
48.175000000000004,-13.367680807034821,-9.274459659041526,37.35064481969965,-0.0
48.18,-13.163436223710509,-8.603303431760695,37.47156309512143,-0.0
48.185,-12.935598749499576,-7.936970485261671,37.538865157484274,-0.0
48.19,-12.684880676954984,-7.280178123127877,37.551697450890906,-0.0
48.195,-12.415496176478893,-6.63878674905668,37.5127674603346,-0.0
48.2,-12.12685892456557,-6.015848961896851,37.42470283126771,-0.0
48.205,-11.821207393664002,-5.412855354836696,37.29192421733956,-0.0
48.21,-11.499658256968239,-4.836417060915737,37.114546880414714,-0.0
48.215,-11.165359305044745,-4.287764948583309,36.898774831305126,-0.0
48.22,-10.821526852535031,-3.7695770567403093,36.64580589299712,-0.0
48.225,-10.469146031108158,-3.282535760402454,36.36093227292736,-0.0
48.230000000000004,-10.110360789445862,-2.828812081419513,36.04708924667596,-0.0
48.235,-9.745999746127255,-2.4074223774756276,35.70916710173929,-0.0
48.24,-9.379475243129544,-2.0198051483601156,35.349680540014475,-0.0
48.245000000000005,-9.010915723034831,-1.6646344989011677,34.971676353233825,-0.0
48.25,-8.644913090986098,-1.3412927285755492,34.57872610237178,-0.0
48.255,-8.280033542760158,-1.049303139818094,34.17481292633719,-0.0
48.26,-7.918735471693316,-0.7875584486495523,33.76199340880424,-0.0
48.265,-7.563210812658182,-0.5542326418757315,33.34359775345203,-0.0
48.27,-7.2126234701016925,-0.3498358996801215,32.91989059949136,-0.0
48.275,-6.870080649696484,-0.17104676899614646,32.49412183012463,-0.0
48.28,-6.534065890561093,-0.015912685075570587,32.06726604629459,-0.0
48.285000000000004,-6.208065893272807,0.11668627436040302,31.640724108174965,-0.0
48.29,-5.890942866631392,0.2296829633880453,31.214649767132183,-0.0
48.295,-5.584408692373647,0.3238048054000464,30.791747262995656,-0.0
48.300000000000004,-5.288776366070601,0.40040674304271656,30.37249454112094,-0.0
48.305,-5.005621646366649,0.46185939376331137,29.95545413572055,-0.0
48.31,-4.730813349535877,0.5090001019171517,29.54465405084418,-0.0
48.315,-4.4674786234595,0.5428453675439125,29.138347594830655,-0.0
48.32,-4.217500865844244,0.5653104591580185,28.73750163804345,-0.0
48.325,-3.9804922649909353,0.577133154607716,28.342481803438197,-0.0
48.33,-3.7531052647569307,0.5803655902436377,27.951576431205417,-0.0
48.335,-3.537255518926193,0.5770149180757859,27.56850580573458,-0.0
48.34,-3.3318948482315522,0.5664333218484481,27.190714429833886,-0.0
48.345,-3.1359283548835193,0.5497733042310892,26.820924280100648,-0.0
48.35,-2.95107185095798,0.529319104510738,26.4552910891005,-0.0
48.355000000000004,-2.7759406962524356,0.5057394478376025,26.09511534836668,-0.0
48.36,-2.6125496896851557,0.47726736735409997,25.740889283931395,-0.0
48.365,-2.4575501362036007,0.4477567294371918,25.391009676893972,-0.0
48.370000000000005,-2.3108844683003498,0.4132015512827424,25.046814464027744,-0.0
48.375,-2.17440290473014,0.3766910624910952,24.708700137470707,-0.0
48.38,-2.0469234710827235,0.3402719019314509,24.374795983844173,-0.0
48.385,-1.927734097884984,0.3004667906928974,24.046393951564593,-0.0
48.39,-1.8155624786144817,0.2609408046818835,23.723986710876044,-0.0
48.395,-1.7112894282827187,0.22069311551263457,23.405015700155342,-0.0
48.4,-1.6156880938165825,0.18040109226922849,23.091448163532565,-0.0
48.405,-1.5266458350330046,0.13892134009839338,22.780861014148797,-0.0
48.410000000000004,-1.4420513074645955,0.09899304316691146,22.47605699250637,-0.0
48.415,-1.3645423662483345,0.05912083396496959,22.17586690095801,-0.0
48.42,-1.2938388245011985,0.01904095392987392,21.879283598862113,-0.0
48.425000000000004,-1.2278261151402483,-0.01960939359715861,21.588370795843648,-0.0
48.43,-1.167212526403199,-0.05991264790184408,21.29987739239964,-0.0
48.435,-1.1114238282263027,-0.0991890030534193,21.016010872811968,-0.0
48.44,-1.06032283116199,-0.136182805008069,20.737196282722138,-0.0
48.445,-1.0129945009498924,-0.17289990179686038,20.462363755086848,-0.0
48.45,-0.9717427611783406,-0.2100422709960177,20.19093761280999,-0.0
48.455,-0.9340315748780312,-0.24727485655025913,19.922049701405488,-0.0
48.46,-0.8996988185208975,-0.2850671704448747,19.657791718896892,-0.0
48.465,-0.8680112006465937,-0.322366240190651,19.396345182510085,-0.0
48.47,-0.8410151277144552,-0.35800044951265836,19.139179154694645,-0.0
48.475,-0.816979863307394,-0.3940219528180119,18.885745012512945,-0.0
48.480000000000004,-0.7964054552918446,-0.42997114806387965,18.635991782459026,-0.0
48.485,-0.7780249687914073,-0.46585442703698293,18.387991878513297,-0.0
48.49,-0.7616971760449628,-0.5017570520645689,18.143811177584926,-0.0
48.495000000000005,-0.7466587827047148,-0.5366632222935885,17.904153115720916,-0.0
48.5,-0.7359943483675668,-0.5698473894163211,17.667472505123925,-0.0
48.505,-0.7280400495341969,-0.6047830063065917,17.43427899894309,-0.0
48.51,-0.7217644714493943,-0.6402100585109407,17.204225430583953,-0.0
48.515,-0.7179833379847065,-0.6748993925312196,16.976000222184524,-0.0
48.52,-0.716605059626956,-0.7112602338070625,16.750732717097197,-0.0
48.525,-0.7148697376698145,-0.7478363754288355,16.530560672642714,-0.0
48.53,-0.7162999616715945,-0.7848569568478406,16.312838739430827,-0.0
48.535000000000004,-0.7207239870685448,-0.8230436215101521,16.09734883092585,-0.0
48.54,-0.7252861514364274,-0.8611098672432096,15.88461617208998,-0.0
48.545,-0.7323412016097284,-0.9014519191467183,15.6759503610093,-0.0
48.550000000000004,-0.7407360440627113,-0.9403361736192107,15.469573983510962,-0.0
48.555,-0.7499036440281958,-0.9829238442144252,15.26735836245512,-0.0
48.56,-0.7630601399603849,-1.0260732665252819,15.067703759465733,-0.0
48.565,-0.77626679823171,-1.070440738725411,14.871150128281712,-0.0
48.57,-0.7914692500733853,-1.115843024822922,14.676315771953798,-0.0
48.575,-0.8076338510197532,-1.1624384420568925,14.485053842856827,-0.0
48.58,-0.8252423721797001,-1.2108382788787941,14.297042611137922,-0.0
48.585,-0.8449145013045443,-1.2626135338227855,14.111427253584907,-0.0
48.59,-0.8652112750744473,-1.3153375049625922,13.92797437590293,-0.0
48.595,-0.8875382387759491,-1.3698486298468655,13.747940658965353,-0.0
48.6,-0.9114211277730911,-1.4258421955114196,13.570889446221733,-0.0
48.605000000000004,-0.9373943702524103,-1.4843544968827838,13.396529465300539,-0.0
48.61,-0.9649439242982758,-1.5452572066769013,13.22493723592209,-0.0
48.615,-0.994489335549259,-1.6085746084921577,13.055082495498164,-0.0
48.620000000000005,-1.0254598935414967,-1.6743788990369413,12.888906262314572,-0.0
48.625,-1.058040840327778,-1.7436958486547018,12.725240971162481,-0.0
48.63,-1.0916612841634747,-1.8150341797782292,12.5653172958074,-0.0
48.635,-1.1274994424172275,-1.890225701866561,12.408877953192201,-0.0
48.64,-1.165316279684231,-1.9676937076657672,12.253676608148286,-0.0
48.645,-1.2050380293027674,-2.0492446881853814,12.103011767278767,-0.0
48.65,-1.2473018265364417,-2.1346234443941947,11.955405365943138,-0.0
48.655,-1.2927999059352235,-2.2229810190257684,11.809108501387344,-0.0
48.660000000000004,-1.3398411701083377,-2.315472955819651,11.665191862393284,-0.0
48.665,-1.3887365104452174,-2.4144722508171803,11.52519215406736,-0.0
48.67,-1.4390956846533718,-2.5159814868613477,11.387666256514386,-0.0
48.675000000000004,-1.4931779772442202,-2.6226030268653546,11.253907185219976,-0.0
48.68,-1.549050843822162,-2.734489050360423,11.122644839864389,-0.0
48.685,-1.6089944835139667,-2.852508740512168,10.99545023932127,-0.0
48.69,-1.6726273707300368,-2.97545465870943,10.872905414068084,-0.0
48.695,-1.7381057613620947,-3.1041682654083655,10.752605676241823,-0.0
48.7,-1.8058452617853762,-3.238511262868842,10.636603942852519,-0.0
48.705,-1.877758200204183,-3.3781956867319862,10.523480714172155,-0.0
48.71,-1.9532187208673137,-3.5243711718601953,10.415853937015097,-0.0
48.715,-2.0313050157853136,-3.6774478098278003,10.312302607048123,-0.0
48.72,-2.1125386368800014,-3.8378874486438934,10.21274133126771,-0.0
48.725,-2.198806237445191,-4.005127763372212,10.116404849096572,-0.0
48.730000000000004,-2.2883702697847843,-4.180595946537711,10.025604990731434,-0.0
48.735,-2.381934944383694,-4.366140639194251,9.93860487056808,-0.0
48.74,-2.4816870971062097,-4.558965998763351,9.859157880530987,-0.0
48.745000000000005,-2.5852208784892006,-4.761021936934757,9.784565993789895,-0.0
48.75,-2.6939680201354155,-4.9716569743584165,9.714892634907535,-0.0
48.755,-2.808407437522535,-5.1929867601985755,9.652952887955633,-0.0
48.76,-2.9273922403969177,-5.4236318481402455,9.597355490116728,-0.0
48.765,-3.050803719906282,-5.665476773444651,9.549142339222847,-0.0
48.77,-3.1799260814723276,-5.917830535696237,9.508872779111101,-0.0
48.775,-3.316736631825517,-6.183424766833403,9.477034043934312,-0.0
48.78,-3.459479597220782,-6.4605651253107155,9.453648470543092,-0.0
48.785000000000004,-3.6094269410724458,-6.749656197469186,9.438650916726692,-0.0
48.79,-3.765970010184662,-7.050516669245703,9.43447265457126,-0.0
48.795,-3.9307135437167173,-7.366067104653649,9.439806764746894,-0.0
48.800000000000004,-4.101971652999858,-7.6940463069869,9.458789034097729,-0.0
48.805,-4.280864890213869,-8.036085005759139,9.491624384073964,-0.0
48.81,-4.468727807292278,-8.390301404645564,9.536205075941169,-0.0
48.815,-4.664659140265615,-8.761431913124046,9.596742891473044,-0.0
48.82,-4.869208700109961,-9.146609324089098,9.673900765327529,-0.0
48.825,-5.081153768096755,-9.546221138515204,9.766942914513397,-0.0
48.83,-5.304149311982328,-9.961665951883685,9.879601023793855,-0.0
48.835,-5.536705705858259,-10.392530044346609,10.01061153469785,-0.0
48.84,-5.779872734302506,-10.837498969865857,10.166115749032532,-0.0
48.845,-6.032374933156428,-11.299003333638852,10.344309111019028,-0.0
48.85,-6.296364551564319,-11.77563885554991,10.546806968160798,-0.0
48.855000000000004,-6.570374582776968,-12.26637587107796,10.776667982854619,-0.0
48.86,-6.855893883353098,-12.772145220349712,11.035785740086304,-0.0
48.865,-7.150867309494361,-13.290158752884754,11.32746620756375,-0.0
48.870000000000005,-7.458169777579767,-13.820801372909369,11.65082900967233,-0.0
48.875,-7.777280783176823,-14.361119524739932,12.010703502696543,-0.0
48.88,-8.106032478369839,-14.911977169638629,12.408429855784146,-0.0
48.885,-8.446315600690005,-15.47045233474286,12.845221628545882,-0.0
48.89,-8.796575897092659,-16.033164307419316,13.327335089606429,-0.0
48.895,-9.158482872452028,-16.598969142349535,13.855828855380924,-0.0
48.9,-9.53058045318862,-17.162849622795676,14.431618573541135,-0.0
48.905,-9.912102291808889,-17.724835606011602,15.05588551004772,-0.0
48.910000000000004,-10.302549993535212,-18.27891360817974,15.732409021947175,-0.0
48.915,-10.701906661762797,-18.820124445914654,16.464414619732405,-0.0
48.92,-11.107442907505936,-19.342809595428694,17.25254613141237,-0.0
48.925000000000004,-11.517808949769707,-19.842962961659573,18.09540206931518,-0.0
48.93,-11.935374546553321,-20.314858024475516,18.996121085792335,-0.0
48.935,-12.353862892210255,-20.750233458935817,19.954299480581874,-0.0
48.94,-12.774163669151182,-21.143509661540236,20.970132230433276,-0.0
48.945,-13.192888844603159,-21.48589959532432,22.041774089240253,-0.0
48.95,-13.607934150328719,-21.77106705174126,23.16551292260501,-0.0
48.955,-14.015977103250592,-21.991505372634798,24.337769770246524,-0.0
48.96,-14.413350686671116,-22.138598318677694,25.55477295148325,-0.0
48.965,-14.800206009019329,-22.20365209552989,26.809188736862403,-0.0
48.97,-15.169732465128368,-22.18054580804543,28.095013750947697,-0.0
48.975,-15.519768011674069,-22.063408238578987,29.402701394743307,-0.0
48.980000000000004,-15.847964441273938,-21.843768581770338,30.722180663329198,-0.0
48.985,-16.149089915456067,-21.51981212559385,32.043469718304756,-0.0
48.99,-16.418418749809028,-21.08594996221785,33.35422748043704,-0.0
48.995000000000005,-16.651549084900157,-20.539758148844783,34.6413121003436,-0.0
49.0,-16.84591389649232,-19.884826527151443,35.89003443016666,-0.0
49.005,-16.997828926500844,-19.1208179107748,37.08553908160191,-0.0
49.01,-17.10493245795419,-18.25354985531747,38.21592370293562,-0.0
49.015,-17.162265682808503,-17.289343798668146,39.268640429568705,-0.0
49.02,-17.16936760330374,-16.23617163966098,40.227764863443475,-0.0
49.025,-17.121754017447497,-15.104474568002262,41.0851391002734,-0.0
49.03,-17.020799923734852,-13.910006273185676,41.83060725590054,-0.0
49.035000000000004,-16.86468145937617,-12.663815424261328,42.45743265394578,-0.0
49.04,-16.65399500871039,-11.381971179908843,42.95773894492755,-0.0
49.045,-16.390773166651876,-10.079120747445735,43.3328548082773,-0.0
49.050000000000004,-16.075826919899452,-8.772443884863897,43.58164069434547,-0.0
49.055,-15.711576344167977,-7.475917434772942,43.705555282223685,-0.0
49.06,-15.299808145383082,-6.205268797554175,43.71029543054923,-0.0
49.065,-14.844981072737445,-4.972841608288472,43.60201209678395,-0.0
49.07,-14.350034811556444,-3.7901922157280086,43.389400888546696,-0.0
49.075,-13.822522519034722,-2.666869236421432,43.082946823812236,-0.0
49.08,-13.264528626421168,-1.6103998817025247,42.693900111289544,-0.0
49.085,-12.681330943511563,-0.6266836094446084,42.232183526860005,-0.0
49.09,-12.076600605916148,0.2784060019601856,41.70865774699804,-0.0
49.095,-11.45941666486102,1.1049164807982814,41.13455596959984,-0.0
49.1,-10.830527520262676,1.8518826190849362,40.521392760602026,-0.0
49.105000000000004,-10.196226121933309,2.519347796330635,39.88049811494232,-0.0
49.11,-9.559682341745683,3.1133041278496982,39.21999317507551,-0.0
49.115,-8.926236575486552,3.6338756539240324,38.54828896595452,-0.0
49.120000000000005,-8.29792825252374,4.08695327980391,37.872431475111426,-0.0
49.125,-7.678855169590422,4.475556826884431,37.198362946248544,-0.0
49.13,-7.070912557766409,4.806123344689991,36.530505543003144,-0.0
49.135,-6.47822617532923,5.082774546039697,35.87279857195426,-0.0
49.14,-5.899191611637156,5.312158812982504,35.230493298568526,-0.0
49.145,-5.338547989634598,5.4989365157900885,34.60309276081681,-0.0
49.15,-4.796198322560976,5.647572568477429,33.994775518216066,-0.0
49.155,-4.275548912489381,5.763724067798804,33.40589030052319,-0.0
49.160000000000004,-3.7740607497637324,5.8494891023951405,32.837969087322776,-0.0
49.165,-3.2924665281237226,5.9108874533575895,32.2903756372073,-0.0
49.17,-2.8315944766247663,5.952819354522273,31.761114913409816,-0.0
49.175000000000004,-2.391559626796899,5.976506654219209,31.25383765875709,-0.0
49.18,-1.9730800067567489,5.987239615939235,30.76674891668518,-0.0
49.185,-1.5754647853829604,5.984316741931283,30.29641450605757,-0.0
49.19,-1.197224685782083,5.972661879938533,29.84516556214483,-0.0
49.195,-0.8378476951819005,5.9550582994737065,29.41135983597397,-0.0
49.2,-0.4997370127130711,5.931923116181084,28.994117291641118,-0.0
49.205,-0.17953239469669535,5.905036669544818,28.59317238415933,-0.0
49.21,0.12420969590668735,5.875841584488236,28.206318582761078,-0.0
49.215,0.4109174004710717,5.84644285487656,27.833595984230936,-0.0
49.22,0.6837410944241302,5.817338798387084,27.474651078135714,-0.0
49.225,0.9413163753124444,5.789954372278398,27.129484506428515,-0.0
49.230000000000004,1.183847662695777,5.764634222161081,26.79415230826509,-0.0
49.235,1.4147816429379967,5.74321496804851,26.47126820354133,-0.0
49.24,1.6316421419050506,5.72397930506348,26.15827700104817,-0.0
49.245000000000005,1.836145700494502,5.710054449435976,25.856363781010312,-0.0
49.25,2.0286743414657233,5.701003102693106,25.565062253309446,-0.0
49.255,2.21211139605841,5.696283395479483,25.281038599972522,-0.0
49.26,2.386762443995748,5.696744820964723,25.007196972733436,-0.0
49.265,2.552786060928751,5.703040060654533,24.742447106330545,-0.0
49.27,2.71027905487495,5.71447510471064,24.485676780577084,-0.0
49.275,2.861159530242292,5.732797913604546,24.235883799740744,-0.0
49.28,3.004332681238267,5.759024247232182,23.994557959699556,-0.0
49.285000000000004,3.14273188780419,5.789951116203123,23.76010209296499,-0.0
49.29,3.2760861969334685,5.827475641306926,23.534126227413104,-0.0
49.295,3.403755854135055,5.869945092720569,23.314815131020566,-0.0
49.300000000000004,3.5273064180081226,5.921218191464428,23.104159016551513,-0.0
49.305,3.6470845739573896,5.977530631166879,22.901299062916333,-0.0
49.31,3.765008806068564,6.039398382670503,22.70541479261867,-0.0
49.315,3.8788402262177235,6.10947023718667,22.516106696333257,-0.0
49.32,3.9903950105352877,6.184437630737119,22.33382632034411,-0.0
49.325,4.099322711705393,6.265884868963645,22.159770991144793,-0.0
49.33,4.207151682564522,6.354145799890681,21.991242111936714,-0.0
49.335,4.313851165115549,6.448659831131277,21.831454425948866,-0.0
49.34,4.420051889436653,6.550102707130796,21.679022769000042,-0.0
49.345,4.5267436511989025,6.658098278966537,21.534375609853356,-0.0
49.35,4.63409128673469,6.771554439339706,21.39824302879942,-0.0
49.355000000000004,4.740674169153033,6.890401162584307,21.269859533450013,-0.0
49.36,4.8487877557635715,7.01536743746568,21.14982087245797,-0.0
49.365,4.957463023211335,7.145869115133905,21.036376355496245,-0.0
49.370000000000005,5.066989545448082,7.282194175097346,20.9334396470734,-0.0
49.375,5.17651335311772,7.425136102029283,20.83738634237483,-0.0
49.38,5.289589923729242,7.5732835831931204,20.75170379428125,-0.0
49.385,5.403904102768917,7.726896524767432,20.675375872946375,-0.0
49.39,5.520157970023067,7.8861148128655385,20.60968051468615,-0.0
49.395,5.639033336899726,8.0505638414936,20.55157117260918,-0.0
49.4,5.759956748658075,8.221245683800037,20.504686897446902,-0.0
49.405,5.88220894247535,8.39499563624034,20.468889149036045,-0.0
49.410000000000004,6.007066786515751,8.574409008707157,20.443191681075657,-0.0
49.415,6.135564875609315,8.759385628931991,20.428396483631147,-0.0
49.42,6.267009631241709,8.947130887795995,20.42431386166433,-0.0
49.425000000000004,6.400692154036125,9.140283133685845,20.43207028033958,-0.0
49.43,6.537709183581244,9.337896520529958,20.452662765165144,-0.0
49.435,6.676471654239894,9.53777156410222,20.485417792532235,-0.0
49.44,6.819646887233365,9.740423442890743,20.53293578356477,-0.0
49.445,6.96557100494108,9.94604916008164,20.591252403788076,-0.0
49.45,7.113931742440557,10.154876309375963,20.662764669011906,-0.0
49.455,7.266286819966707,10.36449316284133,20.748324323787056,-0.0
49.46,7.421314587255952,10.575994852607085,20.84822512516038,-0.0
49.465,7.579179654063372,10.78775828807402,20.961046158550516,-0.0
49.47,7.739096328881059,11.001484545469397,21.090882589079534,-0.0
49.475,7.902643167454036,11.214235319324443,21.2353660299046,-0.0
49.480000000000004,8.068882293391063,11.425051082706458,21.395449035278975,-0.0
49.485,8.236399013074648,11.634101562256681,21.57144789818961,-0.0
49.49,8.406178091863696,11.839731456392414,21.762814452234306,-0.0
49.495000000000005,8.578154858501671,12.042907855233477,21.969160098300705,-0.0
49.5,8.75147199720601,12.24091594221514,22.192656902201346,-0.0
49.505,8.926978541370197,12.433494004409111,22.43224945729741,-0.0
49.51,9.102914323790525,12.619400009973784,22.688330779676285,-0.0
49.515,9.278551536628909,12.798232770759043,22.960146177401214,-0.0
49.52,9.455171364714282,12.968226049293449,23.247000197891932,-0.0
49.525,9.63050238121478,13.127894540182183,23.549021987307533,-0.0
49.53,9.806385550809214,13.27667944728956,23.866740848602877,-0.0
49.535000000000004,9.979241500655121,13.412677723246038,24.200912981468832,-0.0
49.54,10.151888698464838,13.53463620024989,24.54862547371049,-0.0
49.545,10.3196836468198,13.642693701522184,24.90838901521132,-0.0
49.550000000000004,10.484921531958982,13.733960839813818,25.279579830743984,-0.0
49.555,10.647207865045369,13.80961910850569,25.662066654228664,-0.0
49.56,10.80656411661946,13.863907846703931,26.054958028650486,-0.0
49.565,10.959438309309922,13.897538074976882,26.45680409439314,-0.0
49.57,11.10563876509915,13.913148613634933,26.866167560724442,-0.0
49.575,11.245895889636461,13.906236953793432,27.280052727116043,-0.0
49.58,11.378065557675312,13.878429755162147,27.697898363115268,-0.0
49.585,11.5033152295567,13.826041262249486,28.118216695022934,-0.0
49.59,11.618179210579896,13.74964602605769,28.53760568771202,-0.0
49.595,11.724801635983875,13.648890445007149,28.95623473768987,-0.0
49.6,11.81998387238673,13.52383556000341,29.370191370918867,-0.0
49.605000000000004,11.905361739746484,13.374216951084131,29.778676171257263,-0.0
49.61,11.978212609057731,13.201247581271852,30.17704302025748,-0.0
49.615,12.039395209756131,13.004872299176704,30.56580928830047,-0.0
49.620000000000005,12.087600933734514,12.784849185844628,30.940053731190176,-0.0
49.625,12.122410280443267,12.54245659042431,31.298861851364805,-0.0
49.63,12.14375336289907,12.280717136137147,31.642233732713237,-0.0
49.635,12.150200283824347,11.99775197850165,31.966115239956423,-0.0
49.64,12.14299246906844,11.697467974758688,32.26973746217889,-0.0
49.645,12.121857202097798,11.379558557830563,32.54946914797148,-0.0
49.65,12.085563013181392,11.046361319537192,32.8045950187004,-0.0
49.655,12.03333631231483,10.700969337812076,33.034215305576716,-0.0
49.660000000000004,11.96589444575262,10.344364093891443,33.23804475903357,-0.0
49.665,11.884071709779317,9.979274276045873,33.414595469871315,-0.0
49.67,11.787642469908667,9.608662012542592,33.56249256649231,-0.0
49.675000000000004,11.67972639734336,9.233045166475408,33.68157112134634,-0.0
49.68,11.55718593553238,8.855380190970584,33.7719488014824,-0.0
49.685,11.42231488361394,8.477267407401795,33.832895063448696,-0.0
49.69,11.273095975906884,8.101015359755275,33.86673448816191,-0.0
49.695,11.11528330996549,7.729230531232321,33.872932824118635,-0.0
49.7,10.94583587725199,7.3648751484139385,33.850858276479116,-0.0
49.705,10.766480556284906,7.008424214668837,33.80308505289094,-0.0
49.71,10.579804424024049,6.6602083189430195,33.72900402052552,-0.0
49.715,10.383654973717972,6.32404604937821,33.63215533494853,-0.0
49.72,10.180396773309557,6.0007122874234025,33.511020749532925,-0.0
49.725,9.9724708516037,5.68936563627827,33.369383177694296,-0.0
49.730000000000004,9.758419543864136,5.394029740607628,33.20942740073099,-0.0
49.735,9.539707892692835,5.112834042572598,33.03035434437164,-0.0
49.74,9.31900570661641,4.847704103040978,32.83429502210736,-0.0
49.745000000000005,9.096280057516475,4.5980440205972215,32.62248519419375,-0.0
49.75,8.871857618531411,4.365165559329641,32.39688042745771,-0.0
49.755,8.644877935346527,4.148586013813298,32.15887597696596,-0.0
49.76,8.420253736869393,3.948173051247909,31.909990588206078,-0.0
49.765,8.197012174222795,3.764222591145378,31.649769458489025,-0.0
49.77,7.975328164876069,3.5961817987509264,31.382049469372657,-0.0
49.775,7.756738026263713,3.443481565013201,31.10613440445212,-0.0
49.78,7.541167320420589,3.306094853265818,30.824626188208946,-0.0
49.785000000000004,7.3277004430724215,3.1831687738766634,30.538144617862617,-0.0
49.79,7.120567112469281,3.074263707528752,30.247353278985113,-0.0
49.795,6.918686987795704,2.978584544410376,29.95425858189711,-0.0
49.800000000000004,6.722779570448221,2.8962951170417095,29.65794762904171,-0.0
49.805,6.531938441610822,2.8267478526388783,29.360020561600177,-0.0
49.81,6.3468232151943536,2.767897291139564,29.061397837062746,-0.0
49.815,6.166461237793588,2.719674775918262,28.76109782369013,-0.0
49.82,5.993221360977327,2.6823447499328323,28.46113362849005,-0.0
49.825,5.828476903949201,2.653699027348444,28.162124236629328,-0.0
49.83,5.669336303437076,2.634758471847421,27.86285122064929,-0.0
49.835,5.518395531419395,2.6263554477605293,27.56601948725152,-0.0
49.84,5.374379284547326,2.6249419197110835,27.27066456565369,-0.0
49.845,5.237434883043336,2.632325504775644,26.97711055489602,-0.0
49.85,5.106086422179121,2.6461851018343467,26.6859186078313,-0.0
49.855000000000004,4.982514830611312,2.666296472836026,26.39664762518829,-0.0
49.86,4.866804148706458,2.693482320853241,26.111250006815027,-0.0
49.865,4.758188590335089,2.725949786056807,25.828725816206454,-0.0
49.870000000000005,4.656413499387137,2.7638310275632896,25.548698587486946,-0.0
49.875,4.561334242399106,2.8075136907955556,25.272823631603067,-0.0
49.88,4.473110582951262,2.855834832756024,25.000169283105834,-0.0
49.885,4.392853624048721,2.9089864374964085,24.730345332965072,-0.0
49.89,4.317524394863471,2.965605887993244,24.46534680861726,-0.0
49.895,4.250323109572847,3.0264919607841265,24.201404883663233,-0.0
49.9,4.190573655506178,3.0930638029686177,23.943031858476683,-0.0
49.905,4.135650060294788,3.161978638104619,23.687490514768083,-0.0
49.910000000000004,4.086755981623917,3.2355614965045767,23.436636282597185,-0.0
49.915,4.044452960401593,3.311750849701685,23.189988003663505,-0.0
49.92,4.008686089430074,3.3918872518869003,22.947856125367622,-0.0
49.925000000000004,3.9784318931137146,3.4763636603426753,22.708178809355264,-0.0
49.93,3.9528326418363187,3.563772916688589,22.475346978332485,-0.0
49.935,3.9337325891747477,3.655393321961694,22.245574201544873,-0.0
49.94,3.9209389149273446,3.7502777033943335,22.02074094027217,-0.0
49.945,3.9134079591051565,3.847731077955358,21.800226312104655,-0.0
49.95,3.910537007711948,3.9518408350562164,21.584141954028464,-0.0
49.955,3.9123890827851127,4.057611981939998,21.372908978446418,-0.0
49.96,3.9192981754978673,4.167852664404289,21.167545917770713,-0.0
49.965,3.9300320767443564,4.279690239706344,20.96640714632404,-0.0
49.97,3.9467535424247635,4.396515533898534,20.771395985353077,-0.0
49.975,3.9699222662934166,4.517086988156144,20.58194599584111,-0.0
49.980000000000004,3.997241114273687,4.641182523596624,20.396915853290515,-0.0
49.985,4.028669203188757,4.770854162154891,20.217740757629567,-0.0
49.99,4.065422793138344,4.902640810201886,20.043953804156427,-0.0
49.995000000000005,4.107256180572259,5.040030428357225,19.87671942445008,-0.0
