time,$x$,$y$,$z$,u_0
0.0,1.6762014289519636,1.2904327231302481,20.133491750487828,0.0
0.005,1.6564062412678866,1.3512747151469133,19.874561556913015,0.0
0.01,1.6414496513898216,1.4108028265477506,19.6201732471643,0.0
0.015,1.6300470179371656,1.4730558980908148,19.370773429465913,0.0
0.02,1.621711959719738,1.536245576774142,19.1241500499681,0.0
0.025,1.6174071866457163,1.6009217938971942,18.88190134061665,0.0
0.03,1.615961113141818,1.6665349736096757,18.64404467618583,0.0
0.035,1.6195775337529252,1.7328885926748752,18.40871240738403,0.0
0.04,1.6264637355276252,1.8018173096560524,18.177721053196667,0.0
0.045,1.6343300079158252,1.8727382870473166,17.948915388047432,0.0
0.05,1.6456343042006683,1.9449310440183223,17.72450256616854,0.0
0.055,1.6595892269874657,2.0199638170507974,17.504416924051142,0.0
0.06,1.6770350834044327,2.0978209652825,17.286841456598594,0.0
0.065,1.6976616576551702,2.178064899506588,17.07445287130341,0.0
0.07,1.721898592447094,2.2605358634725317,16.86575400322144,0.0
0.075,1.7492151375168454,2.344417393711361,16.66123788908979,0.0
0.08,1.7788943763484908,2.4328837478436736,16.458900109894735,0.0
0.085,1.8118820021225253,2.524005630567487,16.260587249937227,0.0
0.09,1.8481488799697248,2.617152418176061,16.066589047926776,0.0
0.095,1.8854378178383786,2.71532989513038,15.876202952504492,0.0
0.1,1.927352336332299,2.8155602680432197,15.68961196832477,0.0
0.105,1.9719615184360968,2.920643810118225,15.506901222149056,0.0
0.11,2.018761041897386,3.029789330613646,15.328047236132017,0.0
0.115,2.0702479200633546,3.1424221830525614,15.154770698519759,0.0
0.12,2.1229570095052424,3.260130351675987,14.986110585891481,0.0
0.125,2.1794254862205387,3.382644691022868,14.820096198944121,0.0
0.13,2.2401154288217384,3.508615017653478,14.65991966692276,0.0
0.135,2.3019426860067376,3.640862240835714,14.50514522620099,0.0
0.14,2.369649983179789,3.7783905830429054,14.353967191728538,0.0
0.145,2.4399967039607513,3.9210014905231074,14.206629177985429,0.0
0.15,2.51411474316554,4.070371167157924,14.063894593625806,0.0
0.155,2.5914507838932885,4.226146264791657,13.928113142951094,0.0
0.16,2.673435206869845,4.386433897122614,13.797800727472996,0.0
0.165,2.7589265096998608,4.553538439368321,13.67321388422102,0.0
0.17,2.84940292677001,4.728115123315188,13.55517214285869,0.0
0.17500000000000002,2.9447882403818983,4.91042830356554,13.442333836150711,0.0
0.18,3.042198454359161,5.100699265526407,13.336259777756831,0.0
0.185,3.1459106412733013,5.299002527871174,13.236364894560499,0.0
0.19,3.253759674499365,5.504594050711078,13.144314711925524,0.0
0.195,3.365548863598576,5.7188444916063865,13.05961573949459,0.0
0.2,3.483963876534712,5.9409725764744366,12.982379569726435,0.0
0.20500000000000002,3.607318278619653,6.173861631305893,12.911552051217491,0.0
0.21,3.7357312167815544,6.414851169325918,12.851996401695434,0.0
0.215,3.870322429741339,6.666463453630543,12.798831882613598,0.0
0.22,4.0100707404936555,6.926142269228068,12.757572116926546,0.0
0.225,4.157007057958071,7.196147245339841,12.725811779182342,0.0
0.23,4.307831316745969,7.47818745930529,12.706462481800646,0.0
0.23500000000000001,4.466627517976142,7.769543467663873,12.698397210823492,0.0
0.24,4.631116895844208,8.07320485604791,12.702869832278834,0.0
0.245,4.802453956458194,8.387080951399517,12.720314696549162,0.0
0.25,4.981748509521058,8.711237067553713,12.752335740577418,0.0
0.255,5.168111845364268,9.046387977979698,12.798916820184184,0.0
0.26,5.361625918246035,9.394518902184153,12.862484453372668,0.0
0.265,5.563079610201922,9.752920859688178,12.941520057435648,0.0
0.27,5.773626514310639,10.122898195532345,13.040647660894598,0.0
0.275,5.990876077167812,10.50410343185989,13.159045230355549,0.0
0.28,6.21643074332681,10.897117169665966,13.297900219446413,0.0
0.28500000000000003,6.44957742953735,11.299342648246915,13.45842864977298,0.0
0.29,6.691982291143788,11.71151849057461,13.642502089977059,0.0
0.295,6.943547165176219,12.132876492678129,13.852460682392556,0.0
0.3,7.203181689926432,12.563682993721827,14.088673876408171,0.0
0.305,7.471463425196565,13.001649047662186,14.354058105088388,0.0
0.31,7.748873425490082,13.446157487704447,14.648962056094694,0.0
0.315,8.033374779855484,13.896669309143908,14.974491222973338,0.0
0.32,8.327109846425197,14.350385821401689,15.33177374555499,0.0
0.325,8.629527010221397,14.806853208899376,15.72570868440193,0.0
0.33,8.93857092700036,15.261687346567472,16.155147716968433,0.0
0.335,9.254740684193695,15.714637736867278,16.621794060339976,0.0
0.34,9.577446289879592,16.163710251261016,17.128136953660945,0.0
0.34500000000000003,9.906753918864839,16.60378034462271,17.67321443542321,0.0
0.35000000000000003,10.242492950351563,17.03191383591555,18.259265922748476,0.0
0.355,10.581546484677748,17.44556769959535,18.888330220776847,0.0
0.36,10.92523516162228,17.839518225419678,19.55993221860839,0.0
0.365,11.271387774817013,18.212304513201865,20.27258585556623,0.0
0.37,11.61850551924783,18.55688745155821,21.0291260253496,0.0
0.375,11.966114315223054,18.86867897324592,21.82685899982971,0.0
0.38,12.312951016064487,19.143695141196794,22.665294084581795,0.0
0.385,12.653749430601195,19.37644473690867,23.54157069308869,0.0
0.39,12.989467959620173,19.562630064904795,24.453617286733,0.0
0.395,13.318923133487885,19.69568661834534,25.39829591770063,0.0
0.4,13.639026365849565,19.769410702701432,26.372225013939836,0.0
0.405,13.945003939079225,19.782264954782434,27.36891817043351,0.0
0.41000000000000003,14.236218633451458,19.728211291101882,28.384719298469253,0.0
0.41500000000000004,14.511763877755389,19.60251511757688,29.411297812604268,0.0
0.42,14.766184499713324,19.40042538319276,30.442072218656524,0.0
0.425,14.998314085187754,19.12324041673448,31.46949762178991,0.0
0.43,15.204109405379263,18.767105678604516,32.48348735580643,0.0
0.435,15.382226750743065,18.331931886969045,33.47837982364854,0.0
0.44,15.529772159684201,17.819786637898513,34.4407905504583,0.0
0.445,15.644040088483937,17.230666330935524,35.3656656244656,0.0
0.45,15.722534090020341,16.5686759750493,36.24147119540379,0.0
0.455,15.766358321252339,15.838744315530406,37.06053047958932,0.0
0.46,15.770504784157975,15.045252912486452,37.815485010381416,0.0
0.465,15.734060868704809,14.196032647451307,38.498753545624425,0.0
0.47000000000000003,15.657257802698474,13.299968500554732,39.10191112798783,0.0
0.47500000000000003,15.538416087972855,12.365081519731904,39.621945554283485,0.0
0.48,15.379401165715251,11.400805068378089,40.054294641233085,0.0
0.485,15.180238214386678,10.416821278611001,40.39770494216527,0.0
0.49,14.942447596669176,9.42526353516096,40.64968605889835,0.0
0.495,14.665501314506582,8.433242045401087,40.81385688599149,0.0
0.5,14.35473704984256,7.451697844903659,40.88833988487193,0.0
0.505,14.008483814817707,6.489578168253181,40.87672157669667,0.0
0.51,13.633402441382875,5.555190128710026,40.78598345766224,0.0
0.515,13.228477107851507,4.655161708216249,40.62136024655721,0.0
0.52,12.800047286270393,3.7970748166238177,40.387876089370536,0.0
0.525,12.351754166871718,2.984978578947791,40.092648846031345,0.0
0.53,11.882999801359768,2.2248031965138226,39.74301049581495,0.0
0.535,11.400681738725094,1.5157096589910743,39.34597415140448,0.0
0.54,10.906513065512106,0.8617307042081738,38.907692930052185,0.0
0.545,10.405222322685837,0.26438882751265647,38.43490294363996,0.0
0.55,9.896664356441535,-0.2799376126044868,37.9372302521927,0.0
0.555,9.386828772058273,-0.7718195568251458,37.41646634934157,0.0
0.56,8.878561783910595,-1.2105446756944462,36.88091249845698,0.0
0.5650000000000001,8.37369460573134,-1.599021216320771,36.334762826142835,0.0
0.5700000000000001,7.874363252437002,-1.941000173466271,35.78295032340948,0.0
0.5750000000000001,7.38165893579009,-2.237265715675913,35.23008128464439,0.0
0.58,6.900711368851678,-2.493344653975347,34.67727686418499,0.0
0.585,6.431717380348675,-2.7125309492228715,34.12984969710045,0.0
0.59,5.975112296557603,-2.8946444322663867,33.588785332603024,0.0
0.595,5.530558199285978,-3.0472639478026733,33.053130456438666,0.0
0.6,5.101255341109198,-3.1718369036364926,32.52741903550566,0.0
0.605,4.686954504024298,-3.2725846163698433,32.014020089657,0.0
0.61,4.287790162922866,-3.3498163826924126,31.510713119375914,0.0
0.615,3.904088345599863,-3.407676514092236,31.01838108086871,0.0
0.62,3.53796230424355,-3.4491578611685574,30.538740667713817,0.0
0.625,3.188627526392497,-3.476888713537402,30.0700535777263,0.0
0.63,2.8553088421446144,-3.49176921290022,29.612907746733875,0.0
0.635,2.5392018630059305,-3.49876951058276,29.168648618291368,0.0
0.64,2.236865079192853,-3.496995887123439,28.735537463334364,0.0
0.645,1.9496772041951287,-3.4881870757749325,28.31399996741137,0.0
0.65,1.6789045579387967,-3.474243067868198,27.902904575555148,0.0
0.655,1.4212065868020622,-3.4570645044190917,27.501925350263313,0.0
0.66,1.1773718991773376,-3.4348779240648804,27.110675089727252,0.0
0.665,0.9476970941065941,-3.412847554810262,26.73019786226378,0.0
0.67,0.7298549822624457,-3.389712547258037,26.356766744338795,0.0
0.675,0.5248179371279134,-3.366560070823066,25.992393107979677,0.0
0.68,0.32939582988080784,-3.3448993077805227,25.635619577795083,0.0
0.685,0.14604152455668473,-3.323463487140208,25.28835701884303,0.0
0.6900000000000001,-0.026426655327134396,-3.3057981020903386,24.949848138695867,0.0
0.6950000000000001,-0.18978907066509548,-3.288756759278754,24.618858238518612,0.0
0.7000000000000001,-0.34415169681760127,-3.2748012754710367,24.293965482828266,0.0
0.705,-0.49173733174526,-3.2655252389337517,23.976683957417734,0.0
0.71,-0.6299960965819413,-3.259024140594011,23.664106893492864,0.0
0.715,-0.7620470367376635,-3.2556858829671507,23.359005825040104,0.0
0.72,-0.8870746484076831,-3.256545613004796,23.059669446646286,0.0
0.725,-1.0056302814945333,-3.262622204217053,22.766429645474645,0.0
0.73,-1.1183425463557066,-3.27253009849204,22.478120791804496,0.0
0.735,-1.225898538121543,-3.2872450560931927,22.196155894964356,0.0
0.74,-1.3298495111768707,-3.3057173552445906,21.920696002243815,0.0
0.745,-1.429143062012837,-3.3292583140963132,21.65100012005012,0.0
0.75,-1.5241924649330634,-3.357384211131325,21.385871956240674,0.0
0.755,-1.6147752713484587,-3.390135336785955,21.126556238949327,0.0
0.76,-1.7042808473187276,-3.4297436426291577,20.872138435965898,0.0
0.765,-1.7908210484280636,-3.473385742469837,20.623277461172048,0.0
0.77,-1.8742759064366867,-3.5223335746803404,20.379203425621945,0.0
0.775,-1.9556809468173875,-3.5768827052704752,20.140579458635322,0.0
0.78,-2.035484178618861,-3.6352217131699014,19.90759590027411,0.0
0.785,-2.114552991357848,-3.698781046663317,19.67990577168757,0.0
0.79,-2.192962416976036,-3.76774336491732,19.456278989874896,0.0
0.795,-2.2718815790126343,-3.842946283908005,19.239400059292564,0.0
0.8,-2.350650980488155,-3.9231062092412436,19.025997373746275,0.0
0.805,-2.4300412919806775,-4.00852590880527,18.818509437185448,0.0
0.81,-2.5087035914569498,-4.099774621896523,18.616125488009853,0.0
0.8150000000000001,-2.5870663566906975,-4.198375051451752,18.418566290701786,0.0
0.8200000000000001,-2.66768590467935,-4.301770649702152,18.227448863819607,0.0
0.8250000000000001,-2.7499857959266576,-4.4115850743818354,18.041759549697908,0.0
0.8300000000000001,-2.8328619212473614,-4.526295419061902,17.86220022100044,0.0
0.835,-2.917949960518805,-4.648812888906338,17.68743717065843,0.0
0.84,-3.0052579123936205,-4.776085163862021,17.51930307819099,0.0
0.845,-3.0935420438472874,-4.910042022516739,17.35608144832565,0.0
0.85,-3.185863533084629,-5.049657629359251,17.20124158936536,0.0
0.855,-3.2788181484247696,-5.1972499558281005,17.052125746603675,0.0
0.86,-3.3750736629777807,-5.351549085174454,16.9102476098575,0.0
0.865,-3.4735749907631357,-5.512086749185483,16.776477649203652,0.0
0.87,-3.5754725532598677,-5.679390335966271,16.648679617095347,0.0
0.875,-3.679466629271868,-5.85275089496833,16.529115035563944,0.0
0.88,-3.79041028764698,-6.03543297642634,16.415928627572764,0.0
0.885,-3.90340617580054,-6.224916623236687,16.31166601152595,0.0
0.89,-4.019123422356263,-6.421635889457802,16.214293715018254,0.0
0.895,-4.139716422298321,-6.625782734982788,16.127838034405574,0.0
0.9,-4.263172135537922,-6.837413032513598,16.048662513651962,0.0
0.905,-4.392341562771688,-7.058382430178656,15.981391810699078,0.0
0.91,-4.525882047489325,-7.2869461125257695,15.924255680841148,0.0
0.915,-4.664280947258892,-7.524323620930581,15.876668558137398,0.0
0.92,-4.806602783633878,-7.768360445008783,15.84125431964676,0.0
0.925,-4.955978719271804,-8.021692989832784,15.818383813669685,0.0
0.93,-5.10951537899998,-8.282896259665662,15.806549978246833,0.0
0.935,-5.268516726534989,-8.552591433775373,15.806754620726661,0.0
0.9400000000000001,-5.431647646560435,-8.830969781377519,15.821026030704019,0.0
0.9450000000000001,-5.600529919499904,-9.117587234425466,15.849296364309273,0.0
0.9500000000000001,-5.777178184376182,-9.412859918670257,15.893042647543401,0.0
0.9550000000000001,-5.959391602618717,-9.716408141813345,15.952595275176252,0.0
0.96,-6.1475332081616685,-10.027973150542085,16.02980091963433,0.0
0.965,-6.340850577295332,-10.345907256971685,16.124285339459636,0.0
0.97,-6.542063724510559,-10.671516184973424,16.237238205168964,0.0
0.975,-6.7489325004454255,-11.004108598087694,16.369624155454922,0.0
0.98,-6.96146668450284,-11.342221375900497,16.52188116879467,0.0
0.985,-7.180855125089375,-11.6851390691413,16.696057949651536,0.0
0.99,-7.405870999157209,-12.031542701340447,16.892789020343354,0.0
0.995,-7.637315822631333,-12.381376128043302,17.11289388553304,0.0
1.0,-7.8741252322430455,-12.735488753581993,17.355778816029826,0.0
1.0050000000000001,-8.118320011680188,-13.090715052438814,17.623959820967233,0.0
1.01,-8.366347881207984,-13.446301057413113,17.91964714947197,0.0
1.0150000000000001,-8.620676891812176,-13.801389968527294,18.241719232142753,0.0
1.02,-8.87871100348003,-14.151858353658142,18.593341760030683,0.0
1.025,-9.14200426985936,-14.498593432980222,18.9735408607117,0.0
1.03,-9.409821083432941,-14.838805487065988,19.383584719056024,0.0
1.035,-9.681336837148075,-15.170408120432551,19.822658221876612,0.0
1.04,-9.955504406924053,-15.49052372587749,20.291592287460542,0.0
1.045,-10.232161375568483,-15.795926030754405,20.792534150215577,0.0
1.05,-10.511282065930374,-16.085219917629786,21.3233315101478,0.0
1.055,-10.790265590545195,-16.355962524025912,21.884375609079974,0.0
1.06,-11.068735653217015,-16.603971449143884,22.474098523430545,0.0
1.065,-11.344976280485216,-16.826910306852533,23.093693185587508,0.0
1.07,-11.619699561874329,-17.02156684600229,23.740225299929588,0.0
1.075,-11.88905639332163,-17.18488369855728,24.41247417551424,0.0
1.08,-12.153845266631079,-17.31218269211386,25.10900709548871,0.0
1.085,-12.41170523348962,-17.402737391436364,25.82633495031202,0.0
1.09,-12.662315293712943,-17.45204772698683,26.563076939224477,0.0
1.095,-12.902567915388838,-17.454849080284376,27.314214512692924,0.0
1.1,-13.130743631401787,-17.411955076929107,28.07487853936805,0.0
1.105,-13.344713404341217,-17.320768452986417,28.8435829837167,0.0
1.11,-13.542411090672942,-17.17743515015456,29.615526151589478,0.0
1.115,-13.722779968044945,-16.98181233005051,30.384777199159053,0.0
1.12,-13.885761465594499,-16.733697720198144,31.145450263433343,0.0
1.125,-14.028877759054794,-16.431874602599798,31.891586004124523,0.0
1.1300000000000001,-14.149128653659048,-16.076732245674172,32.619846958451646,0.0
1.135,-14.245681117944647,-15.669212361330617,33.32387050516758,0.0
1.1400000000000001,-14.317542327004656,-15.212058430006493,33.9952889409732,0.0
1.145,-14.361479422167656,-14.706646737138307,34.63077672429756,0.0
1.1500000000000001,-14.378203547888306,-14.156926914883995,35.224700767060675,0.0
1.155,-14.367094024037609,-13.566405353025823,35.77372648071055,0.0
1.16,-14.327380868023859,-12.93924884613747,36.271278132165385,0.0
1.165,-14.257729997197368,-12.28162152610193,36.71427222249453,0.0
1.17,-14.159319830537294,-11.599771432047746,37.10147025044105,0.0
1.175,-14.030736445991444,-10.896959276249763,37.428059155397456,0.0
1.18,-13.87428330183575,-10.179927087090036,37.691938095617765,0.0
1.185,-13.688635827662084,-9.456765201783345,37.89466563921799,0.0
1.19,-13.47655672203794,-8.73169666693953,38.0365818326417,0.0
1.195,-13.238658235563484,-8.01209583586276,38.11699317045565,0.0
1.2,-12.976773335537791,-7.303516324511007,38.139824335074415,0.0
1.205,-12.693056456202727,-6.6092487952156445,38.104972194432456,0.0
1.21,-12.389348498415327,-5.93392394915001,38.016310281209726,0.0
1.215,-12.066445426659119,-5.283727039024043,37.877501643301756,0.0
1.22,-11.725634319003545,-4.66059107030876,37.69211234277794,0.0
1.225,-11.371857349462152,-4.069527901089473,37.46298388714943,0.0
1.23,-11.006461021515788,-3.5093230123762726,37.19490675777823,0.0
1.235,-10.630993121623217,-2.9851586374552808,36.89149122806279,0.0
1.24,-10.249131659032663,-2.4971858183314186,36.55815196372105,0.0
1.245,-9.861910679864943,-2.045439856054664,36.19948283987718,0.0
1.25,-9.471677820706358,-1.630697622937535,35.817900674830454,0.0
1.2550000000000001,-9.079458404485848,-1.2519983228492213,35.41918336120928,0.0
1.26,-8.688969138383719,-0.9088528724523404,35.00415953502835,0.0
1.2650000000000001,-8.299670089821864,-0.6013956857042317,34.57625541404325,0.0
1.27,-7.915512883716258,-0.3255497318512136,34.141208422267425,0.0
1.2750000000000001,-7.53726477111705,-0.081006060820692,33.69717464577461,0.0
1.28,-7.163831988832624,0.13405279923438598,33.25082503180087,0.0
1.285,-6.797704325702224,0.32040472795715114,32.80221043404701,0.0
1.29,-6.441770957645423,0.4819524771698792,32.353530755174994,0.0
1.295,-6.095462578488087,0.6188257186042282,31.906029057155394,0.0
1.3,-5.759178493088054,0.7350549112158663,31.461483824439085,0.0
1.305,-5.435226639080608,0.8310158376159213,31.021705781185627,0.0
1.31,-5.123403530486556,0.9091557591074898,30.58488892311368,0.0
1.315,-4.822738645108938,0.9693737360492485,30.153545432666785,0.0
1.32,-4.533423104048527,1.0170813182739444,29.72728981971511,0.0
1.325,-4.255744020973359,1.05100994823966,29.307832967781554,0.0
1.33,-3.9897123549841917,1.0738225229967246,28.893734452460237,0.0
1.335,-3.7358500937860186,1.0868494509124478,28.486983992571346,0.0
1.34,-3.495376780459492,1.0906808201645752,28.08527304278878,0.0
1.345,-3.266939866235257,1.0856925157445514,27.690739038310827,0.0
1.35,-3.0500014119024286,1.0751185688763096,27.304573502137924,0.0
1.355,-2.8431400524696664,1.0596079131329699,26.92423891293036,0.0
1.36,-2.6475073597710916,1.0390398265618161,26.54973011228274,0.0
1.365,-2.4649854874087618,1.0128575011336958,26.182395670726567,0.0
1.37,-2.290555558079044,0.984665079935328,25.82096904255241,0.0
1.375,-2.1273760704271014,0.9553976623865772,25.466105335730564,0.0
1.3800000000000001,-1.9733237626490021,0.9228626819684003,25.116599344221594,0.0
1.385,-1.8287476252843964,0.8897047157935328,24.77361760082015,0.0
1.3900000000000001,-1.6933368718871558,0.8548771927657024,24.43503103371505,0.0
1.395,-1.5667699308571439,0.8208310049674225,24.10144537985417,0.0
1.4000000000000001,-1.4468380188165062,0.7865825937753371,23.774023112153657,0.0
1.405,-1.3357309065541996,0.7521331177838302,23.45147656078311,0.0
1.41,-1.2309987086712575,0.7184248927947259,23.133554121360486,0.0
1.415,-1.1321724223235188,0.6845836248420314,22.82059074908067,0.0
1.42,-1.041714284664761,0.6523428804791583,22.51188036693659,0.0
1.425,-0.9577080872207623,0.619947909600622,22.208073101904958,0.0
1.43,-0.8782864923659762,0.5888002386289608,21.90916617697824,0.0
1.435,-0.8038328599538813,0.558530592344415,21.61420551314056,0.0
1.44,-0.7353545359789271,0.5294872266800885,21.322791014695937,0.0
1.445,-0.6720411833420049,0.5030680696012368,21.03677894824096,0.0
1.45,-0.6129146190023839,0.47800529111184875,20.754825364124702,0.0
1.455,-0.5582009956066158,0.4543506411805437,20.476893714627995,0.0
1.46,-0.5092057251031704,0.42961788305148346,20.20254016800873,0.0
1.465,-0.4605388319504772,0.40745955150656377,19.93400998087645,0.0
1.47,-0.41648077054629107,0.388386136125558,19.667186860896788,0.0
1.475,-0.37567026986543595,0.3692894015145854,19.404767762225383,0.0
1.48,-0.3387778140155261,0.3514756959506405,19.146064273760558,0.0
1.485,-0.3031731450451093,0.33417691044394576,18.889133411372036,0.0
1.49,-0.27023219878225074,0.3190882866336776,18.63607471705312,0.0
1.495,-0.24126880795205163,0.3059778406396928,18.386289831254143,0.0
1.5,-0.2149729950064497,0.2938024108943147,18.13930749937187,0.0
1.5050000000000001,-0.18916671984718375,0.28329883178705684,17.897252219267365,0.0
1.51,-0.1651667300694312,0.2724717701541934,17.657429783410205,0.0
1.5150000000000001,-0.1441566779061497,0.2622135485789598,17.421553460485253,0.0
1.52,-0.1231573570408967,0.2531555175275734,17.188951823888452,0.0
1.5250000000000001,-0.10467569413755519,0.24530049702891335,16.95980643058974,0.0
1.53,-0.08740748778782839,0.2381423974997921,16.732388919904977,0.0
1.5350000000000001,-0.06996655841499022,0.2319549455127169,16.50983048129697,0.0
1.54,-0.0552250305159868,0.22690013423394156,16.289643833342545,0.0
1.545,-0.04255036346031819,0.22236509198896068,16.072830229500795,0.0
1.55,-0.028695370092061686,0.2181037391081389,15.857833617682473,0.0
1.555,-0.017399691193948515,0.21449499514188766,15.647946580498209,0.0
1.56,-0.006212718230579088,0.2135959269319989,15.438626278842612,0.0
1.565,0.003916126184349472,0.21226908268068256,15.233197216424827,0.0
1.57,0.013641772183395101,0.21263989311818063,15.03029975042188,0.0
1.575,0.023784423668585256,0.21245586801773025,14.8308702520401,0.0
1.58,0.032718132702946726,0.21240052022116668,14.633258353573455,0.0
1.585,0.04042647998560528,0.21328927411701099,14.436837457422396,0.0
1.59,0.04859916766147822,0.21576712295318418,14.244481749240736,0.0
1.595,0.05699112000323016,0.21838082170279308,14.054350557441483,0.0
1.6,0.06373518510771278,0.22210698045030589,13.867402932175814,0.0
1.605,0.07230247173999269,0.224308288502181,13.68245875760899,0.0
1.61,0.0795710092702956,0.22771207095051973,13.498955565263772,0.0
1.615,0.08767566460277075,0.23201302206673935,13.321696585272086,0.0
1.62,0.09504122979928525,0.23869568532946958,13.14447920482323,-0.0
1.625,0.10066906093279741,0.24390954713417762,12.97051464004686,-0.0
1.6300000000000001,0.10828976961559567,0.24989654172658163,12.797530757564036,-0.0
1.635,0.11512828391994602,0.2576709258102216,12.626742603317185,-0.0
1.6400000000000001,0.12122284633518891,0.2659135215374558,12.457879620231214,-0.0
1.645,0.1287129839542738,0.27277962975630204,12.291060146806352,-0.0
1.6500000000000001,0.13671301351928256,0.2814809347664941,12.128590664031316,-0.0
1.655,0.14352781039810436,0.29190668465374686,11.966398629443555,-0.0
1.6600000000000001,0.15140845999343358,0.3014542533520994,11.806987772434745,-0.0
1.665,0.15842378652576514,0.3122539097962432,11.649922620630177,-0.0
1.67,0.16516329970349894,0.32282303436469434,11.494036521720494,-0.0
1.675,0.17449643479947483,0.33461931747160994,11.340614123349773,-0.0
1.68,0.18234760265079333,0.3469984686084576,11.189489129587498,-0.0
1.685,0.19047017528812282,0.36121362099238213,11.041918479076646,-0.0
1.69,0.19993228611570735,0.375235738885168,10.894124171450164,-0.0
1.695,0.2099064873376404,0.3910026871767719,10.750092321077432,-0.0
1.7,0.21976137225368333,0.4075023406998909,10.607852305041323,-0.0
1.705,0.2289122918789267,0.4250878629135315,10.468313866140516,-0.0
1.71,0.2375506675824497,0.4433131908595818,10.327877871698787,-0.0
1.715,0.24915000515455976,0.46162409583898356,10.190540038302414,-0.0
1.72,0.2591723979040835,0.48165194866428346,10.055926583753727,-0.0
1.725,0.26915142696954836,0.5022538480640311,9.922811466556047,-0.0
1.73,0.2810518774457672,0.5243172235552704,9.792237647466038,-0.0
1.735,0.2924591817840059,0.5471213241473453,9.663156757911,-0.0
1.74,0.30581297988817746,0.5713227646737642,9.53533033244999,-0.0
1.745,0.32021607265582336,0.5972747099103594,9.409217110153811,-0.0
1.75,0.3335067935334297,0.6247291523130498,9.284674860791768,-0.0
1.7550000000000001,0.34800787520080784,0.6523195113140816,9.161822014672637,-0.0
1.76,0.3626732626461403,0.6820125142058869,9.04028613838033,-0.0
1.7650000000000001,0.37874133868937576,0.7116760671395459,8.921020089438496,-0.0
1.77,0.3952459941101917,0.7445110450797557,8.802569903339986,-0.0
1.7750000000000001,0.41221228195407,0.7778883253908258,8.68704851254484,-0.0
1.78,0.4325480612608173,0.8145491469751343,8.574791249981491,-0.0
1.7850000000000001,0.45212889538376844,0.8529293414316608,8.462040191092546,-0.0
1.79,0.4723895552404206,0.8926676252735204,8.351526995075233,-0.0
1.795,0.4937339994476595,0.9354243971610446,8.242929675918232,-0.0
1.8,0.5164890483462109,0.9794723033012859,8.135218461584959,-0.0
1.805,0.5396359615532894,1.0263335913850453,8.029825677969729,-0.0
1.81,0.5638262150804932,1.0758261177142965,7.9252200633547,-0.0
1.815,0.5907527073518595,1.1270638572674379,7.822670752261508,-0.0
1.82,0.6168909908447797,1.180607830451627,7.7215678143955415,-0.0
1.825,0.6458180785085954,1.236907476898476,7.621384608477912,-0.0
1.83,0.6752566988586308,1.297298595841051,7.523247975872834,-0.0
1.835,0.7057781871773429,1.3604928561838912,7.427741770394183,-0.0
1.84,0.7384814745892585,1.4265749234971459,7.335290344652017,-0.0
1.845,0.7726103234806281,1.4960576426954961,7.242400108305079,-0.0
1.85,0.8093440727948505,1.5684125199006815,7.150330011588073,-0.0
1.855,0.8469686083081167,1.644325546774094,7.061835786935179,-0.0
1.86,0.8860142345133557,1.7257214718716885,6.9746920064558395,-0.0
1.865,0.9274828880309726,1.809939866808284,6.889619513115292,-0.0
1.87,0.9717842924802267,1.8985958484398928,6.804882161992363,-0.0
1.875,1.0183730043283592,1.9919486405873077,6.723707106664312,-0.0
1.8800000000000001,1.066859920049783,2.0907098750225543,6.64453368019325,-0.0
1.885,1.1169790169038432,2.194706436646018,6.567590767862865,-0.0
1.8900000000000001,1.1712045784516738,2.3034361284730838,6.492675075182928,-0.0
1.895,1.2272965128152666,2.418316220347838,6.419524867797171,-0.0
1.9000000000000001,1.2855112611108561,2.537306739430605,6.348636061859676,-0.0
1.905,1.3495558272620005,2.6635916831665893,6.278871007243641,-0.0
1.9100000000000001,1.4153448747413777,2.79678947014119,6.211590891980919,-0.0
1.915,1.4842623464677946,2.9361779829398786,6.148389686127734,-0.0
1.92,1.5570220504845687,3.0838565574174073,6.087967077628452,-0.0
1.925,1.6334714088709326,3.239449545014187,6.031481750812543,-0.0
1.93,1.7153412651871773,3.402262126938808,5.977449741433712,-0.0
1.935,1.8008095564507718,3.574225551893668,5.927025925305367,-0.0
1.94,1.8899975604255546,3.7550024994356592,5.88115027828654,-0.0
1.945,1.983362378216567,3.945093870726557,5.838089084909168,-0.0
1.95,2.0813752824218312,4.145187603477288,5.7979078718547425,-0.0
1.955,2.1864822043011034,4.355810265069851,5.7637560763163105,-0.0
1.96,2.2947917340498583,4.578148146563009,5.7348237335260395,-0.0
1.965,2.4081394493560055,4.809593975680029,5.709990186778707,-0.0
1.97,2.5275713152980526,5.055364810704633,5.691150233818707,-0.0
1.975,2.652673307488835,5.311701937806538,5.6803041618206755,-0.0
1.98,2.785013384905669,5.5821785785771905,5.676792109642505,-0.0
1.985,2.9247860123120533,5.864918932259309,5.678488594785317,-0.0
1.99,3.070674790310579,6.162924218229384,5.688523363472965,-0.0
1.995,3.2248786883276956,6.474611303648829,5.7079656091565285,-0.0
2.0,3.3869483343028484,6.801327048098138,5.736585404189974,-0.0
2.005,3.5577865215759767,7.144492351831986,5.774688045491083,-0.0
2.0100000000000002,3.7371539496737833,7.504048729265885,5.823667670193329,-0.0
2.015,3.925715760372776,7.881401531445681,5.885560984524163,-0.0
2.02,4.122475583130228,8.276310075021865,5.9622932429876085,-0.0
2.025,4.330213142933433,8.690129899980528,6.054004949196269,-0.0
2.0300000000000002,4.54778495996211,9.122376285841455,6.160691687455396,-0.0
2.035,4.776930429475218,9.573486561934304,6.285413346176341,-0.0
2.04,5.017103538589567,10.045088936102978,6.429696373595398,-0.0
2.045,5.268466235879013,10.536198739366672,6.597090310709169,-0.0
2.05,5.532275344526819,11.046944684988574,6.78790258654138,-0.0
2.055,5.807964745506087,11.578028225038159,7.0033997988402374,-0.0
2.06,6.09679746992084,12.129324078021108,7.245281532762257,-0.0
2.065,6.399726146270751,12.701948214317255,7.517839460746368,-0.0
2.07,6.715361829062807,13.29283652338762,7.824445858690445,-0.0
2.075,7.04444075214472,13.904423845801224,8.166485190966982,-0.0
2.08,7.387319933305043,14.533418980377432,8.547057990156805,-0.0
2.085,7.744630413342401,15.178826097101666,8.970928360831316,-0.0
2.09,8.116171673355904,15.841205079139268,9.440291135835768,-0.0
2.095,8.5028217301866,16.515367431057747,9.95658779175351,-0.0
2.1,8.904448299332355,17.19986892409831,10.524906614064783,-0.0
2.105,9.319269947196286,17.890894003753846,11.149877135652487,-0.0
2.11,9.747088305359808,18.5868365353174,11.834117682555846,-0.0
2.115,10.187585526513994,19.282166011983396,12.582186277159263,-0.0
2.12,10.641815253116546,19.970620233561434,13.395860476700705,-0.0
2.125,11.10839837019816,20.64789202506292,14.278914162704208,-0.0
2.13,11.58527536393648,21.30673859101664,15.236511571096635,-0.0
2.1350000000000002,12.071090472724686,21.939626455426207,16.26772308667941,-0.0
2.14,12.56485412126227,22.537408180227505,17.37506001497039,-0.0
2.145,13.064369687435232,23.091018133954226,18.560343073751387,-0.0
2.15,13.566760623183425,23.59029115916266,19.82110410989613,-0.0
2.1550000000000002,14.068072195903664,24.0277321933961,21.157217152122335,-0.0
2.16,14.565583410681125,24.389489069325837,22.565197964739557,-0.0
2.165,15.056271924107243,24.66330032814104,24.039785045682347,-0.0
2.17,15.535467194400136,24.83856691754922,25.575639292263283,-0.0
2.1750000000000003,15.998988872871934,24.904268505233095,27.163510834387672,-0.0
2.18,16.444806557776026,24.846897471419407,28.793287181641105,-0.0
2.185,16.8650871514781,24.656740654106983,30.45379572938672,-0.0
2.19,17.254692975278065,24.326733966042923,32.12708791029886,-0.0
2.195,17.6076578082648,23.84916501061489,33.797004664860985,-0.0
2.2,17.920525325600494,23.22033332548256,35.44531190095173,-0.0
2.205,18.18596609679662,22.438914893076483,37.051702636152974,-0.0
2.21,18.39846864922349,21.502582944487987,38.596405958461254,-0.0
2.215,18.554080544510875,20.419209747183885,40.06117490579598,-0.0
2.22,18.646329961485712,19.198969895878495,41.42220179607824,-0.0
2.225,18.672207881715437,17.852471455898048,42.659740752200626,-0.0
2.23,18.631753338280653,16.39426999877997,43.75724094699991,-0.0
2.235,18.521022085790953,14.844221969268327,44.70129895473248,-0.0
2.24,18.338774820919813,13.223324777146285,45.48023718872295,-0.0
2.245,18.08237018822958,11.554830142234318,46.085781054308,-0.0
2.25,17.755999345568213,9.862294968092874,46.51675078601706,-0.0
2.255,17.36093031501316,8.16901777078144,46.77168885020257,-0.0
2.2600000000000002,16.9011089974113,6.49926305157835,46.85762394473076,-0.0
2.265,16.379219064294695,4.873301603418453,46.782492405011524,-0.0
2.27,15.804290332985317,3.310730111734841,46.558748776862785,-0.0
2.275,15.180060067692539,1.8268401299595178,46.199698181930465,-0.0
2.2800000000000002,14.513104482637786,0.43655442047517257,45.72204719025824,-0.0
2.285,13.809775587596185,-0.8507207848303349,45.14421524374467,-0.0
2.29,13.076808609267772,-2.0304033044393344,44.483452475987136,-0.0
2.295,12.32216869629964,-3.099855411820082,43.75849747477131,-0.0
2.3000000000000003,11.551666310571077,-4.0546461502197815,42.9849087336677,-0.0
2.305,10.771504066349143,-4.900759504751339,42.17687483935089,-0.0
2.31,9.988824059624033,-5.6396394580135185,41.35024258567386,-0.0
2.315,9.20774538339243,-6.2773024052328115,40.51734155628584,-0.0
2.32,8.431974268228112,-6.822439215496824,39.687691975056794,-0.0
2.325,7.669464797258078,-7.2795357348966,38.87068640984183,-0.0
2.33,6.923157604646047,-7.659710293877969,38.07479892678788,-0.0
2.335,6.1950402472453465,-7.9698444065730065,37.30253002394797,-0.0
2.34,5.487070990050141,-8.218283877141179,36.559782410336936,-0.0
2.345,4.802450330688902,-8.411744996264359,35.846420452440206,-0.0
2.35,4.141204963968335,-8.5568760465011,35.16693520779034,-0.0
2.355,3.5062453624758447,-8.66204413015266,34.52110791788732,-0.0
2.36,2.898055732775721,-8.733435443413084,33.90817490378955,-0.0
2.365,2.317012869643151,-8.775439499016603,33.329679381955835,-0.0
2.37,1.7629007995076575,-8.79318112973519,32.78362451772273,-0.0
2.375,1.2355542500223415,-8.790231206356088,32.26950295971776,-0.0
2.38,0.733223654492265,-8.773155148224,31.78496541338443,-0.0
2.3850000000000002,0.2587546731515805,-8.742245138296925,31.32954607263041,-0.0
2.39,-0.19027934837992394,-8.703333678397584,30.899857765817643,-0.0
2.395,-0.614547093700313,-8.658220495263668,30.496267287789514,-0.0
2.4,-1.016018291056981,-8.607842449974628,30.115694123090787,-0.0
2.4050000000000002,-1.3955863591739563,-8.554669203297088,29.75706684447477,-0.0
2.41,-1.7527521011361336,-8.499480257373062,29.420511350065098,-0.0
2.415,-2.090138245445489,-8.445949227923224,29.103294813520442,-0.0
2.42,-2.4086599644469278,-8.391378872738924,28.80263924562081,-0.0
2.4250000000000003,-2.7076976193273357,-8.339307023066382,28.51730003089043,-0.0
2.43,-2.991267189279949,-8.289577480636618,28.249963018352908,-0.0
2.435,-3.256801962078223,-8.244066165576232,27.997513051975332,-0.0
2.44,-3.5061184654727757,-8.203690740322747,27.75913217534257,-0.0
2.445,-3.7411077330454887,-8.165649091544134,27.53424323204892,-0.0
2.45,-3.9624161411247636,-8.135388278231337,27.319578246726408,-0.0
2.455,-4.171867101058053,-8.107990521252393,27.11549755534091,-0.0
2.46,-4.367703287577492,-8.08693262622935,26.922237515290465,-0.0
2.465,-4.553378088275642,-8.070139453971578,26.73931970044602,-0.0
2.47,-4.730339138792476,-8.05803429190572,26.566182853973505,-0.0
2.475,-4.896562781719523,-8.053016645038914,26.403222623153926,-0.0
2.48,-5.054744782530512,-8.05175830387142,26.247762682587343,-0.0
2.485,-5.204646816565096,-8.056143610332894,26.10025306423585,-0.0
2.49,-5.346855444068661,-8.065180936685316,25.96106826795248,-0.0
2.495,-5.481868735157971,-8.078971752547844,25.830885655265803,-0.0
2.5,-5.611676758305777,-8.099664492626346,25.70665632744403,-0.0
2.505,-5.7369820931776925,-8.123880480276911,25.59092276947562,-0.0
2.5100000000000002,-5.856869199088454,-8.15171383330546,25.482222548671864,-0.0
2.515,-5.971712058418844,-8.184888035077607,25.38105087892291,-0.0
2.52,-6.082025422449399,-8.22237604837867,25.28820364956203,-0.0
2.525,-6.188320751084665,-8.263766532813168,25.200127288993432,-0.0
2.5300000000000002,-6.292805426679276,-8.309899884776693,25.119519628743436,-0.0
2.535,-6.394260831738225,-8.358615797976201,25.04682178679949,-0.0
2.54,-6.492556102822409,-8.411171694816286,24.980347243501072,-0.0
2.545,-6.588383192731968,-8.465812362188066,24.920544609482473,-0.0
2.5500000000000003,-6.683204998227342,-8.5251606573042,24.866943096060048,-0.0
2.555,-6.774202887075409,-8.587577156511069,24.820771013527295,-0.0
2.56,-6.864252928901857,-8.653506487055758,24.781478766715523,-0.0
2.565,-6.952435122271876,-8.720779205928713,24.748691231221827,-0.0
2.57,-7.040678140437147,-8.790407801976437,24.722575742105168,-0.0
2.575,-7.128563386022492,-8.861654631489554,24.702852148647583,-0.0
2.58,-7.215074549634559,-8.93415564577169,24.68893122055272,-0.0
2.585,-7.300429979822388,-9.00999319647233,24.68216103292041,-0.0
2.59,-7.385875521713691,-9.085997429163445,24.683046290405965,-0.0
2.595,-7.470845878532965,-9.163238881029708,24.688575925056217,-0.0
2.6,-7.55542040948298,-9.241553573534961,24.7015778005611,-0.0
2.605,-7.639582134615085,-9.32043056328871,24.72161768940233,-0.0
2.61,-7.72326396245254,-9.400310148862637,24.747996793065003,-0.0
2.615,-7.807003743977931,-9.479020644679057,24.780854139749497,-0.0
2.62,-7.88989020332529,-9.55749238010629,24.819358647699016,-0.0
2.625,-7.973186403949581,-9.633668414013023,24.86621239711993,-0.0
2.63,-8.055448232092907,-9.709955968730837,24.91871868282457,-0.0
2.6350000000000002,-8.138033920082743,-9.785057917044156,24.977430354101585,-0.0
2.64,-8.2195837500325,-9.860014192383561,25.04179112753977,-0.0
2.645,-8.301333636513315,-9.93299164994517,25.11270087856565,-0.0
2.65,-8.381885702799146,-10.003412223804364,25.1911194568977,-0.0
2.6550000000000002,-8.462421529373296,-10.07237983253102,25.274479242023805,-0.0
2.66,-8.542468215135168,-10.13690431854835,25.363667822524352,-0.0
2.665,-8.62147297652426,-10.199386960596698,25.458989183528516,-0.0
2.67,-8.700022730085436,-10.256618526566795,25.559624378810792,-0.0
2.6750000000000003,-8.7774100586456,-10.31247927598832,25.665886873131623,-0.0
2.68,-8.854981617506272,-10.364528076948467,25.775861651071065,-0.0
2.685,-8.929311561912739,-10.411288473105435,25.890701468906872,-0.0
2.69,-9.002476395541539,-10.453611549338238,26.0099528423849,-0.0
2.695,-9.074105603518728,-10.491212959179519,26.133001721035455,-0.0
2.7,-9.14569636233871,-10.523251477005642,26.260715803080597,-0.0
2.705,-9.215087962978462,-10.550587592043653,26.392917892719932,-0.0
2.71,-9.281428392847497,-10.573686628179447,26.52647285315459,-0.0
2.715,-9.346091545987338,-10.590207041623735,26.662744240023144,-0.0
2.72,-9.40885787821585,-10.600495437984,26.8020766133864,-0.0
2.725,-9.468360467899213,-10.60428375061174,26.94321321736492,-0.0
2.73,-9.525659835323216,-10.601450475481768,27.086674698025437,-0.0
2.735,-9.579233183137898,-10.59189256750805,27.230757083534254,-0.0
2.74,-9.630347753281264,-10.574705497059968,27.37475945109743,-0.0
2.745,-9.67911041096553,-10.552707466422916,27.519020032181885,-0.0
2.75,-9.722453381276562,-10.524043931122275,27.663190886364408,-0.0
2.755,-9.76202961438007,-10.48787600549457,27.80560842197004,-0.0
2.7600000000000002,-9.797553130768591,-10.444886217506989,27.947233398683167,-0.0
2.765,-9.8296476989211,-10.39424346381456,28.0857183472892,-0.0
2.77,-9.857689049176702,-10.339755643149008,28.22161788740833,-0.0
2.775,-9.880832741104133,-10.27737035695899,28.3569059487947,-0.0
2.7800000000000002,-9.899289843181286,-10.207847631989235,28.485287622698138,-0.0
2.785,-9.914612596957445,-10.132057643351887,28.610144244094183,-0.0
2.79,-9.924000949809532,-10.052295720038654,28.73113253448093,-0.0
2.795,-9.931098881667154,-9.966728145769768,28.84732553181867,-0.0
2.8000000000000003,-9.932943212093125,-9.873424483217297,28.956618052619135,-0.0
2.805,-9.929325851674799,-9.776267264821728,29.06003094173771,-0.0
2.81,-9.922377160579332,-9.675412871708168,29.157430848586223,-0.0
2.815,-9.910485968615523,-9.56966609135822,29.24880686751064,-0.0
2.82,-9.893489009220797,-9.459118947375968,29.332004833146872,-0.0
2.825,-9.870820676971482,-9.345427768882429,29.407930453505617,-0.0
2.83,-9.844150997649121,-9.229033159724104,29.476371363887388,-0.0
2.835,-9.81352168533241,-9.11088698702792,29.53816761557196,-0.0
2.84,-9.77863612970209,-8.989930458358028,29.591541318889277,-0.0
2.845,-9.73911772784968,-8.866474514427772,29.635999225742832,-0.0
2.85,-9.695870549592131,-8.74185871088613,29.672265098854307,-0.0
2.855,-9.648419309192018,-8.616922746847873,29.69998494699628,-0.0
2.86,-9.597400904531456,-8.491997568703711,29.720424581969475,-0.0
2.865,-9.542516859723086,-8.366936471467266,29.73144732003171,-0.0
2.87,-9.482959816439585,-8.242713666887965,29.733760198840333,-0.0
2.875,-9.420778903346989,-8.120668061535362,29.728349160492034,-0.0
2.88,-9.35674191930272,-7.9976563340429,29.714859712645588,-0.0
2.8850000000000002,-9.288713868402635,-7.879031609851373,29.693091961097068,-0.0
2.89,-9.219759891530156,-7.761205795537099,29.66276336951777,-0.0
2.895,-9.146630852759257,-7.645644733230816,29.624729664922935,-0.0
2.9,-9.070874672736501,-7.532287275822029,29.579467288025544,-0.0
2.9050000000000002,-8.99352903916835,-7.423013383991344,29.52636691483722,-0.0
2.91,-8.914793836535829,-7.317565429524786,29.4676374444602,-0.0
2.915,-8.834242939481896,-7.215559496417094,29.401134694031864,-0.0
2.92,-8.751896607249202,-7.116751361114713,29.328447074795413,-0.0
2.9250000000000003,-8.668656279208498,-7.0231598984309995,29.24917379074883,-0.0
2.93,-8.586961548316244,-6.933976639297989,29.163287835633344,-0.0
2.935,-8.504198283354569,-6.849852809123382,29.07306815291807,-0.0
2.94,-8.421056089175622,-6.77026242817399,28.97759398022271,-0.0
2.945,-8.337390844228539,-6.694364088240615,28.87504780422553,-0.0
2.95,-8.254237937311114,-6.622909573482377,28.76836582207547,-0.0
2.955,-8.172479990758415,-6.559044705716705,28.65842774165564,-0.0
2.96,-8.091619437199848,-6.499094787574354,28.543535994811197,-0.0
2.965,-8.010851221756141,-6.445023321562899,28.42601459680938,-0.0
2.97,-7.93286334038535,-6.395661307187428,28.305906911187506,-0.0
2.975,-7.855824454120337,-6.3527047011276245,28.1829675487547,-0.0
2.98,-7.78072807120256,-6.313299245894114,28.055499980296844,-0.0
2.985,-7.70809902141772,-6.278910467049391,27.926602317452353,-0.0
2.99,-7.636340899571142,-6.250095734511184,27.796119965780044,-0.0
2.995,-7.566800508249087,-6.2271214254289635,27.664100483908825,-0.0
3.0,-7.500135777823485,-6.209315545937025,27.530440296275703,-0.0
3.005,-7.433774110050397,-6.195864185192996,27.395863676102785,-0.0
3.0100000000000002,-7.372122280807225,-6.187106283751637,27.26106386206951,-0.0
3.015,-7.31346341110443,-6.183388106799317,27.126832646233236,-0.0
3.02,-7.256002205218979,-6.184841739219706,26.98968922846793,-0.0
3.025,-7.203213478589626,-6.190664126378166,26.85445770826159,-0.0
3.0300000000000002,-7.150825180836511,-6.202546869408665,26.719697071729506,-0.0
3.035,-7.104476265353716,-6.218276339969831,26.586450383989735,-0.0
3.04,-7.059537498331378,-6.236674867133524,26.4529160723144,-0.0
3.045,-7.0178601461239625,-6.261720612068622,26.320674350720562,-0.0
3.0500000000000003,-6.981069449961337,-6.2893418051182355,26.189797521635075,-0.0
3.055,-6.947055424021736,-6.320631845515719,26.060053267375864,-0.0
3.06,-6.9162923814624095,-6.355499905351458,25.93331590956174,-0.0
3.065,-6.888517323261344,-6.39610904644729,25.808968910191815,-0.0
3.0700000000000003,-6.863114185575306,-6.4405239698432455,25.685322970280794,-0.0
3.075,-6.8425780109008505,-6.488746358762281,25.56494412054778,-0.0
3.08,-6.824729395024747,-6.53874015792577,25.44655287908621,-0.0
3.085,-6.809476376557691,-6.594357878103542,25.330040230466235,-0.0
3.09,-6.799060132683038,-6.652214463706018,25.217351480083895,-0.0
3.095,-6.791803169818216,-6.71255174225647,25.10645310029791,-0.0
3.1,-6.788230905953298,-6.777633580010599,24.999314656101927,-0.0
3.105,-6.787420694706769,-6.846065365472974,24.89602968309181,-0.0
3.11,-6.791189109988664,-6.917638911230735,24.797101478440947,-0.0
3.115,-6.798515946932551,-6.991653660920969,24.70141931945541,-0.0
3.12,-6.808575711969494,-7.069616037438629,24.60978658467908,-0.0
3.125,-6.821932900042071,-7.150104001185673,24.522227660616096,-0.0
3.13,-6.8390248315369915,-7.233188615836052,24.43853525622962,-0.0
3.1350000000000002,-6.858191951495529,-7.318818766073896,24.36048724305485,-0.0
3.14,-6.881104483311466,-7.407605632768286,24.286023760821173,-0.0
3.145,-6.907405197030841,-7.499327922090997,24.217011607078838,-0.0
3.15,-6.937914003185733,-7.591807713326689,24.15413761583887,-0.0
3.1550000000000002,-6.9700590179384285,-7.687619853590809,24.095137031547733,-0.0
3.16,-7.006121447004522,-7.786070436230677,24.040917461888515,-0.0
3.165,-7.045945365959275,-7.886261023398383,23.994125713390194,-0.0
3.17,-7.089495821368845,-7.986171862765275,23.95176490838134,-0.0
3.1750000000000003,-7.134929394905217,-8.08947255899969,23.91589367089656,-0.0
3.18,-7.182971661788587,-8.194936954815173,23.88473209289256,-0.0
3.185,-7.234079598925851,-8.301440995063642,23.86116298889364,-0.0
3.19,-7.289181407059878,-8.40948350075739,23.842448961755753,-0.0
3.1950000000000003,-7.343614598573271,-8.519931348159705,23.831181143631078,-0.0
3.2,-7.402474525839066,-8.630352676854097,23.82561931966323,-0.0
3.205,-7.463431858566195,-8.741828147132201,23.827793199996332,-0.0
3.21,-7.527270556841931,-8.8546743724186,23.83537672453189,-0.0
3.215,-7.592388705630546,-8.967105351942603,23.851446142685784,-0.0
3.22,-7.661031802161159,-9.07960058193728,23.87430993339433,-0.0
3.225,-7.73318583041629,-9.192841351735144,23.90327330046855,-0.0
3.23,-7.806788242445255,-9.304507388944836,23.941688267815675,-0.0
3.235,-7.882201815787254,-9.414362710704882,23.985875933780516,-0.0
3.24,-7.959561323287805,-9.526071733442347,24.038338727420708,-0.0
3.245,-8.037363564383702,-9.636033796784009,24.09776716320213,-0.0
3.25,-8.116952366179502,-9.745295445089578,24.16340659659756,-0.0
3.255,-8.19955104487475,-9.852191569986894,24.235466701396724,-0.0
3.2600000000000002,-8.281478081963574,-9.9572181916066,24.315685475176952,-0.0
3.265,-8.365544111254883,-10.05844648177828,24.403523089103814,-0.0
3.27,-8.449444986162584,-10.15884720617054,24.49852282846496,-0.0
3.275,-8.534558193251936,-10.256565355870443,24.601045235914174,-0.0
3.2800000000000002,-8.620983995226934,-10.348749076704467,24.710644088906673,-0.0
3.285,-8.708164517517385,-10.438632724745526,24.827461470990247,-0.0
3.29,-8.79442717878008,-10.524839758869351,24.950051996188588,-0.0
3.295,-8.880684016138082,-10.606507720412,25.080090795425985,-0.0
3.3000000000000003,-8.966122237351172,-10.683736153142387,25.217165660242674,-0.0
3.305,-9.051101179961652,-10.754787244254128,25.359548198468385,-0.0
3.31,-9.136370986041184,-10.819908082859252,25.507847525092256,-0.0
3.315,-9.220039419554624,-10.87990861778497,25.66133859146344,-0.0
3.3200000000000003,-9.304025920598692,-10.932552377099729,25.820485961847826,-0.0
3.325,-9.384958275671842,-10.979458660146507,25.984323527974194,-0.0
3.33,-9.463571671832419,-11.019911748788335,26.1523586825317,-0.0
3.335,-9.541146308475597,-11.052032253007967,26.325232036080543,-0.0
3.34,-9.616836139679545,-11.076744590154354,26.500734865834723,-0.0
3.345,-9.690554871013996,-11.093779302638875,26.67938541072565,-0.0
3.35,-9.760573978727615,-11.102209047244989,26.861284408607435,-0.0
3.355,-9.827790514390564,-11.104155434427371,27.04489199835136,-0.0
3.36,-9.892012088799055,-11.096333667783687,27.229318980104622,-0.0
3.365,-9.952799242533995,-11.078793146080194,27.413985098038346,-0.0
3.37,-10.009950875755345,-11.053920774068262,27.59957708675258,-0.0
3.375,-10.06129656850788,-11.018771873105662,27.78477294657824,-0.0
3.38,-10.109925246340971,-10.974304119475313,27.969863594481176,-0.0
3.3850000000000002,-10.152951182362555,-10.921503884447677,28.151055639431284,-0.0
3.39,-10.190259480559497,-10.857789922094895,28.330390725995773,-0.0
3.395,-10.224039101522694,-10.785933949631078,28.505960206132592,-0.0
3.4,-10.252105695664707,-10.705151829279709,28.676733996697582,-0.0
3.4050000000000002,-10.275047310033479,-10.617056973899212,28.844270309719846,-0.0
3.41,-10.29074043021739,-10.520998856599938,29.0050749380279,-0.0
3.415,-10.301914978003747,-10.416514963705817,29.161382502167044,-0.0
3.42,-10.306948011548293,-10.305367688298507,29.308081130730976,-0.0
3.4250000000000003,-10.308515785477793,-10.185497520843754,29.447625725407907,-0.0
3.43,-10.30169557654956,-10.059946696855567,29.579210842926003,-0.0
3.435,-10.29035446845102,-9.927731662498342,29.70203592139917,-0.0
3.44,-10.273163485243076,-9.792001396108802,29.81615526306499,-0.0
3.4450000000000003,-10.249062618888937,-9.649472748554256,29.92065465943657,-0.0
3.45,-10.21828170518096,-9.50294872202447,30.016489846601658,-0.0
3.455,-10.182804910752589,-9.352020264247981,30.101670780598507,-0.0
3.46,-10.140414120466398,-9.19984081612737,30.175891125951026,-0.0
3.465,-10.09278333036597,-9.041431641109723,30.238486340930113,-0.0
3.47,-10.039844294959881,-8.882605386988901,30.292503578441607,-0.0
3.475,-9.981952169251052,-8.724161895489804,30.333661882304398,-0.0
3.48,-9.919764861703264,-8.562927725183435,30.36493340736244,-0.0
3.485,-9.85295319283334,-8.402574949609406,30.38532968545273,-0.0
3.49,-9.780086613478028,-8.241970224756818,30.39384270448371,-0.0
3.495,-9.702538462380993,-8.084159723950474,30.3908313649299,-0.0
3.5,-9.621517568373905,-7.9276635833188545,30.377628257224394,-0.0
3.505,-9.536781668811809,-7.77312228218819,30.35464724584269,-0.0
3.5100000000000002,-9.449026350045452,-7.622452783066965,30.320330159426934,-0.0
3.515,-9.357315757843944,-7.475162154872158,30.275547689947594,-0.0
3.52,-9.263285969175492,-7.33220251587122,30.22219167114106,-0.0
3.525,-9.167281335738831,-7.191765914639226,30.158870821934457,-0.0
3.5300000000000002,-9.067087189552277,-7.056824393486073,30.085819856990955,-0.0
3.535,-8.966489354212982,-6.927092762967644,30.005075334047756,-0.0
3.54,-8.864348344493983,-6.802085764057752,29.91477054636472,-0.0
3.545,-8.761787878699922,-6.681062849435394,29.81698962442407,-0.0
3.5500000000000003,-8.65853283600819,-6.567818534563453,29.710712721354824,-0.0
3.555,-8.554886471152669,-6.4610168036666975,29.599316350082656,-0.0
3.56,-8.450437270931062,-6.360106474115464,29.48126206295245,-0.0
3.565,-8.346210534426188,-6.265395794549827,29.357969595805272,-0.0
3.5700000000000003,-8.242551826159284,-6.178100559885359,29.228741111064775,-0.0
3.575,-8.139706143039254,-6.097534979479396,29.094252599899747,-0.0
3.58,-8.037245697477932,-6.02217534432586,28.954555375495204,-0.0
3.585,-7.9363534368693704,-5.953611367921123,28.81217771614157,-0.0
3.59,-7.837929213069496,-5.891353325476716,28.662933018740876,-0.0
3.595,-7.741083531960132,-5.836062200886265,28.51187721702011,-0.0
3.6,-7.646402393896404,-5.7872381407356315,28.358722994199216,-0.0
3.605,-7.553573158454397,-5.744360568917619,28.202268854292125,-0.0
3.61,-7.462725209475941,-5.706981906184243,28.044397500921562,-0.0
3.615,-7.374978558175297,-5.676426697923345,27.882788717920395,-0.0
3.62,-7.289550630610126,-5.651558853180289,27.720339284813846,-0.0
3.625,-7.208660224064709,-5.634580343609835,27.557498095389516,-0.0
3.63,-7.129343605687639,-5.623082933449047,27.392378984158047,-0.0
3.6350000000000002,-7.0547396113481,-5.616420467046596,27.227448872672152,-0.0
3.64,-6.982366004543538,-5.615896206729784,27.063528257907954,-0.0
3.645,-6.91440485277879,-5.6210066593387795,26.898569191718696,-0.0
3.65,-6.84902092879969,-5.631832911357003,26.73408479079528,-0.0
3.6550000000000002,-6.787738895763035,-5.647724416726573,26.57103826009077,-0.0
3.66,-6.730022987801179,-5.668025619557175,26.408031775873145,-0.0
3.665,-6.676807481704938,-5.693078062407514,26.246781744534985,-0.0
3.67,-6.628070947063276,-5.723834677989831,26.087587229455966,-0.0
3.6750000000000003,-6.583263931846848,-5.758363055976416,25.928819240209865,-0.0
3.68,-6.541549759426739,-5.79702860621238,25.771086497663227,-0.0
3.685,-6.504760059092289,-5.840036928973954,25.61613677355402,-0.0
3.69,-6.471917219502312,-5.888151475930712,25.464368691882534,-0.0
3.6950000000000003,-6.443603549416132,-5.940905559149796,25.315437742935533,-0.0
3.7,-6.418526857978263,-5.998026000804419,25.168959494124675,-0.0
3.705,-6.395827094889662,-6.059041498099461,25.025672333936896,-0.0
3.71,-6.379628268942078,-6.123741643190471,24.885798805617075,-0.0
3.715,-6.367754337823316,-6.192773171785846,24.749043411701166,-0.0
3.72,-6.360213684235734,-6.265483040998388,24.61605466014969,-0.0
3.725,-6.356162102435442,-6.34256991833614,24.48673449733884,-0.0
3.73,-6.355623606365133,-6.422600431062385,24.361355335372746,-0.0
3.735,-6.359614069121351,-6.505919435891315,24.240379474892773,-0.0
3.74,-6.367211838635963,-6.592809654507866,24.124005497822022,-0.0
3.745,-6.3790997154655855,-6.6840090173351525,24.01224634229016,-0.0
3.75,-6.394205137788216,-6.777610986686611,23.90523967979724,-0.0
3.755,-6.413997981814164,-6.875980047638872,23.803392007185643,-0.0
3.7600000000000002,-6.437175760099765,-6.976193394037821,23.70483802302608,-0.0
3.765,-6.4640770110722645,-7.080501620395613,23.613785178409724,-0.0
3.77,-6.4951293403869705,-7.186696082052679,23.52727379515866,-0.0
3.775,-6.530296766664546,-7.296451001213842,23.447630406205977,-0.0
3.7800000000000002,-6.568929765297346,-7.408630596408204,23.372484318563178,-0.0
3.785,-6.6123820984299675,-7.523487224550682,23.30353593199405,-0.0
3.79,-6.657615798430286,-7.641057502525987,23.241751591586215,-0.0
3.795,-6.706793210644429,-7.761688427507663,23.185286148419515,-0.0
3.8000000000000003,-6.760313504968217,-7.884270034236009,23.137029765256386,-0.0
3.805,-6.815503144301386,-8.009000077486482,23.094313982791512,-0.0
3.81,-6.874289589222642,-8.136230047106883,23.05792512282809,-0.0
3.815,-6.937842424538201,-8.26559769572216,23.029744315300626,-0.0
3.8200000000000003,-7.004015084652555,-8.39660147860097,23.009694709507375,-0.0
3.825,-7.0739938698416465,-8.528626661630502,22.99681635301154,-0.0
3.83,-7.145890671045336,-8.661815617128262,22.99235257746077,-0.0
3.835,-7.2224568190505645,-8.796394341301978,22.9950530830355,-0.0
3.84,-7.300685427999284,-8.933016996475526,23.006217613849646,-0.0
3.845,-7.38277272093068,-9.071978655754954,23.025034246112853,-0.0
3.85,-7.467558802894219,-9.210136632855232,23.053886662288495,-0.0
3.855,-7.553635576883583,-9.348323817502676,23.08943794016351,-0.0
3.86,-7.643975983963219,-9.487365308489629,23.135591829513327,-0.0
3.865,-7.7363320083307965,-9.624185737638296,23.190153100526118,-0.0
3.87,-7.831084098227354,-9.763020532427996,23.252737126838106,-0.0
3.875,-7.928156839698228,-9.899999984752672,23.32588574166005,-0.0
3.88,-8.026033980065373,-10.035125863334649,23.40792719410916,-0.0
3.8850000000000002,-8.126761139276756,-10.169181097590643,23.498207605510633,-0.0
3.89,-8.230277407308188,-10.302311348060716,23.59738941943127,-0.0
3.895,-8.333464380013764,-10.431842482429557,23.706201056232906,-0.0
3.9,-8.438102850694802,-10.558864373094492,23.824250653447482,-0.0
3.9050000000000002,-8.543148970741177,-10.682247413080303,23.952096805543206,-0.0
3.91,-8.649859772132599,-10.801941922857992,24.08948787679866,-0.0
3.915,-8.757734248896446,-10.916062562937688,24.23592161158389,-0.0
3.92,-8.865391703763743,-11.025524152371007,24.39074909960896,-0.0
3.9250000000000003,-8.972663835137327,-11.129801445505148,24.553975284812186,-0.0
3.93,-9.080532266289058,-11.227792264099433,24.727156823780145,-0.0
3.935,-9.188048619937229,-11.319204690675743,24.908388747593353,-0.0
3.94,-9.29439157985632,-11.40468826006334,25.097080204973444,-0.0
3.9450000000000003,-9.399184848903285,-11.480277958350513,25.292903747005592,-0.0
3.95,-9.503092390528986,-11.55035804403588,25.49631688169674,-0.0
3.955,-9.605681131353917,-11.611285066787655,25.706261681871663,-0.0
3.96,-9.706961196230237,-11.663007646955139,25.921534219477092,-0.0
3.9650000000000003,-9.80442905647987,-11.705423952339402,26.14153222520539,-0.0
3.97,-9.899427923872928,-11.738715423031604,26.366460942249564,-0.0
3.975,-9.99047287757817,-11.761736292940617,26.594286431172186,-0.0
3.98,-10.079929109882983,-11.772742465029452,26.82703671180257,-0.0
3.985,-10.165274399260465,-11.774670106150959,27.06181611832558,-0.0
3.99,-10.24620756771175,-11.762713150024842,27.299660727207122,-0.0
3.995,-10.32183839369386,-11.739423915593388,27.539321758910823,-0.0
4.0,-10.393009313741208,-11.704326941240765,27.77810007220576,-0.0
4.005,-10.458398716193633,-11.657127787652787,28.01590474821305,-0.0
4.01,-10.518713319623405,-11.598646448378394,28.25102317017547,-0.0
4.015,-10.572220914112016,-11.527853256999384,28.484148880129524,-0.0
4.0200000000000005,-10.619737264966677,-11.444577223475209,28.713116859125318,-0.0
4.025,-10.659730018937825,-11.349167509559846,28.937920408579398,-0.0
4.03,-10.692859624257604,-11.242580291548077,29.1572269914771,-0.0
4.035,-10.721252330167001,-11.125313467341325,29.370329677237404,-0.0
4.04,-10.74089638665018,-10.99664863993698,29.575105926056207,-0.0
4.045,-10.753911194887662,-10.856977777533734,29.772730067730375,-0.0
4.05,-10.759397535217369,-10.706660142181839,29.958758849138935,-0.0
4.055,-10.756883168673989,-10.54650576940357,30.13547033225686,-0.0
4.0600000000000005,-10.746923442734893,-10.379616607402943,30.301199018694952,-0.0
4.065,-10.728242429032676,-10.204616300302694,30.45586732905935,-0.0
4.07,-10.703735095661965,-10.022080364806463,30.596947922077614,-0.0
4.075,-10.669568182612077,-9.833053417913591,30.7244631842227,-0.0
4.08,-10.626732311772813,-9.639193574214687,30.839614480274072,-0.0
4.085,-10.577094754615699,-9.439991323306756,30.939800276880124,-0.0
4.09,-10.52217828955814,-9.238317775210096,31.025574130676905,-0.0
4.095,-10.457708359211052,-9.033238930952033,31.09805842190072,-0.0
4.1,-10.388648412582821,-8.826055932405469,31.156402731638146,-0.0
4.105,-10.310749380274236,-8.618835692730157,31.19940979911422,-0.0
4.11,-10.22561724338028,-8.41098162591011,31.227515953474366,-0.0
4.115,-10.134700908907108,-8.204144095926642,31.240140176269932,-0.0
4.12,-10.03875280731652,-7.998947996071217,31.23956671764281,-0.0
4.125,-9.937031942229037,-7.796000437087378,31.224799714446565,-0.0
4.13,-9.829663944491928,-7.596703889584077,31.194000299087328,-0.0
4.135,-9.718243988700767,-7.4016514049458415,31.152663782187965,-0.0
4.14,-9.603126687423211,-7.210722720301207,31.097489212916702,-0.0
4.1450000000000005,-9.482810755828325,-7.026463510951102,31.028967577794976,-0.0
4.15,-9.360182711994838,-6.847203044123488,30.94901008696766,-0.0
4.155,-9.234513960664133,-6.674314300415157,30.856753768343218,-0.0
4.16,-9.10650721727787,-6.509281745056536,30.753274977908763,-0.0
4.165,-8.976358684540656,-6.351264419151451,30.639359335458536,-0.0
4.17,-8.846797923562548,-6.201260443036074,30.51521618812862,-0.0
4.175,-8.714448500604849,-6.059397108115615,30.382763999063716,-0.0
4.18,-8.581408278715354,-5.9258755238141765,30.241518269295018,-0.0
4.1850000000000005,-8.448289014071515,-5.798405681497084,30.093325810751168,-0.0
4.19,-8.317276333420194,-5.680715985026025,29.93701826437844,-0.0
4.195,-8.18676267019316,-5.571398429934217,29.77208326153143,-0.0
4.2,-8.055952594951366,-5.471435306030441,29.602606301685164,-0.0
4.205,-7.92557216359072,-5.3789189721225386,29.427755891930904,-0.0
4.21,-7.798854777181703,-5.295414463332267,29.247444444177475,-0.0
4.215,-7.672607139128795,-5.2198103382391725,29.06322059197587,-0.0
4.22,-7.550389178255452,-5.153036783984755,28.877459450766096,-0.0
4.225,-7.431085555978803,-5.094127981816909,28.686989861897707,-0.0
4.23,-7.313228500442279,-5.043914770280612,28.494298584142896,-0.0
4.235,-7.200496010351468,-5.000462213652585,28.298910481030404,-0.0
4.24,-7.090998424568041,-4.964506292350181,28.10141561247901,-0.0
4.245,-6.984465580445816,-4.935334191443922,27.903231950554783,-0.0
4.25,-6.881908865011,-4.91326754151737,27.704358274410797,-0.0
4.255,-6.782940214195946,-4.898516360057951,27.50464005458639,-0.0
4.26,-6.6888823378603846,-4.890802850379884,27.303171541172265,-0.0
4.265,-6.598700241273692,-4.88965519231856,27.101421481859656,-0.0
4.2700000000000005,-6.512915428573758,-4.895763508059562,26.900352933649632,-0.0
4.275,-6.434667772734792,-4.907185243433992,26.700205541466616,-0.0
4.28,-6.358034852333117,-4.925173462791606,26.501962694564945,-0.0
4.285,-6.285820604750755,-4.94839941030461,26.30485486649292,-0.0
4.29,-6.219496900268873,-4.976066992267012,26.10973781465249,-0.0
4.295,-6.156349081520673,-5.010089693193223,25.915443510321676,-0.0
4.3,-6.09855284278431,-5.048855954698602,25.724291675436586,-0.0
4.305,-6.044842179976413,-5.093284641727198,25.534930566490974,-0.0
4.3100000000000005,-5.9977858850391845,-5.142122220918161,25.34837042967366,-0.0
4.315,-5.955177450189623,-5.196085611731744,25.1639522762496,-0.0
4.32,-5.91723465411533,-5.254058219872395,24.98273944891897,-0.0
4.325,-5.885911865635161,-5.318483480050516,24.805270116842447,-0.0
4.33,-5.857738632873316,-5.384685819172645,24.632148621301226,-0.0
4.335,-5.834574597201202,-5.457057131352493,24.46136443842492,-0.0
4.34,-5.815748072760607,-5.532844488613047,24.29517795070663,-0.0
4.345,-5.800580751570425,-5.613066951223254,24.131661893832003,-0.0
4.3500000000000005,-5.790719054161293,-5.698383351284779,23.972818565124317,-0.0
4.355,-5.786191963614767,-5.785514666685047,23.81869122704006,-0.0
4.36,-5.786827282276479,-5.877574035833795,23.667836058722035,-0.0
4.365,-5.790875797961908,-5.9731759846065815,23.522286554265094,-0.0
4.37,-5.800806989769162,-6.0725926301983515,23.382839940883102,-0.0
4.375,-5.815665466894383,-6.176252681030448,23.24668147328054,-0.0
4.38,-5.834180149843905,-6.283032394591746,23.115783756017887,-0.0
4.385,-5.856686964934826,-6.393806853356731,22.9902874454795,-0.0
4.39,-5.883701786194302,-6.508087506768446,22.87151936150667,-0.0
4.3950000000000005,-5.9158381913681,-6.626404311512281,22.75697278481755,-0.0
4.4,-5.9515019284240145,-6.747091847159413,22.64962489973242,-0.0
4.405,-5.990953879452347,-6.8727163103313185,22.548426997492484,-0.0
4.41,-6.033569984074739,-7.002319993698571,22.45344397181875,-0.0
4.415,-6.08203414277634,-7.134140345960315,22.36660113738841,-0.0
4.42,-6.1342201481220995,-7.270625264735681,22.285911775858978,-0.0
4.425,-6.192410912070823,-7.4093419316112445,22.211124134803985,-0.0
4.43,-6.253667323596344,-7.551730550622388,22.14329123940396,-0.0
4.4350000000000005,-6.319478689837749,-7.698056113990093,22.084718193409834,-0.0
4.44,-6.388029579070167,-7.845974667166323,22.03320250323551,-0.0
4.445,-6.461783685756789,-7.9964684692035926,21.990109285727502,-0.0
4.45,-6.538863683641676,-8.150400621992162,21.954494500189007,-0.0
4.455,-6.620115162581024,-8.306252673953445,21.927245992404053,-0.0
4.46,-6.704003974697952,-8.465727512856231,21.90874196562167,-0.0
4.465,-6.79176981404944,-8.62769787308917,21.900858697778652,-0.0
4.47,-6.88431852989055,-8.791438557846773,21.90147889549882,-0.0
4.4750000000000005,-6.978430016288226,-8.957238712013286,21.912467775477385,-0.0
4.48,-7.078188989824661,-9.12437573807319,21.933088826875114,-0.0
4.485,-7.179367445878154,-9.29286387834847,21.964004239609075,-0.0
4.49,-7.283596277405657,-9.462586531322984,22.00536244695903,-0.0
4.495,-7.393197780619324,-9.634210431784444,22.05598734938403,-0.0
4.5,-7.505046059761828,-9.806035511248798,22.117302956086412,-0.0
4.505,-7.620381660921557,-9.977212664663503,22.190084660976165,-0.0
4.51,-7.738176791741828,-10.149332254925422,22.27210446536188,-0.0
4.515,-7.857798199362756,-10.31990390752865,22.36843768691328,-0.0
4.5200000000000005,-7.9810828584596125,-10.490082370505963,22.475966681642664,-0.0
4.525,-8.105862851217081,-10.657247372163301,22.59548690621318,-0.0
4.53,-8.23311069113515,-10.822343286830847,22.72755860506855,-0.0
4.535,-8.362926562157844,-10.9865244754517,22.869272073089114,-0.0
4.54,-8.494634593481255,-11.145931722598489,23.024118693764798,-0.0
4.545,-8.626540235216419,-11.300709359569526,23.18983146069885,-0.0
4.55,-8.75918387492726,-11.451915615803632,23.36743640382431,-0.0
4.555,-8.893416549940692,-11.598254691077859,23.556043138162114,-0.0
4.5600000000000005,-9.030668569970597,-11.73832257838817,23.758044776145574,-0.0
4.565,-9.165825007856329,-11.869997596152013,23.971465080056667,-0.0
4.57,-9.301661075127663,-11.995327359618768,24.195687021245924,-0.0
4.575,-9.436785733707918,-12.111606863869905,24.431223385942353,-0.0
4.58,-9.570113120436169,-12.219892140757759,24.67696474198458,-0.0
4.585,-9.701372436411862,-12.317048224456103,24.93335511670719,-0.0
4.59,-9.832647548033894,-12.403735388965917,25.19865743584544,-0.0
4.595,-9.960603560110664,-12.480034525773057,25.472875115618564,-0.0
4.6000000000000005,-10.085742939260914,-12.54410779708083,25.754311001036914,-0.0
4.605,-10.209700117043246,-12.59499314009163,26.04364645229794,-0.0
4.61,-10.328046840617269,-12.631736843631769,26.340516032693444,-0.0
4.615,-10.442881313275615,-12.653258248108326,26.64245027378306,-0.0
4.62,-10.553530088139576,-12.661782907845607,26.946872115083504,-0.0
4.625,-10.659677280090925,-12.654135606865164,27.255362125566226,-0.0
4.63,-10.760149687885741,-12.630786560726296,27.566852161620282,-0.0
4.635,-10.852848574973175,-12.590547455110178,27.878661855328108,-0.0
4.64,-10.940204256195418,-12.533941023546639,28.190496800699453,-0.0
4.6450000000000005,-11.019403971424701,-12.462428455344304,28.499202257259807,-0.0
4.65,-11.092790925920209,-12.372398148645065,28.806440376864437,-0.0
4.655,-11.157111999028988,-12.265656898601824,29.108706516284208,-0.0
4.66,-11.212296086547791,-12.14258440559788,29.40520104410809,-0.0
4.665,-11.258827229301653,-12.003747796943822,29.693084774024012,-0.0
4.67,-11.295787327926421,-11.850232147109036,29.972900751894127,-0.0
4.675,-11.322981477766186,-11.679179853887433,30.24111876826616,-0.0
4.68,-11.341102077382743,-11.493144688550402,30.498155526325952,-0.0
4.6850000000000005,-11.348335336197595,-11.293506054407395,30.743769242106595,-0.0
4.69,-11.346121410253405,-11.081622604324085,30.975657280384645,-0.0
4.695,-11.331748629907498,-10.85715912290037,31.190882796256712,-0.0
4.7,-11.308050034374084,-10.621767493965868,31.390566521128683,-0.0
4.705,-11.273728706461927,-10.37650071516127,31.572728482913668,-0.0
4.71,-11.229280732134962,-10.12233276827721,31.736102194930044,-0.0
4.715,-11.17425304936654,-9.862327980219842,31.88189322031701,-0.0
4.72,-11.109836706112823,-9.59552549996686,32.00778436755302,-0.0
4.7250000000000005,-11.03458958353802,-9.32479657945597,32.11373889033167,-0.0
4.73,-10.949013447378123,-9.050283410518613,32.20055574016233,-0.0
4.735,-10.85395388784214,-8.775528659689904,32.266584615329194,-0.0
4.74,-10.750050434512053,-8.500281916252947,32.31314844303414,-0.0
4.745,-10.637199839072965,-8.225507376028027,32.33792130144234,-0.0
4.75,-10.517092513748905,-7.95403572041318,32.34302870136225,-0.0
4.755,-10.389424641289567,-7.684255020097437,32.329806868874876,-0.0
4.76,-10.25317312869428,-7.420083669240036,32.29816740677093,-0.0
4.765,-10.112684305720318,-7.161510400534087,32.247483371243646,-0.0
4.7700000000000005,-9.964398988465332,-6.9089485270729485,32.17898716614381,-0.0
4.775,-9.811732663918903,-6.665976962311874,32.094402853507724,-0.0
4.78,-9.654422144147954,-6.432317190178448,31.99302398592883,-0.0
4.785,-9.493188014943422,-6.206556856200283,31.87702581240378,-0.0
4.79,-9.327862473153324,-5.991578140198742,31.745954515097672,-0.0
4.795,-9.162885830189031,-5.7864238030217665,31.60316369363736,-0.0
4.8,-8.994267724705026,-5.592189372286615,31.44789238955995,-0.0
4.805,-8.82374356756603,-5.409969350659803,31.27891542278947,-0.0
4.8100000000000005,-8.652522205341333,-5.23875378285638,31.10042862192788,-0.0
4.815,-8.482070419156734,-5.078775313622727,30.91388391141439,-0.0
4.82,-8.31154342279835,-4.929796464770742,30.71785008131773,-0.0
4.825,-8.141989367126804,-4.792284177990148,30.513767981393126,-0.0
4.83,-7.974461816262338,-4.666471017260885,30.302058872826567,-0.0
4.835,-7.807793757085159,-4.551761315552913,30.085108632942507,-0.0
4.84,-7.645783853640466,-4.448945926523468,29.8622920206014,-0.0
4.845,-7.4840243407432885,-4.355129650388973,29.63496818209678,-0.0
4.8500000000000005,-7.3269725740877565,-4.271499446141041,29.40201508085928,-0.0
4.855,-7.174768933790678,-4.198970960852751,29.16588477300262,-0.0
4.86,-7.027574489024067,-4.135191418025291,28.927434250369938,-0.0
4.865,-6.883110056495166,-4.080145435563516,28.68872034330045,-0.0
4.87,-6.742262832992288,-4.036953580606492,28.446289100108917,-0.0
4.875,-6.606910675039936,-4.0030887653818255,28.203027334451424,-0.0
4.88,-6.4775845907446525,-3.9765151762521707,27.959736068798843,-0.0
4.885,-6.351942578280071,-3.9585891024921356,27.716776459655172,-0.0
4.89,-6.2328619202447015,-3.947596369069707,27.472810328587066,-0.0
4.8950000000000005,-6.117955117691366,-3.9440628167650136,27.22908450340372,-0.0
4.9,-6.009724638064454,-3.948828307884369,26.985706789875934,-0.0
4.905,-5.9063168009198925,-3.959147016765643,26.745389665410595,-0.0
4.91,-5.8099423921415765,-3.9764461199832724,26.50704483327858,-0.0
4.915,-5.71835391316534,-3.9997137228585773,26.26903072817369,-0.0
4.92,-5.631744383699338,-4.029143564404059,26.03292150193197,-0.0
4.925,-5.552429764840982,-4.063653846610698,25.798204915252022,-0.0
4.93,-5.4780030445353765,-4.104610455856678,25.5671160545559,-0.0
4.9350000000000005,-5.4090064158697935,-4.151119540457809,25.33857371173588,-0.0
4.94,-5.3454587192669045,-4.202360247211436,25.112446749090555,-0.0
4.945,-5.286986087513759,-4.257975793876741,24.88976254619225,-0.0
4.95,-5.234760740231741,-4.32002768521124,24.671516202093443,-0.0
4.955,-5.189483356539182,-4.384381699197839,24.45563749867331,-0.0
4.96,-5.148709039941977,-4.455877757582075,24.243513364273813,-0.0
4.965,-5.113602192546939,-4.531631086442113,24.035995548473032,-0.0
4.97,-5.083811532070229,-4.609332765073619,23.83050668704465,-0.0
4.9750000000000005,-5.059809981246533,-4.692779807015429,23.630868488648968,-0.0
4.98,-5.041745536861129,-4.778603955462662,23.433884253446323,-0.0
4.985,-5.028396502183941,-4.869500937466247,23.241410464205035,-0.0
4.99,-5.020045242282137,-4.964701729507054,23.053337118659627,-0.0
4.995,-5.017297956761532,-5.065034913039147,22.8705821087725,-0.0
5.0,-5.018887495413839,-5.16847971436614,22.692606548116814,-0.0
5.005,-5.026387985705085,-5.274340253717315,22.519684977773103,-0.0
5.01,-5.038535320547096,-5.386099155550147,22.35142600922392,-0.0
5.015,-5.053949759845307,-5.501217599844024,22.18880230646092,-0.0
5.0200000000000005,-5.075143273601573,-5.621348056234732,22.030913639486783,-0.0
5.025,-5.103751798381864,-5.74354363645023,21.880485450923114,-0.0
5.03,-5.135205423693997,-5.870539847199367,21.735284923459474,-0.0
5.035,-5.171967467139921,-6.002379232054223,21.596166459886454,-0.0
5.04,-5.21331458540918,-6.136749933774593,21.46417260195316,-0.0
5.045,-5.258715167726891,-6.2758065497975,21.336412793270124,-0.0
5.05,-5.309402976212968,-6.419601849812219,21.217225829467587,-0.0
5.055,-5.364611769901273,-6.568016546357927,21.10432633957302,-0.0
5.0600000000000005,-5.423767635695126,-6.719473902340011,20.998821448569576,-0.0
5.065,-5.487551655967313,-6.875097130914688,20.90159602979397,-0.0
5.07,-5.557640376306357,-7.0362176629253215,20.81087722386121,-0.0
5.075,-5.632531847232819,-7.200741240020892,20.729078277570895,-0.0
5.08,-5.710119304608608,-7.369888915798168,20.65545922230958,-0.0
5.085,-5.793366077512136,-7.542093069571599,20.591207876347983,-0.0
5.09,-5.881067733662362,-7.718316779679743,20.5342201464982,-0.0
5.095,-5.972107965528104,-7.90014391259602,20.48749337831334,-0.0
5.1000000000000005,-6.069033955683104,-8.086364393701535,20.45023881476665,-0.0
5.105,-6.170370216559286,-8.275138072698883,20.423097076882357,-0.0
5.11,-6.275261141860708,-8.468459103675428,20.405003974379543,-0.0
5.115,-6.384991879144159,-8.664669428986048,20.399129160128698,-0.0
5.12,-6.499080650122334,-8.863656713069242,20.402577676233552,-0.0
5.125,-6.61618106429465,-9.065704932490318,20.41699574597313,-0.0
5.13,-6.739101106577709,-9.272440024678891,20.445648694673395,-0.0
5.135,-6.863643807172623,-9.480828782766377,20.486299454209494,-0.0
5.14,-6.994820410747785,-9.690509050445108,20.53829918268185,-0.0
5.1450000000000005,-7.129535168040175,-9.901978930427841,20.602748819347195,-0.0
5.15,-7.2677138835816,-10.116571173258018,20.680711928603692,-0.0
5.155,-7.410310640627358,-10.332609935600809,20.772602023831748,-0.0
5.16,-7.55633479017136,-10.548041629642077,20.878235920708867,-0.0
5.165,-7.706412814607367,-10.764727823040399,21.000076634040767,-0.0
5.17,-7.8598613396182815,-10.981834339594888,21.134477610335416,-0.0
5.175,-8.016102441933434,-11.19617085513707,21.284459122290297,-0.0
5.18,-8.17397545076926,-11.409584361767923,21.450300362551452,-0.0
5.1850000000000005,-8.336118216831414,-11.618901952667803,21.630461673238944,-0.0
5.19,-8.499853084341108,-11.827326593053566,21.82649049756519,-0.0
5.195,-8.665378959381666,-12.029978491135235,22.03831820509853,-0.0
5.2,-8.833351681344881,-12.229297050481728,22.264963072687173,-0.0
5.205,-9.002101654373934,-12.421547714639741,22.508030105024453,-0.0
5.21,-9.172333129278003,-12.606479313050064,22.76486838545926,-0.0
5.215,-9.345123000556718,-12.783126822304562,23.03928929742507,-0.0
5.22,-9.516261522477125,-12.951769979434838,23.32836279648941,-0.0
5.2250000000000005,-9.6873696397389,-13.10786047709955,23.63435471769461,-0.0
5.23,-9.858299446699412,-13.253993630370388,23.95374698149873,-0.0
5.235,-10.028359169492585,-13.386624725282582,24.288823371589828,-0.0
5.24,-10.196736691585718,-13.504792272703632,24.634288189529705,-0.0
5.245,-10.362163906671551,-13.609164835982268,24.994136265115916,-0.0
5.25,-10.524090493325028,-13.697310109528502,25.36596834206149,-0.0
5.255,-10.681861867778165,-13.767771127735172,25.74906213567702,-0.0
5.26,-10.837513486159695,-13.818877438881902,26.14114339510094,-0.0
5.265,-10.986524132682627,-13.851505017671345,26.540572459015305,-0.0
5.2700000000000005,-11.131083773695886,-13.86225665812236,26.94794281327178,-0.0
5.275,-11.265827561572378,-13.849932369841,27.359200201390788,-0.0
5.28,-11.394824473400814,-13.817200320732551,27.773460259439613,-0.0
5.285,-11.515203960009762,-13.760571467466672,28.189917926051727,-0.0
5.29,-11.625945060464732,-13.680542573822867,28.605774801582957,-0.0
5.295,-11.728751728720848,-13.576837394199844,29.020437129790725,-0.0
5.3,-11.820995109885393,-13.447816552706787,29.429240986377522,-0.0
5.305,-11.902010382741246,-13.295990394244377,29.83106546558915,-0.0
5.3100000000000005,-11.971990129849052,-13.120447639170202,30.225244539952026,-0.0
5.315,-12.02838917148236,-12.921970214774422,30.608614182182176,-0.0
5.32,-12.074149771470724,-12.699694347313688,30.977051884852035,-0.0
5.325,-12.104270496854701,-12.45684311023475,31.330133418366685,-0.0
5.33,-12.121552808995228,-12.194195108169371,31.666464906154406,-0.0
5.335,-12.125451179663289,-11.910164111110687,31.98386001173228,-0.0
5.34,-12.115709836218139,-11.609531065013407,32.28004176163292,-0.0
5.345,-12.08986119777333,-11.29287081099418,32.552531177548126,-0.0
5.3500000000000005,-12.050752140198952,-10.960684745987978,32.80076448969132,-0.0
5.355,-11.995760653932386,-10.616657592488318,33.022952099895505,-0.0
5.36,-11.925945210896677,-10.262160445879998,33.21829552713128,-0.0
5.365,-11.842169327469382,-9.89905417152992,33.38742996811843,-0.0
5.37,-11.744221613009254,-9.530540166386952,33.52753276341651,0.0
5.375,-11.632659108160443,-9.157111683550342,33.63922927964879,0.0
5.38,-11.509438349261343,-8.783604197820269,33.72206709285217,0.0
5.385,-11.37258369429389,-8.410754154541728,33.77789876544645,0.0
5.39,-11.223904815001864,-8.040411826611837,33.80509774829659,0.0
5.3950000000000005,-11.064373608776936,-7.675049087148875,33.807365416823046,0.0
5.4,-10.894080712665252,-7.315828689444288,33.78195436873057,0.0
5.405,-10.714416279031733,-6.965705428186686,33.73086481302566,0.0
5.41,-10.52703754343627,-6.623779080783615,33.65416847253526,0.0
5.415,-10.330530365211228,-6.293332151039574,33.553544212294135,0.0
5.42,-10.128263686261107,-5.974980877260416,33.42950929116799,0.0
5.425,-9.921179219548364,-5.669878584439469,33.28531714753541,0.0
5.43,-9.708395045485346,-5.379140412890079,33.12262584212694,0.0
5.4350000000000005,-9.491826227553805,-5.103152656015417,32.94188653775458,0.0
5.44,-9.272636086248378,-4.8432129920919245,32.74477113541262,0.0
5.445,-9.052030447840693,-4.599022906672384,32.53323951421383,0.0
5.45,-8.829557121724608,-4.370911114220784,32.30658957799889,0.0
5.455,-8.605491665704648,-4.158902070916885,32.06852236998581,0.0
5.46,-8.382826851448122,-3.962482291395123,31.819726314472625,0.0
5.465,-8.162490216275236,-3.7837000486966135,31.561049204145977,0.0
5.47,-7.943799375012897,-3.6196771674417314,31.29485665139304,0.0
5.4750000000000005,-7.726909993824818,-3.4697854999154627,31.020910682231744,0.0
5.48,-7.51378157916762,-3.3354721022462264,30.742092463869614,0.0
5.485,-7.305462324125648,-3.2154646243072453,30.457045194043125,0.0
5.49,-7.100544869439219,-3.1101972429464237,30.1685761294678,0.0
5.495,-6.90191770664322,-3.0166364457320776,29.875376602447293,0.0
5.5,-6.707483271961755,-2.936253384925659,29.58088209915693,0.0
5.505,-6.519379830283445,-2.8680898163339736,29.285660326048855,0.0
5.51,-6.336841442745091,-2.810539521061063,28.988418109034015,0.0
5.515,-6.160443237988329,-2.764783066702523,28.6910027053457,0.0
5.5200000000000005,-5.991442301765837,-2.7298158318089323,28.394297137907664,0.0
5.525,-5.828231148851106,-2.7039158906932976,28.097769012816418,0.0
5.53,-5.671867611280014,-2.687767160412304,27.800754787728053,0.0
5.535,-5.521760987016885,-2.6790543368699935,27.50564609335772,0.0
5.54,-5.3795383047415095,-2.680105619564185,27.211924598316052,0.0
5.545,-5.2449805047547535,-2.688278424120803,26.921144165681135,0.0
5.55,-5.116456904244277,-2.703388315439322,26.632271449948373,0.0
5.555,-4.995556127506047,-2.7250446852729056,26.34576829914086,0.0
5.5600000000000005,-4.881764574628925,-2.752379595090669,26.063688498640246,0.0
5.565,-4.775969099461585,-2.785934305326352,25.782894146293582,0.0
5.57,-4.676188164485748,-2.8244769666822855,25.50493771856974,0.0
5.575,-4.5827016072830515,-2.8684231936995563,25.230515964864022,0.0
5.58,-4.497060509180547,-2.9174002682530347,24.959386127741258,0.0
5.585,-4.418085449561842,-2.9705556998596294,24.69058215334082,0.0
5.59,-4.345731529839572,-3.029716315190242,24.427684374820025,0.0
5.595,-4.280276032920433,-3.0910211246673476,24.168506607776173,0.0
5.6000000000000005,-4.220233820618575,-3.158083038815474,23.91158317691306,0.0
5.605,-4.166789269350253,-3.2296995463168554,23.65952077380614,0.0
5.61,-4.1202875220485025,-3.304273521881619,23.411193377173447,0.0
5.615,-4.080022722322292,-3.3825209564088086,23.16747709055432,0.0
5.62,-4.046275440622182,-3.4643071220253665,22.92782116531695,0.0
5.625,-4.017530816632498,-3.5495222575879652,22.690659399743655,0.0
5.63,-3.993324806437433,-3.63838538873579,22.45969346181915,0.0
5.635,-3.9761648687047937,-3.7312365517574233,22.232309913243093,0.0
5.64,-3.964670489215993,-3.8269186875441155,22.010498595197618,0.0
5.6450000000000005,-3.958111178527455,-3.925843632160225,21.79218511737417,0.0
5.65,-3.955142471566583,-4.028995834213274,21.579621487943854,0.0
5.655,-3.957441984041122,-4.135865769027242,21.371617828145126,0.0
5.66,-3.967011258385878,-4.246352068419745,21.169067405272468,0.0
5.665,-3.9814085062168973,-4.361714523400318,20.970674935847754,0.0
5.67,-4.001986737118066,-4.478353265537613,20.777568582497302,0.0
5.675,-4.026109905519897,-4.5996856221596945,20.590334030563398,0.0
5.68,-4.054819788403769,-4.725992164318926,20.407369777158003,0.0
5.6850000000000005,-4.0890170593803274,-4.855534698127755,20.230700178858278,0.0
5.69,-4.127407277585284,-4.989963154631988,20.060045947894945,0.0
5.695,-4.17002274845869,-5.129317809042002,19.896905515961812,0.0
5.7,-4.218243344535859,-5.271826579879091,19.73908652028259,0.0
5.705,-4.271032797890177,-5.419363463908001,19.587539249427138,0.0
5.71,-4.329341113573327,-5.5728741166733275,19.442371933153062,0.0
5.715,-4.391752471106252,-5.730573410385295,19.303645558116216,0.0
5.72,-4.45877759194515,-5.892541161261908,19.172865499001393,0.0
5.7250000000000005,-4.530191154746532,-6.0601039656761095,19.04899086039462,0.0
5.73,-4.606529976608673,-6.233704957168457,18.932186331003624,0.0
5.735,-4.687408298961719,-6.410830383402156,18.821216392032866,0.0
5.74,-4.774923710717367,-6.592826908622145,18.720121417518662,0.0
5.745,-4.865975817089331,-6.781554023389838,18.628858883952457,0.0
5.75,-4.961953669764834,-6.974163204086033,18.545022045681915,0.0
5.755,-5.061242632202168,-7.1742324473306125,18.469897288620974,0.0
5.76,-5.168580946250841,-7.378710134408105,18.404247731245686,0.0
5.765,-5.278758820862367,-7.5892597796898285,18.349903593071794,0.0
5.7700000000000005,-5.393807956797355,-7.806492336420811,18.30479964907994,0.0
5.775,-5.514043382950511,-8.028325144853545,18.271088225711885,0.0
5.78,-5.639816679455517,-8.25658856849407,18.249027153232387,0.0
5.785,-5.770648944540344,-8.490391516165452,18.2390600481093,0.0
5.79,-5.907306383574244,-8.728074072260778,18.2415109725782,0.0
5.795,-6.047817035800607,-8.973087240543702,18.257444908520455,0.0
5.8,-6.1944096472663635,-9.22327811825432,18.285328050976513,0.0
5.805,-6.346766770708576,-9.477832112601398,18.326997182434962,0.0
5.8100000000000005,-6.50269676511558,-9.736721253651316,18.38277717293586,0.0
5.815,-6.664689052003544,-10.001517915108048,18.454952517494196,0.0
5.82,-6.8319072833746235,-10.269115557846483,18.541890487152905,0.0
5.825,-7.002821363229277,-10.54085701709949,18.64546692914776,0.0
5.83,-7.178998793519491,-10.81456938703395,18.764763231939032,0.0
5.835,-7.360305752088232,-11.092380226255655,18.902983257433444,0.0
5.84,-7.547313606492759,-11.370065850495122,19.058820212618556,0.0
5.845,-7.737703846245267,-11.651214950129626,19.233260252330552,0.0
5.8500000000000005,-7.93334360782383,-11.931717474567911,19.42690470369713,0.0
5.855,-8.132325994392362,-12.211540232084033,19.640799921001125,0.0
5.86,-8.335430559717384,-12.49082719275014,19.877010562704985,0.0
5.865,-8.54257037525936,-12.766103679303363,20.132760505678053,0.0
5.87,-8.753278127760485,-13.038012382036369,20.40995347327767,0.0
5.875,-8.967335864828478,-13.304834382200958,20.708339011495212,0.0
5.88,-9.184819726348554,-13.564814996934004,21.02802675683254,0.0
5.885,-9.402789900034906,-13.817380683073141,21.371140105961295,0.0
5.89,-9.622887221805918,-14.060333083522533,21.73609886613336,0.0
5.8950000000000005,-9.844705356012842,-14.289926060170412,22.123379691506695,0.0
5.9,-10.065768833834206,-14.507446203507072,22.532102952454977,0.0
5.905,-10.287784787555394,-14.710226605432878,22.962200485856066,0.0
5.91,-10.509936017537921,-14.896712905801417,23.411837528312795,0.0
5.915,-10.72995672031982,-15.064384435171682,23.883157781131125,0.0
5.92,-10.94584222963886,-15.20964339849095,24.37181450578885,0.0
5.925,-11.15863457683377,-15.332123130385256,24.880449950600582,0.0
5.93,-11.3667151255587,-15.429761614134568,25.404213436113377,0.0
5.9350000000000005,-11.570584393680457,-15.499204419899124,25.942439262973217,0.0
5.94,-11.767115981225432,-15.54020638667426,26.493015566639,0.0
5.945,-11.956419865508689,-15.55128902153994,27.055397067011256,0.0
5.95,-12.135273373709929,-15.52908171842316,27.624462015870233,0.0
5.955,-12.304385124559314,-15.474680494081197,28.198370890941938,0.0
5.96,-12.462247870532053,-15.383550624290713,28.77443905483977,0.0
5.965,-12.607913784918313,-15.258723486326456,29.350122719782387,0.0
5.97,-12.739890770815478,-15.097795221058155,29.92090102119962,0.0
5.9750000000000005,-12.85860682822044,-14.89986744359459,30.4830993163845,0.0
5.98,-12.960940543491652,-14.66596392863667,31.034857984662136,0.0
5.985,-13.045561527416284,-14.395355936714086,31.57081968891357,0.0
5.99,-13.113341472279739,-14.089902829725222,32.09027423900919,0.0
5.995,-13.16207158634457,-13.75057783391001,32.58603368590558,0.0
6.0,-13.192182478380708,-13.379992398098095,33.057094501264444,0.0
6.005,-13.201169322267129,-12.979596677167114,33.497967570568875,0.0
6.01,-13.189840218857052,-12.551280916778188,33.90797132333908,0.0
6.015000000000001,-13.157888178530843,-12.097755285536127,34.283655555508126,0.0
6.0200000000000005,-13.105112662134726,-11.624428412824322,34.621070805283935,0.0
6.025,-13.031976973298425,-11.132509497197644,34.92165932678979,0.0
6.03,-12.937569846341884,-10.626295206119536,35.18146477147258,0.0
6.035,-12.821891510513883,-10.109496226069382,35.398328918797475,0.0
6.04,-12.686449827099647,-9.585985386752816,35.574019015703136,0.0
6.045,-12.531009372415646,-9.057685616998283,35.707874504208206,0.0
6.05,-12.357663115422183,-8.528922225217293,35.79860387417423,0.0
6.055,-12.166570244160264,-8.004521802202678,35.84840199552665,0.0
6.0600000000000005,-11.958251708773918,-7.48807048082756,35.8572068189445,0.0
6.065,-11.734531165505778,-6.980677112368068,35.827237415632226,0.0
6.07,-11.497763153607234,-6.487075975328131,35.75832125248874,0.0
6.075,-11.24693485246475,-6.009736314801013,35.65439939045568,0.0
6.08,-10.9854664881558,-5.54916765875454,35.51728737294117,0.0
6.085,-10.712876723885472,-5.109783412221782,35.34790450093474,0.0
6.09,-10.432591500015391,-4.6907681906840315,35.149737175519824,0.0
6.095,-10.145588339582945,-4.29453759770336,34.9256225203998,0.0
6.1000000000000005,-9.852235759232375,-3.9215958517512743,34.67731923381724,0.0
6.105,-9.555741412060682,-3.572407742811684,34.40810229169516,0.0
6.11,-9.257561637412332,-3.248333202481293,34.121139667952065,0.0
6.115,-8.957676518948292,-2.9491993502013245,33.817456322439426,0.0
6.12,-8.658673898689917,-2.673337039860692,33.499218561708105,0.0
6.125,-8.359216849585884,-2.4226157285877408,33.16795483363432,0.0
6.13,-8.062104080169245,-2.195044451895687,32.82625502184504,0.0
6.135,-7.7686374944619985,-1.988723413700055,32.47620880112396,0.0
6.140000000000001,-7.480321921319142,-1.8057726983971256,32.11987474576525,0.0
6.1450000000000005,-7.195541305866969,-1.6427104763810838,31.75777391682518,0.0
6.15,-6.916753919949486,-1.4987804954626478,31.39404356457893,0.0
6.155,-6.64644989429586,-1.3743983239452098,31.026129717196707,0.0
6.16,-6.383811365742987,-1.2672527200004469,30.657692494363083,0.0
6.165,-6.127281034292419,-1.1764376880506984,30.290193345704715,0.0
6.17,-5.880266188564105,-1.099951699685865,29.921991785694214,0.0
6.175,-5.642320592737179,-1.0373067534440408,29.556219131555725,0.0
6.18,-5.411077354038273,-0.9885544588806795,29.190953533837604,0.0
6.1850000000000005,-5.189393697899344,-0.9513462904418735,28.828161229911213,0.0
6.19,-4.977659289484383,-0.9253213263920724,28.469530686574807,0.0
6.195,-4.775836878039736,-0.9095477674610318,28.113120279634618,0.0
6.2,-4.5828490523917385,-0.9030584873128201,27.759065463704264,0.0
6.205,-4.397581753972638,-0.9048126454460074,27.40973483750117,0.0
6.21,-4.223029204568271,-0.9134927101896798,27.064693761300806,0.0
6.215,-4.058093139527054,-0.9277403485801055,26.72230344761409,0.0
6.22,-3.9004115499388115,-0.9477344001689731,26.38401200159715,0.0
6.2250000000000005,-3.752945170246803,-0.9742065508480726,26.051497161251028,0.0
6.23,-3.613388076322774,-1.0063823100210192,25.722560773998605,0.0
6.235,-3.482543908631463,-1.041900581085049,25.39589448281581,0.0
6.24,-3.361403219770915,-1.0817356209398672,25.07494842859202,0.0
6.245,-3.247322181489441,-1.1255603599957282,24.757681415067534,0.0
6.25,-3.1415286743233763,-1.1711454813392952,24.445821892539875,0.0
6.255,-3.043632844001838,-1.2201118272636176,24.13945821906682,0.0
6.26,-2.9524956722148357,-1.2731071619939052,23.83548126330527,0.0
6.265000000000001,-2.8685791614060796,-1.328458881650362,23.534514245133792,0.0
6.2700000000000005,-2.791005450825506,-1.3855806083029387,23.239894964675873,0.0
6.275,-2.7203328915141607,-1.4448418735662227,22.949104367890197,0.0
6.28,-2.6565562475862823,-1.5064996188746151,22.662088051199248,0.0
6.285,-2.599053239806785,-1.569160054339536,22.378796774000108,0.0
6.29,-2.547379558028981,-1.6350268665163004,22.09874809243028,0.0
6.295,-2.5012948577505054,-1.7034553752593273,21.824626926817118,0.0
6.3,-2.461716301422638,-1.7729630011339954,21.554137059631188,0.0
6.305,-2.4268170991045452,-1.8435248784654805,21.288080738828235,0.0
6.3100000000000005,-2.3984524875637367,-1.9163045268927748,21.02596126458549,0.0
6.315,-2.374508652491134,-1.991432478938975,20.768801647830795,0.0
6.32,-2.353779153426041,-2.0677617556664476,20.51442249098849,0.0
6.325,-2.339511860315724,-2.145951022480626,20.264383078720755,0.0
6.33,-2.3294864782160767,-2.2250538538448703,20.020496798882903,0.0
6.335,-2.323356674720603,-2.307359511303862,19.77932005936129,0.0
6.34,-2.3234891075100004,-2.3915510036215712,19.543454860465374,0.0
6.345,-2.327579178550072,-2.47833718786633,19.310373211660934,0.0
6.3500000000000005,-2.3354111065537086,-2.566678884281936,19.082570845119736,0.0
6.355,-2.346819305878948,-2.6579687879372647,18.85786281095894,0.0
6.36,-2.3634061493943723,-2.752800771732996,18.63630834316451,0.0
6.365,-2.38274902323748,-2.849279935758051,18.419881969950687,0.0
6.37,-2.405475729168984,-2.9488027450720553,18.208183355836333,0.0
6.375,-2.4317093786339563,-3.0517504662751653,17.999962361686563,0.0
6.38,-2.4624337071977296,-3.1593476474087527,17.79769691746288,0.0
6.385,-2.4968531838046957,-3.2689462640045615,17.599648700089777,0.0
6.390000000000001,-2.5343264267751238,-3.3822987029621556,17.404562330536688,0.0
6.3950000000000005,-2.5763590816569026,-3.499069408241697,17.215937142179897,0.0
6.4,-2.6228818723607734,-3.62077774018353,17.031440696992853,0.0
6.405,-2.6730093701230593,-3.7463803453115077,16.85052775182291,0.0
6.41,-2.726596213966673,-3.876490534100897,16.675208837944187,0.0
6.415,-2.783182794893282,-4.011696428204045,16.506017426814743,0.0
6.42,-2.8445062665179495,-4.152067416746397,16.34153925271313,0.0
6.425,-2.909513460640803,-4.296974156695473,16.183164848405582,0.0
6.43,-2.9783006117152433,-4.447948611282116,16.030680375662516,0.0
6.4350000000000005,-3.0510708351043405,-4.603699343131439,15.88385437339573,0.0
6.44,-3.1301669868204978,-4.764683458262935,15.742260085646928,0.0
6.445,-3.2119102791320353,-4.9325760416660325,15.608252069886017,0.0
6.45,-3.297751654220074,-5.1070623612378645,15.479952696150022,0.0
6.455,-3.389338609476198,-5.287571059585291,15.35767788773254,0.0
6.46,-3.4848017923102814,-5.475270245163479,15.24310974561758,0.0
6.465,-3.583844289619797,-5.67105461976171,15.136409151914586,0.0
6.47,-3.688242761306952,-5.874249207675828,15.036618320689827,0.0
6.4750000000000005,-3.7965244658787296,-6.083751142834998,14.946023148666734,0.0
6.48,-3.9112523468661293,-6.302199630642534,14.862900812655157,0.0
6.485,-4.029180854368794,-6.528244288715226,14.788548850418204,0.0
6.49,-4.153964626342351,-6.761738716061652,14.72251452637663,0.0
6.495,-4.2854096225065055,-7.003019781425201,14.667507853567615,0.0
6.5,-4.420676877665018,-7.255017557795843,14.62141562911758,0.0
6.505,-4.5628611086376605,-7.513662053481368,14.586006128668707,0.0
6.51,-4.711081613460325,-7.782016536981133,14.562843488175869,0.0
6.515000000000001,-4.865398254846485,-8.059407974932906,14.552143107973729,0.0
6.5200000000000005,-5.024620584628085,-8.346863453791382,14.552477552157411,0.0
6.525,-5.1904214713335035,-8.643245341810381,14.568225358261474,0.0
6.53,-5.363966504367214,-8.949423826027013,14.598081132660429,0.0
6.535,-5.543231444490448,-9.264584404152384,14.642992326157385,0.0
6.54,-5.730121497372372,-9.588589210242136,14.704342283992672,0.0
6.545,-5.924551216420036,-9.922907836184967,14.782284877067266,0.0
6.55,-6.125706103609453,-10.266306069409705,14.87891736445475,0.0
6.555,-6.332458396031325,-10.615461637922452,14.99449980564375,0.0
6.5600000000000005,-6.547183538700882,-10.975338600663795,15.130208380436395,0.0
6.565,-6.768938834798081,-11.342315822663506,15.288376916896917,0.0
6.57,-6.998760150731968,-11.715376679918917,15.467842705892997,0.0
6.575,-7.23385125552347,-12.094907721114577,15.670856796814656,0.0
6.58,-7.476911116072963,-12.480797827786992,15.899177549284698,0.0
6.585,-7.728253245923954,-12.87137819614684,16.154352387717346,0.0
6.59,-7.9858088934611775,-13.265451342757304,16.436444324450985,0.0
6.595,-8.250173679040174,-13.660501638798717,16.7471367909366,0.0
6.6000000000000005,-8.520602576831966,-14.055595493777801,17.088323808742143,0.0
6.605,-8.798068193073656,-14.450615400085482,17.459225180355805,0.0
6.61,-9.079194531626284,-14.84245809386582,17.862324689859577,0.0
6.615,-9.367276884722989,-15.228127674031409,18.298268401611963,0.0
6.62,-9.658891559994967,-15.607235947633507,18.76719097876022,0.0
6.625,-9.956176679664985,-15.975132851866045,19.270167886714276,0.0
6.63,-10.257814637643287,-16.329823127713297,19.808524237041453,0.0
6.635,-10.560281091136515,-16.66774485294865,20.37989951532796,0.0
6.640000000000001,-10.865923218168103,-16.987323635375382,20.987739293557382,0.0
6.6450000000000005,-11.170399680983275,-17.284305950315574,21.63041665275718,0.0
6.65,-11.475605168802383,-17.552801201507993,22.307162199520647,0.0
6.655,-11.779688894573685,-17.79266707327394,23.01704068565152,0.0
6.66,-12.081351615645726,-17.996895932146675,23.758518276190188,0.0
6.665,-12.377808065758272,-18.16301697750416,24.529232272533058,0.0
6.67,-12.666384161848901,-18.28618994533627,25.326607090610977,0.0
6.675,-12.94675309825558,-18.364844120490215,26.148201927694355,0.0
6.68,-13.218022228694755,-18.394680771944753,26.987666280921733,0.0
6.6850000000000005,-13.477112246141784,-18.368774192626447,27.843455525661536,0.0
6.69,-13.723036142180097,-18.28810785876278,28.711175531081704,0.0
6.695,-13.95176971211574,-18.147846472919344,29.582568262263848,0.0
6.7,-14.162068041586913,-17.946346122752015,30.453861363414315,0.0
6.705,-14.350832574666777,-17.682693300941665,31.31840578229414,0.0
6.71,-14.517514819729962,-17.356579085104446,32.16854277371018,0.0
6.715,-14.658967033278701,-16.967399084176712,32.998294929272035,0.0
6.72,-14.775231284422215,-16.51682446374563,33.80265038860447,0.0
6.7250000000000005,-14.861825198395966,-16.005285277891062,34.573836279795486,0.0
6.73,-14.919134043249729,-15.436057700790668,35.30174004297298,0.0
6.735,-14.945613971930197,-14.814616047980467,35.98229966026385,0.0
6.74,-14.939020791889652,-14.144813815941808,36.608688505827075,0.0
6.745,-14.897748970252877,-13.431065321891836,37.17783886019587,0.0
6.75,-14.824415143938724,-12.680366495621797,37.683004712145134,0.0
6.755,-14.717840674697419,-11.899231730848742,38.12111054734101,0.0
6.76,-14.575567731481192,-11.09552666857514,38.488801226140296,0.0
6.765000000000001,-14.402003243290292,-10.275674073811404,38.78465168436138,0.0
6.7700000000000005,-14.195294592973939,-9.44686347203093,39.007130186457275,0.0
6.775,-13.957593997830244,-8.617602510547464,39.157076397113904,0.0
6.78,-13.690599775731389,-7.795881360444232,39.236746098224145,0.0
6.785,-13.39575337136242,-6.988354990506991,39.24708086785591,0.0
6.79,-13.076572482562126,-6.199898974834928,39.1910592374816,0.0
6.795,-12.731374189831815,-5.436370303739944,39.0742686956749,0.0
6.8,-12.367248218820826,-4.703509416176575,38.897427262258034,0.0
6.805,-11.984662178684887,-4.007006412876465,38.66889013983816,0.0
6.8100000000000005,-11.58498416121042,-3.348772223147403,38.39373763345644,0.0
6.815,-11.173012674667058,-2.729771000914511,38.07634956365195,0.0
6.82,-10.751760251252014,-2.1534532194060896,37.72116613160856,0.0
6.825,-10.322267979100369,-1.619412811639739,37.334766447752365,0.0
6.83,-9.886884901802562,-1.1293227583366348,36.92076101378296,0.0
6.835,-9.450146149333834,-0.6812979395823133,36.484418569743085,0.0
6.84,-9.011376058311148,-0.27656867080146036,36.03041982365997,0.0
6.845,-8.574799237807708,0.08678897786840134,35.562597957700696,0.0
6.8500000000000005,-8.14172197254255,0.410332056214983,35.08558532634942,0.0
6.855,-7.714836518634523,0.6968198322517076,34.60221236437386,0.0
6.86,-7.293758106704468,0.9483865574982128,34.11345553503548,0.0
6.865,-6.882428526340731,1.1662322756139951,33.623576681324614,0.0
6.87,-6.480279065533285,1.3541069749655197,33.13481074197366,0.0
6.875,-6.088915582231292,1.5135149689252465,32.647839626234244,0.0
6.88,-5.709028019683595,1.6472818475978217,32.165106139355444,0.0
6.885,-5.340815476189996,1.7564481572495294,31.6901366013704,0.0
6.890000000000001,-4.986644721307099,1.8458823204406616,31.221515228284943,0.0
6.8950000000000005,-4.6452523935220915,1.9181794587104937,30.760099570786725,0.0
6.9,-4.317359236880353,1.9728799343652201,30.306085141056535,0.0
6.905,-4.001689775979093,2.013733417010199,29.858748595529217,0.0
6.91,-3.701693634082808,2.0398365883642895,29.420652629558454,0.0
6.915,-3.414646393512391,2.0565378233803404,28.990666501851184,0.0
6.92,-3.142403511197796,2.064904262367043,28.568309555217912,0.0
6.925,-2.882330210513551,2.0634851504697673,28.15695917466664,0.0
6.93,-2.6344357128889992,2.055779565257842,27.752359169186985,0.0
6.9350000000000005,-2.4008238067011822,2.040904155642961,27.35650025727165,0.0
6.94,-2.1782437642585206,2.021481125000743,26.967613987160565,0.0
6.945,-1.967116310252549,2.0007697807381555,26.586029175182922,0.0
6.95,-1.76806670592957,1.9768706503999371,26.21290046919296,0.0
6.955,-1.582151212413115,1.9514171870876553,25.845311849671678,0.0
6.96,-1.4057953839623885,1.9238620500767811,25.486011803314902,0.0
6.965,-1.2394033523426735,1.896772543773064,25.13210888202621,0.0
6.97,-1.0825190000833587,1.8706939235755204,24.784998612864506,0.0
6.9750000000000005,-0.9352720654459236,1.8427487109584304,24.443918576841714,0.0
6.98,-0.7959963354347652,1.8165713484537482,24.109121630661303,0.0
6.985,-0.6654218300113856,1.7913971950202985,23.780079264526872,0.0
6.99,-0.5410430885731484,1.7683984165743925,23.457032439822676,0.0
6.995,-0.42580490499439605,1.74727499063867,23.13920445419531,0.0
7.0,-0.3172665929278093,1.728772843634639,22.826406650608718,0.0
7.005,-0.21445502903345526,1.71158431233939,22.518968421556092,0.0
7.01,-0.11909658079969937,1.6975193553857282,22.217930100018034,0.0
7.015000000000001,-0.028695342916024366,1.6843611616556744,21.9200151525001,0.0
7.0200000000000005,0.05765700204864885,1.6760218814009968,21.627041192606608,0.0
7.025,0.1381703639319564,1.669523489063171,21.34080754068699,0.0
7.03,0.21478935712337988,1.6646711964423266,21.0584680077762,0.0
7.035,0.2871140177878811,1.6632179156362492,20.78008492495273,0.0
7.04,0.35683595573734883,1.664962646733353,20.506166481640232,0.0
7.045,0.4215220777606059,1.669743024534384,20.235042824623672,0.0
7.05,0.48390706518489063,1.6769566942625231,19.968826162898587,0.0
7.055,0.5437111531051595,1.689251436018182,19.70597683735881,0.0
7.0600000000000005,0.6008266019709327,1.7039935377413427,19.44748179057053,0.0
7.065,0.6553295899356133,1.720869239607616,19.19433568693594,0.0
7.07,0.7089935613410019,1.741916992837291,18.9431489269151,0.0
7.075,0.7604974199369959,1.7653726057869996,18.69638516164624,0.0
7.08,0.811025315033626,1.7915664682437793,18.45439540009463,0.0
7.085,0.859487790576671,1.8233391877014042,18.21458326003726,0.0
7.09,0.9063089992999273,1.8561869975078933,17.979635172213225,0.0
7.095,0.9535160187662814,1.8927257611615775,17.748595340272086,0.0
7.1000000000000005,1.0006206156797286,1.9307377469429772,17.519829684366314,0.0
7.105,1.0469085973826193,1.9738442888201004,17.29470533439173,0.0
7.11,1.0938513816517883,2.020002570530744,17.07482079092969,0.0
7.115,1.1402957193633634,2.0704012298847756,16.857230328832085,0.0
7.12,1.1868214513871322,2.123243675625991,16.64475681189922,0.0
7.125,1.2322893172899072,2.179174200913304,16.434570278891634,0.0
7.13,1.2802582028431968,2.238806634958567,16.228536294280122,0.0
7.135,1.3292101344470615,2.302009775912827,16.026617852447725,0.0
7.140000000000001,1.3779986096853056,2.369173649486045,15.828361718077947,0.0
7.1450000000000005,1.4273650352513076,2.441156484559608,15.632931810887843,0.0
7.15,1.4792159979291963,2.5171542297160596,15.441640868115424,0.0
7.155,1.5311557096916886,2.596604119299185,15.254131112316918,0.0
7.16,1.5837766171624357,2.6812380391204824,15.070099251608491,0.0
7.165,1.6379297242078927,2.769452530461638,14.891480204267499,0.0
7.17,1.6943316622475473,2.863299791422999,14.714471702013986,0.0
7.175,1.7527088728928915,2.9604046562763022,14.54375053634389,0.0
7.18,1.8137804192781601,3.062891007745031,14.375521534238423,0.0
7.1850000000000005,1.8769289273439782,3.17047257892216,14.212669509840081,0.0
7.19,1.9422571539635567,3.2841439236070977,14.05221547697651,0.0
7.195,2.0089127840386647,3.4036401248516728,13.896868036824275,0.0
7.2,2.0789435903475324,3.5280019399139158,13.74692184344471,0.0
7.205,2.1534208344121692,3.6582495606695313,13.601444257231783,0.0
7.21,2.2291525569205533,3.7951833869460194,13.45953554565686,0.0
7.215,2.3078078978890266,3.937626848130744,13.32214706627247,0.0
7.22,2.3886417335816796,4.086869696349359,13.189736950031662,0.0
7.2250000000000005,2.473063792605061,4.242199865044763,13.063835544177266,0.0
7.23,2.5607092928709254,4.405632140749647,12.942010263917728,0.0
7.235,2.65272882408386,4.576798301390666,12.826419404009231,0.0
7.24,2.749855273235434,4.755479476633,12.7156501472649,0.0
7.245,2.849130941110442,4.9410291236747925,12.611223992594287,0.0
7.25,2.954066157158616,5.1357737255038245,12.514739132815192,0.0
7.255,3.062249672076778,5.337934987714468,12.423855245032236,0.0
7.26,3.1758099192865097,5.550659535297652,12.340657458922326,0.0
7.265000000000001,3.2940965635944903,5.771686888920087,12.264816709295713,0.0
7.2700000000000005,3.416997288309224,6.001841693076851,12.196629681766563,0.0
7.275,3.545591445344829,6.241077863625021,12.136061889631264,0.0
7.28,3.6803107527833943,6.492206912819499,12.084260433283786,0.0
7.285,3.82105405893953,6.75205548673263,12.042810659186399,0.0
7.29,3.96816965728141,7.02351106451546,12.011172082541147,0.0
7.295,4.120506612335133,7.305386176280245,11.989145418773385,0.0
7.3,4.279730505388864,7.5997052621378725,11.979601871130406,0.0
7.305,4.445531016883676,7.9040972548028146,11.982134328759312,0.0
7.3100000000000005,4.618003373739079,8.220488268922923,11.997539765007035,0.0
7.315,4.7990344393653,8.54925855142638,12.027081778123632,0.0
7.32,4.986843380665003,8.88955818946141,12.071850456575252,0.0
7.325,5.18177211315842,9.243199746310895,12.131639166730311,0.0
7.33,5.385395009197506,9.609252069128864,12.208495408148135,0.0
7.335,5.597111930068502,9.986408078463334,12.30408356457096,0.0
7.34,5.816631532946364,10.375076995996347,12.419743179371407,0.0
7.345,6.045388001103911,10.776515175163121,12.556157438793008,0.0
7.3500000000000005,6.2824378039345214,11.190112410871135,12.714862109205628,0.0
7.355,6.527992502538274,11.613562582576261,12.896492627785262,0.0
7.36,6.78208631487332,12.049021459784672,13.104116801027685,0.0
7.365,7.045397478125384,12.4945913164921,13.337485093731578,0.0
7.37,7.3189291090120285,12.949099729053396,13.600360895634012,0.0
7.375,7.600238900985064,13.411656208705997,13.89309644976484,0.0
7.38,7.891151158271715,13.881859351424213,14.21841157497547,0.0
7.385,8.19126108636019,14.35616341187576,14.576293554299063,0.0
7.390000000000001,8.500387707213362,14.83496188934652,14.968226150773104,0.0
7.3950000000000005,8.81665979346296,15.314652332035822,15.399864737423757,0.0
7.4,9.1421635278487,15.793637963229454,15.86987190757817,0.0
7.405,9.474590615392254,16.268549222581044,16.381484122702556,0.0
7.41,9.814267920326744,16.738131071794598,16.933671868678147,0.0
7.415,10.160616899379432,17.197677911954838,17.52864918315851,0.0
7.42,10.511887850098828,17.644933962369056,18.168099517605743,0.0
7.425,10.869413844652875,18.073706142483854,18.85310068173989,0.0
7.43,11.230650464094648,18.4797217410058,19.584459054032,0.0
7.4350000000000005,11.59251210842333,18.860530790335496,20.361979807030096,0.0
7.44,11.956694303728202,19.206842959099454,21.183534301943588,0.0
7.445,12.318542213586829,19.518260777002386,22.04970626545436,0.0
7.45,12.678507981325202,19.787984728952658,22.958551199262853,0.0
7.455,13.032705079247565,20.00778898057144,23.906439379108967,0.0
7.46,13.38119088387138,20.175252618085022,24.890278043796528,0.0
7.465,13.7216401037504,20.281096671917155,25.909188027597118,0.0
7.47,14.049035469174685,20.322701350772356,26.954425411531776,0.0
7.4750000000000005,14.362463144746306,20.293796469860517,28.024599824038496,0.0
7.48,14.658599345372153,20.19110181360802,29.10859030854538,0.0
7.485,14.937114023532068,20.009304184445085,30.201203808573005,0.0
7.49,15.189765938531185,19.744212480232328,31.293099001596293,0.0
7.495,15.418175396487847,19.39601973660411,32.37523204450102,0.0
7.5,15.616793036628554,18.96151622686501,33.43902725455778,0.0
7.505,15.784085109229228,18.442114581152616,34.47340792168014,0.0
7.51,15.916406717482669,17.83939077175144,35.46987547931852,0.0
7.515000000000001,16.011943410056745,17.155584617997707,36.416008105100666,0.0
7.5200000000000005,16.06947035714392,16.396735074574732,37.303059997758176,0.0
7.525,16.085463935034774,15.56810665712102,38.123028682270515,0.0
7.53,16.059465315378354,14.676929307324288,38.868011913151925,0.0
7.535,15.98971076126632,13.730995683637268,39.52868546790697,0.0
7.54,15.876935128671748,12.739713767541366,40.09848486818158,0.0
7.545,15.719549927258964,11.715725268235104,40.575179819270794,0.0
7.55,15.518041571363607,10.669258558705812,40.95667136415662,0.0
7.555,15.276048637177663,9.611127346428567,41.23876587985591,0.0
7.5600000000000005,14.992497835472292,8.552128473073493,41.42314317920458,0.0
7.565,14.670074108096522,7.503305324620524,41.510781311891556,0.0
7.57,14.312604811164844,6.475877171381438,41.507759121600536,0.0
7.575,13.920486929718239,5.476843810081178,41.417717065118985,0.0
7.58,13.498623120843138,4.515063204154647,41.24572314842116,0.0
7.585,13.048684957980276,3.5986286664995504,41.00027034067264,0.0
7.59,12.577663121914771,2.7324401182205302,40.68852080712207,0.0
7.595,12.085522327612972,1.9194086656183313,40.31759308726649,0.0
7.6000000000000005,11.57708854163551,1.1651731820710762,39.895863752307996,0.0
7.605,11.05722953285955,0.47080594750230864,39.43149480693252,0.0
7.61,10.527747876640518,-0.16377236865170341,38.93253526553588,0.0
7.615,9.99320890458906,-0.7400060863703112,38.4061098399242,0.0
7.62,9.458533946194855,-1.2555415362061404,37.856368842678094,0.0
7.625,8.922424285847915,-1.7150784577276716,37.292791343285685,0.0
7.63,8.389331382074602,-2.1206024676894626,36.71896799780037,0.0
7.635,7.862790644489974,-2.4757009516597592,36.14169735942281,0.0
7.640000000000001,7.3459190565372845,-2.7837800427071397,35.562856925794875,0.0
7.6450000000000005,6.839543705800274,-3.0478837204016327,34.98581393650337,0.0
7.65,6.345270732017059,-3.271222608600282,34.4159101179897,0.0
7.655,5.864247194213627,-3.4591732162238285,33.85232624461125,0.0
7.66,5.397805291023728,-3.613845846695204,33.298798951580494,0.0
7.665,4.94693660897001,-3.7390241834033584,32.75707234483814,0.0
7.67,4.513265997662389,-3.838681445873975,32.22811169460781,0.0
7.675,4.094947516036883,-3.913805969470593,31.710842951475524,0.0
7.68,3.695360731212447,-3.970340521819463,31.20898082864006,0.0
7.6850000000000005,3.311557975039295,-4.010053805581905,30.719151501983326,0.0
7.69,2.946382905397732,-4.036366648781345,30.242052878039463,0.0
7.695,2.597904232252238,-4.0501353674171465,29.7799056555836,0.0
7.7,2.2654438481894577,-4.053072307736614,29.33068076213021,0.0
7.705,1.9492281847882769,-4.047824290686149,28.893208721553222,0.0
7.71,1.6512354879540758,-4.036669170015663,28.469262683752437,0.0
7.715,1.367690332682106,-4.020558572128819,28.056014467737132,0.0
7.72,1.097785592224152,-4.002171173905734,27.65509250829876,0.0
7.7250000000000005,0.8426250429378622,-3.980530919019383,27.262991247159604,0.0
7.73,0.6006476112364982,-3.9568036214669995,26.881355539494425,0.0
7.735,0.3720788776840103,-3.9332217094618454,26.510549868494763,0.0
7.74,0.15561283932232017,-3.911574807083625,26.149535949015487,0.0
7.745,-0.047394298641793425,-3.890943616916003,25.798137611621947,0.0
7.75,-0.23828680447589953,-3.872111418304177,25.454351075577975,0.0
7.755,-0.42142892569563944,-3.856547884308976,25.12066766125392,0.0
7.76,-0.592748946037921,-3.842926146761979,24.794955504072778,0.0
7.765000000000001,-0.7558964814540594,-3.8319517754278984,24.47680273779851,0.0
7.7700000000000005,-0.9107698992757605,-3.826910154763859,24.16496858333834,0.0
7.775,-1.0573003075499283,-3.826113914184813,23.859517903605745,0.0
7.78,-1.1951801295929914,-3.8292798618676422,23.562247336291147,0.0
7.785,-1.3260379626452727,-3.8365706355257503,23.269449754350823,0.0
7.79,-1.4520118334751133,-3.8483622728736564,22.984357568623167,0.0
7.795,-1.5717247109560133,-3.8648150793189684,22.70696616057203,0.0
7.8,-1.6872146342183825,-3.8868133793115835,22.434718977991885,0.0
7.805000000000001,-1.7974126076797414,-3.9137121530282015,22.167813028493114,0.0
7.8100000000000005,-1.902878566399868,-3.9468486767581084,21.90738761139817,0.0
7.815,-2.004648953774129,-3.9854704755630963,21.652993389324983,0.0
7.82,-2.102676225550352,-4.0289183868729825,21.40577314322718,0.0
7.825,-2.1978790648714073,-4.078064811740164,21.163208835664083,0.0
7.83,-2.2919529703623915,-4.132578559679586,20.925461709512412,0.0
7.835,-2.3834846718493665,-4.192987654754018,20.6948182959205,0.0
7.84,-2.475390279085226,-4.2583724790568365,20.468108533318784,0.0
7.845,-2.5643163292694195,-4.3286123732287125,20.24919928833536,0.0
7.8500000000000005,-2.652766885427144,-4.406079372797448,20.032749946000564,0.0
7.855,-2.740200901758334,-4.489507842792338,19.823723524389745,0.0
7.86,-2.8268304938628144,-4.57822304130412,19.621365892043066,0.0
7.865,-2.91529965000237,-4.673624768158744,19.42417222247493,0.0
7.87,-3.0039833621045466,-4.7774285683238205,19.232702942427878,0.0
7.875,-3.091873825540869,-4.884849783930577,19.048215379701457,0.0
7.88,-3.1822248983536947,-5.000039963524192,18.869794605211872,0.0
7.885,-3.273269485136838,-5.1196633645985195,18.697854975041285,0.0
7.890000000000001,-3.3654684700993105,-5.246788559984812,18.53206519405927,0.0
7.8950000000000005,-3.460373839011374,-5.380333182500082,18.37228018359125,0.0
7.9,-3.5563486279973686,-5.519885582996223,18.21991590386597,0.0
7.905,-3.6535966898088286,-5.666228303765857,18.073728934978377,0.0
7.91,-3.753780244945019,-5.819847101820106,17.936428460964983,0.0
7.915,-3.8580928959798437,-5.980166965539841,17.80689245198253,0.0
7.92,-3.9627818944882716,-6.146747944723648,17.684068926809786,0.0
7.925,-4.073068613960537,-6.32049165959786,17.569302892454342,0.0
7.930000000000001,-4.184352011840285,-6.501247455463189,17.464818584343725,0.0
7.9350000000000005,-4.298772130970586,-6.689864055321662,17.368302549518692,0.0
7.94,-4.418493624309016,-6.885027409787855,17.279941625787362,0.0
7.945,-4.5421668612861215,-7.0873001695323845,17.200295822277702,0.0
7.95,-4.668329584436237,-7.298058600576166,17.13153447591929,0.0
7.955,-4.799369126395158,-7.51562178033097,17.072365962931993,-0.0
7.96,-4.935234558730336,-7.739422871846533,17.023964961303708,-0.0
7.965,-5.075225489385369,-7.971212095321979,16.988067978901707,-0.0
7.97,-5.219393192629164,-8.211579166887653,16.9638498209703,-0.0
7.9750000000000005,-5.370777158140854,-8.459031661883111,16.95181791601767,-0.0
7.98,-5.524596208235229,-8.713299803675183,16.952057109785798,-0.0
7.985,-5.684035997580849,-8.973233632817896,16.966454479843794,-0.0
7.99,-5.847356295689232,-9.240828030665956,16.99471176185554,-0.0
7.995,-6.017582424846693,-9.516514777489958,17.037470638092763,-0.0
8.0,-6.19233110304245,-9.797760934066437,17.096468159988465,-0.0
8.005,-6.37161232957369,-10.085889774949557,17.172192993164963,-0.0
8.01,-6.5571936852496115,-10.380104620742893,17.263952713087903,-0.0
8.015,-6.748976723778693,-10.680748367138523,17.373644973413597,-0.0
8.02,-6.943919017017885,-10.986141956765465,17.502299392490773,-0.0
8.025,-7.14721149173356,-11.295975590753834,17.64999208029976,-0.0
8.03,-7.353598277029684,-11.609796893482761,17.81851515231329,-0.0
8.035,-7.565824837186281,-11.92608720347301,18.008243262795514,-0.0
8.040000000000001,-7.783458629526153,-12.24365949383224,18.219686028188107,-0.0
8.045,-8.007234058780819,-12.562332775834632,18.453705405273134,-0.0
8.05,-8.235899851191087,-12.88160146453718,18.71062721255905,-0.0
8.055,-8.468742390952315,-13.199440352537477,18.991866704948546,-0.0
8.06,-8.704770753322183,-13.5144300619192,19.297185042320027,-0.0
8.065,-8.944391410344734,-13.82504895691489,19.627222302920334,-0.0
8.07,-9.189337859385475,-14.130957905739692,19.984120033395516,-0.0
8.075,-9.437160805220769,-14.429712846913532,20.367170992012795,-0.0
8.08,-9.686917705868522,-14.717846784715016,20.77673496130908,-0.0
8.085,-9.938462016210918,-14.99471693622166,21.21293137326339,-0.0
8.09,-10.190884661064334,-15.256752352253988,21.67593913895355,-0.0
8.095,-10.44441166390095,-15.503532831817608,22.16550815766879,-0.0
8.1,-10.697645369270703,-15.731461501024611,22.680600269546275,-0.0
8.105,-10.94842776062235,-15.938240598234371,23.218937076753342,-0.0
8.11,-11.196577546493526,-16.12047490929685,23.781370147877826,-0.0
8.115,-11.442431297352062,-16.275341186156265,24.36688465321734,-0.0
8.120000000000001,-11.683630212031717,-16.402551288030967,24.97340362709801,-0.0
8.125,-11.918596417641373,-16.49796318414535,25.59889655633262,-0.0
8.13,-12.147664130296679,-16.558748914583116,26.24100174578739,-0.0
8.135,-12.366906209745018,-16.583030667194272,26.89792076573254,-0.0
8.14,-12.577737611419838,-16.568424318084976,27.563431212833326,-0.0
8.145,-12.776139315041116,-16.512692188970902,28.238187702114338,-0.0
8.15,-12.963198109448939,-16.414480864216184,28.91596522868153,-0.0
8.155,-13.134746663793608,-16.27336092024663,29.59381154664014,-0.0
8.16,-13.293141136555379,-16.08738884845511,30.268555590742235,-0.0
8.165000000000001,-13.432704957029822,-15.856615055100441,30.934048526205057,-0.0
8.17,-13.554274515428478,-15.579503632520199,31.58807897755015,-0.0
8.175,-13.65557418723679,-15.258566312280005,32.22280221058333,-0.0
8.18,-13.73667655559759,-14.894557642219757,32.83508573087602,-0.0
8.185,-13.794486921328824,-14.486873825204743,33.420129259586076,-0.0
8.19,-13.829151063970714,-14.040537585188462,33.9742540330927,-0.0
8.195,-13.839021020869911,-13.55794452721546,34.49257280217046,-0.0
8.2,-13.824840132554689,-13.040998619463432,34.971159748216785,-0.0
8.205,-13.78547960459186,-12.495497172610005,35.4066123880135,-0.0
8.21,-13.721689761458098,-11.92230689466523,35.79472413736773,-0.0
8.215,-13.63156303265961,-11.327296707026328,36.134723787236936,-0.0
8.22,-13.51616730852192,-10.717177521123224,36.42374589384137,-0.0
8.225,-13.377142676391664,-10.093552408786035,36.66126760614367,-0.0
8.23,-13.212708873423184,-9.463282541533383,36.84738006059811,-0.0
8.235,-13.025546070193087,-8.831129812248374,36.98117385747972,-0.0
8.24,-12.815713955212614,-8.20345994187768,37.06311000870176,-0.0
8.245000000000001,-12.585202947222749,-7.58212911293588,37.09379281025983,-0.0
8.25,-12.334809845623713,-6.971557802145478,37.07588957384681,-0.0
8.255,-12.06829905248609,-6.3768273828465425,37.010174590979425,-0.0
8.26,-11.7839175685533,-5.8016632997878785,36.90071179839327,-0.0
8.265,-11.485082646605619,-5.249078782316424,36.75067444562153,-0.0
8.27,-11.172655041205301,-4.720755092081724,36.56092473259495,-0.0
8.275,-10.85027349373035,-4.21817687657708,36.33725624267764,-0.0
8.28,-10.518387459529547,-3.7449075543250325,36.080668479372044,-0.0
8.285,-10.17882325873154,-3.301279068433028,35.79565725191325,-0.0
8.290000000000001,-9.833464755802583,-2.8879100197894028,35.48709602535894,-0.0
8.295,-9.486890508702185,-2.5057538101047214,35.15657304831631,-0.0
8.3,-9.138358742794507,-2.1537984763079727,34.80600400848652,-0.0
8.305,-8.788637145172306,-1.8311967602444785,34.43998299817167,-0.0
8.31,-8.441579584139506,-1.5386046648265423,34.06056367453193,-0.0
8.315,-8.09629851713149,-1.2756479144218713,33.67185786252484,-0.0
8.32,-7.755113289301678,-1.0392131504398117,33.27510384573845,-0.0
8.325,-7.418698833751416,-0.8286147331477661,32.87103432587342,-0.0
8.33,-7.089508584807063,-0.6437869390829287,32.46425159384018,-0.0
8.335,-6.766275895761666,-0.4827559650992461,32.05492709570923,-0.0
8.34,-6.4512591173116665,-0.34378028243859615,31.6442007457739,-0.0
8.345,-6.145848072662025,-0.22404030477145265,31.233423571534576,-0.0
8.35,-5.850065616308659,-0.1219142462757672,30.82350094329997,-0.0
8.355,-5.563610606994473,-0.03951391178654366,30.41613105909882,-0.0
8.36,-5.287018970669257,0.027761639140224087,30.010752256235257,-0.0
8.365,-5.021255813620293,0.07993004505615128,29.610380058720764,-0.0
8.370000000000001,-4.767202906861689,0.11941365813839211,29.213759456978284,-0.0
8.375,-4.523365919136768,0.14763996898215032,28.82205382502972,-0.0
8.38,-4.290128203370174,0.16612295034918198,28.434462444978934,-0.0
8.385,-4.067911376446421,0.17392117854744293,28.05108977999096,-0.0
8.39,-3.855564277399948,0.17320440029404416,27.672613514345453,-0.0
8.395,-3.6537424202669424,0.16550336518825556,27.299291963479888,-0.0
8.4,-3.462220804073079,0.15223293349004538,26.930969685304643,-0.0
8.405,-3.28128700041674,0.13266440879011732,26.569241366480362,-0.0
8.41,-3.110637972231754,0.10856196879419841,26.212530219845135,-0.0
8.415000000000001,-2.9505511240172733,0.08129386438598374,25.860862260549084,-0.0
8.42,-2.799250109310234,0.04912901204056566,25.514371354111717,-0.0
8.425,-2.6561424114728425,0.012998965342572437,25.173477629889067,-0.0
8.43,-2.522457104267252,-0.02473759969227083,24.836939378114806,-0.0
8.435,-2.3979494276868323,-0.06472687882382827,24.506392122716317,-0.0
8.44,-2.2803582299969976,-0.10625826419249035,24.180324832182787,-0.0
8.445,-2.1718585344192163,-0.14991768387861076,23.859910849422473,-0.0
8.45,-2.0708054165257956,-0.19525494240365893,23.54294714535933,-0.0
8.455,-1.9778225975891388,-0.2400553662527495,23.23047187900799,-0.0
8.46,-1.8914014694655379,-0.2856861581375669,22.92250656512606,-0.0
8.465,-1.810849422263642,-0.3321251070469716,22.619347272489808,-0.0
8.47,-1.7373831976435627,-0.3796345055557726,22.321696340539823,-0.0
8.475,-1.6706164524489033,-0.4274442882578285,22.02739669615511,-0.0
8.48,-1.6078894642257735,-0.474161945611688,21.736563712631387,-0.0
8.485,-1.549800940810425,-0.5214407962571254,21.450176608787963,-0.0
8.49,-1.4979915732508107,-0.5687946222047123,21.1680723139543,-0.0
8.495000000000001,-1.4516747472385072,-0.6177667154096946,20.890821931215662,-0.0
8.5,-1.408677001828107,-0.6668399883811081,20.617628539336998,-0.0
8.505,-1.3710679361151699,-0.7160832730797089,20.346537210873084,-0.0
8.51,-1.3383711959232818,-0.7661576706102063,20.081020254505933,-0.0
8.515,-1.3095499511286428,-0.8148426675235466,19.81758522192331,-0.0
8.52,-1.2851301475138726,-0.8642959022380438,19.55908327381404,-0.0
8.525,-1.2630509179070635,-0.9140921572104255,19.303567044004588,-0.0
8.53,-1.2448524341946392,-0.9645114898930731,19.052122576453705,-0.0
8.535,-1.2302156268206117,-1.0150904565317553,18.804510205608914,-0.0
8.540000000000001,-1.220050453745348,-1.0659669733582453,18.55965977597736,-0.0
8.545,-1.2142263574314898,-1.1171075043625185,18.319152213561708,-0.0
8.55,-1.2092416842833829,-1.1701770733136962,18.081722796898642,-0.0
8.555,-1.2060401277239245,-1.224398213743937,17.84839111172817,-0.0
8.56,-1.2057515073041354,-1.280805252507977,17.617361296307305,-0.0
8.565,-1.2095128797426522,-1.3376023655748062,17.388924679736586,-0.0
8.57,-1.2161943294902997,-1.3944787893421635,17.165699669913387,-0.0
8.575000000000001,-1.2253112243447228,-1.453680968479623,16.945489067682313,-0.0
8.58,-1.237430766715432,-1.513167319546538,16.72764004549001,-0.0
8.585,-1.2516166722779245,-1.57586812166804,16.512859315452474,-0.0
8.59,-1.2664837902725963,-1.6400329340640054,16.303291824155163,-0.0
8.595,-1.284398239585401,-1.705504067445194,16.096706464479958,-0.0
8.6,-1.305657635616206,-1.773653340718745,15.892717607462995,-0.0
8.605,-1.3287938063497255,-1.842878299289893,15.692705073631153,-0.0
8.61,-1.3548529248958994,-1.91453495393664,15.495069005419051,-0.0
8.615,-1.3835164333585555,-1.9895573131456223,15.302569543277414,-0.0
8.620000000000001,-1.413257307132551,-2.0683074439680778,15.111064277393384,-0.0
8.625,-1.4443257879473628,-2.147654224514962,14.924393445438767,-0.0
8.63,-1.479402048118818,-2.2316441973800045,14.741626005519382,-0.0
8.635,-1.5164955294502815,-2.3179744651615453,14.560847231236426,-0.0
8.64,-1.557099056747078,-2.4083826874942345,14.384096247541985,-0.0
8.645,-1.5986942183159611,-2.502156778357234,14.210677513706985,-0.0
8.65,-1.642971092413176,-2.599442978193222,14.040437131651267,-0.0
8.655,-1.6919801772381287,-2.7016825835067984,13.87378339419936,-0.0
8.66,-1.742190743527314,-2.8074591479007185,13.712198207955424,-0.0
8.665000000000001,-1.795035600417436,-2.917745601099445,13.553728663549421,-0.0
8.67,-1.8506104789853284,-3.0321879683659625,13.398513566760935,-0.0
8.675,-1.9107213063908752,-3.1528172055382044,13.248370252879191,-0.0
8.68,-1.975234617277509,-3.2790344777776332,13.102269154907024,-0.0
8.685,-2.0398840159387164,-3.4089397140251263,12.961483145898473,-0.0
8.69,-2.1087631854347877,-3.5447308248303027,12.824152734978485,-0.0
8.695,-2.1802802517837647,-3.6870636777519876,12.690692943901185,-0.0
8.700000000000001,-2.2541858992348414,-3.836416553393593,12.560585718000462,-0.0
8.705,-2.3321724641679005,-3.991721215947556,12.436379318677805,-0.0
8.71,-2.415454091350458,-4.154485523775675,12.31755234616478,-0.0
8.715,-2.5041409475838807,-4.322695512909515,12.203587344289023,-0.0
8.72,-2.594392235085613,-4.498760530713944,12.094775654191421,-0.0
8.725,-2.689063894531078,-4.681563536853749,11.993062987076806,-0.0
8.73,-2.788229752559716,-4.874910452071948,11.895852198386178,-0.0
8.735,-2.892494420701971,-5.07487343525414,11.806122703511514,-0.0
8.74,-3.0020310268311605,-5.284280301447718,11.721261391935206,-0.0
8.745000000000001,-3.114583188842061,-5.501708974893846,11.644706608053696,-0.0
8.75,-3.234718368517006,-5.729535516620293,11.575066141654561,-0.0
8.755,-3.3605796702905457,-5.966479308416947,11.51250532688286,-0.0
8.76,-3.4910113449533906,-6.212273158629094,11.460021690236978,-0.0
8.765,-3.6258813056609895,-6.469774097506344,11.415448482332863,-0.0
8.77,-3.767669447517276,-6.738860184187011,11.379984208473534,-0.0
8.775,-3.9162618135099914,-7.018408268349364,11.355247933353832,-0.0
8.78,-4.071341178837274,-7.309598305331362,11.340873757209074,-0.0
8.785,-4.233175049722134,-7.614088699875274,11.338620513879135,-0.0
8.790000000000001,-4.40161925745398,-7.9297560850276,11.34879483897308,-0.0
8.795,-4.578100927283915,-8.257047372160317,11.372302314437716,-0.0
8.8,-4.761997574360192,-8.596681017677305,11.409124710813854,-0.0
8.805,-4.954529488353008,-8.94726631572872,11.460574223007775,-0.0
8.81,-5.153505323353649,-9.312239269010472,11.529292725484998,-0.0
8.815,-5.361148712584306,-9.6909547726172,11.61417895766644,-0.0
8.82,-5.5771163570465365,-10.082258153528365,11.71846075251757,-0.0
8.825000000000001,-5.8032607680831045,-10.48550493896601,11.843824368883105,-0.0
8.83,-6.03801583774605,-10.901899276996893,11.990128946907088,-0.0
8.835,-6.280930199626379,-11.329901822834273,12.158482722184232,-0.0
8.84,-6.532721277379684,-11.770658823419353,12.351886451871257,-0.0
8.845,-6.793830248120071,-12.222964490837548,12.571853242029782,-0.0
8.85,-7.065920443437988,-12.685296596630844,12.818541922072967,-0.0
8.855,-7.347376688025696,-13.158221096468129,13.094890048030905,-0.0
8.86,-7.638719724217486,-13.63989828749876,13.403595852635803,-0.0
8.865,-7.937960292794254,-14.130383463191666,13.744732617496203,-0.0
8.870000000000001,-8.2478309231667,-14.624900865907737,14.122511834193027,-0.0
8.875,-8.567661256183909,-15.124481065124,14.53785664129537,-0.0
8.88,-8.895317364710353,-15.626421941683258,14.991453517778769,-0.0
8.885,-9.23196225998844,-16.128012602569342,15.48600063731243,-0.0
8.89,-9.576120565141593,-16.624946756024652,16.024112832150443,-0.0
8.895,-9.928208097076636,-17.11550001319332,16.605886203510927,-0.0
8.9,-10.287557565358203,-17.595678892462725,17.233392936801607,-0.0
8.905,-10.653045463348276,-18.061914356656047,17.910184230438247,-0.0
8.91,-11.023127975693937,-18.507901974591196,18.632937126829553,-0.0
8.915000000000001,-11.398340359035734,-18.930746494490243,19.404981829359727,-0.0
8.92,-11.774613724998941,-19.325542303071547,20.22490794234445,-0.0
8.925,-12.151055781206326,-19.687173720966832,21.09311151836796,-0.0
8.93,-12.527719562164426,-20.00961928183269,22.007062128322094,-0.0
8.935,-12.901733755820178,-20.28442277830924,22.96749898535095,-0.0
8.94,-13.2715901015809,-20.507427791105773,23.969490757754496,-0.0
8.945,-13.634703807038212,-20.67289191785084,25.01143644593411,-0.0
8.950000000000001,-13.986600619970858,-20.77293910868336,26.087875691872924,-0.0
8.955,-14.32661573363671,-20.80295715210332,27.19150747937343,-0.0
8.96,-14.650443617436451,-20.757082816264667,28.31937848901622,-0.0
8.965,-14.955423504938512,-20.63068989778708,29.46277721987956,-0.0
8.97,-15.240841738756517,-20.418647880645576,30.61329255336601,-0.0
8.975,-15.500707113133721,-20.117594553648694,31.759595891158302,-0.0
8.98,-15.731975337208194,-19.72606820130157,32.89555854310325,-0.0
8.985,-15.932781714306682,-19.24089847838733,34.00761628156065,-0.0
8.99,-16.099136221130557,-18.665864363659217,35.08683700483884,-0.0
8.995000000000001,-16.227797858710275,-18.001834499987044,36.1218472992734,-0.0
9.0,-16.317381451206014,-17.252444239907973,37.102097997188885,-0.0
9.005,-16.363608297348428,-16.423992571383526,38.014985022146455,-0.0
9.01,-16.366745883504848,-15.521397708953225,38.85277426822354,-0.0
9.015,-16.324717818218826,-14.556292312551614,39.604522593609914,-0.0
9.02,-16.23634046140321,-13.5363020993734,40.264211481641766,-0.0
9.025,-16.100531370342477,-12.473126065650458,40.8255192364391,-0.0
9.03,-15.919999677759257,-11.379102921313144,41.285459039493674,-0.0
9.035,-15.694238788615273,-10.264227213132463,41.64125200098506,-0.0
9.040000000000001,-15.422479504734824,-9.143140584394105,41.89129346792742,-0.0
9.045,-15.10932617530756,-8.026591150059554,42.03783589263747,-0.0
9.05,-14.75559334549045,-6.927975593454191,42.08356339588811,-0.0
9.055,-14.365082350511795,-5.8538278925913705,42.033286911694034,-0.0
9.06,-13.939655576344316,-4.816292441184577,41.892391250801566,-0.0
9.065,-13.483246486498201,-3.822974840103758,41.67037646813367,-0.0
9.07,-13.000252163743102,-2.8827455702651523,41.37277258182618,-0.0
9.075000000000001,-12.49368975313068,-1.9991454625987823,41.00837279053362,-0.0
9.08,-11.969191617670312,-1.1768499119242906,40.58586660150998,-0.0
9.085,-11.429163359980295,-0.4179696648612924,40.114603070204254,-0.0
9.09,-10.878663316387186,0.27702814566893863,39.60302603078007,-0.0
9.095,-10.320196167734856,0.9059302368116782,39.06039375004901,-0.0
9.1,-9.758460495295175,1.4728033901672875,38.494036107168895,-0.0
9.105,-9.196304666647922,1.978669053054351,37.90864098449006,-0.0
9.11,-8.637711690865043,2.424923873891353,37.312458178991264,-0.0
9.115,-8.085785427654448,2.814226770299361,36.71006448449092,-0.0
9.120000000000001,-7.541186636470327,3.152333807717439,36.10645533485714,-0.0
9.125,-7.006897020987929,3.4421574693703914,35.506704123448564,-0.0
9.13,-6.486076708089824,3.6885303692657336,34.91105458484388,-0.0
9.135,-5.976453261158735,3.893743958891639,34.324806379860135,-0.0
9.14,-5.482044213660403,4.0622420230524625,33.75172959219408,-0.0
9.145,-5.004621022135992,4.200882008425131,33.18918161569767,-0.0
9.15,-4.544124010533202,4.309279297239781,32.64098967774634,-0.0
9.155,-4.102025477964844,4.393272319557881,32.10788996427709,-0.0
9.16,-3.6768699979998245,4.4550374467359415,31.588254396228454,-0.0
9.165000000000001,-3.2685214370389173,4.4991580956851545,31.085023711247217,-0.0
9.17,-2.880622487120144,4.5268754012921,30.597200387695167,-0.0
9.175,-2.5107424890895977,4.541070098082619,30.123486658309627,-0.0
9.18,-2.157595903872081,4.545194083155073,29.664807988012544,-0.0
9.185,-1.8227303133911803,4.540833047410458,29.221054511626505,-0.0
9.19,-1.5050860447969658,4.529663757308538,28.789523923495754,-0.0
9.195,-1.2037546897595648,4.5126476512498535,28.371172809460408,-0.0
9.200000000000001,-0.9185424220536625,4.4944676330137705,27.96611656634843,-0.0
9.205,-0.6478072115172382,4.472927165183671,27.573021641971167,-0.0
9.21,-0.39265866126474264,4.449917644676258,27.190494726935686,-0.0
9.215,-0.1511677582101541,4.426331910325722,26.818210591361073,-0.0
9.22,0.07760498931361998,4.402877283361257,26.457612425056883,-0.0
9.225,0.2935173523340855,4.381223115333512,26.105615043925894,-0.0
9.23,0.49960223197048664,4.3626887160650965,25.762855492349352,-0.0
9.235,0.6922773812007825,4.345354042328448,25.43076998854629,-0.0
9.24,0.8747110374955229,4.332407774506189,25.108432809217806,-0.0
9.245000000000001,1.0483371400673314,4.3234515858758575,24.790903128122075,-0.0
9.25,1.2108170640360956,4.31781221403852,24.482465458254737,-0.0
9.255,1.366288224096064,4.31796567422542,24.182012179893793,-0.0
9.26,1.5132038039977032,4.321056081981575,23.888802813085,-0.0
9.265,1.6540652630720558,4.330584966958212,23.603850016959523,-0.0
9.27,1.7877939120634805,4.345635006630311,23.324962605782396,-0.0
9.275,1.9156922355995822,4.366133466388976,23.053583516716547,-0.0
9.28,2.038255156259172,4.391017942184421,22.78636271428691,-0.0
9.285,2.1552426998925567,4.421695620626908,22.526253320142427,-0.0
9.290000000000001,2.2688463104478966,4.458063441404913,22.27343408474217,-0.0
9.295,2.378604966657063,4.501673158809418,22.02680395225582,-0.0
9.3,2.4840908641064763,4.550770519753308,21.786127781496532,-0.0
9.305,2.5876244570835274,4.605408948820524,21.551635045081017,-0.0
9.31,2.688769853806281,4.667312204417807,21.322524715069022,-0.0
9.315,2.7873842254406926,4.733203812903459,21.100878002011775,-0.0
9.32,2.8841493202585933,4.805372756080763,20.886324999915153,-0.0
9.325000000000001,2.980268304647044,4.883877894369719,20.67673906684546,-0.0
9.33,3.0737991101502424,4.967346786392002,20.47446718374197,-0.0
9.335,3.1678979038626327,5.058493033781159,20.27760595598857,-0.0
9.34,3.260894868578253,5.154532378067512,20.087694658030806,-0.0
9.345,3.3558698849364674,5.258004991299134,19.90401318381668,-0.0
9.35,3.450434933598655,5.366252976398333,19.72785609938943,-0.0
9.355,3.5463964117063367,5.482848045767139,19.55727422813807,-0.0
9.36,3.6432538419888365,5.606256141965272,19.39321420786387,-0.0
9.365,3.7419487168071206,5.735289374056593,19.238802342335294,-0.0
9.370000000000001,3.8421388583025955,5.869277410332282,19.08985365829044,-0.0
9.375,3.9431353280863997,6.011053728819797,18.9481747254909,-0.0
9.38,4.045056404930552,6.159500101665589,18.813151284856758,-0.0
9.385,4.1513248740171305,6.314476632292485,18.687380405845154,-0.0
9.39,4.259388847783065,6.476532321030518,18.56873902980642,-0.0
9.395,4.3712048597775945,6.644395518565898,18.45965856293168,-0.0
9.4,4.485713919504166,6.8200332047885,18.358312601020938,-0.0
9.405,4.600811225199751,7.002088626423115,18.267804996241573,-0.0
9.41,4.719668051932598,7.191163727397507,18.18544572364586,-0.0
9.415000000000001,4.844113855654274,7.38647023868338,18.113155424430367,-0.0
9.42,4.9712866631143315,7.589573756271219,18.05015021878671,-0.0
9.425,5.102481642688362,7.798532764276395,17.99753522789072,-0.0
9.43,5.237606994264979,8.015582343450419,17.956937218580265,-0.0
9.435,5.376415681608675,8.238593738057341,17.927317077859467,-0.0
9.44,5.519942751392474,8.468613066925172,17.909959425778787,-0.0
9.445,5.667203332668367,8.704969301063308,17.904457685165948,-0.0
9.450000000000001,5.818564998870647,8.946461013137924,17.91200885702081,-0.0
9.455,5.975653980720742,9.195170654005812,17.933225920484198,-0.0
9.46,6.136282299127243,9.450658165389326,17.96764912642977,-0.0
9.465,6.301931306529214,9.710868380398475,18.01786849222483,-0.0
9.47,6.47253448935148,9.976578003209863,18.083036629732042,-0.0
9.475,6.647655523921084,10.248087542539325,18.164450237392426,-0.0
9.48,6.8284762721802945,10.524435004831284,18.262589841040548,-0.0
9.485,7.013728778376176,10.804961393989968,18.377763283917012,-0.0
9.49,7.203974109094546,11.087230460766543,18.51125036829239,-0.0
9.495000000000001,7.398470588946478,11.374376671437153,18.66338024317091,-0.0
9.5,7.596879337070439,11.662982984348933,18.835144730997193,-0.0
9.505,7.799802277368933,11.952391160748087,19.02728515338785,-0.0
9.51,8.007877715226947,12.242367819268823,19.239743926355,-0.0
9.515,8.218447584413099,12.531409117153496,19.472941048864367,-0.0
9.52,8.434555740147154,12.818689025693848,19.727990625101047,-0.0
9.525,8.653135013036577,13.10355775783744,20.005459163400058,-0.0
9.53,8.875808894921963,13.383021023005794,20.305396637085956,-0.0
9.535,9.100986901569923,13.657612117155084,20.627383684917877,-0.0
9.540000000000001,9.328364899753966,13.925703909323193,20.974546828391983,-0.0
9.545,9.558662725688936,14.183511545742334,21.345195858264127,-0.0
9.55,9.788823454228014,14.430006482199865,21.7390817407838,-0.0
9.555,10.020044359683407,14.66265808204184,22.15456153207529,-0.0
9.56,10.253242805184534,14.882312588504004,22.59398488309892,-0.0
9.565,10.484172488729438,15.083888172840783,23.055823533956367,-0.0
9.57,10.713283329259065,15.268155786744574,23.53950050430737,-0.0
9.575000000000001,10.940827534452854,15.429277464708987,24.043851871721017,-0.0
9.58,11.165282463478546,15.568930002467265,24.567408176160907,-0.0
9.585,11.384456996114304,15.68249644896826,25.108720780737816,-0.0
9.59,11.59911242175821,15.767929144202238,25.666189149774087,-0.0
9.595,11.808282949954918,15.82426676208724,26.238364850344478,-0.0
9.6,12.009272086753697,15.849713476566507,26.823232193027273,-0.0
9.605,12.20059814833092,15.842473466469855,27.416179736775085,-0.0
9.61,12.382319299874178,15.79942596267578,28.016827101710835,-0.0
9.615,12.553604053987721,15.718286661338798,28.620979184596663,-0.0
9.620000000000001,12.711931122268583,15.601159880783515,29.225155978630738,-0.0
9.625,12.856341637000819,15.444365622344415,29.826583439705107,-0.0
9.63,12.98466909369354,15.249298274542717,30.420885784677633,-0.0
9.635,13.09753063649886,15.015465036233207,31.005218381000127,-0.0
9.64,13.195883649398624,14.742213225908436,31.575030207784607,-0.0
9.645,13.272956943977459,14.432303157311686,32.12672305537552,-0.0
9.65,13.329851831475812,14.085766979749156,32.656025620405885,-0.0
9.655,13.367725111479086,13.705636849097129,33.159316944464194,-0.0
9.66,13.384751684543893,13.290992321418786,33.63402453871744,-0.0
9.665000000000001,13.379086329228919,12.848824306511146,34.07507389934515,-0.0
9.67,13.353249299997625,12.378019041670369,34.48035656800716,-0.0
9.675,13.30368758784707,11.883843385411007,34.845999115321675,-0.0
9.68,13.234617880869466,11.36815582532349,35.1714372952127,-0.0
9.685,13.14074924087578,10.836114493022512,35.45414537998578,-0.0
9.69,13.025213425926038,10.29209938851971,35.69319270045533,-0.0
9.695,12.888509680545457,9.739566262865692,35.88820935006412,-0.0
9.700000000000001,12.73123132445112,9.182145044535616,36.03517027798682,-0.0
9.705,12.553211870565667,8.62512649648783,36.140038511474984,-0.0
9.71,12.357174721051361,8.071234943456357,36.19871353281919,-0.0
9.715,12.142026287913911,7.523397725326366,36.21427700101712,-0.0
9.72,11.911227556212681,6.988109899420161,36.18818566725903,-0.0
9.725,11.664322105113122,6.465248960618655,36.12253897246969,-0.0
9.73,11.404014437482502,5.958836370452177,36.01884900385949,-0.0
9.735,11.131665993831497,5.471555659585156,35.87732317154761,-0.0
9.74,10.848824986706829,5.004549448331718,35.70407450130175,-0.0
9.745000000000001,10.556652066724025,4.5631173264862905,35.500467903848815,-0.0
9.75,10.256080568597598,4.143779488846561,35.269130534059386,-0.0
9.755,9.951027360332553,3.750414155201519,35.0113043477497,-0.0
9.76,9.641129714114916,3.3818652273271077,34.73094744085706,-0.0
9.765,9.32887829804208,3.0404003399310353,34.43068690494056,-0.0
9.77,9.014634006271644,2.7243756007807907,34.1126820043268,-0.0
9.775,8.701315938956455,2.4360849913824296,33.781900033107945,-0.0
9.78,8.386894053975753,2.173000168945467,33.437612213529206,-0.0
9.785,8.075392909142488,1.9340666051368796,33.08342672046778,-0.0
9.790000000000001,7.767594712876476,1.719254099248262,32.718891018833,-0.0
9.795,7.465131306607072,1.526559293395623,32.34944418503065,-0.0
9.8,7.168431444924283,1.3561034230320865,31.97381269835325,-0.0
9.805,6.877760352572846,1.207031651861075,31.595708430916062,-0.0
9.81,6.594991036396045,1.077629649527474,31.216421064473483,-0.0
9.815,6.318550946890598,0.9673338256789019,30.834549325714537,-0.0
9.82,6.051753004620034,0.8725236929133383,30.453944650721105,-0.0
9.825000000000001,5.792108126082723,0.7943062799959818,30.073722181148977,-0.0
9.83,5.5416376961577445,0.730408605441694,29.6954308129968,-0.0
9.835,5.301146988934522,0.6803332141182298,29.319620256752334,-0.0
9.84,5.070326753599152,0.6431027621407588,28.94662850908181,-0.0
9.845,4.850291343866428,0.6144550417657714,28.576511512684394,-0.0
9.85,4.637126411393152,0.5972411873659975,28.210574001336184,-0.0
9.855,4.43461738818132,0.5903762878269389,27.848144362830183,-0.0
9.86,4.241017017118271,0.5916419909775191,27.489689977902486,-0.0
9.865,4.058491655486896,0.5995093491330296,27.13580844572161,-0.0
9.870000000000001,3.8856216294640293,0.6137820812792768,26.786334818637183,-0.0
9.875,3.7220364721161805,0.6331053808966715,26.43987233694902,-0.0
9.88,3.5668174236225525,0.6592275768292125,26.09999434014468,-0.0
9.885,3.4226156184577663,0.6909870117049234,25.763245075845735,-0.0
9.89,3.2854424988551325,0.725849933158329,25.431752452539172,-0.0
9.895,3.1573709292271097,0.7644151436512205,25.10583872005369,-0.0
9.9,3.037723304766971,0.8077364855909731,24.783502894254724,-0.0
9.905,2.926108399577969,0.8527412492415316,24.46477644582748,-0.0
9.91,2.822100729500923,0.9019308813677933,24.151055743989282,-0.0
9.915000000000001,2.7266953865073265,0.9531150949142966,23.842460334034676,-0.0
9.92,2.638194648753186,1.0044608974853901,23.53837542327233,-0.0
9.925,2.5565884382491535,1.0583482137257505,23.237693561418777,-0.0
9.93,2.482133743626952,1.1136924132261117,22.940772758233752,-0.0
9.935,2.4131903387002,1.1700253234784237,22.648749457436388,-0.0
9.94,2.3517745533219356,1.2280698617354435,22.360252903657877,-0.0
9.945,2.295092400820054,1.2877403703533523,22.076246587143974,-0.0
9.950000000000001,2.2455389219515394,1.3494105313065978,21.796482609223773,-0.0
9.955,2.201119515709726,1.4130776284326254,21.520326982194213,-0.0
9.96,2.162176425923081,1.4768870059556418,21.24880978788701,-0.0
9.965,2.126784089868701,1.5429001212649807,20.980194714440078,-0.0
9.97,2.0960969676407375,1.6093313631177342,20.716913572514827,-0.0
9.975,2.0716321625162863,1.6775866764618976,20.456526027079022,-0.0
9.98,2.0507771398958656,1.7479565870462443,20.200556241843053,-0.0
9.985,2.0351839682285626,1.819897375011677,19.949098766572604,-0.0
9.99,2.0242512374851684,1.8930142341685212,19.701554717327387,-0.0
9.995000000000001,2.0167915014345277,1.965572419138209,19.458542065549775,-0.0
10.0,2.014069679996741,2.041278298360591,19.218705091629793,-0.0
10.005,2.0149643935939414,2.118332462762966,18.983140730880958,-0.0
10.01,2.019996524080524,2.199149532684438,18.750251480210242,-0.0
10.015,2.0276467485862475,2.2817874849441813,18.521267701947092,-0.0
10.02,2.0412525661177416,2.3670860530139306,18.29795069600887,-0.0
10.025,2.0581697938290695,2.4557827196581115,18.076769219181607,-0.0
10.03,2.0783550608108614,2.5470071591613066,17.860437399875337,-0.0
10.035,2.1020915739825172,2.6393975325679695,17.649217131012993,-0.0
10.040000000000001,2.1290975958334384,2.7345791584583687,17.441132872428586,-0.0
10.045,2.1597053951036105,2.8332928714950016,17.23695464520587,-0.0
10.05,2.1932200961055694,2.9365896609369053,17.03689544460275,-0.0
10.055,2.2309395708468203,3.042490823615579,16.842186239398803,-0.0
10.06,2.2712185559371614,3.152205224861023,16.651390280986863,-0.0
10.065,2.3148269180012857,3.264337740708603,16.4646560964491,-0.0
10.07,2.362393173537479,3.3812193123136005,16.282640505508468,-0.0
10.075000000000001,2.4132506935305,3.502346784286269,16.10525423714915,-0.0
10.08,2.468656377265874,3.630413782556548,15.931939776216705,-0.0
10.085,2.5266108590398972,3.760812560452159,15.76481869755915,-0.0
10.09,2.588390707348545,3.895419900401235,15.600760204044917,-0.0
10.095,2.653095839599831,4.038010626633887,15.442764792208038,-0.0
10.1,2.7230410814262904,4.183294936620476,15.29064204077734,-0.0
10.105,2.7960169275378814,4.33598983486586,15.144070424391717,-0.0
10.11,2.873921128673898,4.492820620365407,15.0024914759272,-0.0
10.115,2.955377888931827,4.656108763217225,14.866392522936192,-0.0
10.120000000000001,3.0403646260365096,4.827136469584147,14.736615293969525,-0.0
10.125,3.1297381090104652,5.005593199811375,14.612981976003429,-0.0
10.13,3.223604763547003,5.190356804159435,14.495147522704384,-0.0
10.135,3.322266568917558,5.38024370005658,14.386172973357908,-0.0
10.14,3.423780989535287,5.5800907749931135,14.28478953555051,-0.0
10.145,3.5320088688810323,5.78739385471065,14.188564871437816,-0.0
10.15,3.6450211563312536,6.002347988146766,14.100951721299932,-0.0
10.155,3.76359225371456,6.2260818415670665,14.022236348672006,-0.0
10.16,3.8863234173061536,6.458818717585647,13.952499275415795,-0.0
10.165000000000001,4.015425910150801,6.69927034054487,13.891817695121558,-0.0
10.17,4.148830837554167,6.948446088626066,13.840789122798085,-0.0
10.175,4.288283347052179,7.207549458604633,13.801152836226741,-0.0
10.18,4.43329255440699,7.475892843866628,13.772140378389166,-0.0
10.185,4.5867719722211895,7.7544968209024425,13.753496208870203,-0.0
10.19,4.745757187571377,8.043162252395186,13.747834298526376,-0.0
10.195,4.910988422778973,8.339654774421119,13.755252933425206,-0.0
10.200000000000001,5.081730896605898,8.647471872152353,13.777394872711188,-0.0
10.205,5.259813685191442,8.966158720787224,13.813913196925403,-0.0
10.21,5.445473638036486,9.29453612651013,13.864997393791922,-0.0
10.215,5.638208608901996,9.63312467460271,13.933251477063873,-0.0
10.22,5.8380056108704546,9.982552520115808,14.019432419307272,-0.0
10.225,6.045045816846525,10.340854048915089,14.124132369404041,-0.0
10.23,6.259616570766092,10.707886230654363,14.2486159768715,-0.0
10.235,6.483124238142171,11.084814734318366,14.395081253514448,-0.0
10.24,6.712694297824299,11.470172982144494,14.562599769215284,-0.0
10.245000000000001,6.951140999282127,11.864487682312733,14.751999019262465,-0.0
10.25,7.19590803887454,12.266085847388597,14.96787714044737,-0.0
10.255,7.449009941097538,12.67415995263866,15.21044334295252,-0.0
10.26,7.711095900958423,13.08712284559153,15.479526258268821,-0.0
10.265,7.979754471870599,13.503413785806673,15.777525238374313,-0.0
10.27,8.256148631340299,13.923312860259726,16.105671909680588,-0.0
10.275,8.539984373488457,14.34382235130899,16.466285117519146,-0.0
10.28,8.830705927420242,14.763923575522018,16.860088179416152,-0.0
10.285,9.127167068100828,15.182587104093436,17.287339668117756,-0.0
10.290000000000001,9.4298876582953,15.595929238529722,17.749324969183867,-0.0
10.295,9.738508415203912,16.001960832109166,18.247669241331284,-0.0
10.3,10.051961057926789,16.397226753039547,18.78302293032717,-0.0
10.305,10.368419973483983,16.779781541676662,19.356572084837953,-0.0
10.31,10.688565254200899,17.14494793476168,19.968599444086276,-0.0
10.315,11.012242566971839,17.488710766200274,20.618004516504094,-0.0
10.32,11.335540629689657,17.807275768598238,21.304892186681602,-0.0
10.325000000000001,11.659326599594234,18.099384451496068,22.03022144817772,-0.0
10.33,11.983361642272097,18.357265363957982,22.79264033931366,-0.0
10.335,12.301627934974213,18.57746509394966,23.5886313326997,-0.0
10.34,12.615182062364221,18.75492050143839,24.41658613185189,-0.0
10.345,12.921655185598416,18.88702199416711,25.27385959207343,-0.0
10.35,13.221177319409534,18.968635595180075,26.15678047290505,-0.0
10.355,13.508207371929569,18.995803416216614,27.062619516211573,-0.0
10.36,13.782530309739425,18.964372721776243,27.98278747393753,-0.0
10.365,14.042574292894205,18.870214568869518,28.91737639539024,-0.0
10.370000000000001,14.284997317314268,18.711581792644065,29.85549142240046,-0.0
10.375,14.506051423923045,18.485507717972997,30.793147046490486,-0.0
10.38,14.703906157480436,18.190376278387927,31.72380900955231,-0.0
10.385,14.876858713807275,17.82523239865562,32.63767144624127,-0.0
10.39,15.024295006389083,17.391297144684874,33.52803302389867,-0.0
10.395,15.141893169401701,16.88901518926182,34.387619634510436,-0.0
10.4,15.228616075153889,16.32151003693239,35.20815971516844,-0.0
10.405,15.283111495685167,15.692110596104058,35.981023214654456,-0.0
10.41,15.302344806007648,15.00272781294925,36.700143993096844,-0.0
10.415000000000001,15.287500645873752,14.261584565495356,37.36000458403113,-0.0
10.42,15.236818699418812,13.476093473368593,37.95120678999993,-0.0
10.425,15.149060452307628,12.649479297917086,38.47135757215157,-0.0
10.43,15.023794350326602,11.791940697535207,38.91553595220693,-0.0
10.435,14.862010269079319,10.912415252161443,39.28366846739317,-0.0
10.44,14.664829616318649,10.01917534464459,39.571630450077684,-0.0
10.445,14.432142889160756,9.1200694058098,39.77797562180466,-0.0
10.450000000000001,14.16548286779673,8.225310190562363,39.90576837977354,-0.0
10.455,13.869411429163993,7.3412234289373695,39.956107526977156,-0.0
10.46,13.542279796280798,6.4757437230422665,39.933441642846034,-0.0
10.465,13.188234076692614,5.635504838731951,39.83909720026357,-0.0
10.47,12.81048484735714,4.826369689265064,39.67987236352073,-0.0
10.475,12.411880060133017,4.0544836272336555,39.45903576952684,-0.0
10.48,11.992838622908382,3.3222472071194122,39.18422882243883,-0.0
10.485,11.559565804305725,2.634739775917646,38.86044321866543,-0.0
10.49,11.111911339584944,1.9939567082488823,38.495889875398284,-0.0
10.495000000000001,10.655294437241936,1.4006855265796083,38.09321734747844,-0.0
10.5,10.19245961087917,0.8565850823766334,37.659256323141506,-0.0
10.505,9.725500032222222,0.3598585986286933,37.20049497561178,-0.0
10.51,9.25750548338859,-0.09013466635340706,36.72295892202445,-0.0
10.515,8.78927815789026,-0.4931271109325342,36.22868439485771,-0.0
10.52,8.325702006961734,-0.8516057320619743,35.72301847515212,-0.0
10.525,7.866039428828267,-1.1702629095689177,35.211481498402605,-0.0
10.53,7.4141758468404495,-1.4483384900616034,34.69633613676175,-0.0
10.535,6.969599877650687,-1.689745254222888,34.17919341388522,-0.0
10.540000000000001,6.536244950975922,-1.8966754314812948,33.663854823423605,-0.0
10.545,6.114466506914936,-2.071337526072247,33.1541048986821,-0.0
10.55,5.7044544956074565,-2.2179179024981224,32.646642100711034,-0.0
10.555,5.308642524155394,-2.3403156687141333,32.14842005549587,-0.0
10.56,4.926483598727605,-2.438572829437381,31.657780786119112,-0.0
10.565,4.558226924390979,-2.5163217098866513,31.174104204912698,-0.0
10.57,4.2044939969953035,-2.5761187849360794,30.700345760403387,-0.0
10.575000000000001,3.8653626460406705,-2.6206485828811217,30.23743682227029,-0.0
10.58,3.54065659852809,-2.6519051858658513,29.782884656777536,-0.0
10.585,3.2313376077568052,-2.6706972298847167,29.33903704165685,-0.0
10.59,2.93579579598942,-2.6809409297136124,28.904090865615448,-0.0
10.595,2.655103242562325,-2.6816668960994208,28.479279641756147,-0.0
10.6,2.3880051882461784,-2.675102262673035,28.063140052952196,-0.0
10.605,2.13386808874865,-2.6626203258209817,27.65722991976227,-0.0
10.61,1.8948442967487962,-2.6456155480831467,27.25961081370467,-0.0
10.615,1.6681573631353732,-2.625223317374266,26.87092380732212,-0.0
10.620000000000001,1.4525092721707076,-2.6030748873767457,26.489667672609478,-0.0
10.625,1.2496013793039027,-2.5793484628033716,26.118235334424547,-0.0
10.63,1.0581305758631652,-2.556091948432242,25.753487585567978,-0.0
10.635,0.877212562575072,-2.5308233062273495,25.396958787062417,-0.0
10.64,0.7070887752580239,-2.5075911796112664,25.04670376827608,-0.0
10.645,0.5461828633765239,-2.485394675897933,24.703652988812404,-0.0
10.65,0.39511020311330786,-2.463388355727516,24.368248750188343,-0.0
10.655,0.25320615361098664,-2.444625788494027,24.038122156173827,-0.0
10.66,0.11730841502523365,-2.4269629036099265,23.714950510311585,-0.0
10.665000000000001,-0.008999061461723218,-2.4123395224810094,23.39774400341267,-0.0
10.67,-0.12935599255492763,-2.4003441695083394,23.08525200351857,-0.0
10.675,-0.24365360459463062,-2.392320165446998,22.778590544914888,-0.0
10.68,-0.3506008965010201,-2.3877642453084804,22.478314330733156,-0.0
10.685,-0.45277597607734377,-2.385429417861263,22.18377525738829,-0.0
10.69,-0.5505638015742449,-2.386736997201186,21.89304782074904,-0.0
10.695,-0.6415039889184285,-2.3917493665589755,21.60765713592579,-0.0
10.700000000000001,-0.7290982466416054,-2.3998414852131713,21.325695010664553,-0.0
10.705,-0.8128543185421006,-2.411562685769319,21.04964379633576,-0.0
10.71,-0.892709746695084,-2.426231856311202,20.780195055880938,-0.0
10.715,-0.970472333766533,-2.4465419247018785,20.514035477235673,-0.0
10.72,-1.0453369445462521,-2.4697546777107977,20.251999714146947,-0.0
10.725,-1.11670141206014,-2.497663996330943,19.994090126172907,-0.0
10.73,-1.1863749120817964,-2.5294124545412404,19.742973686058267,-0.0
10.735,-1.2538750751304024,-2.5654680572771014,19.49313972600533,-0.0
10.74,-1.3207263100500801,-2.6053806124240464,19.248723642026885,-0.0
10.745000000000001,-1.3845846024196988,-2.649749295080271,19.010290236161293,-0.0
10.75,-1.4465168910295112,-2.700156027623825,18.77553569065405,-0.0
10.755,-1.5097962924595523,-2.7533788611329286,18.54440049387163,-0.0
10.76,-1.5734448548435491,-2.8121110905377127,18.317320679259314,-0.0
10.765,-1.6347847994942564,-2.873130766683247,18.095470783171475,-0.0
10.77,-1.696399301041535,-2.9395077387400916,17.878276607566647,-0.0
10.775,-1.7585753264015365,-3.010207247029784,17.665890954422963,-0.0
10.78,-1.820732611246321,-3.0855799682095535,17.456971720904384,-0.0
10.785,-1.8844826124896004,-3.1673464995125244,17.252162498592632,-0.0
10.790000000000001,-1.9489476542968205,-3.252963187298972,17.051454589038332,-0.0
10.795,-2.015451109853887,-3.343375079013242,16.855554512146423,-0.0
10.8,-2.082046813438501,-3.4390720580280134,16.66335624750954,-0.0
10.805,-2.150493247667038,-3.539747537287661,16.47695239293653,-0.0
10.81,-2.21912827134558,-3.64546543630327,16.295023702383276,-0.0
10.815,-2.290778625408065,-3.757927197814205,16.11807776909772,-0.0
10.82,-2.3635428390061173,-3.8748512876937866,15.94579494970712,-0.0
10.825000000000001,-2.4388289362917965,-3.99774267283444,15.780752526838704,-0.0
10.83,-2.516167813819547,-4.126137921741101,15.619149632196025,-0.0
10.835,-2.597824745015259,-4.261331995952636,15.4629965298763,-0.0
10.84,-2.680455587805381,-4.402656623476883,15.311276087248153,-0.0
10.845,-2.766885024897566,-4.551318665952136,15.166703958163318,-0.0
10.85,-2.8565511378882724,-4.707074807427147,15.026949292437504,-0.0
10.855,-2.949027897061662,-4.8683581314070175,14.893229633394515,-0.0
10.86,-3.0457510445746423,-5.036412524471311,14.765748897780824,-0.0
10.865,-3.14471861246646,-5.212453760454215,14.644871130911325,-0.0
10.870000000000001,-3.2491588336482358,-5.397482774909641,14.530893158507254,-0.0
10.875,-3.356488673369342,-5.591232201545177,14.425539789695158,-0.0
10.88,-3.468819910614532,-5.792130197235311,14.32613796699376,-0.0
10.885,-3.585023087913538,-5.9999735655037485,14.236784764702792,-0.0
10.89,-3.7068319455907948,-6.216263458280877,14.154141848413655,-0.0
10.895,-3.8333013321619562,-6.442786991755484,14.079200500375926,-0.0
10.9,-3.962839119638066,-6.677894016917614,14.015266382443773,-0.0
10.905,-4.0971809322722725,-6.922984337983762,13.959576735226467,-0.0
10.91,-4.2383906965351885,-7.1761608996875985,13.91522031844253,-0.0
10.915000000000001,-4.38583233575884,-7.440128834368918,13.88100715264658,-0.0
10.92,-4.538283014599711,-7.712472525630627,13.859175977656768,-0.0
10.925,-4.696477876617903,-7.99530130693172,13.849949143448265,-0.0
10.93,-4.861784114016231,-8.288175247587729,13.85411139239935,-0.0
10.935,-5.033063982170795,-8.59230104724773,13.870293311601246,-0.0
10.94,-5.211664322369294,-8.905489965380298,13.901607776251884,-0.0
10.945,-5.39582058325743,-9.228369037954762,13.948049457531718,-0.0
10.950000000000001,-5.588599226620159,-9.560151297048915,14.011819872657663,-0.0
10.955,-5.787537863588335,-9.903449022110415,14.092000914394168,-0.0
10.96,-5.993561054851517,-10.256929541740671,14.192531865555049,-0.0
10.965,-6.206072649488906,-10.619242844311106,14.310887328346336,-0.0
10.97,-6.425872157242342,-10.991026352906133,14.449910635392735,-0.0
10.975,-6.653723877133089,-11.36940538503763,14.611230268236167,-0.0
10.98,-6.89013276782583,-11.758312707677339,14.795573116299119,-0.0
10.985,-7.134016003357126,-12.153642387826501,15.003534245795743,-0.0
10.99,-7.38629232732591,-12.557909846363069,15.236555555086424,-0.0
10.995000000000001,-7.642791067563974,-12.966199506299862,15.497011327661541,-0.0
11.0,-7.908247487220349,-13.377874724218692,15.786385472966918,-0.0
11.005,-8.182209862760757,-13.794029379129784,16.104288867861435,-0.0
11.01,-8.462427732344453,-14.213437558371083,16.45323601292939,-0.0
11.015,-8.749853630105838,-14.631374986202932,16.834498755924738,-0.0
11.02,-9.04183431508497,-15.047360749079534,17.249267052298933,-0.0
11.025,-9.341474189517943,-15.458555517350879,17.698543926016715,-0.0
11.03,-9.64790150515955,-15.86263882341305,18.18404620925867,-0.0
11.035,-9.958447443814363,-16.257066606194055,18.706481505527872,-0.0
11.040000000000001,-10.273592775329192,-16.638890992757684,19.266306248536505,-0.0
11.045,-10.592405120279452,-17.00336483825152,19.863930644085322,-0.0
11.05,-10.912526165026106,-17.35008275975798,20.4997145774584,-0.0
11.055,-11.234211639474925,-17.67248502331831,21.173739238854996,-0.0
11.06,-11.555714377853429,-17.96730948815055,21.883448774116083,-0.0
11.065,-11.876116539517817,-18.231465508854694,22.628547850876362,-0.0
11.07,-12.195231712448521,-18.459465964917996,23.409392737029435,-0.0
11.075000000000001,-12.508498191942124,-18.64633984363383,24.221999124667573,-0.0
11.08,-12.81501306816196,-18.78977069875406,25.06589969296627,-0.0
11.085,-13.115013516931626,-18.883400786128455,25.936244343098423,-0.0
11.09,-13.403009404860194,-18.924415522035616,26.828597655865476,-0.0
11.095,-13.679153945075896,-18.908119663918164,27.739139680973377,-0.0
11.1,-13.941862560541983,-18.830851121209655,28.66246810852463,-0.0
11.105,-14.18611091428728,-18.692103190660273,29.592199932979604,-0.0
11.11,-14.411966827437183,-18.485850558377347,30.523097714169705,-0.0
11.115,-14.616058607119083,-18.21138952434902,31.44787218302301,-0.0
11.120000000000001,-14.795845708554026,-17.868233336965602,32.35997858176734,-0.0
11.125,-14.950516512053351,-17.456226360381123,33.25082338890748,-0.0
11.13,-15.074796440157025,-16.97698199318143,34.11301996221418,-0.0
11.135,-15.169151221947454,-16.43021060871559,34.93860266321431,-0.0
11.14,-15.231927497106678,-15.821497175576553,35.7201784458078,-0.0
11.145,-15.260347725581445,-15.154263999143373,36.448553208145725,-0.0
11.15,-15.255849261150875,-14.433995064393764,37.11849273948178,-0.0
11.155,-15.213950857500064,-13.666815890044528,37.72631305794731,-0.0
11.16,-15.136017566554633,-12.857464646606294,38.26328225861185,-0.0
11.165000000000001,-15.021095936333356,-12.016242331061488,38.72581206176859,-0.0
11.17,-14.870547226527806,-11.149594768370815,39.1119823190105,-0.0
11.175,-14.684279618669228,-10.267887547308193,39.41993467679729,-0.0
11.18,-14.463672566986864,-9.379114077397068,39.64771066490948,-0.0
11.185,-14.210182695391667,-8.489574660959079,39.797212161148735,-0.0
11.19,-13.924418131374608,-7.608569147139268,39.87021508032077,-0.0
11.195,-13.60899216996182,-6.744939815623394,39.867633945169956,-0.0
11.200000000000001,-13.265451509745498,-5.903785883297219,39.79443998346771,-0.0
11.205,-12.896628723060664,-5.091262286174546,39.65575966997503,-0.0
11.21,-12.50653193077075,-4.313844502012738,39.45448623231271,-0.0
11.215,-12.097830609081665,-3.576741680962796,39.1974016666837,-0.0
11.22,-11.671058612236038,-2.882180767749872,38.89071914522236,-0.0
11.225,-11.23072480175554,-2.2320157294425016,38.538920450585294,-0.0
11.23,-10.779987447634015,-1.6295339895713665,38.15061309478118,-0.0
11.235,-10.321499898793983,-1.0740600102419697,37.730974320466885,-0.0
11.24,-9.859110414443306,-0.5664963471539957,37.284130021868705,-0.0
11.245000000000001,-9.395514971679885,-0.10591732640287438,36.81521713625709,-0.0
11.25,-8.930413699119782,0.3076376686859879,36.329544653800504,-0.0
11.255,-8.468174257243378,0.6781645077436891,35.831784497485415,-0.0
11.26,-8.011252972978646,1.0059485973933888,35.32435497210459,-0.0
11.265,-7.559508925976485,1.293521866081416,34.813366354986286,-0.0
11.27,-7.116223982879861,1.5454334195303452,34.30150125840064,-0.0
11.275,-6.6829601765999,1.7617508707925722,33.78986334373996,-0.0
11.28,-6.261016108796535,1.9456792550385746,33.278678713725256,-0.0
11.285,-5.850873146113578,2.100883971829537,32.77540025239825,-0.0
11.290000000000001,-5.454761924676544,2.2299025388234686,32.276543571018294,-0.0
11.295,-5.070649588726527,2.33532091214147,31.784121804809544,-0.0
11.3,-4.700241615109754,2.418720228544018,31.300865074254112,-0.0
11.305,-4.34482417520354,2.485385469387873,30.825616596760675,-0.0
11.31,-4.002275310332601,2.5353254626840815,30.36152135511767,-0.0
11.315,-3.675724036892713,2.5710928529909722,29.905950452916684,-0.0
11.32,-3.3622971760644846,2.593593984493017,29.460783482956153,-0.0
11.325000000000001,-3.065725919092629,2.6041671546359395,29.023380593028666,-0.0
11.33,-2.782358815396363,2.606488482427526,28.597095672836204,-0.0
11.335,-2.514620670844107,2.601950379575082,28.17935500058963,-0.0
11.34,-2.257773743910042,2.590297826455881,27.77155549593853,-0.0
11.345,-2.0151356578514323,2.5732299462101174,27.37362728845201,-0.0
11.35,-1.7862769069437947,2.553537980256544,26.982374705571964,-0.0
11.355,-1.5698951519906232,2.5318641643895905,26.598948443637717,-0.0
11.36,-1.3665277283867994,2.5083154477127945,26.224857859905526,-0.0
11.365,-1.172511057706304,2.482884931728964,25.857728844364473,-0.0
11.370000000000001,-0.9887263436732205,2.4573111507766714,25.497755850972744,-0.0
11.375,-0.8167375130383038,2.432463457293027,25.14550636655301,-0.0
11.38,-0.654013249020611,2.409272508928764,24.800238220114885,-0.0
11.385,-0.49915969726572484,2.3874111430569203,24.461329497834313,-0.0
11.39,-0.35535757412208646,2.366551165595858,24.129209346156525,-0.0
11.395,-0.21930167092145697,2.3477956358401846,23.803685800423988,-0.0
11.4,-0.08972246132266182,2.3313301696427042,23.484830295713877,-0.0
11.405,0.03206727785905278,2.3173253983688404,23.17123229349392,-0.0
11.41,0.14745424118198858,2.3060341946680945,22.861867508323005,-0.0
11.415000000000001,0.2562619530969309,2.29835079500669,22.56012102356796,-0.0
11.42,0.35795466641310414,2.2932219506414193,22.26253388864499,-0.0
11.425,0.45464866545200827,2.2919313479456305,21.969827711270774,-0.0
11.43,0.5469608304163829,2.293713585011824,21.681509828849514,-0.0
11.435,0.6342864007800353,2.298722510968468,21.398917239311327,-0.0
11.44,0.7167328868166796,2.308833169530602,21.120289254435406,-0.0
11.445,0.7961920001926271,2.32141247810042,20.846816065516872,-0.0
11.450000000000001,0.8723076329702157,2.3372429367239613,20.577399792611057,-0.0
11.455,0.9457305335281343,2.358390394530332,20.31302904542354,-0.0
11.46,1.0174019717699136,2.384075233050824,20.053635875385755,-0.0
11.465,1.0853155138584083,2.4115864008305916,19.798616971626686,-0.0
11.47,1.1508667990986128,2.442941964002626,19.547742891243075,-0.0
11.475,1.2166013801176647,2.478596763452511,19.30160077187095,-0.0
11.48,1.2779139801325692,2.519499572755871,19.06028542511793,-0.0
11.485,1.3408337329456264,2.564095254761913,18.82221375928069,-0.0
11.49,1.4027255795588696,2.613726840494062,18.588598527663066,-0.0
11.495000000000001,1.4632296194575514,2.6664826324072854,18.359272717519456,-0.0
11.5,1.5240456606483572,2.7246279938656226,18.134627946697172,-0.0
11.505,1.5846765628461328,2.7859779558136393,17.9153501572603,-0.0
11.51,1.64529544038734,2.8524640202211553,17.697884469685544,-0.0
11.515,1.7044615577415818,2.9232513707236096,17.484360064402242,-0.0
11.52,1.7650484359018268,2.997815797827889,17.275462053129125,-0.0
11.525,1.826176150681319,3.0773594361729097,17.071197169740397,-0.0
11.53,1.889737444144418,3.162449651369552,16.871219074118795,-0.0
11.535,1.9533023731470032,3.249746346021451,16.675799449771354,-0.0
11.540000000000001,2.0191816820964608,3.3446420548016516,16.48480253373503,-0.0
11.545,2.0872039813957324,3.444349884732441,16.299095396395153,-0.0
11.55,2.155502592129643,3.5494792830755957,16.11672943222509,-0.0
11.555,2.2247877564739422,3.661373202310783,15.939175578383226,-0.0
11.56,2.296164177616326,3.776338097940701,15.768091455300764,-0.0
11.565,2.3689097941055524,3.8992990852369216,15.601237414805686,-0.0
11.57,2.4458358252525025,4.026897097519782,15.43899298013466,-0.0
11.575000000000001,2.5247674759816707,4.159966430019888,15.28120661696293,-0.0
11.58,2.6077053922531253,4.299100586623048,15.129363305039861,-0.0
11.585,2.6921843780878634,4.445300882195859,14.98388470560039,-0.0
11.59,2.781070266354737,4.598337358456877,14.843894260729396,-0.0
11.595,2.871473792208833,4.757817873045236,14.709692300344896,-0.0
11.6,2.9650508393469877,4.925941313491534,14.582043012185403,-0.0
11.605,3.063516075095425,5.1010388629429775,14.461199352889624,-0.0
11.61,3.16493974986539,5.282981677011993,14.346569792321795,-0.0
11.615,3.2716232018487696,5.473675236146999,14.238697967208617,-0.0
11.620000000000001,3.382055094103596,5.67081102070998,14.138009092079415,-0.0
11.625,3.497075607787134,5.876342633208265,14.045108417076445,-0.0
11.63,3.6166759316318338,6.0911600981583724,13.961139427743522,-0.0
11.635,3.7390533872313227,6.314686785875655,13.886406959378425,-0.0
11.64,3.868347193789018,6.547567044222869,13.819714628077474,-0.0
11.645,4.002443063675913,6.789861774151159,13.762290001692806,-0.0
11.65,4.142268415427383,7.041563502470306,13.71416089660091,-0.0
11.655,4.287962087093852,7.302986366668851,13.676208925351949,-0.0
11.66,4.439125242167424,7.571967405066362,13.651836634769065,-0.0
11.665000000000001,4.595447246764476,7.852173452383659,13.637535512717376,-0.0
11.67,4.7578832295312745,8.142007706812391,13.635861330129043,-0.0
11.675,4.9277778169870805,8.443323796133566,13.647446339372465,-0.0
11.68,5.1042150040638266,8.753475531379404,13.672939154100826,-0.0
11.685,5.286524267299255,9.075526234505197,13.714154332437202,-0.0
11.69,5.475493419322728,9.409378453147498,13.771285154320736,-0.0
11.695,5.672354434023311,9.751230251670373,13.847227025930245,-0.0
11.700000000000001,5.876423033106884,10.103045485931133,13.940144048299372,-0.0
11.705,6.088088194870715,10.4646379264739,14.05021267062591,-0.0
11.71,6.305904667912475,10.837163631716209,14.180987218052913,-0.0
11.715,6.53257766883015,11.218413144547199,14.333080817492622,-0.0
11.72,6.765988582171971,11.609188873814619,14.507679117136322,-0.0
11.725,7.007760537631932,12.007574004169456,14.707445840558835,-0.0
11.73,7.257685351871277,12.41265328475294,14.931008174373902,-0.0
11.735,7.515619999745576,12.82592187879267,15.181828995359526,-0.0
11.74,7.78125888384071,13.24527802173335,15.46132157295203,-0.0
11.745000000000001,8.05463871332274,13.66806985435898,15.76931405719712,-0.0
11.75,8.3347772452424,14.091801875009711,16.1087718756548,-0.0
11.755,8.622721313117918,14.515683009628273,16.481208215138203,-0.0
11.76,8.91611263684137,14.939935706405377,16.887164816692852,-0.0
11.765,9.216924988674686,15.361332981494424,17.328708849516214,-0.0
11.77,9.523935063751015,15.77508881268632,17.80400889194499,-0.0
11.775,9.836783909521571,16.18088877099867,18.3188166875004,-0.0
11.78,10.153382609484298,16.576639147733413,18.870249277625522,-0.0
11.785,10.475006639891287,16.957540948881164,19.46066873072977,-0.0
11.790000000000001,10.799328914284438,17.32074303447346,20.088801041819504,-0.0
11.795,11.125375640750896,17.662494086465273,20.755754070223336,-0.0
11.8,11.451614324160433,17.978465968973655,21.461391501549752,-0.0
11.805,11.777333134121367,18.262959889281106,22.20396748038825,-0.0
11.81,12.100822690173246,18.51224339256519,22.985828643669365,-0.0
11.815,12.421145874502496,18.722897830547648,23.798732210845547,-0.0
11.82,12.736329223860391,18.890212246183424,24.644749889824517,-0.0
11.825000000000001,13.044513998971317,19.009512449729968,25.51817038100748,-0.0
11.83,13.342609426005241,19.07600189228147,26.41737720991358,-0.0
11.835,13.62992150290075,19.086406203765094,27.337327543982397,-0.0
11.84,13.903802886939543,19.037137529915213,28.272777200990294,-0.0
11.845,14.160646168545847,18.923462467256293,29.22001428851436,-0.0
11.85,14.39820630467321,18.74120273767471,30.17044413046116,-0.0
11.855,14.615217805414717,18.49296868757505,31.117522467234917,-0.0
11.86,14.809750010629534,18.172257590530315,32.05463101374842,-0.0
11.865,14.978005116679759,17.781181274874537,32.97253998553368,-0.0
11.870000000000001,15.117767920673016,17.319904445741205,33.86421737936797,-0.0
11.875,15.228039324816761,16.790248656107355,34.72258752956931,-0.0
11.88,15.306770185485163,16.195925908666247,35.53899137453212,-0.0
11.885,15.350273976881072,15.5389821659366,36.30388638818326,-0.0
11.89,15.360355235318492,14.823041386005626,37.01204166867659,-0.0
11.895,15.33345732425711,14.056436875424593,37.65778553996331,-0.0
11.9,15.269961326683122,13.245927217740116,38.23443821905072,-0.0
11.905,15.167126150861176,12.398712438969927,38.736488911616256,-0.0
11.91,15.028669607132583,11.522791969537586,39.160337491879666,-0.0
11.915000000000001,14.853708133207457,10.626432602848444,39.50327237824854,-0.0
11.92,14.641731836859432,9.718523847421741,39.76547588911349,-0.0
11.925,14.394680805152152,8.80955324658854,39.94676436285421,-0.0
11.93,14.115028924416261,7.9049770264748025,40.04821056939919,-0.0
11.935,13.80433182826761,7.016159576010274,40.07388519556419,-0.0
11.94,13.464351557623946,6.147591388245252,40.02398045797845,-0.0
11.945,13.099313689317086,5.307869613118685,39.90348541760565,-0.0
11.950000000000001,12.709705790984453,4.5014064575721395,39.718226764871986,-0.0
11.955,12.297800987000802,3.7348178148225153,39.4752970172115,-0.0
11.96,11.869192464645076,3.0105471858026753,39.178570790745404,-0.0
11.965,11.425271448999721,2.3322705898909115,38.83424669643572,-0.0
11.97,10.970471150297216,1.700540293886506,38.449807632963775,-0.0
11.975,10.50685647097169,1.1192917074214388,38.0316052691097,-0.0
11.98,10.036901773184953,0.5869457729967855,37.58219894646098,-0.0
11.985,9.564003015418205,0.10243400820518073,37.11038221991249,-0.0
11.99,9.091348627624297,-0.3326530673867901,36.620024664088135,-0.0
11.995000000000001,8.620335008218444,-0.7223786783140151,36.11623318497409,-0.0
12.0,8.152843301545678,-1.0694894053195227,35.603337821621835,-0.0
12.005,7.691873016234681,-1.3738639678702609,35.08485111824551,-0.0
12.01,7.237465059735071,-1.6387606725391193,34.563996519032166,-0.0
12.015,6.793199909390761,-1.868260692095379,34.04475810667065,-0.0
12.02,6.359758821017355,-2.0651145207454396,33.52692947811323,-0.0
12.025,5.939117581679385,-2.2289745206996536,33.014506682198764,-0.0
12.030000000000001,5.531235088656923,-2.367295284708404,32.50718988394257,-0.0
12.035,5.135939984471449,-2.4804012047874773,32.00818035647074,-0.0
12.040000000000001,4.755430498163334,-2.5705581995173397,31.51764499259948,-0.0
12.045,4.388249942374558,-2.64116656203348,31.037426841503564,-0.0
12.05,4.036723564953074,-2.6943599882222635,30.564640432951922,-0.0
12.055,3.701690321197962,-2.73201103548169,30.102056677929735,0.0
12.06,3.3801386917128697,-2.7567987941932572,29.64936444821786,0.0
12.065,3.072197070066707,-2.769791530693579,29.205629107880576,0.0
12.07,2.7811590678663958,-2.7747909124664125,28.77288391476708,0.0
12.075000000000001,2.5027974165950853,-2.771855835356056,28.35063194760124,0.0
12.08,2.23918197133121,-2.7631619547699855,27.937045277889336,0.0
12.085,1.9884549359501666,-2.7481747592756505,27.53354786090648,0.0
12.09,1.752415300339752,-2.729990007916663,27.138737131547376,0.0
12.095,1.5275415884777186,-2.7088157139429603,26.752617425424432,0.0
12.1,1.3157563351582735,-2.685228975981462,26.374415675927292,0.0
12.105,1.1164970585244547,-2.661297808600065,26.00504875037579,0.0
12.11,0.9281848114509502,-2.6369324061225545,25.64450956445614,0.0
12.115,0.7499691232029614,-2.6132429315641956,25.291148905579053,0.0
12.120000000000001,0.5819380696285215,-2.5913303184755083,24.944148998036162,0.0
12.125,0.4223254390295033,-2.569993049845959,24.604865324575115,0.0
12.13,0.2732267575880144,-2.550620659997503,24.27099682893152,0.0
12.135,0.1321689760592841,-2.53320878386112,23.944108176832334,0.0
12.14,-0.0019471236635069111,-2.5175347313717404,23.623167772741667,0.0
12.145,-0.1274234093930954,-2.505451768956716,23.30823840595847,0.0
12.15,-0.2471503780670259,-2.495912810921908,23.00029318545926,0.0
12.155000000000001,-0.36063992381674814,-2.488555978631667,22.69621458291675,0.0
12.16,-0.46817871091371904,-2.485126852167337,22.397773475237045,0.0
12.165000000000001,-0.5683823549099065,-2.4858202027790397,22.1040512448849,0.0
12.17,-0.6669882931180979,-2.4917940414557957,21.81632000809877,0.0
12.175,-0.7580937201765277,-2.4999236400030855,21.53360332155684,0.0
12.18,-0.845815844413821,-2.5110689832444226,21.255548949552594,0.0
12.185,-0.9282832648375635,-2.5270035923009377,20.982226087848666,0.0
12.19,-1.0089671306766212,-2.5479213107329963,20.714265914431998,0.0
12.195,-1.0856722622768562,-2.570629006031705,20.450869191392588,0.0
12.200000000000001,-1.1600645620035936,-2.5981336340176373,20.193123169542755,0.0
12.205,-1.2322820397074887,-2.630849305535622,19.940135485865856,0.0
12.21,-1.3014949601757873,-2.6685090784106325,19.690400145160865,0.0
12.215,-1.3690028439985877,-2.7094187600534423,19.445520244842562,0.0
12.22,-1.4363401156994167,-2.754652715241517,19.205244242340292,0.0
12.225,-1.502836410729802,-2.8039920650156303,18.967904619468165,0.0
12.23,-1.5670006483050425,-2.8577934886440395,18.7363230794644,0.0
12.235,-1.632248485609592,-2.915327445378632,18.508685578435784,0.0
12.24,-1.6983297345769879,-2.977171204414613,18.28557087642241,0.0
12.245000000000001,-1.7609469694509987,-3.0451051933713336,18.06796516757477,0.0
12.25,-1.8245452261034336,-3.1172033592764965,17.853850341666682,0.0
12.255,-1.889239412719443,-3.194220362776422,17.64515953446119,0.0
12.26,-1.9536678340312625,-3.2756252559711077,17.44050832250771,0.0
12.265,-2.019870965545452,-3.3632351814348382,17.239084366234902,0.0
12.27,-2.0868885417166694,-3.4550231931004185,17.04229743033393,0.0
12.275,-2.154925945139386,-3.5519571225087327,16.851278170530474,0.0
12.280000000000001,-2.224435871662408,-3.6547087066396577,16.66529720678974,0.0
12.285,-2.2959717318078945,-3.7626799961655775,16.483769728181386,0.0
12.290000000000001,-2.368982524998042,-3.8769162433540787,16.307710679427068,0.0
12.295,-2.445045463214866,-3.9952591298419664,16.13558159036066,0.0
12.3,-2.521636806021964,-4.120013408009473,15.967674965043193,0.0
12.305,-2.601141223015095,-4.251351527836146,15.807414360963083,0.0
12.31,-2.682979000610921,-4.389414410911222,15.65247532418779,0.0
12.315,-2.7679131314558734,-4.53242066533479,15.502227378791265,0.0
12.32,-2.8556305267638113,-4.681129442272153,15.358661373348795,0.0
12.325000000000001,-2.946709771381434,-4.838247368789712,15.22168186362729,0.0
12.33,-3.0411845054273052,-5.002735650410004,15.08827941707614,0.0
12.335,-3.138645131087797,-5.174025705311243,14.963707759025782,0.0
12.34,-3.240033811158124,-5.352309202401846,14.84511673558149,0.0
12.345,-3.3459584030997203,-5.539230176393854,14.733714925163893,0.0
12.35,-3.4547071801785525,-5.733610359893176,14.629264562211768,0.0
12.355,-3.5696590978996596,-5.935816944251457,14.534763106795209,0.0
12.36,-3.6890793423438133,-6.145259738733596,14.446922909127444,0.0
12.365,-3.8121022444680874,-6.3651202505475935,14.36783549313022,0.0
12.370000000000001,-3.939039550220935,-6.592996731989154,14.297757980962109,0.0
12.375,-4.072033363251743,-6.831930165040127,14.236199572661187,0.0
12.38,-4.20979255381706,-7.078624570727286,14.185142454230695,0.0
12.385,-4.352736024961239,-7.3336502206353815,14.14506741501039,0.0
12.39,-4.503342487402616,-7.598550965783729,14.117131154730165,0.0
12.395,-4.657094360705822,-7.873732416858817,14.100054484357416,0.0
12.4,-4.8183882701373335,-8.157398179548625,14.096601581005983,0.0
12.405000000000001,-4.986456520979128,-8.453401645792336,14.104946023045795,0.0
12.41,-5.160163321129507,-8.756552570547372,14.127873800627095,0.0
12.415000000000001,-5.340694558383478,-9.0704222813535,14.166947819306866,0.0
12.42,-5.527904151905652,-9.394928104376929,14.22090404181807,0.0
12.425,-5.720033884124017,-9.72906424368073,14.290673210990196,0.0
12.43,-5.920751504783648,-10.072708283834691,14.378266547699146,0.0
12.435,-6.12839643730084,-10.425269531017149,14.484781114220366,0.0
12.44,-6.342430196096739,-10.786757866268646,14.611839125655926,0.0
12.445,-6.565875188189591,-11.15698495778709,14.758948613594367,0.0
12.450000000000001,-6.794941000668003,-11.5370773630871,14.927795604861489,0.0
12.455,-7.031588579367281,-11.923239944719963,15.119858788835824,0.0
12.46,-7.276850271770731,-12.316740083155818,15.336525290431993,0.0
12.465,-7.529353270466049,-12.716769254177434,15.580678973820206,0.0
12.47,-7.788729064805549,-13.120056865917077,15.852217653210893,0.0
12.475,-8.054808534803808,-13.527778913746166,16.15350200827321,0.0
12.48,-8.329342896442874,-13.935789274887014,16.483439988132776,0.0
12.485,-8.610695577611274,-14.34758592814209,16.843642516954382,0.0
12.49,-8.896904770559013,-14.757176862768667,17.23799087163204,0.0
12.495000000000001,-9.189711633817737,-15.162591564004686,17.663607576928644,0.0
12.5,-9.487897669970328,-15.562076764431007,18.124123832328785,0.0
12.505,-9.791350321018212,-15.953227048284926,18.62000548376133,0.0
12.51,-10.097393578067958,-16.33296668240573,19.151372579525887,0.0
12.515,-10.409553228276785,-16.697723400485053,19.72017175474769,0.0
12.52,-10.724438930335829,-17.046980447905497,20.326313538367746,0.0
12.525,-11.041016707609838,-17.372519238999796,20.968068280047603,0.0
12.530000000000001,-11.357955609384657,-17.67298860032365,21.64805140961596,0.0
12.535,-11.673684375728905,-17.94445040815354,22.363500196088328,0.0
12.540000000000001,-11.987167553211606,-18.183460810328853,23.112593663741432,0.0
12.545,-12.296891528720726,-18.385217446892216,23.893353654640137,0.0
12.55,-12.60164284416383,-18.546163180950302,24.704583846690365,0.0
12.555,-12.89843444170728,-18.660501773013664,25.542928515943103,0.0
12.56,-13.186525468831334,-18.725253343677295,26.405350170864367,0.0
12.565,-13.462702429730083,-18.737200555464813,27.287255460595468,0.0
12.57,-13.726544825262344,-18.691070736218947,28.185217461094766,0.0
12.575000000000001,-13.97459514334691,-18.583627858661043,29.09357141365159,0.0
12.58,-14.205898603452066,-18.4140159912576,30.004442198922963,0.0
12.585,-14.416863598190197,-18.17889971268389,30.911972232978723,0.0
12.59,-14.60514010401376,-17.878857654784067,31.810130181414095,0.0
12.595,-14.76796400823056,-17.512200154915327,32.691102606732635,0.0
12.6,-14.90537269203071,-17.07740677115258,33.548239444058126,0.0
12.605,-15.014482870094037,-16.578157023603698,34.373017610330955,0.0
12.61,-15.093093681943396,-16.016931536472136,35.15967403133172,0.0
12.615,-15.13807187231351,-15.395949286963821,35.89867026732944,0.0
12.620000000000001,-15.150598266688164,-14.721745858292365,36.58506672861741,0.0
12.625,-15.128228597923709,-13.998711930115007,37.21244530482482,0.0
12.63,-15.072090993690045,-13.231447502466512,37.7738825054871,0.0
12.635,-14.982049252389603,-12.428115355411139,38.26629955743003,0.0
12.64,-14.853532266973486,-11.595492294413686,38.68636461917594,0.0
12.645,-14.689644568735604,-10.744239819194274,39.03210997391306,0.0
12.65,-14.492640858576037,-9.879800893967328,39.30146089233166,0.0
12.655000000000001,-14.262914237889527,-9.010807644819506,39.49229745799779,0.0
12.66,-14.001424097830162,-8.14596231898009,39.60785119840891,0.0
12.665000000000001,-13.707652744657599,-7.292296757845821,39.6501146611651,0.0
12.67,-13.387224468495416,-6.456453508357323,39.621367458167505,0.0
12.675,-13.040090950285224,-5.646617652333063,39.525892042922294,0.0
12.68,-12.669414928711435,-4.86607185832713,39.366683572940985,0.0
12.685,-12.279329487992886,-4.1221564976598035,39.14884198111966,0.0
12.69,-11.870431738598656,-3.416634092084981,38.88015375741017,0.0
12.695,-11.447544576373383,-2.7527112622926615,38.56398272313471,0.0
12.700000000000001,-11.011471890101284,-2.133810738843459,38.20644662454893,0.0
12.705,-10.568194318075598,-1.561028773361766,37.814642700137206,0.0
12.71,-10.119003322304009,-1.0337195532655605,37.39260670053679,0.0
12.715,-9.66548495296011,-0.5527296441633351,36.94538803304026,0.0
12.72,-9.209308701796973,-0.11768416213043104,36.47890140416641,0.0
12.725,-8.75407484771235,0.27384542636322873,35.99760347255791,0.0
12.73,-8.30288103613509,0.6228501300595746,35.50419312896013,0.0
12.735,-7.856297447785655,0.9314414311381252,35.00520167078299,0.0
12.74,-7.416448066570658,1.20216667588355,34.50129200270805,0.0
12.745000000000001,-6.985449023118567,1.4365188213946092,33.99710163194485,0.0
12.75,-6.563923093496307,1.6389017777465447,33.4940447777413,0.0
12.755,-6.15475102362333,1.8112897077273202,32.9935105433602,0.0
12.76,-5.7562113430797766,1.956544435353094,32.49790796924813,0.0
12.765,-5.370849111945186,2.0757217316037884,32.00845757656293,0.0
12.77,-4.998618297273069,2.173683822566415,31.52645461231156,0.0
12.775,-4.6402118666126,2.2509782967073195,31.05051396498126,0.0
12.780000000000001,-4.296104901401013,2.3102640979092017,30.584015355550903,0.0
12.785,-3.9655654794385913,2.353868130921401,30.125298079311648,0.0
12.790000000000001,-3.6502916731271244,2.3840249905011004,29.675119813965487,0.0
12.795,-3.3475927973527106,2.4017403517549543,29.236048130938414,0.0
12.8,-3.0599581483721,2.410822505533494,28.805926160502636,0.0
12.805,-2.786881620471216,2.410201007723501,28.384854798750546,0.0
12.81,-2.5262804887324664,2.4031326825072705,27.973781559737276,0.0
12.815,-2.27999586721588,2.391650491467265,27.57105800237092,0.0
12.82,-2.046672382861241,2.3749238896054594,27.17529445206698,0.0
12.825000000000001,-1.8251725314659748,2.3538262499824247,26.78839207015243,0.0
12.83,-1.616062266060772,2.3305828277810354,26.409750060736965,0.0
12.835,-1.418571606606962,2.3056961124283224,26.039439584370534,0.0
12.84,-1.233321613347899,2.2796702323492024,25.676054310975314,0.0
12.845,-1.0568350230695964,2.2546867534282655,25.318763880980566,0.0
12.85,-0.8917972276514374,2.228851697988178,24.969524931478233,0.0
12.855,-0.7359329312603886,2.203806216384495,24.62590495859306,0.0
12.86,-0.5883090973328868,2.1811438686184337,24.28932299703638,0.0
12.865,-0.44957508512457645,2.1596119709897064,23.959380002736353,0.0
12.870000000000001,-0.3174782883400149,2.1400289560749295,23.634884037091048,0.0
12.875,-0.19473094941126867,2.1225413101697326,23.3165233402554,0.0
12.88,-0.07911254067339575,2.1062547125697253,23.003038081180335,0.0
12.885,0.028943402632471055,2.0936391473480596,22.695009177660232,0.0
12.89,0.13208332061427458,2.084387237382606,22.39145992114973,0.0
12.895,0.22959043466544987,2.0782742503208986,22.09457164467398,0.0
12.9,0.3222990105060021,2.074130320408209,21.802566701483197,0.0
12.905000000000001,0.4093680401952269,2.0735904788065533,21.515387534781897,0.0
12.91,0.49262294030835874,2.076272393298356,21.232906949866255,0.0
12.915000000000001,0.571831327394578,2.082725725407555,20.9555975213978,0.0
12.92,0.6472973575967503,2.0925346220705254,20.681793452604204,0.0
12.925,0.719037088941844,2.1052753620611253,20.414246101306414,0.0
12.93,0.7892242248202364,2.121397631358267,20.149561187876234,0.0
12.935,0.8567704712695421,2.143174245649674,19.889570034232584,0.0
12.94,0.9218374609443047,2.168080875973665,19.635476887272056,0.0
12.945,0.982927556544553,2.194313946446044,19.38298173378835,0.0
12.950000000000001,1.0446376200154888,2.2255919015792247,19.134997568313697,0.0
12.955,1.1048578501613333,2.260377667464848,18.892967059738655,0.0
12.96,1.1616094785719564,2.30006730062299,18.652082648642224,0.0
12.965,1.218422628580777,2.342069453134004,18.41694364945171,0.0
12.97,1.2745874927194425,2.3879576138168095,18.186273139544937,0.0
12.975,1.3312043507099216,2.4385605173567773,17.95946026302714,0.0
12.98,1.3858794443410256,2.492663034404143,17.73590631239792,0.0
12.985,1.4420941347863094,2.5523993525266784,17.51630559923106,0.0
12.99,1.4974612120423183,2.6150267572709613,17.30125431216609,0.0
12.995000000000001,1.5522173555788275,2.6815091393949047,17.090063646897285,0.0
13.0,1.608831425698356,2.752634988039561,16.883315947055106,0.0
13.005,1.6672561782421293,2.8272484721896585,16.680948388853714,0.0
13.01,1.7251179741393368,2.908105873286099,16.481681306680834,0.0
13.015,1.784387005252682,2.991908974595704,16.287382816245973,0.0
13.02,1.8454439772947475,3.0815373031851143,16.096447282068258,0.0
13.025,1.9074591913536438,3.1764173573871344,15.90906980081539,0.0
13.030000000000001,1.9710665261335476,3.2750645887339602,15.726915807761406,0.0
13.035,2.0355856390171527,3.379175105648023,15.550065528387346,0.0
13.040000000000001,2.1020010592688947,3.4896388399741713,15.376591660729137,0.0
13.045,2.170553497297873,3.604640568521701,15.21011334625964,0.0
13.05,2.2420859722168633,3.7261225179146615,15.047416543854732,0.0
13.055,2.315616953273494,3.8527045058589815,14.887912234067494,0.0
13.06,2.3932591047861886,3.985977446845478,14.733378745404668,0.0
13.065,2.472009803304446,4.125125446230442,14.58546391471145,0.0
13.07,2.5559719411340494,4.270700869177867,14.44147541327418,0.0
13.075000000000001,2.640812119317978,4.42338247797884,14.303288481683264,0.0
13.08,2.7303723071784733,4.58298944429896,14.171164963972068,0.0
13.085,2.821428003204162,4.748484217886185,14.044446767095177,0.0
13.09,2.9172211073236576,4.922376670946477,13.92322738993062,0.0
13.095,3.0176844575343558,5.102060466184246,13.810140257816109,0.0
13.1,3.120535436728621,5.289641779776903,13.701993963834179,0.0
13.105,3.2302042868115244,5.487051582597477,13.601344538907005,0.0
13.11,3.342929240254774,5.691795211405359,13.507671627567655,0.0
13.115,3.4606283371011433,5.905477945336255,13.42137084305207,0.0
13.120000000000001,3.582025927945789,6.1289198656909285,13.343389793161894,0.0
13.125,3.710036763201996,6.362154406260612,13.275009520149116,0.0
13.13,3.8418082627297583,6.6038810494861915,13.216388785903474,0.0
13.135,3.978786909697426,6.8547825549240615,13.167316791571182,0.0
13.14,4.122046100445646,7.115463128539027,13.128448455260473,0.0
13.145,4.2719530518732505,7.386605785499913,13.098741915565547,0.0
13.15,4.427949482049451,7.668277476092449,13.083905454553223,0.0
13.155000000000001,4.591040093646084,7.962515351805037,13.078953110261267,0.0
13.16,4.759299372906485,8.263722274505591,13.088117013255257,0.0
13.165000000000001,4.934338433916086,8.577182597450639,13.10953363262867,0.0
13.17,5.116837144717033,8.902005397844038,13.14634410174001,0.0
13.175,5.306870468550097,9.237323646929486,13.197989034002221,0.0
13.18,5.5033188693484085,9.583576366545655,13.266684959821205,0.0
13.185,5.707345602455878,9.941046726146233,13.354258941661397,0.0
13.19,5.920420880673062,10.309232892604298,13.459152772484375,0.0
13.195,6.139018228129401,10.687372431389235,13.585028022653304,0.0
13.200000000000001,6.366214306491945,11.075371031610977,13.731065492273501,0.0
13.205,6.602253367287533,11.475001502164941,13.901267391206211,0.0
13.21,6.846047282190969,11.883018883835554,14.09517378744643,0.0
13.215,7.097400883761921,12.300322517812429,14.313946458618808,0.0
13.22,7.357027457564986,12.72356821250814,14.560548310256195,0.0
13.225,7.625377969906596,13.153964722519145,14.834913356556283,0.0
13.23,7.901304641151858,13.590193214525625,15.139158522956329,0.0
13.235,8.186787621618345,14.030503763686731,15.47375781618765,0.0
13.24,8.479329731787082,14.47260337069166,15.841595375665246,0.0
13.245000000000001,8.779040696062776,14.916968141404245,16.24297534086391,0.0
13.25,9.08554062331776,15.358729227993514,16.68118348388646,0.0
13.255,9.398890868347983,15.795864944092902,17.155625112294274,0.0
13.26,9.719926452517788,16.225974933823093,17.669484421310155,0.0
13.265,10.04522628980649,16.645970081565807,18.22195256811338,0.0
13.27,10.376236066990108,17.05245674075965,18.81481536771198,0.0
13.275,10.709269673644952,17.444427906325657,19.449072698717725,0.0
13.280000000000001,11.046067554105615,17.81560784703811,20.123929547705664,0.0
13.285,11.384518604575371,18.162263424630435,20.8403460722971,0.0
13.290000000000001,11.724106049034795,18.47904952275177,21.597002994565983,0.0
13.295,12.062036722753534,18.763397159603095,22.392365850199184,0.0
13.3,12.396501395462023,19.007998937288452,23.225143799108235,0.0
13.305,12.727841796233653,19.208484958849894,24.093128781363763,0.0
13.31,13.051950867934845,19.361407673547124,24.995251809309057,0.0
13.315,13.366854759711108,19.46002435353458,25.925273432087447,0.0
13.32,13.671365016424579,19.50298744995649,26.880387731769225,0.0
13.325000000000001,13.96246295101219,19.481469052171086,27.854370080173087,0.0
13.33,14.239510693031152,19.39495154645341,28.842803240710765,0.0
13.335,14.497475581707612,19.238976935825697,29.838243647453577,0.0
13.34,14.734624323545422,19.00930051745688,30.8332054775832,0.0
13.345,14.949572066400375,18.705169512746153,31.822673081386885,0.0
13.35,15.137168106931691,18.325858070912766,32.796071371981,0.0
13.355,15.296925786466216,17.87100460332711,33.74459795832179,0.0
13.36,15.425833445349772,17.342680321960874,34.66149936779684,0.0
13.365,15.52142627198767,16.742271973617928,35.53686659092988,0.0
13.370000000000001,15.581858326541322,16.07359710708145,36.36188696891057,0.0
13.375,15.606670273561972,15.341851231734786,37.12954385698677,0.0
13.38,15.591911013683228,14.554576874352076,37.83261117191736,0.0
13.385,15.540469469379515,13.714720985429015,38.46349218798303,0.0
13.39,15.448738635821016,12.83299975470755,39.015593669976,0.0
13.395,15.319479819886402,11.917854538087012,39.485601014125336,0.0
13.4,15.150610245902529,10.97874987226272,39.872618242894255,0.0
13.405000000000001,14.941652602358364,10.022890063549141,40.17336524057637,0.0
13.41,14.696942329262335,9.063102653439255,40.3859274517565,0.0
13.415000000000001,14.415149867257172,8.107150530275417,40.51460723473391,0.0
13.42,14.101082147627736,7.1636014360548685,40.55931462198377,0.0
13.425,13.754513349541053,6.242955683878117,40.5231301696577,0.0
13.43,13.378259813913303,5.350025373013794,40.41233546326675,0.0
13.435,12.977013663293341,4.493411549015249,40.231720713673454,0.0
13.44,12.553377342945303,3.67703580280829,39.986826904194515,0.0
13.445,12.109513042092134,2.906206493711513,39.683470985410196,0.0
13.450000000000001,11.649010483587167,2.184000409139956,39.33100039540502,0.0
13.455,11.176114473457927,1.513796731074489,38.93344962168547,0.0
13.46,10.692944622939478,0.8949192499469909,38.50060907117401,0.0
13.465,10.203501077969273,0.3285826956024239,38.03463286897526,0.0
13.47,9.709191775908081,-0.18515654743201915,37.54430890945346,0.0
13.475,9.214521631917759,-0.6486542703641816,37.034605878408755,0.0
13.48,8.722455236526221,-1.061683917600895,36.51020221130817,0.0
13.485,8.233228515320347,-1.4278096868888988,35.97742354526806,0.0
13.49,7.7504215980463265,-1.749571916497779,35.43846661068016,0.0
13.495000000000001,7.275325354646593,-2.028666799327646,34.897064128668454,0.0
13.5,6.811579792012018,-2.2689972823540163,34.35889846738964,0.0
13.505,6.358700191463346,-2.473311085454521,33.82292702266759,0.0
13.51,5.916672193631662,-2.645561909099931,33.2934451015391,0.0
13.515,5.48856011408999,-2.7891374708870997,32.77110636079686,0.0
13.52,5.074140247226655,-2.9056110857757598,32.25689330977242,0.0
13.525,4.675322253971241,-2.999152199481662,31.752714328727645,0.0
13.530000000000001,4.293266000571206,-3.0718453516439523,31.260410368839885,0.0
13.535,3.9253321895698323,-3.1261385229929375,30.777610986722042,0.0
13.540000000000001,3.5723891938812717,-3.1656867758008307,30.30564332427675,0.0
13.545,3.2338569239641637,-3.1917011326116587,29.844000758158426,0.0
13.55,2.9118938668015826,-3.2061671839119734,29.395281690063467,0.0
13.555,2.606052953343206,-3.210157496170198,28.9562853687971,0.0
13.56,2.3144001622385404,-3.206507551001642,28.527499563673565,0.0
13.565,2.0377185534065347,-3.1962688697239052,28.11016093006671,0.0
13.57,1.775213732500863,-3.179598491518341,27.70297021421109,0.0
13.575000000000001,1.526930304308325,-3.161530232321945,27.30594229085016,0.0
13.58,1.293653275138811,-3.1402808493704386,26.917317575459652,0.0
13.585,1.0713596124690876,-3.117874696144352,26.53941772043361,0.0
13.59,0.8625106580341567,-3.0927353017979424,26.167552572877376,0.0
13.595,0.664598972663365,-3.069102880190527,25.805394988101405,0.0
13.6,0.47735714916332883,-3.0455982329655273,25.451077924693056,0.0
13.605,0.30150840302771326,-3.0240804486046695,25.104414947272385,0.0
13.61,0.1357314477825253,-3.0039270967698024,24.76458075418675,0.0
13.615,-0.02178405697085542,-2.9853359108266964,24.43173451593021,0.0
13.620000000000001,-0.17049975980439522,-2.9710991744580646,24.106233281764034,0.0
13.625,-0.31033067092340505,-2.9598419844351107,23.788286259776374,0.0
13.63,-0.44317265684979573,-2.952122024747524,23.474348818696463,0.0
13.635,-0.5693660018590982,-2.9478838036723536,23.16755475959334,0.0
13.64,-0.6893912367535697,-2.9467866510002683,22.86570772764824,0.0
13.645,-0.8016576507275982,-2.950008483637971,22.569874465861773,0.0
13.65,-0.9098666171825766,-2.956534845830268,22.280436569731485,0.0
13.655000000000001,-1.011857948217758,-2.968354074294811,21.99706602122483,0.0
13.66,-1.1092029926416578,-2.983047512722326,21.718820308413985,0.0
13.665000000000001,-1.2021655423157207,-3.002575245377272,21.445338123237512,0.0
13.67,-1.2916605542737452,-3.028170891402744,21.178249192478493,0.0
13.675,-1.378178207550326,-3.0570787759619127,20.9151533831589,0.0
13.68,-1.4620371256828695,-3.0902660689569754,20.657378177808244,0.0
13.685,-1.5421614191191555,-3.128380785921123,20.402797524798732,0.0
13.69,-1.6204100410497246,-3.171687038681833,20.15579963701789,0.0
13.695,-1.6981175424321393,-3.21941870059212,19.913130336381744,0.0
13.700000000000001,-1.7741659413297612,-3.270894147392589,19.674240435938227,0.0
13.705,-1.8490691680459348,-3.328938534171392,19.442158302606273,0.0
13.71,-1.9237639019420942,-3.391171616356977,19.214659019647055,0.0
13.715,-1.9969434359767635,-3.4581492818047526,18.99109211525162,0.0
13.72,-2.0703419311928606,-3.5295897887009944,18.77263060343263,0.0
13.725,-2.144187496140196,-3.608414533076185,18.558667078265934,0.0
13.73,-2.218158777655507,-3.6901645289471343,18.349179906095337,0.0
13.735,-2.2904797892887934,-3.7795891678821496,18.14452940796495,0.0
13.74,-2.3645200521547856,-3.8743235303670183,17.946426040946317,0.0
13.745000000000001,-2.4411084682611417,-3.97366596202798,17.752893861326253,0.0
13.75,-2.5177117393025084,-4.078989914736769,17.564243945502525,0.0
13.755,-2.595224897046652,-4.190602886198257,17.38114068811568,0.0
13.76,-2.674492556114407,-4.307022150951318,17.204015770098845,0.0
13.765,-2.7556074015991716,-4.429863891143992,17.03224569278163,0.0
13.77,-2.839159278111647,-4.558545790842419,16.867340544017356,0.0
13.775,-2.926007432669554,-4.694317618059354,16.707209517562003,0.0
13.780000000000001,-3.013761243907967,-4.836545050825272,16.55293209391544,0.0
13.785,-3.1038041439927913,-4.984864843078473,16.4048191363717,0.0
13.790000000000001,-3.1972606545484754,-5.1403479177831946,16.263528954234417,0.0
13.795,-3.2954155824311733,-5.302270329339341,16.128591249344776,0.0
13.8,-3.395518417180104,-5.472256078333639,16.001302166752755,0.0
13.805,-3.498774186328901,-5.649186010478269,15.880449802812603,0.0
13.81,-3.606052685383642,-5.833091380215922,15.767997891034991,0.0
13.815,-3.717121790957778,-6.023228526262999,15.663113919008442,0.0
13.82,-3.833151144872411,-6.222690276859626,15.567626652023302,0.0
13.825000000000001,-3.9517223617078945,-6.4292408043175655,15.478312295243324,0.0
13.83,-4.075452837558499,-6.64342278617645,15.398842525354956,0.0
13.835,-4.2027081593929845,-6.866816039592971,15.329475779733697,0.0
13.84,-4.335565330993854,-7.098392423045537,15.269480667579266,0.0
13.845,-4.473680840395068,-7.33796621386675,15.220036800572265,0.0
13.85,-4.61697490129463,-7.587763517260547,15.180703142055147,0.0
13.855,-4.765751799506311,-7.845952302826272,15.153109818055976,0.0
13.86,-4.919868962297773,-8.112079966876403,15.13872909228511,0.0
13.865,-5.07874174634873,-8.38900136991863,15.136847684635182,0.0
13.870000000000001,-5.244643331547197,-8.674025943120231,15.149993255918508,0.0
13.875,-5.416505578719511,-8.967973654070382,15.174562090840547,0.0
13.88,-5.594365034274837,-9.270563045080992,15.21462987529057,0.0
13.885,-5.779245648253881,-9.581468786870655,15.27174159160865,0.0
13.89,-5.970864642142018,-9.90155102640821,15.345340758398391,0.0
13.895,-6.16748709913662,-10.230559144828842,15.435293727267402,0.0
13.9,-6.370106529046236,-10.56695761919395,15.543597620492108,0.0
13.905000000000001,-6.579643231209781,-10.91127622675344,15.672755261408003,0.0
13.91,-6.795921034209927,-11.262083835254709,15.822824985507337,0.0
13.915000000000001,-7.018403817077182,-11.619073267760346,15.994822817939054,0.0
13.92,-7.2479393048578675,-11.981543786097461,16.189442733728814,0.0
13.925,-7.484418274255429,-12.348836810429917,16.407715453614202,0.0
13.93,-7.726489967899693,-12.721214806155741,16.65051825137553,0.0
13.935,-7.976695203769646,-13.095189905117302,16.919575041295385,0.0
13.94,-8.232969511253383,-13.472506739547764,17.216469836370635,0.0
13.945,-8.494487753446082,-13.848871913756701,17.54108440512702,0.0
13.950000000000001,-8.762258383246445,-14.223551514324447,17.894727332970984,0.0
13.955,-9.0347760281048,-14.594775732479388,18.27797928128686,0.0
13.96,-9.312574853919635,-14.960569697390046,18.694175915737475,0.0
13.965,-9.594158131222354,-15.319557138471836,19.14079254251866,0.0
13.97,-9.88066823568298,-15.668312377108597,19.6205298275914,0.0
13.975,-10.170996595597806,-16.003238624490642,20.13302537445278,0.0
13.98,-10.463059486942727,-16.32507801659378,20.679511328413586,0.0
13.985,-10.756314243466948,-16.626144604041016,21.25866084840485,0.0
13.99,-11.050115002130472,-16.907322546841943,21.8696574833287,0.0
13.995000000000001,-11.342662082688113,-17.16100551067446,22.51166365474544,0.0
14.0,-11.633257730108335,-17.38433296627049,23.18512513088223,0.0
14.005,-11.921052176460943,-17.576899828742956,23.887628255893645,0.0
14.01,-12.2046437972393,-17.734270676465034,24.61761896531273,0.0
14.015,-12.481498830053395,-17.851625100860375,25.370336725023975,0.0
14.02,-12.751156575165295,-17.926011865176672,26.14495721088564,0.0
14.025,-13.009175188702901,-17.95438713748166,26.938397404986297,0.0
14.030000000000001,-13.256150356772755,-17.9332325499855,27.747004538575553,0.0
14.035,-13.490365960175717,-17.860314063829726,28.566725052264943,0.0
14.040000000000001,-13.70869230104196,-17.73221517828326,29.390088648346246,0.0
14.045,-13.909988335574461,-17.547637975702298,30.21385766882203,0.0
14.05,-14.091288816272927,-17.30536658234317,31.031710472031545,0.0
14.055,-14.250800182341452,-17.005925578388872,31.836817659603337,0.0
14.06,-14.387905469659025,-16.64838769790315,32.624085454838024,0.0
14.065,-14.499847884573063,-16.232396261529495,33.3875617429766,0.0
14.07,-14.585970532558752,-15.761592077593749,34.118909751585576,0.0
14.075000000000001,-14.643202427858988,-15.236239147057185,34.8140868036351,0.0
14.08,-14.6728878004913,-14.6610236360233,35.46681415480117,0.0
14.085,-14.671818481579473,-14.038480612426579,36.07004233250989,0.0
14.09,-14.63957892453355,-13.376206365004991,36.62064296673618,0.0
14.095,-14.576078636257913,-12.678494935414273,37.110984323122544,0.0
14.1,-14.480053027942239,-11.950355028664141,37.54000079821193,0.0
14.105,-14.35315777447493,-11.198511714612456,37.90536614885369,0.0
14.11,-14.195674584940917,-10.432711327390415,38.20342357494647,0.0
14.115,-14.008055051790281,-9.655902490304834,38.43475366823696,0.0
14.120000000000001,-13.791141199674344,-8.877084412045683,38.597769421189476,0.0
14.125,-13.546122031497589,-8.102654110606064,38.69358943221617,0.0
14.13,-13.275426099266504,-7.339319486515572,38.72676312839452,0.0
14.135,-12.97924804359393,-6.590759746668656,38.69621649707627,0.0
14.14,-12.659133863690467,-5.863364461236398,38.60812648469713,0.0
14.145,-12.319120040701101,-5.162274846803754,38.46309739213053,0.0
14.15,-11.96109100379689,-4.491709584879002,38.269075164073584,0.0
14.155000000000001,-11.58777836814323,-3.854910197877691,38.02870126558921,0.0
14.16,-11.20126396004656,-3.25536757987432,37.74458152240891,0.0
14.165000000000001,-10.803716806019258,-2.6946580856247944,37.42354776858871,0.0
14.17,-10.399590593817072,-2.172269914161883,37.07005007358822,0.0
14.175,-9.986969892878637,-1.6901102091015034,36.68939226315004,0.0
14.18,-9.571720962657432,-1.2470911665008446,36.28462778937549,0.0
14.185,-9.154745270074038,-0.8446068562670449,35.8607316065392,0.0
14.19,-8.73984998619759,-0.4807094095676513,35.42151163439182,0.0
14.195,-8.326440975516158,-0.15440107087523786,34.97074914493229,0.0
14.200000000000001,-7.918238705176757,0.1365941342782483,34.51050319226747,0.0
14.205,-7.516146954056024,0.39356568044449297,34.044680410986295,0.0
14.21,-7.121642504345546,0.6183950467753246,33.575426234712296,0.0
14.215,-6.7339121140173575,0.8137740596791154,33.10520360199457,0.0
14.22,-6.3568809049506765,0.9813566543387997,32.636052022562126,0.0
14.225,-5.9903652788419945,1.124352621002701,32.169366035248565,0.0
14.23,-5.634858239057058,1.2427930783595185,31.706908518111465,0.0
14.235,-5.290058397206558,1.3398742306945448,31.2501961838644,0.0
14.24,-4.959193313775577,1.4201735141481822,30.798307848776645,0.0
14.245000000000001,-4.639313907537078,1.4820052402076345,30.353393127808115,0.0
14.25,-4.331567486502971,1.528872991287228,29.91491860804139,0.0
14.255,-4.038301683421194,1.5637685873420617,29.482259688253535,0.0
14.26,-3.757378863786033,1.5858990383175307,29.058426530738227,0.0
14.265,-3.4910734691470275,1.597242392772935,28.640404060062185,0.0
14.27,-3.2365900309985554,1.6000499883703971,28.23033157031102,0.0
14.275,-2.9951766174566137,1.594611462138273,27.82732968214477,0.0
14.280000000000001,-2.7661482954277496,1.5841529191049517,27.4321195756755,0.0
14.285,-2.5480050017635993,1.569009839763054,27.045141612974447,0.0
14.290000000000001,-2.3417539829195424,1.5490666046718427,26.664991666849147,0.0
14.295,-2.1473491986045263,1.525865923873823,26.2907222087336,0.0
14.3,-1.9633574499823578,1.5004391236261108,25.924524722032423,0.0
14.305,-1.7899842041378304,1.4712619677448042,25.562810793941804,0.0
14.31,-1.625806567988068,1.4416205550892258,25.207775990481856,0.0
14.315,-1.4712430446808828,1.4118047863755105,24.860705273247188,0.0
14.32,-1.3284138064019433,1.381444997154371,24.519372559217427,0.0
14.325000000000001,-1.1929163741879234,1.3505832022758828,24.18317941999389,0.0
14.33,-1.066259421531986,1.3224279024689194,23.853330841426413,0.0
14.335,-0.9478908245675028,1.2941161769672607,23.527777502904755,0.0
14.34,-0.8370475765593454,1.2672865018431385,23.207815325726028,0.0
14.345,-0.7315814373244551,1.2395653419956563,22.891931346697756,0.0
14.35,-0.6324462299424454,1.2155798163389067,22.581952797464407,0.0
14.355,-0.5401366107119988,1.1927492459712616,22.27660367077743,0.0
14.36,-0.453366057830769,1.1702383505835128,21.9766964404203,0.0
14.365,-0.3709930846538756,1.1511953012460225,21.681899309718872,0.0
14.370000000000001,-0.296255459991255,1.1333720424118423,21.39080902989526,0.0
14.375,-0.2252995844599987,1.118210009421499,21.103190475632974,0.0
14.38,-0.158150638204696,1.1049731496911208,20.821102901717893,0.0
14.385,-0.09512202750436269,1.0917794670169556,20.543015572485125,0.0
14.39,-0.035315973978559595,1.08261716822608,20.268574223084805,0.0
14.395,0.020339949811819205,1.0758359714544659,19.997810306397426,0.0
14.4,0.07344211947843528,1.0717785078315143,19.730677102579573,0.0
14.405000000000001,0.1233140323786316,1.071028920282321,19.467436476810732,0.0
14.41,0.17004010971238673,1.0715911495350767,19.20921416705582,0.0
14.415000000000001,0.2155675148672185,1.0735785755225857,18.95442302283608,0.0
14.42,0.2584598177824513,1.0773360021635958,18.702777070050594,0.0
14.425,0.29964847471958056,1.083727880818662,18.45520710547059,0.0
14.43,0.3370755756576448,1.0933620491260265,18.211815103393537,0.0
14.435,0.3745173722539732,1.104886957781057,17.97150662673231,0.0
14.44,0.41019829005114755,1.1165660142256337,17.733817134760546,0.0
14.445,0.44627652640481186,1.1332082152550493,17.500376894383557,0.0
14.450000000000001,0.4795308001594716,1.1505548800306145,17.269779976694604,0.0
14.455,0.5126205039063668,1.1710993932616007,17.041874417425852,0.0
14.46,0.5452304773752726,1.1933751453344112,16.81743532999727,0.0
14.465,0.5774156602690005,1.2177026985163841,16.59647892510412,0.0
14.47,0.6093583892122659,1.2445330704558206,16.38012275667015,0.0
14.475,0.6408106721023705,1.2741126054375929,16.165784830982044,0.0
14.48,0.6726707312699469,1.306037390344205,15.95469239387553,0.0
14.485,0.7041985652745807,1.3400097448475288,15.746252199466452,0.0
14.49,0.7365718513783077,1.3763779285342266,15.540597395281255,0.0
14.495000000000001,0.768163126412872,1.416026724975371,15.339080113911233,0.0
14.5,0.800287220982903,1.4566686346265607,15.140946038940443,0.0
14.505,0.8326268709101077,1.5005794081700157,14.94590118592463,0.0
14.51,0.8668681375321216,1.5472799265313792,14.75265714396023,0.0
14.515,0.9005601076439206,1.5980697004123623,14.563266990183719,0.0
14.52,0.9356194168250301,1.6512447742258947,14.377005983085466,0.0
14.525,0.9702027777471024,1.7068202515499247,14.192466425836354,0.0
14.530000000000001,1.0075575430183816,1.7661268925667228,14.012179391853413,0.0
14.535,1.0453988320359164,1.8276693624878317,13.834601159035593,0.0
14.540000000000001,1.0858380344498961,1.8918635402245578,13.658768120241954,0.0
14.545,1.1263665285077216,1.960214871996171,13.48673312423483,0.0
14.55,1.1676334501582661,2.031772795132074,13.317410873764166,0.0
14.555,1.211989475901617,2.1077328844909418,13.150968027617216,0.0
14.56,1.2572408119352694,2.1882774385863177,12.986717431957437,0.0
14.565,1.3042309643667733,2.2722507915345176,12.826964685253113,0.0
14.57,1.3522842058285733,2.3586149009956925,12.66968507438883,0.0
14.575000000000001,1.4032549704585586,2.449687587134582,12.516646190673752,0.0
14.58,1.4564045782310744,2.5464820029890842,12.366858708794789,0.0
14.585,1.5114955705468476,2.647992692773185,12.2222276028453,0.0
14.59,1.5684184551353453,2.7539021621943243,12.078776546221722,0.0
14.595,1.6284348254527572,2.863989049512874,11.939605591787787,0.0
14.6,1.6902430647623,2.981854914307983,11.803719444049557,0.0
14.605,1.7552776793979343,3.1038028582727795,11.67233882002077,0.0
14.61,1.822537118115066,3.2314214718177143,11.544388741941457,0.0
14.615,1.8925862041037518,3.365345996048285,11.419521240849873,0.0
14.620000000000001,1.9673316818019875,3.5056107302376196,11.298724283294641,0.0
14.625,2.0437355753910227,3.6525243209922373,11.182195957625764,0.0
14.63,2.1235903452798404,3.8050387271328105,11.068698675384464,0.0
14.635,2.2070207707744545,3.9655756203318884,10.960998850358765,0.0
14.64,2.2951955838888334,4.132984595914801,10.859101734973908,0.0
14.645,2.3872567722310247,4.308869934761737,10.761880387246904,0.0
14.65,2.4844526166453975,4.4920629203983,10.669633122892941,0.0
14.655000000000001,2.584288242613261,4.68395089705497,10.583799077629058,0.0
14.66,2.688834027914097,4.885230432348538,10.50277409885541,0.0
14.665000000000001,2.797569965518345,5.095514791151407,10.428364325303503,0.0
14.67,2.9117369514137588,5.315955675007974,10.360987374206648,0.0
14.675,3.0313798472622824,5.546314916008314,10.300681530376156,0.0
14.68,3.1582251512877377,5.787443688625458,10.247107534974159,0.0
14.685,3.290205680364014,6.039482784103107,10.202952442954366,0.0
14.69,3.4288726778417216,6.301735376313385,10.165617275031058,0.0
14.695,3.5730018104612458,6.576478578771188,10.137799729898955,0.0
14.700000000000001,3.7241093215802175,6.862221181597562,10.119674921143586,0.0
14.705,3.8811726389796983,7.159898326717498,10.112430158783868,0.0
14.71,4.0440291057381215,7.471211532226005,10.115493757569384,0.0
14.715,4.215794643511825,7.796470760931234,10.131237602994467,0.0
14.72,4.395231033156438,8.133812386626527,10.160063243319655,0.0
14.725,4.581088582375346,8.484909586431455,10.20201686617291,0.0
14.73,4.77677380192745,8.850384065005619,10.259843441373674,0.0
14.735,4.980731944516711,9.230376282481254,10.335148056136838,0.0
14.74,5.192158711031136,9.624915144943296,10.427753980765164,0.0
14.745000000000001,5.413824858004931,10.033384387210727,10.53823947215693,0.0
14.75,5.645349665455636,10.45590796905872,10.669611512469817,0.0
14.755,5.885304209892818,10.892005748623522,10.823441307000873,0.0
14.76,6.136012949299266,11.343246776680203,11.000072097362317,0.0
14.765,6.396547971198498,11.807840778305128,11.201162048893956,0.0
14.77,6.667222229057496,12.2865533906641,11.429033244200408,0.0
14.775,6.947772191245539,12.777686821990702,11.686608820067539,0.0
14.780000000000001,7.238661067400904,13.280457966990143,11.97407176327699,0.0
14.785,7.540427133118894,13.793847972065146,12.294995352505934,0.0
14.790000000000001,7.852604796991048,14.316783242055592,12.65163261240282,0.0
14.795,8.176022682357866,14.848191711482063,13.046108740404314,0.0
14.8,8.510231185920704,15.38455706195411,13.479033143852925,0.0
14.805,8.853782965311643,15.927820695172125,13.954241545905823,0.0
14.81,9.207592171942505,16.46928092164604,14.472392078602402,0.0
14.815,9.57066514913037,17.008181343072533,15.037517158495897,0.0
14.82,9.942754947181673,17.54273536972325,15.651673347828273,0.0
14.825000000000001,10.32255340895764,18.067888422487705,16.31587373280827,0.0
14.83,10.709724151990482,18.579341062228703,17.03024861893839,0.0
14.835,11.10272615751686,19.074330966752324,17.797945880304784,0.0
14.84,11.500923871398804,19.545146556217674,18.61816026295172,0.0
14.845,11.904375962773056,19.987507252830607,19.49383199020608,0.0
14.85,12.30854530403178,20.393458169890177,20.424970373715865,0.0
14.855,12.713461964022734,20.757041884929137,21.407931406094495,0.0
14.86,13.116166768480781,21.07272711968143,22.44233856877478,0.0
14.865,13.515162460715246,21.330967717704205,23.52444818772985,0.0
14.870000000000001,13.906098096003928,21.52494579524468,24.651814566054483,0.0
14.875,14.287675452696766,21.650942788108495,25.820912058597916,0.0
14.88,14.657566161655058,21.698156328255926,27.0234338230835,0.0
14.885,15.008863538569855,21.66090826937458,28.25345546834022,0.0
14.89,15.341509661517302,21.533097967386855,29.502975332641757,0.0
14.895,15.651669948075119,21.31078530403209,30.76255126986394,0.0
14.9,15.935249403102453,20.98685371337087,32.01994609690049,0.0
14.905000000000001,16.18851387018546,20.561479038575158,33.26528396286217,0.0
14.91,16.407240318983856,20.032709536727523,34.48640182604684,0.0
14.915000000000001,16.588615375363265,19.40050328902441,35.670109651469865,0.0
14.92,16.728781224947916,18.666844384644797,36.80135142368583,0.0
14.925,16.82593196579187,17.837308095712373,37.87206286367714,0.0
14.93,16.875887230753467,16.918226888398404,38.8680004311022,0.0
14.935,16.877249469508165,15.917789855874808,39.777596742284004,0.0
14.94,16.829786117105577,14.844409992406483,40.589966502064115,0.0
14.945,16.730789616402816,13.712614861812845,41.297939328216025,0.0
14.950000000000001,16.580316121622047,12.5312792931548,41.894107572445144,0.0
14.955,16.378621001816157,11.31697249791549,42.3742177782977,0.0
14.96,16.126341192596776,10.082790257875978,42.7363241725296,0.0
14.965,15.825379431852332,8.844322321186628,42.97856054664871,0.0
14.97,15.476231940340293,7.6134029406536925,43.10564489998944,0.0
14.975,15.083831371495824,6.4062918809753135,43.12094181266722,0.0
14.98,14.650492276704343,5.233409020159568,43.02786614109263,0.0
14.985,14.178466130968356,4.10675678449001,42.83824010385607,0.0
14.99,13.674771726637408,3.0339185854233612,42.55830158843356,0.0
14.995000000000001,13.143609567038107,2.0250692292042194,42.19857314852994,0.0
15.0,12.587535441952532,1.0809697200097355,41.7684561192532,0.0
15.005,12.012068478136902,0.20931118140400506,41.27884546791602,0.0
15.01,11.421112508889832,-0.5900651301630214,40.74173268886531,0.0
15.015,10.821349765563923,-1.3155977886580574,40.16479670951381,0.0
15.02,10.214828653848222,-1.9672908316963629,39.55768219785829,0.0
15.025,9.606440886145656,-2.5472742015181695,38.92890777913973,0.0
15.030000000000001,8.99804450965088,-3.0605050084209218,38.2873952468349,0.0
15.035,8.395709904504237,-3.50774889308725,37.63810610039383,0.0
15.040000000000001,7.800066134680002,-3.894166492606338,36.99011686344023,0.0
15.045,7.214779741557039,-4.224800696541539,36.3447756046997,0.0
15.05,6.643178155553884,-4.504676229434246,35.70764498407271,0.0
15.055,6.086128292090563,-4.737335084126597,35.08163563987625,0.0
15.06,5.546102108464167,-4.930320822034332,34.469902441637835,0.0
15.065,5.023310418047595,-5.084273919170936,33.871823106539686,0.0
15.07,4.517930392037824,-5.20591522676377,33.29367544723234,0.0
15.075000000000001,4.0316398426071425,-5.298581391409584,32.732073410193486,0.0
15.08,3.5638146020849,-5.367796647672008,32.188040318816334,0.0
15.085,3.1168505796541446,-5.415402833037098,31.662460434759204,0.0
15.09,2.688052314372672,-5.445214390987948,31.156097466083672,0.0
15.095,2.2817245907517587,-5.460672630650986,30.66843506734232,0.0
15.1,1.8949226753915804,-5.465052536931153,30.196473169637933,0.0
15.105,1.5268308129709622,-5.460569534585986,29.741298398935548,0.0
15.11,1.1776438438957577,-5.44717613566146,29.302777932253903,0.0
15.115,0.8472199526760423,-5.427894004789268,28.880279597227247,0.0
15.120000000000001,0.5335233229096741,-5.403844553168345,28.472102613204495,0.0
15.125,0.23666596816096613,-5.377659286966867,28.076808070034016,0.0
15.13,-0.04514251299958277,-5.351563556757546,27.696424170386504,0.0
15.135,-0.3105298133861853,-5.325029117251109,27.32873638604037,0.0
15.14,-0.5613363465235404,-5.299938630550127,26.97178090434828,0.0
15.145,-0.7974051012471508,-5.275192022043787,26.626790754269866,0.0
15.15,-1.0210329641072566,-5.254230342580941,26.292077701898588,0.0
15.155000000000001,-1.233019507096068,-5.236426192950393,25.96828301429142,0.0
15.16,-1.4323507025939968,-5.222539686874461,25.654861686191264,0.0
15.165000000000001,-1.6206755316432404,-5.213481913794031,25.351038843513027,0.0
15.17,-1.8007410537938502,-5.208342944201168,25.056267555061986,0.0
15.175,-1.9702859577349936,-5.209551864376409,24.768555118544572,0.0
15.18,-2.131515469087355,-5.214517857957967,24.49048683510454,0.0
15.185,-2.285631394626955,-5.22643116810711,24.219093313910623,0.0
15.19,-2.4327208646958156,-5.244509494911699,23.955485650217913,0.0
15.195,-2.5735703789012683,-5.268256053899588,23.70025931409556,0.0
15.200000000000001,-2.708321338260509,-5.297627880354624,23.45290927819433,0.0
15.205,-2.8391093608834064,-5.333212326734719,23.211640034657922,0.0
15.21,-2.9639996825776933,-5.373781100470953,22.97937693416314,0.0
15.215,-3.084977573878131,-5.421679801490789,22.752980450858544,0.0
15.22,-3.2013213633972923,-5.4753690841883165,22.5334366735355,0.0
15.225,-3.31570333206155,-5.5349413737564985,22.321769216384208,0.0
15.23,-3.427615167448954,-5.601552466460157,22.11607203626575,0.0
15.235,-3.535869901671934,-5.675225098025162,21.918007809594275,0.0
15.24,-3.6419345588723853,-5.753551962619174,21.72530410451342,0.0
15.245000000000001,-3.747827759500588,-5.839456122113977,21.541230003814842,0.0
15.25,-3.8519507407095714,-5.93205052740052,21.3627559641207,0.0
15.255,-3.9570712312423257,-6.030495348869765,21.193215900493847,0.0
15.26,-4.060760128730527,-6.135820277495651,21.028192362736185,0.0
15.265,-4.164926003621235,-6.245812152056521,20.87340724586365,0.0
15.27,-4.269182681975906,-6.36225388185468,20.725642963443534,0.0
15.275,-4.373426707842364,-6.485839879023607,20.58589058895245,0.0
15.280000000000001,-4.478581234547986,-6.6155233444827,20.45201344955161,0.0
15.285,-4.585411238813367,-6.7527398961105325,20.32818697023583,0.0
15.290000000000001,-4.694199418656292,-6.894369360040862,20.212206554306505,0.0
15.295,-4.8042377283029785,-7.041702644865037,20.104390436449407,0.0
15.3,-4.916886223422512,-7.195418179469411,20.005663284070273,0.0
15.305,-5.030710181538537,-7.356189959010244,19.91537727798608,0.0
15.31,-5.146662554737328,-7.523272402269067,19.83517235837123,0.0
15.315,-5.265021828793096,-7.695844730116418,19.763931616506557,0.0
15.32,-5.385821646879656,-7.873557902453862,19.703017517255216,0.0
15.325000000000001,-5.510391405588597,-8.058633573998453,19.653161226442993,0.0
15.33,-5.638418780766905,-8.248367537882444,19.614029613513637,0.0
15.335,-5.769936178240972,-8.444570784123881,19.585994462556176,0.0
15.34,-5.904223415474584,-8.646210033312569,19.569134671205852,0.0
15.345,-6.042475576460798,-8.85217555549309,19.563576652918677,0.0
15.35,-6.182691208893388,-9.062482570719824,19.57065108910393,0.0
15.355,-6.326607578755604,-9.277337235511022,19.58958579131542,0.0
15.36,-6.474748922921758,-9.4977815434173,19.622348915907583,0.0
15.365,-6.625814137911524,-9.720826711709092,19.6680127796783,0.0
15.370000000000001,-6.779428823974283,-9.946853354529122,19.728702748538087,0.0
15.375,-6.936660434597924,-10.177312272832143,19.803093770682786,0.0
15.38,-7.097912291594734,-10.412103459306556,19.892200692131766,0.0
15.385,-7.263918368571617,-10.647776261451462,19.996560089249446,0.0
15.39,-7.434468623126171,-10.885458288237743,20.11724285307563,0.0
15.395,-7.6078840583854825,-11.123753596692687,20.25381048815812,0.0
15.4,-7.784001056399424,-11.36249827085866,20.407923836949735,0.0
15.405000000000001,-7.963264902170629,-11.601206396123311,20.57947626910997,0.0
15.41,-8.144682363680303,-11.838242776683765,20.765589291977626,0.0
15.415000000000001,-8.329133502421392,-12.073728947915077,20.969616683094394,0.0
15.42,-8.515427714828029,-12.305759661466825,21.19259168590997,0.0
15.425,-8.705137855205857,-12.534127445625117,21.435113059403353,0.0
15.43,-8.896760200791956,-12.755872674671915,21.69469974401505,0.0
15.435,-9.089123455441168,-12.972378255931368,21.972794106624693,0.0
15.44,-9.283607956296919,-13.181639634475928,22.270826777656737,0.0
15.445,-9.478377089950824,-13.382198530743551,22.585283903628287,0.0
15.450000000000001,-9.673986679123422,-13.570866214092023,22.918715309226503,0.0
15.455,-9.867770434775656,-13.747897559656623,23.269158536685506,0.0
15.46,-10.061426416357298,-13.91370880791029,23.636849467882993,0.0
15.465,-10.253992690515368,-14.064143352523043,24.0198525004988,0.0
15.47,-10.444710717301561,-14.19792173128215,24.42092535213736,0.0
15.475,-10.631454171296257,-14.314667473224716,24.835804163858146,0.0
15.48,-10.815713903398832,-14.410813445859594,25.265970873122498,0.0
15.485000000000001,-10.995032719193908,-14.487588105165612,25.70690008585893,0.0
15.49,-11.170617749797113,-14.540900720066722,26.159434345957752,0.0
15.495000000000001,-11.338696677118959,-14.570341396314898,26.622408278355266,0.0
15.5,-11.49952664283008,-14.57663521131887,27.09377527727294,0.0
15.505,-11.65221362357085,-14.554908255597308,27.57017096098275,0.0
15.51,-11.798167237014063,-14.50666507489649,28.051031887721702,0.0
15.515,-11.933540588430521,-14.430969116508397,28.53244442527398,0.0
15.52,-12.05810368951743,-14.326884573740427,29.013179888536673,0.0
15.525,-12.171425816136235,-14.19370337694109,29.49046450389512,0.0
15.530000000000001,-12.272141491350867,-14.032990822224388,29.96090897175154,0.0
15.535,-12.36030413012096,-13.84198140995688,30.423132229219018,0.0
15.540000000000001,-12.43505698926016,-13.621689481144207,30.873240243451963,0.0
15.545,-12.494085769489438,-13.374553172268312,31.309197628983014,0.0
15.55,-12.537028993370024,-13.101349484316223,31.7279005263701,0.0
15.555,-12.565710274907032,-12.801860996738153,32.12581551860809,0.0
15.56,-12.57777248219915,-12.477304394290952,32.50207272389189,0.0
15.565,-12.573376189912157,-12.130345405876932,32.852509527683395,0.0
15.57,-12.551468934328653,-11.763756690883293,33.17737359984669,0.0
15.575000000000001,-12.512277243302679,-11.380773192184723,33.47296302392226,0.0
15.58,-12.456442640662045,-10.98163800500753,33.73951504043624,0.0
15.585,-12.381772284755339,-10.568316045415639,33.973774808603046,0.0
15.59,-12.291001140154174,-10.144403371960697,34.17492633366108,0.0
15.595,-12.183873598331829,-9.714575176333192,34.34209030678903,0.0
15.6,-12.060379719912358,-9.280459248888052,34.47540920536685,0.0
15.605,-11.921014058757473,-8.843969894416563,34.57406467110028,0.0
15.610000000000001,-11.766257818314923,-8.407619746752605,34.64011964654284,0.0
15.615,-11.598119636066368,-7.974666278388685,34.673591174952996,0.0
15.620000000000001,-11.416393433917648,-7.547053529390365,34.67413870700293,0.0
15.625,-11.222539051272353,-7.1282706048158015,34.641556729697236,0.0
15.63,-11.018665514233405,-6.719356174088199,34.5790797349558,0.0
15.635,-10.803238425077923,-6.323527228912971,34.48769574388864,0.0
15.64,-10.579719232537585,-5.941430536972603,34.370153070256556,0.0
15.645,-10.348240574188953,-5.574920692818821,34.22706084467386,0.0
15.65,-10.11066075768039,-5.225233208450211,34.05968542998105,0.0
15.655000000000001,-9.866690147281144,-4.892705241893886,33.86999379110732,0.0
15.66,-9.618856709327057,-4.579804382246628,33.659949144895386,0.0
15.665000000000001,-9.365466975824773,-4.284314124113791,33.43064354564422,0.0
15.67,-9.111005635837897,-4.009521996191841,33.185654344595974,0.0
15.675,-8.856170950195976,-3.7528705803675804,32.92628352872513,0.0
15.68,-8.600859295355681,-3.5159612010867916,32.65323168324796,0.0
15.685,-8.347054453254307,-3.2984901890648706,32.36815638001202,0.0
15.69,-8.09453909106972,-3.09980614269168,32.07479718510566,0.0
15.695,-7.845474987034969,-2.9191469968542223,31.7724875308325,0.0
15.700000000000001,-7.59890871176281,-2.756933676160448,31.46297574151533,0.0
15.705,-7.35738255656753,-2.612041420678683,31.14818464267901,0.0
15.71,-7.120172312987283,-2.4835509999921914,30.82847218225943,0.0
15.715,-6.888629812445805,-2.3692072506014843,30.506288465808538,0.0
15.72,-6.662293376467727,-2.272103662406215,30.181495523227287,0.0
15.725,-6.443155971921786,-2.1873424120104206,29.854136512132683,0.0
15.73,-6.230304363677412,-2.1165583596104316,29.527035211709038,0.0
15.735000000000001,-6.02495183629899,-2.05933954858776,29.199348762003954,0.0
15.74,-5.827254447404991,-2.0127677426214583,28.871726138451066,0.0
15.745000000000001,-5.635874935765981,-1.9774724298196615,28.546442882619825,0.0
15.75,-5.453405304172774,-1.9532659364314764,28.221116835635765,0.0
15.755,-5.279520677979182,-1.9369675470003476,27.898882248653944,0.0
15.76,-5.112839282302421,-1.930427773977749,27.577395889096504,0.0
15.765,-4.953527636648669,-1.9317912322514201,27.258640751081483,0.0
15.77,-4.800743024067148,-1.93936477564531,26.943579427613525,0.0
15.775,-4.656416733835031,-1.955226678162252,26.63039754387056,0.0
15.780000000000001,-4.520520945531865,-1.9781588833439185,26.320297758440145,0.0
15.785,-4.393432826477269,-2.0058196107919994,26.013954519200187,0.0
15.790000000000001,-4.274906938891294,-2.0387638638022114,25.710933086209945,0.0
15.795,-4.164047694918497,-2.077356686427944,25.41006638321362,0.0
15.8,-4.060535818886555,-2.12193438413307,25.113145360370734,0.0
15.805,-3.9632356505101694,-2.169903461613279,24.819980614249314,0.0
15.81,-3.873581179195354,-2.222140033456469,24.5320467902386,0.0
15.815,-3.7913988928695375,-2.278981307308178,24.247664139199355,0.0
15.82,-3.7148989187781747,-2.338795112274856,23.9665264523323,0.0
15.825000000000001,-3.645269539691734,-2.4016164074712614,23.689804393289528,0.0
15.83,-3.5829994280673345,-2.467878832618591,23.41857163469899,0.0
15.835,-3.527366720939535,-2.5357167910828013,23.150527638585622,0.0
15.84,-3.4789210383512112,-2.609423272219345,22.887515003523482,0.0
15.845,-3.4358485522483115,-2.6850716391560634,22.626899742568064,0.0
15.85,-3.398338747174348,-2.764278509052684,22.370227791604172,0.0
15.855,-3.36510587701679,-2.846278427036038,22.118985731133623,0.0
15.860000000000001,-3.339687402146277,-2.9302744866619026,21.872056435043337,0.0
15.865,-3.3180556117183744,-3.017936360557102,21.629661699366114,0.0
15.870000000000001,-3.3025890286632835,-3.10808094341025,21.391911881357434,0.0
15.875,-3.293012336714908,-3.201218904864907,21.158712287254588,0.0
15.88,-3.2876174141548447,-3.298173773510079,20.929112742098884,0.0
15.885,-3.289171236797933,-3.39883961128401,20.70430724026763,0.0
15.89,-3.2949754205738286,-3.5018274259649194,20.483708671289484,0.0
15.895,-3.3057518484379065,-3.6070540124296677,20.268342777078793,0.0
15.9,-3.319670538597664,-3.7176369163404024,20.05695259798141,0.0
15.905000000000001,-3.339882208327514,-3.8306202857340166,19.850561008299103,0.0
15.91,-3.364150884660129,-3.947868238453221,19.649441841033813,0.0
15.915000000000001,-3.3929510444948017,-4.067717661979844,19.453433971851748,0.0
15.92,-3.427226988778162,-4.193291818784876,19.26328597304318,0.0
15.925,-3.466252961205506,-4.321574731035696,19.07855465874806,0.0
15.93,-3.509277146684224,-4.452619576684902,18.899842562646704,0.0
15.935,-3.5556834744355466,-4.589057169169902,18.725341494760578,0.0
15.94,-3.6077760754333403,-4.730885409071872,18.558615725122387,0.0
15.945,-3.6639514366874315,-4.877526993978145,18.396230306592486,0.0
15.950000000000001,-3.7248625728769045,-5.028225627437738,18.23937883273792,0.0
15.955,-3.7893075868204384,-5.184297714705286,18.089435234643776,0.0
15.96,-3.8592602411418313,-5.345855278525833,17.944877788597882,0.0
15.965,-3.934113699311984,-5.513837622968839,17.808356850734203,0.0
15.97,-4.0132447553214945,-5.687182763518029,17.679505452790263,0.0
15.975,-4.097074365793636,-5.866696116671154,17.557665452842343,0.0
15.98,-4.186588321325904,-6.051846088129923,17.44431512308729,0.0
15.985000000000001,-4.2802996656616115,-6.242923754812874,17.337511314310046,0.0
15.99,-4.379370001302415,-6.43980252860359,17.23995841806002,0.0
15.995000000000001,-4.481984454488819,-6.6434431312578885,17.151341941965264,0.0
16.0,-4.5902236164241,-6.8528984724865,17.070945709641254,0.0
16.005,-4.703478943661096,-7.069520508517041,17.00095346798952,0.0
16.01,-4.821787173615413,-7.293525188698597,16.940458805362535,0.0
16.015,-4.945419512335598,-7.5234153771059935,16.89077088741799,0.0
16.02,-5.07325068017144,-7.758883038602817,16.85193557190504,0.0
16.025,-5.206783194970268,-8.002555171249337,16.8237311402736,0.0
16.03,-5.345764172893321,-8.254032972692917,16.807167175286192,0.0
16.035,-5.492065339438789,-8.512567306975528,16.804748415962564,0.0
16.04,-5.644590376354396,-8.776542810551872,16.81444164786461,0.0
16.045,-5.800645625717589,-9.048382617639861,16.837480351372545,0.0
16.05,-5.964120706630298,-9.327303551206247,16.874761350144553,0.0
16.055,-6.13231504432088,-9.613629119614489,16.92705533300055,0.0
16.06,-6.305888602169257,-9.905274384112978,16.99629856407485,0.0
16.065,-6.486587550723902,-10.202356220761574,17.082314244077086,0.0
16.07,-6.672129321993805,-10.50537189417119,17.18576438358303,0.0
16.075,-6.863899707039402,-10.812826086404076,17.308072663926364,0.0
16.080000000000002,-7.060895764582161,-11.127144495924957,17.4485822146293,0.0
16.085,-7.264822599977172,-11.445156095009784,17.608317208261717,0.0
16.09,-7.473878190157755,-11.765371423425641,17.789238132220092,0.0
16.095,-7.689452165890998,-12.087563757450788,17.99210829759555,0.0
16.1,-7.9090224271714415,-12.413223085349657,18.21684151945871,0.0
16.105,-8.133642371151392,-12.738787490839192,18.46513059278564,0.0
16.11,-8.362018825538609,-13.062033924961113,18.73705349933905,0.0
16.115000000000002,-8.596952664498183,-13.38424350388083,19.033655818018794,0.0
16.12,-8.835766165014793,-13.702274163390578,19.355167832979262,0.0
16.125,-9.079240552105237,-14.015636029021138,19.702684155766697,0.0
16.13,-9.324868407303034,-14.321826716747156,20.075592878043395,0.0
16.135,-9.574875161090151,-14.619231539950452,20.475827439296555,0.0
16.14,-9.82752919459351,-14.906194838958623,20.90327874882732,0.0
16.145,-10.080643869730535,-15.178338878009582,21.357247975918067,0.0
16.15,-10.336190568568139,-15.43846078607006,21.836339044466932,0.0
16.155,-10.591801491226343,-15.6800594847145,22.344167674144334,0.0
16.16,-10.846100890690696,-15.900472614490742,22.875639622547112,0.0
16.165,-11.099508849670281,-16.098823012742965,23.432758118748787,0.0
16.17,-11.35013360936938,-16.27192330337215,24.015152478575672,0.0
16.175,-11.597256469372216,-16.41682020759496,24.617885366587178,0.0
16.18,-11.838040899672112,-16.532225889003094,25.24143606056978,0.0
16.185,-12.072391106784853,-16.613835247039045,25.88308548375661,0.0
16.19,-12.299733779540771,-16.659559862433575,26.54109559929421,0.0
16.195,-12.518395491822611,-16.66646532425641,27.211916399960334,0.0
16.2,-12.726126619253696,-16.632270963132324,27.892838310965328,0.0
16.205000000000002,-12.920438579879585,-16.55523225622116,28.58015724892076,0.0
16.21,-13.101550009053122,-16.434562057720772,29.268711791331633,0.0
16.215,-13.267412108223471,-16.27019703885049,29.9544423402673,0.0
16.22,-13.41810900672658,-16.059063475052206,30.635698957103376,0.0
16.225,-13.550029928276706,-15.802578345763996,31.30473121800112,0.0
16.23,-13.662726114036118,-15.499802099806189,31.9584377450013,0.0
16.235,-13.755275714581991,-15.152553485820427,32.59060377877525,0.0
16.240000000000002,-13.825141620417911,-14.761029424505349,33.196476362463955,0.0
16.245,-13.872812707173853,-14.325606951877331,33.77384347381454,0.0
16.25,-13.895818745472077,-13.853733623437263,34.31596637744917,0.0
16.255,-13.892435397543787,-13.346152500014272,34.82098034807787,0.0
16.26,-13.86553873198805,-12.805930592058616,35.28405007260294,0.0
16.265,-13.811499810794087,-12.236144465316592,35.701493844219186,0.0
16.27,-13.734072543157206,-11.642733368258028,36.07079018739196,0.0
16.275,-13.628450638945553,-11.029401167052384,36.3897075734994,0.0
16.28,-13.498395367281454,-10.403111422527324,36.655695762574375,0.0
16.285,-13.343217351236442,-9.766398097303568,36.86823218082825,0.0
16.29,-13.164549476959762,-9.128140055601282,37.02744706143118,0.0
16.295,-12.963091523111242,-8.48788451975136,37.13399994658379,0.0
16.3,-12.739518174556915,-7.853635258109631,37.188143088600654,0.0
16.305,-12.495314125583585,-7.229255235822129,37.191386559215445,0.0
16.31,-12.232331346494643,-6.619141393765701,37.1475367996686,0.0
16.315,-11.952475316862149,-6.025950957466192,37.05695635423108,0.0
16.32,-11.65623263319039,-5.454864671888866,36.92195352690844,0.0
16.325,-11.346576486522586,-4.907844071613211,36.74845000179339,0.0
16.330000000000002,-11.024915370565907,-4.387346328582822,36.53654743659932,0.0
16.335,-10.692272570960775,-3.894928231510801,36.29007152230823,0.0
16.34,-10.351953413229094,-3.4324926071545327,36.01406264786037,0.0
16.345,-10.00546693660327,-2.999319983076328,35.71301707671274,0.0
16.35,-9.655273001398843,-2.5976651303282807,35.386358488031675,0.0
16.355,-9.30258773757697,-2.227235522644378,35.04000239227369,0.0
16.36,-8.948328212337133,-1.8881932031284747,34.676066690407225,0.0
16.365000000000002,-8.595670196264091,-1.580083451016657,34.30065935955588,0.0
16.37,-8.245382033454394,-1.3012534531966984,33.91134810443023,0.0
16.375,-7.898289593994982,-1.050404277950398,33.512829801216775,0.0
16.38,-7.555946283672689,-0.8271281053872002,33.10661861539315,0.0
16.385,-7.219740438046221,-0.6300519877123281,32.69555762931714,0.0
16.39,-6.889786092845839,-0.45576773944567683,32.282784365021485,0.0
16.395,-6.568099800886913,-0.3056627981639821,31.867854949069415,0.0
16.4,-6.254505311042935,-0.17696218898916324,31.452738689777213,0.0
16.405,-5.9491156796339455,-0.06829644827283206,31.03913642618322,0.0
16.41,-5.6547551565019125,0.02192482399390093,30.62767886537869,0.0
16.415,-5.370914611464912,0.09582931250271101,30.218895740259,0.0
16.42,-5.097537127471858,0.15479884523516171,29.814102198801958,0.0
16.425,-4.834381709635841,0.20070496280498226,29.41190887177479,0.0
16.43,-4.583270312453149,0.2342645947760736,29.014787146420577,0.0
16.435,-4.342872409449958,0.2558658180498119,28.622133518380565,0.0
16.44,-4.1139611599934085,0.26687236354620114,28.235951563823704,0.0
16.445,-3.894890012288858,0.2707458560064924,27.853608043723316,0.0
16.45,-3.686328264409883,0.2663003570581572,27.476791632175377,0.0
16.455000000000002,-3.48856256742018,0.2545796214557342,27.104990074127365,0.0
16.46,-3.3025676484164745,0.23646630556682982,26.739117985373486,0.0
16.465,-3.125987283374267,0.21400142188559257,26.379525806355762,0.0
16.47,-2.958033939943717,0.1874101270102849,26.023672434045242,0.0
16.475,-2.8006572504291456,0.15652869148928628,25.673881360323758,0.0
16.48,-2.653092097499273,0.12404350830463882,25.329129216716954,0.0
16.485,-2.5153455742915742,0.08777548236850052,24.99056762292817,0.0
16.490000000000002,-2.385994987579884,0.04881617271456993,24.655622374191264,0.0
16.495,-2.2635887679173927,0.009016390880581635,24.325638530997587,0.0
16.5,-2.1496354768873953,-0.031108482440930785,24.00119286073846,0.0
16.505,-2.04346291811546,-0.07382203159362569,23.681609723809725,0.0
16.51,-1.946722452433691,-0.11804588244475146,23.36685672647652,0.0
16.515,-1.8540947204277716,-0.16247148839591777,23.056058232459485,0.0
16.52,-1.7686743987311528,-0.2060617248788317,22.75113449557204,0.0
16.525,-1.6901070796554465,-0.2507301008262601,22.44980419786619,0.0
16.53,-1.6187405428033985,-0.2955650194347602,22.15184774418929,0.0
16.535,-1.5521749427683997,-0.34204412855921723,21.859405083908477,0.0
16.54,-1.491069119824754,-0.3883483456014103,21.571784162902517,0.0
16.545,-1.435223279121766,-0.43418538063101014,21.287499324404326,0.0
16.55,-1.3848090293220174,-0.4796196155644751,21.00743714397188,0.0
16.555,-1.3392926321591485,-0.5251426228303474,20.729967279331916,0.0
16.56,-1.2990976245297379,-0.5705380489398932,20.45778465494564,0.0
16.565,-1.2630648197369159,-0.6159458197412528,20.187872947539958,0.0
16.57,-1.2300796479501546,-0.6623128927826563,19.92273483231411,0.0
16.575,-1.2020401160001684,-0.7089847199968965,19.66176835820645,0.0
16.580000000000002,-1.1780336351620944,-0.7548941636106641,19.404653468636884,0.0
16.585,-1.156677085659131,-0.8017057455383826,19.15067374352285,0.0
16.59,-1.1390171596712158,-0.8494939318072976,18.898684750478672,0.0
16.595,-1.125379070097085,-0.8964023458744188,18.652054303523425,0.0
16.6,-1.1133486984842782,-0.9443347611720515,18.40919819307875,0.0
16.605,-1.1047578490306937,-0.99320442528799,18.167255688737843,0.0
16.61,-1.098981696539189,-1.042433423515283,17.930228405850855,0.0
16.615000000000002,-1.0963779745153155,-1.0926225747611749,17.6950970203555,0.0
16.62,-1.0968454403535288,-1.144580109416585,17.46551913717713,0.0
16.625,-1.099025509571159,-1.1958214038639803,17.237835478966407,0.0
16.63,-1.1044251041450868,-1.2497500212212056,17.014677232480086,0.0
16.635,-1.1121579375414676,-1.3050843026841017,16.794271192191367,0.0
16.64,-1.1218299079522562,-1.3598811988266548,16.578129536926106,0.0
16.645,-1.1334687471480704,-1.4169661821480208,16.365062676861754,0.0
16.65,-1.1473702101589087,-1.4752771195549688,16.1554762192261,0.0
16.655,-1.1644950041056863,-1.5360210574430042,15.949863493206239,0.0
16.66,-1.1831932877490723,-1.598455676157395,15.74706087429111,0.0
16.665,-1.2048159121971873,-1.663016925585823,15.546777540541404,0.0
16.67,-1.2281908784705964,-1.7302847489076474,15.349615564034027,0.0
16.675,-1.2521860161913851,-1.799611423427554,15.156054413780998,0.0
16.68,-1.279502172979373,-1.8691814279838528,14.965507243056752,0.0
16.685,-1.3093812713386508,-1.9422149699113762,14.779161937382021,0.0
16.69,-1.3411809440769558,-2.0195724996158355,14.594473874171102,0.0
16.695,-1.375449443004064,-2.0994317746192865,14.413529373156061,0.0
16.7,-1.4122641809188587,-2.1818534218347283,14.235742319402975,0.0
16.705000000000002,-1.4507266393776435,-2.2681518148520694,14.061465804678836,0.0
16.71,-1.4910092770544,-2.3581077772028234,13.889284402656784,0.0
16.715,-1.5337368470759631,-2.4502761363193235,13.721486744887292,0.0
16.72,-1.5785890426836346,-2.5472742752819655,13.557180046536564,0.0
16.725,-1.6273542581501261,-2.6480438294356725,13.396941287986161,0.0
16.73,-1.6776183900310742,-2.7526805524969657,13.240650633335463,0.0
16.735,-1.7319832289222952,-2.862487420739908,13.086403850290871,0.0
16.740000000000002,-1.7876508438120196,-2.977426460497363,12.936560496915154,0.0
16.745,-1.8471889297759863,-3.0969423083128538,12.790358106925678,0.0
16.75,-1.9092790531211972,-3.2219896131959445,12.647630074144674,0.0
16.755,-1.9752183062955249,-3.3514441134240793,12.509297861261247,0.0
16.76,-2.0437741188716956,-3.488169035173539,12.374895531371365,0.0
16.765,-2.1160066067073835,-3.630502110512086,12.245456143467692,0.0
16.77,-2.1911741949841983,-3.7786913371204554,12.12011424426398,0.0
16.775,-2.2702666584792746,-3.9341506827413824,12.000542855799019,0.0
16.78,-2.352681866002882,-4.096718193499124,11.884751419107934,0.0
16.785,-2.4404087429414303,-4.267428946902533,11.774353797340602,0.0
16.79,-2.532654950054136,-4.4445273616404215,11.669771489510284,0.0
16.795,-2.6281509877555935,-4.628602409176389,11.570278089344384,0.0
16.8,-2.7285914466119703,-4.821955122883436,11.476373285685398,0.0
16.805,-2.833287639795884,-5.023463796570072,11.389627642075597,0.0
16.81,-2.94319464754772,-5.233556430339926,11.308710529814062,0.0
16.815,-3.05745230690857,-5.451603672197598,11.234821716534777,0.0
16.82,-3.1775306404976704,-5.680661815178425,11.16898470292571,0.0
16.825,-3.303548415265263,-5.920139654205516,11.111246306598426,0.0
16.830000000000002,-3.434739261007107,-6.170161571679687,11.060777624246555,0.0
16.835,-3.5724611784823774,-6.432013755980692,11.01824803913516,0.0
16.84,-3.7155969378689417,-6.702613223448744,10.986541767301851,0.0
16.845,-3.865907402551841,-6.985261639401001,10.965144058306274,0.0
16.85,-4.021498274352304,-7.279452802418214,10.954301079277782,0.0
16.855,-4.184818142034107,-7.586057811785888,10.954143501999583,0.0
16.86,-4.354607730764855,-7.903879939464546,10.96595680415436,0.0
16.865000000000002,-4.533329169235296,-8.23532005391067,10.99108853570866,0.0
16.87,-4.71905016990224,-8.579200831821083,11.030010816273338,0.0
16.875,-4.912143810661989,-8.93693163831401,11.085073029024107,0.0
16.88,-5.113826860337313,-9.307023225328889,11.156935576029644,0.0
16.885,-5.323343099003112,-9.692276208598235,11.246224164313277,0.0
16.89,-5.5403495824317694,-10.090214790847245,11.353609611856617,0.0
16.895,-5.76925732704884,-10.4999346560142,11.48161308345873,0.0
16.9,-6.006175806907836,-10.924184400227867,11.631423573088489,0.0
16.905,-6.25174907826092,-11.361771430907625,11.805454272825257,0.0
16.91,-6.507559249250868,-11.811528761030328,12.001716912764506,0.0
16.915,-6.772586078007843,-12.272362731646284,12.226833521490843,0.0
16.92,-7.046919369978688,-12.745757364443731,12.480415593108987,0.0
16.925,-7.330410033780933,-13.229175829151293,12.762710946318471,0.0
16.93,-7.62472354829454,-13.720983463584957,13.077718295249946,0.0
16.935,-7.929603712205357,-14.221343725646102,13.42561313263964,0.0
16.94,-8.245266123106125,-14.728360123210871,13.810771954947565,0.0
16.945,-8.569952758994125,-15.238850354463896,14.234283278463643,0.0
16.95,-8.905177444486565,-15.752446829346843,14.698080894395487,0.0
16.955000000000002,-9.247593996816805,-16.265216410496684,15.20288241991544,0.0
16.96,-9.59755066941307,-16.77527670250575,15.753041642152189,0.0
16.965,-9.956172143311576,-17.277838654364846,16.347611641026027,0.0
16.97,-10.322559923027065,-17.77120142775074,16.9901111211172,-0.0
16.975,-10.693161591614514,-18.25043650680768,17.679358633550866,-0.0
16.98,-11.071403339990843,-18.71059240807279,18.419029291274352,-0.0
16.985,-11.453179895074738,-19.147746988238836,19.20847561332642,-0.0
16.990000000000002,-11.837598512114639,-19.555766096647833,20.049621837976098,-0.0
16.995,-12.22352252264185,-19.928960028949625,20.94004602252461,-0.0
17.0,-12.608245902552369,-20.260723372081944,21.878993974776574,-0.0
17.005,-12.991108318816954,-20.544861090537058,22.863169706338674,-0.0
17.01,-13.36751061336557,-20.775336640045115,23.893193294561414,-0.0
17.015,-13.737418804574355,-20.946874146635164,24.963380982584347,-0.0
17.02,-14.098479057248005,-21.051576045453338,26.06965619207898,-0.0
17.025,-14.444664962793912,-21.082767262843493,27.20489916634111,-0.0
17.03,-14.776298469799352,-21.035080632688427,28.363979292779682,-0.0
17.035,-15.088900556204026,-20.90404473699259,29.54046573834483,-0.0
17.04,-15.380205072858047,-20.683540941234398,30.722855874951037,-0.0
17.045,-15.645801588353198,-20.370379694132584,31.90365362461629,-0.0
17.05,-15.882770688398194,-19.962818469218664,33.07209771571462,-0.0
17.055,-16.08805187310171,-19.460811196035728,34.21691205577487,-0.0
17.06,-16.256699803887738,-18.86332634055499,35.32612025919003,-0.0
17.065,-16.387256548930484,-18.17366234885725,36.38837922065266,-0.0
17.07,-16.476630858095255,-17.39591563438114,37.39292954161054,-0.0
17.075,-16.523014697938933,-16.535170341095874,38.32590771372612,-0.0
17.080000000000002,-16.523937002217174,-15.599584643074094,39.180230636860095,-0.0
17.085,-16.477454376631982,-14.598656492327912,39.94489802398391,-0.0
17.09,-16.383828589164597,-13.542543782246426,40.61434600672697,-0.0
17.095,-16.241359265155516,-12.441145548930386,41.18216163228019,-0.0
17.1,-16.050889850217033,-11.307804731206524,41.644170990858804,-0.0
17.105,-15.813668101394708,-10.15722302188509,41.99583158493625,-0.0
17.11,-15.531638520442186,-8.99978263558406,42.23904928530925,-0.0
17.115000000000002,-15.204204136115044,-7.849116988624871,42.37563467025414,-0.0
17.12,-14.8359386580932,-6.716692452895662,42.40725756348001,-0.0
17.125,-14.428776592678991,-5.614033122223913,42.34087530365517,-0.0
17.13,-13.989011572441044,-4.551412343905704,42.182590679751925,-0.0
17.135,-13.516725377692879,-3.5363104407743022,41.937434450171935,-0.0
17.14,-13.017355672396134,-2.5752200069820432,41.615803359016795,-0.0
17.145,-12.494684285987997,-1.675203048500975,41.227717187897944,-0.0
17.150000000000002,-11.953259662859587,-0.8416683706132602,40.782796495939024,-0.0
17.155,-11.398476502471958,-0.07425002751635479,40.288958537254786,-0.0
17.16,-10.83216106184351,0.6262026383924685,39.756255624628736,-0.0
17.165,-10.258992623571038,1.2601318934323649,39.19131599407593,-0.0
17.17,-9.683429043132609,1.8285885959125086,38.603701437650095,-0.0
17.175,-9.108235588571624,2.3326147031185145,38.001049012050835,-0.0
17.18,-8.53558376954191,2.7767477077254634,37.38689203791818,-0.0
17.185,-7.969902298945254,3.164278836601605,36.76890788950436,-0.0
17.19,-7.413087766119207,3.497658402725988,36.15336310326876,-0.0
17.195,-6.867351214043967,3.7823320230995594,35.54147283602842,-0.0
17.2,-6.335369694325629,4.02174638651703,34.93774519935859,-0.0
17.205000000000002,-5.817821615610173,4.222069175321479,34.343376682109295,-0.0
17.21,-5.3146812729908,4.385916839638848,33.76270598490539,-0.0
17.215,-4.828928637673813,4.516677855279147,33.1961116438338,-0.0
17.22,-4.361251481440353,4.619328693047453,32.644406955574226,-0.0
17.225,-3.912609685965005,4.697892707446398,32.108766032311614,-0.0
17.23,-3.4815636807915906,4.754603248479354,31.589714801853056,-0.0
17.235,-3.068126941154499,4.794299783481505,31.084567675053773,-0.0
17.240000000000002,-2.6741983212213483,4.817030246090285,30.596037046452036,-0.0
17.245,-2.2991945094534594,4.826626344951103,30.124176839591833,-0.0
17.25,-1.9423922802037032,4.8269242344229255,29.667050437081926,-0.0
17.255,-1.6037948973881986,4.819550120798886,29.224592572581948,-0.0
17.26,-1.282990959232002,4.80569790908296,28.796897494707643,-0.0
17.265,-0.9782999092467471,4.785943373498802,28.38326654319442,-0.0
17.27,-0.6899821028442228,4.764401378325271,27.98151192945997,-0.0
17.275000000000002,-0.4173071341422217,4.740101185696928,27.59187955327642,-0.0
17.28,-0.15845350455273738,4.714605806924808,27.21366982989622,-0.0
17.285,0.08497725414185026,4.690973074471358,26.846804173620313,-0.0
17.29,0.31586014908423843,4.666846554985109,26.490933463321536,-0.0
17.295,0.5342182554819602,4.6461832357288895,26.144751148897438,-0.0
17.3,0.7386033474926161,4.627183988711959,25.808240348455865,-0.0
17.305,0.9332811421612028,4.612752542512949,25.482153442367416,-0.0
17.31,1.1174548823738724,4.600981130915159,25.163501597902275,-0.0
17.315,1.2928052544822004,4.594944950292782,24.853519384004333,-0.0
17.32,1.4567997978542808,4.590757190688868,24.551353143056726,-0.0
17.325,1.613034232115566,4.593906509216827,24.25652338624702,-0.0
17.330000000000002,1.7625942529610032,4.599347256605019,23.97034960813101,-0.0
17.335,1.9049191253760787,4.611961959573424,23.69147224496974,-0.0
17.34,2.040374447655156,4.629523159444381,23.4202886974857,-0.0
17.345,2.17006891121355,4.652196049947559,23.155327937690743,-0.0
17.35,2.29461931127357,4.681326315972533,22.89884222347517,-0.0
17.355,2.4118750634431496,4.717113039183396,22.648147334371526,-0.0
17.36,2.527129570094344,4.758203162266832,22.403718421863353,-0.0
17.365000000000002,2.638651319099377,4.805640377903183,22.165295672916464,-0.0
17.37,2.747279330550388,4.858578300942633,21.93297855669322,-0.0
17.375,2.8522852223700075,4.917340885840765,21.70654309437829,-0.0
17.38,2.9551810168651214,4.982413170215181,21.486233770433266,-0.0
17.385,3.055623587027733,5.05287105553781,21.272271115092412,-0.0
17.39,3.1550266205349686,5.130321323152875,21.065354245702427,-0.0
17.395,3.2532090507568165,5.213979014916336,20.865537752672587,-0.0
17.400000000000002,3.3509833280168415,5.305607891270058,20.673172761505796,-0.0
17.405,3.4481733428132837,5.401795391576102,20.48665389147198,-0.0
17.41,3.5451704805599324,5.504042591803435,20.30581759650631,-0.0
17.415,3.6431516402711654,5.613432486949971,20.132826376076217,-0.0
17.42,3.73982783079335,5.729294972080716,19.966232583982595,-0.0
17.425,3.8395543706249495,5.851551589692343,19.80659605083127,-0.0
17.43,3.941429760532239,5.9793623799998965,19.65548554123345,-0.0
17.435,4.044212338669337,6.114527386056104,19.510114140150264,-0.0
17.44,4.147493928169066,6.255989449028978,19.374650410543676,-0.0
17.445,4.254189435564103,6.403814641262419,19.245951879532424,-0.0
17.45,4.361220287828339,6.558130881036246,19.12550356478482,-0.0
17.455000000000002,4.470626085369773,6.720465882248197,19.01274132621261,-0.0
17.46,4.58257925950913,6.887997123245728,18.910066369332863,-0.0
17.465,4.698254200105381,7.060792855093623,18.816168595953048,-0.0
17.47,4.8163486201199115,7.242369548187163,18.73135302184524,-0.0
17.475,4.937537837450319,7.428771050412343,18.65634578099101,-0.0
17.48,5.062859374744686,7.6213519761641155,18.590868519800388,-0.0
17.485,5.19152856434578,7.822228074082064,18.535353096307226,-0.0
17.490000000000002,5.321930691727306,8.029241350125629,18.49108495758784,-0.0
17.495,5.457274304216097,8.242084438123923,18.457371954221877,-0.0
17.5,5.597787647225648,8.46171549148357,18.43615896955875,-0.0
17.505,5.741674083925427,8.68672551403147,18.427904641246137,-0.0
17.51,5.888897825040371,8.918434279690445,18.4309768524475,-0.0
17.515,6.040123985523445,9.155700551451675,18.448434164810806,-0.0
17.52,6.195554754272032,9.398507469124265,18.478872373808425,-0.0
17.525000000000002,6.356646958404826,9.646444136526627,18.524858352744968,-0.0
17.53,6.5213311492447374,9.900630731228372,18.584645300548814,-0.0
17.535,6.689342699732319,10.158801583661939,18.65913874743205,-0.0
17.54,6.8627437355609375,10.420079620366645,18.751358561612744,-0.0
17.545,7.040904037681016,10.684179498051735,18.859371871119386,-0.0
17.55,7.223628167880935,10.952548866989908,18.984560797175888,-0.0
17.555,7.40975961178768,11.223722250611521,19.126313286619677,-0.0
17.56,7.599700789842833,11.496697071109914,19.288384397808883,-0.0
17.565,7.793655207724527,11.77072558433625,19.468152781041503,-0.0
17.57,7.992928334380303,12.04437165145898,19.667111303360418,-0.0
17.575,8.195234508534442,12.316756800446111,19.88677238706883,-0.0
17.580000000000002,8.402072283799521,12.587674540217375,20.126490899204473,-0.0
17.585,8.611096474596158,12.855994633228798,20.386362663285443,-0.0
17.59,8.822928570721203,13.120012306982108,20.66939547688687,-0.0
17.595,9.037720178370105,13.37671533864975,20.972283456464506,-0.0
17.6,9.254239027982038,13.628178186476852,21.298745858777966,-0.0
17.605,9.472298139470702,13.869639990773555,21.645827572417254,-0.0
17.61,9.691969595620082,14.102086615743884,22.013780114163048,-0.0
17.615000000000002,9.912358733119374,14.320863483723798,22.40381793493414,-0.0
17.62,10.133514551724545,14.526853815591195,22.814887861388957,-0.0
17.625,10.352902281842828,14.717732560848109,23.24685628911569,-0.0
17.63,10.571497379146859,14.891001579675908,23.69868831930864,-0.0
17.635,10.787743938335806,15.045115556055734,24.17061443331866,-0.0
17.64,11.000590125530666,15.17709330140921,24.659749595778024,-0.0
17.645,11.20879071752059,15.283889746944997,25.164644971687775,-0.0
17.650000000000002,11.412944754796573,15.367245196340651,25.68515243164699,-0.0
17.655,11.609739078005942,15.423299625591161,26.22084824417979,-0.0
17.66,11.799927758842209,15.449408234639991,26.766796620245962,-0.0
17.665,11.982036699360206,15.445886361721213,27.321873433827307,-0.0
17.67,12.155801590085051,15.409807407681878,27.884726081936975,-0.0
17.675,12.318246733253373,15.338927899193793,28.45150316007171,-0.0
17.68,12.468770011918192,15.233882458829077,29.01682894273138,-0.0
17.685,12.607003533981903,15.09387452754041,29.57932230365174,-0.0
17.69,12.730769574654365,14.918328396403481,30.13648215075896,-0.0
17.695,12.840721707069108,14.708009585624767,30.684527383329726,-0.0
17.7,12.93338591168933,14.461860365959893,31.21787071422825,-0.0
17.705000000000002,13.010006884414379,14.181098882268925,31.736122860818412,-0.0
17.71,13.069462494235623,13.866994443717521,32.23620903538817,-0.0
17.715,13.109970439030887,13.521163015028653,32.713040796647235,-0.0
17.72,13.131343342983957,13.144683480015644,33.16369267979218,-0.0
17.725,13.131301110683955,12.7401213325104,33.58543415963091,-0.0
17.73,13.110858279529438,12.309427470415491,33.97439715106123,-0.0
17.735,13.071297741956721,11.856070503491933,34.328900288805514,-0.0
17.740000000000002,13.010914132699744,11.382287477100927,34.645533679534005,-0.0
17.745,12.928887736715305,10.894333317086891,34.92500054977889,-0.0
17.75,12.827827988601504,10.393197096838913,35.16324207826104,-0.0
17.755,12.706201818188628,9.881512252904784,35.36120977359487,-0.0
17.76,12.565842781978807,9.364981425297868,35.518060399065504,-0.0
17.765,12.405361829326633,8.846315942844791,35.631877246833646,-0.0
17.77,12.228226178812166,8.327696240445418,35.70566168277746,-0.0
17.775000000000002,12.033391790558523,7.81356353143077,35.739398355525395,-0.0
17.78,11.823160781667998,7.308408978913616,35.73278924376878,-0.0
17.785,11.59688983260332,6.815490683989845,35.6893352804276,-0.0
17.79,11.357682415548455,6.336294202316347,35.60951743598865,-0.0
17.795,11.107103314947928,5.871760046865709,35.49510936481152,-0.0
17.8,10.845387489915868,5.4258845982349,35.34596730735423,-0.0
17.805,10.573757476804966,5.000231215265794,35.16823584366421,-0.0
17.81,10.29519013023025,4.595778909247227,34.96369956993759,-0.0
17.815,10.010887741854722,4.213926775437787,34.734756840032574,-0.0
17.82,9.721410571569528,3.855034503560022,34.48233931644668,-0.0
17.825,9.427496935404797,3.5214346890496926,34.21114102857188,-0.0
17.830000000000002,9.13244982483515,3.2113077229127596,33.92126434007568,-0.0
17.835,8.836191681903465,2.9247316382515827,33.61533835851894,-0.0
17.84,8.540353958981868,2.66236349981342,33.29711965198448,-0.0
17.845,8.245501136068519,2.4225582162783383,32.96689435387284,-0.0
17.85,7.95459512163375,2.2048721074028848,32.62686452543655,-0.0
17.855,7.668321203815477,2.009538132513628,32.27901820529104,-0.0
17.86,7.385339431187777,1.8356418671250696,31.925814530093906,-0.0
17.865000000000002,7.108521341884572,1.6816315039500556,31.567659238756534,-0.0
17.87,6.836643549590483,1.5465764912054711,31.20690593141812,-0.0
17.875,6.571082541357031,1.42746176748849,30.843916271853626,-0.0
17.88,6.314552483189286,1.3266760922022551,30.480073918330437,-0.0
17.885,6.065821089772483,1.241881626527621,30.115212640920653,-0.0
17.89,5.824828404568752,1.1719174226038038,29.751563107077033,-0.0
17.895,5.591777564173562,1.114895757732233,29.3880861962315,-0.0
17.900000000000002,5.369219165593713,1.0705069264629137,29.026022293153233,-0.0
17.905,5.1527158139607145,1.0377987321421582,28.668566371417782,-0.0
17.91,4.94710445554188,1.0152807776827582,28.31277460359432,-0.0
17.915,4.749661538905422,1.0030743912282414,27.959925807830437,-0.0
17.92,4.5620810804741625,0.998710102861246,27.60976560722943,-0.0
17.925,4.383605093902875,1.0016235913921907,27.26365387334579,-0.0
17.93,4.214189387414561,1.013166757270139,26.92124483387841,-0.0
17.935,4.054861748021525,1.0291478663071978,26.58310730048771,-0.0
17.94,3.9032500926956955,1.0524885455098585,26.250233340248805,-0.0
17.945,3.759761410216022,1.0813493675036248,25.92063568223913,-0.0
17.95,3.6251269149153473,1.115374661286468,25.594754389775584,-0.0
17.955000000000002,3.498391349658389,1.1536663366836908,25.272086431432303,-0.0
17.96,3.3809223531449586,1.195945334080685,24.95512186697087,-0.0
17.965,3.270755521930745,1.2421897962922241,24.642224997018783,-0.0
17.97,3.1686783572423307,1.2891818156347026,24.333105894738583,-0.0
17.975,3.0756536576454905,1.341568010784597,24.029650585986673,-0.0
17.98,2.989457502875285,1.3956615378185515,23.729254071288928,-0.0
17.985,2.9086683845577954,1.452508083082981,23.434082664906963,-0.0
17.990000000000002,2.834781190401029,1.5118310975183482,23.142253371531513,-0.0
17.995,2.7672556188371997,1.5743320369089338,22.854736914670642,-0.0
18.0,2.7078194758950027,1.6365225828232144,22.571173793715033,-0.0
18.005,2.6549870509165467,1.7009439101031534,22.291241568676522,-0.0
18.01,2.607207632805952,1.7686165783768761,22.015644928681823,-0.0
18.015,2.565690074055148,1.8355861975682826,21.74526401694636,-0.0
18.02,2.530306314481288,1.9053248375076446,21.47873140999688,-0.0
18.025000000000002,2.4992001330106097,1.9787084829761659,21.217086051520173,-0.0
18.03,2.472904928663299,2.0530783236897694,20.958804594275936,-0.0
18.035,2.4523243253241986,2.1300246729428136,20.704407107062124,-0.0
18.04,2.435944510119931,2.2086499078531108,20.45314272947603,-0.0
18.045,2.4234823867847872,2.290287132270953,20.207726375016257,-0.0
18.05,2.4165761592490056,2.3731296801702637,19.966782152446434,-0.0
18.055,2.4148557465551646,2.4586513840314654,19.729025652664564,-0.0
18.06,2.4171874234926203,2.545888844512848,19.495104411789114,-0.0
18.065,2.423910011888903,2.636819367402373,19.266004626239944,-0.0
18.07,2.4349948621747273,2.728970349398561,19.04120601018274,-0.0
18.075,2.449953714957713,2.824582724767257,18.82154726272647,-0.0
18.080000000000002,2.468405697829168,2.9221900683111124,18.605492550950498,-0.0
18.085,2.4914342014397985,3.023300606429865,18.3921757799774,-0.0
18.09,2.5185758106666416,3.128522865823428,18.18511986071144,-0.0
18.095,2.548839193004303,3.2363167803639934,17.981339325735792,-0.0
18.1,2.5825167067445687,3.3485458455031614,17.782434288389766,-0.0
18.105,2.620992337829214,3.463868487713068,17.587699654220696,-0.0
18.11,2.663976794718964,3.5828174270665483,17.39789714768544,-0.0
18.115000000000002,2.7093598335669293,3.7054729890857145,17.2148937280159,-0.0
18.12,2.758879712328551,3.8328936156639974,17.035482393154375,-0.0
18.125,2.812034873712479,3.964723802708461,16.861560153524458,-0.0
18.13,2.8702750072012684,4.101442922449738,16.692179196566688,-0.0
18.135,2.932770185629202,4.243567324526861,16.528846116006196,-0.0
18.14,2.9992671414482364,4.391441803888839,16.371851524259043,-0.0
18.145,3.0695731254013134,4.543988311287853,16.218763648063906,-0.0
18.150000000000002,3.1425932918512567,4.701547614680289,16.072091328759928,-0.0
18.155,3.2207401045476582,4.865044070873808,15.931662910011186,-0.0
18.16,3.303001791297545,5.035773858685783,15.798186627774923,-0.0
18.165,3.389486661870387,5.211236866804742,15.670823500063117,-0.0
18.17,3.4806679443862376,5.3933562732610305,15.549685103640982,-0.0
18.175,3.5774110700113546,5.583070286677912,15.436641354162996,-0.0
18.18,3.676893273129229,5.779557481400075,15.329469930828786,-0.0
18.185,3.7817081413256584,5.9837382771106205,15.23096294258722,-0.0
18.19,3.8914264659676894,6.195353939185856,15.141383626781437,-0.0
18.195,4.005609936367155,6.415741876710779,15.06007866560194,-0.0
18.2,4.125856578573305,6.642129475302378,14.9882317451163,-0.0
18.205000000000002,4.251270622125537,6.877181912976335,14.92484544416517,-0.0
18.21,4.382793926979181,7.12128042446199,14.871815860674383,-0.0
18.215,4.519387628257498,7.372345503175109,14.828743917668074,-0.0
18.22,4.6634282370991444,7.633452673652856,14.797789115877086,-0.0
18.225,4.812905705048382,7.903797112460424,14.779859322432705,-0.0
18.23,4.967007532276465,8.18286920512569,14.773283584855243,-0.0
18.235,5.127724751492336,8.470419208374452,14.77810735996645,-0.0
18.240000000000002,5.295295702854706,8.766190775203729,14.799388785901796,-0.0
18.245,5.468538452938507,9.071546286807564,14.834833323906686,-0.0
18.25,5.648876409105641,9.386106004404997,14.885765282902225,-0.0
18.255,5.835517783411051,9.70991590291124,14.95137235975151,-0.0
18.26,6.028734193052072,10.043038889477618,15.03478899903909,-0.0
18.265,6.229318128575145,10.382318802909063,15.136140296375743,-0.0
18.27,6.437823999250974,10.73199024808246,15.257872099864294,-0.0
18.275000000000002,6.653866386733282,11.088719035301764,15.399610885245256,-0.0
18.28,6.8759478318604295,11.45179813373436,15.561919232122367,-0.0
18.285,7.105238793215922,11.82347516124562,15.74768102415653,-0.0
18.29,7.340217593238649,12.198455539506899,15.958128009676582,-0.0
18.295,7.582615811257185,12.57968068595422,16.19224462958171,-0.0
18.3,7.833549043362022,12.962590129831094,16.453371701166436,-0.0
18.305,8.090005375786628,13.350092651072803,16.741727760504887,-0.0
18.31,8.353178284796952,13.73883067406846,17.058933008871694,-0.0
18.315,8.623436082451882,14.126742920251164,17.405604504469956,-0.0
18.32,8.898338480082058,14.513204265098292,17.78300587578463,-0.0
18.325,9.178968742334892,14.894619325163918,18.19159789423976,-0.0
18.330000000000002,9.464733567032855,15.270464177335548,18.63182398218476,-0.0
18.335,9.755782558681826,15.637388105046291,19.10601116656088,-0.0
18.34,10.04934220982674,15.992933707359922,19.61401778081712,-0.0
18.345,10.34660459934542,16.333907544630016,20.15506490217092,-0.0
18.35,10.646262789596449,16.659364585821326,20.732916258013173,-0.0
18.355,10.946803217475114,16.963314590513683,21.342927922367995,-0.0
18.36,11.247927882438386,17.24251149447103,21.985576700692334,-0.0
18.365000000000002,11.547316345172407,17.494447571396897,22.661057313651863,-0.0
18.37,11.84428895555837,17.714572592235243,23.368447457994648,-0.0
18.375,12.137598044476254,17.900613507131258,24.104691907215212,-0.0
18.38,12.425358446221395,18.04796486829025,24.868381148947428,-0.0
18.385,12.707387078951212,18.15071364534124,25.657874517272255,-0.0
18.39,12.98066381835891,18.210004224756766,26.469035819660093,-0.0
18.395,13.242368638840222,18.216880502317032,27.298330746869066,-0.0
18.400000000000002,13.491887483361033,18.172592324018506,28.13996766117147,-0.0
18.405,13.725085401350915,18.072603619744704,28.990849690375164,-0.0
18.41,13.944800913947384,17.915332335675725,29.845113990241536,-0.0
18.415,14.143193176469124,17.69720947354191,30.69402648032526,-0.0
18.42,14.321362325128968,17.418781705783,31.5366314038168,-0.0
18.425,14.475817073663265,17.077480964057656,32.36313689730539,-0.0
18.43,14.606128102012697,16.67578036211434,33.16827415355057,-0.0
18.435,14.709678520092712,16.214874430204876,33.94311998647532,-0.0
18.44,14.785092350270236,15.69614179227339,34.682771159748974,-0.0
18.445,14.830710951874131,15.124110899246961,35.381590942061464,-0.0
18.45,14.846083162208641,14.500421712465782,36.03029629518016,-0.0
18.455000000000002,14.828278472206101,13.833868353874859,36.626706997491226,-0.0
18.46,14.780063317621629,13.125677644571251,37.16431027269714,-0.0
18.465,14.697843413516935,12.382129125188635,37.639084270043874,-0.0
18.47,14.581129428818963,11.61339355348976,38.047352860179366,-0.0
18.475,14.43306201612171,10.821533326193595,38.385794272023716,-0.0
18.48,14.252648683463036,10.01819358381689,38.654356717317164,-0.0
18.485,14.040521934816116,9.211284663911036,38.85358894785917,-0.0
18.490000000000002,13.797953381346067,8.403537614986043,38.98189208634874,-0.0
18.495,13.527595013584289,7.603195482895671,39.04193115738339,-0.0
18.5,13.232075289079647,6.8184031743232465,39.03571734199936,-0.0
18.505,12.91138488207407,6.053959482180902,38.96693538537039,-0.0
18.51,12.568134973613871,5.315056001034195,38.83746989140322,-0.0
18.515,12.20736603647871,4.608233529464181,38.65382304433257,-0.0
18.52,11.828492867243988,3.935083343790224,38.4197263833364,-0.0
18.525000000000002,11.432665883352438,3.299466639258003,38.139753185684356,-0.0
18.53,11.025736132043518,2.7035873228171647,37.8205046975063,-0.0
18.535,10.608958760429353,2.1475156935571595,37.46525885491401,-0.0
18.54,10.186880363714552,1.63519588333776,37.078097481441915,-0.0
18.545,9.760372780299637,1.1642282454422341,36.666381669285286,-0.0
18.55,9.330333988476571,0.7346731411019143,36.23392711350008,-0.0
18.555,8.900570320050708,0.34673714331454525,35.78473867329064,-0.0
18.56,8.47247819958337,-0.0014966819002196763,35.32416564730263,-0.0
18.565,8.048894669339958,-0.311756486073923,34.85276233614807,-0.0
18.57,7.629737539152839,-0.5851218458867766,34.375656735198085,-0.0
18.575,7.218397164386969,-0.8251850473126936,33.894203357250525,-0.0
18.580000000000002,6.818121542258585,-1.0338611088555845,33.41247424094517,-0.0
18.585,6.4249742987934315,-1.2125307740931934,32.9304688027172,-0.0
18.59,6.044204394181442,-1.364846564848812,32.45282164191263,-0.0
18.595,5.673441234334714,-1.49188376194498,31.979405881490973,-0.0
18.6,5.3162127170273825,-1.5979123752843478,31.51039609884668,-0.0
18.605,4.970638613254928,-1.683342501302387,31.047111005772955,-0.0
18.61,4.638263806270188,-1.7511908285780347,30.59162309210358,-0.0
18.615000000000002,4.319592815083967,-1.8027891624188377,30.14338808718799,-0.0
18.62,4.012925434138893,-1.841170796893098,29.70236166342949,-0.0
18.625,3.7197613658875,-1.8660450076313786,29.270656438584734,-0.0
18.63,3.439104034382857,-1.8804696779675996,28.846381435193223,-0.0
18.635,3.171731122669576,-1.8857491708141016,28.428665983772788,-0.0
18.64,2.9179963241552835,-1.883762743301294,28.020003381019386,-0.0
18.645,2.6778742936538977,-1.8734796392371946,27.619025700352903,-0.0
18.650000000000002,2.4496705644371892,-1.8585283285952139,27.22590128134177,-0.0
18.655,2.2335889445191595,-1.8398262583771388,26.839513217002974,-0.0
18.66,2.0309332137535265,-1.817096138322864,26.461030421590188,-0.0
18.665,1.838266780382618,-1.7907836128566592,26.08934530494065,-0.0
18.67,1.6564766661264319,-1.7638371957955692,25.72504880933124,-0.0
18.675,1.4853624509759167,-1.736831540360563,25.36804670097906,-0.0
18.68,1.324738618855461,-1.7094399261094544,25.017635625532595,-0.0
18.685,1.172638476484035,-1.6818721779846681,24.672424227550277,-0.0
18.69,1.029257835841102,-1.6536813066645655,24.33307359848976,-0.0
18.695,0.8959804466341942,-1.6267730571503871,23.99865872288668,-0.0
18.7,0.7697996417561471,-1.601308326802994,23.6721070351009,-0.0
18.705000000000002,0.6516380794564351,-1.5763424225086582,23.349970217405808,-0.0
18.71,0.5406425807317523,-1.5524646818924188,23.03344680535281,-0.0
18.715,0.4360680436854828,-1.5314395015536761,22.72209270145376,-0.0
18.72,0.33702526724355436,-1.5115120946841525,22.415841952466202,-0.0
18.725,0.2450165851170153,-1.4962283997222243,22.11453142016216,-0.0
18.73,0.15825871893384005,-1.4816620749641216,21.817898702256162,-0.0
18.735,0.07564635269779713,-1.4698832295165354,21.525332180792166,-0.0
18.740000000000002,-0.0028683356834171975,-1.459943446748854,21.238017202893715,-0.0
18.745,-0.07631882268001976,-1.4522447322075858,20.95495192679529,-0.0
18.75,-0.14668701260547878,-1.4481269920245916,20.67647337471455,-0.0
18.755,-0.2109410276220175,-1.4472947558253089,20.403798305530223,-0.0
18.76,-0.2730110348341479,-1.4474937183323882,20.13379978650433,-0.0
18.765,-0.33132314813288777,-1.4505626240259564,19.86719385157009,-0.0
18.77,-0.3872040945155765,-1.456544021435976,19.604980791769204,-0.0
18.775000000000002,-0.4410285093772829,-1.4667204555403983,19.346245582356786,-0.0
18.78,-0.49254320107235966,-1.4793062317649752,19.090831654162486,-0.0
18.785,-0.5424426122825118,-1.4943808493803399,18.839954697200362,-0.0
18.79,-0.5905361896668196,-1.5114755897125067,18.592489643178936,-0.0
18.795,-0.6377342776568077,-1.5331048286803253,18.348737043026325,-0.0
18.8,-0.6827692471945848,-1.5555099027817259,18.10842390430401,-0.0
18.805,-0.7265302647378837,-1.580465371981421,17.872185636925924,-0.0
18.81,-0.7694033029107414,-1.6099298542782592,17.640763799096774,-0.0
18.815,-0.8117044973831156,-1.6418791449634655,17.41144256108194,-0.0
18.82,-0.8531639673960189,-1.6751544048502442,17.18549340871139,-0.0
18.825,-0.8955413220959605,-1.7120523964065444,16.962881845420533,-0.0
18.830000000000002,-0.9358888984271585,-1.7531162962467561,16.742406885140355,-0.0
18.835,-0.9771551655228206,-1.7975266546688475,16.527859689705227,-0.0
18.84,-1.0186325311739712,-1.8456828691085667,16.31584900813226,-0.0
18.845,-1.059643088137884,-1.89664575241518,16.10759927422737,-0.0
18.85,-1.1015859829541885,-1.9482723143123664,15.902291420515583,-0.0
18.855,-1.143697791939224,-2.002878919606663,15.699347080265266,-0.0
18.86,-1.1861286717479271,-2.0629837739743118,15.500617138918754,-0.0
18.865000000000002,-1.2305485424108946,-2.1272601219432365,15.30603523755352,-0.0
18.87,-1.2753247800808356,-2.1938993663420963,15.112817648746995,-0.0
18.875,-1.3214646510851744,-2.266139262937754,14.925411735066714,-0.0
18.88,-1.3687384601956176,-2.340852974326701,14.74143055398726,-0.0
18.885,-1.4171909644282539,-2.4215536703154323,14.561009555842736,-0.0
18.89,-1.4679335926604458,-2.504076953698497,14.383808430995373,-0.0
18.895,-1.5201364782735083,-2.591718376820754,14.21076866457254,-0.0
18.900000000000002,-1.5751008870159695,-2.6831330871648604,14.041624301161697,-0.0
18.905,-1.6303182581512916,-2.779836815178693,13.87507003154771,-0.0
18.91,-1.6877166383438966,-2.8803914966274444,13.711606841439693,-0.0
18.915,-1.7470006125620912,-2.9870716366236985,13.553399324366705,-0.0
18.92,-1.8087685719159046,-3.0982076436849955,13.398168904488744,-0.0
18.925,-1.8731748728166844,-3.214170833589367,13.247329289406835,-0.0
18.93,-1.940163077361258,-3.3360157540455333,13.101445833474658,-0.0
18.935,-2.0103710291933363,-3.464034513165873,12.958053722527309,-0.0
18.94,-2.0832082167738615,-3.600220291905114,12.820446557266871,-0.0
18.945,-2.1593936123561877,-3.7409004691339365,12.687016623878552,-0.0
18.95,-2.239256043776732,-3.8875001855987126,12.558050951676353,-0.0
18.955000000000002,-2.3212680742667047,-4.040415332016302,12.43382210693771,-0.0
18.96,-2.4061159439914857,-4.200643147298577,12.314409730094471,-0.0
18.965,-2.4955464409017587,-4.369334620602777,12.200517919153823,-0.0
18.97,-2.5881029779778837,-4.545164515450863,12.091765542626996,-0.0
18.975,-2.6860995477672343,-4.728586950809481,11.988690620218245,-0.0
18.98,-2.7881863965080265,-4.920283755515122,11.891521344964538,-0.0
18.985,-2.8943078177873804,-5.119420956277874,11.801843238743682,-0.0
18.990000000000002,-3.0060197232332317,-5.326600582651815,11.719284501668632,-0.0
18.995,-3.121603204338792,-5.5450242834600285,11.642966297992526,-0.0
19.0,-3.240860529881037,-5.771311572163553,11.57346925049408,-0.0
19.005,-3.368114515561598,-6.008797164858438,11.512518210972727,-0.0
19.01,-3.499914502056506,-6.256028643276241,11.46043110911814,-0.0
19.015,-3.638404247603543,-6.515113230325501,11.416368636712821,-0.0
19.02,-3.7821143969523803,-6.7850565116052,11.382892071495139,-0.0
19.025000000000002,-3.9318181047751075,-7.065829438802775,11.358001731851799,-0.0
19.03,-4.087868555156562,-7.3575209667057395,11.345211805164409,-0.0
19.035,-4.251790245525446,-7.661822639933579,11.344242800085068,-0.0
19.04,-4.423114622550479,-7.976605851481774,11.355250704006753,-0.0
19.045,-4.602246169665781,-8.305295904228354,11.379644315851008,-0.0
19.05,-4.7870919401293675,-8.646793319451884,11.418489809575922,-0.0
19.055,-4.979841811334783,-8.999689227749833,11.47245046527774,-0.0
19.06,-5.180735284836416,-9.367819943785598,11.543760418505759,-0.0
19.065,-5.391692911355905,-9.747528358898574,11.634206242408847,-0.0
19.07,-5.610985164107253,-10.139254895466504,11.742303475469376,-0.0
19.075,-5.836702830774587,-10.544709537760744,11.870170889256961,-0.0
19.080000000000002,-6.072632896067157,-10.963332592248827,12.020793072837753,-0.0
19.085,-6.315390146774849,-11.393698633299282,12.192634312494416,-0.0
19.09,-6.5695274706652995,-11.834428501759877,12.389724635207285,-0.0
19.095,-6.832931475926941,-12.289290355848722,12.614035141531195,-0.0
19.1,-7.107295884310832,-12.753508977062438,12.86550448418659,-0.0
19.105,-7.389281119652239,-13.228228457147605,13.148218346403985,-0.0
19.11,-7.682331298527864,-13.711069980209281,13.460606421299492,-0.0
19.115000000000002,-7.983484186993817,-14.201402486867094,13.807709623087279,-0.0
19.12,-8.294330920245251,-14.69626115024558,14.189890695862958,-0.0
19.125,-8.613556363938294,-15.19714343411903,14.61089936609522,-0.0
19.13,-8.943121145869272,-15.698654276214452,15.070071349568988,-0.0
19.135,-9.281008088937336,-16.19918622175765,15.570528145188234,-0.0
19.14,-9.626211410467896,-16.695280092610172,16.114918843293058,-0.0
19.145,-9.980513478659029,-17.183627034792078,16.703916211997846,-0.0
19.150000000000002,-10.340282113169156,-17.661608579642937,17.339413770889465,-0.0
19.155,-10.70677024793508,-18.123906607568664,18.021516686725274,-0.0
19.16,-11.078492547507768,-18.56748228875803,18.750982532483413,-0.0
19.165,-11.451796101971556,-18.98734468432112,19.529095644531278,-0.0
19.17,-11.829551716192404,-19.377373688895062,20.35642927604199,-0.0
19.175,-12.20594920343472,-19.73249425301012,21.230376049512955,-0.0
19.18,-12.581858218564738,-20.04632232384343,22.151085454919823,-0.0
19.185,-12.954298944830484,-20.31407844518596,23.115837779575134,-0.0
19.19,-13.32224329784389,-20.528143844535514,24.125106708791353,-0.0
19.195,-13.682517914116675,-20.68487898502696,25.171657889946236,-0.0
19.2,-14.033065202420866,-20.775822420203674,26.24950336800986,-0.0
19.205000000000002,-14.370298641874573,-20.79470275583234,27.358394854612744,-0.0
19.21,-14.69209880303365,-20.73588191045312,28.48646734769624,-0.0
19.215,-14.993944601204028,-20.597803364459118,29.629923115926335,-0.0
19.22,-15.272896235034205,-20.373372695406267,30.77975777837851,-0.0
19.225,-15.529137298617403,-20.05937098619029,31.924968136585424,-0.0
19.23,-15.756483520346414,-19.654130894783304,33.058094729828426,-0.0
19.235,-15.95166490754703,-19.157755759432746,34.16547752782254,-0.0
19.240000000000002,-16.111278598176646,-18.569432139359552,35.23826569612216,-0.0
19.245,-16.233544709871946,-17.89403338755891,36.26537502854691,-0.0
19.25,-16.31755377765747,-17.134001631587964,37.23385823587702,-0.0
19.255,-16.35777423866342,-16.29484126160644,38.135271160427095,-0.0
19.26,-16.353961926155318,-15.385177725684963,38.957922471665306,-0.0
19.265,-16.306093865879728,-14.41270983950552,39.696176096432076,-0.0
19.27,-16.21120220842338,-13.386999121466904,40.34228983407607,-0.0
19.275000000000002,-16.07112194558627,-12.31970359408449,40.890248509624676,-0.0
19.28,-15.884513141848416,-11.222252823063355,41.334889901790895,-0.0
19.285,-15.65146258185291,-10.107339047492141,41.67401680951869,-0.0
19.29,-15.37461607832514,-8.987237673118033,41.910366426033896,-0.0
19.295,-15.055494727775965,-7.872118739148561,42.04172350467863,-0.0
19.3,-14.696713960182658,-6.775674025143382,42.07333117152502,-0.0
19.305,-14.299854408754888,-5.708592042442376,42.01112010603885,-0.0
19.31,-13.870593855154278,-4.678808113229337,41.85921862744005,-0.0
19.315,-13.411001009132379,-3.694192075747242,41.625399173668995,-0.0
19.32,-12.926069078374859,-2.762763245732928,41.31813723109399,-0.0
19.325,-12.415225431077754,-1.8869019765176964,40.94617678095496,-0.0
19.330000000000002,-11.88948737318387,-1.0738252972429252,40.517603394387436,-0.0
19.335,-11.348850536589557,-0.323695802250049,40.04042902983425,-0.0
19.34,-10.798181556194056,0.3610602494917272,39.52423800453306,-0.0
19.345,-10.241205608599806,0.9810910262675643,38.97789100432639,-0.0
19.35,-9.679803234162348,1.5389382873500848,38.40821094344135,-0.0
19.355,-9.118452734912331,2.035126672028253,37.82191854813902,-0.0
19.36,-8.561533129115668,2.4725145126566455,37.22512854672139,-0.0
19.365000000000002,-8.009386681646928,2.854910379418331,36.62269355500953,-0.0
19.37,-7.466382523783714,3.1860381482181657,36.02110824994609,-0.0
19.375,-6.933603127544259,3.4689471764138204,35.42202595907556,-0.0
19.38,-6.414364061187171,3.7080211363368427,34.83016289907932,-0.0
19.385,-5.906577078636319,3.9083296690710703,34.24616701595214,-0.0
19.39,-5.415147318409701,4.073349834371084,33.674002707186986,-0.0
19.395,-4.940675486621328,4.206573612706846,33.11413831315272,-0.0
19.400000000000002,-4.4817998530727055,4.311535565590687,32.56915920643788,-0.0
19.405,-4.041011714147963,4.39368310083868,32.03755463380177,-0.0
19.41,-3.619394772800292,4.452154052770051,31.52117104718023,-0.0
19.415,-3.2158330243738744,4.493647494656698,31.021040801970905,-0.0
19.42,-2.8306337227590683,4.519252236829812,30.534505943636507,-0.0
19.425,-2.463562832266888,4.532547057880817,30.06351082261099,-0.0
19.43,-2.1131837470248414,4.534897728516043,29.606568856049126,-0.0
19.435,-1.7801675641074568,4.528421579465199,29.163933670132288,-0.0
19.44,-1.4644165899629484,4.515926839619081,28.73425847606212,-0.0
19.445,-1.1645327534404082,4.49889391750541,28.318092558043748,-0.0
19.45,-0.8811919836123161,4.47805481623034,27.914901610866515,-0.0
19.455000000000002,-0.6134929775482727,4.454805031155581,27.52348675158637,-0.0
19.46,-0.359953377090814,4.431007513333506,27.142555909813222,-0.0
19.465,-0.11966735939656478,4.407172128782819,26.771897589189056,-0.0
19.47,0.10746907528845892,4.384583628022224,26.412290796439077,-0.0
19.475,0.3213585547725963,4.364951655213361,26.06185575013753,-0.0
19.48,0.5223051594893396,4.346785190900989,25.721108211832718,-0.0
19.485,0.7135705340250192,4.330330103198389,25.38941272820185,-0.0
19.490000000000002,0.8934665468461509,4.317878771143766,25.06685150473342,-0.0
19.495,1.0639813417292507,4.309761389934472,24.751379490246222,-0.0
19.5,1.2266433546825484,4.306297186212382,24.444676860661993,-0.0
19.505,1.3808796860740302,4.305811907863455,24.145181444482375,-0.0
19.51,1.526238203471541,4.3119017857892805,23.853030574350964,-0.0
19.515,1.6659217993460822,4.321201123782696,23.568085876893434,-0.0
19.52,1.7992971930394952,4.335262553111158,23.28950971633241,-0.0
19.525000000000002,1.925095829433849,4.355970154226704,23.017824877159434,-0.0
19.53,2.046287460374111,4.382100362552128,22.75343816506232,-0.0
19.535,2.1628755030943414,4.414285589341255,22.494815969268195,-0.0
19.54,2.2744683054893127,4.450728990767625,22.243069436920567,-0.0
19.545,2.382557923666626,4.4954546585444595,21.996463606213222,-0.0
19.55,2.487266938922289,4.545011297999615,21.755173666899385,-0.0
19.555,2.589047373633499,4.599745560299058,21.521458869012587,-0.0
19.56,2.69002301111448,4.658783930365609,21.29381874865303,-0.0
19.565,2.7873086057531316,4.725094660452615,21.0726058297571,-0.0
19.57,2.883281533044193,4.797442767618094,20.856651426235647,-0.0
19.575,2.978713285793912,4.8767193044670645,20.647777279866368,-0.0
19.580000000000002,3.0729185287206056,4.962357337176947,20.444640098312025,-0.0
19.585,3.167112947865341,5.054523956640489,20.247823698293544,-0.0
19.59,3.2611209774975185,5.152325839900921,20.057249507093257,-0.0
19.595,3.3548151396137422,5.256367904104647,19.87441366883478,-0.0
19.6,3.4494814930957123,5.366722587068639,19.696998476953944,-0.0
19.605,3.5443683391863994,5.483076836295193,19.528646633266824,-0.0
19.61,3.641270073840556,5.606748585220825,19.36490438027045,-0.0
19.615000000000002,3.7398213012679467,5.736801600510029,19.209762765609344,-0.0
19.62,3.8407411419499566,5.8718528398164604,19.059921481115946,-0.0
19.625,3.943176279014821,6.014232122001533,18.918742261233877,-0.0
19.63,4.045645905613525,6.162330212727586,18.784314290699704,-0.0
19.635,4.152343310537107,6.31853920050061,18.658276171142074,-0.0
19.64,4.261243169277745,6.48103610087853,18.540544596359243,-0.0
19.645,4.372526014001183,6.649482212358802,18.431580778402264,-0.0
19.650000000000002,4.48634691323271,6.825812928675099,18.3322729802327,-0.0
19.655,4.6025192940668465,7.008563979727511,18.240850146455863,-0.0
19.66,4.723797046538397,7.198792929711353,18.158632480386036,-0.0
19.665,4.846999303027089,7.394677437481187,18.086268521163085,-0.0
19.67,4.974568552722148,7.597983878831892,18.024681284475907,-0.0
19.675,5.104183788196226,7.808467134568071,17.975868327735622,-0.0
19.68,5.239536180395723,8.024511951547181,17.935779817491728,-0.0
19.685,5.378724594083615,8.248445496090904,17.905362775227882,-0.0
19.69,5.522402378227514,8.479528337503513,17.888025747245912,-0.0
19.695,5.669218742214112,8.717048678766707,17.8844816024798,-0.0
19.7,5.821344847877721,8.959986565012429,17.89324748446797,-0.0
19.705000000000002,5.979105901259896,9.209610796170018,17.914998433436818,-0.0
19.71,6.1407355116382245,9.465309654510653,17.951814545003547,-0.0
19.715,6.307098029226683,9.72656417206784,18.00269841453715,-0.0
19.72,6.478010580500808,9.993313667617292,18.06975740491922,-0.0
19.725,6.654140687695192,10.266029636162349,18.1534843866042,-0.0
19.73,6.834550674004215,10.541021414124549,18.25205537138137,-0.0
19.735,7.021018607098778,10.822402878568688,18.369128791714168,-0.0
19.740000000000002,7.211628471918104,11.106393795277853,18.502733521741213,-0.0
19.745,7.407242026242596,11.393442294196726,18.655947635675265,-0.0
19.75,7.605803295204328,11.682844088010429,18.829300650069083,-0.0
19.755,7.809294744201948,11.974052699256715,19.020524703409528,-0.0
19.76,8.018301653798837,12.26581481415223,19.234470211951727,-0.0
19.765,8.230529833376508,12.554990960219797,19.47066688169774,-0.0
19.77,8.445726033732273,12.843301549256966,19.72799403709528,-0.0
19.775000000000002,8.665422473718037,13.127496909813546,20.00655434950745,-0.0
19.78,8.88982270238749,13.409612450906799,20.30787306648966,-0.0
19.785,9.11393093609036,13.68407487176673,20.63182470526624,-0.0
19.79,9.342459229998818,13.951030673611172,20.980691136947208,-0.0
19.795,9.571938016951675,14.208732538677452,21.35360164979487,-0.0
19.8,9.804477226096912,14.456023353518741,21.74901888110703,-0.0
19.805,10.038107537951301,14.69229464264278,22.16736265349834,-0.0
19.81,10.271598895916913,14.909812141935763,22.610163136739605,-0.0
19.815,10.502606857772017,15.111094260866341,23.075269059808722,-0.0
19.82,10.732658835263782,15.29268799435538,23.559517612371252,-0.0
19.825,10.960727846445165,15.453754805396002,24.065269307623165,0.0
19.830000000000002,11.185659962491936,15.592566403796944,24.591427143610808,0.0
19.835,11.406825966379294,15.704462075930897,25.135939477396747,0.0
19.84,11.622990446521534,15.789928503770035,25.69740433321462,0.0
19.845,11.83242767301101,15.845546018486617,26.271954649900984,0.0
19.85,12.033746688955253,15.868639864125981,26.858916160829864,0.0
19.855,12.226278233742452,15.858002939836732,27.456206528171183,0.0
19.86,12.407521583777436,15.811378524195975,28.05995537978754,0.0
19.865000000000002,12.577261562908864,15.729536219605802,28.665977808225353,0.0
19.87,12.73532109506404,15.60941543103633,29.273140310962887,0.0
19.875,12.879690168876355,15.451382035531159,29.87666088317574,0.0
19.88,13.007228019977454,15.253749359588213,30.473627788041384,0.0
19.885,13.119602321842807,15.016061739766071,31.05999207782446,0.0
19.89,13.214813849938212,14.739186392553144,31.6307370011168,0.0
19.895,13.290514529469574,14.426273713802185,32.18268547007984,0.0
19.900000000000002,13.347631271061909,14.076997961474985,32.7131467733053,0.0
19.905,13.383107969549332,13.692524120359929,33.21635040777032,0.0
19.91,13.398306476037689,13.273765472707183,33.690912708904435,0.0
19.915,13.392611317629253,12.82615574352481,34.13118470656614,0.0
19.92,13.36340363713641,12.351302679185341,34.533527436135245,0.0
19.925,13.311003554982172,11.853293046075905,34.90005631847149,0.0
19.93,13.237258571691966,11.33428618227962,35.223950533875964,0.0
19.935,13.143188400869686,10.800330870989502,35.502255055248646,0.0
19.94,13.027220252102444,10.253259626398188,35.73874407892729,0.0
19.945,12.887146031727053,9.698538660314068,35.92994917496389,0.0
19.95,12.727784126530672,9.139578355676141,36.077368331800436,0.0
19.955000000000002,12.548629558048827,8.580408479787103,36.17833293851721,0.0
19.96,12.350060557929755,8.0245245512745,36.2343649434519,0.0
19.965,12.133985932946947,7.476894192361268,36.24568633414295,0.0
19.97,11.90084075927227,6.938217244067478,36.21453513825479,0.0
19.975,11.652401274646536,6.414438191939774,36.1461062529401,0.0
19.98,11.390637829198008,5.907932204067379,36.03751071399657,0.0
19.985,11.117666938743865,5.420062741316288,35.89305809723221,0.0
19.990000000000002,10.83281242247542,4.954531589970254,35.71661481089958,0.0
19.995,10.53941276251177,4.511521807059713,35.50937596608347,0.0
20.0,10.23892300546119,4.091893641401981,35.274239679029534,0.0
20.005,9.932108727358642,3.698322635793593,35.0130645850939,0.0
20.01,9.620780033578566,3.331803728890189,34.730593377614284,0.0
20.015,9.305145513268595,2.9920881877503507,34.42720696612343,0.0
20.02,8.989937642234649,2.677795313518433,34.10611197047011,0.0
20.025000000000002,8.672893227702996,2.3892335109455702,33.77046760860629,0.0
20.03,8.358847537538836,2.1270046252924204,33.42449475106581,0.0
20.035,8.046711980377498,1.8897383125474796,33.067253058766774,0.0
20.04,7.737975125682973,1.676717272195309,32.70134803266344,0.0
20.045,7.435547011093741,1.4859001419704247,32.32984941074369,0.0
20.05,7.138474770563922,1.318439541394339,31.954221346324093,0.0
20.055,6.848159103860138,1.1707577267437885,31.57510762090236,0.0
20.06,6.564606811001394,1.0429446848313413,31.194091329278578,0.0
20.065,6.289486924182099,0.9339036222808543,30.810934091492413,0.0
20.07,6.021607770820425,0.8399450934031188,30.429333604222087,0.0
20.075,5.761375846812206,0.7620834048739282,30.048132907879342,0.0
20.080000000000002,5.511713820243066,0.7007060859134433,29.668619881970557,0.0
20.085,5.27160648783406,0.6512052199844376,29.292092251485286,0.0
20.09,5.04086041870632,0.6141293661702175,28.91794460492594,0.0
20.095,4.819251943060408,0.5865117875737951,28.54777294704988,0.0
20.1,4.607713371644975,0.5709216288828904,28.180448781003467,0.0
20.105,4.406093696275602,0.5637413704758453,27.81765857205734,0.0
20.11,4.213180651032998,0.5644898772161944,27.458442922984187,0.0
20.115000000000002,4.030259168048032,0.5732593021140076,27.104446484146408,0.0
20.12,3.8565312161479177,0.5881590423709032,26.754532234274482,0.0
20.125,3.692174587152934,0.609649054200658,26.40959581621255,0.0
20.13,3.5396896090428682,0.6353594711292962,26.068676081645805,0.0
20.135,3.3956113757207453,0.6656371178500037,25.731331452653365,0.0
20.14,3.257772251631927,0.7015196135621535,25.39940629168887,0.0
20.145,3.130743221489706,0.7397956658800253,25.07152980550244,0.0
20.150000000000002,3.011561822713703,0.7810775710386222,24.749405748754832,0.0
20.155,2.8991513305183476,0.8261726497056799,24.43036479618125,0.0
20.16,2.7935348472573214,0.8742895811542292,24.116743762524333,0.0
20.165,2.6976283348626393,0.9239374965295005,23.806506279481752,0.0
20.17,2.609583296620552,0.9765235950082076,23.50223960264212,0.0
20.175,2.5278988237405913,1.029732530146671,23.202721710658906,0.0
20.18,2.4534815717608653,1.0855851100591507,22.90551997915828,0.0
20.185,2.385124907828027,1.1422929691649113,22.611980116684766,0.0
20.19,2.3229962205826,1.2001802350728077,22.32523724213449,0.0
20.195,2.267492704159564,1.2591150462819114,22.041074127371644,0.0
20.2,2.2167720265324045,1.3200019990730203,21.761849872006707,0.0
20.205000000000002,2.1718957530000016,1.3824694621219504,21.48699124935828,0.0
20.21,2.1322550989174065,1.4463737187497203,21.215869383900028,0.0
20.215,2.0992480879452984,1.5105329048974108,20.948227017078942,0.0
20.22,2.070443106432441,1.5766265882579162,20.683655931371806,0.0
20.225,2.0452591410238137,1.643607648294337,20.424344030591183,0.0
20.23,2.0252277053721133,1.7114990199322595,20.167289459477335,0.0
20.235,2.0090430700193935,1.7822233935941387,19.914730955750485,0.0
20.240000000000002,1.997283987581105,1.8545944763661129,19.66577018216189,0.0
20.245,1.9915179748627476,1.9274147360547123,19.422097568354673,0.0
20.25,1.9891523821561359,2.0032940004155813,19.183496608060306,0.0
20.255,1.9898715903093636,2.0811276214352974,18.94850642254849,0.0
20.26,1.9939832679784586,2.161035715483891,18.71585838303395,0.0
20.265,2.0033181595663496,2.242526858784437,18.486374405455294,0.0
20.27,2.014147194272627,2.3264924230380153,18.262116953835548,0.0
20.275000000000002,2.029390909188653,2.4129365856446214,18.04034756304516,0.0
20.28,2.0479855124576694,2.501242479987905,17.824028238591715,0.0
20.285,2.071556823832401,2.591901244632984,17.611498587457834,0.0
20.29,2.0971611181173406,2.685273400104346,17.40356773496577,0.0
20.295,2.1274588940642953,2.782858389256216,17.200360297650395,0.0
20.3,2.1607400211078054,2.884054600699778,17.001668338023002,0.0
20.305,2.1974401362110143,2.98804923951661,16.80529780456421,0.0
20.31,2.2377171961081714,3.095198967843889,16.613560652736417,0.0
20.315,2.2806964047796345,3.206196670749421,16.427104670644642,0.0
20.32,2.326432806295917,3.321868171319756,16.24415513723295,0.0
20.325,2.3752574366143326,3.443122404694324,16.06720243601056,0.0
20.330000000000002,2.428603207411179,3.5674700483701414,15.894237507784544,0.0
20.335,2.4861237649074734,3.6955963108315375,15.724718696455945,0.0
20.34,2.545919111669528,3.8299511827075814,15.56031008539943,0.0
20.345,2.611377077750829,3.9691510479863554,15.401867019535853,0.0
20.35,2.679543634094865,4.1141856031838175,15.24853811204892,0.0
20.355,2.7503934700282744,4.263815730599867,15.100965046330376,0.0
20.36,2.8260909057869137,4.420133725032689,14.959299284171442,0.0
20.365000000000002,2.907334434759721,4.58356467619377,14.823306908487135,0.0
20.37,2.99218236736702,4.752001831300487,14.691733365776592,0.0
20.375,3.079868172607233,4.927436284414792,14.566307041023247,0.0
20.38,3.1722793839937076,5.109171475629513,14.447341130858852,0.0
20.385,3.269346137864624,5.299954704919434,14.335886890440978,0.0
20.39,3.3723876581742953,5.49641945953845,14.230949723007965,0.0
20.395,3.4776433565284606,5.700331773540558,14.134010182357091,0.0
20.400000000000002,3.5894224136834265,5.912986107713892,14.04418671981851,0.0
20.405,3.705266641261746,6.134844672827357,13.961607698053815,0.0
20.41,3.826731742584336,6.365054296339301,13.889424397177573,0.0
20.415,3.953765915323109,6.6020244481840935,13.82678166774659,0.0
20.42,4.086681823169333,6.848206429024545,13.773399192405858,0.0
20.425,4.224535044097866,7.105260984795705,13.72920444800001,0.0
20.43,4.367947704080471,7.369595484055329,13.695954015876328,0.0
20.435,4.517947135227806,7.644632480980521,13.673692053381016,0.0
20.44,4.674740925256346,7.930531767616898,13.664564540089666,0.0
20.445,4.836559808019247,8.225764763775992,13.667596383406481,0.0
20.45,5.004960049661825,8.529859526392025,13.683999023715629,0.0
20.455000000000002,5.180813944245083,8.845495585245176,13.714912014660857,0.0
20.46,5.362644588055627,9.171517738121945,13.761452495734021,0.0
20.465,5.551771846588862,9.506975289354303,13.823451455964749,0.0
20.47,5.748995928860252,9.85397579215474,13.904221124049132,0.0
20.475,5.95346591763119,10.210149428950707,14.001754908641688,0.0
20.48,6.166252484528689,10.576081088790675,14.119149176133075,0.0
20.485,6.386673551960087,10.95253269656599,14.256327968499164,0.0
20.490000000000002,6.616343005671711,11.334655472966013,14.415909312441572,0.0
20.495,6.85264167435174,11.726323840320076,14.598606255556335,0.0
20.5,7.096494555735289,12.125393067976042,14.80602469934131,0.0
20.505,7.348265901848341,12.531861736721023,15.03905824021573,0.0
20.51,7.607194275529986,12.94526518843391,15.299168567929271,0.0
20.515,7.873746150774078,13.363680333261767,15.586806135465718,0.0
20.52,8.14779799225927,13.786360750374062,15.905679766075677,0.0
20.525000000000002,8.429764114267257,14.210231903212994,16.25485381404411,0.0
20.53,8.719806557520041,14.634568685907386,16.636551040862408,0.0
20.535,9.016465596866455,15.055692436552441,17.052384490935335,0.0
20.54,9.318810324199514,15.473745045246863,17.504143741771138,0.0
20.545,9.626878424264952,15.885566309676088,17.9922596437038,0.0
20.55,9.938922512685656,16.286242969942645,18.517383943456117,0.0
20.555,10.25648661203797,16.676632097341823,19.07849885844311,0.0
20.56,10.576979638773144,17.051524225365245,19.67986550484755,0.0
20.565,10.900632903830127,17.40579960588746,20.318262470869335,0.0
20.57,11.225890810694851,17.73872231564512,20.99581529093174,0.0
20.575,11.551738126718094,18.042964259232598,21.71165984468486,0.0
20.580000000000002,11.87649662772668,18.316080932389465,22.462774869218222,0.0
20.585,12.197926726479963,18.552044701116188,23.250059687392042,0.0
20.59,12.51523219038736,18.74916482724572,24.0720035238792,0.0
20.595,12.827385366293901,18.90092405069496,24.92468518519498,0.0
20.6,13.133019824560177,19.003371474832235,25.804426917459974,0.0
20.605,13.426551390333733,19.05182211469324,26.708445898224475,0.0
20.61,13.707912784179657,19.041391350323536,27.63187544629365,0.0
20.615000000000002,13.974359957580234,18.971882281589032,28.56902455892935,0.0
20.62,14.224261351961102,18.837887264565158,29.513923083618028,0.0
20.625,14.45489132142302,18.63517042974183,30.460825153316694,0.0
20.63,14.663221628100874,18.363152121939894,31.402159348161256,0.0
20.635,14.848347917691731,18.022556794096168,32.32988244616319,0.0
20.64,15.007894198517429,17.610139872838097,33.23602080102881,0.0
20.645,15.137580222263745,17.129278338408334,34.11540949424892,0.0
20.650000000000002,15.237417416737093,16.580960541865938,34.95741962986548,0.0
20.655,15.30390180470953,15.967703722139918,35.754252167183594,0.0
20.66,15.33672079301066,15.294223059647095,36.4999618415918,0.0
20.665,15.335377467180288,14.566366855891452,37.18668682841028,0.0
20.67,15.297702984292474,13.788044164265365,37.80627569112332,0.0
20.675,15.221535305638815,12.968678031326911,38.35603864161573,0.0
20.68,15.10981981855465,12.115219525506378,38.83094584687156,0.0
20.685,14.959221576337017,11.237190130167686,39.22754541612652,0.0
20.69,14.772639617254097,10.342853583822201,39.545644272524626,0.0
20.695,14.550003010020939,9.438039789691288,39.78197479171825,0.0
20.7,14.294523753158481,8.53499288558229,39.93908096220584,0.0
20.705000000000002,14.00654089623492,7.639315924701316,40.01692524151161,0.0
20.71,13.686980636445655,6.760393259572751,40.01915000593527,0.0
20.715,13.341578423987972,5.904421876180485,39.9477200558342,0.0
20.72,12.971444111308923,5.078017395855159,39.809011593616596,0.0
20.725,12.576368777556128,4.2870208449972225,39.60704213883845,0.0
20.73,12.163121767132301,3.5347317987748634,39.3484002917217,0.0
20.735,11.732829645266865,2.8275241977874033,39.03878984799649,0.0
20.740000000000002,11.288545344937818,2.1659188448995126,38.6840087450057,0.0
20.745,10.832142353881938,1.5521767992346165,38.2898566698616,0.0
20.75,10.36734318568588,0.9868830482946169,37.86338949627974,0.0
20.755,9.896890934850463,0.4696875172087728,37.40890529040451,0.0
20.76,9.425267885406937,0.0007847488684006865,36.932846536866805,0.0
20.765,8.95437292282653,-0.4203091048653344,36.44129148122375,0.0
20.77,8.486699000895582,-0.7973330318342646,35.93646513939864,0.0
20.775000000000002,8.023981570232017,-1.1305293846587827,35.42225510073757,0.0
20.78,7.5671716258853605,-1.422072982981726,34.90428841583806,0.0
20.785,7.119048648290488,-1.675695717895387,34.385076529246774,0.0
20.79,6.678384740974637,-1.8952859336985888,33.86700111343669,0.0
20.795,6.249663842835135,-2.0819051051740454,33.35129755606323,0.0
20.8,5.833309732039574,-2.23819974202912,32.84195052751486,0.0
20.805,5.429664368643963,-2.368603959530525,32.33918225449082,0.0
20.81,5.039906815171717,-2.475201243850198,31.84412305993623,0.0
20.815,4.664307993999588,-2.558701008933763,31.356482294385042,0.0
20.82,4.301916081006857,-2.6247221691928,30.877351056115113,0.0
20.825,3.9543836344832015,-2.6736122399485254,30.40926732306802,0.0
20.830000000000002,3.6230167305167558,-2.708167902605185,29.950870270839996,0.0
20.835,3.306832557548225,-2.72950843495686,29.50210252744108,0.0
20.84,3.005490362906249,-2.7392407488354755,29.06386005812768,0.0
20.845,2.718662251114582,-2.7409080634013985,28.636493946918378,0.0
20.85,2.446010585395447,-2.735276106995038,28.217842306862963,0.0
20.855,2.1864567669474644,-2.7236786551416863,27.80791417714731,0.0
20.86,1.9411883940101102,-2.707120944921795,27.405717136118323,0.0
20.865000000000002,1.708435210458575,-2.6884511228959416,27.014445866760145,0.0
20.87,1.4892777164097066,-2.6661773525931154,26.631279893183994,0.0
20.875,1.2802734207635216,-2.643162481121306,26.256181153364402,0.0
20.88,1.0838878273817305,-2.6195266593259188,25.88904530275627,0.0
20.885,0.8987941756093352,-2.5957095993290853,25.53052692313863,0.0
20.89,0.7242999066015681,-2.571258729914066,25.178686782978158,0.0
20.895,0.5597284570602472,-2.548522143553372,24.833486135411402,0.0
20.900000000000002,0.40541768792147714,-2.5272086326632874,24.494721535059643,0.0
20.905,0.2596932974512617,-2.50662295449934,24.163660033134647,0.0
20.91,0.12128397691491205,-2.4897302976108775,23.83771421879516,0.0
20.915,-0.009681190065150946,-2.474168112672969,23.51689976418169,0.0
20.92,-0.13291217809554473,-2.4605880213998543,23.2034849773632,0.0
20.925,-0.24914252641726992,-2.452264788713978,22.8950352678891,0.0
20.93,-0.35924243353133967,-2.4469617633424847,22.593866554260472,0.0
20.935,-0.46318707259712333,-2.4451205760600514,22.29767353219081,0.0
20.94,-0.5626467659375805,-2.446105517271705,22.00741975450199,0.0
20.945,-0.6564738595806773,-2.451494282067142,21.720443929446844,0.0
20.95,-0.7444708086415064,-2.4621901894068414,21.439175935639184,0.0
20.955000000000002,-0.8298194550823399,-2.4743327603050753,21.161452945025218,0.0
20.96,-0.9127446262726615,-2.491394057092687,20.88965244663925,0.0
20.965,-0.9924466362802791,-2.510646922144736,20.623987857095646,0.0
20.97,-1.0683600744142263,-2.5351055819268566,20.361958483216025,0.0
20.975,-1.1417498021133854,-2.562572736650326,20.104192867839217,0.0
20.98,-1.2144633634723236,-2.5960384293984693,19.85134624911211,0.0
20.985,-1.2823221501186848,-2.633486713190278,19.60182619040868,0.0
20.990000000000002,-1.3499535358112775,-2.6739797641838923,19.357692235111205,0.0
20.995,-1.4162697103056456,-2.7189233389855567,19.118159500474718,0.0
21.0,-1.481203016948962,-2.7682991954892238,18.88055041134062,0.0
21.005,-1.5433074854486881,-2.8227541924163,18.65024728946457,0.0
21.01,-1.6076846023097753,-2.880931700052453,18.423123866121188,0.0
21.015,-1.6708610633728949,-2.9435581504572785,18.199543019097252,0.0
21.02,-1.7344146691717224,-3.0105966273979194,17.98076655534716,0.0
21.025000000000002,-1.7982486445398875,-3.0839084415305074,17.76648342307425,0.0
21.03,-1.862574837992721,-3.15887191493903,17.557356080717653,0.0
21.035,-1.9265476402253743,-3.2404942239167056,17.353120018957394,0.0
21.04,-1.9937931249421086,-3.3271034480988195,17.15181877781797,0.0
21.045,-2.060345528213296,-3.419629138786295,16.956337651776007,0.0
21.05,-2.1285767992020825,-3.516280626970137,16.765131413269653,0.0
21.055,-2.1982664623632693,-3.617501589918904,16.579396513487556,0.0
21.06,-2.2688084859879925,-3.724160569212223,16.396970381892285,0.0
21.065,-2.3414198305464162,-3.8369987424913945,16.218646815492026,0.0
21.07,-2.4154462712571325,-3.956081261576131,16.046378052560996,0.0
21.075,-2.4924739115821914,-4.080573586035661,15.880106618865858,0.0
21.080000000000002,-2.5719696333971487,-4.2122665988942325,15.719121184187747,0.0
21.085,-2.6544023042011595,-4.348619898081647,15.5642273922942,0.0
21.09,-2.739330720104878,-4.491388859474783,15.414455606874846,0.0
21.095,-2.8280598731694075,-4.640727114011905,15.270586801071707,0.0
21.1,-2.918744779617325,-4.7988856551652095,15.132773535387523,0.0
21.105,-3.0112884956818142,-4.963081868405748,15.001060990261557,0.0
21.11,-3.1085272184474113,-5.13400581436888,14.876134546106856,0.0
21.115000000000002,-3.2094142865888378,-5.313141511143534,14.757686879364286,0.0
21.12,-3.3145400427128395,-5.4991686454101405,14.646432249197119,0.0
21.125,-3.4236101178247136,-5.6941118861437,14.54251260968154,0.0
21.13,-3.5374443533776754,-5.895929613775296,14.446969230209211,0.0
21.135,-3.6552127629522784,-6.106877424109085,14.35805558157708,0.0
21.14,-3.7769376868615043,-6.325864925009816,14.278618270225552,0.0
21.145,-3.904859315129188,-6.55334123680128,14.20771052367413,0.0
21.150000000000002,-4.038968894895,-6.7891444358290824,14.147625177507688,0.0
21.155,-4.176309800858173,-7.034822489863396,14.094544025630004,0.0
21.16,-4.318399308482935,-7.289892632967652,14.052731575871482,0.0
21.165,-4.467176129681755,-7.554803374710508,14.022770168782124,0.0
21.17,-4.622154163631633,-7.829144484353636,14.00509749763698,0.0
21.175,-4.782589309737191,-8.113675803101657,13.998251743873087,0.0
21.18,-4.948525899774234,-8.407458457453817,14.004210563402518,0.0
21.185,-5.121370901123141,-8.710786184569894,14.02479885175941,0.0
21.19,-5.300230709063776,-9.024272130103686,14.060989535565692,0.0
21.195,-5.486062773816663,-9.348532263060195,14.112778877224168,0.0
21.2,-5.679861947119307,-9.683343243248641,14.180948853627232,0.0
21.205000000000002,-5.880045654330143,-10.026462495092959,14.267918600041774,0.0
21.21,-6.087532619904076,-10.379921203545829,14.372519609849306,0.0
21.215,-6.3032038189923165,-10.742881584671942,14.497088326225159,0.0
21.22,-6.52449937804516,-11.114318132238447,14.642466421173706,0.0
21.225,-6.754028466575,-11.49444632629961,14.80945825869335,0.0
21.23,-6.9908179444384135,-11.882688685892042,14.999828361820539,0.0
21.235,-7.234773085275412,-12.277990516516875,15.216366980413335,0.0
21.240000000000002,-7.48725529260035,-12.679754906660209,15.45722061962589,0.0
21.245,-7.747420271617713,-13.085815807579264,15.725551240515271,0.0
21.25,-8.013976501757048,-13.497236654516007,16.021914562298225,0.0
21.255,-8.287733754715234,-13.908987132558474,16.34947090916959,0.0
21.26,-8.569960756062608,-14.322556316338295,16.708301198169462,0.0
21.265,-8.85783242025972,-14.734798605836248,17.099159123894232,0.0
21.27,-9.151345917366264,-15.144022753831628,17.524220714611783,0.0
21.275000000000002,-9.452020207363713,-15.547295230214923,17.98225336509962,0.0
21.28,-9.757353006701713,-15.942027711433209,18.476721020821188,0.0
21.285,-10.066573267578043,-16.327946980725446,19.00770400448847,0.0
21.29,-10.379321282488336,-16.698995298676614,19.575373211438816,0.0
21.295,-10.69572643346974,-17.051805104231278,20.18200220761817,0.0
21.3,-11.013710059065259,-17.384868171195485,20.824823330290393,0.0
21.305,-11.333085168713511,-17.694189738240695,21.505063855237072,0.0
21.31,-11.65268587808866,-17.97497022307194,22.219742929893723,0.0
21.315,-11.969124362822338,-18.220203118643738,22.970419669069432,0.0
21.32,-12.282003821768008,-18.42999058745211,23.755025246712304,0.0
21.325,-12.588771629865459,-18.59909002636077,24.56825104691848,0.0
21.330000000000002,-12.889515480995941,-18.72264423090993,25.411461230359013,0.0
21.335,-13.179965933881075,-18.79534496033764,26.279903335281798,0.0
21.34,-13.461546197520608,-18.815890320386774,27.16666435566146,0.0
21.345,-13.729846643050704,-18.77712167189496,28.07111985675259,0.0
21.35,-13.982842040425814,-18.67859374669246,28.98562645968922,0.0
21.355,-14.217484633993049,-18.516206533185734,29.90508134430202,-0.0
21.36,-14.431074956322774,-18.288080066377017,30.822133792269867,-0.0
21.365000000000002,-14.623307989109511,-17.993001462212067,31.732045576095654,-0.0
21.37,-14.792025692509151,-17.630442867382186,32.62370597925319,-0.0
21.375,-14.934017549749948,-17.199687390845348,33.491678082205546,-0.0
21.38,-15.047201902655065,-16.703750467624012,34.32951536426229,-0.0
21.385,-15.130280343948842,-16.14503066922171,35.12924311176447,-0.0
21.39,-15.18088087192343,-15.523971011567058,35.88191413718127,-0.0
21.395,-15.199023529008075,-14.846768830926559,36.58226980119068,-0.0
21.400000000000002,-15.181200819388296,-14.120023345856263,37.22253093671677,-0.0
21.405,-15.128562112335521,-13.350103767583198,37.796779498864204,-0.0
21.41,-15.03919795554953,-12.541994644268113,38.30164441603614,-0.0
21.415,-14.91365968126738,-11.70523782143562,38.73369365602214,-0.0
21.42,-14.7522732812707,-10.847052233914413,39.08947741250616,-0.0
21.425,-14.556001021548093,-9.974462538965305,39.3691639249408,-0.0
21.43,-14.326549554611262,-9.09695799819154,39.569902286172805,-0.0
21.435,-14.065159750872251,-8.222366752223435,39.69435808551967,-0.0
21.44,-13.773219694492104,-7.358184409390855,39.74349306294206,-0.0
21.445,-13.45242468849107,-6.514563481036736,39.719917972796964,-0.0
21.45,-13.105980809259766,-5.693464901123213,39.62780091756435,-0.0
21.455000000000002,-12.73492252325673,-4.903737171634593,39.47170038085801,-0.0
21.46,-12.343546753036678,-4.148806225172045,39.25757381940267,-0.0
21.465,-11.932242822714677,-3.43362586085719,38.99009091271546,-0.0
21.47,-11.507473604086927,-2.7610622052057643,38.67408107912284,-0.0
21.475,-11.06991050693486,-2.131900468587132,38.31720968578178,-0.0
21.48,-10.623169074037811,-1.5499648919079054,37.92453470073827,-0.0
21.485,-10.168862141993774,-1.0139920949178736,37.49979728143698,-0.0
21.490000000000002,-9.711318572559357,-0.5257502842876545,37.05119122013658,-0.0
21.495,-9.250740496418953,-0.08407616933891576,36.582090044372535,-0.0
21.5,-8.791741024495517,0.3131982410452403,36.09777308952401,-0.0
21.505,-8.336237414188698,0.6677994095288726,35.6012187481379,-0.0
21.51,-7.885574569130029,0.9816881161914268,35.09822814924185,-0.0
21.515,-7.441213121237739,1.2564984909940438,34.59266959817737,-0.0
21.52,-7.006388402412395,1.4940578505742024,34.083659321906325,-0.0
21.525000000000002,-6.581862525909599,1.6996370584329517,33.576496355707796,-0.0
21.53,-6.166914416602184,1.87423407813851,33.073417830441436,-0.0
21.535,-5.76518381433438,2.021413263579721,32.57365957550652,-0.0
21.54,-5.376820525556055,2.144102022961888,32.08025537888263,-0.0
21.545,-4.999868221354614,2.2424894740302044,31.594733761289525,-0.0
21.55,-4.6383537994621475,2.3207133165958296,31.116886087150355,-0.0
21.555,-4.289935454777522,2.3807987316610633,30.64805505135933,-0.0
21.56,-3.9558211885427643,2.425814796942897,30.188633881242527,-0.0
21.565,-3.635596870398821,2.4570175045178733,29.7387555070766,-0.0
21.57,-3.3302615383451655,2.4772902475244964,29.296738930253987,-0.0
21.575,-3.041083390531261,2.487521093241222,28.864958312694437,-0.0
21.580000000000002,-2.7650829534920294,2.4872124503477404,28.44254461929798,-0.0
21.585,-2.5025833085790166,2.4819761197198855,28.029078182352723,-0.0
21.59,-2.253620348984775,2.4693258823627025,27.623349709662065,-0.0
21.595,-2.016970901589922,2.452753273432951,27.227693704503807,-0.0
21.6,-1.7926436634688618,2.4334428431168957,26.839066532541715,-0.0
21.605,-1.582806241349481,2.4107366808726125,26.457688758673562,-0.0
21.61,-1.3826964549348204,2.3859260402426252,26.085543222366542,-0.0
21.615000000000002,-1.1931127336696303,2.3609620794746946,25.721830833211758,-0.0
21.62,-1.015292118541349,2.33553629702345,25.364759117391845,-0.0
21.625,-0.8480189852640583,2.3106258744435766,25.014547210315705,-0.0
21.63,-0.6900075876403572,2.2864750390164126,24.669854336775934,-0.0
21.635,-0.5410501359817181,2.264275999626316,24.332586142312582,-0.0
21.64,-0.3999193148287805,2.2433747895520413,24.002382495893542,-0.0
21.645,-0.26742181834982837,2.223167043267641,23.677528036723427,-0.0
21.650000000000002,-0.14245073943889025,2.2062576114899883,23.35866088946487,-0.0
21.655,-0.02539366920415702,2.1916471179423587,23.045400181202066,-0.0
21.66,0.08420562141849461,2.1805462868508005,22.73730265412577,-0.0
21.665,0.18907213531399292,2.172456908588182,22.434078441714608,-0.0
21.67,0.28900971042233625,2.1670480766196714,22.138055994636495,-0.0
21.675,0.3826381115512003,2.163170764989877,21.845723947912013,-0.0
21.68,0.4716235022414307,2.1644032221050447,21.55785107885212,-0.0
21.685,0.5552323943910452,2.169185441098291,21.274980942082564,-0.0
21.69,0.6360878317747954,2.176195760891112,20.997318518669477,-0.0
21.695,0.712609445796646,2.1877311915304207,20.724666371386757,-0.0
21.7,0.7851212969967849,2.2033615888749774,20.45628683249901,-0.0
21.705000000000002,0.8561198594175556,2.2203007275513764,20.1930591264207,-0.0
21.71,0.9245556450377996,2.2433742897045716,19.932740558517597,-0.0
21.715,0.991073092371135,2.268568937777094,19.677982414693417,-0.0
21.72,1.0556336255903118,2.2984529920523205,19.427192665242075,-0.0
21.725,1.118057167677093,2.332300190459202,19.180911039708825,-0.0
21.73,1.178984545049898,2.36996626104209,18.938315574054638,-0.0
21.735,1.2370394264399895,2.411006233570348,18.69970393381998,-0.0
21.740000000000002,1.2956132732700083,2.4565377368134125,18.464406151348257,-0.0
21.745,1.3539227233818587,2.5048005260496926,18.23471702898581,-0.0
21.75,1.4114377461571945,2.5578699505332123,18.008230957936625,-0.0
21.755,1.4681137370213069,2.6157437695449577,17.786803531584887,-0.0
21.76,1.5261145725636465,2.679391501618148,17.56907565152095,-0.0
21.765,1.584309582150327,2.7460488358160804,17.355185672283145,-0.0
21.77,1.6423784466915858,2.81724007521941,17.145988039017634,-0.0
21.775000000000002,1.7025140879461729,2.893066124525872,16.94062262705683,-0.0
21.78,1.7612357256380247,2.9721146352272214,16.739569139864,-0.0
21.785,1.8225319279590033,3.0564838319524377,16.541854640817146,-0.0
21.79,1.884052773655296,3.1455187237066418,16.34822609485588,-0.0
21.795,1.9461888594185475,3.2403979617285064,16.159540978971354,-0.0
21.8,2.0095900388422243,3.3385226110638944,15.975476852726551,-0.0
21.805,2.0768737307621077,3.4414576859832713,15.796998308274791,-0.0
21.81,2.1465806936991645,3.550770570457125,15.620743669474344,-0.0
21.815,2.2169341458151903,3.665317325419752,15.450056149856795,-0.0
21.82,2.2888160593133753,3.7868177212211305,15.284424213581438,-0.0
21.825,2.363390603738766,3.9141331960149603,15.122816759361875,-0.0
21.830000000000002,2.4404870954954894,4.046050678856071,14.96634301095854,-0.0
21.835,2.5199144737122867,4.184673922948648,14.816633903567737,-0.0
21.84,2.6038170821198867,4.330191780538173,14.672150322378627,-0.0
21.845,2.6894098349538003,4.481405167125158,14.53195366797477,-0.0
21.85,2.779544944036982,4.640359382581055,14.39812444740305,-0.0
21.855,2.872925729986217,4.805153793483606,14.271047893242393,-0.0
21.86,2.969203856516636,4.97701120458775,14.149122008621505,-0.0
21.865000000000002,3.069975564188722,5.157717904020869,14.035639938350675,-0.0
21.87,3.175321160682821,5.346755642623827,13.928474047463292,-0.0
21.875,3.284889985127287,5.542067138407175,13.827561506225747,-0.0
21.88,3.3974101155767444,5.74731355328343,13.735094284465585,-0.0
21.885,3.5149331352614634,5.960144029410607,13.649493546147925,-0.0
21.89,3.637447045914866,6.183655368525697,13.573893519367061,-0.0
21.895,3.7646890062736555,6.415321923293263,13.505740787595776,-0.0
21.900000000000002,3.8969632452430494,6.655753843249294,13.44613556721851,-0.0
21.905,4.033760790205216,6.906126434042951,13.395632428741957,-0.0
21.91,4.1782494681943225,7.166079131968079,13.35627735121597,-0.0
21.915,4.326243800226884,7.437030144044073,13.328092659833992,-0.0
21.92,4.481812074922558,7.7167543581065585,13.310838303228236,-0.0
21.925,4.643238202761579,8.006600209159838,13.306331937673912,-0.0
21.93,4.811812901187485,8.30806326002627,13.314948635340544,-0.0
21.935,4.987834089484407,8.619820167894952,13.337625522642686,-0.0
21.94,5.1694480091096064,8.941596176126811,13.374486187152163,-0.0
21.945,5.358710404658151,9.274673558563245,13.427327938840353,-0.0
21.95,5.555575819128486,9.618217400482244,13.499179773856536,-0.0
21.955000000000002,5.7592686199704675,9.97200014072985,13.586218040537405,-0.0
21.96,5.969376038057609,10.336437634040967,13.693203794293721,-0.0
21.965,6.187557740671629,10.712672959138336,13.819448580388586,-0.0
21.97,6.414448369508605,11.09804595449898,13.965630146087202,-0.0
21.975,6.64867328000436,11.491344960496185,14.135572700643387,-0.0
21.98,6.890954331984102,11.895637143612662,14.328387441670513,-0.0
21.985,7.141174416262197,12.307465327951567,14.547443482243457,-0.0
21.990000000000002,7.400058895236082,12.725440920686655,14.793451813782813,-0.0
21.995,7.666225947754519,13.149594691819948,15.0666520987545,-0.0
22.0,7.939567412491756,13.581105238551954,15.368724585128897,-0.0
22.005,8.221677269385752,14.014580619766429,15.703306425658951,-0.0
22.01,8.510990183989444,14.449980239711126,16.0706903795083,-0.0
22.015,8.807160074120677,14.88492491269816,16.47058273604069,-0.0
22.02,9.112157352150401,15.317321989134996,16.907018265231116,-0.0
22.025000000000002,9.422506262195602,15.745886299645605,17.379098409987314,-0.0
22.03,9.738730659236884,16.167998254077215,17.888394004914794,-0.0
22.035,10.060697125914766,16.579217242509113,18.43704423857658,-0.0
22.04,10.386020895741268,16.97790187167773,19.024597965911138,-0.0
22.045,10.71544044018434,17.359297148490327,19.65082258293254,-0.0
22.05,11.047872790288888,17.720369749470755,20.319522301502257,-0.0
22.055,11.382123344723304,18.05568712021278,21.02656277787228,-0.0
22.06,11.716245516762266,18.360200059539046,21.77276035247666,-0.0
22.065,12.047586622897878,18.63374714795185,22.55828215732057,-0.0
22.07,12.377286909345392,18.86838697501695,23.380300361686988,-0.0
22.075,12.701784024199627,19.059740611789643,24.235706325304502,-0.0
22.080000000000002,13.020201560320688,19.203241977081632,25.1226138092834,-0.0
22.085,13.328614097942479,19.293483994872695,26.038100865663786,-0.0
22.09,13.62751692417058,19.329388844009074,26.97647022285053,-0.0
22.095,13.913413911776848,19.302918156041624,27.93530413385843,-0.0
22.1,14.183506589661437,19.210334416189877,28.90562581318513,-0.0
22.105,14.43472271935808,19.049849230013876,29.88283962611994,-0.0
22.11,14.663468959385737,18.818761839020453,30.859546418058617,-0.0
22.115000000000002,14.872324190298409,18.515561342048862,31.828283432830762,-0.0
22.12,15.05340860527044,18.139262255220963,32.781144775221954,-0.0
22.125,15.206515868777815,17.688092074385413,33.71000607230255,-0.0
22.13,15.330643679195132,17.164644281065158,34.60596940333349,-0.0
22.135,15.421704595003014,16.57281137236207,35.46017686126403,-0.0
22.14,15.479534161506475,15.916152674533878,36.26512672546326,-0.0
22.145,15.500957175609305,15.197412414966184,37.01537659013697,-0.0
22.150000000000002,15.48562023825782,14.422770527755198,37.698742634882436,-0.0
22.155,15.431873811737542,13.59973404240435,38.31299201442344,-0.0
22.16,15.339404012242676,12.7357094226426,38.8518261630631,-0.0
22.165,15.21132265940068,11.838851442370002,39.31109129608483,-0.0
22.17,15.042228449572436,10.919091833582177,39.68667954732068,-0.0
22.175,14.835743693045286,9.985435164143242,39.977761500750525,-0.0
22.18,14.59278903432954,9.047169604057757,40.18497429069471,-0.0
22.185,14.315435848429486,8.113704608252618,40.309502535525745,-0.0
22.19,14.003525312036684,7.192303006404579,40.3537517341285,-0.0
22.195,13.661901941029509,6.291275945313325,40.319178250422496,-0.0
22.2,13.294018791595812,5.417361880751462,40.21122529014503,-0.0
22.205000000000002,12.899166560921872,4.577677994167153,40.03404587644684,-0.0
22.21,12.482887983905085,3.7781400450915865,39.796318175532846,-0.0
22.215,12.047807906251329,3.0231149655112626,39.501316446694325,-0.0
22.22,11.596386204286269,2.3147160490842498,39.15667752053934,-0.0
22.225,11.132054199375876,1.6549443527300527,38.76996923920531,-0.0
22.23,10.658638897188165,1.0469967640446396,38.34518234392507,-0.0
22.235,10.178903434235234,0.49024641405212255,37.88919716200186,-0.0
22.240000000000002,9.69424426327613,-0.014702895347147527,37.4083441377401,-0.0
22.245,9.209988509791241,-0.4715316384383511,36.90829882968441,-0.0
22.25,8.725872946053872,-0.8801401578463817,36.3956039500506,-0.0
22.255,8.244294596025117,-1.2416825596187264,35.8712867321866,-0.0
22.26,7.769164964799804,-1.5606157356690606,35.34174974403976,-0.0
22.265,7.30236668105855,-1.8376564367910069,34.810146034191156,-0.0
22.27,6.845806512130075,-2.0773549939043785,34.278032950127084,-0.0
22.275000000000002,6.399563817453341,-2.2823670626853474,33.74928445250198,-0.0
22.28,5.965954486473279,-2.4537830956155124,33.22583200020115,-0.0
22.285,5.546205617154424,-2.5981983370486326,32.70938706770026,-0.0
22.29,5.140146199680204,-2.7157408463296506,32.20160736051716,-0.0
22.295,4.747538864228317,-2.8104659688454636,31.702244799335997,-0.0
22.3,4.369729016479085,-2.8848182312382713,31.214001100701463,-0.0
22.305,4.00749212585646,-2.9413054528499725,30.734490549421718,-0.0
22.31,3.659262711215848,-2.9806956095119537,30.265976109444363,-0.0
22.315,3.326868871773666,-3.0062007262570303,29.80790668838044,-0.0
22.32,3.0103276794338267,-3.021626092428092,29.359610758146296,-0.0
22.325,2.708930476672227,-3.0278339607829023,28.922199297283775,-0.0
22.330000000000002,2.4220026199978766,-3.025555791958109,28.49531581607302,-0.0
22.335,2.1490984922457357,-3.015269000257476,28.079134688801762,-0.0
22.34,1.8902490104705358,-3.0009086530935596,27.67238354823677,-0.0
22.345,1.644476336791754,-2.9826917930821644,27.275564025872743,-0.0
22.35,1.4128416825025552,-2.9610056980722668,26.887017741715336,-0.0
22.355,1.1944367747298767,-2.9400297256240093,26.50778016243068,-0.0
22.36,0.988453396729112,-2.9159082325307577,26.136659370408534,-0.0
22.365000000000002,0.7927862414432081,-2.891126404288228,25.77339782905239,-0.0
22.37,0.6078039379270168,-2.866991892360833,25.41859605915208,-0.0
22.375,0.4338462763875891,-2.845384404146097,25.070882316977777,-0.0
22.38,0.2700927065825851,-2.8256447803574467,24.729935019739653,-0.0
22.385,0.1154730472663214,-2.8055892090876053,24.39722242046162,-0.0
22.39,-0.030139204591112995,-2.7894974561720853,24.069484723699805,-0.0
22.395,-0.16812625917788865,-2.776089010644366,23.748184716165262,-0.0
22.400000000000002,-0.29875874119185986,-2.7662580007560993,23.434410937082646,-0.0
22.405,-0.42289138623392697,-2.7600250437771194,23.12465925155388,-0.0
22.41,-0.5399318702206911,-2.757049582453015,22.82159593426578,-0.0
22.415,-0.6518384801400372,-2.758061712464851,22.523454085839884,-0.0
22.42,-0.7579784082023066,-2.7615908798949587,22.231706693272436,-0.0
22.425,-0.8575639264543102,-2.7696359611419394,21.946764086891733,-0.0
22.43,-0.9526530883622941,-2.782084167625918,21.666501469676778,-0.0
22.435,-1.0444464043879174,-2.799029971243226,21.390818808872204,-0.0
22.44,-1.1327230389038876,-2.819726925474869,21.12049705514973,-0.0
22.445,-1.2162762305568873,-2.8443545302423634,20.85484652499962,-0.0
22.45,-1.2978097201264898,-2.8725403625117503,20.593845864570714,-0.0
22.455000000000002,-1.3765415266877064,-2.906016468006098,20.33884620113835,-0.0
22.46,-1.4528439641294428,-2.944888257029281,20.087808256323743,-0.0
22.465,-1.5254123985157384,-2.9889657327321966,19.841048474260173,-0.0
22.47,-1.5997549552865948,-3.036188392031855,19.600246485858317,-0.0
22.475,-1.6719583820646968,-3.0889875569539895,19.363272082219115,-0.0
22.48,-1.7426129426524133,-3.1463176491791347,19.131095997929535,-0.0
22.485,-1.812904380203432,-3.20744930909378,18.903260443360455,-0.0
22.490000000000002,-1.882074245870107,-3.2748739075731654,18.679942763513687,-0.0
22.495,-1.9519685967449525,-3.3455760489890665,18.461835132679447,-0.0
22.5,-2.0212591871337064,-3.4222526163293185,18.248202569055724,-0.0
22.505,-2.0917605250445326,-3.502976883618586,18.039520056052197,-0.0
22.51,-2.1619054757686893,-3.589725687957068,17.83552304274756,-0.0
22.515,-2.2334706929777544,-3.682492535222559,17.637089812003182,-0.0
22.52,-2.3058675979903938,-3.780856514260529,17.44245495601101,-0.0
22.525000000000002,-2.3784325064406886,-3.8833305329318044,17.254474593917536,-0.0
22.53,-2.4529377098967653,-3.9920319580631807,17.069200747696105,-0.0
22.535,-2.5295242024969387,-4.106632840728707,16.89144846732275,-0.0
22.54,-2.607649271652154,-4.226893306326011,16.717775630067838,-0.0
22.545,-2.688045383727584,-4.352903700607318,16.550096194717067,-0.0
22.55,-2.771630913930285,-4.48450656289856,16.38658379609667,-0.0
22.555,-2.8565323357295527,-4.622492755609584,16.229956915365243,-0.0
22.56,-2.9447191590726467,-4.766566751301714,16.07934328426757,-0.0
22.565,-3.0361429592607276,-4.9182595778514075,15.935152140145172,-0.0
22.57,-3.1295962046541197,-5.0779588239435505,15.797263006667846,-0.0
22.575,-3.2283129125292245,-5.244753712007209,15.666493271116424,-0.0
22.580000000000002,-3.329536209889452,-5.418142299679011,15.542300907668443,-0.0
22.585,-3.43297217226422,-5.597307424212025,15.424956607976645,-0.0
22.59,-3.540802369166285,-5.784913208369035,15.315762285156856,-0.0
22.595,-3.6524217646272796,-5.980900558997718,15.213847716565644,-0.0
22.6,-3.7681222034109285,-6.18373314059708,15.12032012905463,-0.0
22.605,-3.8872033293680235,-6.39666309023363,15.034304824416614,-0.0
22.61,-4.012301588283817,-6.615391740645905,14.958287142199627,-0.0
22.615000000000002,-4.142306317832804,-6.844644699007775,14.891799785627185,-0.0
22.62,-4.278044054711004,-7.082043900136553,14.83511605615059,-0.0
22.625,-4.418133541818796,-7.327245131797443,14.790215008862479,-0.0
22.63,-4.562993277728785,-7.583227867075927,14.754256478230507,-0.0
22.635,-4.714130700349229,-7.848266274475787,14.729210425026002,-0.0
22.64,-4.8709126784414645,-8.122614861620155,14.716998793297327,-0.0
22.645,-5.034939001248795,-8.405621710050395,14.71889163243698,-0.0
22.650000000000002,-5.2045660917564645,-8.69806924729657,14.733527175367728,-0.0
22.655,-5.379034333177477,-9.00045754190386,14.763747410545825,-0.0
22.66,-5.56012609976254,-9.311958173870426,14.809047288164708,-0.0
22.665,-5.747606736126779,-9.631679319171125,14.870131151995217,-0.0
22.67,-5.94203500262039,-9.959927497520301,14.948801144280601,-0.0
22.675,-6.142981011407645,-10.295873165186972,15.046185535921587,-0.0
22.68,-6.350976346248113,-10.642295758134024,15.163123441778266,-0.0
22.685,-6.565105387473178,-10.996247450144848,15.29885288883865,-0.0
22.69,-6.786530870874423,-11.356901144674296,15.455296353631942,-0.0
22.695,-7.014192358216226,-11.726430590079705,15.634665253193027,-0.0
22.7,-7.248640561392504,-12.102078330012963,15.837650936325964,-0.0
22.705000000000002,-7.491630745613149,-12.481171731760048,16.064656607866475,-0.0
22.71,-7.7425672476782275,-12.865301249157426,16.318099329238095,-0.0
22.715,-7.997980978372352,-13.252737891981608,16.599562041067692,-0.0
22.72,-8.259815491762872,-13.643109320597471,16.907678189357384,-0.0
22.725,-8.528877436503459,-14.03300266361272,17.244857790361234,-0.0
22.73,-8.804278732331483,-14.42091793261659,17.613056778518263,-0.0
22.735,-9.08498627376077,-14.806206173850708,18.012585308176273,-0.0
22.740000000000002,-9.370196947871783,-15.1853264477045,18.444462399601118,-0.0
22.745,-9.661376143210946,-15.556901914815816,18.911084889968315,-0.0
22.75,-9.955038097071549,-15.918985310819368,19.409989790846495,-0.0
22.755,-10.253867750643181,-16.267470619431553,19.94257859117599,-0.0
22.76,-10.553615111080214,-16.598952915723782,20.511241895314093,-0.0
22.765,-10.856322837615904,-16.910986306818238,21.114684580590442,-0.0
22.77,-11.158598557326409,-17.20026009496366,21.751894745543783,-0.0
22.775000000000002,-11.461113210507815,-17.46243609768253,22.42141330909605,-0.0
22.78,-11.761302172385683,-17.69612808847794,23.123343454079777,-0.0
22.785,-12.056930973636458,-17.893694449758826,23.855139924853653,-0.0
22.79,-12.349474590617495,-18.05362791476793,24.615492936891133,-0.0
22.795,-12.635553660551471,-18.173502853613602,25.40166760494755,-0.0
22.8,-12.912598130281905,-18.246461723252757,26.211150268696013,-0.0
22.805,-13.178697645257753,-18.27112187370266,27.040036054753394,-0.0
22.81,-13.432272568215781,-18.242474244920608,27.883489911986878,-0.0
22.815,-13.671947107906911,-18.159429083064204,28.738524740080816,-0.0
22.82,-13.896172846150243,-18.01850932043935,29.596112956394823,-0.0
22.825,-14.102991441203887,-17.817564688966815,30.454041752774646,-0.0
22.830000000000002,-14.287901565446973,-17.554975564268737,31.303814784691575,-0.0
22.835,-14.449987780316063,-17.231226405917834,32.1402908954151,-0.0
22.84,-14.588397772633824,-16.84568105587513,32.95632193303952,-0.0
22.845,-14.701930789797638,-16.399815962479245,33.74486574292995,-0.0
22.85,-14.786628365746623,-15.894839683350293,34.498824567794635,-0.0
22.855,-14.840574173589536,-15.336162116777036,35.21450037656077,-0.0
22.86,-14.866624262778682,-14.7247281355115,35.88437643036876,-0.0
22.865000000000002,-14.860014339413903,-14.06641259865019,36.50048313119759,-0.0
22.87,-14.8207614925004,-13.363563562815429,37.05905405368451,-0.0
22.875,-14.746927890704207,-12.62580041650819,37.55483310166345,-0.0
22.88,-14.640608289503765,-11.859624962120861,37.985877147081915,-0.0
22.885,-14.501235012110142,-11.070532250006671,38.3484428794754,-0.0
22.89,-14.328449928975866,-10.26357310172638,38.63987682944394,-0.0
22.895,-14.125216054890094,-9.449987529899298,38.86032779613566,-0.0
22.900000000000002,-13.88961800309372,-8.635566767746456,39.01024502209054,-0.0
22.905,-13.626955601205038,-7.827195513028076,39.08855080237575,-0.0
22.91,-13.335907898670463,-7.033042970796559,39.100584433541464,-0.0
22.915,-13.022034869275037,-6.257373487659485,39.04878432996886,-0.0
22.92,-12.683547186458155,-5.507555718931748,38.93490931620898,-0.0
22.925,-12.324360570623268,-4.786352108339632,38.76551732612502,-0.0
22.93,-11.94792380254688,-4.098423625745818,38.54258854210083,-0.0
22.935,-11.55406710177389,-3.447801821562127,38.273467512099586,-0.0
22.94,-11.14901343438845,-2.837321737655216,37.96319483677922,-0.0
22.945,-10.734948273797135,-2.2676604261688236,37.615652188003615,-0.0
22.95,-10.311761538322829,-1.7391199001143756,37.23648522799875,-0.0
22.955000000000002,-9.883689417950634,-1.2531822587755042,36.829299301197786,-0.0
22.96,-9.452251672225692,-0.8118915718550876,36.40112265306458,-0.0
22.965,-9.020101071057896,-0.40973435340417236,35.95377902113281,-0.0
22.97,-8.589778059642867,-0.04959264905519145,35.49213794583578,-0.0
22.975,-8.163222399722342,0.2722637588379937,35.01991189955449,-0.0
22.98,-7.742286507975272,0.558157480676511,34.54249312418567,-0.0
22.985,-7.3282119142505415,0.8081126555983902,34.059886441387185,-0.0
22.990000000000002,-6.920784601351863,1.0257047284012717,33.57592518702688,-0.0
22.995,-6.52380677023133,1.2126270017439047,33.09209482176943,-0.0
23.0,-6.136734817470006,1.3716949218085086,32.61059828469584,-0.0
23.005,-5.762153790849601,1.5067362233127184,32.133083635394,-0.0
23.01,-5.399172870377695,1.6186326869236063,31.661474108660943,-0.0
23.015,-5.048891042011109,1.7107278322321926,31.195765498643404,-0.0
23.02,-4.711667401940377,1.7838565136710633,30.73705438737429,-0.0
23.025000000000002,-4.386241565052501,1.8398163619355166,30.283924526614555,-0.0
23.03,-4.074868963920196,1.8815255253511753,29.840551599089185,-0.0
23.035,-3.7770249362497763,1.9104027945382138,29.404120519294782,-0.0
23.04,-3.493177763822656,1.9271979506757886,28.97501801017739,-0.0
23.045,-3.2229748204834046,1.9358983338039235,28.554972578198473,-0.0
23.05,-2.9641702315852507,1.9350978544384054,28.143357351660484,-0.0
23.055,-2.7191433803299745,1.9277088194704803,27.74043855763674,-0.0
23.06,-2.486725198154696,1.9135245679219146,27.346424285874857,-0.0
23.065,-2.2658168565838652,1.8962444706885415,26.959258649421663,-0.0
23.07,-2.056510026083389,1.874875970189705,26.578088350347915,-0.0
23.075,-1.8590023636843382,1.8502916013131667,26.204324598360675,-0.0
23.080000000000002,-1.67433481504498,1.8241566180996147,25.837298793096508,-0.0
23.085,-1.4986940728852078,1.7968501739456455,25.477319735356758,-0.0
23.09,-1.3347030437486354,1.7699803173652724,25.12417688454856,-0.0
23.095,-1.1810517597061276,1.7410793552905406,24.776464349986043,-0.0
23.1,-1.035307244853336,1.7139557167764157,24.436190820988557,-0.0
23.105,-0.8981539181556321,1.6875980002774165,24.101394442813927,-0.0
23.11,-0.7690492471991661,1.6609717314681882,23.773146083127966,-0.0
23.115000000000002,-0.6474864258317367,1.6371018167822848,23.44909268923137,-0.0
23.12,-0.5347749729649103,1.613700526811533,23.131501464197132,-0.0
23.125,-0.4277765989117987,1.5928059720012921,22.819108692812023,-0.0
23.13,-0.3259260976063201,1.5731490932023193,22.510344980817514,-0.0
23.135,-0.23023237311244754,1.5574311135670598,22.208022449938134,-0.0
23.14,-0.1411382591547094,1.5423373334575707,21.909984790124657,-0.0
23.145,-0.05672331512191087,1.5299506151161304,21.617213309649667,-0.0
23.150000000000002,0.02313851544991795,1.5209305543047567,21.32773026319133,-0.0
23.155,0.09956260281564877,1.5136453370629361,21.044574046685533,-0.0
23.16,0.17057635397696708,1.5107413264910656,20.765750191637064,-0.0
23.165,0.2372813136467919,1.5084425452736494,20.48967919514234,-0.0
23.17,0.3010806069315906,1.5097781139736524,20.21868869615072,-0.0
23.175,0.36096674824855673,1.5153957123138153,19.95092273871292,-0.0
23.18,0.4183989176389331,1.520978177120082,19.686925788141387,-0.0
23.185,0.4743264184189341,1.5311858675799004,19.427529505995007,-0.0
23.19,0.5278605869322806,1.5454941137989338,19.173232084592456,-0.0
23.195,0.5774452811501971,1.5619359471599727,18.920996635413143,-0.0
23.2,0.62698891538093,1.579981328502847,18.674524756777064,-0.0
23.205000000000002,0.6745902450190758,1.6003968976009366,18.43089303410492,-0.0
23.21,0.7197313970167155,1.6252404009060006,18.190900040961463,-0.0
23.215,0.7648960199866839,1.650873049658325,17.954369400901786,-0.0
23.22,0.8093582603405884,1.6810756033872956,17.721456945569773,-0.0
23.225,0.8534835923045402,1.7137675794431038,17.491633819069197,-0.0
23.23,0.8956228628277012,1.7496563418451403,17.26461006961957,-0.0
23.235,0.9379041814056321,1.7888040797376448,17.042340288404667,-0.0
23.240000000000002,0.9810626782080858,1.832328060102054,16.823284655270623,-0.0
23.245,1.023987850457762,1.8781675349396036,16.60897511801169,-0.0
23.25,1.0662866664335733,1.926372742168998,16.397767154905488,-0.0
23.255,1.110211633660101,1.979466595693837,16.18890706527726,-0.0
23.26,1.1529551861370786,2.0353572038670147,15.983951003385677,-0.0
23.265,1.1965350262708645,2.0930846241588035,15.781383439042186,-0.0
23.27,1.2405792279140408,2.1555026913993838,15.583745744633488,-0.0
23.275000000000002,1.2855915764164403,2.2230761493662246,15.389397017613625,-0.0
23.28,1.3330630722532915,2.2932558467765523,15.199087526868192,-0.0
23.285,1.3810007801215471,2.366228083117227,15.011663215306154,-0.0
23.29,1.4304398956078972,2.4430736865377174,14.82740187976408,-0.0
23.295,1.481853589575734,2.5259274097412465,14.647409465599063,-0.0
23.3,1.5349663368348962,2.611762431326177,14.470892866188892,-0.0
23.305,1.5883588646714746,2.703088816254203,14.298273437235812,-0.0
23.31,1.6441410409416024,2.7979534538863358,14.127500511794223,-0.0
23.315,1.7013277124382349,2.8983023656001623,13.961890766929256,-0.0
23.32,1.761104223980301,3.002674751530921,13.799523633342615,-0.0
23.325,1.8225863162973268,3.1129110733938203,13.640610976834536,-0.0
23.330000000000002,1.8861096013402743,3.228720843099263,13.487323346049827,-0.0
23.335,1.953532257418024,3.3493299488641672,13.337803774478157,-0.0
23.34,2.024157921374797,3.4751778393138943,13.192611436735039,-0.0
23.345,2.095777554061715,3.607673240427839,13.053502091647022,-0.0
23.35,2.1709541341803997,3.746243806954852,12.917117236774143,-0.0
23.355,2.251387369954022,3.892144006741088,12.786136624904447,-0.0
23.36,2.334023599017703,4.043936972945304,12.660422355263792,-0.0
23.365000000000002,2.420048881078866,4.202177180977941,12.539035266778487,-0.0
23.37,2.508283890206503,4.368057175637793,12.421856135168376,-0.0
23.375,2.6008815904375053,4.54113530712973,12.311552068745407,-0.0
23.38,2.6977686833198207,4.722895818994485,12.206498229182174,-0.0
23.385,2.8004104332079174,4.912654679710364,12.107460898463072,-0.0
23.39,2.905611813821792,5.110938021895112,12.014363308236412,-0.0
23.395,3.0157518642417926,5.318746544888549,11.928847335466633,-0.0
23.400000000000002,3.131042938283714,5.535468299624776,11.849309763106898,-0.0
23.405,3.2514807415743943,5.760720929399244,11.778531466978318,-0.0
23.41,3.376189583083913,5.993455846197692,11.716039853910413,-0.0
23.415,3.5070981730724116,6.23835149210924,11.659698620451149,-0.0
23.42,3.6441972336232076,6.493004515466914,11.612793617385528,-0.0
23.425,3.786047491171136,6.760167766824017,11.576226638955063,-0.0
23.43,3.934988363745678,7.037106751959686,11.550992832193314,-0.0
23.435,4.092144387684928,7.325897839566455,11.535576348039708,-0.0
23.44,4.25285653827943,7.6263029020413,11.531721162350204,-0.0
23.445,4.421904168891921,7.93764181875143,11.540335498717452,-0.0
23.45,4.598453650850156,8.262442500256906,11.561128062149423,-0.0
23.455000000000002,4.781997974905018,8.598436967845743,11.595500882007999,-0.0
23.46,4.971958910142778,8.948050739128552,11.645244985221753,-0.0
23.465,5.172031172554758,9.308441381467528,11.712889829311733,-0.0
23.47,5.378620541339846,9.682364093442544,11.798751157632008,-0.0
23.475,5.594581244310593,10.069521822842198,11.901222106037908,-0.0
23.48,5.817056645464338,10.470054128174304,12.023555283400514,-0.0
23.485,6.048846036435044,10.883113880247125,12.168162577115224,-0.0
23.490000000000002,6.290607187894979,11.30693228552792,12.333437351043756,-0.0
23.495,6.540589081346187,11.741692412574535,12.525490976991827,-0.0
23.5,6.799802660110206,12.18923778166779,12.742595996813579,-0.0
23.505,7.0688582235364095,12.647671936771646,12.986885822191454,-0.0
23.51,7.346467385089615,13.114820869686463,13.260234236346,-0.0
23.515,7.634276937623727,13.590695347499906,13.56541647867959,-0.0
23.52,7.933332153429783,14.073419616366078,13.9025573024387,-0.0
23.525000000000002,8.238743201889399,14.56149220053011,14.275395839763902,-0.0
23.53,8.555411656690428,15.054768253041226,14.684347457653084,-0.0
23.535,8.880599500420374,15.549332635694283,15.132677413761897,-0.0
23.54,9.214120317859907,16.042544666922637,15.622399785637008,-0.0
23.545,9.555873533766777,16.53125332375472,16.153672764636806,-0.0
23.55,9.904073273974243,17.014032139615008,16.72776236501599,-0.0
23.555,10.26036282359832,17.487021167611285,17.346848602268796,-0.0
23.56,10.621560349298933,17.947269611702936,18.012600629491942,-0.0
23.565,10.98828332727841,18.387134094073495,18.725836033984088,-0.0
23.57,11.358242672571723,18.805919823879197,19.486802119143753,-0.0
23.575,11.730794629427354,19.195117364401792,20.295376672785437,-0.0
23.580000000000002,12.103874271674739,19.55101691836716,21.15006235245795,-0.0
23.585,12.47602436844563,19.8687804729959,22.051545278820058,-0.0
23.59,12.845356658374419,20.139846427117394,22.997446126957367,-0.0
23.595,13.210262647425942,20.35996097005888,23.983662962360313,-0.0
23.6,13.56730885183856,20.523766210969328,25.009407453116633,-0.0
23.605,13.915610966148593,20.623710423700135,26.068195828134655,-0.0
23.61,14.249344098451633,20.65555352615012,27.15552784457451,-0.0
23.615000000000002,14.57003807490826,20.613047026835297,28.266255242898115,-0.0
23.62,14.873443097109808,20.491191319237156,29.39117967277005,-0.0
23.625,15.154057697220033,20.28554800677378,30.5235602177316,-0.0
23.63,15.410350142326582,19.993035097770786,31.653524122535458,-0.0
23.635,15.63962041388358,19.61182549000938,32.771148022055094,-0.0
23.64,15.838541170939921,19.140750466500716,33.86886223630494,-0.0
23.645,16.003417676424707,18.580804068528156,34.93232691205605,-0.0
23.650000000000002,16.132477734960517,17.932732632784067,35.953480185077986,-0.0
23.655,16.22198740110062,17.200703588336392,36.91957745502215,-0.0
23.66,16.271705357039888,16.38980015771227,37.82177543154651,-0.0
23.665,16.278684745576765,15.508502995586403,38.65030070940943,-0.0
23.67,16.240010198622116,14.56359821113456,39.39608830526206,-0.0
23.675,16.15645888693939,13.565189110322827,40.05390292476603,-0.0
23.68,16.027205756491675,12.523477316714184,40.61553950764613,-0.0
23.685,15.851923826126194,11.450854326371257,41.07775827713254,-0.0
23.69,15.631637107962472,10.356652985556167,41.43776973028032,-0.0
23.695,15.367115494443949,9.255912498072288,41.69409934383034,-0.0
23.7,15.06208865755822,8.157387700362307,41.85051032379007,-0.0
23.705000000000002,14.716624519880492,7.072745505994953,41.90752281518104,-0.0
23.71,14.335263758050088,6.013240687162308,41.86859280654569,-0.0
23.715,13.919232282966245,4.990016089487018,41.742486619599234,-0.0
23.72,13.47397568735041,4.008405150734849,41.532819448808354,-0.0
23.725,13.001210077333859,3.0768385414995594,41.248729512312096,-0.0
23.73,12.50490460564302,2.2001588421754663,40.898063053998705,-0.0
23.735,11.990010212687036,1.3820647333658878,40.49155833279343,-0.0
23.740000000000002,11.459293238933016,0.6264863494328967,40.03468722406494,-0.0
23.745,10.918009157589772,-0.06532696548216188,39.53629008569475,-0.0
23.75,10.368135544804137,-0.6963638825997265,39.00458256994212,-0.0
23.755,9.814546974060857,-1.2644487544280663,38.44863844863873,0.0
23.76,9.25989591178261,-1.7705156418589096,37.874602417840485,0.0
23.765,8.70850750542017,-2.2176969296479703,37.287625492513705,0.0
23.77,8.161742926417906,-2.611267651469771,36.6941858312817,0.0
23.775000000000002,7.6226346575611394,-2.952453369455706,36.09828478510096,0.0
23.78,7.092073450057904,-3.2472195678599216,35.50491803954537,0.0
23.785,6.575606644666513,-3.4976846660570318,34.916566730079175,0.0
23.79,6.071006591997057,-3.7082026473201304,34.33599844763302,0.0
23.795,5.58262555559077,-3.8822380394267277,33.76594517919227,0.0
23.8,5.109639489499811,-4.02372079606771,33.20837909188711,0.0
23.805,4.651728353836302,-4.136970808933992,32.661418111583814,0.0
23.81,4.212176496538381,-4.225083192966685,32.12862456634856,0.0
23.815,3.791149191269948,-4.290828803851363,31.61064666610829,0.0
23.82,3.387499877752934,-4.338469338529064,31.108502960829515,0.0
23.825,3.001666564480702,-4.369241633610753,30.62062719073414,0.0
23.830000000000002,2.6332332143315695,-4.38720416032986,30.146428834898956,0.0
23.835,2.282534791659855,-4.393485432465993,29.687946810039186,0.0
23.84,1.947496891542277,-4.390823309797523,29.241566289028107,0.0
23.845,1.630951045492049,-4.380216085784876,28.808907667707114,0.0
23.85,1.331810581008291,-4.364401947164876,28.388975878512394,0.0
23.855,1.0463686271454273,-4.345434275064211,27.982311380565232,0.0
23.86,0.7770148936155832,-4.323620710979894,27.585290792369534,0.0
23.865000000000002,0.5221676871072463,-4.301043048559152,27.20083332988589,0.0
23.87,0.2810957054658675,-4.277871457135519,26.82750376322139,0.0
23.875,0.052585375386293154,-4.254789396011324,26.46455789120898,0.0
23.88,-0.16261280307588719,-4.232296471676497,26.11248262552118,0.0
23.885,-0.36651033559409163,-4.212535108046935,25.76678607096068,0.0
23.89,-0.5598774844029237,-4.19568257950178,25.43211149925708,0.0
23.895,-0.7410956200174099,-4.182484039410265,25.103827635661357,0.0
23.900000000000002,-0.912829205171374,-4.171722895397011,24.784883069845772,0.0
23.905,-1.0761596966711813,-4.165401388552442,24.474318461055688,0.0
23.91,-1.2310894227499447,-4.1633513344283415,24.17155631857615,0.0
23.915,-1.3764062338770158,-4.165918223611803,23.875216257440016,0.0
23.92,-1.515099512068263,-4.174309705647167,23.584959789601587,0.0
23.925,-1.648542730661984,-4.1875819453551895,23.301440097168868,0.0
23.93,-1.7764713351230554,-4.203691407144991,23.025512475796145,0.0
23.935000000000002,-1.896906097744668,-4.226841820193768,22.755691543306238,0.0
23.94,-2.0137439230907157,-4.256178737869886,22.492697939126188,0.0
23.945,-2.1264855149515887,-4.290562657413595,22.2353834184295,0.0
23.95,-2.234967441397157,-4.330876083941903,21.984145923338918,0.0
23.955000000000002,-2.3393352848730573,-4.376289735739225,21.739806208001433,-0.0
23.96,-2.4402843034403565,-4.428655185172242,21.501314905271013,-0.0
23.965,-2.5390145208919384,-4.486385901718502,21.26844102832139,-0.0
23.97,-2.6369872934755714,-4.5499492181830705,21.041649318921404,-0.0
23.975,-2.7332287792840844,-4.619656662969679,20.821519956230627,-0.0
23.98,-2.826249727615233,-4.695121080526428,20.607778908769234,-0.0
23.985,-2.9190108307194533,-4.77600189117944,20.39997647344349,-0.0
23.990000000000002,-3.01107551544426,-4.862080764570065,20.197493540890118,-0.0
23.995,-3.1048442587848224,-4.95469669061859,20.002208878710725,-0.0
24.0,-3.1965053556974947,-5.053257585529211,19.812856261207397,-0.0
24.005,-3.289671535378563,-5.15776270971014,19.62863812003041,-0.0
24.01,-3.3831464819949,-5.269838454864383,19.45273504873107,-0.0
24.015,-3.4770708245998616,-5.387574952811733,19.281396031737085,-0.0
24.02,-3.5734195759649885,-5.51207679376019,19.11812247758722,-0.0
24.025000000000002,-3.6714608470149273,-5.6428739088349085,18.963335987749698,-0.0
24.03,-3.7695796413731943,-5.781725615311634,18.814208118147388,-0.0
24.035,-3.8705854117528253,-5.925789656401163,18.67118553448353,-0.0
24.04,-3.973794514270334,-6.076226797288138,18.53720200563491,-0.0
24.045,-4.078672367020351,-6.232441680479746,18.4098390940002,-0.0
24.05,-4.185474439198807,-6.397410958741542,18.29282747252972,-0.0
24.055,-4.295518606923085,-6.568241307662828,18.183270093061623,-0.0
24.060000000000002,-4.4098807653187615,-6.7469786960617295,18.082656695589346,-0.0
24.065,-4.527442149051532,-6.932747736851268,17.990940133027653,-0.0
24.07,-4.6482818825335155,-7.12563855235401,17.906531424760857,-0.0
24.075,-4.7724043844019866,-7.324952767724308,17.832160481537905,-0.0
24.080000000000002,-4.900873834132425,-7.530728722807975,17.769007838183136,-0.0
24.085,-5.032162454526484,-7.742887068023013,17.71649286834421,-0.0
24.09,-5.16739974800953,-7.961756971331865,17.673771681777477,-0.0
24.095,-5.308030550564922,-8.189881223678674,17.643686862649176,-0.0
24.1,-5.452701060857257,-8.423713694997598,17.625790107531042,-0.0
24.105,-5.60117159880317,-8.664921779277163,17.619454838167844,-0.0
24.11,-5.754702562133596,-8.910983944164022,17.62743254699248,-0.0
24.115000000000002,-5.912708082240879,-9.166797286128073,17.64927989635527,-0.0
24.12,-6.0753522000631754,-9.425128222268501,17.684581101722852,-0.0
24.125,-6.242561431640811,-9.691640978906156,17.73550460989629,-0.0
24.13,-6.414950580949643,-9.96402527787892,17.800636506584986,-0.0
24.135,-6.592521995193269,-10.241940987024897,17.883950225780705,-0.0
24.14,-6.7758831517170535,-10.525008682585861,17.983598242700037,-0.0
24.145,-6.963448496801781,-10.811630519418589,18.100687175565184,-0.0
24.150000000000002,-7.15580764894076,-11.102416434531529,18.23622292597297,-0.0
24.155,-7.352823192242282,-11.39727790527771,18.390926783568283,-0.0
24.16,-7.555694985073806,-11.692937302493258,18.563447489808627,-0.0
24.165,-7.7626505099502126,-11.991035890903202,18.757122342657745,-0.0
24.17,-7.97350615082103,-12.291294765246336,18.972786242701837,-0.0
24.175,-8.188911372277339,-12.588971055316541,19.209020071310334,-0.0
24.18,-8.408694086881255,-12.886457229913077,19.46818969456308,-0.0
24.185000000000002,-8.63419842801908,-13.180673489966901,19.750585591390465,-0.0
24.19,-8.861951064566604,-13.470928793829776,20.05534535037667,-0.0
24.195,-9.09261919391328,-13.755599584499883,20.384970237589325,-0.0
24.2,-9.325963968462847,-14.033667295376352,20.73934671334137,-0.0
24.205000000000002,-9.562472167227508,-14.302374827393285,21.117201738192332,-0.0
24.21,-9.799291995260337,-14.560672587168972,21.518370886550628,-0.0
24.215,-10.036609387180228,-14.804211235867832,21.945332757644227,-0.0
24.22,-10.275091912910264,-15.032234882219784,22.3951038627621,-0.0
24.225,-10.513520044384988,-15.245117795517762,22.869092417874597,-0.0
24.23,-10.749584001425196,-15.439033420875969,23.3653591153032,-0.0
24.235,-10.983207399659833,-15.610968669222778,23.883998761234295,-0.0
24.240000000000002,-11.213707124570112,-15.758140264453218,24.422875210200015,-0.0
24.245,-11.44049072502579,-15.879806179882483,24.981898568312488,-0.0
24.25,-11.662027490998703,-15.974113837934855,25.556878110578957,-0.0
24.255,-11.878092901365703,-16.03659250649496,26.147136423449076,-0.0
24.26,-12.086075081433917,-16.06570498499308,26.751790939708684,-0.0
24.265,-12.286744129083518,-16.060676070944833,27.365911581723957,-0.0
24.27,-12.476250131012558,-16.019204551896784,27.98830110849095,-0.0
24.275000000000002,-12.653100097017008,-15.940321094680808,28.61347266882321,-0.0
24.28,-12.818364827927933,-15.821961472854753,29.24016644765605,-0.0
24.285,-12.968334792485546,-15.662943922444244,29.86332690422835,-0.0
24.29,-13.102192716607451,-15.46430461250793,30.481439817151408,-0.0
24.295,-13.220676399001285,-15.224480322960156,31.088553505530488,-0.0
24.3,-13.320296007940101,-14.944210382215356,31.679323496255517,-0.0
24.305,-13.402235800682673,-14.62457920673604,32.25264276880798,-0.0
24.310000000000002,-13.461451380723492,-14.266454028067574,32.80203525085185,-0.0
24.315,-13.50280384519074,-13.872455554016742,33.325818203186365,-0.0
24.32,-13.52127251760457,-13.443358556114172,33.818346514975474,-0.0
24.325,-13.51809800824094,-12.98254280538549,34.275540241621215,-0.0
24.330000000000002,-13.492347997715154,-12.493425105529829,34.69645761375558,-0.0
24.335,-13.441210186112405,-11.979369565030124,35.075496534782275,-0.0
24.34,-13.368647774469512,-11.443669115652241,35.41285970517392,-0.0
24.345,-13.272748928702049,-10.891572132050973,35.70517953669718,-0.0
24.35,-13.15237248155585,-10.323940727003228,35.951653448408386,-0.0
24.355,-13.010800249975567,-9.74816616619215,36.15001306628527,-0.0
24.36,-12.84706559098771,-9.170197721086382,36.30256915232929,-0.0
24.365000000000002,-12.6633678564931,-8.591043124227115,36.40779768570114,-0.0
24.37,-12.460861461094668,-8.014897407564941,36.46569708116354,-0.0
24.375,-12.239167936842312,-7.44565043742,36.47927948305705,-0.0
24.38,-12.000001910246402,-6.890586237919794,36.4480875990538,-0.0
24.385,-11.743390560631678,-6.349113084739287,36.37537580478003,-0.0
24.39,-11.473309571540325,-5.826647078409382,36.26398786650529,-0.0
24.395,-11.190708520053997,-5.323981173537039,36.11469088630719,-0.0
24.400000000000002,-10.897692351732722,-4.841939555491864,35.930825569541106,-0.0
24.405,-10.59419254772935,-4.385963022938759,35.71499765752556,-0.0
24.41,-10.283853612843881,-3.9550635323543073,35.47101265224824,-0.0
24.415,-9.967086943607192,-3.5501639191366086,35.200942485818665,-0.0
24.42,-9.646609828799225,-3.171942411974011,34.90860429207078,-0.0
24.425,-9.323299042739883,-2.8226893767523054,34.59642249302652,-0.0
24.43,-8.997785979093909,-2.501354871140344,34.26641350848287,-0.0
24.435000000000002,-8.671306745979994,-2.2059552276250356,33.92239135630527,-0.0
24.44,-8.347030739983934,-1.9372782807958262,33.56462127668683,-0.0
24.445,-8.027654407276813,-1.6956806988647477,33.197703364532195,-0.0
24.45,-7.711372265102593,-1.4783786937190102,32.82253245224875,-0.0
24.455000000000002,-7.400207903448869,-1.2844524245813074,32.44374654532179,-0.0
24.46,-7.094240382288241,-1.1133315360508038,32.05865727828161,-0.0
24.465,-6.794705929589771,-0.96364084959324,31.67021594776089,-0.0
24.47,-6.504439714634676,-0.833848860760507,31.28079280253266,-0.0
24.475,-6.22278907062803,-0.7236380711750517,30.890343230919243,-0.0
24.48,-5.947879805071913,-0.6299890545767187,30.500629250096313,-0.0
24.485,-5.6820822954011225,-0.5520352736636694,30.11323058474376,-0.0
24.490000000000002,-5.426367899591822,-0.487965103510167,29.725968098073395,-0.0
24.495,-5.179546314858603,-0.438298629736243,29.342552488261685,-0.0
24.5,-4.942544717485628,-0.4024621915286082,28.963226366458642,-0.0
24.505,-4.715726051632221,-0.3758473960794608,28.588237530032554,-0.0
24.51,-4.498917077970699,-0.3607911895786446,28.215912193289682,-0.0
24.515,-4.292230730632472,-0.3552814775237535,27.847840633215963,-0.0
24.52,-4.09675749438405,-0.35681974365016383,27.483584663810383,-0.0
24.525000000000002,-3.9110836791753765,-0.36615919520422496,27.12575132274958,-0.0
24.53,-3.7322486892400444,-0.38117046168065005,26.772293358672403,-0.0
24.535,-3.5638871194674935,-0.4019750499967913,26.421676550983577,-0.0
24.54,-3.404229368103592,-0.42875803591129746,26.076744878811198,-0.0
24.545,-3.253943582842551,-0.4597771833946558,25.735669465774915,-0.0
24.55,-3.1135849297569056,-0.4936986343946909,25.399033200381442,-0.0
24.555,-2.981296663791153,-0.5318723005584703,25.067096661623903,-0.0
24.560000000000002,-2.857712930606813,-0.5730298493948582,24.74063193276278,-0.0
24.565,-2.74351739339702,-0.6177616845131543,24.41892374053808,-0.0
24.57,-2.6382786959192464,-0.6639252706934292,24.101842702017883,-0.0
24.575,-2.5389821370334995,-0.7122510635239974,23.78946856286913,-0.0
24.580000000000002,-2.449088941486138,-0.7620507589953162,23.480787414384626,-0.0
24.585,-2.364258510204251,-0.8140790449915993,23.17708252908155,-0.0
24.59,-2.2863475686585173,-0.8681482232953598,22.876771971084484,-0.0
24.595,-2.2159692208904946,-0.9217121333730218,22.58207531066162,-0.0
24.6,-2.1511623048716535,-0.9769432893339918,22.291322261874384,-0.0
24.605,-2.093295946390846,-1.0336163011304176,22.003937309824916,-0.0
24.61,-2.0405693756299907,-1.0902130802011016,21.72192562031565,-0.0
24.615000000000002,-1.9926468612833668,-1.1483706841734724,21.442979562692628,-0.0
24.62,-1.9510867568873331,-1.2078305387042372,21.168416146338597,-0.0
24.625,-1.9138880575427175,-1.268397561253185,20.898609647131195,-0.0
24.63,-1.8810364165588154,-1.3312886503349062,20.631497155200073,-0.0
24.635,-1.8539804101852844,-1.393767600142834,20.367492207079493,-0.0
24.64,-1.83047197886795,-1.4579952181589573,20.10823844243346,-0.0
24.645,-1.8121458388971667,-1.5231451174746435,19.852982787030918,-0.0
24.650000000000002,-1.796876914000122,-1.5889755515922075,19.602821837193815,-0.0
24.655,-1.785918306572669,-1.6568850666250658,19.35614334489236,-0.0
24.66,-1.779438226130488,-1.7245884280096777,19.111713607547042,-0.0
24.665,-1.7769639090683684,-1.7953095547179383,18.872863668333206,-0.0
24.67,-1.777348884209612,-1.8683984064380552,18.636388919967406,-0.0
24.675,-1.7828597719313144,-1.941679459363813,18.40380349225336,-0.0
24.68,-1.7914278076001993,-2.016860354875952,18.175668730987212,-0.0
24.685000000000002,-1.8047078623403139,-2.094684689691817,17.951877298045154,-0.0
24.69,-1.8204985557331448,-2.173990939750525,17.73217084391319,-0.0
24.695,-1.8376044621743204,-2.2578821258597683,17.51523092019237,-0.0
24.7,-1.858814569708725,-2.3435753413316927,17.30162806738594,-0.0
24.705000000000002,-1.8841468718416534,-2.432000187752835,17.09114463460787,-0.0
24.71,-1.9122387806089627,-2.522470206660292,16.88716233112705,-0.0
24.715,-1.9422748084973402,-2.6159882003335233,16.685726124469507,-0.0
24.72,-1.9757500996037733,-2.713831207580509,16.487839137562197,-0.0
24.725,-2.0139058381101815,-2.8137417862153447,16.29581317248666,-0.0
24.73,-2.0524721272813737,-2.916603398563995,16.10684569855546,-0.0
24.735,-2.095250106905906,-3.0243876509446985,15.922522326621094,-0.0
24.740000000000002,-2.1419355009466057,-3.136040702032482,15.742524595655803,-0.0
24.745,-2.1913367610881678,-3.2516452277557666,15.565399618986435,-0.0
24.75,-2.244875182268934,-3.3730323651366705,15.392467387132701,-0.0
24.755,-2.300915155986892,-3.497422004253546,15.224788416160306,-0.0
24.76,-2.3606303569751397,-3.626732090764727,15.061861098624187,-0.0
24.765,-2.42333909548823,-3.76122421027696,14.903378650900741,-0.0
24.77,-2.489734487864054,-3.901304066203692,14.749625401651535,-0.0
24.775000000000002,-2.558754075887831,-4.045892489984177,14.60192778319965,-0.0
24.78,-2.6337743087769505,-4.197173835094748,14.459562271359157,-0.0
24.785,-2.711196726553138,-4.353381920241199,14.322126449695453,-0.0
24.79,-2.7938401238744834,-4.51712408623534,14.189540942182623,-0.0
24.795,-2.8807084311168953,-4.687516805950882,14.062314607750737,-0.0
24.8,-2.9711753411227635,-4.865040840334604,13.942237153563521,-0.0
24.805,-3.0661669080463367,-5.049716882715012,13.82858937650864,-0.0
24.810000000000002,-3.1638834845227755,-5.241321328509525,13.721246753026433,-0.0
24.815,-3.2673396461846416,-5.440345065020305,13.62199072496381,-0.0
24.82,-3.374984571139522,-5.64775085336685,13.528881628895679,-0.0
24.825,-3.4882619427368575,-5.86385253743982,13.443371610989614,-0.0
24.830000000000002,-3.607148176824821,-6.087793749619063,13.36609616482483,-0.0
24.835,-3.7308015869244446,-6.320779924046947,13.297881743629027,-0.0
24.84,-3.8592898128908257,-6.562999718210532,13.238997340314198,-0.0
24.845,-3.994042942929656,-6.814855314184312,13.190020701326029,-0.0
24.85,-4.135981323528022,-7.076548837131166,13.150041327365354,-0.0
24.855,-4.2817146765211485,-7.348253558231682,13.12147983316454,-0.0
24.86,-4.434300893489407,-7.630286739307391,13.104750054093953,-0.0
24.865000000000002,-4.594697502613781,-7.921573443670312,13.099247165711812,-0.0
24.87,-4.7604674137047525,-8.22442911626912,13.105179907819084,-0.0
24.875,-4.933511359610739,-8.539125493649925,13.126785100163248,-0.0
24.88,-5.113499061007594,-8.863747852437957,13.162779455402756,-0.0
24.885,-5.302064923156963,-9.199411757024945,13.215320240973737,-0.0
24.89,-5.496799651340595,-9.545982876551612,13.282529545378836,-0.0
24.895,-5.698813372985236,-9.904085419066623,13.368051816785048,-0.0
24.900000000000002,-5.909323308209382,-10.27134524677073,13.471037634246269,-0.0
24.905,-6.128358053972753,-10.649731543180204,13.595710163392846,-0.0
24.91,-6.3542721189721085,-11.038319366513761,13.740278841413318,-0.0
24.915,-6.589028911598737,-11.435826620974098,13.907571147667442,-0.0
24.92,-6.832254838073466,-11.84305335469406,14.098754385807194,-0.0
24.925,-7.0829201934638855,-12.258903095590489,14.315457091606937,-0.0
24.93,-7.34048922922511,-12.68247266199932,14.559231548833544,-0.0
24.935000000000002,-7.607067727812785,-13.11193771936304,14.831848738965574,-0.0
24.94,-7.882562817776246,-13.546200841241806,15.132763736783865,-0.0
24.945,-8.164637337060201,-13.985347684965095,15.465718456387995,-0.0
24.95,-8.45512969658962,-14.426748933073563,15.829161234519308,-0.0
24.955000000000002,-8.75290522880642,-14.867292553846191,16.227842686873085,-0.0
24.96,-9.057387985143725,-15.30896629240726,16.662483651251957,-0.0
24.965,-9.369862215924668,-15.746758876742588,17.132930288005713,-0.0
24.97,-9.689525032111819,-16.176307205049845,17.642774109972557,-0.0
24.975,-10.013473705977843,-16.597995865289906,18.19191229027785,-0.0
24.98,-10.343541070884855,-17.006852333476374,18.780912607650183,-0.0
24.985,-10.676716252287187,-17.39919852572471,19.408486505612213,-0.0
24.990000000000002,-11.013288862654614,-17.770498113731083,20.07733445561154,-0.0
24.995,-11.35052727270971,-18.117468626206282,20.787952816271552,-0.0
25.0,-11.688984031955604,-18.43649343430194,21.539050638084113,-0.0
25.005,-12.02693953858604,-18.72265591991877,22.328383904102555,-0.0
25.01,-12.36068117436481,-18.96967921222801,23.156291562684537,-0.0
25.015,-12.690011913956516,-19.17476632663922,24.018145481340067,-0.0
25.02,-13.013937745124347,-19.331664557332967,24.91348522038353,-0.0
25.025000000000002,-13.33001306672295,-19.43641218036126,25.839183473487033,-0.0
25.03,-13.63522469682652,-19.48354916616048,26.789130722280493,-0.0
25.035,-13.927660211929105,-19.468749916787843,27.76091260123045,-0.0
25.04,-14.203699695942998,-19.389283831708035,28.746099353881874,-0.0
25.045,-14.462587502217282,-19.239876401362043,29.73991083134518,-0.0
25.05,-14.701572426916279,-19.019342850291395,30.7340840079289,-0.0
25.055,-14.917353932380736,-18.72339485268713,31.722988019620725,-0.0
25.060000000000002,-15.108179681783524,-18.352831195886814,32.69803078616468,-0.0
25.065,-15.270502301720756,-17.906259170018522,33.64790426860033,-0.0
25.07,-15.402695013640416,-17.38534125887205,34.56691958133248,-0.0
25.075,-15.502543626297305,-16.793434864321807,35.44457206342797,-0.0
25.080000000000002,-15.566564090053095,-16.13184590552842,36.27221343389355,-0.0
25.085,-15.594055870900709,-15.40804788916012,37.045207411308084,-0.0
25.09,-15.586112179565351,-14.6257547388961,37.751966783336066,-0.0
25.095,-15.537833099681679,-13.79267665434028,38.387993832435896,-0.0
25.1,-15.449345644944142,-12.915652793620607,38.94807618631117,-0.0
25.105,-15.323350963749574,-12.004704570138008,39.42624603053443,-0.0
25.11,-15.157602696881003,-11.068447659337883,39.82038578829596,-0.0
25.115000000000002,-14.951974453100167,-10.116839644663003,40.12892002881592,-0.0
25.12,-14.709748968650459,-9.160310088587924,40.34934835615584,-0.0
25.125,-14.43290729728822,-8.207547541720125,40.48483373814287,-0.0
25.13,-14.122308501756304,-7.265905829147757,40.53710119164076,-0.0
25.135,-13.77978768943667,-6.345257928718041,40.50967429261223,-0.0
25.14,-13.408326049542673,-5.452971575518477,40.40851337424257,-0.0
25.145,-13.010251721376596,-4.594090457296954,40.23578306611585,-0.0
25.150000000000002,-12.589250104489455,-3.774662989882535,39.997843615981644,-0.0
25.155,-12.149376053112219,-3.001246781263683,39.70272475666418,-0.0
25.16,-11.692267968010466,-2.274496633362413,39.35611844961439,-0.0
25.165,-11.222171133811988,-1.5989975263313934,38.96360896557033,-0.0
25.17,-10.741952114894161,-0.9750671391726228,38.532782475456415,-0.0
25.175,-10.253911866789771,-0.4045125635913521,38.07124960978071,-0.0
25.18,-9.761270961701436,0.11288555393934407,37.584247099500864,-0.0
25.185000000000002,-9.268007309986496,0.5797676275823249,37.07770584450259,-0.0
25.19,-8.775024225566193,0.9969053080713304,36.55577910148565,-0.0
25.195,-8.287317522530351,1.3670617991283407,36.02501622457922,-0.0
25.2,-7.803890227253637,1.6942411111249576,35.488872042101676,-0.0
25.205000000000002,-7.32901622553238,1.9793896578271446,34.95030006063872,-0.0
25.21,-6.863696644914264,2.2236961860970736,34.41088264616818,-0.0
25.215,-6.409315560495886,2.4332717191114166,33.87595502019773,-0.0
25.22,-5.966517537070462,2.608543328163945,33.3458384458286,-0.0
25.225,-5.538155794403952,2.7557634192429523,32.82395728858497,-0.0
25.23,-5.123654568561724,2.8754259755107845,32.31043519991138,-0.0
25.235,-4.72467805287412,2.9716431303401727,31.80499072373146,-0.0
25.240000000000002,-4.33962267655686,3.047743126711255,31.31148339104033,-0.0
25.245,-3.9708833367766023,3.1030735260672957,30.827821168256563,-0.0
25.25,-3.6169986118157627,3.1440436665384857,30.354766065309438,-0.0
25.255,-3.2795507959705406,3.170462772867362,29.893676377506033,-0.0
25.26,-2.956145523560717,3.1858992301554423,29.444253639881687,-0.0
25.265,-2.6496042018237773,3.190387765378768,29.004638066825724,-0.0
25.27,-2.3579979868266925,3.187475914984407,28.575585795838098,-0.0
25.275000000000002,-2.079400952725975,3.17891211647098,28.15772442374029,-0.0
25.28,-1.8154257918792822,3.1639847089943016,27.74945949262622,-0.0
25.285,-1.5664902472475306,3.1459249337740625,27.34977247541466,-0.0
25.29,-1.331561961076254,3.1236608745475087,26.960326337393457,-0.0
25.295,-1.1101360890662546,3.10052255732326,26.581024577675624,-0.0
25.3,-0.8989322908909059,3.0772485036308876,26.210289038097326,-0.0
25.305,-0.7006199277296233,3.0532268780705087,25.847816235374555,-0.0
25.310000000000002,-0.5134500687808816,3.0297618897039396,25.492321734773412,-0.0
25.315,-0.3354142725697177,3.0095723226194337,25.144402180850953,-0.0
25.32,-0.16703393121167695,2.9897781897339115,24.803790684522752,-0.0
25.325,-0.009716183021910046,2.9713220271271323,24.47171214680737,-0.0
25.330000000000002,0.13924007758394022,2.9560817949299394,24.14587159238868,-0.0
25.335,0.27901010315959085,2.944101371012318,23.826866391232006,-0.0
25.34,0.412535091832936,2.935022077580388,23.51258287503432,-0.0
25.345,0.5384533926693744,2.9307658837792654,23.205063796962953,-0.0
25.35,0.6591227368738967,2.927981541042935,22.903881207997777,-0.0
25.355,0.7720698567562605,2.9293860451516167,22.608879780050795,-0.0
25.36,0.8806384416257083,2.935024959512708,22.31858681093967,-0.0
25.365000000000002,0.985028651334385,2.945750648953783,22.032042019834435,-0.0
25.37,1.0826143042754715,2.959245851549151,21.752110657485133,-0.0
25.375,1.1773839487914899,2.9788796170741954,21.478181731844003,-0.0
25.38,1.2667914937562403,3.002810369841312,21.210039058710255,-0.0
25.385,1.3525638280896162,3.0302086436714517,20.945536620218686,-0.0
25.39,1.4359643531087654,3.0609646755470754,20.687123503942672,-0.0
25.395,1.516254942763268,3.097923637313119,20.43182352388328,-0.0
25.400000000000002,1.5961847240363607,3.1397689998937532,20.18264229058635,-0.0
25.405,1.6743792138555051,3.1872167303736316,19.93769015921796,-0.0
25.41,1.7492938235969238,3.2386731149962342,19.700231673523184,-0.0
25.415,1.8234162307908504,3.294157003663726,19.465599325422907,-0.0
25.42,1.8967943380366812,3.35558033221307,19.235880672054318,-0.0
25.425,1.9705141175040413,3.4223998423486948,19.010740581659654,-0.0
25.43,2.042726382465171,3.4944603843071187,18.79135068761107,-0.0
25.435000000000002,2.114958229085475,3.570906915808636,18.577118658022286,-0.0
25.44,2.186922939285083,3.652155941908417,18.367590732562828,-0.0
25.445,2.26070023505088,3.738123036262839,18.16327408765395,-0.0
25.45,2.3357069627914635,3.829835888822267,17.964642197333614,-0.0
25.455000000000002,2.409951833684092,3.9274324086934134,17.770271254288875,-0.0
25.46,2.483805621356512,4.0304406333351395,17.57970381731156,-0.0
25.465,2.5616550921163665,4.139650207453787,17.394290189413777,-0.0
25.47,2.640976854866445,4.255157579333619,17.214704695550573,-0.0
25.475,2.7219127595140153,4.376961482560442,17.04181060723937,-0.0
25.48,2.8038983148940817,4.504167032370823,16.875231858177738,-0.0
25.485,2.888901813558173,4.638259118251453,16.713141280851577,-0.0
25.490000000000002,2.9751537694284855,4.777736033918537,16.55727211589678,-0.0
25.495,3.0651399265743264,4.924415930453109,16.406768445046737,-0.0
25.5,3.1571116525098777,5.078361875438267,16.262684047484974,-0.0
25.505,3.2524129630177168,5.238135221224221,16.125950417225827,-0.0
25.51,3.3514346085750684,5.406226269839071,15.996076286620681,-0.0
25.515,3.4536427596467494,5.579287668542481,15.873553176420161,-0.0
25.52,3.560067802193693,5.760646165631898,15.757858834022555,-0.0
25.525000000000002,3.6709291930961503,5.949500186892937,15.648701007186592,-0.0
25.53,3.7842404110243386,6.145713540915347,15.549343262885706,-0.0
25.535,3.901670976767133,6.349478074809183,15.45799655177206,-0.0
25.54,4.024389961306342,6.562652968456236,15.375690832899762,-0.0
25.545,4.151425566489541,6.783757522868584,15.302044527484924,-0.0
25.55,4.282163592269085,7.013565843238306,15.239912603388317,-0.0
25.555,4.419011340300301,7.251215381007546,15.186599428301314,-0.0
25.560000000000002,4.559439923880964,7.498284930454028,15.144798229747265,-0.0
25.565,4.706173831367205,7.75307305624904,15.114903414467383,-0.0
25.57,4.8587309061300905,8.016699123054323,15.094583715622369,-0.0
25.575,5.018564105646776,8.28888543483804,15.08701726494082,-0.0
25.580000000000002,5.182107800388398,8.572499624213426,15.09359749051424,-0.0
25.585,5.3511868925559,8.86350149228882,15.114728017897978,-0.0
25.59,5.526699849553296,9.165251513301921,15.150052660357911,-0.0
25.595,5.708981466313089,9.475192970678174,15.20123824936599,-0.0
25.6,5.897420678090268,9.792610377239345,15.268658498168861,-0.0
25.605,6.092334424315419,10.119911832146121,15.353624265984795,-0.0
25.61,6.294420009414828,10.454046108198366,15.45623690829394,-0.0
25.615000000000002,6.502869478885699,10.79716274617403,15.580345790833901,-0.0
25.62,6.716561186587376,11.146761504302699,15.72267769617929,-0.0
25.625,6.93995698220573,11.5036463995337,15.887448364319688,-0.0
25.63,7.16905902015791,11.867792396101617,16.074287315459383,-0.0
25.635,7.403886263250765,12.235437182763675,16.28583966927983,-0.0
25.64,7.645156954333652,12.607748628583412,16.521304768651945,-0.0
25.645,7.893449367784798,12.984161024074332,16.78233428740401,-0.0
25.650000000000002,8.147538534680585,13.361147457215832,17.070806280517775,-0.0
25.655,8.407217858542344,13.739683224694005,17.38756590717168,-0.0
25.66,8.67372979540633,14.117582352998893,17.732147049165928,-0.0
25.665,8.946867742368731,14.493327074351521,18.107787944003626,-0.0
25.67,9.224637435034436,14.864316180659205,18.51475230090202,-0.0
25.675,9.506452737007333,15.228676247035972,18.952889883659424,-0.0
25.68,9.793312776712296,15.581467406393088,19.42384639368472,-0.0
25.685000000000002,10.081305515678556,15.92295974191456,19.928724947250945,-0.0
25.69,10.372643838831586,16.250324561883517,20.465029606501997,-0.0
25.695,10.668475709165998,16.560373580053657,21.03508547456799,-0.0
25.7,10.961989437913475,16.84970884345192,21.637771842097617,-0.0
25.705000000000002,11.256313942174721,17.114677860410595,22.272160166262438,-0.0
25.71,11.549952227610756,17.351857628450944,22.938962527608396,-0.0
25.715,11.839836771123707,17.556704810125403,23.63405353594007,-0.0
25.72,12.125578489093838,17.727665279854957,24.357911998985887,-0.0
25.725,12.406321608931925,17.858943728767365,25.107490544368623,-0.0
25.73,12.678563266599216,17.947828987638747,25.880043315378533,-0.0
25.735,12.942323472955792,17.992398857608816,26.672592137220484,-0.0
25.740000000000002,13.19552002531921,17.98823334700239,27.480897552973502,-0.0
25.745,13.435493561723302,17.934434638324085,28.301308969601568,-0.0
25.75,13.660112742575663,17.82547439722872,29.129360016769624,-0.0
25.755,13.868352070510374,17.659367435225867,29.958308623664283,-0.0
25.76,14.057439525216285,17.435077627973797,30.783559675649357,-0.0
25.765,14.22661256818436,17.15221564866334,31.59779621509337,-0.0
25.77,14.37220126247126,16.811028263235038,32.39718190762639,-0.0
25.775000000000002,14.494981689675821,16.412015856058023,33.17250755840585,-0.0
25.78,14.590590541326957,15.955792467163265,33.919421728456385,-0.0
25.785,14.659483186845394,15.445681645638103,34.62959218282341,-0.0
25.79,14.698835813943894,14.88103105061633,35.30033519470928,-0.0
25.795,14.707841108374595,14.268430298996599,35.924651307511816,-0.0
25.8,14.686409422575952,13.61454525302921,36.494035334917555,-0.0
25.805,14.63311024118054,12.92253436966915,37.00721139984707,-0.0
25.810000000000002,14.54823470908523,12.199119756360151,37.460081311264894,-0.0
25.815,14.432008738004587,11.449813118589873,37.848659007354186,-0.0
25.82,14.283363380818336,10.68200760586392,38.17079246512937,-0.0
25.825,14.103239900185228,9.902051592200916,38.42688065209719,-0.0
25.830000000000002,13.893647321756596,9.116462808218728,38.613089518256515,-0.0
25.835,13.65438172183116,8.333477222399408,38.73180573114542,-0.0
25.84,13.38758831991195,7.559370771137714,38.783039999987,-0.0
25.845,13.096302322321021,6.799239217404873,38.77193612165949,-0.0
25.85,12.780491478346097,6.060701989725563,38.700770037712196,-0.0
25.855,12.444491631252875,5.347020929612337,38.572202253360956,-0.0
25.86,12.089853350057307,4.662442870878872,38.390978036675,-0.0
25.865000000000002,11.718939149336794,4.010345103512373,38.1613586668645,-0.0
25.87,11.335626161750712,3.395832706972195,37.88705809753593,-0.0
25.875,10.938835730937404,2.8189828804768275,37.574483131513915,-0.0
25.88,10.53308519112708,2.2820405889451667,37.22652516802492,-0.0
25.885,10.120358118006244,1.7852387165124115,36.85090236034068,-0.0
25.89,9.704454483352704,1.3292330020091325,36.44956305266839,-0.0
25.895,9.284923804601478,0.9121677685648623,36.027758694213205,-0.0
25.900000000000002,8.866400900224338,0.5343865878800934,35.590379750284434,-0.0
25.905,8.449565018423732,0.19616785032116718,35.139463879911354,-0.0
25.91,8.037764210133266,-0.10672133403053946,34.678407308397254,-0.0
25.915,7.6315011376235695,-0.37431923310381365,34.21193636733165,-0.0
25.92,7.231632252184219,-0.6104089924629783,33.74173005977147,-0.0
25.925,6.840545205634988,-0.8161815129879545,33.27022100228633,-0.0
25.93,6.458196612758051,-0.9926944576099005,32.79882829099436,-0.0
25.935000000000002,6.0862530961668835,-1.1432823611105096,32.32881795229028,-0.0
25.94,5.7246919378484735,-1.269950422744597,31.86355607075099,-0.0
25.945,5.375656923309461,-1.3744537820563885,31.402203476398853,-0.0
25.95,5.037592621328582,-1.4589559190503227,30.94775791205956,-0.0
25.955000000000002,4.712237200803805,-1.5263611719669368,30.498494134750175,-0.0
25.96,4.401104235346015,-1.5780417552932895,30.05551166039725,-0.0
25.965,4.1019700236600425,-1.6147825453687508,29.62016722011525,-0.0
25.97,3.8139724968498427,-1.6394487475404445,29.192233771321067,-0.0
25.975,3.5424817519172915,-1.6540226635279234,28.77197950071484,-0.0
25.98,3.2827953907435723,-1.6580301373420754,28.360117643927328,-0.0
25.985,3.034337825707274,-1.6561883550139929,27.954771007159106,-0.0
25.990000000000002,2.8002216005963714,-1.6465819561538508,27.556111480994666,-0.0
25.995,2.5786121063918217,-1.6320263889048434,27.164711121524505,-0.0
26.0,2.3681154914682603,-1.6120131730906582,26.78122696625624,-0.0
26.005,2.1693388180794217,-1.5904058062813844,26.40488089570597,-0.0
26.01,1.982617294292814,-1.5654383522919753,26.03480741664645,-0.0
26.015,1.8052094814173663,-1.538521736204841,25.671685828738735,-0.0
26.02,1.6385391958534048,-1.50989328648145,25.317567555999695,-0.0
26.025000000000002,1.480329765361275,-1.48101112558172,24.96688213479508,-0.0
26.03,1.3327001813485628,-1.4504360608229718,24.62276608428455,-0.0
26.035,1.192905880114243,-1.4212703493159948,24.284460488908536,-0.0
26.04,1.062205624919258,-1.392650611781392,23.952289757630588,-0.0
26.045,0.9394354735628773,-1.364758093801258,23.62480170197537,-0.0
26.05,0.8237632715781388,-1.3363117421786461,23.304708202940567,-0.0
26.055,0.7157419982737789,-1.3098137626937723,22.9895178512694,-0.0
26.060000000000002,0.6148185003482205,-1.285137623794527,22.678803376962556,-0.0
26.065,0.5196462183699169,-1.2631149618961304,22.37300526297582,-0.0
26.07,0.4306262048925676,-1.242703290585235,22.07161329702506,-0.0
26.075,0.34746654555350504,-1.224002514729992,21.77549876882503,-0.0
26.080000000000002,0.2693433495696822,-1.2068195884802748,21.48254752106039,-0.0
26.085,0.19556343026599238,-1.1928143545160823,21.195414227069694,-0.0
26.09,0.12575642661682773,-1.1798808812027282,20.9113168417918,-0.0
26.095,0.06019363804615163,-1.169299642769706,20.63128303197817,-0.0
26.1,-0.0006469530502041382,-1.1619839927998863,20.35550337908059,-0.0
26.105,-0.05902607993864769,-1.154231998633699,20.08453407338016,-0.0
26.11,-0.11367659552499704,-1.1509306480717745,19.81765203043541,-0.0
26.115000000000002,-0.16519079319059052,-1.149083916303899,19.552838611713476,-0.0
26.12,-0.21405970061925952,-1.1500870839855275,19.293138928440587,-0.0
26.125,-0.25944694322471695,-1.1535740284436589,19.03688192613638,-0.0
26.13,-0.30300804155787925,-1.1610022158242903,18.783586299327883,-0.0
26.135,-0.34522414404864893,-1.170359242401073,18.534311709820376,-0.0
26.14,-0.3884702958389529,-1.1809719244686814,18.289732749022612,-0.0
26.145,-0.4275586300337438,-1.1941586469256669,18.048447898538257,-0.0
26.150000000000002,-0.4666544911213895,-1.209320754840443,17.809488517392175,-0.0
26.155,-0.5031333970870844,-1.2275401151800673,17.57336216889387,-0.0
26.16,-0.5399890601623494,-1.246737941350376,17.3423959848036,-0.0
26.165,-0.5755749137794149,-1.2693250262707845,17.114135221335516,-0.0
26.17,-0.6103909509031733,-1.293195339247646,16.890524538203284,-0.0
26.175,-0.6447424756888043,-1.3192329443040178,16.669314150449754,-0.0
26.18,-0.6792870020096548,-1.348550300238469,16.452644532794473,-0.0
26.185000000000002,-0.7124612924141672,-1.3812230160132748,16.237929828792026,-0.0
26.19,-0.7451076481665578,-1.4161852847143912,16.02535525453606,-0.0
26.195,-0.7791651007807218,-1.4533167408284218,15.81498183156994,0.0
26.2,-0.8131645809633604,-1.492830156026416,15.608637394973075,0.0
26.205000000000002,-0.8465658217399031,-1.5350137403682438,15.407785140990404,0.0
26.21,-0.8799266226828906,-1.5808450653338584,15.209253356509194,0.0
26.215,-0.9156525593467947,-1.6298687069031663,15.013844303054007,0.0
26.22,-0.9512017053109173,-1.6800744568845296,14.820999216043104,0.0
26.225,-0.9874163240854532,-1.7340260885493377,14.63234943133878,0.0
26.23,-1.026766064442011,-1.791859546237086,14.445067211614875,0.0
26.235,-1.066144984713093,-1.853315618989785,14.261844003047583,0.0
26.240000000000002,-1.1045768975023595,-1.918355402342565,14.08116715388965,0.0
26.245,-1.1463407019643232,-1.9853180093975118,13.90368059208662,0.0
26.25,-1.1891405866898064,-2.0560076925391395,13.729737116877823,0.0
26.255,-1.2342983510315317,-2.130179489137473,13.559291602632843,0.0
26.26,-1.2790997699082172,-2.210292186056766,13.391913724019798,0.0
26.265,-1.3259578989496752,-2.292682553033836,13.227740884338745,0.0
26.27,-1.3750643384255343,-2.3775935406183586,13.066974753581922,0.0
26.275000000000002,-1.4252515088107962,-2.4686729087318318,12.909722995539921,0.0
26.28,-1.478253622755477,-2.562917914130374,12.75556487648422,0.0
26.285,-1.5325501517746756,-2.662277310644872,12.604751276533639,0.0
26.29,-1.5897376263397538,-2.7670916318112875,12.456797280484485,0.0
26.295,-1.64864223526302,-2.876478009414609,12.312112586713178,0.0
26.3,-1.7101094260496337,-2.992232357999554,12.172084546434625,0.0
26.305,-1.77367466911479,-3.1123268331786913,12.035793923349031,0.0
26.310000000000002,-1.8405432133828479,-3.239387961867294,11.903459852452517,0.0
26.315,-1.9106913224261386,-3.3715481898865196,11.774420006906116,0.0
26.32,-1.9831738840008306,-3.509612921041052,11.648516914134257,0.0
26.325,-2.0599505883446536,-3.65418442629832,11.527497545053961,0.0
26.330000000000002,-2.139984508004885,-3.804632255241409,11.411366120755437,0.0
26.335,-2.2237729376953874,-3.9631650676768198,11.300534011683492,0.0
26.34,-2.3102474929142285,-4.128073156206267,11.19449502213599,0.0
26.345,-2.4010141528925866,-4.3010702379927,11.09275219024448,0.0
26.35,-2.4972955989371513,-4.481952150701172,10.997333041325893,0.0
26.355,-2.5959747246255747,-4.6722541755379385,10.905527608291841,0.0
26.36,-2.6994616557216413,-4.870951211157096,10.821505215189186,0.0
26.365000000000002,-2.8098659062578344,-5.078302286657243,10.743859597637567,0.0
26.37,-2.923394503545814,-5.2955882587662435,10.66970852739209,0.0
26.375,-3.0417892303260565,-5.521068388629312,10.605284364177189,0.0
26.38,-3.166182843574957,-5.75613268767104,10.548421933050513,0.0
26.385,-3.2974200616952096,-6.003786525775954,10.499805188104615,0.0
26.39,-3.433550097266452,-6.2630917370731405,10.458921597203513,0.0
26.395,-3.5758544158210004,-6.534077296650188,10.427077823166035,0.0
26.400000000000002,-3.7236041111316394,-6.8155367295862215,10.404675101587802,0.0
26.405,-3.879226373019473,-7.108628873593565,10.393259619306036,0.0
26.41,-4.041405043724522,-7.41426475745455,10.392849004965084,0.0
26.415,-4.208482318717263,-7.732854257833288,10.404052518115718,0.0
26.42,-4.384795654336204,-8.063542097906863,10.427218700837397,0.0
26.425,-4.568857343151805,-8.408803220019593,10.46429030461669,0.0
26.43,-4.761544278893963,-8.767653541901483,10.517924353819247,0.0
26.435000000000002,-4.962876051250684,-9.140411147603725,10.586724542415372,0.0
26.44,-5.171986777359424,-9.527476510808153,10.672063331877041,0.0
26.445,-5.389192565045454,-9.928386167878552,10.776322794608372,0.0
26.45,-5.616516045058324,-10.342532827484538,10.900954000936203,0.0
26.455000000000002,-5.852887344231995,-10.770574318930981,11.045871660516758,0.0
26.46,-6.098321198611746,-11.212414930751715,11.213379800656634,0.0
26.465,-6.353513274328982,-11.667791659676396,11.405208599129107,0.0
26.47,-6.619031312130232,-12.136205576057883,11.623477021247497,0.0
26.475,-6.8952800586379634,-12.617968402073217,11.870033595595109,0.0
26.48,-7.181866371777993,-13.110399719655083,12.14697309710785,0.0
26.485,-7.477912541695275,-13.613515879384595,12.454661393776572,0.0
26.490000000000002,-7.784150676000338,-14.127420706702868,12.79796859596996,0.0
26.495,-8.101238635034466,-14.647889462948509,13.176855576633937,0.0
26.5,-8.427996939821098,-15.175476234035257,13.59326251879819,0.0
26.505,-8.765182398766356,-15.708134818356754,14.052914340721014,0.0
26.51,-9.112661686036438,-16.241337460322345,14.553729995104828,0.0
26.515,-9.470514410242057,-16.77285796790384,15.099501635896397,0.0
26.52,-9.835697188641205,-17.301570895185765,15.69168043126664,0.0
26.525000000000002,-10.20933277473215,-17.819531736016284,16.333208952721666,0.0
26.53,-10.590071806358944,-18.326116720981577,17.025020065830645,0.0
26.535,-10.976965335384326,-18.815428191239953,17.768255184044996,0.0
26.54,-11.367143035720021,-19.282247684483682,18.56385435975366,0.0
26.545,-11.76363127086921,-19.721702615560506,19.411704358992758,0.0
26.55,-12.162421487393429,-20.128449807762447,20.31295025407068,0.0
26.555,-12.560845646179146,-20.49476707259474,21.266317720548077,0.0
26.560000000000002,-12.9581038242717,-20.815285959029225,22.268068072236872,0.0
26.565,-13.350101343022892,-21.08181741538413,23.320512021221337,0.0
26.57,-13.737054025236196,-21.289711557192163,24.41678901195776,0.0
26.575,-14.114798340348468,-21.42926461716159,25.552732826558596,0.0
26.580000000000002,-14.479388721030466,-21.495707149352636,26.723985178331205,0.0
26.585,-14.829694794675108,-21.480097643867065,27.92381252208471,0.0
26.59,-15.16243206797318,-21.378308943027108,29.143269958093867,0.0
26.595,-15.473126244461378,-21.184350429235174,30.374723038813055,0.0
26.6,-15.759035358047393,-20.89591308219787,31.608633926998237,0.0
26.605,-16.015643957033653,-20.507889156992118,32.832874567481255,0.0
26.61,-16.24059158681828,-20.01850448731451,34.03704602745534,0.0
26.615000000000002,-16.429414029261046,-19.42924733997265,35.20764400489575,0.0
26.62,-16.579740122801322,-18.741149872285874,36.33482315698815,0.0
26.625,-16.688348752636333,-17.953645645760766,37.40444560778126,0.0
26.63,-16.751153712886055,-17.078602392615956,38.403490729039774,0.0
26.635,-16.76783356643341,-16.12258021061004,39.32115021504924,0.0
26.64,-16.73444918438159,-15.092551518371572,40.14719144170025,0.0
26.645,-16.65248045315061,-14.000501845151,40.8739786547315,0.0
26.650000000000002,-16.520473857931304,-12.858334896496935,41.49505782967911,0.0
26.655,-16.337040599786437,-11.679634734577931,42.004821555238166,0.0
26.66,-16.10537236446315,-10.476573587707684,42.39888975480926,0.0
26.665,-15.82441357074649,-9.262534958929866,42.677990091728724,0.0
26.67,-15.496985639057623,-8.05350871690641,42.841008459476264,0.0
26.675,-15.125589421070519,-6.864018832978459,42.89275113030181,0.0
26.68,-14.71205349445715,-5.704675201273389,42.84065220438152,0.0
26.685000000000002,-14.261470506269832,-4.58379517443789,42.689877582697406,0.0
26.69,-13.778195352482157,-3.512467360792451,42.44709410016431,0.0
26.695,-13.264971284350972,-2.4995192206796357,42.12313650088418,0.0
26.7,-12.726807650658817,-1.5496781732310092,41.72655255781521,0.0
26.705000000000002,-12.167193400710618,-0.6678024839403538,41.2692202010707,0.0
26.71,-11.591539754804991,0.14050356849180767,40.76046204755897,0.0
26.715,-11.00574501766957,0.878938136759906,40.20831442828303,0.0
26.72,-10.411785190122686,1.5468382298876864,39.62201280986671,0.0
26.725,-9.812880067118568,2.1443514940515027,39.01376209115722,0.0
26.73,-9.215691343617626,2.6735985353903837,38.388115051134,0.0
26.735,-8.620503205407534,3.1382037442693584,37.75311128796287,0.0
26.740000000000002,-8.032586026784873,3.5440132592239073,37.11552227208724,0.0
26.745,-7.453981729082554,3.8921879541852022,36.477428214102964,0.0
26.75,-6.8869027659547415,4.188631023361844,35.84578215473208,0.0
26.755,-6.33347032770847,4.43721919740163,35.22302261994813,0.0
26.76,-5.795495664052918,4.643175134877457,34.61325389723198,0.0
26.765,-5.273093992901437,4.811007162002838,34.01700026151569,0.0
26.77,-4.769581009662414,4.9461527880087255,33.43616975076037,0.0
26.775000000000002,-4.282688562616373,5.050083086736742,32.87214063230737,0.0
26.78,-3.815604962545197,5.128686799852619,32.32521106055215,0.0
26.785,-3.368251432355764,5.186103549192607,31.796904700547586,0.0
26.79,-2.9401443998020067,5.224206287116277,31.28469837589085,0.0
26.795,-2.53311167804634,5.247323549766673,30.790727219665932,0.0
26.8,-2.1439995457069236,5.256328427328791,30.31424207854372,0.0
26.805,-1.7742963908931986,5.253851682456855,29.853114941685966,0.0
26.810000000000002,-1.4227382059121492,5.244025959267716,29.408345582256697,0.0
26.815,-1.0886647996513703,5.228179481334141,28.97889726340895,0.0
26.82,-0.7717609585690022,5.206978856653235,28.56328087442982,0.0
26.825,-0.4719672753052099,5.184048374371669,28.163214721592208,0.0
26.830000000000002,-0.18785436064176897,5.159614573993881,27.775739938495608,0.0
26.835,0.07891776138728412,5.133501705490609,27.40025963023399,0.0
26.84,0.3309875718819639,5.109017333147362,27.036119108982682,0.0
26.845,0.5711319757289091,5.085147422396246,26.68513264451485,0.0
26.85,0.7968013277170499,5.063796497751935,26.343558952930476,0.0
26.855,1.0106046166760234,5.0438668738135215,26.0117324097433,0.0
26.86,1.2109959886902668,5.028395276814143,25.69015507435926,0.0
26.865000000000002,1.4014778234055583,5.0155349057312115,25.37663773008395,0.0
26.87,1.5819740318986397,5.0086117653540665,25.073637092396737,0.0
26.875,1.753631981239465,5.006753298753439,24.779513051658164,0.0
26.88,1.9160682312054609,5.011106912049566,24.49258293585336,0.0
26.885,2.070844476314041,5.018587922513162,24.21427576176343,0.0
26.89,2.2179369833671805,5.033157433208911,23.94340049931469,0.0
26.895,2.3585794179840196,5.052936513230475,23.679443733832162,0.0
26.900000000000002,2.4940285627959673,5.079496513196875,23.424189516728354,0.0
26.905,2.625002592318758,5.112093676895155,23.175081749904745,0.0
26.91,2.748399372364418,5.150171702869543,22.933879679580304,0.0
26.915,2.867301901427732,5.193759937603303,22.70056169919111,0.0
26.92,2.983535625036534,5.243144241186482,22.472576770314117,0.0
26.925,3.09738777809089,5.29969151985126,22.250407057978784,0.0
26.93,3.20679782924124,5.361468822080767,22.03583486942903,0.0
26.935000000000002,3.315295947923429,5.4301724742290665,21.82729371346339,0.0
26.94,3.4205759210758444,5.505412385730905,21.627663422295736,0.0
26.945,3.524751766170568,5.58651098453802,21.433394671971744,0.0
26.95,3.6274751904916553,5.67577661751942,21.24773609735929,0.0
26.955000000000002,3.7291368393407387,5.7706451564163785,21.066771037034247,0.0
26.96,3.8323545513935584,5.8706040422603225,20.893737325620297,0.0
26.965,3.9333122741882325,5.977414426787572,20.72667682702681,0.0
26.97,4.035388303999176,6.089794660070094,20.5677721974457,0.0
26.975,4.138788771940769,6.209054930289721,20.41639704026505,0.0
26.98,4.2413143614212325,6.3346920980602,20.272924040478014,0.0
26.985,4.343916485309061,6.467170768127579,20.137178217385394,0.0
26.990000000000002,4.451558923682556,6.6053245360172905,20.00859419845891,0.0
26.995,4.55854208376384,6.750783191065419,19.889745755515207,0.0
27.0,4.668417754397527,6.901999730710764,19.77843464587379,0.0
27.005,4.780274228263064,7.060227721825671,19.67552293801629,0.0
27.01,4.893084784816248,7.224676122531903,19.58179112507193,0.0
27.015,5.009864427811118,7.393743178849915,19.497269474335084,0.0
27.02,5.1273448231593175,7.570355389835642,19.423915925675075,0.0
27.025000000000002,5.248931776180708,7.752734302258926,19.358232269664892,0.0
27.03,5.375027780605889,7.9415689069942985,19.303943007076327,0.0
27.035,5.5035293475584846,8.135925697438495,19.259414561410992,0.0
27.04,5.6345214966310415,8.336019494554405,19.226911670598444,0.0
27.045,5.769961355972993,8.540984765418774,19.20588114124846,0.0
27.05,5.908472981060116,8.752964345867053,19.19558426737647,0.0
27.055,6.049642578250052,8.96853988936121,19.19741561551534,0.0
27.060000000000002,6.196712860891622,9.189310187496899,19.212589696233923,0.0
27.065,6.345789640781015,9.41527363812305,19.240347660945005,0.0
27.07,6.498737952641974,9.646348669003899,19.281940636883103,0.0
27.075,6.655542853449122,9.8825077442638,19.33892017146276,0.0
27.080000000000002,6.815580408639607,10.123110648783001,19.410455002296963,0.0
27.085,6.981756814726251,10.365018461757597,19.497669710268912,0.0
27.09,7.151371612947273,10.611019045123673,19.600957088730443,0.0
27.095,7.324678486678333,10.858180354751898,19.71927612440032,0.0
27.1,7.500668751157734,11.106989592695138,19.854751790999114,0.0
27.105,7.680787690556776,11.35664471591511,20.006982274749895,0.0
27.11,7.864978614578558,11.606866227158237,20.17641409627459,0.0
27.115000000000002,8.052360777110136,11.856708241590354,20.364459910255167,0.0
27.12,8.2425404531024,12.106018942938663,20.569772793707024,0.0
27.125,8.435847996774049,12.35173568240799,20.79475397521848,0.0
27.13,8.631450727937615,12.593284517298928,21.03870786421883,0.0
27.135,8.829978809123158,12.830968812572255,21.301956426396092,0.0
27.14,9.030646184451838,13.063259596290536,21.584516985712956,0.0
27.145,9.230875952041472,13.287084331223845,21.887067652814363,0.0
27.150000000000002,9.433697699784563,13.502000407467941,22.209734148977866,0.0
27.155,9.63768265980675,13.707758109547246,22.55016586002749,0.0
27.16,9.8413811701684,13.901289616828988,22.909681967457743,0.0
27.165,10.044041714111819,14.08319869619768,23.288172539895264,0.0
27.17,10.246838343296305,14.249372389891805,23.68539426083084,0.0
27.175,10.448059292912694,14.399011856115589,24.100652153042546,0.0
27.18,10.645775079557168,14.530163631399486,24.531604149843616,0.0
27.185000000000002,10.839777131645228,14.642901825879578,24.977357280079236,0.0
27.19,11.02961181136802,14.733333811351898,25.437513020381807,0.0
27.195,11.215509016965386,14.801214424958738,25.90984192943058,0.0
27.2,11.394973382057993,14.84322609416359,26.394034606754033,0.0
27.205000000000002,11.566185149720704,14.861200840960205,26.887408763539522,0.0
27.21,11.731380415870428,14.851356885646632,27.388741458922294,0.0
27.215,11.887397334430743,14.81355263943612,27.8945915236503,0.0
27.22,12.033767149629764,14.74580074147725,28.402865375704803,0.0
27.225,12.169175379571378,14.64862784324973,28.911531421740143,0.0
27.23,12.292666463347306,14.519466243565532,29.417988211265957,0.0
27.235,12.404638977988066,14.359293525130155,29.918354151785472,0.0
27.240000000000002,12.503809866590387,14.168404562438997,30.409885346440763,0.0
27.245,12.587118384766029,13.94680830379231,30.888820926814745,0.0
27.25,12.655954006763247,13.69500557545396,31.354710863538045,0.0
27.255,12.70871902003704,13.414364920266678,31.80307460492111,0.0
27.26,12.743470205023167,13.105967897589348,32.23273503603683,0.0
27.265,12.759866571591761,12.772212915255118,32.63769596581109,0.0
27.27,12.761331767596577,12.411493877230013,33.01686495644521,0.0
27.275000000000002,12.743054506336822,12.03000377876018,33.36788023339233,0.0
27.28,12.706431033524085,11.628406839781503,33.68902664929092,0.0
27.285,12.653026398248109,11.209486131544553,33.97742948274459,0.0
27.29,12.581687827464743,10.776576419615713,34.232946341886915,0.0
27.295,12.49184176058386,10.330686156102084,34.45478028081199,0.0
27.3,12.38393401755734,9.875533980042814,34.63890716341525,0.0
27.305,12.25735051521016,9.41468513116959,34.788759316907374,0.0
27.310000000000002,12.11530842254051,8.951023904840072,34.90238610685365,0.0
27.315,11.957098541906088,8.487423043389912,34.978335384845316,0.0
27.32,11.783462104020641,8.027812376733896,35.01872066624554,0.0
27.325,11.595958944521046,7.574401297629862,35.02516844675192,0.0
27.330000000000002,11.394423814006208,7.129236007707762,34.99527732248442,0.0
27.335,11.181589204147066,6.695300301089827,34.93479057487029,0.0
27.34,10.957331636638436,6.274001186662678,34.8431472184063,0.0
27.345,10.722721394029056,5.8678435699673654,34.721211455994215,0.0
27.35,10.479059868631252,5.478035765286522,34.572256976192065,0.0
27.355,10.228455983878174,5.1067980195807126,34.39735052735299,0.0
27.36,9.971476152215935,4.753610448706529,34.200771551756915,0.0
27.365000000000002,9.710036553028964,4.420545916960684,33.982466364898684,0.0
27.37,9.446325169806835,4.107932923297659,33.74419834078786,0.0
27.375,9.180096641135172,3.815711650258835,33.489125199485585,0.0
27.38,8.911981645920212,3.54457286287748,33.21863925008253,0.0
27.385,8.643328230562027,3.294161302822881,32.932487407042075,0.0
27.39,8.376646178922648,3.0635971255117243,32.63687588308688,0.0
27.395,8.110988401678283,2.853613661061476,32.328901062987555,0.0
27.400000000000002,7.84728194411533,2.663077503492623,32.01376144923337,0.0
27.405,7.587084220373371,2.4923021403390715,31.691709060115127,0.0
27.41,7.332283062885124,2.340049364453365,31.364496986703973,0.0
27.415,7.0823217248368,2.203964725423406,31.03189669584874,0.0
27.42,6.838316226793627,2.0838731243092035,30.6956792875905,0.0
27.425,6.601616355993043,1.981120435268451,30.358519451645513,0.0
27.43,6.370917709181054,1.894091372334753,30.01868732129282,0.0
27.435000000000002,6.1472642818251995,1.8188724387611717,29.67813431227393,0.0
27.44,5.930255885150929,1.7592740841537706,29.33951209319294,0.0
27.445,5.721578242068295,1.7110953750361764,29.0002447805244,0.0
27.45,5.520477913248535,1.673442590170447,28.663259771653877,0.0
27.455000000000002,5.328944980761539,1.646775181503475,28.327457619126687,0.0
27.46,5.144862081022288,1.6300562583743818,27.993457131253592,0.0
27.465,4.969943709681583,1.6217490027618517,27.661549265653587,0.0
27.47,4.803114827271224,1.622506993136552,27.332529618768035,0.0
27.475,4.643716021930999,1.6305388298804444,27.007885500387516,0.0
27.48,4.49240126551578,1.644867760706038,26.685296416848345,0.0
27.485,4.3500567258108624,1.667488491102306,26.367311832367577,0.0
27.490000000000002,4.2167288464915265,1.6942569342383367,26.052759800346166,0.0
27.495,4.091048092377422,1.7270231018404192,25.74096329823039,0.0
27.5,3.9728054658107514,1.7648025757680053,25.43263723568571,0.0
27.505,3.864048119294764,1.8060332322040111,25.12940642855953,0.0
27.51,3.762329250913195,1.8533775351354662,24.829760211212992,0.0
27.515,3.667086915000555,1.9037874035484228,24.53391928188536,0.0
27.52,3.5778437871216227,1.9566378274960554,24.241277699859182,0.0
27.525000000000002,3.4966943121251925,2.0139190975261965,23.952298779200113,0.0
27.53,3.4222310028739424,2.0737565438778662,23.670059298386082,0.0
27.535,3.3551098991115405,2.1380598438368987,23.390294864767924,0.0
27.54,3.2939884980515246,2.20438172249253,23.11413957027908,0.0
27.545,3.240407975315288,2.275333222052765,22.84218483115288,0.0
27.55,3.193111780064104,2.347686263867563,22.573258674430498,0.0
27.555,3.151161546196348,2.422651294837003,22.30964075558174,0.0
27.560000000000002,3.11440130332339,2.501001445418973,22.048908100650905,0.0
27.565,3.0843841336857882,2.5806479027156186,21.793013384201597,0.0
27.57,3.0597164583117284,2.663700448908087,21.541158165771897,0.0
27.575,3.039320667072247,2.748896829976994,21.293821238916188,0.0
27.580000000000002,3.0252839395341593,2.8372090084636943,21.05116842486194,0.0
27.585,3.014482089723591,2.928240853973931,20.812657246440693,0.0
27.59,3.0096310114789615,3.0227261222133013,20.580540592838087,0.0
27.595,3.0103781067590423,3.119325561984746,20.353289730977444,0.0
27.6,3.0163869701886115,3.2180792606761623,20.129975311588947,0.0
27.605,3.0270116239114526,3.321729180494361,19.910876639861666,0.0
27.61,3.042788153284158,3.427312996204098,19.694848982914266,0.0
27.615000000000002,3.0621917553935023,3.537027120956871,19.484057597465423,0.0
27.62,3.0855946505263545,3.6487935122219315,19.276526263764094,0.0
27.625,3.1131212148193184,3.7653018256193036,19.076565565254537,0.0
27.63,3.1465648762510763,3.8853424855344096,18.880187939418214,0.0
27.635,3.1837166304139877,4.008946193549719,18.689791840280424,0.0
27.64,3.225120862088265,4.136935219624566,18.504365953706227,0.0
27.645,3.2723569946453086,4.269227600012052,18.323577833465347,0.0
27.650000000000002,3.3215889063582487,4.4072357762534695,18.148970181371148,0.0
27.655,3.375280353525256,4.5486356250022295,17.980958290266923,0.0
27.66,3.433814790999111,4.695202689655777,17.816840047053667,0.0
27.665,3.4970593144461883,4.845705379679686,17.659510304271134,0.0
27.67,3.5657109902985127,5.001958309976446,17.508854143352913,0.0
27.675,3.6372214352755323,5.163666734830105,17.364867409027266,0.0
27.68,3.7133828933713375,5.331180510975638,17.227602857128073,0.0
27.685000000000002,3.7943791290918933,5.5040945500618665,17.096496505837422,0.0
27.69,3.8801473138711056,5.68386031205683,16.97354473310724,0.0
27.695,3.970589962955662,5.869498900191569,16.857931601628508,0.0
27.7,4.065384953682968,6.062052431269136,16.750279953328008,0.0
27.705000000000002,4.165616281440968,6.259998795984066,16.649904645057287,0.0
27.71,4.271434016887224,6.466300693149198,16.558345924246062,0.0
27.715,4.381505563146544,6.677737076519078,16.476206454250114,0.0
27.72,4.497776972063472,6.897407525195113,16.402270593723138,0.0
27.725,4.618214312740897,7.1237471015957805,16.338962461736763,0.0
27.73,4.743948389734891,7.357187878917528,16.28431567966006,0.0
27.735,4.874779088957761,7.5977660097621404,16.24189418665015,0.0
27.740000000000002,5.011274051872095,7.845694272871878,16.20925618092169,0.0
27.745,5.154653832035964,8.101293481250275,16.18998814625084,0.0
27.75,5.3018287899350165,8.366015585174395,16.183569052910048,0.0
27.755,5.454683918343388,8.637119577674175,16.18974563372248,0.0
27.76,5.614111319379332,8.91492685310028,16.208684002586185,0.0
27.765,5.779236257775965,9.20220770440218,16.24298446660613,0.0
27.77,5.950036880219791,9.494558101035487,16.29269372002008,0.0
27.775000000000002,6.1273821192150715,9.795130037184778,16.357210903938075,0.0
27.78,6.310696551688154,10.102726209308273,16.43848354591287,0.0
27.785,6.499301900948848,10.4172575774342,16.53799958894529,0.0
27.79,6.695051711468912,10.737767020758364,16.655136843318697,0.0
27.795,6.897399691260478,11.064452636370444,16.79400839222859,0.0
27.8,7.106655652983439,11.394257519605826,16.952721033606796,0.0
27.805,7.320897506169118,11.729545284660869,17.131974147575352,0.0
27.810000000000002,7.541827416360043,12.068642561331755,17.331749878695998,0.0
27.815,7.768617379435569,12.409656080714003,17.556141785591244,0.0
27.82,7.999834554745514,12.754167676870214,17.803924243810396,0.0
27.825,8.238064773439143,13.0993422599808,18.07665465529835,0.0
27.830000000000002,8.481780665473439,13.441990795286713,18.374484673502124,0.0
27.835,8.729621531469462,13.782163058053392,18.699699444000082,0.0
27.84,8.982300611775255,14.118943061028482,19.051319174826993,0.0
27.845,9.239299654764634,14.450779829841244,19.432213085003546,0.0
27.85,9.499461083309361,14.774359460727233,19.84066567676178,0.0
27.855,9.762623496646658,15.088290033290125,20.277445433263757,0.0
27.86,10.029416728137008,15.389921337350202,20.742842338518034,0.0
27.865000000000002,10.297126327528028,15.676409897573622,21.237833156841305,0.0
27.87,10.567184842427372,15.945855927696938,21.76108015780604,0.0
27.875,10.835437499019232,16.19439011010055,22.314554609413534,0.0
27.88,11.102979020828705,16.42192763519291,22.89659395864019,0.0
27.885,11.36834164082344,16.6236991852393,23.503217799752132,0.0
27.89,11.630534702897222,16.797007267576593,24.136727324390577,0.0
27.895,11.888589071941674,16.938009320844476,24.791919268935175,0.0
27.900000000000002,12.142227147914017,17.043840078584303,25.46757291177415,0.0
27.905,12.386746425581387,17.111859171312076,26.161973700226778,0.0
27.91,12.622228271114963,17.138876561131124,26.874815482749753,0.0
27.915,12.84850688100317,17.12617365677253,27.597971627735365,0.0
27.92,13.063209371208982,17.066190311334086,28.330456648468342,0.0
27.925,13.262056579660115,16.95857503451427,29.06847909632529,0.0
27.93,13.446874076738586,16.802605128427658,29.805018542291307,0.0
27.935000000000002,13.615188030480423,16.597255596562892,30.53697921046512,0.0
27.94,13.764877884661717,16.342500428311883,31.26062014427456,0.0
27.945,13.894969442701676,16.036381038514918,31.96908036612628,0.0
27.95,14.00207738219967,15.67993795986456,32.655470396301936,0.0
27.955000000000002,14.086475358740476,15.275467325574075,33.31750438603438,0.0
27.96,14.146091789401018,14.82576357212596,33.9485676101424,0.0
27.965,14.18073534247451,14.33072457440961,34.54484129874325,0.0
27.97,14.187773336893214,13.794853153107011,35.100935548241196,0.0
27.975,14.167332987879208,13.222502661287667,35.6110459238886,0.0
27.98,14.119454347896646,12.617951379482085,36.07442003226704,0.0
27.985,14.043349512051966,11.985115003884628,36.484579814669054,0.0
27.990000000000002,13.940669072980842,11.33082709653057,36.83990395286543,0.0
27.995,13.81048437602125,10.659117552801161,37.13768999864892,0.0
28.0,13.652671313637184,9.974187507131422,37.377748887976274,0.0
28.005,13.4680527130545,9.282906599175977,37.55899236565392,0.0
28.01,13.259561725436615,8.592752503749713,37.68361980822368,0.0
28.015,13.026473328221615,7.908553825009592,37.751181301646376,0.0
28.02,12.770930256789004,7.234090721918951,37.76235844561733,0.0
28.025000000000002,12.493349073831954,6.573727776737282,37.719554399307675,0.0
28.03,12.197238999429585,5.93426237732684,37.62764787514181,0.0
28.035,11.882800687179389,5.317426609155123,37.48789735036475,0.0
28.04,11.555053986132604,4.7271304899547095,37.30405143551058,0.0
28.045,11.213857631664991,4.166083517751024,37.079146851276356,0.0
28.05,10.860822193333018,3.635387873293986,36.81687202718468,0.0
28.055,10.499027166251414,3.137964682604797,36.52259989228947,0.0
28.060000000000002,10.13092273420801,2.674590864450505,36.19975543285065,0.0
28.065,9.757661559642687,2.246101767843188,35.85197766910731,0.0
28.07,9.382528921066015,1.8507443398258998,35.483309402774786,0.0
28.075,9.00603413133102,1.4901857172134776,35.096811770437,0.0
28.080000000000002,8.63002346430209,1.1630149162988555,34.69593172520754,0.0
28.085,8.25692156803716,0.8691903003325971,34.284764222571965,0.0
28.09,7.887365490698508,0.6062946932401623,33.86236439413003,0.0
28.095,7.524528326763201,0.3711876023514145,33.43457721993976,0.0
28.1,7.167275870711868,0.16496981916460599,33.00242331195744,0.0
28.105,6.816952914959581,-0.01482434558672363,32.569107385861265,0.0
28.11,6.474384349421144,-0.1703162669120115,32.13478901668669,0.0
28.115000000000002,6.142835689224597,-0.30361975226124394,31.700774431875008,0.0
28.12,5.819927332659953,-0.4151192798264737,31.267960960572843,0.0
28.125,5.509022253326169,-0.5078056887464266,30.838594671169744,0.0
28.13,5.209333064610539,-0.5829731199581659,30.413289345568796,0.0
28.135,4.919090146447035,-0.6433296618421297,29.992843618965612,0.0
28.14,4.6403831476396755,-0.6897736144698398,29.578124640193,0.0
28.145,4.373925323074854,-0.7229581398817627,29.16722517124069,0.0
28.150000000000002,4.118528637863773,-0.7447331895964517,28.762182967044524,0.0
28.155,3.8751334349853495,-0.7567767942360338,28.363742865409353,0.0
28.16,3.6437463528303775,-0.7589349559949262,27.971251247359767,0.0
28.165,3.4239684972865883,-0.7558180137088001,27.585780427913523,0.0
28.17,3.2150035091590548,-0.745041121275935,27.205190901378376,0.0
28.175,3.017403451162622,-0.7286500291149561,26.82966358474218,0.0
28.18,2.8293977320569534,-0.7075411241197171,26.46132513444168,0.0
28.185000000000002,2.6519720405544804,-0.6816164918773561,26.09864236160835,0.0
28.19,2.485262786822848,-0.6522415143768102,25.741285833324277,0.0
28.195,2.3283836242010616,-0.6197596468940539,25.38954915697774,0.0
28.2,2.18081357847536,-0.5864038372215771,25.043425621828042,0.0
28.205000000000002,2.0416672829154807,-0.5515404053229762,24.70222982701919,0.0
28.21,1.911980484877795,-0.5150541750072671,24.367514896709235,0.0
28.215,1.7900572552823155,-0.47824810328131845,24.037665158540786,0.0
28.22,1.6765368065710409,-0.44014402642380096,23.71367794271299,0.0
28.225,1.570654318130057,-0.40181850991986406,23.394561558152933,0.0
28.23,1.4733255088023232,-0.36321166651829745,23.080331071161588,0.0
28.235,1.3820310903573931,-0.3251281583528961,22.770034267457444,0.0
28.240000000000002,1.29789883506225,-0.2873764528958264,22.46341111692479,0.0
28.245,1.2201292307293419,-0.25039042846942083,22.162308771579884,0.0
28.25,1.1464630563312954,-0.21273114443827285,21.866268304888006,0.0
28.255,1.0785581688801422,-0.17745776230261684,21.573060509172297,0.0
28.26,1.0152030619562518,-0.14166506707001017,21.28386282203347,0.0
28.265,0.9569727649547821,-0.1082657352216716,20.998298695134665,0.0
28.27,0.9029659417400477,-0.074589122086368,20.718663062466838,0.0
28.275000000000002,0.8532168925408536,-0.04104337026674064,20.44010344671922,0.0
28.28,0.8093295304073308,-0.00883361770188925,20.168025528775544,0.0
28.285,0.7696375349726103,0.022792753268676302,19.898986540983174,0.0
28.29,0.7316940954631553,0.05474107954993915,19.633480919538403,0.0
28.295,0.697641819869185,0.0859084901443578,19.37115302202821,0.0
28.3,0.6670908935152847,0.11579839328016736,19.11265448172309,0.0
28.305,0.6386320210222557,0.14408209657653148,18.85696749223726,0.0
28.310000000000002,0.6132041068137211,0.17248162085550336,18.607622242606663,0.0
28.315,0.5911883488820373,0.20008847768325658,18.35967799435868,0.0
28.32,0.5726223469009567,0.22732101211618158,18.115164888775272,0.0
28.325,0.5555010139523129,0.2547163190062684,17.873831707907662,0.0
28.330000000000002,0.5404221464835616,0.2812563137725933,17.637120043632823,0.0
28.335,0.5276132938533861,0.30636133584412295,17.40274525045654,0.0
28.34,0.5164756852559738,0.33276292835918686,17.170657332901857,0.0
28.345,0.5075548801262686,0.3573345539984585,16.941866063252025,0.0
28.35,0.4999570813892912,0.38318748177571155,16.71727661004108,0.0
28.355,0.49356368159076824,0.40912521190947504,16.495581392790438,0.0
28.36,0.48985710083134426,0.4356303754892351,16.276098224667273,0.0
28.365000000000002,0.48673586646148803,0.4617692587625161,16.061117386119456,0.0
28.37,0.48536732600272653,0.4884839686491571,15.847372089562903,0.0
28.375,0.4843978120458587,0.5174656978385901,15.639536866343384,0.0
28.38,0.4860503519804137,0.54541791460709,15.432168384741322,0.0
28.385,0.4886824003591801,0.574219925096713,15.227625565539126,0.0
28.39,0.4934419084973785,0.6020662922100324,15.02598091416298,0.0
28.395,0.49882594070086167,0.6321133403280376,14.827021976209542,0.0
28.400000000000002,0.5064865461023936,0.662956586610792,14.63015962717025,0.0
28.405,0.513774666856383,0.6929270651485828,14.436458253389958,0.0
28.41,0.5231302815629443,0.7243711948756726,14.244876522428179,0.0
28.415,0.5334630972644727,0.7562734483837802,14.057427812820404,0.0
28.42,0.5438558815684079,0.789449513551563,13.8712008955124,0.0
28.425,0.5567379054616065,0.8245584782236268,13.687554778554214,0.0
28.43,0.5701698976547945,0.859903424538203,13.507320637717312,0.0
28.435000000000002,0.5848518366569039,0.8971058900860505,13.329489760900314,0.0
28.44,0.600306989063368,0.9352140955684883,13.153163596684672,0.0
28.445,0.6166687095712746,0.9752872010584339,12.980194945800617,0.0
28.45,0.6346554571323632,1.0160801766061354,12.809641581406668,0.0
28.455000000000002,0.6537194000006399,1.0597801475579243,12.64151979388921,0.0
28.46,0.673387391055727,1.1046684778849645,12.477116786581625,0.0
28.465,0.6951641878775564,1.1505597954795623,12.31296088235809,0.0
28.47,0.7184515602843485,1.2010069341837453,12.152614684727652,0.0
28.475,0.7427042054485283,1.2524639886698392,11.995025920876156,0.0
28.48,0.7677220962664215,1.304638765060886,11.839509531169913,0.0
28.485,0.7936274030588739,1.3607993872736694,11.686758301357324,0.0
28.490000000000002,0.8219182991909846,1.4183599147324766,11.536698172950048,0.0
28.495,0.8512919585083933,1.4785909101963097,11.38935061414641,0.0
28.5,0.8828451621655284,1.5430970997674773,11.24276758799403,0.0
28.505,0.9170932596474644,1.6082946646164944,11.09965546666885,0.0
28.51,0.9513665606337376,1.6773001538330339,10.958798126280149,0.0
28.515,0.9879972492705366,1.7497552237459533,10.820088386011015,0.0
28.52,1.0270119106349476,1.8260701880312058,10.684311921817336,0.0
28.525000000000002,1.0669794039384972,1.9066987172099392,10.550898601683878,0.0
28.53,1.108889658676659,1.9908472556866081,10.418822592472607,0.0
28.535,1.1520219922941013,2.077966474007708,10.291151995548761,0.0
28.54,1.1964501039256226,2.1698241877830537,10.165985544052445,0.0
28.545,1.2455384487758687,2.266016252834149,10.043779221918793,0.0
28.55,1.2966986260989846,2.3670352211393926,9.923973913111096,0.0
28.555,1.3505968574752907,2.471982214637774,9.805865118302137,0.0
28.560000000000002,1.406130171412772,2.5831622022416854,9.690910993298273,0.0
28.565,1.4656200620332112,2.69871561861443,9.580476636204555,0.0
28.57,1.5270063245268408,2.820123621929738,9.474043922682885,0.0
28.575,1.5922336467253837,2.9471880316298833,9.369006520132332,0.0
28.580000000000002,1.6606125567317243,3.0808497492308575,9.267945263811685,0.0
28.585,1.7318126514768908,3.220825438481455,9.169265738402965,0.0
28.59,1.8056875454663488,3.368782169663171,9.075229459058036,0.0
28.595,1.8838705419232884,3.5219081750505654,8.984667215103409,0.0
28.6,1.965915402150656,3.683520878651749,8.898221806492,0.0
28.605,2.05111420026555,3.8540314085640843,8.815480291338124,0.0
28.61,2.1403290041276803,4.032057824727383,8.737297185499527,0.0
28.615000000000002,2.2350678992856348,4.218138308085229,8.66411717764483,0.0
28.62,2.3349821865977183,4.412706599336347,8.595525893501057,0.0
28.625,2.4390422651456856,4.614941082041279,8.532089457058303,0.0
28.63,2.5472509873969678,4.828613163618672,8.474158199059312,0.0
28.635,2.661596077204183,5.053303930128788,8.423006059790023,0.0
28.64,2.7806639890480853,5.289027709195435,8.377677833344656,0.0
28.645,2.9073818150296127,5.535732852966492,8.340708675780007,0.0
28.650000000000002,3.0394277060047314,5.7940369219858985,8.310029007476466,0.0
28.655,3.177949162792697,6.06435444578222,8.287052177429661,0.0
28.66,3.322320907691257,6.34764387426565,8.272446815251858,0.0
28.665,3.4733555565627174,6.642003892992475,8.266798717750829,0.0
28.67,3.63224371001939,6.951311799649758,8.272178548097576,0.0
28.675,3.7979665572176264,7.275511545952127,8.288726676758115,0.0
28.68,3.9726076325583146,7.613896345007362,8.316286453233717,0.0
28.685000000000002,4.154123115136874,7.9658198157173326,8.356140368643402,0.0
28.69,4.346276139680046,8.334437839075326,8.409960303362547,0.0
28.695,4.546323738366589,8.717978917543485,8.478495431969028,0.0
28.7,4.753535849428507,9.117922831521426,8.56479281330063,0.0
28.705000000000002,4.970658130585922,9.533957389681103,8.66879268417937,0.0
28.71,5.199034528554275,9.966842284816623,8.789681083594276,0.0
28.715,5.437702053207329,10.415612130408128,8.930687146473344,0.0
28.72,5.68673846798577,10.882915838535183,9.09461387918609,0.0
28.725,5.945601689705336,11.366046813192932,9.282690319847875,0.0
28.73,6.217849068727615,11.86522287138966,9.497159635284765,0.0
28.735,6.499700285730376,12.38140889009066,9.738114725260395,0.0
28.740000000000002,6.795676237169407,12.913110104024478,10.010021708797558,0.0
28.745,7.101476629775262,13.460377736618643,10.314255373449516,0.0
28.75,7.418846047416026,14.021686798691627,10.654969778669358,0.0
28.755,7.749140267936287,14.594734779033011,11.032408817039377,0.0
28.76,8.092262233214623,15.180332719934182,11.452042899455147,0.0
28.765,8.447852830400851,15.774899978051497,11.914121266857736,0.0
28.77,8.81363454951517,16.37582149591517,12.421289984799477,0.0
28.775000000000002,9.191726038658318,16.980766229982045,12.977209972318654,0.0
28.78,9.580403182988906,17.587192045427667,13.584506020432643,0.0
28.785,9.980285515999656,18.18978767453501,14.245305911657297,0.0
28.79,10.389970749816607,18.7846455106499,14.963037335496727,0.0
28.795,10.809078190647984,19.367736717014605,15.739542760126984,0.0
28.8,11.236278664752504,19.934241407798275,16.57547264965278,0.0
28.805,11.671079529042906,20.477424790248506,17.47445544881014,0.0
28.810000000000002,12.111768809907632,20.988661796308953,18.435922422658564,0.0
28.815,12.555997449739344,21.462872872692834,19.460870522608595,0.0
28.82,13.001560177428573,21.892267932167304,20.548521289134676,0.0
28.825,13.446830652313862,22.26800453816277,21.69769851987843,0.0
28.830000000000002,13.88835997135091,22.579161112975687,22.9053202497913,0.0
28.835,14.322832681320047,22.820234683869913,24.16787003531973,0.0
28.84,14.748094102137399,22.979402231682197,25.48045787801442,0.0
28.845,15.159910666126432,23.05011821641132,26.83445623456264,0.0
28.85,15.554157892315288,23.023949086751017,28.223732770412116,0.0
28.855,15.929011518343406,22.892397506339606,29.637703594652262,0.0
28.86,16.27766330320312,22.64693340836627,31.064546855275736,0.0
28.865000000000002,16.59638826472628,22.282909937181895,32.49428176973331,0.0
28.87,16.880405047876025,21.799418436737085,33.909338123648816,0.0
28.875,17.12568836671687,21.190821793645664,35.29712693855441,0.0
28.88,17.329181567760262,20.459322385822098,36.64186982377589,0.0
28.885,17.48441167133871,19.60846546244101,37.92650901411905,0.0
28.89,17.589090278246882,18.642344451119353,39.13589061503959,0.0
28.895,17.642105886207265,17.56930848064142,40.25309418896638,0.0
28.900000000000002,17.639189280856208,16.399973407304604,41.266979619836476,0.0
28.905,17.577260130331418,15.148448264153101,42.16279168945231,0.0
28.91,17.456472822405345,13.82754916593637,42.9339526346259,0.0
28.915,17.274291110269715,12.455853496097816,43.567675397657126,0.0
28.92,17.03318312565307,11.04808199065074,44.06396008859849,0.0
28.925,16.733239902389315,9.624062471375975,44.416000601674746,0.0
28.93,16.378942018718874,8.203697147016642,44.629988667461,0.0
28.935000000000002,15.97179558636181,6.799517361241043,44.70686876262261,0.0
28.94,15.513866349575522,5.431128517492264,44.65255725477622,0.0
28.945,15.010535167366138,4.112339357009587,44.47832632402667,0.0
28.95,14.466265000475856,2.853504503635754,44.193542785778924,0.0
28.955000000000002,13.885938495943124,1.6673375648495723,43.81012825459755,0.0
28.96,13.274400583220787,0.5621466651576761,43.3407782158083,0.0
28.965,12.63732505978219,-0.45947173751410086,42.80081726158901,0.0
28.97,11.982859145739312,-1.3930368014970105,42.2022756661181,0.0
28.975,11.314094641132716,-2.236816673414837,41.55546491629502,0.0
28.98,10.635688065475204,-2.9930190946583224,40.87461918191975,0.0
28.985,9.954361484640808,-3.661962100402378,40.17064340762394,0.0
28.990000000000002,9.273956718583616,-4.248354027410463,39.45189674976083,0.0
28.995,8.598125919741928,-4.757895336823017,38.72951833118975,0.0
29.0,7.930065550499065,-5.196760117279899,38.00981497243046,0.0
29.005,7.274100911691902,-5.567524011968867,37.29805930612798,0.0
29.01,6.63183436712521,-5.877962400334496,36.59750516955888,0.0
29.015,6.005241627508917,-6.134660942104911,35.91525253052945,0.0
29.02,5.397794952846352,-6.340705759126255,35.25150919230679,0.0
29.025000000000002,4.811114329373789,-6.5043910439346,34.611066350984316,0.0
29.03,4.245255032298145,-6.631344559342591,33.99249564250879,0.0
29.035,3.70203505163216,-6.725048769889066,33.397553014155626,0.0
29.04,3.1808282257539675,-6.790791329516347,32.828403364248,0.0
29.045,2.682563402139529,-6.833591892747326,32.281766270094984,0.0
29.05,2.2066767954198374,-6.856907673737219,31.75862848930089,0.0
29.055,1.75406442253426,-6.863479460266687,31.258639014412115,0.0
29.060000000000002,1.3223197521855394,-6.8581698077819855,30.78162250627888,0.0
29.065,0.9126826426729637,-6.842015525278424,30.324724028396435,0.0
29.07,0.5241619355854704,-6.8194303011980715,29.888723432817933,0.0
29.075,0.15663482462966893,-6.790425777789382,29.47202829863267,0.0
29.080000000000002,-0.19095954056189451,-6.759022555954535,29.07385871978551,0.0
29.085,-0.5197451028201994,-6.724041320968346,28.691811332249372,0.0
29.09,-0.8293875983587133,-6.688810773869181,28.327382560663953,0.0
29.095,-1.1220226603932402,-6.655055594633163,27.976178905645014,0.0
29.1,-1.3992475353800677,-6.622639361323769,27.640025995460174,0.0
29.105,-1.6614038869980372,-6.5913301425421,27.31872076369286,0.0
29.11,-1.906328907268173,-6.564250674605829,27.010245600654283,0.0
29.115000000000002,-2.138202377832895,-6.540009206556057,26.711941822752458,0.0
29.12,-2.358160560751252,-6.520953036231186,26.424384892579408,0.0
29.125,-2.5665952920193806,-6.5067414429107755,26.148505826882726,0.0
29.13,-2.7632263144982137,-6.497979312601042,25.883760525255475,0.0
29.135,-2.9511049310812774,-6.4947770704203345,25.628030753295345,0.0
29.14,-3.12877807124406,-6.4974961178241015,25.38318537212571,0.0
29.145,-3.2975934677476073,-6.505682911590697,25.14529360399107,0.0
29.150000000000002,-3.4568033820005915,-6.52072573884009,24.91712863711758,0.0
29.155,-3.6101494769760887,-6.541112095627238,24.69672798953134,0.0
29.16,-3.756622269695799,-6.5677298900812024,24.48539904560067,0.0
29.165,-3.896347328590158,-6.600798283208464,24.28304853544902,0.0
29.17,-4.031675042414465,-6.6400937521454955,24.08793837838976,0.0
29.175,-4.162448738958224,-6.684842502414267,23.900317624489176,0.0
29.18,-4.28855006766182,-6.737533366664374,23.720007237767206,0.0
29.185000000000002,-4.410819514162394,-6.796777522036328,23.549037483693983,0.0
29.19,-4.53070323377343,-6.860197770641578,23.384997965139576,0.0
29.195,-4.647349046765763,-6.930580528252598,23.22901981802848,0.0
29.2,-4.760603804057221,-7.006642775559294,23.07961412363509,0.0
29.205000000000002,-4.872263204099728,-7.088789371298081,22.938817562958945,0.0
29.21,-4.983189594673711,-7.177692941875197,22.805521986440407,0.0
29.215,-5.094521746531261,-7.270556995593656,22.680406201403994,0.0
29.22,-5.204485178977015,-7.370371671688186,22.563190792415327,0.0
29.225,-5.311731474527871,-7.475205466125841,22.454165237465414,0.0
29.23,-5.420888809220911,-7.5850836652282805,22.353021508988544,0.0
29.235,-5.529751443081153,-7.700046401446666,22.259884443727696,0.0
29.240000000000002,-5.638560159287095,-7.820119621697873,22.17492702880427,0.0
29.245,-5.7472470194632095,-7.946349754299741,22.100212435271292,0.0
29.25,-5.857462542050436,-8.074333538557537,22.032365593934312,0.0
29.255,-5.9684615590096595,-8.209545586604785,21.975490141428278,0.0
29.26,-6.07999338942786,-8.349136852924035,21.926566947445696,0.0
29.265,-6.193612459477281,-8.491343731789645,21.888222522622737,0.0
29.27,-6.309638096092638,-8.638611155057951,21.859348680584382,0.0
29.275000000000002,-6.424373479769098,-8.78980817988994,21.840756700332996,0.0
29.28,-6.543092212474582,-8.943480319062928,21.83149672318695,0.0
29.285,-6.662462695253132,-9.101354108640887,21.83236408175033,0.0
29.29,-6.785223452532071,-9.260542243121177,21.84476293738965,0.0
29.295,-6.9094390712597065,-9.42248445088575,21.867712634554838,0.0
29.3,-7.034149623602488,-9.587176531746799,21.90007588636032,0.0
29.305,-7.161501552195278,-9.754434205028671,21.945231143710785,0.0
29.310000000000002,-7.290362979961798,-9.922395491216317,22.001177129235735,0.0
29.315,-7.422625317426928,-10.092093313013006,22.06919397675246,0.0
29.32,-7.555059201354237,-10.26059377814566,22.149495991937453,0.0
29.325,-7.691253044536037,-10.429915839041112,22.241857392629317,0.0
29.330000000000002,-7.829434102823045,-10.599524538572107,22.345358190096984,0.0
29.335,-7.9687006292526235,-10.768554108081059,22.46219014312851,0.0
29.34,-8.108618114709818,-10.934831905164739,22.59187224166629,0.0
29.345,-8.249950508033434,-11.099935462526368,22.734377378329583,0.0
29.35,-8.393023226134648,-11.263122456448684,22.889355186887173,0.0
29.355,-8.536226303616784,-11.420621547149848,23.05702988017828,0.0
29.36,-8.680200309491806,-11.575411974431345,23.23591343512831,0.0
29.365000000000002,-8.825095231500876,-11.723830326254614,23.428481612592833,0.0
29.37,-8.970754649835893,-11.866525014651742,23.63294874800013,0.0
29.375,-9.115758847425191,-12.003425879279622,23.84991694363616,0.0
29.38,-9.260877366352341,-12.131847286231947,24.07946581982633,0.0
29.385,-9.405121518098598,-12.25293874173826,24.320550202853944,0.0
29.39,-9.547574984789813,-12.363864696592618,24.571079023679303,0.0
29.395,-9.688976190996843,-12.465031750590162,24.831834702067425,0.0
29.400000000000002,-9.827634025325198,-12.555363886694979,25.105369124969016,0.0
29.405,-9.963933762858414,-12.635434889092116,25.387229405725506,0.0
29.41,-10.098272985614559,-12.704154760031813,25.678990537980592,0.0
29.415,-10.227282240931796,-12.758586431436841,25.97741662703361,0.0
29.42,-10.353647601505212,-12.79814226654444,26.283669946049372,0.0
29.425,-10.474802945188326,-12.823558472576375,26.5956662475069,0.0
29.43,-10.592033935157295,-12.832242300520408,26.91325973471684,0.0
29.435000000000002,-10.704153475523,-12.82477831555711,27.234964127967668,0.0
29.44,-10.80978989623425,-12.801652745899794,27.558480591481885,0.0
29.445,-10.909135970683863,-12.760511212599836,27.882375582031365,0.0
29.45,-11.001569975602512,-12.702898928321224,28.20680652739683,0.0
29.455000000000002,-11.087654540019054,-12.62769837443099,28.529885690897792,0.0
29.46,-11.164188644915864,-12.535088178077295,28.84997578618938,0.0
29.465,-11.232596896145672,-12.424452088606875,29.16431664193958,0.0
29.47,-11.292022293386248,-12.297754362464588,29.473460264003986,0.0
29.475,-11.341238637751163,-12.153111943349783,29.774824490307243,0.0
29.48,-11.381861948279926,-11.991401376557214,30.06611462118164,0.0
29.485,-11.411481242956375,-11.813549604548166,30.34706293828734,0.0
29.490000000000002,-11.43210318881845,-11.620483282591731,30.615253714555745,0.0
29.495,-11.441370343059141,-11.412175884897108,30.871686225582156,0.0
29.5,-11.43927583238153,-11.191951942488824,31.111779014704236,0.0
29.505,-11.426382269811121,-10.957734560185783,31.3372930596973,0.0
29.51,-11.402628874300774,-10.71236621809995,31.54514100494779,0.0
29.515,-11.368632124248878,-10.45683030968851,31.736439930182563,0.0
29.52,-11.321412096597662,-10.193489870481024,31.9070735419483,0.0
29.525000000000002,-11.264650576747211,-9.92180272514845,32.058169958936155,0.0
29.53,-11.197103990642697,-9.644439025506669,32.190141992162765,0.0
29.535,-11.1197916390362,-9.362076914615677,32.30072716397326,0.0
29.54,-11.031319619408867,-9.075817514859716,32.39212240629106,0.0
29.545,-10.933236313064564,-8.78839391005201,32.460575167992836,0.0
29.55,-10.826628952687846,-8.499872695595258,32.50826127346787,0.0
29.555,-10.709891292834108,-8.214195240061057,32.535545646112475,0.0
29.560000000000002,-10.583885904618546,-7.929915342986204,32.543034470253346,0.0
29.565,-10.45164773778004,-7.649729487215319,32.52851237159193,0.0
29.57,-10.310868608967525,-7.374292471170159,32.49458036427445,0.0
29.575,-10.165167283571735,-7.10573808272885,32.44273474672372,0.0
29.580000000000002,-10.011250446176744,-6.845203948937104,32.37042742591844,0.0
29.585,-9.85319710585738,-6.592554912543845,32.28101299901546,0.0
29.59,-9.690601871431564,-6.347938970719636,32.17389480806325,0.0
29.595,-9.52297737144796,-6.113421302509496,32.05243490129904,0.0
29.6,-9.352482090123223,-5.889706893000735,31.916199198324698,0.0
29.605,-9.179492408619145,-5.676710503931073,31.766007504689565,0.0
29.61,-9.004323536631901,-5.474853109223615,31.603007304779815,0.0
29.615000000000002,-8.827667231303433,-5.285397905781292,31.428172161754297,-0.0
29.62,-8.650848149580828,-5.107743066733147,31.24171164069039,-0.0
29.625,-8.473748631019754,-4.943126177989179,31.045645254361197,-0.0
29.63,-8.29752856599598,-4.788769074545846,30.84049188030567,-0.0
29.635,-8.123138669717237,-4.647215436761686,30.628811913565258,-0.0
29.64,-7.949419956247157,-4.516139655005461,30.409152929290553,-0.0
29.645,-7.776905158703578,-4.3975203026404435,30.183849806963977,-0.0
29.650000000000002,-7.608574462927506,-4.290194254076244,29.951672489251475,-0.0
29.655,-7.443555364933423,-4.19474791941999,29.715439899134296,-0.0
29.66,-7.281250914372213,-4.109086113729679,29.475491245689135,-0.0
29.665,-7.122678713390599,-4.034577456933302,29.231966970208443,-0.0
29.67,-6.969767161792327,-3.969550890968155,28.985176639044564,-0.0
29.675,-6.82074898964121,-3.9163817779762136,28.736376223010417,-0.0
29.68,-6.676745496662737,-3.8718535353893855,28.48579558209398,-0.0
29.685000000000002,-6.535835805117601,-3.835263289680245,28.236252944051824,-0.0
29.69,-6.4003869763830785,-3.8090028806113487,27.986257616154358,-0.0
29.695,-6.2715119270736706,-3.790535604840336,27.735405390426774,-0.0
29.7,-6.1468407494858175,-3.7810887776929434,27.483611436860944,-0.0
29.705000000000002,-6.027923173210135,-3.777411037630538,27.233341041759115,-0.0
29.71,-5.915267653343738,-3.7817905064644455,26.9857040257035,-0.0
29.715,-5.809163934179007,-3.792338401601121,26.737255439186047,-0.0
29.72,-5.709421077741699,-3.8102572862465713,26.491182872100627,-0.0
29.725,-5.614043906758257,-3.8344383259958206,26.24657546528987,-0.0
29.73,-5.526634621787817,-3.8629431242249614,26.00359362815221,-0.0
29.735,-5.444717397555853,-3.8984828731569046,25.76386370802067,-0.0
29.740000000000002,-5.3684296054182505,-3.940260278775762,25.527817716113667,-0.0
29.745,-5.29545282492072,-3.986447513228241,25.294519836498594,-0.0
29.75,-5.229273725033308,-4.037408683420786,25.062570036297153,-0.0
29.755,-5.170561696465972,-4.094485573528906,24.834249555652004,-0.0
29.76,-5.116589115905401,-4.155141634769228,24.60856606454722,-0.0
29.765,-5.068347283326767,-4.221570302329062,24.386598479692598,-0.0
29.77,-5.026113068340326,-4.292340650674452,24.16749430573022,-0.0
29.775000000000002,-4.989780927085079,-4.366987632094048,23.953283260373713,-0.0
29.78,-4.958337446856794,-4.446448083912431,23.74360066990316,-0.0
29.785,-4.932727138768335,-4.530698401248374,23.53713470068945,-0.0
29.79,-4.911757165508478,-4.618764800838156,23.334686156471367,-0.0
29.795,-4.896200655806054,-4.710341628216964,23.135648628858394,-0.0
29.8,-4.8870617392844515,-4.805364111772066,22.942448740723325,-0.0
29.805,-4.8831424825917615,-4.906021139672329,22.75291629476891,-0.0
29.810000000000002,-4.884709115630278,-5.009987807122823,22.568287388774362,-0.0
29.815,-4.891192812944692,-5.116052448689862,22.390460457090715,-0.0
29.82,-4.901863802975931,-5.227550869328018,22.217178353617726,-0.0
29.825,-4.918449469362111,-5.343913711782582,22.04918403067648,-0.0
29.830000000000002,-4.940140982657123,-5.462341309057432,21.886438769998982,-0.0
29.835,-4.96745146420209,-5.586817585752678,21.7306650426405,-0.0
29.84,-4.998749120782704,-5.7133902211651035,21.579702297582585,-0.0
29.845,-5.0346834875020114,-5.8444960308009275,21.435095547129666,-0.0
29.85,-5.075015062387663,-5.980374404423474,21.296628139845524,-0.0
29.855,-5.12102748093595,-6.118937042954319,21.164319284955674,-0.0
29.86,-5.171130335401568,-6.264186414529422,21.037189518885608,-0.0
29.865000000000002,-5.226009997921831,-6.4129850800584265,20.91856318346344,-0.0
29.87,-5.284782024521232,-6.564448090503971,20.806278062454858,-0.0
29.875,-5.348585776359668,-6.722198021121276,20.70244078916843,-0.0
29.88,-5.41753937602481,-6.884609582138932,20.605852138380786,-0.0
29.885,-5.489832791890616,-7.050979148238835,20.517176442651404,-0.0
29.89,-5.567020935546354,-7.220522862753083,20.43616357712066,-0.0
29.895,-5.649043748615778,-7.394571847145026,20.364945206523252,-0.0
29.900000000000002,-5.736237428805836,-7.57200104060118,20.3013437423648,-0.0
29.905,-5.828128889297294,-7.754438144831285,20.247730333186134,-0.0
29.91,-5.924403956938191,-7.942586668289027,20.203059560523428,-0.0
29.915,-6.0255863854341225,-8.13404189237802,20.168068333745747,-0.0
29.92,-6.131586834455729,-8.328660292830678,20.143656724360955,-0.0
29.925,-6.240691841101509,-8.52768141674546,20.130200985417613,-0.0
29.93,-6.35400470829155,-8.731419154917713,20.128551707213617,-0.0
29.935000000000002,-6.47280686166798,-8.938763003693497,20.1379709198834,-0.0
29.94,-6.59549584704688,-9.147577108056486,20.158449268655144,-0.0
29.945,-6.721410810786559,-9.359990268577322,20.190519449400153,-0.0
29.95,-6.8542820276750875,-9.57498795005247,20.235702954958725,-0.0
29.955000000000002,-6.990803903885894,-9.791629775488241,20.294044423579592,-0.0
29.96,-7.130445397486277,-10.010979569730582,20.36364937933666,-0.0
29.965,-7.273571485549679,-10.23308683679034,20.44933146650862,-0.0
29.97,-7.422781454620712,-10.457126937834206,20.549438076409796,-0.0
29.975,-7.574678579681247,-10.680682091967087,20.66296780429117,-0.0
29.98,-7.730283924877244,-10.90566730868861,20.79247792447013,-0.0
29.985,-7.889700765947342,-11.12972119587036,20.936895602911747,-0.0
29.990000000000002,-8.051858272858484,-11.353586403251136,21.09682149290111,-0.0
29.995,-8.216919092782314,-11.575084222179465,21.272699691547068,-0.0
30.0,-8.38460377526356,-11.79400568462481,21.465945427106146,-0.0
30.005,-8.554706481700158,-12.010169300447885,21.674926218727247,-0.0
30.01,-8.727478945912482,-12.221614570074616,21.899728163212693,-0.0
30.015,-8.903159577417034,-12.4273894274044,22.14196037080317,-0.0
30.02,-9.079934290427142,-12.627231145816792,22.40193239841318,-0.0
30.025000000000002,-9.257627846700188,-12.819618335715827,22.675925663104348,-0.0
30.03,-9.43682642289457,-13.002746306949478,22.966914635736543,-0.0
30.035,-9.61543874225448,-13.17517107558397,23.27527317025684,-0.0
30.04,-9.794058433058282,-13.336158049865663,23.59755332503495,-0.0
30.045,-9.9703933203618,-13.486331946706576,23.935582246377052,-0.0
30.05,-10.146120781653515,-13.62144543550686,24.289464614074447,-0.0
30.055,-10.321865054393948,-13.740717216964391,24.656073312548312,-0.0
30.060000000000002,-10.491562004961958,-13.843516343310684,25.036192391432664,-0.0
30.065,-10.659259617930182,-13.928321331942044,25.42753368506874,-0.0
30.07,-10.822831446695972,-13.996281964056989,25.831756188704937,-0.0
30.075,-10.980302283299599,-14.043659559777382,26.244250993928258,-0.0
30.080000000000002,-11.132854654963912,-14.069401585985334,26.665533502028357,-0.0
30.085,-11.27802623282511,-14.07288903176599,27.09305599990158,-0.0
30.09,-11.418133720573014,-14.053371976143419,27.525108634254558,-0.0
30.095,-11.551104016854866,-14.009387266042904,27.96104747052102,-0.0
30.1,-11.674655453179035,-13.941469229774725,28.397504101596812,-0.0
30.105,-11.787819907970011,-13.849423270571535,28.832055970552837,-0.0
30.11,-11.891090499511689,-13.731200353262176,29.2623568278621,-0.0
30.115000000000002,-11.983390654932013,-13.586927419032005,29.688973636806228,-0.0
30.12,-12.063667695089306,-13.417529701333681,30.107638876788503,-0.0
30.125,-12.130850797476038,-13.224246630002005,30.516432430760833,-0.0
30.13,-12.18596916585311,-13.00476998727287,30.911762041775088,-0.0
30.135,-12.22670891901613,-12.7618721092206,31.291659149485167,-0.0
30.14,-12.253551618260076,-12.496412560789363,31.654125782609604,-0.0
30.145,-12.265190686114254,-12.209859032692583,31.997629249829455,-0.0
30.150000000000002,-12.262523560464494,-11.903732045973697,32.319310771424824,-0.0
30.155,-12.245263421293537,-11.578338222805455,32.618411707089926,-0.0
30.16,-12.211849891114843,-11.239288570515662,32.89266387770488,-0.0
30.165,-12.162567158199929,-10.885342836599355,33.13994277746362,-0.0
30.17,-12.097745888300672,-10.518979856334779,33.35885968661165,-0.0
30.175,-12.017987847757533,-10.141453246131315,33.55121491981694,-0.0
30.18,-11.922755965944212,-9.757604491244503,33.713513248827944,-0.0
30.185000000000002,-11.81350815821074,-9.368552019824014,33.84593307634092,-0.0
30.19,-11.691467262104222,-8.977232375485341,33.948600408646286,-0.0
30.195,-11.556667020185898,-8.584796137623098,34.0207327602404,-0.0
30.2,-11.406928997034997,-8.193720763015781,34.06337202114422,-0.0
30.205000000000002,-11.24646295361335,-7.80708646116172,34.07723291994957,-0.0
30.21,-11.074668663552263,-7.426721146273787,34.06319945853841,-0.0
30.215,-10.892354234734608,-7.053762016289431,34.02070555207959,-0.0
30.22,-10.70142617956162,-6.690704430344442,33.95123714666674,-0.0
30.225,-10.501067137027182,-6.338094661458886,33.85678190924569,-0.0
30.23,-10.29368119571984,-5.998113865100725,33.73796758149505,-0.0
30.235,-10.078937797252763,-5.6717714053693555,33.597434081701124,-0.0
30.240000000000002,-9.858915472695719,-5.3618985448715515,33.435301473857066,-0.0
30.245,-9.63564792883448,-5.067010397350323,33.2552431557723,-0.0
30.25,-9.407056646503047,-4.788656259580121,33.056465407163174,-0.0
30.255,-9.176297382031517,-4.526943746361432,32.84127393995504,-0.0
30.26,-8.943494434585103,-4.282067344457809,32.612500418027224,-0.0
30.265,-8.708856311718264,-4.0549430699941755,32.36931287727605,-0.0
30.27,-8.476008699735152,-3.8430483967157687,32.11355300527947,-0.0
30.275000000000002,-8.24423752162968,-3.6490521291594504,31.84815243687396,-0.0
30.28,-8.013650242540981,-3.472954653362086,31.574300407951878,-0.0
30.285,-7.785400271924701,-3.311940281952228,31.29305316871272,-0.0
30.29,-7.5619803501963965,-3.1669909229970625,31.00483695178939,-0.0
30.295,-7.342013754462892,-3.0366523748354353,30.71129038839449,-0.0
30.3,-7.126945966896441,-2.92210011120168,30.41225995342773,-0.0
30.305,-6.915550338629219,-2.821687227116987,30.110137360197548,-0.0
30.310000000000002,-6.711319538184907,-2.733298342042712,29.806749109320126,-0.0
30.315,-6.51162823352398,-2.6608673886236027,29.502102195572576,-0.0
30.32,-6.318287077724444,-2.5985341854410957,29.195831911188613,-0.0
30.325,-6.131462468524318,-2.548164108554613,28.88950561250275,-0.0
30.330000000000002,-5.952519947886469,-2.5077014626110743,28.583188387689624,-0.0
30.335,-5.779307249118178,-2.478606876762436,28.27663001785915,-0.0
30.34,-5.614126157293362,-2.457818124593163,27.970667414785833,-0.0
30.345,-5.456123245713074,-2.4454892085310056,27.666860691198732,-0.0
30.35,-5.305103478957771,-2.4423360119674413,27.36509917238937,-0.0
30.355,-5.162534988472782,-2.4469673116522026,27.064833426963244,-0.0
30.36,-5.026692196186794,-2.4585317789841747,26.76923959748288,-0.0
30.365000000000002,-4.8981300489676745,-2.476369685031888,26.474635988972388,-0.0
30.37,-4.776967479794447,-2.5009792569800866,26.182447395809906,-0.0
30.375,-4.66265417231929,-2.5321825748131057,25.8935656088374,-0.0
30.38,-4.555549626981816,-2.568253874089999,25.60702860670321,-0.0
30.385,-4.455960646972535,-2.609171840520445,25.324702282383395,-0.0
30.39,-4.364412113339421,-2.6549428165026843,25.04459441819716,-0.0
30.395,-4.278783268883384,-2.7065291959104933,24.768771064275185,-0.0
30.400000000000002,-4.1997286520523955,-2.7621512693793138,24.496767524354272,-0.0
30.405,-4.12694433717184,-2.8223380983011035,24.228848207928166,-0.0
30.41,-4.06134729385012,-2.886245400303209,23.963600883731036,-0.0
30.415,-4.002553752871849,-2.9543752768699423,23.702354834155123,-0.0
30.42,-3.949261785662826,-3.0250967726729807,23.446246054624815,-0.0
30.425,-3.902797719567999,-3.098461930998881,23.193649744495588,-0.0
30.43,-3.8615426110801065,-3.176317663847575,22.945395774269358,-0.0
30.435000000000002,-3.8283512941427666,-3.2597443410471234,22.700561722357705,-0.0
30.44,-3.7996428206414445,-3.344054897529881,22.460597692454055,-0.0
30.445,-3.776568955025798,-3.4329015451699405,22.224057202220802,-0.0
30.45,-3.759727449824288,-3.524676301700267,21.992308675504642,-0.0
30.455000000000002,-3.7475341211607103,-3.618934144981605,21.765451123039956,-0.0
30.46,-3.740322806956395,-3.717161806472203,21.54373166734389,-0.0
30.465,-3.740448407243254,-3.8190991507299965,21.326855316952923,-0.0
30.47,-3.7441112912203853,-3.925718257546161,21.11395299622069,-0.0
30.475,-3.753388264724395,-4.035447725644975,20.90632859648698,-0.0
30.48,-3.7677994280918203,-4.148961523933581,20.703786337084004,-0.0
30.485,-3.786961479347408,-4.265603302176923,20.50570392890507,-0.0
30.490000000000002,-3.810622525948929,-4.385997503309919,20.313676985061047,-0.0
30.495,-3.839196115732812,-4.510725346828033,20.12644942512174,-0.0
30.5,-3.8736016192356515,-4.638902944478603,19.94320569629458,-0.0
30.505,-3.9112638224332357,-4.77182886046704,19.76682720212304,-0.0
30.51,-3.9539293561626883,-4.908237933503048,19.596972945975857,-0.0
30.515,-4.0011269131906255,-5.048661234717529,19.431967131014144,-0.0
30.52,-4.053360027317298,-5.193170438749681,19.274070138423163,-0.0
30.525000000000002,-4.110401727965961,-5.342771731092866,19.123894593142154,-0.0
30.53,-4.171534883240306,-5.498102804733404,18.979139167021227,-0.0
30.535,-4.238587026199002,-5.6578321505332765,18.84113557936299,-0.0
30.54,-4.310692720570831,-5.824622222419559,18.709349861516852,-0.0
30.545,-4.386065798422307,-5.996026351882297,18.58510801471967,-0.0
30.55,-4.4664801473497295,-6.172244021438964,18.468386929425705,-0.0
30.555,-4.55191336597293,-6.353237997552867,18.360277770601417,-0.0
30.560000000000002,-4.642412212228416,-6.540994427674506,18.260714465509228,-0.0
30.565,-4.736149772295968,-6.7350069582362035,18.169795100660448,-0.0
30.57,-4.83568792111702,-6.93442938740644,18.08576789257378,-0.0
30.575,-4.939963357873064,-7.14032531985651,18.012878139671727,-0.0
30.580000000000002,-5.05110011792887,-7.35166165883301,17.94869286407137,-0.0
30.585,-5.16712978419802,-7.568734033928736,17.894099573562077,-0.0
30.59,-5.287163886186399,-7.792315729863044,17.851426082653568,-0.0
30.595,-5.411733469658107,-8.020210260436109,17.818606972555784,-0.0
30.6,-5.5424154212189585,-8.255438187195768,17.79860152122789,-0.0
30.605,-5.677938899691964,-8.495399663326285,17.790812931563277,-0.0
30.61,-5.818633737431271,-8.74252268068446,17.794627642189003,-0.0
30.615000000000002,-5.96524374691428,-8.997315575938751,17.812865303420022,-0.0
30.62,-6.11721253040651,-9.256023570396056,17.84449526567095,-0.0
30.625,-6.274856606726183,-9.520261172696635,17.890238276635053,-0.0
30.63,-6.436110708269937,-9.789851428872863,17.95176609695402,-0.0
30.635,-6.6043413595871625,-10.062981428861068,18.027004717670295,-0.0
30.64,-6.777589093193327,-10.34107741216506,18.11914341140184,-0.0
30.645,-6.95700514817457,-10.623841800526607,18.228470316326042,-0.0
30.650000000000002,-7.140166589696993,-10.910242479231256,18.354384542137264,-0.0
30.655,-7.330086471694884,-11.200099526038642,18.498564999861692,-0.0
30.66,-7.523058746552554,-11.493571149835896,18.66298000928841,-0.0
30.665,-7.720725324926768,-11.7874529192514,18.847648445949932,-0.0
30.67,-7.923206690019923,-12.08182889168409,19.051100553182454,-0.0
30.675,-8.131107277644483,-12.375638278506168,19.27599746666038,-0.0
30.68,-8.342898967401924,-12.668400708379277,19.522321209758715,-0.0
30.685000000000002,-8.558824832048048,-12.95811353930688,19.789912199051983,-0.0
30.69,-8.779081764284557,-13.244437971208487,20.081024333766777,-0.0
30.695,-9.002772575866029,-13.524317880274305,20.394020326828485,-0.0
30.7,-9.229830533690771,-13.799431339449042,20.72989972920366,-0.0
30.705000000000002,-9.458794685246243,-14.066412574998793,21.09129971496026,-0.0
30.71,-9.689129177710027,-14.323411517673524,21.47571814879165,-0.0
30.715,-9.920161664183617,-14.567272567316502,21.882429049359214,-0.0
30.72,-10.153032668732024,-14.79822593540476,22.31267118267212,-0.0
30.725,-10.385803186412252,-15.013405684512922,22.766863735456614,-0.0
30.73,-10.616729329329708,-15.209398887225307,23.243385696676356,-0.0
30.735,-10.846794978080764,-15.38633565040537,23.74120862299337,-0.0
30.740000000000002,-11.07480480932858,-15.539550964684734,24.259343104322127,-0.0
30.745,-11.298535897695361,-15.668935131313445,24.795469896908255,-0.0
30.75,-11.516571210483301,-15.770945151853415,25.349643063182295,-0.0
30.755,-11.728927160150707,-15.844101103406627,25.92031214075606,-0.0
30.76,-11.933002652298425,-15.886242187810902,26.504336386913106,-0.0
30.765,-12.130954870383677,-15.89665759938579,27.09867939071425,-0.0
30.77,-12.320180609363103,-15.870717162983675,27.70190448556041,-0.0
30.775000000000002,-12.497982665956663,-15.810300018899035,28.309529256841277,-0.0
30.78,-12.664226217623336,-15.711083862425266,28.919154920057697,-0.0
30.785,-12.817309388123924,-15.574597458768023,29.527635007630035,-0.0
30.79,-12.955758857275958,-15.398640090785426,30.131409181129893,-0.0
30.795,-13.076690293958254,-15.184581440375812,30.727149158026457,-0.0
30.8,-13.182044298226383,-14.931379483088595,31.310241803574165,-0.0
30.805,-13.269759696975273,-14.63845828457654,31.87610985507416,-0.0
30.810000000000002,-13.33737392303813,-14.308275692207944,32.42335975600192,-0.0
30.815,-13.385945788295667,-13.941632361373298,32.94670582259065,-0.0
30.82,-13.413980864855429,-13.541307409919698,33.43979339025613,-0.0
30.825,-13.421888634972309,-13.108146625727331,33.90268813185029,-0.0
30.830000000000002,-13.406292725182729,-12.64698702402184,34.3306572318603,-0.0
30.835,-13.36745903583589,-12.158853291527738,34.719342674857444,-0.0
30.84,-13.307908987704113,-11.649198272715982,35.069793426239144,-0.0
30.845000000000002,-13.224890348422681,-11.121113391661972,35.37698309903789,-0.0
30.85,-13.119451797486082,-10.576349682942073,35.641080272232735,-0.0
30.855,-12.993744972939243,-10.023177596739625,35.85967844141656,-0.0
30.86,-12.844824828542643,-9.462947432826754,36.03315149164882,-0.0
30.865000000000002,-12.676140188479723,-8.900143877532873,36.16096158942561,-0.0
30.87,-12.486111504783672,-8.33755738181756,36.2421492152881,-0.0
30.875,-12.27777017385601,-7.781822607328383,36.279416909448216,-0.0
30.88,-12.052886599663971,-7.2337079327551645,36.27364264423895,-0.0
30.885,-11.812375267733126,-6.699395536310216,36.22603532706031,-0.0
30.89,-11.556552303547894,-6.17993334733771,36.13817195355731,-0.0
30.895,-11.287746557834234,-5.678279367404202,36.01277602220948,-0.0
30.900000000000002,-11.007881558254091,-5.198114769823611,35.85329818846024,-0.0
30.905,-10.71731907030012,-4.739410871509501,35.66179847388719,-0.0
30.91,-10.417835481076692,-4.30471078440309,35.440449455486345,-0.0
30.915,-10.111342128351493,-3.8963454907158255,35.191414082368034,-0.0
30.92,-9.801015549137986,-3.51259610460124,34.91971491393257,-0.0
30.925,-9.484553411648733,-3.155793593927398,34.62583172165248,-0.0
30.93,-9.167812697879226,-2.825566037058673,34.31187567365377,-0.0
30.935000000000002,-8.850320759970225,-2.5215935253028396,33.98393210614871,-0.0
30.94,-8.533961572366819,-2.2442706492369267,33.641775825455355,-0.0
30.945,-8.219954872072949,-1.9925178696842636,33.287451185927,-0.0
30.95,-7.908638196053038,-1.7655361123030509,32.925394627151945,-0.0
30.955000000000002,-7.6019183542999285,-1.5615648687693888,32.554680445982164,-0.0
30.96,-7.299371204169465,-1.3806635050770941,32.18073015522486,-0.0
30.965,-7.003059851538263,-1.2203642057828505,31.801955737537032,-0.0
30.970000000000002,-6.714411151148284,-1.0801230155756676,31.42188605872214,-0.0
30.975,-6.432617049671071,-0.9595194379671508,31.03945179429366,-0.0
30.98,-6.157936634714462,-0.8573299534044111,30.656151062113477,-0.0
30.985,-5.894305322283671,-0.7716711553926182,30.27261280486601,-0.0
30.990000000000002,-5.636989542605619,-0.7016569847752516,29.891842878318176,-0.0
30.995,-5.389979457514846,-0.6446619570715839,29.51183933567671,-0.0
31.0,-5.152985954655566,-0.5997077706067869,29.13487325044633,-0.0
31.005,-4.925023682080979,-0.5683809190613394,28.761951866565276,-0.0
31.01,-4.707160618805157,-0.5466295830306523,28.392583167536085,-0.0
31.015,-4.4987111236199055,-0.5345135058538637,28.026584415237714,-0.0
31.02,-4.300488909886142,-0.5318662087919106,27.663838902851552,-0.0
31.025000000000002,-4.11155294748924,-0.5369936537920055,27.306182763865166,-0.0
31.03,-3.932679065503056,-0.5487647297969822,26.952534702423176,-0.0
31.035,-3.764703476433752,-0.5661546156639332,26.605200043002416,-0.0
31.04,-3.6046880475890553,-0.5896643597605072,26.26161226372092,-0.0
31.045,-3.4543427777792384,-0.6175954215617715,25.922146916667746,-0.0
31.05,-3.3129224552086347,-0.6499592584077343,25.586811447303788,-0.0
31.055,-3.179125969167993,-0.6875375684798638,25.255647272316054,-0.0
31.060000000000002,-3.0535151234994427,-0.727101742088988,24.929802377550722,-0.0
31.065,-2.937510785043256,-0.7696105595179681,24.608190860690836,-0.0
31.07,-2.8289810830925455,-0.8167092420716666,24.291596785204113,-0.0
31.075,-2.72776560289548,-0.8656395930639467,23.978530227233346,-0.0
31.080000000000002,-2.6327912617317057,-0.9157633763516649,23.670562739294407,-0.0
31.085,-2.546497710097628,-0.9682637186146412,23.36662393292252,-0.0
31.09,-2.4681993983684767,-1.0229728387131907,23.066786412977184,-0.0
31.095000000000002,-2.395338041301121,-1.078623390340046,22.770591126695184,-0.0
31.1,-2.3293441932274144,-1.1363117234735554,22.480329723314657,-0.0
31.105,-2.2701404269330583,-1.1948915315764288,22.1933145430389,-0.0
31.11,-2.2170219913077838,-1.2552813727287848,21.910831433654053,-0.0
31.115000000000002,-2.1682901093548383,-1.316503914596861,21.63178133257543,-0.0
31.12,-2.125466563090507,-1.3793674283294044,21.357287473120653,-0.0
31.125,-2.0883846149028793,-1.442038732458362,21.087150781214056,-0.0
31.13,-2.054803737260663,-1.5069070558901,20.82130265692925,-0.0
31.135,-2.0275319553634987,-1.5729298497543822,20.558506486474858,-0.0
31.14,-2.006453716115563,-1.6402001429330941,20.300787145912967,-0.0
31.145,-1.9888633672894753,-1.710100394559826,20.04671478743684,-0.0
31.150000000000002,-1.9760883330993269,-1.7795491701611545,19.79687724177212,-0.0
31.155,-1.9657951027052851,-1.851296018970905,19.549151638157813,-0.0
31.16,-1.9611846850597299,-1.9264495361601779,19.306667419813444,-0.0
31.165,-1.9590659096749958,-2.003180896274031,19.06831880850672,-0.0
31.17,-1.9617981375219726,-2.0811014847598894,18.833886556056946,-0.0
31.175,-1.9661368178034124,-2.1608291999000686,18.603930188951246,-0.0
31.18,-1.9749829466374111,-2.2432953818308414,18.37818174846619,-0.0
31.185000000000002,-1.9878621039976168,-2.3278254378661,18.154845312609872,0.0
31.19,-2.0051219865321808,-2.414134700426903,17.93621789568554,0.0
31.195,-2.0253386162097162,-2.5034256656780376,17.72094953406258,0.0
31.2,-2.050121731857204,-2.594530761159567,17.509577253209894,0.0
31.205000000000002,-2.0776446751774236,-2.688935153779644,17.302499624620193,0.0
31.21,-2.1086034547800003,-2.787163368605173,17.099088596814457,0.0
31.215,-2.141851451944466,-2.8881475666210807,16.900154209990507,0.0
31.220000000000002,-2.1783032424207076,-2.9929393492602245,16.70541080099236,0.0
31.225,-2.2179703005737217,-3.1008134701481094,16.514757144677233,0.0
31.23,-2.262108947172419,-3.2125372460383885,16.328020376908825,0.0
31.235,-2.30890557047579,-3.327928305658707,16.14618129955132,0.0
31.240000000000002,-2.360189416221486,-3.4486427517349325,15.970155703752502,0.0
31.245,-2.414957916421621,-3.573241747192285,15.798172419573799,0.0
31.25,-2.4735040545387945,-3.7015762794379103,15.632518150013738,0.0
31.255,-2.5354686218751223,-3.836029693348506,15.470220609551534,0.0
31.26,-2.5998653686123343,-3.9752853459158644,15.311648262550605,0.0
31.265,-2.6681108682093773,-4.1205991843069025,15.158405964130488,0.0
31.27,-2.739794992332505,-4.271183177267806,15.009533982193947,0.0
31.275000000000002,-2.817063637292143,-4.428069342970223,14.867297687254018,0.0
31.28,-2.8971073953930704,-4.590897035373282,14.73140458680357,0.0
31.285,-2.9805664426679406,-4.761055874502466,14.601013023007356,0.0
31.29,-3.0694796777778923,-4.937018970514175,14.477938650856839,0.0
31.295,-3.1635189379190454,-5.119698638839171,14.361850586102335,0.0
31.3,-3.261096073081751,-5.309121101781497,14.250899896068251,0.0
31.305,-3.362754162158584,-5.506392200911444,14.14768014182094,0.0
31.310000000000002,-3.4702371786248123,-5.711126068006505,14.05132285584127,0.0
31.315,-3.582545515701512,-5.92472263341657,13.962207363400012,0.0
31.32,-3.699688475530582,-6.145911740324762,13.88259517419668,0.0
31.325,-3.8220989421506713,-6.3773067243582,13.81116858349437,0.0
31.330000000000002,-3.9501981930367185,-6.617305241567006,13.749788444481736,0.0
31.335,-4.083163128592383,-6.866397300545724,13.696991874731062,0.0
31.34,-4.221873497849774,-7.124651137644254,13.654942192013387,0.0
31.345000000000002,-4.366591894797982,-7.393119316761964,13.62327139511343,0.0
31.35,-4.51784149845468,-7.669710861683671,13.603611834393481,0.0
31.355,-4.675767502414817,-7.957030239934229,13.594525646945007,0.0
31.36,-4.839858735779269,-8.254533144409876,13.599430571742326,0.0
31.365000000000002,-5.009559160482828,-8.56106023634612,13.618063241456941,0.0
31.37,-5.186691608801443,-8.878388436285226,13.650158889584674,0.0
31.375,-5.371502763230838,-9.205666443968997,13.698805974973233,0.0
31.38,-5.562254764614307,-9.543067886989249,13.762827695438787,0.0
31.385,-5.760184667659601,-9.891674701044021,13.843552459677355,0.0
31.39,-5.966537953755355,-10.249268969047161,13.9437442056526,0.0
31.395,-6.181388905109191,-10.617959743066722,14.062845100009774,0.0
31.400000000000002,-6.4045604757255035,-10.994758036610081,14.20355870545064,0.0
31.405,-6.634236728481196,-11.382592317950708,14.366054745749917,0.0
31.41,-6.871204578578591,-11.777437437198486,14.550937985740132,0.0
31.415,-7.116739150420913,-12.179802927299908,14.76184415852817,0.0
31.42,-7.369566469279311,-12.589921010334226,15.00075562233727,0.0
31.425,-7.6289154520057085,-13.005329739609802,15.264653807397307,0.0
31.43,-7.897715981594637,-13.427059865621398,15.557819829600254,0.0
31.435000000000002,-8.172115246427579,-13.851014357236354,15.880798682607702,0.0
31.44,-8.455764433865687,-14.276393918371678,16.23425999894362,0.0
31.445,-8.74787126921329,-14.703859412199087,16.621009804594944,0.0
31.45,-9.045181345629072,-15.127919631761316,17.04318400411205,0.0
31.455000000000002,-9.349889870808626,-15.547790136506244,17.4997413830818,0.0
31.46,-9.660105120770766,-15.95974130768762,17.99251332302597,0.0
31.465,-9.976326098031713,-16.364106198357067,18.52234642389291,0.0
31.470000000000002,-10.296349329462771,-16.754169890631943,19.09131151184789,0.0
31.475,-10.619398400861055,-17.13039338458124,19.69942363313316,0.0
31.48,-10.945417539624795,-17.48442485824182,20.34646214873631,0.0
31.485,-11.271423456961639,-17.81513079694307,21.032678086485166,0.0
31.490000000000002,-11.598281946397421,-18.118755173296158,21.755962946137974,0.0
31.495,-11.922950940642544,-18.3912357027711,22.515451213309472,0.0
31.5,-12.245385104963221,-18.625448856726386,23.311938336375068,0.0
31.505,-12.564339018351935,-18.81979957054216,24.141037959730532,0.0
31.51,-12.876435744167821,-18.968879594679095,25.001363020692136,0.0
31.515,-13.181457825018427,-19.06753420741678,25.889265374964683,0.0
31.52,-13.475460832376527,-19.111942558191622,26.800042904891964,0.0
31.525000000000002,-13.757363876930555,-19.097509909814864,27.730610350200397,0.0
31.53,-14.024644253302853,-19.02068453381304,28.67386279304123,0.0
31.535,-14.273978467650107,-18.878246258355155,29.624926314791,0.0
31.54,-14.504252507149062,-18.667403371488415,30.57799494327954,0.0
31.545,-14.71073661059979,-18.38864432373568,31.52361822633233,0.0
31.55,-14.895201011949428,-18.036702270364223,32.45644037310715,0.0
31.555,-15.052935094172323,-17.613371959144512,33.367973988161346,0.0
31.560000000000002,-15.180537101852817,-17.120141286773986,34.25015328378485,0.0
31.565,-15.278105451957384,-16.55927682981615,35.09256040923015,0.0
31.57,-15.341669592960335,-15.933999793793078,35.889149999276626,0.0
31.575,-15.370554124806716,-15.24940042654839,36.6328624970501,0.0
31.580000000000002,-15.36413006542324,-14.511390847205744,37.31610767944647,0.0
31.585,-15.320375174208491,-13.723453529896474,37.93188941001699,0.0
31.59,-15.240387820495519,-12.893872108225171,38.47718101120455,0.0
31.595000000000002,-15.123737870247018,-12.031101177012657,38.944474076101464,0.0
31.6,-14.970493612657478,-11.143251959777656,39.33430870829651,0.0
31.605,-14.778510724097353,-10.239404306667419,39.643562599296054,0.0
31.61,-14.551719513537211,-9.32739757125762,39.87168117487936,0.0
31.615000000000002,-14.290701140616383,-8.416137564363927,40.018838278778965,0.0
31.62,-13.999410328960234,-7.515636353630123,40.08598266428868,0.0
31.625,-13.675800693294844,-6.631916910341129,40.077375754237764,0.0
31.63,-13.323427242448622,-5.773335830882369,39.99685827478279,0.0
31.635,-12.94530815027901,-4.94566639177015,39.847464371020436,0.0
31.64,-12.545206798409005,-4.153726604441529,39.63544954430833,0.0
31.645,-12.124605274334408,-3.402552066362175,39.36711805302852,0.0
31.650000000000002,-11.688204755147051,-2.695578109690435,39.04827559551785,0.0
31.655,-11.23934540681308,-2.034882189501982,38.684428572370415,0.0
31.66,-10.777867173797098,-1.4239576754720804,38.28324955147276,0.0
31.665,-10.310088697131311,-0.8621687955753181,37.85001058202501,0.0
31.67,-9.838035086542023,-0.3503758581072186,37.390199076003924,0.0
31.675,-9.363598654758814,0.11342483036066298,36.9106563863109,0.0
31.68,-8.889948246707725,0.5304352389257506,36.4134143386663,0.0
31.685000000000002,-8.417979225254385,0.9023922607487698,35.90444799497393,0.0
31.69,-7.952292332484517,1.2303485909974012,35.387605023038795,0.0
31.695,-7.493003838309677,1.5183161710074096,34.86630730094571,0.0
31.7,-7.042988095896573,1.7681746778323324,34.34617164807791,0.0
31.705000000000002,-6.602573119632404,1.9835569398328619,33.82574473175543,0.0
31.71,-6.173664574595727,2.166529257108037,33.308609384054904,0.0
31.715,-5.756521895175201,2.3193091224973434,32.79692225208189,0.0
31.720000000000002,-5.35267992913429,2.446313011526676,32.293239975373105,0.0
31.725,-4.962189641533039,2.549527978255251,31.796765124594994,0.0
31.73,-4.587051473345096,2.6304566137400993,31.310042025369068,0.0
31.735,-4.225628146938287,2.6931412814581583,30.832722589770807,0.0
31.740000000000002,-3.8792396379714016,2.7402654015340087,30.36364567069793,0.0
31.745,-3.547355250396932,2.772908825086659,29.905491071590347,0.0
31.75,-3.2318684327715808,2.7918706062896153,29.45754244673526,0.0
31.755,-2.930683372686584,2.8017317906816617,29.019421456374904,0.0
31.76,-2.64369194052442,2.80248319815684,28.592060749676005,0.0
31.765,-2.3718635541327164,2.795743839761248,28.173174261309132,0.0
31.77,-2.113591235251403,2.7839895114347377,27.765566415460256,0.0
31.775000000000002,-1.8676145366813692,2.767491600819546,27.365681701900883,0.0
31.78,-1.6344487072886134,2.747578663474262,26.975388638797924,0.0
31.785,-1.4165097837502099,2.724923094852894,26.59143394190443,0.0
31.79,-1.209240240920475,2.7009439353349145,26.21787817919016,0.0
31.795,-1.012448552851139,2.67663381434365,25.85231343665899,0.0
31.8,-0.8265343971051913,2.6519502346107195,25.494242026254064,0.0
31.805,-0.6530068322317436,2.628268747317606,25.144172723272096,0.0
31.810000000000002,-0.4891979840741148,2.6070017376288104,24.800853819065818,0.0
31.815,-0.33535253517805563,2.5862176171077533,24.462929467976515,0.0
31.82,-0.1891204287445815,2.567524749864083,24.132882518915068,0.0
31.825,-0.051139000550180724,2.5506858282695,23.80848169441109,0.0
31.830000000000002,0.07951952719242122,2.536881758842707,23.48997829379177,0.0
31.835,0.20248644190041076,2.5254403161662067,23.178593565820755,0.0
31.84,0.31797858211479135,2.517359652800208,22.871224910139098,0.0
31.845000000000002,0.4271811707631714,2.513458934143717,22.568666012980568,0.0
31.85,0.531939321239112,2.512622825520793,22.272808316047144,0.0
31.855,0.6305378176650034,2.5155446754954154,21.98244294292141,0.0
31.86,0.724444717593775,2.5217153977210156,21.698123004035477,0.0
31.865000000000002,0.8154335739350634,2.532375382033293,21.418147141844653,0.0
31.87,0.9012673087511036,2.5469131130614318,21.142597835827267,0.0
31.875,0.9827264295573603,2.565056053125973,20.871507122453835,0.0
31.88,1.0608219763683984,2.5868855431730164,20.606851291338156,0.0
31.885,1.1372878259453312,2.6121607517473446,20.345729808430423,0.0
31.89,1.2106646055014685,2.643057221704412,20.089106437321508,0.0
31.895,1.2817581321746763,2.678976129153017,19.83702170423526,0.0
31.900000000000002,1.352131147483548,2.7183912012258626,19.590153766823907,0.0
31.905,1.4206296885226655,2.761890319073489,19.347779385334725,0.0
31.91,1.4880424850748148,2.809233137911125,19.10856094612526,0.0
31.915,1.5535335857282173,2.8606445177237245,18.875032029150493,0.0
31.92,1.6194289540447004,2.91626182570147,18.64559009932317,0.0
31.925,1.684231602036726,2.976346089667601,18.419119892927167,0.0
31.93,1.747950321011963,3.0413398235794555,18.19671557893686,0.0
31.935000000000002,1.8121196733246359,3.112240454060688,17.98174991587883,0.0
31.94,1.8772696817354528,3.186490553533914,17.77053604685102,0.0
31.945,1.9427252166603917,3.2659866321178366,17.56327771739678,0.0
31.95,2.0088789580596265,3.350701215432632,17.360679762717503,0.0
31.955000000000002,2.076495800428601,3.441516373409494,17.162950123297577,0.0
31.96,2.144850364876052,3.5367708205177224,16.969221050968713,0.0
31.965,2.2146702085658343,3.638191132761006,16.782178692970554,0.0
31.970000000000002,2.286031369259437,3.744004832272368,16.59902186057358,0.0
31.975,2.3602247898018844,3.8554614879343254,16.420121382086837,0.0
31.98,2.4353414540416694,3.972624811496673,16.247127346074112,0.0
31.985,2.512339322585926,4.095395366034129,16.078142460220988,0.0
31.990000000000002,2.5909354593982137,4.224226241806714,15.915445149198998,0.0
31.995,2.6725883366428214,4.360078828313831,15.757680032145318,0.0
32.0,2.7573224890295434,4.5022111125566076,15.604651569802593,0.0
32.005,2.844618945630799,4.650704356355196,15.459350432160335,0.0
32.01,2.935452379523238,4.805529465144444,15.318822811312552,0.0
32.015,3.0281483724857647,4.966828709820474,15.184655669716443,0.0
32.02,3.125440485905987,5.136864214450607,15.057434241091299,0.0
32.025,3.226000774333729,5.313553429030805,14.937748821373791,0.0
32.03,3.3313714696573693,5.498178326375945,14.823924974695979,0.0
32.035000000000004,3.4396479754401406,5.689675005621184,14.717528129793187,0.0
32.04,3.5525110825033432,5.890095270934724,14.618672466472406,0.0
32.045,3.670856428688879,6.09859497625497,14.528551292428316,0.0
32.05,3.7917293657762245,6.314419078518751,14.446758633027393,0.0
32.055,3.918280363046775,6.540209453339257,14.373199310066274,0.0
32.06,4.049680026519421,6.77417297781627,14.30842934342119,0.0
32.065,4.18595196332078,7.016719484972421,14.255370105122454,0.0
32.07,4.325884926543759,7.269586318087415,14.212651669254996,0.0
32.075,4.473281443471243,7.5309132837908574,14.181604666537797,0.0
32.08,4.625111131065991,7.802951946932555,14.161166801058286,0.0
32.085,4.783731512556794,8.08408448244563,14.153280077323362,0.0
32.09,4.948778835104023,8.375890081572997,14.158125664174905,0.0
32.095,5.120063271860959,8.676814048118233,14.176242016477316,0.0
32.1,5.297458756662074,8.987545357677018,14.20867689086381,0.0
32.105000000000004,5.482357664145365,9.307621928358206,14.258339915108326,0.0
32.11,5.6741811551229295,9.637627165107219,14.323773706900882,0.0
32.115,5.871575046896658,9.978209798184016,14.406578390164173,0.0
32.12,6.077076663879212,10.326814049057587,14.506492498548939,0.0
32.125,6.289486238904757,10.68530117459805,14.627701512895415,0.0
32.13,6.509407088320758,11.052422989968736,14.76753018738926,0.0
32.135,6.736750472182197,11.427502612474225,14.929505181498058,0.0
32.14,6.971934807557996,11.809561478818733,15.116966309450271,0.0
32.145,7.21315672760774,12.199680640260771,15.32691901694618,0.0
32.15,7.4624447284721,12.596684151083048,15.56369155435059,0.0
32.155,7.719531846371991,12.99825583556634,15.824772291834398,0.0
32.160000000000004,7.983663231706651,13.404039077916957,16.11548072726431,0.0
32.165,8.254797196354637,13.811547182976964,16.43630009786732,0.0
32.17,8.532571263332368,14.220735463224955,16.78754731717391,0.0
32.175,8.816291331922699,14.628334983264725,17.17016142524239,0.0
32.18,9.10543856025907,15.032893574474825,17.58634735133989,-0.0
32.185,9.402451776990326,15.429430049576517,18.03627607422152,-0.0
32.19,9.703908025411277,15.820472526578984,18.521433587493735,-0.0
32.195,10.010990948464986,16.20025563492141,19.042299113996283,-0.0
32.2,10.320127807338002,16.56736117123467,19.59897504956889,-0.0
32.205,10.631689598706815,16.91712093541269,20.19171126765883,-0.0
32.21,10.946087096988444,17.247267401522834,20.821904411334177,-0.0
32.215,11.262166251659137,17.553831182530743,21.488814107104552,-0.0
32.22,11.57637707112058,17.83374426123277,22.191221611485613,-0.0
32.225,11.89009758954537,18.079886281325766,22.9279049363121,-0.0
32.230000000000004,12.19939928754916,18.290570690869767,23.697210851563092,-0.0
32.235,12.503494040472718,18.460105510087672,24.497467826016706,-0.0
32.24,12.80207336280104,18.585283798171467,25.325311473759644,-0.0
32.245,13.091210218000368,18.664622130812578,26.17867940586415,-0.0
32.25,13.369865566668519,18.691298171907885,27.051995730599305,-0.0
32.255,13.636178574748408,18.661101176884966,27.94182240904002,-0.0
32.26,13.886431922564908,18.573251565297273,28.84053293573603,-0.0
32.265,14.121200416798528,18.421273746780233,29.744470455909042,-0.0
32.27,14.33623292623766,18.205165977725805,30.648455456570353,-0.0
32.275,14.528864384070644,17.92420387101871,31.544362292824815,-0.0
32.28,14.69869740389712,17.577394426477447,32.425664673253934,-0.0
32.285000000000004,14.84134864204657,17.1641396444396,33.284784893067396,-0.0
32.29,14.957412052881931,16.686187188698113,34.11539565141822,-0.0
32.295,15.044036757135121,16.14503417179357,34.907905018102916,-0.0
32.3,15.099397545629001,15.544475425408027,35.655964524907205,-0.0
32.305,15.122151336992141,14.888808146873822,36.35432429314512,-0.0
32.31,15.110867197846412,14.18090330597937,36.99534884068515,-0.0
32.315,15.066005931927009,13.430838373491277,37.57469950495664,-0.0
32.32,14.984751310335065,12.642646195461833,38.08668225535772,-0.0
32.325,14.868489013156257,11.823205143703872,38.52490820321614,-0.0
32.33,14.716855111408293,10.980193738507138,38.889929162185226,-0.0
32.335,14.52938399172608,10.123036032206068,39.17920746208769,-0.0
32.34,14.308542380305122,9.259619312150424,39.39166274838302,-0.0
32.345,14.05765278323322,8.39905831017269,39.52957280885337,-0.0
32.35,13.774779551399314,7.5454095477767655,39.59222704789023,-0.0
32.355000000000004,13.464644219016556,6.708222952019102,39.58435738171144,-0.0
32.36,13.126110211597673,5.894870374980703,39.508005835165065,-0.0
32.365,12.764970569214968,5.110655949397333,39.367779915910184,-0.0
32.37,12.38124444767568,4.359897348025033,39.168761542790904,-0.0
32.375,11.97970287257597,3.646410251568433,38.916341652373326,-0.0
32.38,11.563344221288723,2.974334225185783,38.615194712554334,-0.0
32.385,11.132512952299559,2.3458830509590896,38.27246684188271,-0.0
32.39,10.693650903159412,1.7609586197161349,37.89259555337974,-0.0
32.395,10.24616168000822,1.2232456350810206,37.480784016857854,-0.0
32.4,9.796502055904492,0.7314940288468632,37.0432192693446,-0.0
32.405,9.342063470302929,0.28361265670530766,36.58538482996877,-0.0
32.410000000000004,8.888112852898214,-0.11700996824548993,36.10980790127301,-0.0
32.415,8.437810661147813,-0.47689763063256313,35.6231136461772,-0.0
32.42,7.991945202530259,-0.7957437847200646,35.127467605652,-0.0
32.425,7.55312910054789,-1.0757345502211484,34.6262115680654,-0.0
32.43,7.120845804419155,-1.3205840972783216,34.12394958828669,-0.0
32.435,6.697926893852595,-1.5319721543186167,33.62071101427964,-0.0
32.44,6.286294716748683,-1.713914562224484,33.121797137821055,-0.0
32.445,5.886922466298482,-1.8667535825982666,32.62651231082331,-0.0
32.45,5.498824305754615,-1.9923140559240005,32.13632364978074,-0.0
32.455,5.125850667876585,-2.0969484059161965,31.653423848047712,-0.0
32.46,4.764568101377699,-2.17886551012668,31.17608827921906,-0.0
32.465,4.417553018550523,-2.242726001154907,30.70845097498266,-0.0
32.47,4.084580722783525,-2.2917036970993383,30.250744096530884,-0.0
32.475,3.765362280082079,-2.326111132304624,29.799700623833658,-0.0
32.480000000000004,3.4614310821175582,-2.3486181897815217,29.35838468351636,-0.0
32.485,3.1702470818474016,-2.3603704861021315,28.9258631904363,-0.0
32.49,2.8926462887105577,-2.363620801321438,28.503255210132412,-0.0
32.495,2.6301537200625424,-2.3595163578868887,28.08873425061201,-0.0
32.5,2.381206529032387,-2.3483896230408137,27.682809549049328,-0.0
32.505,2.1448748342747086,-2.3341305295394084,27.28527134102258,-0.0
32.51,1.919748961768223,-2.3143098704843084,26.895729386473718,-0.0
32.515,1.707549489617485,-2.2925301543716072,26.51540910065055,-0.0
32.52,1.5080570865181704,-2.2681146253874194,26.142015404745344,-0.0
32.525,1.3190482162839186,-2.2431575330951055,25.775338094803814,-0.0
32.53,1.1404696574012885,-2.216369137776024,25.416103541205118,-0.0
32.535000000000004,0.9727492396266371,-2.1904137191440807,25.063168130759312,-0.0
32.54,0.8140729970917115,-2.164889272928581,24.718533776502873,-0.0
32.545,0.6649437754287929,-2.1414469114502754,24.379804370780477,-0.0
32.55,0.5238123207250998,-2.119319095793969,24.047304569680186,-0.0
32.555,0.39293095297447916,-2.0981104102491432,23.721347642790686,-0.0
32.56,0.26752063657184155,-2.0801385386388063,23.400203637804402,-0.0
32.565,0.1492590389310502,-2.0631886894815663,23.085620579641052,-0.0
32.57,0.039104081538205215,-2.049675881035644,22.7758072321885,-0.0
32.575,-0.06523928764663658,-2.0386910785770973,22.471253790211108,-0.0
32.58,-0.1645299482043154,-2.030080470218779,22.17229667037778,-0.0
32.585,-0.25684393048661486,-2.0249383437184925,21.87850225905768,-0.0
32.59,-0.34550359552197896,-2.0222093896117554,21.58946918427556,-0.0
32.595,-0.4288612513232164,-2.022107480653962,21.304992258812284,-0.0
32.6,-0.5086528902243226,-2.0263302609488147,21.02568595581583,-0.0
32.605000000000004,-0.5853645189949809,-2.0338312477702565,20.75065783390426,-0.0
32.61,-0.6579850566412665,-2.043504485698128,20.481347439397375,-0.0
32.615,-0.7278135716012275,-2.0574787517893083,20.21503848442742,-0.0
32.62,-0.7944511692750353,-2.0751183836639133,19.95210900664458,-0.0
32.625,-0.8574179846940795,-2.0971592694973467,19.693592218361065,-0.0
32.63,-0.9199992498171984,-2.122375117813029,19.440387662641832,-0.0
32.635,-0.9792837497464276,-2.1514329085624286,19.191531928768352,-0.0
32.64,-1.037505267895141,-2.1847738848634393,18.945992071517058,-0.0
32.645,-1.0955251474335208,-2.222150756716378,18.703899856972118,-0.0
32.65,-1.1516126691584145,-2.2627335334739698,18.46741991994092,-0.0
32.655,-1.207740717480719,-2.3057101379884437,18.234428200601215,-0.0
32.660000000000004,-1.2633424273217613,-2.3534444345512093,18.005559701277377,-0.0
32.665,-1.3179852164177994,-2.404507445491308,17.780967986172012,-0.0
32.67,-1.3730257413531155,-2.4590066835308813,17.560521768394587,-0.0
32.675,-1.4279216872369114,-2.5182691036664058,17.343586405302354,-0.0
32.68,-1.4830955488807862,-2.5818277725199352,17.13060292342416,-0.0
32.685,-1.5386418834308566,-2.649934492629961,16.920744412949947,-0.0
32.69,-1.59510274382725,-2.72159265127439,16.71671339345397,-0.0
32.695,-1.651617728603361,-2.797841661324502,16.514978661530563,-0.0
32.7,-1.7075724272004595,-2.8791429878185086,16.318012094287983,-0.0
32.705,-1.7657513124350652,-2.964389499441561,16.124314928331515,-0.0
32.71,-1.8259773784923965,-3.054330617496574,15.935434576086312,-0.0
32.715,-1.887306239569026,-3.149488782371177,15.752687418745762,-0.0
32.72,-1.9508010529620439,-3.2502332092678317,15.571892918958708,-0.0
32.725,-2.01612934399914,-3.3544178157803515,15.395728186435017,-0.0
32.730000000000004,-2.082531219404155,-3.4638400096385813,15.224298280209343,-0.0
32.735,-2.1516747211196576,-3.5795376487413977,15.057878477303664,-0.0
32.74,-2.223381558418021,-3.700895643319723,14.896049739424273,-0.0
32.745,-2.297881207748354,-3.828054325903099,14.738711694970945,-0.0
32.75,-2.3739064942763703,-3.962649689153656,14.587118001516497,-0.0
32.755,-2.4527805925911137,-4.101554668108528,14.438872520414108,-0.0
32.76,-2.535368495852013,-4.246875050550833,14.297608414022147,-0.0
32.765,-2.62104737868279,-4.3993297699013505,14.161100297481154,-0.0
32.77,-2.7103196507668983,-4.560190163471667,14.03003987246519,-0.0
32.775,-2.802903973943926,-4.727188617708338,13.903966314908748,-0.0
32.78,-2.898702616349705,-4.900694122289648,13.786153487406963,-0.0
32.785000000000004,-2.9997382209269956,-5.083698160806193,13.67330639754819,-0.0
32.79,-3.1033212384935247,-5.272597822523499,13.566365458548269,-0.0
32.795,-3.2120804601482917,-5.469574725262991,13.467561371826067,-0.0
32.8,-3.3245423364280327,-5.6757762722409275,13.37634151102593,-0.0
32.805,-3.4415563453549347,-5.89096876573281,13.291211651636846,-0.0
32.81,-3.5640766233624666,-6.11448939172265,13.214846384638477,-0.0
32.815,-3.691802024720324,-6.346625068827928,13.147668032911524,-0.0
32.82,-3.825051497729861,-6.588474394713893,13.09019353682097,-0.0
32.825,-3.9619179181314466,-6.840088169571167,13.04120514048435,-0.0
32.83,-4.1054445884708155,-7.1019615920837,13.003150841743444,-0.0
32.835,-4.2554001839495745,-7.373057247489358,12.975385548747543,-0.0
32.84,-4.4110475477838245,-7.655740099166509,12.95895432922995,-0.0
32.845,-4.5719655824815595,-7.948800096001552,12.9558993937381,-0.0
32.85,-4.740115060900016,-8.252483219266237,12.964164927066722,-0.0
32.855000000000004,-4.915842449159363,-8.566346607234731,12.987693326617782,-0.0
32.86,-5.0984504548574865,-8.891734728261975,13.024187038034357,-0.0
32.865,-5.288362942272291,-9.229269024009959,13.075834503749576,-0.0
32.87,-5.485228084799754,-9.578575842477223,13.145574232847453,-0.0
32.875,-5.691842087647844,-9.938199081477855,13.233658305203102,-0.0
32.88,-5.905548235662617,-10.308342939509012,13.340582182827168,-0.0
32.885,-6.126262863706932,-10.689816697986599,13.467049829336567,-0.0
32.89,-6.352972401238532,-11.081548979448696,13.61488292247215,-0.0
32.895,-6.5900995776449784,-11.483977625147856,13.784550315940006,-0.0
32.9,-6.836158537178587,-11.8949322772173,13.97903395579512,-0.0
32.905,-7.089439125351126,-12.31480900825987,14.199584926390257,-0.0
32.910000000000004,-7.349769389140364,-12.742574757789114,14.447579501339462,-0.0
32.915,-7.620231596938412,-13.177317119770905,14.722031561643103,-0.0
32.92,-7.896807596263024,-13.61843741803796,15.027865681632212,-0.0
32.925,-8.18264036591504,-14.061870021737597,15.364277477948526,-0.0
32.93,-8.47789217673506,-14.509884194396053,15.735150554827499,-0.0
32.935,-8.779191000803841,-14.9574452840389,16.13915067137152,-0.0
32.94,-9.086906917884237,-15.405659665103677,16.58074475897742,-0.0
32.945,-9.403032874807213,-15.847366595182129,17.059849399588725,-0.0
32.95,-9.72591055661899,-16.280830010376548,17.5764715971772,-0.0
32.955,-10.053888539825088,-16.706830596135834,18.133207544771565,-0.0
32.96,-10.386815186026181,-17.119676303805136,18.7304407916416,-0.0
32.965,-10.72346839327002,-17.5155958476504,19.369909334454672,-0.0
32.97,-11.061511671978137,-17.89086983715638,20.049536251142282,-0.0
32.975,-11.403944760118186,-18.240687160511605,20.771620472789998,-0.0
32.980000000000004,-11.746098771307626,-18.560936644982473,21.534849334647056,-0.0
32.985,-12.086504154530992,-18.847750276822154,22.33849780319814,-0.0
32.99,-12.424351689785468,-19.095418729339947,23.179908386960253,-0.0
32.995,-12.757871384742106,-19.299271042524463,24.057290512894067,-0.0
33.0,-13.084667676541656,-19.454484287380822,24.968087559149428,-0.0
33.005,-13.403444741511706,-19.55613143652039,25.90643366627356,-0.0
33.01,-13.711892262645689,-19.59882140845408,26.872831186789764,-0.0
33.015,-14.00705496083176,-19.57793223468535,27.857796653801508,-0.0
33.02,-14.285894383973432,-19.489227328020664,28.85711376917207,-0.0
33.025,-14.545849197372098,-19.330344044722107,29.86469420121671,-0.0
33.03,-14.786194601446555,-19.098592552517562,30.871858054665125,-0.0
33.035000000000004,-15.001670649214839,-18.78985413359189,31.871211386233504,-0.0
33.04,-15.190266376979876,-18.40630386015024,32.85502636947057,-0.0
33.045,-15.350976792385604,-17.946058234005616,33.814113272239666,-0.0
33.05,-15.480537848921013,-17.40990816054584,34.7403424391064,-0.0
33.055,-15.576051197623437,-16.801477157892403,35.624969932255624,-0.0
33.06,-15.638234684818151,-16.12283236754403,36.45879922418994,-0.0
33.065,-15.661957756127556,-15.380972569251973,37.233588541076294,-0.0
33.07,-15.648283431621474,-14.581661258393114,37.941472501391026,-0.0
33.075,-15.595006153862517,-13.730687406755699,38.57710752300535,-0.0
33.08,-15.502329897881504,-12.837233643092269,39.13291471500464,-0.0
33.085,-15.369105767743417,-11.910309665849612,39.60554275861246,-0.0
33.09,-15.195572181080575,-10.95895231010382,39.993637496853076,-0.0
33.095,-14.984431829151326,-9.992861587676442,40.292828247838166,-0.0
33.1,-14.734804390898335,-9.02321876785035,40.50368986429453,-0.0
33.105000000000004,-14.449472631040358,-8.057321874625956,40.626077263215876,-0.0
33.11,-14.130258437306594,-7.105218367089309,40.666025489507525,-0.0
33.115,-13.778402394981834,-6.173839457398692,40.62519894349193,-0.0
33.12,-13.398120120933315,-5.274086450363735,40.50782724229305,-0.0
33.125,-12.993851999099649,-4.409912561731255,40.3208923164884,-0.0
33.13,-12.564797573299778,-3.588872922674535,40.069856160074465,-0.0
33.135,-12.116019066061893,-2.813032842653029,39.76108260525955,-0.0
33.14,-11.65085416746597,-2.087144802462188,39.402729157333276,-0.0
33.145,-11.173114566312753,-1.4136080291707485,38.997881391420314,-0.0
33.15,-10.685499893879436,-0.7914458729363444,38.55628991336507,-0.0
33.155,-10.191581002165215,-0.2237230693330876,38.08381547116471,-0.0
33.160000000000004,-9.692440440784898,0.2911860148396621,37.58794101455904,-0.0
33.165,-9.194101779784262,0.7531097933885563,37.0726489353441,-0.0
33.17,-8.696959396454293,1.166255913141736,36.544022011040234,-0.0
33.175,-8.204018495764572,1.5307970307741234,36.00725216276648,-0.0
33.18,-7.717448155344204,1.8524955332571356,35.46489293490662,-0.0
33.185,-7.238555871268295,2.1319488621803178,34.91987208368535,-0.0
33.19,-6.769838406923024,2.3722255138223036,34.376743899489554,-0.0
33.195,-6.311329207162871,2.5754029404932384,33.83780671208276,-0.0
33.2,-5.866864710458337,2.7480670605170117,33.30542669237063,-0.0
33.205,-5.436556326116342,2.8907493016579786,32.78198706635591,-0.0
33.21,-5.020413304538192,3.005754721917651,32.26694262398701,-0.0
33.215,-4.619521589876483,3.097900141042359,31.760651770575134,-0.0
33.22,-4.23292500647352,3.1677821778061364,31.26619229179502,-0.0
33.225,-3.864128832171093,3.220089043288328,30.781467687631242,-0.0
33.230000000000004,-3.510333889107874,3.2575160683293123,30.30732055332599,-0.0
33.235,-3.171891975110048,3.2815536673909222,29.845416209556745,-0.0
33.24,-2.8506844219114296,3.2948650109388957,29.39536835068368,-0.0
33.245,-2.5443594347910725,3.297906465004611,28.955960348400673,-0.0
33.25,-2.2533712041982588,3.2926677317041513,28.52789468934241,-0.0
33.255,-1.9758601792286556,3.281680662767863,28.11102538874434,-0.0
33.26,-1.7122839744789329,3.2675079197014862,27.703765391689632,-0.0
33.265,-1.4635848671567122,3.249069081624687,27.30673824147921,-0.0
33.27,-1.2270890641469494,3.228022953561159,26.91996641579379,-0.0
33.275,-1.0044684020585468,3.205752276315067,26.540677092518294,-0.0
33.28,-0.7940576391405764,3.1831133170977575,26.17089065070313,-0.0
33.285000000000004,-0.5958163098890682,3.159960979273681,25.80945265225073,-0.0
33.29,-0.4073056461988802,3.137187477788387,25.456163023700977,-0.0
33.295,-0.23013081005139105,3.115663214799058,25.108737578205215,-0.0
33.3,-0.06318216474947413,3.095428167767222,24.769071972953743,-0.0
33.305,0.09487280159834993,3.078680872630957,24.43905789934774,-0.0
33.31,0.24358806023468443,3.0649699293214505,24.114736486368813,-0.0
33.315,0.3839550093359546,3.0537437744871796,23.797728668269666,-0.0
33.32,0.5166416398877763,3.047410398159288,23.48692497784105,-0.0
33.325,0.6442528547795019,3.0440731943318804,23.18224047524634,-0.0
33.33,0.7636849232728765,3.0448888529299842,22.88277003208262,-0.0
33.335,0.8778303544663225,3.0493346852222896,22.588785698870154,-0.0
33.34,0.9852748855083983,3.05681054144616,22.301872903806355,-0.0
33.345,1.0879953959322146,3.0707282349310585,22.018888047627097,-0.0
33.35,1.1868219792245327,3.0880022083218712,21.74224271080685,-0.0
33.355000000000004,1.2812807434055309,3.110234618451551,21.46989649979234,-0.0
33.36,1.372634887509131,3.1366632389984193,21.203699283305422,-0.0
33.365,1.4617139423447536,3.167862552436166,20.940691907844748,-0.0
33.37,1.5490302953243071,3.2045165935894744,20.6866137394505,-0.0
33.375,1.6330579400647944,3.245024412258853,20.435645426643557,-0.0
33.38,1.713589414452727,3.2915460328821555,20.1896241624435,-0.0
33.385,1.7930878277770959,3.341729531369733,19.949128672358167,-0.0
33.39,1.8693780644266462,3.395969725930553,19.712753277733604,-0.0
33.395,1.9466668544943149,3.4567481766585164,19.481580807230273,-0.0
33.4,2.0221408277747748,3.5217725032092746,19.25685298027484,-0.0
33.405,2.096180391161956,3.5923139397357837,19.034370842288588,-0.0
33.410000000000004,2.1712562132490967,3.667671468735443,18.818525874601548,-0.0
33.415,2.245832532418563,3.749644653867727,18.608747433823673,-0.0
33.42,2.3219812085085927,3.8368250153276824,18.40220752441927,-0.0
33.425,2.3976927300708897,3.9294695510195106,18.200432965698013,-0.0
33.43,2.4729671236608786,4.0279571941413925,18.00553645127987,-0.0
33.435,2.5508177064334974,4.131075148875185,17.815330346374,-0.0
33.44,2.6294883589116496,4.238627160483054,17.63003447248345,-0.0
33.445,2.70856453499364,4.353664492600937,17.450124582696738,-0.0
33.45,2.791443126104118,4.473786535848712,17.276262685024147,-0.0
33.455,2.875158581034157,4.59998582605026,17.10829685900348,-0.0
33.46,2.961796988776381,4.732878414051102,16.945537597421357,-0.0
33.465,3.049435664477503,4.873203628350659,16.788614922366566,-0.0
33.47,3.14019559467771,5.019347028739722,16.638907860165727,-0.0
33.475,3.2355875301531634,5.172648772983731,16.49604881003559,-0.0
33.480000000000004,3.3328434662440736,5.332462631364524,16.36054471728982,-0.0
33.485,3.4329299162528275,5.500569566000036,16.231666186151735,-0.0
33.49,3.536748285304428,5.674556420310361,16.109413478831048,-0.0
33.495,3.6430407142586736,5.856640234086653,15.993926955888488,-0.0
33.5,3.753031937737296,6.045864888952201,15.887188512170225,-0.0
33.505,3.867541554445688,6.242521037429329,15.78812659729202,-0.0
33.51,3.985043763709814,6.447063225937875,15.698733106139592,-0.0
33.515,4.108880917509254,6.6588829754742855,15.61799640323059,-0.0
33.52,4.236148393172117,6.880638508708254,15.547197259276533,-0.0
33.525,4.367274205066066,7.1093194608945405,15.484751980425578,-0.0
33.53,4.503491064639022,7.3481600692512545,15.43386830602176,-0.0
33.535000000000004,4.64628412703898,7.594076750945908,15.392089498719633,-0.0
33.54,4.795863994847385,7.8489763417032155,15.363287231578768,-0.0
33.545,4.948476352302116,8.112430060802694,15.346798108806444,-0.0
33.55,5.10612413485887,8.384877942749075,15.34353571916646,-0.0
33.555,5.269565164681751,8.666136346836016,15.352783091650302,-0.0
33.56,5.437995751945259,8.955736522028664,15.37650077469646,-0.0
33.565,5.614050752837864,9.254353748919456,15.415506208924,-0.0
33.57,5.796600967737867,9.562269435145346,15.470011015803593,-0.0
33.575,5.985517631036524,9.876769587458648,15.540828967214658,-0.0
33.58,6.180384008845031,10.199615314520658,15.628883932771172,-0.0
33.585,6.3815258382147215,10.530294621329562,15.735140933236757,-0.0
33.59,6.588197327351547,10.867700047685355,15.861654794996994,-0.0
33.595,6.80123496552653,11.212728796767994,16.005895749935977,-0.0
33.6,7.021961228616227,11.563843651231366,16.172832153268086,-0.0
33.605000000000004,7.24902948806784,11.920813038019293,16.362742754116613,-0.0
33.61,7.481475360034533,12.2832281180046,16.57592354699188,-0.0
33.615,7.720979825922486,12.649504214324242,16.814033222914855,-0.0
33.62,7.967188278226553,13.018253719023157,17.077961698298093,-0.0
33.625,8.218830343809813,13.388577662642334,17.369327573525315,-0.0
33.63,8.47726170303268,13.759141427358294,17.687819885020005,-0.0
33.635,8.740602917442292,14.127940779476285,18.03483321485027,-0.0
33.64,9.009181193334207,14.493730289368562,18.412282952520847,-0.0
33.645,9.283895885633552,14.85278161977309,18.819225489246076,-0.0
33.65,9.562959059431577,15.204501102179519,19.258453755872516,-0.0
33.655,9.84669525501892,15.54678284837615,19.729405553907505,-0.0
33.660000000000004,10.131432394908385,15.87512364775753,20.23115238774142,-0.0
33.665,10.418036499417433,16.190001363110003,20.766253867973365,-0.0
33.67,10.705361009105369,16.486817178620917,21.331798849448866,-0.0
33.675,10.994306415064905,16.760752768783334,21.929623423223052,-0.0
33.68,11.283725538722335,17.011180078948392,22.558676129809903,-0.0
33.685,11.570653570948979,17.234107603147603,23.218121803370746,-0.0
33.69,11.85326877906693,17.42371614554282,23.906333412077974,-0.0
33.695,12.13236670601766,17.580990872810247,24.62103596000462,-0.0
33.7,12.40605790672492,17.69802817528315,25.36047278940381,-0.0
33.705,12.671422591936725,17.773264589933998,26.11876989812382,-0.0
33.71,12.926879203268236,17.80330815677486,26.896193208058254,-0.0
33.715,13.170162433081265,17.786431993750792,27.687245584164977,-0.0
33.72,13.400072551618896,17.71897336376559,28.48867725888235,-0.0
33.725,13.616208081229676,17.5973716267732,29.29579385192619,-0.0
33.730000000000004,13.81487393556576,17.421099545820937,30.102223383768145,-0.0
33.735,13.996635491402506,17.189357352735485,30.90348840331735,-0.0
33.74,14.155375612646068,16.898677143301615,31.693131262773232,-0.0
33.745,14.292517615651658,16.55280771616435,32.46658656280474,-0.0
33.75,14.406011034996181,16.150479055568077,33.2172086563885,-0.0
33.755,14.493143661304398,15.694140058303907,33.937295175968,-0.0
33.76,14.554191934779405,15.186219190289364,34.621632679518854,-0.0
33.765,14.58520372820928,14.627698535251529,35.26503088235365,-0.0
33.77,14.587488726007797,14.025241126031936,35.860824597177334,-0.0
33.775,14.559874045954187,13.381034597267073,36.40640410829415,-0.0
33.78,14.501028279263483,12.702721907263397,36.8947806419647,-0.0
33.785000000000004,14.410723174488563,11.995420232411266,37.32408517928424,-0.0
33.79,14.28946412213913,11.264072977990772,37.69081562847229,-0.0
33.795,14.136805935821267,10.515995551641861,37.99299603405928,-0.0
33.8,13.958057684144357,9.757767491038894,38.229851294404575,-0.0
33.805,13.747931099365685,8.995905732965372,38.401136609062256,-0.0
33.81,13.510811881486186,8.235175457080988,38.50783430612494,-0.0
33.815,13.248401106656878,7.483868685262374,38.54933925349358,-0.0
33.82,12.959720818354736,6.748314502199204,38.53022788782342,-0.0
33.825,12.648419989433886,6.03307112678826,38.45271757370498,-0.0
33.83,12.3169082399554,5.343094770580204,38.32262987386282,-0.0
33.835,11.96826958440062,4.681039928451211,38.141238550388636,-0.0
33.84,11.604535778001898,4.048814597398452,37.913865499933756,-0.0
33.845,11.228085891423767,3.452488364841204,37.644607049673205,-0.0
33.85,10.838669888526193,2.8935677439501166,37.33593876126015,-0.0
33.855000000000004,10.441266031179921,2.3727455885980704,36.99436285893163,-0.0
33.86,10.037645215287718,1.89191461577323,36.62392359264295,-0.0
33.865,9.630529214787659,1.4481254748256307,36.22982856080151,-0.0
33.87,9.221337329501491,1.045679767518553,35.81595607609693,-0.0
33.875,8.812662767404214,0.68000440936189,35.3858940757305,-0.0
33.88,8.405102802022045,0.3517122629543815,34.94356740725125,-0.0
33.885,8.002307700384875,0.05804000538555232,34.49190923693235,-0.0
33.89,7.605328152481388,-0.20305435375897563,34.03313180214779,-0.0
33.895,7.2147349482702765,-0.43043493341317707,33.57118397164667,-0.0
33.9,6.831833080210919,-0.6286334005569394,33.10880165257089,-0.0
33.905,6.458130457730469,-0.7997675995468657,32.64560295573283,-0.0
33.910000000000004,6.094967280907372,-0.9471162421280508,32.184868807119386,-0.0
33.915,5.742647290142949,-1.0703029958980912,31.726077213024194,-0.0
33.92,5.4014838730836265,-1.1727110349794172,31.272651849666644,-0.0
33.925,5.074072173080657,-1.2541604841783844,30.82451109308412,-0.0
33.93,4.757894448677864,-1.3195899176501618,30.38179867855466,-0.0
33.935,4.4535975616020105,-1.3702303062710748,29.943431270919955,-0.0
33.94,4.162218380773765,-1.406086713032222,29.514008866074327,-0.0
33.945,3.884713579286711,-1.4308481240723732,29.09106282119537,-0.0
33.95,3.61977220508961,-1.4452378518412912,28.674371844493148,-0.0
33.955,3.367125123705003,-1.4493198128302196,28.266238636290645,-0.0
33.96,3.1252972318688395,-1.4468383200723858,27.865106865871056,-0.0
33.965,2.895897393439299,-1.437715677731031,27.46961783838277,-0.0
33.97,2.679569799955504,-1.4234520725704045,27.083128084633046,-0.0
33.975,2.47338401124114,-1.4046612143833346,26.700775135149055,-0.0
33.980000000000004,2.278468381040545,-1.3814097361726225,26.32749554514869,-0.0
33.985,2.0967048247894615,-1.3543024577298437,25.961481296936782,-0.0
33.99,1.9243793531007682,-1.326151677596936,25.600807027973865,-0.0
33.995,1.761835472414527,-1.2964824563575543,25.246860576152837,-0.0
34.0,1.6084295879892176,-1.2658856157792426,24.898904929992153,-0.0
34.005,1.4633104661159633,-1.2330542692754882,24.556098444573976,-0.0
34.01,1.3284997551480735,-1.2013064514124354,24.22018353840718,-0.0
34.015,1.2023742208343546,-1.1706124411611927,23.89075395726814,-0.0
34.02,1.0849300828159782,-1.139486170472148,23.563956091586387,-0.0
34.025,0.97310668774374,-1.1088406511167328,23.242769088433192,-0.0
34.03,0.8694589513325899,-1.0804259063781214,22.92786062067894,-0.0
34.035000000000004,0.7718332667462349,-1.0532709628265275,22.618267603649528,-0.0
34.04,0.6814840538099459,-1.0274483975777484,22.312807445159564,-0.0
34.045,0.5946486911768485,-1.003818244258619,22.012003250647155,-0.0
34.05,0.5151161756591444,-0.9815743504601179,21.71596382716049,-0.0
34.055,0.4397821940030399,-0.9614836337633973,21.425190026444913,-0.0
34.06,0.37038777183983573,-0.9422342853465299,21.135825790472428,-0.0
34.065,0.304768360704717,-0.9260096671790381,20.85254317662617,-0.0
34.07,0.24252712661989048,-0.9102777902142193,20.571821068232424,-0.0
34.075,0.18379329044793621,-0.8964744094834162,20.295037800862048,-0.0
34.08,0.13090878938488515,-0.8856957635798021,20.02371163992048,-0.0
34.085,0.08001694947017865,-0.8770354415563222,19.75561629652778,-0.0
34.09,0.03292821030098314,-0.8707350400388509,19.492840554982994,-0.0
34.095,-0.012369519185135368,-0.8653256254915835,19.234212264836223,-0.0
34.1,-0.05476646402040589,-0.8618227707352629,18.976526778973067,-0.0
34.105000000000004,-0.09438296559952386,-0.8595062320074786,18.722136877355727,-0.0
34.11,-0.1307754986859735,-0.8598209261092294,18.473592879556364,-0.0
34.115,-0.16730912493054906,-0.862149680297734,18.227780584757063,-0.0
34.12,-0.20165112650300748,-0.8662966879273842,17.985871322256095,-0.0
34.125,-0.2350965234666189,-0.8722749985305361,17.74667186611848,-0.0
34.13,-0.26647425477122755,-0.8794202501640844,17.511073366162194,-0.0
34.135,-0.2966836050867392,-0.8885129035591248,17.27917908999918,-0.0
34.14,-0.326795419146087,-0.8996238817562248,17.050213558350503,-0.0
34.145,-0.3549049462814526,-0.9131845057086245,16.824076873202365,-0.0
34.15,-0.38326854395858373,-0.9291506627920464,16.602359435022745,-0.0
34.155,-0.41011110539770446,-0.9469157480491682,16.38350976240149,-0.0
34.160000000000004,-0.436062588174819,-0.9660318536663924,16.165296411154706,-0.0
34.165,-0.4632478278959917,-0.9869111562716383,15.952926854793294,-0.0
34.17,-0.4898703871010953,-1.0102596234263963,15.742967281170754,-0.0
34.175000000000004,-0.5168285748746385,-1.0342507639146143,15.536578657670471,-0.0
34.18,-0.5428929095017376,-1.0604632670116267,15.331067081955988,-0.0
34.185,-0.56893947412251,-1.0898983479075233,15.130352957724893,-0.0
34.19,-0.5950722722884828,-1.120621471162584,14.932523722056482,-0.0
34.195,-0.6228764648968618,-1.1549814336648214,14.737972090223707,-0.0
34.2,-0.6510543637231077,-1.1910027732229853,14.54555011075551,-0.0
34.205,-0.6784887012706293,-1.2300494914300686,14.355410162772408,-0.0
34.21,-0.7067081161533335,-1.269131055647563,14.167552059753849,-0.0
34.215,-0.7344532413093601,-1.3117539158962377,13.98397825548236,-0.0
34.22,-0.7628818257400164,-1.3570173699246608,13.80323646877421,-0.0
34.225,-0.7929421396397582,-1.4048506294510021,13.624670156836425,-0.0
34.230000000000004,-0.8235795120050167,-1.4543601087876137,13.4499097027319,-0.0
34.235,-0.8550712679014407,-1.5065684837742184,13.27774178081054,-0.0
34.24,-0.886874125184534,-1.5626733309221816,13.107267089926964,-0.0
34.245,-0.9213199426754466,-1.6200772960125762,12.939750301511987,-0.0
34.25,-0.9567038765752437,-1.6801906302194385,12.773206370381793,-0.0
34.255,-0.9930810538134458,-1.7439637509372685,12.610957562097658,-0.0
34.26,-1.0309668802064857,-1.8118196826843467,12.45045410265373,-0.0
34.265,-1.0687704445909791,-1.8836724264947131,12.29333165795842,-0.0
34.27,-1.1097416281736698,-1.9579382212831384,12.139938205180169,-0.0
34.275,-1.1518785032658712,-2.0359762704788156,11.989642494179071,-0.0
34.28,-1.1964532101653558,-2.1191741580419374,11.840621740846709,-0.0
34.285000000000004,-1.2422122144441443,-2.2047153878204986,11.695421345637524,-0.0
34.29,-1.289956835222021,-2.295670512183761,11.553983121717593,-0.0
34.295,-1.3408209668784716,-2.389836466444462,11.414952130634404,-0.0
34.300000000000004,-1.3920911011612662,-2.489936309509696,11.279386391530547,-0.0
34.305,-1.4482791859460893,-2.5930377932606423,11.146325380530499,-0.0
34.31,-1.5056824975143714,-2.701140889226171,11.016643474922308,-0.0
34.315,-1.5665729089288225,-2.815345216612324,10.88953985678419,-0.0
34.32,-1.6287220488330731,-2.9361014314802354,10.764836281992912,-0.0
34.325,-1.6943454515384837,-3.0625451039753204,10.64475185799468,-0.0
34.33,-1.7631083720958063,-3.195680894390145,10.529498715278818,-0.0
34.335,-1.8346393907554117,-3.33389788855985,10.41751205270186,-0.0
34.34,-1.909188487326777,-3.478853334046511,10.308049695186885,-0.0
34.345,-1.9876418521082069,-3.6318722140784905,10.20254953219087,-0.0
34.35,-2.0704544815610264,-3.7907198118980077,10.103437753757298,-0.0
34.355000000000004,-2.1570667783052397,-3.956294243918016,10.007969186661242,-0.0
34.36,-2.247247336997944,-4.129816377444669,9.917062953988015,-0.0
34.365,-2.3414896841114707,-4.311252885190033,9.831163249706586,-0.0
34.37,-2.440622247873188,-4.501179686913673,9.750403125611033,-0.0
34.375,-2.5429467928731326,-4.701323987614762,9.676280827092583,-0.0
34.38,-2.650768231962788,-4.911293231501838,9.608466265665315,-0.0
34.385,-2.76363330673557,-5.130227482415652,9.544025595164086,-0.0
34.39,-2.883074159464774,-5.359777401661977,9.487042417027993,-0.0
34.395,-3.0064819071483475,-5.599478374847094,9.437692300874245,-0.0
34.4,-3.136767686571763,-5.8510295905822085,9.397366301411525,-0.0
34.405,-3.2718852685776243,-6.112674748618099,9.364308527278396,-0.0
34.410000000000004,-3.4145704290236205,-6.387689936457184,9.338668633130267,-0.0
34.415,-3.5639222635104777,-6.674261086998422,9.322650717338,-0.0
34.42,-3.7203688637884813,-6.973678550799656,9.318140497819636,-0.0
34.425000000000004,-3.8836353510384343,-7.287257021275479,9.324118268872144,-0.0
34.43,-4.0545837230967035,-7.613604700875813,9.340519040657641,-0.0
34.435,-4.2324454620284895,-7.9542517010168545,9.37060970892673,-0.0
34.44,-4.417849009349625,-8.307067115803603,9.413711169547161,-0.0
34.445,-4.611773551419457,-8.676316559593829,9.47118622915728,-0.0
34.45,-4.813933883948256,-9.060115515685217,9.544241936605328,-0.0
34.455,-5.027528024806471,-9.457902238812341,9.634323341471767,-0.0
34.46,-5.2487614973881245,-9.871655515116084,9.742616720142662,-0.0
34.465,-5.480054326595877,-10.303008852108698,9.871935485379574,-0.0
34.47,-5.721305121558432,-10.74883953923462,10.022553363152474,-0.0
34.475,-5.972314720950931,-11.208654449488366,10.196339590657061,-0.0
34.480000000000004,-6.234695776686085,-11.683376284475298,10.395581864811188,-0.0
34.485,-6.507220233152548,-12.172487926623083,10.621600265064327,-0.0
34.49,-6.78985647721135,-12.676204641850788,10.876507592214642,-0.0
34.495,-7.084331444503175,-13.19419628135236,11.162226438703327,-0.0
34.5,-7.389504650201287,-13.72603730617612,11.48095368655062,-0.0
34.505,-7.707516193939833,-14.268010409932538,11.835547082840469,-0.0
34.51,-8.034827787885542,-14.819679701252877,12.226542527813027,-0.0
34.515,-8.375007979251619,-15.378471670763052,12.659357456532607,-0.0
34.52,-8.724782857111126,-15.94210082766358,13.13446149858558,-0.0
34.525,-9.085354170398341,-16.51166303687494,13.65550578650661,-0.0
34.53,-9.456211563576261,-17.081495083756355,14.223473304091007,-0.0
34.535000000000004,-9.837265301521224,-17.648099808909745,14.840705005799759,-0.0
34.54,-10.227142070333713,-18.207176547158873,15.511177242281223,-0.0
34.545,-10.627370741930854,-18.755190130609382,16.23523850906927,-0.0
34.550000000000004,-11.033905945612343,-19.285733291872724,17.015110475734183,-0.0
34.555,-11.446988664549474,-19.7949435334635,17.85123680686253,-0.0
34.56,-11.865599860551058,-20.276382261572618,18.745641369746373,-0.0
34.565,-12.285923558083574,-20.724945484671384,19.6990874246874,-0.0
34.57,-12.70764325422008,-21.13170060402999,20.70964143436942,-0.0
34.575,-13.130224374509247,-21.488324147691586,21.775490504911826,-0.0
34.58,-13.548646006880695,-21.78956039369006,22.893268271034227,-0.0
34.585,-13.96093112727162,-22.02582053896804,24.06377128840416,-0.0
34.59,-14.36386152034977,-22.190565326080936,25.280009033439633,-0.0
34.595,-14.755189447850617,-22.27482345683852,26.53730989362287,-0.0
34.6,-15.13114628722592,-22.27136841698648,27.826207243416672,-0.0
34.605000000000004,-15.488075869135649,-22.172674692463605,29.13975545464998,-0.0
34.61,-15.822362795240869,-21.97359045308138,30.46868064543662,-0.0
34.615,-16.1288170881672,-21.667660927100325,31.800447113237873,-0.0
34.62,-16.406320183314932,-21.252572944001432,33.12384650993117,-0.0
34.625,-16.648697545453114,-20.726251247027374,34.425857345532,-0.0
34.63,-16.85136014388067,-20.086978462911638,35.691843942790065,-0.0
34.635,-17.012454617683964,-19.33799399311566,36.90763291817481,-0.0
34.64,-17.12896346503785,-18.483552471575965,38.05987192268683,-0.0
34.645,-17.19557460626563,-17.529862434136728,39.13541989214964,-0.0
34.65,-17.212194270744348,-16.484373555666163,40.12120728877495,-0.0
34.655,-17.175431106278495,-15.359914222761473,41.006240478315206,-0.0
34.660000000000004,-17.084519418188528,-14.166895528577234,41.778131052008476,-0.0
34.665,-16.938408607415337,-12.91942867688069,42.43149639728992,-0.0
34.67,-16.73841487936015,-11.633989270697805,42.960341993727646,-0.0
34.675000000000004,-16.482752182202265,-10.322796209492342,43.36038298797619,-0.0
34.68,-16.174907805569056,-9.007220585900797,43.6333293332486,-0.0
34.685,-15.817561499362885,-7.698582364399853,43.78076781611819,-0.0
34.69,-15.410131703395264,-6.41145952756247,43.8056073540289,-0.0
34.695,-14.9598462576808,-5.162008238959943,43.71589145371499,-0.0
34.7,-14.469126560194594,-3.9604489692201463,43.51948135981522,-0.0
34.705,-13.94374537869172,-2.8179693094177187,43.22475665716117,-0.0
34.71,-13.387659341479221,-1.7425584513669685,42.84399520931246,-0.0
34.715,-12.804428647788875,-0.7397169071619589,42.38953793331099,-0.0
34.72,-12.2021159891236,0.18563299344725726,41.87148488872651,-0.0
34.725,-11.58289355706606,1.0312158637784763,41.30214887283013,-0.0
34.730000000000004,-10.95171399690065,1.7972591101427646,40.690873486429176,-0.0
34.735,-10.31487729745385,2.483022296909536,40.049592496379965,-0.0
34.74,-9.675266174856583,3.09228129276638,39.387706078009785,-0.0
34.745,-9.038063315777547,3.62793449368373,38.71314428965142,-0.0
34.75,-8.40521840771544,4.093596433941141,38.03234341948109,-0.0
34.755,-7.782431199584709,4.495024892886086,37.35405942644046,-0.0
34.76,-7.1675298159332,4.836982868405285,36.680438188046736,-0.0
34.765,-6.567505757003885,5.12371596856749,36.01709663545801,-0.0
34.77,-5.983711141095389,5.361222240614137,35.36848308794706,-0.0
34.775,-5.416245528718795,5.554371889415991,34.73597945296343,-0.0
34.78,-4.867707686084395,5.708757904163656,34.12252552513487,-0.0
34.785000000000004,-4.339747949443444,5.8295874644523735,33.528747752581154,-0.0
34.79,-3.831937812484301,5.921054019953926,32.95462342088489,-0.0
34.795,-3.345103742061926,5.986245828115696,32.401438027875486,-0.0
34.800000000000004,-2.879557933649621,6.030507926914544,31.869645401233225,-0.0
34.805,-2.4325953376075673,6.055016229587664,31.35895760129704,-0.0
34.81,-2.007928063862554,6.066630244692354,30.867103068336736,-0.0
34.815,-1.6036119798064763,6.065118367636878,30.393799626557986,-0.0
34.82,-1.220850379578554,6.054400441661885,29.939876328582667,-0.0
34.825,-0.8573069290668103,6.035557918534055,29.50392653900001,-0.0
34.83,-0.5116387721981169,6.011410211517534,29.085269643115154,-0.0
34.835,-0.1862154567888511,5.98481409939753,28.680321745373178,-0.0
34.84,0.12153949090429722,5.956151634230653,28.29224251317809,-0.0
34.845,0.41309732164434776,5.9263329383042125,27.918841247074642,-0.0
34.85,0.6876393069905276,5.896542930695467,27.558755994137258,-0.0
34.855000000000004,0.9480899592453442,5.868952782896544,27.2106671135618,0.0
34.86,1.1942264743618247,5.843946898027553,26.875124769158703,0.0
34.865,1.4275146732169752,5.82225422979485,26.552752682075937,0.0
34.87,1.6475913653922887,5.803338937528368,26.240411114529635,0.0
34.875,1.8552000379961444,5.7885573905921195,25.937462183905865,0.0
34.88,2.0525266747213515,5.779512587270228,25.644648834289107,0.0
34.885,2.2382535459359203,5.774900746211066,25.362453773597306,0.0
34.89,2.415488409891407,5.77600257911731,25.090122513536656,0.0
34.895,2.583335462000387,5.782812234173911,24.82469522315057,0.0
34.9,2.7426389253232837,5.7954368091988,24.568517541703173,0.0
34.905,2.895250406616556,5.812996320158389,24.319942209749254,0.0
34.910000000000004,3.040020728792535,5.837516389994108,24.07888765617271,0.0
34.915,3.1804302287763035,5.867876877724137,23.846371690952562,0.0
34.92,3.314863165799546,5.903483702400272,23.62201521671786,0.0
34.925000000000004,3.444848538680427,5.946743215723509,23.40424402344615,0.0
34.93,3.5690712305870695,5.996059721879151,23.1941936508649,0.0
34.935,3.6897695945905142,6.053094100096345,22.992777357299154,0.0
34.94,3.807950604031462,6.116400987590762,22.796508658655664,0.0
34.945,3.922967013657468,6.184292151389103,22.60963705206562,0.0
34.95,4.0368412012930355,6.25862406821482,22.428909036580958,0.0
34.955,4.148376948257338,6.340053130716642,22.25617562722891,0.0
34.96,4.258317934301194,6.427774819173302,22.090387290420875,0.0
34.965,4.36680216006205,6.523420765896109,21.933328204632605,0.0
34.97,4.474805365011294,6.625086364003651,21.78271345600293,0.0
34.975,4.58246914751044,6.731921389445679,21.640037343991388,0.0
34.980000000000004,4.690936506464292,6.844483238261709,21.50447485006997,0.0
34.985,4.798904057269472,6.963751275620735,21.377788340596616,0.0
34.99,4.906106547334403,7.087049531948569,21.25959064650873,0.0
34.995,5.015286672687246,7.217445342747266,21.15037051023894,0.0
35.0,5.124230082127898,7.354310734692979,21.049949591042235,0.0
35.005,5.235863811524124,7.496112284850423,20.95750370358576,0.0
35.01,5.348389281748757,7.642993753976492,20.873818129571585,0.0
35.015,5.463391986251983,7.795605470925115,20.799862344667783,0.0
35.02,5.578698214220368,7.953614755180926,20.735063732635815,0.0
35.025,5.697418487194862,8.115613368746876,20.67979881753389,0.0
35.03,5.817831734203054,8.283428951234171,20.635066652680038,0.0
35.035000000000004,5.94095639626575,8.45620324284712,20.600043676291246,0.0
35.04,6.065564225678825,8.633955666096757,20.576010809195346,0.0
35.045,6.194334438086998,8.81623463321058,20.56466308203247,0.0
35.050000000000004,6.324151364331245,9.002538278947457,20.56362893836612,0.0
35.055,6.45858407891897,9.193610610470003,20.575981169364443,0.0
35.06,6.595198689316219,9.3876099002642,20.598280606050775,0.0
35.065,6.735096323778439,9.584892459514814,20.632259191418573,0.0
35.07,6.877619710039644,9.785620968843087,20.679918498502072,0.0
35.075,7.023241917270306,9.988769919162142,20.7395851175258,0.0
35.08,7.171849135077442,10.192592474326247,20.81517214396611,0.0
35.085,7.32272053332209,10.399451123446275,20.902803148298922,0.0
35.09,7.476694046054569,10.607124107353707,21.005465518856255,0.0
35.095,7.633627575499684,10.815837492716486,21.123388803385264,0.0
35.1,7.793552081111014,11.024764315993398,21.254690126368782,0.0
35.105000000000004,7.955561209757218,11.23111765168335,21.40052492825787,0.0
35.11,8.11884842490329,11.437747127615138,21.561312470721706,0.0
35.115,8.284506914514713,11.643291966450558,21.738796126822024,0.0
35.12,8.452912950352703,11.846059236232138,21.931944233837847,0.0
35.125,8.621532983281805,12.043820656766572,22.13989398253389,0.0
35.13,8.791339272433959,12.237136272396723,22.36404431276597,0.0
35.135,8.963964183994426,12.42318229390751,22.603803130044863,0.0
35.14,9.137237557917462,12.604872274038636,22.85988447466311,0.0
35.145,9.309752670888422,12.776981483270418,23.129514423257262,0.0
35.15,9.48190150613349,12.939524058740895,23.41647253092073,0.0
35.155,9.654384226276322,13.092833347342644,23.717441252590152,0.0
35.160000000000004,9.82592604813548,13.234142861863013,24.032728675808475,0.0
35.165,9.996987757204973,13.362977317065022,24.362553911929226,0.0
35.17,10.165850091108767,13.47818178064221,24.706160736865662,0.0
35.175000000000004,10.3317958194756,13.577756076377414,25.06135767117124,0.0
35.18,10.495135616743072,13.6627039837805,25.42865457806692,0.0
35.185,10.654182038767477,13.729809301242941,25.80612432233547,0.0
35.19,10.807843167020053,13.779281352847947,26.19421151913253,0.0
35.195,10.9577310660083,13.808155731456344,26.59011353732908,0.0
35.2,11.100895158431806,13.815918835563119,26.991710981464244,0.0
35.205,11.236785048877449,13.802311108635266,27.3988552970548,0.0
35.21,11.366631346705349,13.766555680751388,27.80947426011946,0.0
35.215,11.487076827204932,13.708082827602059,28.22051927850519,0.0
35.22,11.598909589343057,13.626334657127517,28.630904099219677,0.0
35.225,11.699701285665393,13.521734141875738,29.038482292516765,0.0
35.230000000000004,11.791760772427622,13.392772189039787,29.442439990642164,0.0
35.235,11.87128247592533,13.240230613906556,29.8396037257015,0.0
35.24,11.939089547957863,13.064484786027595,30.22707033506015,0.0
35.245,11.995637554316048,12.865888874789581,30.603539912425,0.0
35.25,12.039410847771581,12.645713961907177,30.96752307602207,0.0
35.255,12.070007227122897,12.40468652553812,31.316142750030913,0.0
35.26,12.086724322292332,12.144365556376526,31.646904446922733,0.0
35.265,12.089470574540096,11.86365654999455,31.959878002225395,0.0
35.27,12.078752179432724,11.56460597640343,32.25046158572674,0.0
35.275,12.052941818322239,11.250670333443546,32.51807478584301,0.0
35.28,12.01255355120909,10.92159767396073,32.76202921064291,0.0
35.285000000000004,11.958268619950973,10.582640909455503,32.98163185982825,0.0
35.29,11.88987569083107,10.231967729397862,33.17569633929591,0.0
35.295,11.808104807830471,9.872135101869985,33.34135920803307,0.0
35.300000000000004,11.711370655445585,9.507055027869772,33.47977267415674,0.0
35.305,11.601071555142774,9.138519114578555,33.59022901413143,0.0
35.31,11.478439196591628,8.767690528663014,33.671440633788556,0.0
35.315,11.342816759887965,8.398898361058118,33.72655590589125,0.0
35.32,11.195697651719305,8.033185939658761,33.75217594410893,0.0
35.325,11.037405341503018,7.671460552859795,33.752415562071796,0.0
35.33,10.869196705552497,7.3159553413911365,33.72599277814394,0.0
35.335,10.690250804283906,6.967424554183454,33.67531824245457,0.0
35.34,10.50441270289121,6.629427303221184,33.60044146754072,0.0
35.345,10.310289430163461,6.302557624157587,33.50076138356553,0.0
35.35,10.1092283430784,5.987348675982591,33.379084776372544,0.0
35.355000000000004,9.904257109748526,5.686338190739013,33.2356970293634,0.0
35.36,9.693650191480142,5.398469604223071,33.07343099470116,0.0
35.365,9.4782020712704,5.124969488558471,32.89479787883896,0.0
35.37,9.260813913740947,4.8670419105959235,32.69876795458059,0.0
35.375,9.041279800004306,4.624380933481789,32.487490650768386,0.0
35.38,8.820217315682774,4.397477434516871,32.26308948215516,0.0
35.385,8.598793694939767,4.187438908889446,32.025932911518694,0.0
35.39,8.377662175405677,3.9935902763664504,31.77771949154048,0.0
35.395,8.158188040788193,3.8157416160938493,31.523035484554278,0.0
35.4,7.940443131275976,3.6537533947390735,31.25818873777736,0.0
35.405,7.726570019840606,3.5064610015469504,30.98611154873263,0.0
35.410000000000004,7.513908188496043,3.374675592094766,30.70784749171046,0.0
35.415,7.3054514254180285,3.25700032794459,30.42457938175151,0.0
35.42,7.102424140710691,3.1513053217913556,30.138833342203654,0.0
35.425000000000004,6.903598732617004,3.0592980783445913,29.848917891668876,0.0
35.43,6.712346216654801,2.9803000653744474,29.556746635384933,0.0
35.435,6.525131977592061,2.9153821603529235,29.26199190648397,0.0
35.44,6.344466888723377,2.858284031337645,28.966946487671592,0.0
35.445,6.1700201180608945,2.813220489831821,28.67124696062816,0.0
35.45,6.002250311608443,2.779377153663301,28.374593709185014,0.0
35.455,5.841707841370494,2.7535453406528374,28.079623835252363,0.0
35.46,5.687947751733915,2.7376925210347443,27.784785893126724,0.0
35.465,5.540771470087431,2.730627830883555,27.492122278932115,0.0
35.47,5.399205164120581,2.7304399571666633,27.201800073127174,0.0
35.475,5.265892816722722,2.737737845347285,26.912897375831577,0.0
35.480000000000004,5.1395621784173615,2.753618726818654,26.626418860759482,0.0
35.485,5.0208244629401095,2.7759675772031076,26.34266432182811,0.0
35.49,4.908686624560701,2.804048329620927,26.061312784550008,0.0
35.495,4.80448765537626,2.8366262990398745,25.782841795535866,0.0
35.5,4.707315785358225,2.8753830822672275,25.507840503712323,0.0
35.505,4.615982396865026,2.920118021448129,25.235577517144765,0.0
35.51,4.530830693509662,2.9701787044004377,24.965602741307368,0.0
35.515,4.452980454819146,3.0235820135863043,24.699497895175003,0.0
35.52,4.38105104007268,3.0828591110466896,24.43816314797041,0.0
35.525,4.315652481046634,3.144512348127649,24.179529548975314,0.0
35.53,4.2573169087008695,3.2102247012019682,23.92479737839609,0.0
35.535000000000004,4.203521821114173,3.2807297919361162,23.67348002129203,0.0
35.54,4.156256665785306,3.355941711926395,23.42739107776363,0.0
35.545,4.116816842565777,3.4341918930583897,23.184730929692353,0.0
35.550000000000004,4.08448024194317,3.5177406296289857,22.945768460298634,0.0
35.555,4.056290307044516,3.6045956981457214,22.710249792672045,0.0
35.56,4.033285146668771,3.6935884767855924,22.480487622620558,0.0
35.565,4.01633682766808,3.7871487191040307,22.25470717905022,0.0
35.57,4.004733565581016,3.88354198855306,22.0332492946898,0.0
35.575,3.998376668317757,3.984566445863103,21.817192723592044,0.0
35.58,3.9977339748903487,4.088512414625473,21.604839738816903,0.0
35.585,4.003164008727456,4.19594454026448,21.399223660330048,0.0
35.59,4.0124219979947275,4.30713855560927,21.197820278099574,0.0
35.595,4.027661367012954,4.422570904149585,21.001845700093657,0.0
35.6,4.047530989685176,4.5423168675448515,20.809966182189953,0.0
35.605000000000004,4.0729585631591005,4.665620562083682,20.6241437803721,0.0
35.61,4.103494551122359,4.79219836236632,20.444394915798746,0.0
35.615,4.137390883261005,4.922810157052042,20.271294748775734,0.0
35.62,4.176607687064298,5.057982198038505,20.102823902864234,0.0
35.625,4.220972521796774,5.198711314368182,19.939981137819448,0.0
35.63,4.269111383944347,5.344804719820173,19.78378988798873,0.0
35.635,4.32208087285776,5.493274424855301,19.63417723645564,0.0
35.64,4.380723226519902,5.647578208456212,19.491349171487123,0.0
35.645,4.443601010955522,5.80560979760483,19.355892292706837,0.0
35.65,4.513306431433927,5.968837373966626,19.225908780251068,0.0
35.655,4.586257889354921,6.136260272659721,19.104636810860967,0.0
35.660000000000004,4.664778860023855,6.309815255075303,18.99086470110485,0.0
35.665,4.745517697874142,6.487671100209598,18.884547863257573,0.0
35.67,4.832564408033887,6.6710371184194805,18.78561468668469,0.0
35.675000000000004,4.923295439374268,6.858846428188245,18.69700855705519,0.0
35.68,5.01936538055094,7.053781127552014,18.617196152317295,0.0
35.685,5.120619697137434,7.253329308154303,18.544644832879943,0.0
35.69,5.227497257627465,7.459529460432764,18.483227956303537,0.0
35.695,5.341267087913751,7.671556775104959,18.431043381757796,0.0
35.7,5.456529229214007,7.888464976439988,18.39015235249928,0.0
35.705,5.577698632408259,8.111348858845043,18.360380193131647,0.0
35.71,5.7040387071960135,8.339820518071301,18.342974083704306,0.0
35.715,5.834744988978353,8.573692455047686,18.334813341012854,0.0
35.72,5.9720049516598435,8.814094210342576,18.339765396437592,0.0
35.725,6.11388967988382,9.05788264487321,18.358303217148467,0.0
35.730000000000004,6.260824400138288,9.3075569146367,18.390459320756833,0.0
35.735,6.412240627708041,9.561755631183951,18.435287259716944,0.0
35.74,6.5698743823928645,9.821531277189836,18.49683559982667,0.0
35.745,6.732455441752611,10.08467416541073,18.572910537170436,0.0
35.75,6.899604495097388,10.35172310471579,18.665608569792767,0.0
35.755,7.07161601135316,10.622795698034487,18.77558326589942,0.0
35.76,7.248627848968694,10.896305900963998,18.901566373149155,0.0
35.765,7.431062616865044,11.17156150317079,19.04522955328869,0.0
35.77,7.618437533204338,11.449036669944759,19.206572457320718,0.0
35.775,7.809868108628948,11.726796831811912,19.387059653737687,0.0
35.78,8.005718124748798,12.004937018692917,19.58687480900446,0.0
35.785000000000004,8.205657712985905,12.281801730897467,19.806223950272543,0.0
35.79,8.41096568246054,12.556947870715499,20.046132807770952,0.0
35.795,8.61729469755306,12.829009148826826,20.307958792062735,0.0
35.800000000000004,8.82707397856632,13.095280986873245,20.58997190101936,0.0
35.805,9.041194777336239,13.356768586622241,20.89274454450596,0.0
35.81,9.25761588550948,13.610774849997865,21.217947161093687,0.0
35.815,9.474914601041531,13.857499604963582,21.565913232023224,0.0
35.82,9.693329982537277,14.094490537901782,21.93484335786946,0.0
35.825,9.912800048233894,14.318045182023228,22.325769024149135,0.0
35.83,10.13194709784991,14.527825047400883,22.73908243489382,0.0
35.835,10.351971543570645,14.722098164197657,23.172143008385106,0.0
35.84,10.571355351789729,14.897853145820122,23.625339608071666,0.0
35.845,10.787745951031093,15.05479266876191,24.098236922596808,0.0
35.85,11.001384698807193,15.190150998258376,24.590209598885547,0.0
35.855000000000004,11.211037108262092,15.301994012535047,25.09753095933615,0.0
35.86,11.413818159823448,15.388365998351887,25.620586592510982,0.0
35.865,11.612858927780332,15.446010866105329,26.156760115654425,0.0
35.87,11.804415702875936,15.47524693355454,26.704931527831747,0.0
35.875,11.98693812175379,15.474641326314435,27.26382498621839,0.0
35.88,12.161261913685237,15.440645109233921,27.82818580104382,0.0
35.885,12.324825982667239,15.375435848107129,28.396155490888546,0.0
35.89,12.477679094571192,15.274085582480335,28.963689074940557,0.0
35.895,12.616972165230685,15.136974266881438,29.529939600179567,0.0
35.9,12.742879182749425,14.964213063810993,30.091837489090945,0.0
35.905,12.852435733317897,14.756194665270842,30.64470699018699,0.0
35.910000000000004,12.946754095915239,14.51222315383117,31.184508352933953,0.0
35.915,13.024639429356823,14.233863973228074,31.708179367141128,0.0
35.92,13.084913087667534,13.920918526069112,32.213816514458635,0.0
35.925000000000004,13.127776135102213,13.574995955037517,32.695377679947306,0.0
35.93,13.149855807542197,13.199422312832406,33.149664794083535,0.0
35.935,13.152014112596069,12.794241593413675,33.57566860104765,0.0
35.94,13.133478971793027,12.365572223999928,33.969922918001636,0.0
35.945,13.095385273544155,11.910528721628598,34.3283968731606,0.0
35.95,13.036256364832925,11.435505113560431,34.64987580962648,0.0
35.955,12.956038049898003,10.94510941270259,34.93268591789538,0.0
35.96,12.855978023114494,10.441325144837823,35.17516193106978,0.0
35.965,12.734538803310656,9.927164327502691,35.37757884073439,0.0
35.97,12.595252771684565,9.407770771396509,35.53656609188951,0.0
35.975,12.435797894557679,8.886182578753424,35.654848389659186,0.0
35.980000000000004,12.258829054249635,8.365850108358684,35.73245640946185,0.0
35.985,12.064502930428729,7.850308230916635,35.76943401172267,0.0
35.99,11.854204774658589,7.341771605033639,35.766321659593316,0.0
35.995,11.627212032339724,6.8438722230585,35.72456197577164,0.0
36.0,11.389161843958856,6.361052207406767,35.64622146923366,0.0
36.005,11.137560916902286,5.893608476613215,35.53294583691682,0.0
36.01,10.87631162765836,5.445624112098322,35.386795955747246,0.0
36.015,10.604925821304498,5.0168895167718635,35.21072689160704,0.0
36.02,10.325075934777745,4.610352872106528,35.00764973685568,0.0
36.025,10.03951115006937,4.22532973692091,34.77916938740523,0.0
36.03,9.749066262365261,3.8638177222710226,34.52660008942473,0.0
36.035000000000004,9.455676225940696,3.525808025664676,34.25432137730343,0.0
36.04,9.158657796861753,3.2125741150634433,33.96322083657993,0.0
36.045,8.861639711963806,2.9236207949097515,33.65747823275675,0.0
36.050000000000004,8.563751317554347,2.6590531709802394,33.33837635473,0.0
36.055,8.267762123826232,2.4168380334797934,33.008240635046604,0.0
36.06,7.975244556293853,2.1971907243235966,32.66727439186267,0.0
36.065,7.686104936196223,1.999108276634533,32.31975579253144,0.0
36.07,7.401973814323149,1.8229954700513868,31.965796499555683,0.0
36.075,7.122288159526842,1.6679500796102804,31.60696457960924,0.0
36.08,6.849314908238276,1.5298332349857031,31.244718730459468,0.0
36.085,6.583449635109465,1.4107254176646018,30.880152106097363,0.0
36.09,6.325526569459928,1.3090879506770299,30.515639863574382,0.0
36.095,6.074201724873172,1.222744719671716,30.149950902480082,0.0
36.1,5.8321094672214855,1.152310211626679,29.784297017624223,0.0
36.105000000000004,5.597475295129677,1.0932740279206008,29.420686084170107,0.0
36.11,5.372688451340147,1.0479967269781425,29.059468192044097,0.0
36.115,5.155930305775798,1.0150339504087535,28.699455138062174,0.0
36.12,4.949280249516953,0.991018648188437,28.342828915886816,0.0
36.125,4.7516778577757375,0.9769257860178363,27.98777927291341,0.0
36.13,4.563743153423382,0.9726795509839252,27.63919714204439,0.0
36.135,4.383041373925373,0.975348881959714,27.293321932832747,0.0
36.14,4.21203637935265,0.9866079457800258,26.95066816036564,0.0
36.145,4.051091069208547,1.0050989990424388,26.613015671803968,0.0
36.15,3.8994251713290033,1.027972916970956,26.279695041689386,0.0
36.155,3.7579148922966086,1.0569894565432247,25.9496439769024,0.0
36.160000000000004,3.622620433346116,1.0896488343701152,25.623459653571977,0.0
36.165,3.4961510604087076,1.1270003476049169,25.301026196138924,0.0
36.17,3.37769346203131,1.1679026694558339,24.98381501511834,0.0
36.175000000000004,3.2672013577010417,1.2138247404677787,24.66982934464135,0.0
36.18,3.1644762866299843,1.2624446037787977,24.36062597880435,0.0
36.185,3.0688729503437493,1.3149820602429616,24.056068738338595,0.0
36.19,2.9806032180705966,1.3685423227954623,23.75516271652641,0.0
36.195,2.9013251733144974,1.425585981037014,23.459876382115603,0.0
36.2,2.827148973211042,1.484274312817888,23.16592154589306,0.0
36.205,2.759380887022538,1.5458063185837492,22.87734271099509,0.0
36.21,2.699847337952706,1.6080517706766826,22.594334451537133,0.0
36.215,2.6446898833068264,1.6731457055911352,22.3154656183925,0.0
36.22,2.5961297770504386,1.7398862740176555,22.040254204951964,0.0
36.225,2.553455956685581,1.8090488673198755,21.76936696379879,0.0
36.230000000000004,2.5166161831708873,1.8799850307975743,21.502712610025995,0.0
36.235,2.4854976338101595,1.9528109587821294,21.23977962910061,0.0
36.24,2.4588350231763876,2.0272009891502694,20.98207249282167,0.0
36.245,2.436167810460027,2.103291304821994,20.726372634945637,0.0
36.25,2.419917937895821,2.1827277347560274,20.47553511449948,0.0
36.255,2.4073448821962904,2.2625436694950425,20.22828811475331,0.0
36.26,2.399736021334581,2.344499106010032,19.984687647313216,0.0
36.265,2.3972713497255222,2.429379173557735,19.74595586850073,0.0
36.27,2.3997608178743035,2.5156706004182734,19.511339104875773,0.0
36.275,2.405477694120689,2.6047850281235045,19.281441144988413,0.0
36.28,2.4144601954546494,2.6972177968842206,19.056901412661247,0.0
36.285000000000004,2.4281961332832607,2.7920400723715058,18.836886600652356,0.0
36.29,2.444665545266122,2.8899934510101954,18.618286877676407,0.0
36.295,2.4658608373470026,2.989882501549623,18.405902052628743,0.0
36.300000000000004,2.493460036162656,3.0932501493562907,18.197958868905147,0.0
36.305,2.524452502986592,3.200705359319124,17.99403008294015,0.0
36.31,2.558378567164873,3.311128490250656,17.79479099695125,0.0
36.315,2.594892793030213,3.4252670639821834,17.600332222573364,0.0
36.32,2.6367356665244355,3.543946829971959,17.410071534058034,0.0
36.325,2.681485888630063,3.6659819554326187,17.225317199777354,0.0
36.33,2.7306961419987372,3.791840207442536,17.04457416315938,0.0
36.335,2.782511549467972,3.9233680647489,16.87020729315352,0.0
36.34,2.83934142799721,4.058238473236737,16.699939302868646,0.0
36.345,2.900246797069334,4.197614356489724,16.53525999551967,0.0
36.35,2.9646718023638803,4.342015602298316,16.375128428585143,0.0
36.355000000000004,3.033270201653267,4.49270023590043,16.221144506539382,0.0
36.36,3.1068126523079433,4.6482027743146075,16.071820423552207,0.0
36.365,3.1840522642520726,4.810877433309794,15.92916077488766,0.0
36.37,3.265142766885714,4.979552425171116,15.794535820701084,0.0
36.375,3.351690106439637,5.153576378270315,15.66561433236454,0.0
36.38,3.441370754625752,5.334357594390747,15.544973888568201,0.0
36.385,3.535733838741196,5.522217305168301,15.428576792743947,0.0
36.39,3.6352265799063606,5.716972082222798,15.320024478325184,0.0
36.395,3.7382463245491593,5.920283966820277,15.221307664105794,0.0
36.4,3.8464951736631856,6.12943614251875,15.129519130734902,0.0
36.405,3.9610796151487766,6.346642571789266,15.045678389784614,0.0
36.410000000000004,4.079831531839534,6.57107304211126,14.970427595728081,0.0
36.415,4.20417482796905,6.80421461124593,14.905596359086994,0.0
36.42,4.33437619497378,7.044450137152759,14.849688406409545,0.0
36.425000000000004,4.46894413849653,7.294006422066241,14.806249848246276,0.0
36.43,4.6105200208406245,7.551395468942571,14.772389180800998,0.0
36.435,4.756810033082638,7.81885989937475,14.750313906571927,0.0
36.44,4.90961319898321,8.094241486563035,14.73934944180047,0.0
36.445,5.069763515526111,8.380607802793905,14.741352196088934,0.0
36.45,5.235276358438978,8.67519205856881,14.758087347104455,0.0
36.455,5.408659314181293,8.980047256229236,14.788357494766856,0.0
36.46,5.5867666325981515,9.293086754802284,14.834102623138058,0.0
36.465,5.771500964290019,9.614589495281445,14.896111020846977,0.0
36.47,5.962260532363823,9.944571067442002,14.974668893559214,0.0
36.475,6.161388767578774,10.282767032137047,15.070149609057356,0.0
36.480000000000004,6.367170218788264,10.629398943265898,15.186283742711339,0.0
36.485,6.579330177875847,10.983895679709066,15.322741753928133,0.0
36.49,6.799765003969465,11.345784424827105,15.479408437993484,0.0
36.495,7.026395826805839,11.714767448217186,15.658147093359634,0.0
36.5,7.2610754332837475,12.089941119770373,15.86089893796929,0.0
36.505,7.501097052654225,12.471505002024585,16.088074474618313,0.0
36.51,7.750058685868255,12.85518968332932,16.34169224436511,0.0
36.515,8.006747725534481,13.241800172617875,16.621823339310236,0.0
36.52,8.269038264050238,13.63120952377827,16.92854325497846,0.0
36.525,8.537860657459083,14.021650742400466,17.26558627249396,0.0
36.53,8.81258246763209,14.410715865385255,17.633493028590994,0.0
36.535000000000004,9.091950872936094,14.79537394458486,18.03315975003162,0.0
36.54,9.377306762616316,15.175128359524184,18.4651017268559,0.0
36.545,9.668474701583675,15.546280132397186,18.930188232972306,0.0
36.550000000000004,9.963183735556326,15.907202565307212,19.428982100909302,0.0
36.555,10.26106726184829,16.254753683421495,19.962104964053967,0.0
36.56,10.562312260707017,16.585786662334375,20.528828301832675,0.0
36.565,10.8642847890982,16.898635898956694,21.131947204045698,0.0
36.57,11.166150536566816,17.18734530834093,21.768273637052722,0.0
36.575,11.46768716551856,17.44918423293372,22.43788586442509,0.0
36.58,11.766538480475036,17.68066030166679,23.139230456763276,0.0
36.585,12.063099952876886,17.878652820699457,23.8708569844628,0.0
36.59,12.35490002276427,18.03918681602625,24.63124501529407,0.0
36.595,12.638928399052059,18.156912871213084,25.417020565537115,0.0
36.6,12.914439747607636,18.229387953357797,26.226138761007267,0.0
36.605000000000004,13.180222235113884,18.253034888982704,27.05400830281519,0.0
36.61,13.432450090053845,18.224841907763558,27.89609275754392,0.0
36.615,13.672544700351514,18.140685411790024,28.749134744185902,0.0
36.62,13.896624100617915,17.997933372199686,29.60735701861967,0.0
36.625,14.101728301963401,17.797935846776777,30.462726163523367,0.0
36.63,14.285802092193254,17.53523529956204,31.31048408034187,0.0
36.635,14.44767070559732,17.211030183172802,32.14593656329934,0.0
36.64,14.585033867569228,16.825678869954068,32.96069927430772,0.0
36.645,14.697500536886462,16.379965955200976,33.74638860155875,0.0
36.65,14.781013102209617,15.87529129690102,34.50025532506945,0.0
36.655,14.834969842430686,15.315108449026628,35.21276417957647,0.0
36.660000000000004,14.858928390586392,14.70272960266066,35.87844074911821,0.0
36.665,14.850889917382839,14.043770510247164,36.49293412115411,0.0
36.67,14.811010114370642,13.343392091285832,37.04821980661741,0.0
36.675000000000004,14.738545631882133,12.607597478805877,37.54375646172351,0.0
36.68,14.632074468061814,11.84179131724588,37.972292311912184,0.0
36.685,14.491903034358787,11.052900424193373,38.333037579110524,0.0
36.69,14.318924264472345,10.250761529895643,38.62239119547184,0.0
36.695,14.115974085270569,9.439274196535091,38.84146607890938,0.0
36.7,13.881487805634015,8.626705196881218,38.989469057922236,0.0
36.705,13.620172901631433,7.821869900400755,39.067487277062305,0.0
36.71,13.330123387329165,7.0284381434243475,39.07943080141468,0.0
36.715,13.015678829672998,6.2542801504121375,39.02615798870952,0.0
36.72,12.67787747506531,5.505049367024147,38.91267011202872,0.0
36.725,12.318178269587163,4.785935659533618,38.742484092616564,0.0
36.730000000000004,11.941956243351488,4.09932807646428,38.51973738318753,0.0
36.735,11.549682610883146,3.449410507355209,38.2512512120537,0.0
36.74,11.144640333912829,2.840375774937543,37.94001983992194,0.0
36.745,10.728386290266677,2.2722349720881097,37.592277638895844,0.0
36.75,10.306046188693104,1.74595851161898,37.21315598679094,0.0
36.755,9.878609788300764,1.2622871996213005,36.80777327270233,0.0
36.76,9.447984612754603,0.8212628292802223,36.37964814734427,0.0
36.765,9.017197416154795,0.42098042684824294,35.93287624887368,0.0
36.77,8.586836891207382,0.06112717877409318,35.4713369929368,0.0
36.775,8.159554144151842,-0.2597556304126322,35.00212677682555,0.0
36.78,7.738359991046911,-0.5443918086119205,34.524794016255214,0.0
36.785000000000004,7.323852321719273,-0.7960123003286561,34.04350506481889,0.0
36.79,6.919261997339527,-1.0137792925857572,33.56165387113806,0.0
36.795,6.523003589382952,-1.2008990382151246,33.0788919651371,0.0
36.800000000000004,6.13793163065025,-1.3601668109951692,32.59793565683733,0.0
36.805,5.762939430450147,-1.493922618108481,32.12143077688649,0.0
36.81,5.400337132510812,-1.6051899340038738,31.65039509687704,0.0
36.815,5.0501431086936615,-1.6955945467247664,31.185170780598472,0.0
36.82,4.711855599619121,-1.767670750314836,30.727198481408177,0.0
36.825,4.387827884597976,-1.8222323867187875,30.274506169453186,0.0
36.83,4.077355428351277,-1.862298346398319,29.830423276200595,0.0
36.835,3.778982389235574,-1.8908819219686803,29.394377070868867,0.0
36.84,3.4953861385771416,-1.9082741857986332,28.968185817930447,0.0
36.845,3.225585681836901,-1.9150612380255474,28.548049644243292,0.0
36.85,2.9681173282822737,-1.9149815488418795,28.137649781482907,0.0
36.855000000000004,2.7242164267875797,-1.9078660971510697,27.73506774807873,0.0
36.86,2.491883337829513,-1.8948718935222462,27.33874911089678,0.0
36.865,2.2721564350016408,-1.8771763332870792,26.95038372550441,0.0
36.87,2.0640591441360185,-1.8562871471334246,26.570363930622218,0.0
36.875,1.8678823508433626,-1.8318302078923996,26.197854993861206,0.0
36.88,1.6827776929737264,-1.8066868192670391,25.830898607064462,0.0
36.885,1.5085635629576746,-1.7804569481141785,25.47088682172784,0.0
36.89,1.3440830487332793,-1.753824945577677,25.117880130023448,0.0
36.895,1.1897584075164307,-1.7259662501923174,24.769939506969482,0.0
36.9,1.0450319021346668,-1.697542949922792,24.430054955367254,0.0
36.905,0.9076752376075656,-1.6705693195110567,24.09501698956512,0.0
36.910000000000004,0.7794919882782443,-1.6452223465442894,23.76517833556824,0.0
36.915,0.6585281527410111,-1.6197823075110989,23.441301865675563,0.0
36.92,0.5444518698564104,-1.595484496518996,23.123637219329552,0.0
36.925000000000004,0.4367609792024475,-1.5737632990301818,22.810515588485917,0.0
36.93,0.3366190701434052,-1.553240921231639,22.503306812894653,0.0
36.935,0.24128777972185023,-1.5361225352921808,22.200709191670907,0.0
36.94,0.15141076262095404,-1.5202007833797575,21.901803920482255,0.0
36.945,0.06759815802345194,-1.5075547324623384,21.608247967316835,0.0
36.95,-0.012040786052097782,-1.4980057640719344,21.31870354025019,0.0
36.955,-0.0866157067877909,-1.4923747439788202,21.03411961680957,0.0
36.96,-0.1552960813828554,-1.4886702964973026,20.754650438495958,0.0
36.965,-0.2220436918282632,-1.4866497829950591,20.479699152586022,0.0
36.97,-0.2848489087858433,-1.4872123836619773,20.208970616505457,0.0
36.975,-0.3454060923646096,-1.4910859398019043,19.940987499602127,0.0
36.980000000000004,-0.4029963250652372,-1.4984720798245164,19.677408576384764,0.0
36.985,-0.45753374968164917,-1.50722189382636,19.41864999591465,0.0
36.99,-0.5105143524938495,-1.5202033594360167,19.163159712039533,0.0
36.995,-0.5599469136682812,-1.5358683295413205,18.910514328845014,0.0
37.0,-0.608944027828553,-1.5527964861949632,18.66328948713955,0.0
37.005,-0.6566978028022835,-1.5729568438622008,18.420376618132458,0.0
37.01,-0.7025414534113965,-1.5963046531619791,18.179755112992996,0.0
37.015,-0.7467092595749091,-1.6229919967805297,17.942540476819467,0.0
37.02,-0.7908601174542724,-1.6531840501166533,17.709030582608737,0.0
37.025,-0.834270541167889,-1.6843062244992169,17.478759080272916,0.0
37.03,-0.8763507657396689,-1.7196604923221877,17.25249217477478,0.0
37.035000000000004,-0.9170834882667911,-1.758609916484447,17.030599903818423,0.0
37.04,-0.9596522965783455,-1.8014346465817728,16.811449087270073,0.0
37.045,-1.0019670474452946,-1.8465287927171352,16.596994180678834,0.0
37.050000000000004,-1.0434039031925884,-1.8948376719813218,16.383448305949685,0.0
37.055,-1.0858594210380463,-1.9464797039216308,16.175197911768592,0.0
37.06,-1.128518204658063,-2.0001385230886837,15.969946944449232,0.0
37.065,-1.172843960805834,-2.058506671295198,15.767567543007031,0.0
37.07,-1.2180619879922339,-2.1194273451295733,15.57034689638351,0.0
37.075,-1.262906468912477,-2.1842356045822475,15.376338935554001,0.0
37.08,-1.3091291081891594,-2.253103742763186,15.18513577086116,0.0
37.085,-1.3571045202398924,-2.3265316711550486,14.997289400972726,0.0
37.09,-1.4056119551477124,-2.4034983032478703,14.813287625621621,0.0
37.095,-1.454394540109832,-2.484179202658617,14.633398813517005,0.0
37.1,-1.5049066620394322,-2.569067378826397,14.45622265543642,0.0
37.105000000000004,-1.5579023299899608,-2.6566342023512997,14.283632916473788,0.0
37.11,-1.612829038922678,-2.749262426613035,14.114104817655726,0.0
37.115,-1.6692766312663514,-2.8474138622094354,13.947760520364723,0.0
37.12,-1.7281202764779657,-2.950221757429598,13.78609924435352,0.0
37.125,-1.789029334375252,-3.0586949802355865,13.626375899428258,0.0
37.13,-1.8531517312094365,-3.1727949567350855,13.471171834824187,0.0
37.135,-1.9186962800403184,-3.2909615724962973,13.32161586037093,0.0
37.14,-1.9866708071301422,-3.414710437494072,13.174654364619194,0.0
37.145,-2.05805635329341,-3.545056386060456,13.031848736076267,0.0
37.15,-2.1332206879561,-3.6816971089898205,12.89430485773653,0.0
37.155,-2.2100009371160305,-3.825548438831574,12.762253207830305,0.0
37.160000000000004,-2.2895884722053808,-3.975670110645057,12.633861039889561,0.0
37.165,-2.374572133151766,-4.1313087153937404,12.510980438188884,0.0
37.17,-2.463028742269724,-4.29498569281426,12.393036606283365,0.0
37.175000000000004,-2.5544282827342526,-4.466751507221794,12.280813593236893,0.0
37.18,-2.6492975184514167,-4.645609859820157,12.172981038390063,0.0
37.185,-2.748459857890829,-4.832076013570711,12.073521428733725,0.0
37.19,-2.8524028189036135,-5.026884571261647,11.979263630976957,0.0
37.195,-2.961269771689741,-5.23110550749176,11.8920098647472,0.0
37.2,-3.074882138925625,-5.444141327633147,11.811001704616885,0.0
37.205,-3.1930547089114993,-5.665654531641467,11.738111408288013,0.0
37.21,-3.318598903616144,-5.89750060755397,11.672782009383699,0.0
37.215,-3.4478826932898814,-6.139222760729427,11.614882153730495,0.0
37.22,-3.5828286812247545,-6.3906550376935645,11.56623509751952,0.0
37.225,-3.7231264934675243,-6.652069921185643,11.526559242483144,0.0
37.230000000000004,-3.8693323035215244,-6.924352206106709,11.496888833929741,0.0
37.235,-4.022134840460238,-7.209253366372563,11.478185538477845,0.0
37.24,-4.180762022464211,-7.506425003849913,11.469602616905261,0.0
37.245,-4.346938841119872,-7.813816520338374,11.47249003968541,0.0
37.25,-4.521003230563881,-8.134293742996975,11.490480411118178,0.0
37.255,-4.70400098840358,-8.468230920556605,11.52172455220435,0.0
37.26,-4.893522154385696,-8.814166210589638,11.566654602974468,0.0
37.265,-5.089382524410374,-9.171577961111627,11.62795964422007,0.0
37.27,-5.293491874576279,-9.54165762707881,11.70575555279846,0.0
37.275,-5.5060237088946895,-9.924905862834558,11.802090745527364,0.0
37.28,-5.726784447098754,-10.320888300863231,11.918342501728352,0.0
37.285000000000004,-5.956803854742492,-10.731247786689687,12.055203511974206,0.0
37.29,-6.196434582251222,-11.15221343699404,12.213428824783174,0.0
37.295,-6.443557295124455,-11.585520846866652,12.396036377802478,0.0
37.300000000000004,-6.699693369835173,-12.029827040072625,12.604093190769158,0.0
37.305,-6.9659093943971575,-12.486129751303366,12.839409559156042,0.0
37.31,-7.241628931884489,-12.951752951802483,13.103474728922404,0.0
37.315,-7.527012609692332,-13.426703747207194,13.397348950922723,0.0
37.32,-7.821267790860043,-13.909939635823877,13.723446960583045,0.0
37.325,-8.12427639930455,-14.39909457218192,14.083676551664698,0.0
37.33,-8.437383008604392,-14.893701418897878,14.479934435004557,0.0
37.335,-8.76010585627263,-15.38903470415239,14.915087919368418,0.0
37.34,-9.091573753145283,-15.885439116234537,15.389310045349063,0.0
37.345,-9.431239533921767,-16.380820521443017,15.905342772459976,0.0
37.35,-9.77796882409081,-16.8687038547242,16.466549001467065,0.0
37.355000000000004,-10.133138559043513,-17.347667167195404,17.070916619426214,0.0
37.36,-10.49360316010169,-17.81532629637072,17.72155183097025,0.0
37.365,-10.860251198265912,-18.263677636494418,18.420098483667037,0.0
37.37,-11.230321494926724,-18.692812903494872,19.16566589125522,0.0
37.375,-11.602866517438791,-19.09484688326612,19.959180025499514,0.0
37.38,-11.977299740022886,-19.46673082122699,20.800910719176464,0.0
37.385,-12.352085423797003,-19.799769399093194,21.68886901173409,0.0
37.39,-12.724389296556913,-20.091030824944852,22.622340919292313,0.0
37.395,-13.093097930210485,-20.331867233194963,23.598390560718485,0.0
37.4,-13.455509724172266,-20.517864404595723,24.615088905310902,0.0
37.405,-13.808960874433197,-20.641919179769783,25.668549830038067,0.0
37.410000000000004,-14.15217548198364,-20.700138198366094,26.751022193164694,0.0
37.415,-14.479057599979825,-20.684702414412737,27.859028368398178,0.0
37.42,-14.78897047291462,-20.590794688315945,28.98484057869332,0.0
37.425000000000004,-15.079683647255907,-20.41574951595581,30.120478779671515,0.0
37.43,-15.34596884290635,-20.152927174272243,31.25829813673098,0.0
37.435,-15.585806041270718,-19.802278961470684,32.38678189817799,0.0
37.44,-15.797675996857512,-19.3610922070955,33.49740522554765,0.0
37.445,-15.97634363799253,-18.830340040122834,34.5805836736419,0.0
37.45,-16.118920628452162,-18.21051024208775,35.62321020447499,0.0
37.455,-16.22341883473718,-17.50522701231826,36.616707421061435,0.0
37.46,-16.288236724887987,-16.718460008718424,37.547304759357964,0.0
37.465,-16.31054870818505,-15.85591246444379,38.40916975726119,0.0
37.47,-16.286059806626533,-14.926419206131529,39.188907928795366,0.0
37.475,-16.217839675006065,-13.941142943087996,39.88204188152432,0.0
37.480000000000004,-16.103491344672964,-12.906740518317967,40.48012490360932,0.0
37.485,-15.944776440830683,-11.836841221740462,40.98014761868856,0.0
37.49,-15.740178487168384,-10.741965675251613,41.377488330196975,0.0
37.495,-15.490098607463814,-9.634526548957504,41.670806721256724,0.0
37.5,-15.196625254023022,-8.52759764094721,41.861551615676476,0.0
37.505,-14.863777161325332,-7.431791801008347,41.95149329181187,0.0
37.51,-14.492328002727769,-6.356576830800636,41.94349155727857,0.0
37.515,-14.085891927974403,-5.314843386785247,41.84465231728251,0.0
37.52,-13.648220436107762,-4.312603540116604,41.66090440164383,0.0
37.525,-13.181228598770538,-3.358146102060348,41.39926831215191,0.0
37.53,-12.690672901165879,-2.4587624982974674,41.068801589025476,0.0
37.535000000000004,-12.179613598209897,-1.6173844768213503,40.67806934955857,0.0
37.54,-11.652473029873194,-0.8377476481704481,40.23407277692992,0.0
37.545,-11.111597250834253,-0.12019962121133176,39.74670075020518,0.0
37.550000000000004,-10.562174051205378,0.5324469525915124,39.22267131514882,0.0
37.555,-10.007912338301747,1.1226546838108502,38.672221220562285,0.0
37.56,-9.452277447965233,1.651161452990535,38.099816416319186,0.0
37.565,-8.896572623212505,2.120053708264813,37.51316548101395,0.0
37.57,-8.346098895639917,2.532664811922552,36.91844631875991,0.0
37.575,-7.800232891400185,2.890531299508413,36.32048701822428,0.0
37.58,-7.266327065525398,3.199425863907021,35.72413856295758,0.0
37.585,-6.742836073635601,3.4635986762623734,35.132520253735535,0.0
37.59,-6.233184656293872,3.686397462617842,34.549846319557105,0.0
37.595,-5.735818939741871,3.871583482256278,33.97343495184782,0.0
37.6,-5.254014446102693,4.023089883240928,33.40994028467208,0.0
37.605000000000004,-4.790717407936814,4.146091669028106,32.85874782702849,0.0
37.61,-4.343403179302908,4.24219597418351,32.31972111021422,0.0
37.615,-3.914030954735542,4.314499912353946,31.797462793597475,0.0
37.62,-3.5033200202585433,4.367853386459846,31.28876283125593,0.0
37.625,-3.111001147525941,4.403504489004055,30.795070191370996,0.0
37.63,-2.73599199284713,4.426167382449614,30.31504840917964,0.0
37.635,-2.3782911284102486,4.436406132395845,29.84988053917539,0.0
37.64,-2.0384150880491028,4.43607107367843,29.399629866189862,0.0
37.645,-1.7152199437119515,4.428214502726502,28.962284211217472,0.0
37.65,-1.408928836926604,4.414629224381136,28.539805966393764,0.0
37.655,-1.1176833039488219,4.396320255075541,28.128528088545984,0.0
37.660000000000004,-0.8414397638052526,4.373809984572351,27.729508722095684,0.0
37.665,-0.5812167850724707,4.350257412392623,27.340028358700174,0.0
37.67,-0.335687023725333,4.327040349382424,26.96298137448374,0.0
37.675000000000004,-0.1010973540515841,4.303290764426983,26.597219063799958,0.0
37.68,0.11943737268124258,4.280670966455978,26.241151937964947,0.0
37.685,0.32750068169194835,4.260268156821362,25.892520026293866,0.0
37.69,0.5230684013643316,4.2426312347750335,25.55329825315922,0.0
37.695,0.7095305200419467,4.227778277281262,25.223034318973117,0.0
37.7,0.8856753866574697,4.216659794683025,24.901326970154642,0.0
37.705,1.050937194284932,4.209877203206736,24.587784601948734,0.0
37.71,1.2091512297935632,4.207536631101436,24.282718608285368,0.0
37.715,1.358433669769847,4.208342380772436,23.98416146611749,0.0
37.72,1.5005535834337775,4.215138757817504,23.69384759461934,0.0
37.725,1.6378588689353053,4.225638295380508,23.409929484060175,0.0
37.730000000000004,1.7661018860083024,4.241378370158327,23.134310111152853,0.0
37.735,1.8899078729450562,4.263790720856424,22.862878784336388,0.0
37.74,2.0086149053438294,4.291084527159182,22.5987569120866,0.0
37.745,2.1228897842826706,4.324651559842485,22.340500827896307,0.0
37.75,2.231516206300973,4.363302669760672,22.08793770149195,0.0
37.755,2.338911132211163,4.407470244983513,21.84194284988922,0.0
37.76,2.441951661899113,4.457364073723579,21.602937261605916,0.0
37.765,2.5419573930923685,4.513556365548186,21.367863718316947,0.0
37.77,2.6394939687469905,4.576457780781371,21.13900332189166,0.0
37.775,2.7360153398615954,4.643554670666501,20.917086577869963,0.0
37.78,2.830965878860605,4.7182758560904805,20.70208674034728,0.0
37.785000000000004,2.9260563832371087,4.79829431843384,20.492461059199307,0.0
37.79,3.0194993793138476,4.88595771134192,20.289312805314843,0.0
37.795,3.113020055520273,4.977770208465142,20.094117158878493,0.0
37.800000000000004,3.206288766275466,5.076695399869084,19.904145034015983,0.0
37.805,3.300206670074781,5.181672176238999,19.72081336627816,0.0
37.81,3.3937773940576528,5.291299697679234,19.543004888021628,0.0
37.815,3.4886442067595294,5.408884057686032,19.37206975359878,0.0
37.82,3.584793249276756,5.532420123310145,19.207572427575794,0.0
37.825,3.6811456333795296,5.662743604307596,19.051778570947175,0.0
37.83,3.7800672835917677,5.797465686257676,18.901933624212113,0.0
37.835,3.8832468538448395,5.941035361700365,18.758997840359935,0.0
37.84,3.986099821865288,6.090795589023866,18.6242029568613,0.0
37.845,4.091446892882714,6.24760125252287,18.497890936765497,0.0
37.85,4.198699977442577,6.410754552995351,18.38000729536057,0.0
37.855000000000004,4.308123160578767,6.58073367950699,18.269649667937763,0.0
37.86,4.420454606369185,6.757293499964206,18.166750039206452,0.0
37.865,4.537578881639669,6.941033324330709,18.073985408608102,0.0
37.87,4.656680854881214,7.130758993091829,17.991465318519122,0.0
37.875,4.779840225377192,7.327658269336816,17.918830353284147,0.0
37.88,4.90638066353488,7.533825214551855,17.853471468117373,0.0
37.885,5.038359790515541,7.744237925917386,17.799324000139375,0.0
37.89,5.173136719033587,7.962269965452204,17.755572771948124,0.0
37.895,5.312481381504702,8.188097417377731,17.725086051735186,0.0
37.9,5.457237389315657,8.420088334851634,17.706186047182243,0.0
37.905,5.606138558597352,8.659836015875374,17.70050375328073,0.0
37.910000000000004,5.758774398249822,8.905135640175851,17.70778496301313,0.0
37.915,5.91701929620314,9.15739288006162,17.728951706950774,0.0
37.92,6.07934741120467,9.416289061630007,17.764491333040958,0.0
37.925000000000004,6.245882783059536,9.678397755711648,17.81432514174124,0.0
37.93,6.417961605266881,9.946761193413765,17.87856089574812,0.0
37.935,6.594431292726684,10.222087778171254,17.959462985356875,0.0
37.94,6.775845023691505,10.503232019528252,18.056437969390625,0.0
37.945,6.960864668763654,10.78779141154635,18.172926972169716,0.0
37.95,7.152912667770923,11.075719051578506,18.30681859182409,0.0
37.955,7.349859503761417,11.367927782875958,18.45941106248664,0.0
37.96,7.549616675272857,11.661798343382328,18.631100282895293,0.0
37.965,7.7548923289406835,11.956537211546314,18.82221375151023,0.0
37.97,7.965066230323386,12.252336327061764,19.03460590287788,0.0
37.975,8.180192413755014,12.54920463025951,19.268631377016156,0.0
37.980000000000004,8.398135925596728,12.843194230151978,19.524612702196535,0.0
37.985,8.6208300342737,13.134919676696576,19.803323976425514,0.0
37.99,8.845599322123327,13.422392391243973,20.103884898125905,0.0
37.995,9.075866742104294,13.703689279010955,20.429844524742883,0.0
38.0,9.307656137047212,13.978758400217748,20.77859673226814,0.0
38.005,9.541080359095604,14.245571399094928,21.152774180730987,0.0
38.01,9.775536422044775,14.501004284459395,21.55017712644942,0.0
38.015,10.01274987495427,14.74404987452077,21.971723631306173,0.0
38.02,10.249447801948442,14.972307457455095,22.418468693735818,0.0
38.025,10.48538468288467,15.183146985002054,22.88681632260866,0.0
38.03,10.719108889220252,15.37657150435457,23.376708162877854,0.0
38.035000000000004,10.952326225373563,15.548898263740961,23.88976345571493,0.0
38.04,11.181748721898927,15.695607395072614,24.42202822204172,0.0
38.045,11.407592830716723,15.815843769825612,24.973783950376287,0.0
38.050000000000004,11.627876362558924,15.909399759330434,25.54376539553373,0.0
38.055,11.841738382144799,15.971827064315427,26.12670020703348,0.0
38.06,12.047857346599141,16.0031313020712,26.724117136031822,0.0
38.065,12.245365474599817,15.998403692419236,27.332319176852643,0.0
38.07,12.433428393882837,15.960422105964867,27.947511511590157,0.0
38.075,12.610401605810619,15.883544148133439,28.566748583485538,0.0
38.08,12.773672040738191,15.768287064962117,29.18854902916307,0.0
38.085,12.923370198996375,15.613065373899616,29.805523219334148,0.0
38.09,13.058650018947544,15.41814685426033,30.41694879234477,0.0
38.095,13.175744326484176,15.183747353251261,31.018346253158924,0.0
38.1,13.275673043642417,14.90948705600165,31.60446066120132,0.0
38.105000000000004,13.357681728177127,14.597170066505965,32.17285702335173,0.0
38.11,13.418410609567502,14.245896329679661,32.71893289792371,0.0
38.115,13.460112507507919,13.858938104550877,33.23847276276991,0.0
38.12,13.478889369497105,13.436808646666645,33.72871205715728,0.0
38.125,13.475167245966654,12.984027333264608,34.18533895074908,0.0
38.13,13.450974222871674,12.502257193105587,34.60370721763296,0.0
38.135,13.403548723285532,11.995475739128892,34.983168210477885,0.0
38.14,13.333304514379876,11.466486618874676,35.31933256782608,0.0
38.145,13.240996661469289,10.921501400070722,35.61400670048449,0.0
38.15,13.124111158937332,10.362612903449103,35.86185415940821,0.0
38.155,12.986999130991823,9.794853818996142,36.063805590767664,0.0
38.160000000000004,12.826467778906661,9.222812179682235,36.21882328350503,0.0
38.165,12.647260343354537,8.648318998296826,36.32719455483765,0.0
38.17,12.447004021932873,8.078690365017028,36.388893230663896,0.0
38.175000000000004,12.22814810932608,7.515959343957926,36.407030914414804,0.0
38.18,11.992357754066049,6.9630811063325675,36.38077528374529,0.0
38.185,11.74200587181746,6.426051394906105,36.313070589190836,0.0
38.19,11.476511155115631,5.906202174906953,36.20538720533485,0.0
38.195,11.197741423461297,5.404807905178098,36.060325327558274,0.0
38.2,10.907287557343283,4.926178733149847,35.88247034337121,0.0
38.205,10.608125229070781,4.471773152560643,35.67298097968768,0.0
38.21,10.301164410247607,4.042388147281797,35.43536516573272,0.0
38.215,9.986988467687167,3.639556700214712,35.171781863300495,0.0
38.22,9.67014083509771,3.262942605048176,34.88509056900784,0.0
38.225,9.349110812973777,2.913748205022985,34.5776473514811,0.0
38.230000000000004,9.027333615031278,2.591914618200607,34.25234095893185,0.0
38.235,8.705945208653036,2.297432705391305,33.91234096180634,0.0
38.24,8.383990584592961,2.0294746010165845,33.56136539703569,0.0
38.245,8.065973539410441,1.7863441640341724,33.20025722460919,0.0
38.25,7.75180133118768,1.567703746826668,32.830145968066155,0.0
38.255,7.4420738374184054,1.3734263504919784,32.4531333056544,0.0
38.26,7.138816341447079,1.20110913585564,32.07229988700302,0.0
38.265,6.841324513400233,1.0502341789246517,31.686564487049697,0.0
38.27,6.551511174252827,0.9185981091382525,31.298893300551338,0.0
38.275,6.2709277467029185,0.8058540863215463,30.910535027135364,0.0
38.28,5.998204240701506,0.7094695284407726,30.523669880245293,0.0
38.285000000000004,5.733871490845821,0.6310274769915702,30.137279100622106,0.0
38.29,5.4784969391933025,0.5655993439905164,29.754174359342905,0.0
38.295,5.234136194648695,0.5151114429124468,29.374330549677353,0.0
38.300000000000004,4.997406016963085,0.4759395349338224,28.996037557980006,0.0
38.305,4.770802067913822,0.44878372210598527,28.6214105455466,0.0
38.31,4.553380245086328,0.43166350492106,28.250143913342466,0.0
38.315,4.346439425842748,0.4241635724346418,27.882968706938478,0.0
38.32,4.150659836136673,0.4244394067338308,27.52125141073725,0.0
38.325,3.9644813808476287,0.43266716205728306,27.163745217431448,0.0
38.33,3.7874458104731827,0.4477957850721374,26.809939646373348,0.0
38.335,3.6203261392937347,0.46833944429784663,26.461328202861143,0.0
38.34,3.461419854764292,0.49212662459006506,26.117167131181443,0.0
38.345,3.3127497862823967,0.5221638695782894,25.776572426209427,0.0
38.35,3.174003313175689,0.5572674406734448,25.441222919982913,0.0
38.355000000000004,3.042587367311988,0.5950577580893446,25.11236882753257,0.0
38.36,2.920279805608049,0.6351966363050284,24.786826461333735,0.0
38.365,2.805043026879639,0.6785178070436412,24.466247493549368,0.0
38.37,2.699177915617825,0.7251220684356093,24.14846944950861,0.0
38.375,2.6011451492497217,0.7730682718916605,23.836002099562517,0.0
38.38,2.5089535278241404,0.8243818066648504,23.527745266333994,0.0
38.385,2.425773268927524,0.8764428082706713,23.22337906775825,0.0
38.39,2.3490383411294298,0.9301432403753436,22.923841504766944,0.0
38.395,2.2780721316855663,0.9849626572790369,22.628596392824395,0.0
38.4,2.2128872160664392,1.0401800135189463,22.33795258730417,0.0
38.405,2.1533693940098364,1.0977976185147489,22.051386783893445,0.0
38.410000000000004,2.101153668501629,1.1564075098047788,21.770647625226662,0.0
38.415,2.054069807624648,1.2159621429882108,21.492488481951916,0.0
38.42,2.012405614963681,1.2768082136457592,21.217190769391316,0.0
38.425000000000004,1.9762162636447391,1.3383110337673905,20.946589827747832,0.0
38.43,1.9450005358214275,1.4013852366145065,20.67940032627547,0.0
38.435,1.9168981409221877,1.4656425429593805,20.417486764027846,0.0
38.44,1.8936730140525981,1.5319554882439068,20.159899940222875,0.0
38.445,1.8744492153768544,1.5994762671944383,19.906031313997087,0.0
38.45,1.8619643648440662,1.6672316659319295,19.656456521080706,0.0
38.455,1.8522477158840434,1.7380682780439283,19.4092055619871,0.0
38.46,1.8466582353856127,1.810556663166691,19.16556213517337,0.0
38.465,1.845118469785459,1.8825563884249619,18.927111794182355,0.0
38.47,1.84613327324171,1.9566494253286275,18.692895989873183,0.0
38.475,1.8507465762237627,2.0337013255932797,18.462862220886255,0.0
38.480000000000004,1.8596985259666585,2.1118692539562502,18.23555240706772,0.0
38.485,1.8729652451496865,2.191971801488056,18.011773619932722,0.0
38.49,1.8886373003227097,2.2738555115261145,17.791720389391063,0.0
38.495,1.9078621597264438,2.3597159160370706,17.5758129086204,0.0
38.5,1.9311393985504175,2.446353688054724,17.363901584547506,0.0
38.505,1.9570172068852612,2.538200577850011,17.154699626648213,0.0
38.51,1.9868970791701246,2.6321550424620384,16.950871276651455,0.0
38.515,2.0188621943536824,2.729882225788285,16.750697604965474,0.0
38.52,2.0540736494653102,2.830119144140523,16.554726159830704,0.0
38.525,2.0939397565106743,2.9323332038129153,16.36309526026726,0.0
38.53,2.1363935204906155,3.0392349856786938,16.17478627986018,0.0
38.535000000000004,2.181606082641822,3.1493597889502323,15.990918410565756,0.0
38.54,2.230890801556149,3.2638152753023326,15.81260108262459,0.0
38.545,2.281722171054162,3.382609986315167,15.637933992401129,0.0
38.550000000000004,2.3365144090947862,3.5075699458535228,15.468700878031848,0.0
38.555,2.396004288471022,3.6370565110739244,15.303577952883149,0.0
38.56,2.458574028910595,3.7699877098857546,15.143660299066047,0.0
38.565,2.5245138835761423,3.9081143792525896,14.988148768276861,0.0
38.57,2.5938784688595256,4.053001211080031,14.837639070051585,0.0
38.575,2.6676323335141454,4.204328205269675,14.691123174229693,0.0
38.58,2.745189677299877,4.360293631809747,14.551206830183329,0.0
38.585,2.82608060289007,4.522924326916038,14.417266836381106,0.0
38.59,2.9102507433051263,4.692471490553611,14.288178127528393,0.0
38.595,2.9993177565544165,4.868707002733316,14.166121775175476,0.0
38.6,3.0922410666221984,5.0504463655256835,14.05016171568548,0.0
38.605000000000004,3.1901358998099565,5.240735022520202,13.940209314808767,0.0
38.61,3.291324320077199,5.438856507441351,13.837065226097003,0.0
38.615,3.3980240613520802,5.645753639486552,13.742810514144493,0.0
38.62,3.5105481942260477,5.860839710750752,13.654476653632491,0.0
38.625,3.6274806659167234,6.08310173809553,13.575789635870873,0.0
38.63,3.7506809861560164,6.313976399850062,13.505095321437718,0.0
38.635,3.87869666235596,6.554941968640921,13.443663187842862,0.0
38.64,4.012510214848051,6.804364083235591,13.390963634028106,0.0
38.645,4.151422996621887,7.064496703219127,13.348456861222198,0.0
38.65,4.297344457856647,7.333857414207786,13.318029478044975,0.0
38.655,4.448992473820798,7.611933509890766,13.297705801882257,0.0
38.660000000000004,4.608054592110414,7.901742876897795,13.29064825289956,0.0
38.665,4.771461507662196,8.2020615076054,13.295354930436334,0.0
38.67,4.9442067106144005,8.512274471607194,13.312536177992126,0.0
38.675000000000004,5.122492215070505,8.8316931933359,13.34571312308262,0.0
38.68,5.307303983520613,9.162024690418834,13.39258580578838,0.0
38.685,5.500124515309269,9.504411858788641,13.457821025985481,0.0
38.69,5.700810824012518,9.857250483159692,13.539435699349172,0.0
38.695,5.909768934455783,10.22116918169943,13.639192328048546,0.0
38.7,6.125400753072846,10.594721635098791,13.758691913066281,0.0
38.705,6.348592525531349,10.977249733103488,13.89944190790327,0.0
38.71,6.580955190095206,11.370736949370437,14.063662870058517,0.0
38.715,6.82032227887131,11.77274393962136,14.249247375300463,0.0
38.72,7.0682441093962955,12.18276916983832,14.460271321778928,0.0
38.725,7.323323888974146,12.600451055323328,14.697484102789913,0.0
38.730000000000004,7.5872237189337675,13.02541323579231,14.963128663779308,0.0
38.735,7.858199592899239,13.45447725096935,15.257859549838608,0.0
38.74,8.138425768959356,13.88763748407878,15.58292638178161,0.0
38.745,8.426554675530875,14.323540607350045,15.940455555656598,0.0
38.75,8.72069023646959,14.76014355051297,16.32998366636072,0.0
38.755,9.02351902056351,15.195991395221357,16.75625306206872,0.0
38.76,9.331814296505037,15.627300848460395,17.219309706100862,0.0
38.765,9.647623229843596,16.051604958946598,17.71919199307533,0.0
38.77,9.967604952596506,16.46696139921058,18.2584759066036,0.0
38.775,10.291491944483054,16.869845922914994,18.83564148400997,0.0
38.78,10.619164054931487,17.25707147619497,19.452883173722608,0.0
38.785000000000004,10.950255205337205,17.625219056345156,20.110212005812002,0.0
38.79,11.284581431878877,17.968451483190055,20.807415078846894,0.0
38.795,11.617794544742702,18.28529182602168,21.5428380632052,0.0
38.800000000000004,11.952169252025861,18.569744580253527,22.31712953506622,0.0
38.805,12.283724997727663,18.81592575321493,23.128793671382663,0.0
38.81,12.610151554754088,19.021021301374237,23.977195579555573,0.0
38.815,12.930635772443944,19.178501608257406,24.855936149096067,0.0
38.82,13.242098575670548,19.285324110740294,25.764215152093684,0.0
38.825,13.543456986425426,19.338112312705153,26.698154493648364,0.0
38.83,13.832714178661082,19.329361929682243,27.652342184082915,0.0
38.835,14.106259795407421,19.256181360354315,28.620399687443502,0.0
38.84,14.364383789858039,19.115322679393557,29.597131351423787,0.0
38.845,14.601813914511357,18.90561021918743,30.573714065494556,0.0
38.85,14.815360731230742,18.622813487794957,31.54693934534858,0.0
38.855000000000004,15.005859067512132,18.268342061054682,32.505178316602,0.0
38.86,15.169471033015405,17.838625542423284,33.442670804800066,0.0
38.865,15.302317495137066,17.33562277005872,34.34939470919096,0.0
38.87,15.40470454955744,16.762581393074,35.2178602844547,0.0
38.875,15.473016326566091,16.122975395006375,36.03829013149412,0.0
38.88,15.503609514445357,15.420313664447692,36.80403745811703,0.0
38.885,15.499706622511866,14.661593466198525,37.50796428265581,0.0
38.89,15.45714844387316,13.851022857412152,38.14366676216474,0.0
38.895,15.376494581011094,12.997222304640243,38.70391892906407,0.0
38.9,15.25749932971544,12.108940475959987,39.18701114201864,0.0
38.905,15.100517383334902,11.19552836820415,39.58881460759171,0.0
38.910000000000004,14.90554018431528,10.264126958850468,39.905816629825004,0.0
38.915,14.674105120518725,9.325155797992855,40.13826783681747,0.0
38.92,14.40601910823158,8.388702964172612,40.2874669042971,0.0
38.925000000000004,14.105589157440336,7.462068040508423,40.35445608595347,0.0
38.93,13.773307507442153,6.55315297840441,40.34335144042773,0.0
38.935,13.412143981594014,5.670292631142849,40.257294558654124,0.0
38.94,13.02527219438795,4.819569828996813,40.10186013693705,0.0
38.945,12.615687188830803,4.007548784118025,39.88104739387544,0.0
38.95,12.186098896721607,3.2375648065326157,39.60254699228059,0.0
38.955,11.739420061319045,2.513530627047399,39.272216717809926,0.0
38.96,11.278577903342978,1.8399143374370874,38.89556407715505,0.0
38.965,10.8071460097132,1.217393055452753,38.48039788924382,0.0
38.97,10.327831948843048,0.6457760665287814,38.032792988268945,0.0
38.975,9.842806891578174,0.12446528208717111,37.55888614134237,0.0
38.980000000000004,9.357173596361742,-0.34886173749895033,37.06343015406434,0.0
38.985,8.871765293060898,-0.7708736166402228,36.55304024674997,0.0
38.99,8.390542131316208,-1.146015352973262,36.030635020012014,0.0
38.995,7.911840625591861,-1.4769909828158168,35.50120079712294,0.0
39.0,7.443385670244354,-1.7660960379693753,34.968109311645144,0.0
39.005,6.98276945654772,-2.016365757630662,34.4357024634304,0.0
39.01,6.5320342974747705,-2.2300524648913806,33.90661393521138,0.0
39.015,6.094371847687424,-2.4122738886662773,33.38076719431153,0.0
39.02,5.668860843691891,-2.564390591486797,32.86222979665146,0.0
39.025,5.257501231659522,-2.68856655726019,32.350432102079395,0.0
39.03,4.860250989391377,-2.789184893392173,31.849065671474264,0.0
39.035000000000004,4.476508943290039,-2.869531065528017,31.357732058131905,0.0
39.04,4.108885840114041,-2.929956318468288,30.87560455408852,0.0
39.045,3.7565176153504845,-2.972714861142864,30.40228714621543,0.0
39.050000000000004,3.419523137987176,-3.0035289768104865,29.941827930828,0.0
39.055,3.0988045057922946,-3.0204622907554706,29.491511097956078,0.0
39.06,2.792612764458751,-3.028523573906804,29.050995669882816,0.0
39.065,2.501824891607957,-3.0273830983366157,28.621610661183105,0.0
39.07,2.225571583875423,-3.02058580689453,28.20139459575522,0.0
39.075,1.9621969009862226,-3.008549813815068,27.791091750414083,0.0
39.08,1.7158395488153522,-2.9926587614972737,27.39067218449665,0.0
39.085,1.479386510687843,-2.973018448233731,27.00138912876148,0.0
39.09,1.2565216955011154,-2.9508861459306,26.619471594019316,0.0
39.095,1.0460314641792117,-2.927319358895555,26.24613848320486,0.0
39.1,0.8489011881742904,-2.9031725868440605,25.878960903127513,0.0
39.105000000000004,0.6607480698053743,-2.8801101988216082,25.522551033561978,0.0
39.11,0.48413538198537437,-2.8570093322846635,25.173730458989684,0.0
39.115,0.3167957070387584,-2.8357463053615257,24.831460217430063,0.0
39.12,0.15944790067660045,-2.8166496117204085,24.495931667286857,0.0
39.125,0.010000730363141919,-2.8000811265220875,24.16801790369846,0.0
39.13,-0.13137230578304473,-2.7870006893120425,23.846080660152982,0.0
39.135,-0.26429986660094695,-2.7776606724082042,23.52977152507338,0.0
39.14,-0.3909081966732689,-2.768351149175959,23.219921040521196,0.0
39.145,-0.5088964952646539,-2.7638626084954208,22.91693392617158,0.0
39.15,-0.6215167587786968,-2.7629219980652704,22.617616693037895,0.0
39.155,-0.7287591729317111,-2.7666459277291575,22.324591744338104,0.0
39.160000000000004,-0.8318705853298898,-2.774446133691349,22.037242737335962,0.0
39.165,-0.9296471345742886,-2.78398495592636,21.753802608063484,0.0
39.17,-1.022554433142908,-2.7992719814491176,21.476330214535153,0.0
39.175000000000004,-1.1112555270917586,-2.820059146744189,21.204130015343107,0.0
39.18,-1.1970553561714274,-2.8437086758735304,20.936222777199053,0.0
39.185,-1.2788190227797926,-2.8714385164727143,20.6746066246925,0.0
39.19,-1.3577104888727591,-2.9030783678929355,20.418022254987413,0.0
39.195,-1.4350344653055331,-2.941322076513181,20.164670522391997,0.0
39.2,-1.51056966639581,-2.9827845951834893,19.915979584888294,0.0
39.205,-1.5830326691761816,-3.0295521289917504,19.67206648677221,0.0
39.21,-1.655803161217482,-3.0811528380880246,19.43375490687295,0.0
39.215,-1.727607450987957,-3.1366018685358545,19.200635617504002,0.0
39.22,-1.799039159744701,-3.1952515799157855,18.97140166276879,0.0
39.225,-1.8698121525270224,-3.261576844720663,18.746935604261783,0.0
39.230000000000004,-1.939220261076616,-3.3319436748497324,18.527805653346707,0.0
39.235,-2.00838364496389,-3.4080221579411707,18.313405235737314,0.0
39.24,-2.0778342967060945,-3.4888767640803993,18.10316765850944,0.0
39.245,-2.147202236301446,-3.5734565126194773,17.898229278961082,0.0
39.25,-2.218402324507993,-3.6637608826952057,17.69784765322527,0.0
39.255,-2.2910039845513865,-3.759778536453742,17.501893491902454,0.0
39.26,-2.3636764438062796,-3.8607519097637204,17.31218587900792,0.0
39.265,-2.438893894891606,-3.9665865062414527,17.12625434706509,0.0
39.27,-2.5157309594923722,-4.079337052663578,16.94615253016718,0.0
39.275,-2.593594441389881,-4.197898887588974,16.772092933599566,0.0
39.28,-2.6732950454019413,-4.3225779003903915,16.60366825032989,0.0
39.285000000000004,-2.756059933217062,-4.453659797333827,16.441126060350825,0.0
39.29,-2.8404239250271996,-4.590762780892025,16.28306253665574,0.0
39.295,-2.927238633000252,-4.734901302901909,16.13008806590173,0.0
39.300000000000004,-3.0179830592488233,-4.885360386248977,15.984639612014398,0.0
39.305,-3.111456291422749,-5.041761012513125,15.846183890874617,0.0
39.31,-3.207850519390579,-5.206297138959178,15.713273703231811,0.0
39.315,-3.307916718211596,-5.3757216576313605,15.587227846665234,0.0
39.32,-3.4123012056472257,-5.5537992000430005,15.467485011697688,0.0
39.325,-3.5186454801784017,-5.740020256400704,15.355084222530477,0.0
39.33,-3.631107045739038,-5.9333542328114826,15.251483605253675,0.0
39.335,-3.7460066393883777,-6.134563601907127,15.155051086130113,0.0
39.34,-3.8646744643808595,-6.3449615843199165,15.068255689418493,0.0
39.345,-3.9881769716499744,-6.56234908086462,14.99125318376566,0.0
39.35,-4.116488124643603,-6.789341449961173,14.922740261449661,0.0
39.355000000000004,-4.25072561266477,-7.024913698099508,14.863194654375807,0.0
39.36,-4.3889384983922515,-7.269270972974027,14.814819833666649,0.0
39.365,-4.533095187053864,-7.522686994130559,14.778038639967862,0.0
39.37,-4.682528175159804,-7.783245350954307,14.751034299261766,0.0
39.375,-4.83814896289644,-8.054089874605388,14.735324730411673,0.0
39.38,-4.998858288453717,-8.334894367006253,14.734688608611592,0.0
39.385,-5.16568104161732,-8.624077725621945,14.746864039144903,0.0
39.39,-5.338431790265403,-8.924102617016848,14.772103956735075,0.0
39.395,-5.518218184971657,-9.232249352020578,14.813093275381481,0.0
39.4,-5.704019364849252,-9.549237212458403,14.869776177090909,0.0
39.405,-5.896346556347751,-9.87639128942277,14.943563266433154,0.0
39.410000000000004,-6.095723619942999,-10.211319764371739,15.033308945314959,0.0
39.415,-6.301739551944697,-10.553888708893622,15.143936463992286,0.0
39.42,-6.513897963026089,-10.906992797773448,15.274403929670571,0.0
39.425000000000004,-6.733135708438429,-11.266886446725803,15.426159924136385,0.0
39.43,-6.959409813030756,-11.634032807068703,15.599737989977012,0.0
39.435,-7.194019037184376,-12.006762920571791,15.796464908505834,0.0
39.44,-7.434375635160325,-12.38573365605912,16.018856256480213,0.0
39.445,-7.6812400464260895,-12.770343504436035,16.266657589670945,0.0
39.45,-7.935657686879558,-13.157769760740507,16.5396272891091,0.0
39.455,-8.19740230535488,-13.544587638849322,16.84090713139644,0.0
39.46,-8.463303132229322,-13.934145776212828,17.171503302766208,0.0
39.465,-8.737599985495526,-14.322736026611791,17.53207477598194,0.0
39.47,-9.017260400276262,-14.70824676719938,17.923148051177936,0.0
39.475,-9.301599116831575,-15.088986238029426,18.347519607442415,0.0
39.480000000000004,-9.59092774416762,-15.463491693617021,18.80426962333459,0.0
39.485,-9.884293725159132,-15.827178081948444,19.294214383308482,0.0
39.49,-10.18126584811112,-16.17793833676493,19.819739386528383,0.0
39.495,-10.47994860791079,-16.513837298920023,20.378207664565323,0.0
39.5,-10.781998563109722,-16.830912491685083,20.972202808667017,0.0
39.505,-11.083498937493209,-17.126106027071668,21.600250831519112,0.0
39.51,-11.385587768023196,-17.395662887244992,22.262396893734063,0.0
39.515,-11.68692411766655,-17.634338048404725,22.95592075420738,0.0
39.52,-11.984096215172125,-17.843100163164213,23.680139409670677,0.0
39.525,-12.278075734251876,-18.01337828917289,24.434827832180666,0.0
39.53,-12.56463541828736,-18.14314979429773,25.214964738668034,0.0
39.535000000000004,-12.843468854998857,-18.22809112233705,26.018028487449918,0.0
39.54,-13.11376120416777,-18.264869365079576,26.84221334567239,0.0
39.545,-13.371008019291828,-18.249267510474677,27.682616604515424,0.0
39.550000000000004,-13.613530642823255,-18.179009189324933,28.53241002666893,0.0
39.555,-13.842636579802587,-18.051939440486525,29.389833866911086,0.0
39.56,-14.053429904492623,-17.86500629387073,30.247482843832373,0.0
39.565,-14.24421063135516,-17.617065064554403,31.09941080423809,0.0
39.57,-14.412632184667693,-17.307951063102195,31.938374819241396,0.0
39.575,-14.558406842370271,-16.938542458208072,32.7597306398766,0.0
39.58,-14.677923402098308,-16.507189115897255,33.554751259598696,0.0
39.585,-14.769880361574296,-16.016984722715883,34.31904813427426,0.0
39.59,-14.832173933593612,-15.4702468563682,35.045483757710215,0.0
39.595,-14.863998944668426,-14.870673730555342,35.7264188828116,0.0
39.6,-14.864969392180187,-14.222133768185772,36.35507937620622,0.0
39.605000000000004,-14.831967055722524,-13.531214807395697,36.92679491622378,0.0
39.61,-14.766007503965755,-12.800736475580006,37.437874668447336,0.0
39.615,-14.666703533384121,-12.039675483071358,37.88298560192467,0.0
39.62,-14.535771784057491,-11.255474387665814,38.26157228236915,0.0
39.625,-14.372950346737001,-10.452230675533738,38.57014641662721,0.0
39.63,-14.177025553977616,-9.641186112123274,38.80614348699746,0.0
39.635,-13.950301677955096,-8.826531103228982,38.97175751887867,0.0
39.64,-13.693439295113285,-8.017324783074857,39.06670937668429,0.0
39.645,-13.409821167189447,-7.218282044422483,39.09509135200851,0.0
39.65,-13.100710174994099,-6.439407641195157,39.05632370650747,0.0
39.655,-12.76729303875195,-5.683946679979794,38.957017353611064,0.0
39.660000000000004,-12.41327575797916,-4.956082415521843,38.80192434902268,0.0
39.665,-12.040906023772159,-4.260480428549517,38.59264938596085,0.0
39.67,-11.652133041617564,-3.601038912702533,38.33431905121283,0.0
39.675000000000004,-11.249107752814773,-2.9817780345189826,38.032071112202274,0.0
39.68,-10.835163721172869,-2.4020627464578874,37.69222888500235,0.0
39.685,-10.413824640109612,-1.8636709261543658,37.317701740248054,0.0
39.69,-9.98669532425262,-1.3706912336936137,36.91701520882934,0.0
39.695,-9.555670206545818,-0.9201468583961214,36.49418319498704,0.0
39.7,-9.123261880875647,-0.5094806006404544,36.052086134029324,0.0
39.705,-8.692420022370005,-0.13965282614087227,35.59426173482576,0.0
39.71,-8.265343596683449,0.19205653452618765,35.12616134102327,0.0
39.715,-7.8423164508061225,0.4850663218821262,34.65108147474787,0.0
39.72,-7.425881933143726,0.7436859170341987,34.16864907678408,0.0
39.725,-7.017838489099542,0.9694057344701908,33.68506858996996,0.0
39.730000000000004,-6.618641143218903,1.1643608636227247,33.201398325548254,0.0
39.735,-6.230355633738938,1.3294823446591262,32.7204987035146,0.0
39.74,-5.852560832527586,1.4698489020201797,32.24225350094579,0.0
39.745,-5.486141073421564,1.5881681370284886,31.767383079813023,0.0
39.75,-5.132256606260269,1.6831716828643621,31.30026513841808,0.0
39.755,-4.792496450931971,1.7594226928598957,30.83950757047124,0.0
39.76,-4.4644929666949995,1.8178652060419047,30.386004824127784,0.0
39.765,-4.150338605318454,1.862331507458051,29.939911430493062,0.0
39.77,-3.8481749686301416,1.892031889897184,29.502973067323303,0.0
39.775,-3.561227204871371,1.911479713046297,29.072706248062023,0.0
39.78,-3.2870181065216983,1.9216868221373757,28.651721102922124,0.0
39.785000000000004,-3.0266303287618177,1.9242875169460247,28.23723447128511,0.0
39.79,-2.7799715387822137,1.91849374713428,27.831106507989457,0.0
39.795,-2.5446987343387737,1.9057972315698846,27.43373297981799,0.0
39.800000000000004,-2.321469666101871,1.8889973646720561,27.04488907700286,0.0
39.805,-2.110969776999374,1.8683503344301495,26.662825195119773,0.0
39.81,-1.9121720782181844,1.8452372790527973,26.2879198746599,0.0
39.815,-1.7248418526145106,1.8201461640527603,25.91974438241894,0.0
39.82,-1.5477864156617647,1.792925737067422,25.55858510138661,0.0
39.825,-1.3818723138920446,1.764455271374191,25.20407795689372,0.0
39.83,-1.2233281848105253,1.7367401822183604,24.854410413596714,0.0
39.835,-1.075620741356348,1.7106926613464462,24.512565259922287,0.0
39.84,-0.9365109357855235,1.6832445970394116,24.175967580386754,0.0
39.845,-0.8053489430298031,1.6558877234317364,23.84563512006017,0.0
39.85,-0.683138659897556,1.6305651982975182,23.52126007972309,0.0
39.855000000000004,-0.5684787336293355,1.6070866400727575,23.20224612303459,0.0
39.86,-0.4593529715261349,1.5853020476995399,22.88874348055672,0.0
39.865,-0.35734352066971853,1.5645192067249252,22.579200107714453,0.0
39.87,-0.2611295641435988,1.5472410783657078,22.27480668243559,0.0
39.875,-0.1711613692370827,1.5315114590420866,21.97598182363159,0.0
39.88,-0.08813695614601792,1.5176326970456298,21.681669658525443,0.0
39.885,-0.0078041618678801605,1.5070702122656374,21.39289280742041,0.0
39.89,0.06790714928183571,1.4999996168136633,21.107239335243246,0.0
39.895,0.13921686486982526,1.495197357769202,20.82612654491612,0.0
39.9,0.20612377438820917,1.4922744176886003,20.549209493243197,0.0
39.905,0.2700864467060092,1.4920545504652416,20.276697737726387,0.0
39.910000000000004,0.3332333526415554,1.4947225184864998,20.007959801105827,0.0
39.915,0.3912531136392241,1.5000916126359018,19.743609919919162,0.0
39.92,0.4461862941969691,1.508571053850603,19.48249617316069,0.0
39.925000000000004,0.4994119147044312,1.5203432058047333,19.224962162559372,0.0
39.93,0.5512205389358502,1.5342869343353003,18.972707535962964,0.0
39.935,0.6001884788920668,1.5515730710274904,18.72510634692395,0.0
39.94,0.6472276476911887,1.5718841048783772,18.480384935581103,0.0
39.945,0.6930254432484222,1.595669847924453,18.23849067576224,0.0
39.95,0.7398996324497732,1.622331742382276,18.00194180937338,0.0
39.955,0.7836614052530072,1.6515723338642796,17.767368579779717,0.0
39.96,0.8280496976026653,1.6833532841609764,17.53717360058051,0.0
39.965,0.8709338972008375,1.7187180338131882,17.310439856348754,0.0
39.97,0.9128928139690414,1.7563113412719717,17.08657379467668,0.0
39.975,0.9543258479254013,1.798730919761102,16.866458263060636,0.0
39.980000000000004,0.9953477767730997,1.842235835717489,16.64953761916793,0.0
39.985,1.0355749836218933,1.8884080903377243,16.435850749378577,0.0
39.99,1.0775228426183763,1.9388600277743417,16.22661525861745,0.0
39.995,1.121317175679163,1.991600139596095,16.020650002064862,0.0
40.0,1.1642955442896974,2.0487637716998544,15.818761639692369,0.0
40.005,1.208458246202204,2.1104345013642853,15.620275351585446,0.0
40.01,1.253114992393281,2.1741345107557137,15.423705326145496,0.0
40.015,1.2983100064983017,2.243173730992121,15.233325456461392,0.0
40.02,1.3466357361264494,2.3145391940994386,15.04398354484371,0.0
40.025,1.3944630085392355,2.3907738391174247,14.858885847102979,0.0
40.03,1.4450969073959632,2.4692157825725847,14.676183454425423,0.0
40.035000000000004,1.4966218577773924,2.553215056207923,14.497582712013301,0.0
40.04,1.5489900413757327,2.6418730619006263,14.322918271986065,0.0
40.045,1.6047001189165835,2.7347518257234555,14.152286828937786,0.0
40.050000000000004,1.6617984686684106,2.8317259999027664,13.985883142122265,0.0
40.055,1.7208981940190373,2.9343147064455217,13.82230587723226,0.0
40.06,1.7812928612673389,3.040094913379157,13.662165902599266,0.0
40.065,1.843584875495428,3.152530981829198,13.506369402945147,0.0
40.07,1.9082854388978425,3.2701034842204386,13.355790050102172,0.0
40.075,1.9765899157001678,3.393998532367564,13.20979308610955,0.0
40.08,2.046626867478744,3.5226825217107267,13.066412371308735,0.0
40.085,2.1211247810597214,3.6574657879129266,12.928374608162084,0.0
40.09,2.198807370682514,3.8000711358990236,12.794732963905826,0.0
40.095,2.278766909569188,3.9487298977503196,12.665662092119076,0.0
40.1,2.3620570085249226,4.103135000787078,12.540734408016649,0.0
40.105000000000004,2.4476957192147535,4.265223401687092,12.42212746227869,0.0
40.11,2.538197144754606,4.43322298070046,12.308270579964224,0.0
40.115,2.6322632730889612,4.60956007332625,12.199697317592502,0.0
40.12,2.7312120103336617,4.7943831292348955,12.096948099967786,0.0
40.125,2.8334325985703908,4.9881724898780515,12.000346318471372,0.0
40.13,2.9389883836929047,5.190482050526116,11.910980944152374,0.0
40.135,3.0520353152467,5.401127334359106,11.82914205557392,0.0
40.14,3.1689437891571237,5.6205004490572055,11.752972327679062,0.0
40.145,3.2919975112145337,5.851062269940198,11.68438209273718,0.0
40.15,3.4199359782693457,6.090115633597381,11.623998191718494,0.0
40.155,3.5533250519956066,6.339963291057023,11.57320625154628,0.0
40.160000000000004,3.6927968194175604,6.599601693947441,11.531749879336195,0.0
40.165,3.8374705300653997,6.871099684129524,11.499517667782456,0.0
40.17,3.989926173082948,7.153377936946296,11.478500251465135,0.0
40.175000000000004,4.148002464215682,7.448753569623642,11.46757196899118,0.0
40.18,4.3128727530969115,7.752877352879038,11.468944460492041,0.0
40.185,4.484362729658649,8.070211584285827,11.482221452365616,0.0
40.19,4.664079960435309,8.401326013094765,11.509915955816108,0.0
40.195,4.850987080616161,8.7447532971845,11.553617920030012,0.0
40.2,5.046640226245481,9.099874853370686,11.61278025688586,0.0
40.205,5.249244656083209,9.46888373270867,11.686340300129126,0.0
40.21,5.4608326634143936,9.849278975880491,11.779912322608231,0.0
40.215,5.680054207003291,10.242761054864598,11.892529400732155,0.0
40.22,5.9089573530537685,10.650619498419934,12.025090299531557,0.0
40.225,6.1459800558639754,11.069293648596725,12.17844267681938,0.0
40.230000000000004,6.392707172547358,11.50027206555772,12.355184707582483,0.0
40.235,6.649234053457028,11.94169540411155,12.55790469133926,0.0
40.24,6.913519362055441,12.39621335848666,12.787078348310313,0.0
40.245,7.188117117067593,12.86022634390854,13.044474204357126,0.0
40.25,7.472301827183037,13.334205929121833,13.332369586352087,0.0
40.255,7.765279023117617,13.815829445942823,13.654047371340699,0.0
40.26,8.066923301827156,14.304231268137052,14.00842377188955,0.0
40.265,8.378080068351801,14.796858270519971,14.397192868504767,0.0
40.27,8.699526935006805,15.294259650288256,14.824417772419725,0.0
40.275,9.029912531478692,15.7910749758226,15.292653455698693,0.0
40.28,9.367915815921192,16.28500203937441,15.802509181941959,0.0
40.285000000000004,9.714632569470183,16.775012306432465,16.355422194997203,0.0
40.29,10.067671615966272,17.256570821025914,16.951660245853187,0.0
40.295,10.427426485011747,17.72575016374801,17.594272849357974,0.0
40.300000000000004,10.793677291837884,18.17959042235103,18.283499580397912,0.0
40.305,11.163365472109826,18.61284898338371,19.01983591285627,0.0
40.31,11.536188418819973,19.020791640588868,19.805850078188204,0.0
40.315,11.910887470241333,19.39856824609271,20.638356600422537,0.0
40.32,12.284908132981068,19.739605923648462,21.51962530489642,0.0
40.325,12.656897224501243,20.03878549754026,22.445375199072885,0.0
40.33,13.026576115572128,20.28986713847931,23.414194951083132,0.0
40.335,13.389304542635477,20.487316714289317,24.42320054805215,0.0
40.34,13.744155151030187,20.623777429480366,25.46906949467593,0.0
40.345,14.088409251751216,20.694039786835326,26.546441849137217,0.0
40.35,14.418809336203617,20.692553415233466,27.649617998866326,0.0
40.355000000000004,14.732525130860767,20.61318689781223,28.772204804380948,0.0
40.36,15.024697803810714,20.45301324156974,29.90654412680698,0.0
40.365,15.296641194190894,20.207815868361823,31.04450587155102,0.0
40.37,15.541833349800822,19.87343841858531,32.17693199483155,0.0
40.375,15.758634329094438,19.44898524072243,33.29265029040477,0.0
40.38,15.943624643833312,18.935674959244484,34.381273914895246,0.0
40.385,16.09282434792155,18.332105700314486,35.43138437076034,0.0
40.39,16.204504641008025,17.642552210400023,36.434261162171936,0.0
40.395,16.275596631498033,16.870588075214904,37.378196517153604,0.0
40.4,16.3046292954261,16.022245103770018,38.2526479109986,0.0
40.405,16.290807534592474,15.10488414368664,39.04906937497694,0.0
40.410000000000004,16.231537885886585,14.129605290514196,39.76052254701419,0.0
40.415,16.12639334359792,13.104840717358412,40.37667409714082,0.0
40.42,15.975701200314113,12.04112729639316,40.89523697060766,0.0
40.425000000000004,15.780219779237365,10.950789083448356,41.31166811232507,0.0
40.43,15.538822006950728,9.845061104622609,41.624673605968894,0.0
40.435,15.255263005146004,8.737400973432472,41.83384314211001,0.0
40.44,14.929917732497954,7.6401866891056045,41.9434433583802,0.0
40.445,14.565128496036948,6.562033304160713,41.95421538114355,0.0
40.45,14.164745632131863,5.5129408770746515,41.87126587912026,0.0
40.455,13.73089255270856,4.502436901368209,41.703907426434945,0.0
40.46,13.269807095173109,3.538517469037066,41.45652311440909,0.0
40.465,12.784120798877053,2.6286495845929734,41.13879329859078,0.0
40.47,12.275894778504345,1.7743241411979336,40.759089551012906,0.0
40.475,11.749437197662004,0.9827723566592405,40.32458182307651,0.0
40.480000000000004,11.209523619270946,0.25565401325055215,39.8435776478056,0.0
40.485,10.661009860037293,-0.4092197397116164,39.32523943331612,0.0
40.49,10.106344041660021,-1.01065806961827,38.77801600713403,0.0
40.495,9.549853141180275,-1.550468939731623,38.20986002869421,0.0
40.5,8.994677780901725,-2.029358543448917,37.625815372432676,0.0
40.505,8.443255074318087,-2.4522371514277705,37.03184197487328,0.0
40.51,7.897529700163459,-2.821595121517621,36.43403952312353,0.0
40.515,7.3607973543978735,-3.139638184725071,35.837065779975134,0.0
40.52,6.836982770948025,-3.411556982763557,35.24390089738426,0.0
40.525,6.323787294263178,-3.6426209322728464,34.65761954173747,0.0
40.53,5.824946179390553,-3.833891682269512,34.08047814124477,0.0
40.535000000000004,5.342324060691645,-3.9910203636492563,33.51479964752523,0.0
40.54,4.876590926933155,-4.1188794134433655,32.96121041993604,0.0
40.545,4.425955714672064,-4.218534426462332,32.42087283401916,0.0
40.550000000000004,3.992672742564912,-4.295781147248414,31.895943738200774,0.0
40.555,3.5774079534419005,-4.352473761653658,31.38630874323531,0.0
40.56,3.17966051289273,-4.3916518783774245,30.89093441554749,0.0
40.565,2.801948695858898,-4.415096207374562,30.40905294567619,0.0
40.57,2.4422583154428468,-4.426480379067528,29.94052390527981,0.0
40.575,2.0978147496530744,-4.428965533002638,29.486786321260727,0.0
40.58,1.7711236647666078,-4.422825838360403,29.047811701973863,0.0
40.585,1.4619326931249113,-4.409375742919986,28.62264788326619,0.0
40.59,1.1680505975193083,-4.392360806125947,28.208555400571193,0.0
40.595,0.8906365904183066,-4.371639134576848,27.806463653808088,0.0
40.6,0.6271073010115678,-4.348602624614268,27.416195735789426,0.0
40.605000000000004,0.37685774966913616,-4.324480062536576,27.036162682473744,0.0
40.61,0.14197205941455418,-4.301553260229656,26.666187567925938,0.0
40.615,-0.08072944592390571,-4.2788570435462105,26.30731048872708,0.0
40.62,-0.29113395649967666,-4.257084917849294,25.958076219256725,0.0
40.625,-0.4892587459137925,-4.237504396466185,25.617667338503857,0.0
40.63,-0.6763397962217179,-4.221798404743664,25.285218811574907,0.0
40.635,-0.8538603336283515,-4.209986493232765,24.961348358903926,0.0
40.64,-1.0220131495780553,-4.202165979364066,24.64665771877638,0.0
40.645,-1.1815015043662922,-4.198676151555274,24.33956620950371,0.0
40.65,-1.333032886233865,-4.199533332123529,24.040596352816564,0.0
40.655,-1.4756461605307938,-4.204760420127169,23.748172598107388,0.0
40.660000000000004,-1.6114198178267078,-4.215315844459459,23.461883313547155,0.0
40.665,-1.742037200383264,-4.230296744202911,23.183215445867464,0.0
40.67,-1.8656062669223932,-4.249677411337197,22.911004411568495,0.0
40.675000000000004,-1.984550837844381,-4.276463737616443,22.64441655754492,0.0
40.68,-2.099254298435968,-4.308887668887162,22.38466950802887,0.0
40.685,-2.2099424536150387,-4.344850732333199,22.1305728416917,0.0
40.69,-2.3165172363172823,-4.388725271213345,21.883489935790415,0.0
40.695,-2.418591694921294,-4.439164910464976,21.642052704623307,0.0
40.7,-2.5197487436743766,-4.492242152181926,21.407721933101115,0.0
40.705,-2.6205068958594246,-4.55252357685636,21.179253948172267,0.0
40.71,-2.7171028240260315,-4.619241055828577,20.957290948631407,0.0
40.715,-2.8124756416267314,-4.692544876242807,20.73987699145989,0.0
40.72,-2.9058284493477746,-4.771612776676343,20.528463229983572,0.0
40.725,-2.9989061568232573,-4.85633022546864,20.32421939580837,0.0
40.730000000000004,-3.091827749909165,-4.947546195496871,20.126285908258197,0.0
40.735,-3.184555574158236,-5.043415329498645,19.934277311116503,0.0
40.74,-3.2789402563884478,-5.146533911874012,19.7487266563582,0.0
40.745,-3.372412179038199,-5.2556313866806255,19.569972342138268,0.0
40.75,-3.4653972560000144,-5.37144432569005,19.397646985792626,0.0
40.755,-3.561021566704415,-5.49373709805754,19.231916831303497,0.0
40.76,-3.656428896666379,-5.62262384032978,19.07507443273723,0.0
40.765,-3.7554503704469484,-5.7582227995432325,18.921274739765433,0.0
40.77,-3.8556993947282634,-5.899745428441251,18.77642819312112,0.0
40.775,-3.9587057094434033,-6.047682531973276,18.639360644814026,0.0
40.78,-4.0633219080156655,-6.2019072081152355,18.51133075595739,0.0
40.785000000000004,-4.169118385482491,-6.363980170380222,18.390515294833627,0.0
40.79,-4.278061487264825,-6.53129531518163,18.27800544748338,0.0
40.795,-4.391656880064984,-6.705430418213738,18.173542392003853,0.0
40.800000000000004,-4.507780613331522,-6.887886645559591,18.0787693009178,0.0
40.805,-4.626125032847781,-7.076552855420214,17.992933522557717,0.0
40.81,-4.7493906738808205,-7.271705540316162,17.91574113257642,0.0
40.815,-4.87467854882588,-7.47337158520798,17.84918899235323,0.0
40.82,-5.00474130487098,-7.684239826170887,17.793223830173417,0.0
40.825,-5.137508769733922,-7.9013325485015615,17.74825920235003,0.0
40.83,-5.276588897935454,-8.124157049840303,17.71348337837873,0.0
40.835,-5.420310861260539,-8.354725084355309,17.69149316928109,0.0
40.84,-5.565626114236164,-8.593768884677035,17.68239798017306,0.0
40.845,-5.716898291947198,-8.838069726471142,17.685944299533524,0.0
40.85,-5.8723369317050045,-9.08964341085417,17.70264477141553,0.0
40.855000000000004,-6.032584841812682,-9.345683842551983,17.732615454797926,0.0
40.86,-6.198208724878331,-9.60911035686043,17.778820631650987,0.0
40.865,-6.36959021468191,-9.876228188788136,17.83994213000524,0.0
40.87,-6.545341210966885,-10.150347749034207,17.91794101044669,0.0
40.875,-6.726378440022738,-10.429833981971553,18.011776609329498,0.0
40.88,-6.911847833770785,-10.71334940827804,18.12261430644706,0.0
40.885,-7.1024942460580265,-11.000574748615279,18.25086144420406,0.0
40.89,-7.296196199374373,-11.291528104161843,18.398682245170598,0.0
40.895,-7.495767706548968,-11.585141124460383,18.566149834352373,0.0
40.9,-7.6998470503332985,-11.881885839532014,18.75256218244729,0.0
40.905,-7.9096019228910865,-12.178611459895718,18.960117437952775,0.0
40.910000000000004,-8.123592053856285,-12.476069742874028,19.188236196175342,0.0
40.915,-8.340943220037754,-12.77158656362409,19.43970076418481,0.0
40.92,-8.563651345928157,-13.06427412821196,19.71326570900991,0.0
40.925000000000004,-8.78919550441712,-13.354346655262983,20.010450129989902,0.0
40.93,-9.01839350341884,-13.63772234009834,20.329842943928405,0.0
40.935,-9.249894265875016,-13.915668114251623,20.674190581457776,0.0
40.94,-9.482966077143121,-14.18519064704509,21.04284879235447,0.0
40.945,-9.717730112495811,-14.44484817450574,21.436348754164428,0.0
40.95,-9.953861576233287,-14.691272040844316,21.852147648864943,0.0
40.955,-10.190675613677625,-14.924032401373921,22.291687824567408,0.0
40.96,-10.42708412756611,-15.139433558409149,22.754364542623335,0.0
40.965,-10.663084481956876,-15.337002418490327,23.24070808106263,0.0
40.97,-10.896755049644186,-15.515331019994852,23.74889896042015,0.0
40.975,-11.127216726113465,-15.6693638519902,24.277572933552566,0.0
40.980000000000004,-11.354202156274837,-15.797521026814692,24.82628569872935,0.0
40.985,-11.576475098553049,-15.899018579043382,25.391484475212067,0.0
40.99,-11.79144565229069,-15.969511433990553,25.972425795695703,0.0
40.995,-11.999909061265516,-16.009024177080214,26.566968810952186,0.0
41.0,-12.2004221152759,-16.01505962528393,27.17386568692722,0.0
41.005,-12.3914562016124,-15.98438331377385,27.78760459382163,0.0
41.01,-12.570344209725725,-15.91906760514347,28.40745635165251,0.0
41.015,-12.739059145682337,-15.81353278477938,29.028163359044747,0.0
41.02,-12.893964947764603,-15.670151833162933,29.65004962798683,0.0
41.025,-13.032158652348723,-15.486662560616333,30.264247729994416,0.0
41.03,-13.154137697607892,-15.262835167569191,30.86992713051894,0.0
41.035000000000004,-13.258218473153983,-14.998419701615031,31.462472810857225,0.0
41.04,-13.34450745392404,-14.693757443554386,32.03562954202297,0.0
41.045,-13.411659555784901,-14.351495858450539,32.58976027676247,0.0
41.050000000000004,-13.459002426173672,-13.971567682585432,33.11674454569337,0.0
41.055,-13.484205503570033,-13.55644985242581,33.61555371560461,0.0
41.06,-13.486484781248748,-13.1093012539148,34.081570900908325,0.0
41.065,-13.467840508858039,-12.634454642788919,34.51083010927344,0.0
41.07,-13.425565645168165,-12.132730203268208,34.90051680878544,0.0
41.075,-13.360954574182113,-11.608046035421273,35.25012186465342,0.0
41.08,-13.27342739247902,-11.065134881957482,35.5540119541238,0.0
41.085,-13.162961366979117,-10.508574547394753,35.814252654443834,0.0
41.09,-13.029483755486181,-9.940529032352625,36.0275762371145,0.0
41.095,-12.875058605089524,-9.36738488532593,36.19482786013267,0.0
41.1,-12.70008749061144,-8.793646315510497,36.31427885857242,0.0
41.105000000000004,-12.505107478681508,-8.221639609637128,36.388302844611175,0.0
41.11,-12.290434894064253,-7.656051674529447,36.41763077153361,0.0
41.115,-12.059832079025409,-7.100239286007184,36.40242513775995,0.0
41.12,-11.813361584439766,-6.559394596682533,36.34440710909775,0.0
41.125,-11.551693262002257,-6.033513268867878,36.24692571678027,0.0
41.13,-11.27516766602202,-5.527382322591299,36.11233233897177,0.0
41.135,-10.98688079002933,-5.042620123909297,35.94181964612989,0.0
41.14,-10.690102445107401,-4.580388247458641,35.73936621808333,0.0
41.145,-10.386488125392502,-4.143931127607584,35.507537095097625,0.0
41.15,-10.074509719641211,-3.732574788558944,35.24837290633732,0.0
41.155,-9.757077562104215,-3.349821417395513,34.965740107386296,0.0
41.160000000000004,-9.437280107639017,-2.993888513162863,34.663881025647534,0.0
41.165,-9.115082752089627,-2.664858296834853,34.34244806585569,0.0
41.17,-8.793739982637712,-2.363601789685371,34.00536534741676,0.0
41.175000000000004,-8.471865644794894,-2.087831642233387,33.65542145024235,0.0
41.18,-8.150939416767661,-1.8380833760920334,33.29438455192059,0.0
41.185,-7.835733945952732,-1.613280385860331,32.925187100626744,0.0
41.19,-7.5247169156023395,-1.411779653323573,32.549786096340746,0.0
41.195,-7.2189952092751515,-1.235215885169817,32.169654263249136,0.0
41.2,-6.920485023515001,-1.078826745069085,31.785159966001803,0.0
41.205,-6.627851246720692,-0.9431610402231485,31.397805080619257,0.0
41.21,-6.342153220678139,-0.8259234275469668,31.011308088885468,0.0
41.215,-6.067887922060145,-0.7263266117766061,30.62402166304358,0.0
41.22,-5.8013326361731465,-0.6435139751484703,30.2379192225029,0.0
41.225,-5.542923682823112,-0.5756286035530783,29.853130570920495,0.0
41.230000000000004,-5.2955818242551,-0.520923659886151,29.469622500325062,0.0
41.235,-5.0571593538202535,-0.47943932298449743,29.090278099703347,0.0
41.24,-4.828964160473246,-0.4495693916484938,28.714883097756328,0.0
41.245,-4.611793836074971,-0.4300028257126493,28.341659914499786,0.0
41.25,-4.403314557537617,-0.4202841758559212,27.97262685025198,0.0
41.255,-4.204425704807214,-0.41791090767479033,27.60929641051515,0.0
41.26,-4.015942385745173,-0.4239674624401438,27.2500225467165,0.0
41.265,-3.836336849896625,-0.43701426137567384,26.89509417987733,0.0
41.27,-3.665427631068761,-0.45514926227681884,26.54567990598573,0.0
41.275,-3.5050487142526165,-0.48015723222559226,26.199242495698897,0.0
41.28,-3.353348381104877,-0.5094645034615088,25.85838233678151,0.0
41.285000000000004,-3.211623832503229,-0.5433956944084207,25.52166177520796,0.0
41.29,-3.07756066031956,-0.5807062530351456,25.19072443468622,0.0
41.295,-2.9520862670761083,-0.6218837224103382,24.86535966839721,0.0
41.300000000000004,-2.835130939802547,-0.6654824994369903,24.5431854122842,0.0
41.305,-2.7277609384117225,-0.7105157510385468,24.225154332747824,0.0
41.31,-2.627229904452367,-0.7582260410604216,23.911602017217135,0.0
41.315,-2.5326357026829602,-0.8073570598328187,23.60357959108509,0.0
41.32,-2.446333054889186,-0.8590899009627901,23.299781732307242,0.0
41.325,-2.3662207841559444,-0.9134963453493735,22.999965276518914,0.0
41.33,-2.2937499230923044,-0.9677506549584258,22.70453838396667,0.0
41.335,-2.2284229360901167,-1.0240938455327386,22.413503209065407,0.0
41.34,-2.166519961872216,-1.0815774834429053,22.126071812544243,0.0
41.345,-2.111235925942694,-1.1407468388482889,21.84340801628065,0.0
41.35,-2.062461536261333,-1.199612498342592,21.565054571880783,0.0
41.355000000000004,-2.0192649822802555,-1.2612634656757435,21.29008038419847,0.0
41.36,-1.9815400664529974,-1.3242532729147698,21.0182691834318,0.0
41.365,-1.9481269087978155,-1.3870364854018051,20.75177007318487,0.0
41.37,-1.920621063013492,-1.45107401732102,20.489099026408166,0.0
41.375,-1.8970972960433232,-1.5165867626736171,20.228902153549026,0.0
41.38,-1.8779227968635397,-1.5826940170645398,19.972919937730193,0.0
41.385,-1.8649348249628896,-1.6500550248989172,19.720620898638764,0.0
41.39,-1.8549436216628612,-1.719266075814308,19.472647319481275,0.0
41.395,-1.8478769385801677,-1.7900599638184234,19.22859467865794,0.0
41.4,-1.8451645296209769,-1.8621168058829858,18.989159736839497,0.0
41.405,-1.845492462636437,-1.9365890319415304,18.752789733266454,0.0
41.410000000000004,-1.8492499131629738,-2.0120507930183966,18.520502877499688,0.0
41.415,-1.8575318754156152,-2.088867533845156,18.292206831084677,0.0
41.42,-1.8695868918038323,-2.1692065581041673,18.06654085517541,0.0
41.425000000000004,-1.883904446918008,-2.2494870726620357,17.847254196797028,0.0
41.43,-1.9023049009208113,-2.3330885018896246,17.630506941937238,0.0
41.435,-1.9251613569723924,-2.4206955420673917,17.41832593274664,0.0
41.44,-1.9500026132250532,-2.510815550963639,17.209520628022613,0.0
41.445,-1.9781389909868163,-2.604343428561309,17.004480802896957,0.0
41.45,-2.010607898675756,-2.7003199434856935,16.802993508653326,0.0
41.455,-2.0454244144604146,-2.79906713138704,16.6056145161935,0.0
41.46,-2.0814821909000045,-2.9018208920474775,16.412481765268243,0.0
41.465,-2.122120268363207,-3.00863779261794,16.223425188204565,0.0
41.47,-2.167815993310098,-3.119156603285962,16.038990875958714,0.0
41.475,-2.2147233103480684,-3.233880174899156,15.858002057819814,0.0
41.480000000000004,-2.2659259899637045,-3.3528053413263237,15.682151004231775,0.0
41.485,-2.3192367158989944,-3.4750233002210003,15.511917062431065,0.0
41.49,-2.3772873579190157,-3.6022893242964944,15.345368657963771,0.0
41.495,-2.4399597458961937,-3.7348633431298106,15.183632475487421,0.0
41.5,-2.504842979279584,-3.8716301296820603,15.026437624349507,0.0
41.505,-2.573312474273505,-4.014923007211601,14.875555415228842,0.0
41.51,-2.6456988420202032,-4.163820299526685,14.728718704416908,0.0
41.515,-2.7215063485899003,-4.318990510297195,14.58768225449886,0.0
41.52,-2.8015130530910546,-4.479896188900518,14.452089315245804,0.0
41.525,-2.8856187146785413,-4.647820792860475,14.322644688552192,0.0
41.53,-2.9736377626987984,-4.821685160285526,14.198711404339901,0.0
41.535000000000004,-3.0655585738752613,-5.001930036474884,14.080591852369698,0.0
41.54,-3.1630467479384525,-5.189938979543456,13.969361715334372,0.0
41.545,-3.263623993318115,-5.385123837665453,13.865103935463122,0.0
41.550000000000004,-3.3710839191326394,-5.590034094742117,13.766817751779714,0.0
41.555,-3.482639611297063,-5.801189877062708,13.677583794119778,0.0
41.56,-3.5980783752983183,-6.020832613902116,13.59644300662295,0.0
41.565,-3.7199476142344468,-6.250136831328206,13.523875728627269,0.0
41.57,-3.846726191504259,-6.488778781785087,13.460025190620733,0.0
41.575,-3.979163471154671,-6.735410316208401,13.405768124757124,0.0
41.58,-4.117804638897457,-6.992625856006551,13.361002001476516,0.0
41.585,-4.262678281060519,-7.259516730896885,13.326607361689305,0.0
41.59,-4.412091137404132,-7.536746925159519,13.304471179818906,0.0
41.595,-4.567937029771407,-7.822991630240753,13.293580327407911,0.0
41.6,-4.730731101990202,-8.11919968854434,13.295356188216008,0.0
41.605000000000004,-4.899630195754513,-8.426364979424704,13.309715934728741,0.0
41.61,-5.076907329431394,-8.744982505220456,13.339437908954707,0.0
41.615,-5.260491676135148,-9.073208088650377,13.383579348890242,0.0
41.62,-5.452689467714147,-9.412881309813876,13.445699503451937,0.0
41.625,-5.649850522571219,-9.762896837511972,13.52242092313656,0.0
41.63,-5.854990609029134,-10.12281715840631,13.617451793123282,0.0
41.635,-6.0685995537885455,-10.493865904450821,13.732707015859246,0.0
41.64,-6.289443141159712,-10.873977201489321,13.868217768370453,0.0
41.645,-6.518925056584956,-11.264519296458818,14.024996215496667,0.0
41.65,-6.756137628889906,-11.662529275589035,14.205720087022199,0.0
41.655,-7.001900588055885,-12.070497807829579,14.410226078016342,0.0
41.660000000000004,-7.254502456397357,-12.485177249709075,14.641764635827247,0.0
41.665,-7.517320818333849,-12.906832859711727,14.898815127317071,0.0
41.67,-7.786328251301517,-13.33509021095365,15.184372518454401,0.0
41.675000000000004,-8.06434543035533,-13.768108325790397,15.501214807003388,0.0
41.68,-8.348433666479256,-14.20473308036706,15.849290191700538,0.0
41.685,-8.64008451172478,-14.641199020681762,16.230696937041227,0.0
41.69,-8.940407479057624,-15.077554382661896,16.648290017210854,0.0
41.695,-9.248332089308711,-15.510030256305317,17.100159318169858,0.0
41.7,-9.560583882862138,-15.934928652004672,17.588824768044798,0.0
41.705,-9.879586155722407,-16.353334807069796,18.116166896508158,0.0
41.71,-10.20289515270458,-16.75928422484936,18.681354226007574,0.0
41.715,-10.530737452520292,-17.151364460547544,19.287930059216297,0.0
41.72,-10.861271929365271,-17.524381191353715,19.93435546626977,0.0
41.725,-11.195313276164427,-17.87491726207381,20.619959194867473,0.0
41.730000000000004,-11.529883167349725,-18.19901529026998,21.344904200473113,0.0
41.735,-11.864201699454826,-18.49174021051174,22.109360768194392,0.0
41.74,-12.195985519963346,-18.74872943735171,22.91149159136694,0.0
41.745,-12.522873643280853,-18.965677554062115,23.750147983699,0.0
41.75,-12.844355333574114,-19.1362964746302,24.62176254846756,0.0
41.755,-13.15807678980603,-19.256516604946984,25.523005647555788,0.0
41.76,-13.462939733896684,-19.323731134634905,26.44817825344991,0.0
41.765,-13.75659184490799,-19.33122891300214,27.396256551023292,0.0
41.77,-14.035386229515778,-19.27651508608079,28.36040668685752,0.0
41.775,-14.296939481045676,-19.155499569270198,29.335792581907118,0.0
41.78,-14.540216769402372,-18.96501780071526,30.313225161815545,0.0
41.785000000000004,-14.761630448099083,-18.701669359948298,31.28759527884221,0.0
41.79,-14.95785099326576,-18.364540361169194,32.25155697746592,0.0
41.795,-15.127746113398066,-17.95491731733846,33.19423133771957,0.0
41.800000000000004,-15.26888206799648,-17.47276323654712,34.110910834079036,0.0
41.805,-15.379004024792128,-16.918509866783225,34.9900094691924,0.0
41.81,-15.4554589569879,-16.29602952791966,35.82505340984079,0.0
41.815,-15.498339164589401,-15.610681682247636,36.60818304785417,0.0
41.82,-15.50306154674051,-14.865290399558454,37.330796024219346,0.0
41.825,-15.471400994326213,-14.06696015324442,37.984984352377325,0.0
41.83,-15.402962975438694,-13.224346662470165,38.56731987038378,0.0
41.835,-15.294653179626655,-12.344488347482306,39.07336881863738,0.0
41.84,-15.147316993151602,-11.43496858789114,39.49555827354747,0.0
41.845,-14.961532389438434,-10.507208765867485,39.834574324668985,0.0
41.85,-14.7399436565822,-9.568608275510668,40.08897652117378,0.0
41.855000000000004,-14.48174081916735,-8.629911204460099,40.25970262266433,0.0
41.86,-14.18979882737657,-7.699755248068462,40.34782922310044,0.0
41.865,-13.86488313223439,-6.785395464490306,40.35602591612327,0.0
41.87,-13.51052560692156,-5.894632963230229,40.28794401673825,0.0
41.875,-13.130717879359688,-5.035113024986969,40.15048336868445,0.0
41.88,-12.724715007577643,-4.212544528930077,39.94509819753084,0.0
41.885,-12.299523003467629,-3.431176291364416,39.680544643457395,0.0
41.89,-11.854997740569244,-2.6950340457560893,39.36239396422958,0.0
41.895,-11.396335645167154,-2.0085260378731786,38.99712742456188,0.0
41.9,-10.927928239100549,-1.3710995090581384,38.59174627022921,0.0
41.905,-10.44926784097095,-0.7852710377657423,38.151381927645836,0.0
41.910000000000004,-9.966361137483226,-0.25071319763929456,37.68343873267918,0.0
41.915,-9.479845745612925,0.23363511228722122,37.1930570274053,0.0
41.92,-8.995546601474036,0.6680967119911858,36.68584915429934,0.0
41.925000000000004,-8.512080237375857,1.0554171489287913,36.165423491771655,0.0
41.93,-8.034005931362948,1.3977837665803219,35.63842763519202,0.0
41.935,-7.562498162092576,1.6973767481501383,35.106130789220096,0.0
41.94,-7.098964074822503,1.9580158687072622,34.57459181156332,0.0
41.945,-6.646377159989258,2.1817176965627225,34.04615613142001,0.0
41.95,-6.205732094644427,2.3713432968413692,33.518288396524014,0.0
41.955,-5.7767976169211686,2.5314898933371737,32.99715072590028,0.0
41.96,-5.360448475302639,2.6632626475113024,32.48459482894706,0.0
41.965,-4.959278763861123,2.7700822435720736,31.979098162995328,0.0
41.97,-4.573436829583336,2.8561226154418096,31.48461149569403,0.0
41.975,-4.202990283172138,2.9218127766292743,30.999185858736304,0.0
41.980000000000004,-3.846373078571803,2.969435944741962,30.523342626016927,0.0
41.985,-3.5052706202042945,3.003671990181305,30.058114552439854,0.0
41.99,-3.180422831052621,3.025266031364504,29.60487928937054,0.0
41.995,-2.870339208441746,3.0346542628395143,29.161234465938897,0.0
42.0,-2.5761061335962636,3.0364966710671646,28.729077252709477,0.0
42.005,-2.296213610308785,3.0303495483907703,28.306651369302422,0.0
42.01,-2.02923909789387,3.019185465037071,27.895538728610255,0.0
42.015,-1.7781503098624056,3.00396927006384,27.492095238735182,0.0
42.02,-1.538251652709518,2.983600884228109,27.097527870244427,0.0
42.025,-1.3127120362894942,2.9617279256232267,26.712947187701214,0.0
42.03,-1.099886326700949,2.9378574208319614,26.337422287634322,0.0
42.035000000000004,-0.8982526408894853,2.9144761719417978,25.96900343199277,0.0
42.04,-0.7083188264626485,2.889415504991677,25.609442403933997,0.0
42.045,-0.5290268877805628,2.866584997887209,25.25812496422965,0.0
42.050000000000004,-0.36006642448931026,2.845071725735953,24.91434964749382,0.0
42.055,-0.1994197284617688,2.8255101566508083,24.576358730215144,0.0
42.06,-0.04886384597157484,2.8079257074641872,24.24622567883907,0.0
42.065,0.09421467900481448,2.793177974893258,23.92191649713769,0.0
42.07,0.22953147952813127,2.781357600642946,23.603588112674426,0.0
42.075,0.3574649233903807,2.7724615277232063,23.292493890449727,0.0
42.08,0.47831339975142023,2.7667024325818765,22.987470808933978,0.0
42.085,0.5921570016642013,2.7647441078462074,22.687447674082165,0.0
42.09,0.7010190732175575,2.766055326714725,22.393270458845414,0.0
42.095,0.803238110295146,2.7715071874873596,22.104723148629233,0.0
42.1,0.9027962527526442,2.7808337159137846,21.821431328056356,0.0
42.105000000000004,0.9960253747366228,2.7948541384398924,21.542095828554682,0.0
42.11,1.0853269651691213,2.8124872802130985,21.270233024840756,0.0
42.115,1.1697332963833056,2.8346644238772294,21.001061623236854,0.0
42.12,1.2524930029898045,2.8612160190868594,20.737577312365552,0.0
42.125,1.3338175047761684,2.892350506239606,20.4787384330449,0.0
42.13,1.4103310823926676,2.9284186622045105,20.223601778157636,0.0
42.135,1.485596041284428,2.969398236694447,19.976096411164065,0.0
42.14,1.5601577528164288,3.0150946771546865,19.73171875972691,0.0
42.145,1.6337576212154918,3.064037682175268,19.49207917706073,0.0
42.15,1.7036409979687246,3.1179298703264773,19.256970194173114,0.0
42.155,1.77554342898638,3.1774865799452976,19.026743389662975,0.0
42.160000000000004,1.846571530968559,3.2423550313286817,18.80197808153531,0.0
42.165,1.9164817396775407,3.3108965472203775,18.58025655616594,0.0
42.17,1.986708432155713,3.384368599923023,18.36611329395293,0.0
42.175000000000004,2.0573469452442854,3.4630461506435872,18.155053233099867,0.0
42.18,2.1275532937986625,3.5462343226993776,17.948525848207805,0.0
42.185,2.199084487791716,3.6351559340337665,17.747715090205823,0.0
42.19,2.2712081753595768,3.729859399619666,17.55188302029749,0.0
42.195,2.3439549926295244,3.8283020483934735,17.359109405819858,0.0
42.2,2.4195339084735448,3.93276896591337,17.172703270070578,0.0
42.205,2.494294802411656,4.043338554088918,16.99129388910246,0.0
42.21,2.5722641745942396,4.160684653734135,16.816109419197822,0.0
42.215,2.6526266650439108,4.283777376924038,16.645843665249714,0.0
42.22,2.734480935897814,4.412309291278714,16.480078399696808,0.0
42.225,2.817863471737793,4.547719383294345,16.320452811767687,0.0
42.230000000000004,2.903847484369917,4.69116533217416,16.166832842606826,0.0
42.235,2.9932855164339967,4.840335902957827,16.017580345495098,0.0
42.24,3.086270474143089,4.995455622980696,15.877534500102382,0.0
42.245,3.180644400464875,5.158651257633212,15.741665466875377,0.0
42.25,3.2796168793507787,5.329083961921677,15.613952368448802,0.0
42.255,3.3831164890283754,5.505318982377108,15.494962691940284,0.0
42.26,3.4889979905241866,5.689087349776323,15.382372381562595,0.0
42.265,3.59854274312334,5.8815534079989575,15.276601444230035,0.0
42.27,3.712851941181267,6.080868690435833,15.179034418360366,0.0
42.275,3.832242634823822,6.288949974068215,15.088856450616444,0.0
42.28,3.954380600070557,6.5053546722971065,15.008800779413532,0.0
42.285000000000004,4.081800933420998,6.730202575224019,14.937774191471272,0.0
42.29,4.214489037949413,6.962772851104025,14.875122550059151,0.0
42.295,4.352977318431385,7.204259854101982,14.823801833294871,0.0
42.300000000000004,4.495014575452869,7.454579040534541,14.784358489076332,0.0
42.305,4.642055378728646,7.7141075067188725,14.755268346141914,0.0
42.31,4.7959301498871545,7.98358226000204,14.73700507275553,0.0
42.315,4.954464236408774,8.262721342532014,14.732466320486473,0.0
42.32,5.118683543756935,8.548830747870518,14.74175011776894,0.0
42.325,5.290183870123303,8.84622894885477,14.763291544877982,0.0
42.33,5.468025626271355,9.152490247387542,14.80101409140268,0.0
42.335,5.653206935948676,9.467052013269406,14.854023222154153,0.0
42.34,5.844249971036338,9.79110566230377,14.924050576499823,0.0
42.345,6.041173283315001,10.124064595179389,15.010865480627801,0.0
42.35,6.2452705275248945,10.46600151594607,15.11549425675041,0.0
42.355000000000004,6.456482936642327,10.815932255869006,15.241089312118747,0.0
42.36,6.674472128335643,11.17334406694383,15.388162951824034,0.0
42.365,6.899579347354647,11.537574513491675,15.554924111746717,0.0
42.37,7.130185360289817,11.909268873305976,15.74569739778198,0.0
42.375,7.368415754619782,12.28733650769703,15.960839620002846,0.0
42.38,7.61521191471886,12.668792583907361,16.200866268428605,0.0
42.385,7.868568527000948,13.054991593095723,16.466690832774358,0.0
42.39,8.127416249462298,13.445034646462823,16.760043967381517,0.0
42.395,8.39224989718961,13.834399604519701,17.083069293548622,0.0
42.4,8.664388557757817,14.222379255818755,17.434685504669197,0.0
42.405,8.940591033726315,14.60866318326018,17.818320356541225,0.0
42.410000000000004,9.223907517112181,14.990427415282966,18.23338342932782,0.0
42.415,9.51101752054621,15.366242136646854,18.682521577425412,0.0
42.42,9.803439126816055,15.732520959841212,19.16352145544083,0.0
42.425000000000004,10.098447955541932,16.088010502052363,19.678128714608903,0.0
42.43,10.398265107141016,16.427767684368156,20.226833316898173,0.0
42.435,10.698617932713379,16.750782634859146,20.81148326092605,0.0
42.44,11.001905743918861,17.05069314687678,21.430099749424194,0.0
42.445,11.304344861045545,17.325982681863604,22.081606811765194,0.0
42.45,11.604660153312096,17.575232028514428,22.76689879961973,0.0
42.455,11.903297309051862,17.790839078775665,23.483468719978855,0.0
42.46,12.198231319616195,17.969537981154264,24.22926116020261,0.0
42.465,12.486642981067819,18.109451542423294,25.002697719343345,0.0
42.47,12.76805386745596,18.206757691179224,25.7994759116254,0.0
42.475,13.040729763402265,18.255550129285705,26.618216920184388,0.0
42.480000000000004,13.30177438106945,18.254685761756036,27.452600997975512,0.0
42.485,13.549666072963703,18.19940272581294,28.300129902042734,0.0
42.49,13.781209749409811,18.08803956925578,29.1552952651654,0.0
42.495,13.996756595551332,17.918791665529042,30.012324009478277,0.0
42.5,14.192599578573827,17.686913179354793,30.86717662208721,0.0
42.505,14.36712988343267,17.39476519000032,31.710344738234365,0.0
42.51,14.518539308102277,17.040532096568704,32.53903894173812,0.0
42.515,14.644431826709914,16.625330547269943,33.34066833427703,0.0
42.52,14.743767749885201,16.151096103960715,34.11373173231492,0.0
42.525,14.813776616721427,15.620024075404682,34.849984327937754,0.0
42.53,14.854550016362492,15.035583659555027,35.54112096248497,0.0
42.535000000000004,14.863327103949793,14.399977114645239,36.1840561355599,0.0
42.54,14.840510239865145,13.717787281300383,36.772403943873876,0.0
42.545,14.78469097005143,12.999291494305782,37.299334930143154,0.0
42.550000000000004,14.694733932966239,12.24590805022875,37.761910924554314,0.0
42.555,14.573890286025469,11.467238549620404,38.157387584532735,0.0
42.56,14.418163001468534,10.671054827292378,38.48387873481163,0.0
42.565,14.23083823159853,9.862221585539594,38.73967977020502,0.0
42.57,14.012998615868938,9.048722695045813,38.92387238990848,0.0
42.575,13.76540311193449,8.237380027844889,39.038150228346026,0.0
42.58,13.489194019537088,7.436513349084808,39.08450209361842,0.0
42.585,13.18787044286108,6.651301673006325,39.06602589410348,0.0
42.59,12.861241544473122,5.889820309071389,38.98386957265208,0.0
42.595,12.512044257495722,5.15342396165588,38.842957354344996,0.0
42.6,12.144047405123139,4.450150000197169,38.64807820276945,0.0
42.605000000000004,11.759288928945397,3.7820449302350583,38.40271550515222,0.0
42.61,11.360348164265273,3.151424024949736,38.114109752633475,0.0
42.615,10.949917845560014,2.5607740692560172,37.78389252934623,0.0
42.62,10.529178352569128,2.012160041705973,37.42060239379531,0.0
42.625,10.102319015696148,1.5065638314871723,37.02802893023919,0.0
42.63,9.672570558619261,1.0416995301214593,36.610694025183655,0.0
42.635,9.240605914263673,0.6199077888866058,36.173876736580816,0.0
42.64,8.80981382247192,0.23877556307051734,35.72077115037617,0.0
42.645,8.382711624469291,-0.10256243028099993,35.25341342521741,0.0
42.65,7.957766791621823,-0.4059986429226205,34.77867509637047,0.0
42.655,7.538770429357428,-0.6749769959466951,34.29653576541183,0.0
42.660000000000004,7.12876056753888,-0.9083552060869997,33.813543721378004,0.0
42.665,6.728368072316449,-1.111298107073087,33.329029561551756,-0.0
42.67,6.336785553176365,-1.285579888685616,32.84814023852408,-0.0
42.675000000000004,5.954147392703353,-1.4321881227111755,32.369459554697094,-0.0
42.68,5.584966243589812,-1.5552554996952246,31.894877130879166,-0.0
42.685,5.228116195538502,-1.6572643555183577,31.425757801020062,-0.0
42.69,4.8831303439818505,-1.7371733241314518,30.962733288293826,-0.0
42.695,4.552343305513467,-1.801088554376164,30.507178600655315,-0.0
42.7,4.2346734018646455,-1.8491632840965528,30.060575817505292,-0.0
42.705,3.9299764918457623,-1.8840420755136755,29.61993217391968,-0.0
42.71,3.6390508439363303,-1.9068644439966769,29.18729378877045,-0.0
42.715,3.361802063881039,-1.9194542752726778,28.763895225708435,-0.0
42.72,3.0978877671853375,-1.9218732943663688,28.34774629877976,-0.0
42.725,2.846634726002839,-1.9174273081420934,27.940754804931057,-0.0
42.730000000000004,2.6066428088163787,-1.907171057168059,27.540956389180355,-0.0
42.735,2.3804272906856396,-1.8919957274698824,27.148960032555447,-0.0
42.74,2.1670176057698747,-1.8730767477429018,26.764095517076164,-0.0
42.745,1.9655228945151462,-1.8498384868811804,26.38617475496133,-0.0
42.75,1.7745848392889092,-1.8229023471788306,26.017444133649136,-0.0
42.755,1.5947213515747531,-1.7957728435532727,25.65369284018228,-0.0
42.76,1.4261747999026317,-1.7675609096253573,25.296787805720793,-0.0
42.765,1.2663472798177535,-1.739831519434601,24.947403001893584,-0.0
42.77,1.116584791614295,-1.7120285115393037,24.60335721311331,-0.0
42.775,0.9756891033338935,-1.6846897271616785,24.26454489079721,-0.0
42.78,0.8429322197724248,-1.6582207212363662,23.932392166736555,-0.0
42.785000000000004,0.7176253962310466,-1.6332087920218528,23.607287447942713,-0.0
42.79,0.5992667290521981,-1.6089932631450088,23.28609600900795,-0.0
42.795,0.4884205313416734,-1.586909707085298,22.970817454844138,-0.0
42.800000000000004,0.3844022355955282,-1.5652825987251033,22.660857462838116,-0.0
42.805,0.2856214596850294,-1.54640872853586,22.354717241507643,-0.0
42.81,0.19355176872227264,-1.5312392503846879,22.053960572288727,-0.0
42.815,0.1071253330122687,-1.5178950388842505,21.75812725851161,-0.0
42.82,0.02615516321941362,-1.5060704775639873,21.466842346642743,-0.0
42.825,-0.049687216326650366,-1.4968809243409444,21.179118617304322,-0.0
42.83,-0.12142582956014022,-1.4919368826033959,20.896862960648566,-0.0
42.835,-0.1890795299630111,-1.489179161289181,20.619912130590333,-0.0
42.84,-0.25386435365098087,-1.4885896696680392,20.346444230451525,-0.0
42.845,-0.31540304943469744,-1.4902690745374312,20.076546382544485,-0.0
42.85,-0.3746573979618408,-1.494638808940004,19.811245456623663,-0.0
42.855000000000004,-0.4301760868162354,-1.5027250857291499,19.550126024798548,-0.0
42.86,-0.48446446259484216,-1.512881292531067,19.293244435049264,-0.0
42.865,-0.5360708933199766,-1.5260480745681182,19.039687113552247,-0.0
42.87,-0.5856645916736177,-1.5419848372638292,18.789629052709103,-0.0
42.875,-0.6344861733338947,-1.5602174225402026,18.543550385617035,-0.0
42.88,-0.6817408138575185,-1.5817655871807135,18.301585036460605,-0.0
42.885,-0.726926718968286,-1.6064673759059904,18.063457219931706,-0.0
42.89,-0.7709385604040238,-1.63554369420131,17.82927522208699,-0.0
42.895,-0.8137273608896313,-1.6663273569413055,17.597331792627067,-0.0
42.9,-0.8566345354159698,-1.6999634034375581,17.36856423026982,-0.0
42.905,-0.8994242333131404,-1.7368790860537646,17.144894821002644,-0.0
42.910000000000004,-0.9413713878065155,-1.7764535580080472,16.924273425626602,-0.0
42.915,-0.9838132013809162,-1.8192333662879077,16.70682153719413,-0.0
42.92,-1.0252038805563413,-1.8664873998170812,16.493534614459104,-0.0
42.925000000000004,-1.0663167029357612,-1.915593990888478,16.28292800344157,-0.0
42.93,-1.108194694291677,-1.968555762613482,16.076170045711105,-0.0
42.935,-1.1520614211625442,-2.02648595740503,15.872638347775283,-0.0
42.94,-1.1955889902830623,-2.0853678336688666,15.673354709005842,-0.0
42.945,-1.2404342623197866,-2.1484527549580266,15.476405642656163,-0.0
42.95,-1.2845384545880814,-2.2153395337968025,15.28330504187125,-0.0
42.955,-1.3310529525932857,-2.2865562765983833,15.092796934586739,-0.0
42.96,-1.3797904156923686,-2.3605692882190903,14.906927977710469,-0.0
42.965,-1.428636765140859,-2.440053108410102,14.725305620379876,-0.0
42.97,-1.479550321904808,-2.5239683296753346,14.5469290131075,-0.0
42.975,-1.5310013389735495,-2.6121301368721235,14.371984532590877,-0.0
42.980000000000004,-1.5843392428867196,-2.702608329187286,14.20021645299821,-0.0
42.985,-1.6396413000447552,-2.79778659619768,14.030551752937763,-0.0
42.99,-1.697049726228149,-2.8995435885961824,13.866808110901555,-0.0
42.995,-1.756754634183945,-3.0054446151450382,13.7059835182296,-0.0
43.0,-1.8196944061296192,-3.1157141029604474,13.548858696702094,-0.0
43.005,-1.8861424696954887,-3.23248635293235,13.396542291692985,-0.0
43.01,-1.9542750184229483,-3.3547426290035007,13.248136729084843,-0.0
43.015,-2.0248889724218553,-3.4825179613384307,13.10324528519045,-0.0
43.02,-2.097727636740314,-3.6153189773492604,12.963653965381594,-0.0
43.025,-2.172261136988172,-3.754778001742587,12.829186778103564,-0.0
43.03,-2.2510948868127714,-3.9000515059244654,12.699841677556709,-0.0
43.035000000000004,-2.3327574618097495,-4.052306299250206,12.57477554675471,-0.0
43.04,-2.418676168156949,-4.212227433082523,12.453643093091115,-0.0
43.045,-2.509276557129643,-4.378915995219158,12.33782965243546,-0.0
43.050000000000004,-2.602481653266208,-4.554028221846732,12.227045780826089,-0.0
43.055,-2.6985560156970934,-4.736345929121492,12.121758928964345,-0.0
43.06,-2.798924926168152,-4.927873961947641,12.023278459574113,-0.0
43.065,-2.906161039042155,-5.126923626295957,11.931133959431211,-0.0
43.07,-3.017862771583954,-5.33569503306217,11.84627751798857,-0.0
43.075,-3.1343735431413347,-5.5531181737597075,11.769403761115683,-0.0
43.08,-3.255036130485112,-5.779082527639267,11.700393629490144,-0.0
43.085,-3.38060228204071,-6.0153553513283455,11.638445729922758,-0.0
43.09,-3.5119858439293203,-6.262163208987534,11.585134840087784,-0.0
43.095,-3.649699136648285,-6.519425875320505,11.541928810129411,-0.0
43.1,-3.7927407363342143,-6.787432469115117,11.505122851449194,-0.0
43.105000000000004,-3.942686629874235,-7.065210494210945,11.481492562701488,-0.0
43.11,-4.100248933233502,-7.35500278414724,11.46800562136706,-0.0
43.115,-4.262346341819525,-7.6570273664807225,11.46624892301559,-0.0
43.12,-4.431038470298544,-7.969992333507511,11.476950996039744,-0.0
43.125,-4.607866516376035,-8.295640923712957,11.499628995085367,-0.0
43.13,-4.793203695138891,-8.63454544635857,11.537258601820351,-0.0
43.135,-4.984464540804164,-8.985427352874838,11.590782789389502,-0.0
43.14,-5.183612589967299,-9.35014125213608,11.658989805105826,-0.0
43.145,-5.39262464012815,-9.726998137260944,11.74583198908649,-0.0
43.15,-5.608961382271695,-10.117430826864588,11.852147673408714,-0.0
43.155,-5.834302645764984,-10.51989872301992,11.978626966469722,-0.0
43.160000000000004,-6.069321637812925,-10.934313324870452,12.12685605298241,-0.0
43.165,-6.312284907374024,-11.36126506337089,12.296162085219134,-0.0
43.17,-6.56463793839034,-11.800260478924331,12.491089636748317,-0.0
43.175000000000004,-6.826390323455907,-12.249869059110917,12.711446392784525,-0.0
43.18,-7.097772027007032,-12.710746983132767,12.959915732319807,-0.0
43.185,-7.377530233044872,-13.180358623099233,13.2368744111412,-0.0
43.19,-7.668473301673099,-13.659103336956555,13.54652075647699,-0.0
43.195,-7.967214144240631,-14.145115320162207,13.889887814412072,-0.0
43.2,-8.274987745455949,-14.63610778805053,14.268326542183894,-0.0
43.205,-8.592197755484369,-15.130269342339988,14.684379924365953,-0.0
43.21,-8.9194141699883,-15.625824804415512,15.138854357423263,-0.0
43.215,-9.256301792966674,-16.121077263407898,15.634780498430185,-0.0
43.22,-9.600843443078217,-16.61202742596441,16.17321542994652,-0.0
43.225,-9.950591516027998,-17.096354500984084,16.755134678506984,-0.0
43.230000000000004,-10.308643182508165,-17.570288995508836,17.380894711927503,-0.0
43.235,-10.671762624821246,-18.029350752687495,18.054509531092094,-0.0
43.24,-11.039971320538022,-18.470618720456848,18.77576130653946,-0.0
43.245,-11.410849465328136,-18.88677628925834,19.54457667087571,-0.0
43.25,-11.7860765734154,-19.274069783349862,20.362107297278392,-0.0
43.255,-12.160923963549912,-19.628026515646578,21.226941183899136,-0.0
43.26,-12.534815480556336,-19.942980302044052,22.136301372556943,-0.0
43.265,-12.905161383045929,-20.20929560757026,23.091660108803023,-0.0
43.27,-13.271270653878178,-20.42434964850014,24.088160434275228,-0.0
43.275,-13.629505191721957,-20.58217096043907,25.12246911609211,-0.0
43.28,-13.976303950421926,-20.67423026907773,26.18933014369121,-0.0
43.285000000000004,-14.309994383743382,-20.697903069871433,27.285717955665667,-0.0
43.29,-14.62943279196099,-20.644473611917757,28.40358208202206,-0.0
43.295,-14.930346607031948,-20.51042477506605,29.53644039790782,-0.0
43.300000000000004,-15.21061898817038,-20.293111790544472,30.673862899010853,-0.0
43.305,-15.463913733657504,-19.987642652013626,31.808550760285783,-0.0
43.31,-15.690337266109003,-19.594334084647897,32.92935126246376,-0.0
43.315,-15.884800706818496,-19.110903929633565,34.02871840056047,-0.0
43.32,-16.044832026060693,-18.535663166363925,35.09451732007585,-0.0
43.325,-16.1681616389192,-17.873834243412706,36.11463503852213,-0.0
43.33,-16.25275966387064,-17.12786061352281,37.07712434128504,-0.0
43.335,-16.296524785001544,-16.303703846055797,37.97438566518242,-0.0
43.34,-16.297418344176826,-15.408156295085075,38.797263150786975,-0.0
43.345,-16.25267287762768,-14.450383906097438,39.53577262462218,-0.0
43.35,-16.161084589499296,-13.440789577579645,40.183572884964825,-0.0
43.355000000000004,-16.02623431112655,-12.389244205859931,40.73392450246202,-0.0
43.36,-15.846464948136518,-11.305113044091003,41.184422877410036,-0.0
43.365,-15.620536867749294,-10.204521614420768,41.53104497550427,-0.0
43.37,-15.349813844938465,-9.0956670357797,41.77351355182373,-0.0
43.375,-15.03570700079979,-7.993200971230865,41.915201068466665,-0.0
43.38,-14.684311087581069,-6.907010752303089,41.957950056280104,-0.0
43.385,-14.294748151610488,-5.846426905616508,41.90497699485287,-0.0
43.39,-13.872954169823853,-4.824118053988606,41.76394844727314,-0.0
43.395,-13.421369492611515,-3.8449642734502634,41.542014745878,-0.0
43.4,-12.943751980229168,-2.917424169494654,41.245009144223886,-0.0
43.405,-12.442828446004071,-2.045904039237997,40.883028254709586,-0.0
43.410000000000004,-11.92229216143261,-1.2340538690210678,40.46516119101492,-0.0
43.415,-11.388695456202807,-0.4836630864371694,39.998161592140576,-0.0
43.42,-10.843770445438222,0.20230958844689906,39.49232460758195,-0.0
43.425000000000004,-10.29193097797337,0.8243450539756643,38.954540196981945,-0.0
43.43,-9.737557649431116,1.3843512365439317,38.3926039327325,-0.0
43.435,-9.181997809629115,1.8835206064778285,37.81260705700201,-0.0
43.44,-8.628728630872239,2.3242526254451064,37.22252495779975,-0.0
43.445,-8.080334203607753,2.710549520451273,36.625149548703256,-0.0
43.45,-7.5413537064575475,3.046175172332181,36.02899164643169,-0.0
43.455,-7.0120741171918315,3.3344061527422837,35.43195959578913,-0.0
43.46,-6.494425922108992,3.5779502443325293,34.8423415739882,-0.0
43.465,-5.991988859991504,3.781783123028496,34.26117984285814,-0.0
43.47,-5.503444536058357,3.950203232784213,33.691065709947665,-0.0
43.475,-5.030758278884291,4.087138537017455,33.13377725984167,-0.0
43.480000000000004,-4.57420709779144,4.195888646519817,32.589269115631424,-0.0
43.485,-4.135404861262562,4.28135617386227,32.057242292862846,-0.0
43.49,-3.715157903096798,4.342925722376086,31.54041818002584,-0.0
43.495,-3.3125102558035286,4.3879695434418995,31.040452714929526,-0.0
43.5,-2.928298630494344,4.416140398106771,30.553637804499047,-0.0
43.505,-2.5611194080887247,4.43183643159488,30.082212557619,-0.0
43.51,-2.2122548129252317,4.437172592354563,29.62488794876933,-0.0
43.515,-1.8793270293286994,4.4333295494321145,29.18070037148807,-0.0
43.52,-1.5642865494254292,4.421961025194363,28.749977688508483,-0.0
43.525,-1.2650971231109938,4.405604836262734,28.33194477853493,-0.0
43.53,-0.9812570189843626,4.3852336271121395,27.926127557136592,-0.0
43.535000000000004,-0.7130455052880796,4.361166196158354,27.532663218316273,-0.0
43.54,-0.4587412587886182,4.337373437654745,27.149151637865906,-0.0
43.545,-0.21779643220658168,4.314511304284958,26.776308584307788,-0.0
43.550000000000004,0.0092492739146125,4.291822592802674,26.413674011751166,-0.0
43.555,0.22347838003572396,4.271123681276652,26.060472467138332,-0.0
43.56,0.42547193637079805,4.250751045144313,25.716772987802024,-0.0
43.565,0.6167166176270797,4.234981424793892,25.38343617674799,-0.0
43.57,0.7981676780334938,4.221509835999877,25.058521032951226,-0.0
43.575,0.969300020410259,4.213318062834455,24.740041460555705,-0.0
43.58,1.1307925596296133,4.207045028952802,24.430752835934932,-0.0
43.585,1.284774748385882,4.206649580944791,24.12871778521903,-0.0
43.59,1.4300514586413546,4.211112856393221,23.833653484882888,-0.0
43.595,1.5697645925715122,4.220942736092113,23.545247067637995,-0.0
43.6,1.703122796840386,4.233259972693008,23.2660044455079,-0.0
43.605000000000004,1.8304306983060519,4.2514854685681085,22.99047642589945,-0.0
43.61,1.95141241351951,4.2754854459960745,22.720980594371227,-0.0
43.615,2.067095392617092,4.305237326402618,22.460424653765813,-0.0
43.62,2.17764456717569,4.340158419659209,22.2058934927119,-0.0
43.625,2.285493384551915,4.380237435604783,21.957354325836587,-0.0
43.63,2.3913132576034175,4.426912989546925,21.71385012261657,-0.0
43.635,2.493431797510051,4.480728468857277,21.477802818440182,-0.0
43.64,2.5926645574513114,4.540167068476203,21.24636927257189,-0.0
43.645,2.6901484904501816,4.605386592730559,21.02102407326275,-0.0
43.65,2.786580672501892,4.675279643116238,20.802459873342507,-0.0
43.655,2.8804243920169466,4.752470292021514,20.590415827193084,-0.0
43.660000000000004,2.974008484962201,4.837758502920229,20.38338968031755,-0.0
43.665,3.0666924173172676,4.927230466392319,20.183473195438776,-0.0
43.67,3.1593071345452484,5.022578302829331,19.990867490794123,-0.0
43.675000000000004,3.252231277547219,5.123040613409214,19.80371984386147,-0.0
43.68,3.344967232866348,5.231265507061782,19.62212687396456,-0.0
43.685,3.438087901978451,5.344829504873832,19.446733728569164,-0.0
43.69,3.53385491433469,5.464087616632699,19.278088736621186,-0.0
43.695,3.630811743149874,5.589439844566677,19.117131991496183,-0.0
43.7,3.728548448057269,5.721752419563196,18.963514810637797,-0.0
43.705,3.8276789606086616,5.8611624888994225,18.817753997248833,-0.0
43.71,3.93017711545204,6.007757446239324,18.67844752729646,-0.0
43.715,4.0338358018671885,6.161941892210429,18.54782704173737,-0.0
43.72,4.14154699722363,6.320559373711811,18.42466535987553,-0.0
43.725,4.25035701946209,6.487225765013184,18.31009055764404,-0.0
43.730000000000004,4.361047123677024,6.660993096413969,18.20363591167589,-0.0
43.735,4.476782983777073,6.8401217524551114,18.10585068760297,-0.0
43.74,4.59455433090837,7.027998342588357,18.01745888402368,-0.0
43.745,4.716407384278617,7.221838272003593,17.94049780954232,-0.0
43.75,4.8417465645751765,7.424086867861906,17.871404936210517,-0.0
43.755,4.970978732058026,7.630987741681426,17.814051236045835,-0.0
43.76,5.1038038431059505,7.845621753648373,17.766802663921002,-0.0
43.765,5.240914697680029,8.06817875587199,17.730383215958746,-0.0
43.77,5.381618023227377,8.297659054331504,17.705721367830964,-0.0
43.775,5.526980737142625,8.533048441465265,17.692620267544868,-0.0
43.78,5.67828219288288,8.775552126197631,17.692806676680956,-0.0
43.785000000000004,5.833304887277894,9.025902165456195,17.706677762459755,-0.0
43.79,5.992852340707249,9.280638339512802,17.734636433712147,-0.0
43.795,6.1581949772107425,9.542718882844099,17.775648169776957,-0.0
43.800000000000004,6.327726457623768,9.809240746420363,17.833296714813006,-0.0
43.805,6.501748146647009,10.08108510193545,17.905677050100376,-0.0
43.81,6.680061039267306,10.358345632011503,17.995242433566162,-0.0
43.815,6.8636052032357515,10.640978361174058,18.10058367083163,-0.0
43.82,7.052871363099747,10.92815941669797,18.224261935429357,-0.0
43.825,7.245777836766922,11.219129990340658,18.36708812278009,-0.0
43.83,7.444924415580279,11.512234511076025,18.529292753560913,-0.0
43.835,7.650353279180541,11.805448914308954,18.71134138679572,-0.0
43.84,7.858684652849464,12.100708843062947,18.914105559260125,-0.0
43.845,8.072299285328853,12.39735575751211,19.137235376828457,-0.0
43.85,8.289135491784608,12.692574221995438,19.381602364671288,-0.0
43.855000000000004,8.509555405768472,12.986142328645927,19.649272426027558,-0.0
43.86,8.734597310109763,13.276703973215664,19.939323688177545,-0.0
43.865,8.961102716615509,13.561389587386603,20.253551889985264,-0.0
43.87,9.191514234487629,13.840637278167808,20.591536903649807,-0.0
43.875,9.42427487213619,14.111538825639837,20.952508883411433,-0.0
43.88,9.6574239668613,14.372365153723559,21.338069600800377,-0.0
43.885,9.893058960755827,14.622241524492742,21.747929770375688,-0.0
43.89,10.129035454542938,14.858140126964482,22.182430990656442,-0.0
43.895,10.36531015834038,15.078204415581117,22.639522338920482,-0.0
43.9,10.600973187144909,15.280440638168082,23.1195375210767,-0.0
43.905,10.835192409191237,15.46214001353495,23.62096537901055,-0.0
43.910000000000004,11.066103998820285,15.621891682620111,24.143596093302914,-0.0
43.915,11.293680128790575,15.756489857999473,24.68628421360078,-0.0
43.92,11.51619108908722,15.864390942048205,25.245336008077153,-0.0
43.925000000000004,11.733668769076278,15.944041395233663,25.821560645241128,-0.0
43.93,11.944052776332025,15.99263121210874,26.413418593288316,-0.0
43.935,12.145901562045585,16.007781905805054,27.01579781795461,-0.0
43.94,12.337516371700515,15.98722370576372,27.62740224158735,-0.0
43.945,12.519356873698982,15.930456391843107,28.245461675528897,-0.0
43.95,12.68873007642018,15.83533353808545,28.865994801714407,-0.0
43.955,12.84633325412636,15.700869868236481,29.486670251925215,-0.0
43.96,12.988742837930818,15.527037517509878,30.101900196213347,-0.0
43.965,13.115858355804729,15.313156447191899,30.709336804972875,-0.0
43.97,13.225101012758689,15.059254181026917,31.304632261630026,-0.0
43.975,13.316865455641437,14.765067340199707,31.88460545727716,-0.0
43.980000000000004,13.38919733260962,14.432636505999849,32.44180485828999,-0.0
43.985,13.441497931673021,14.062454173666254,32.97518434702638,-0.0
43.99,13.471994495241589,13.657198608003407,33.479823447123074,-0.0
43.995,13.480117605559649,13.21987960517331,33.951797855038976,-0.0
44.0,13.466721773622387,12.752269176996746,34.39000696038401,-0.0
44.005,13.431404562702168,12.258226220416125,34.79029923784143,-0.0
44.01,13.37258331908195,11.73886976377988,35.1489571452867,-0.0
44.015,13.291522404790483,11.201782411374477,35.465040965986255,-0.0
44.02,13.188239441047916,10.650234812718294,35.7358090229937,-0.0
44.025,13.061386374336665,10.0862103804005,35.961461530961174,-0.0
44.03,12.914183787993613,9.513921338296486,36.1404825923747,-0.0
44.035000000000004,12.744715397455089,8.94094680182946,36.272440401749364,-0.0
44.04,12.55509074082945,8.368150052122202,36.35834899884389,-0.0
44.045,12.346504081842737,7.802311746807582,36.39869401992465,-0.0
44.050000000000004,12.119138517473381,7.246017762128751,36.39601071320604,-0.0
44.055,11.876116214366524,6.7008451610642785,36.349756076843306,-0.0
44.06,11.616994667792593,6.171433109672017,36.264426212958696,-0.0
44.065,11.344713490607479,5.66079242932492,36.138676295418655,-0.0
44.07,11.060131167732612,5.170130919566843,35.97734904249705,-0.0
44.075,10.765033672617507,4.704262687164703,35.78403545176681,-0.0
44.08,10.46165567148879,4.261479067507699,35.55998151064397,-0.0
44.085,10.151511400292058,3.845741547102744,35.30954792100803,-0.0
44.09,9.836348206014431,3.456722430504442,35.03253646558851,-0.0
44.095,9.517825648765442,3.0947529590663145,34.73606869545555,-0.0
44.1,9.196057979203617,2.7575488919171094,34.42140530640283,-0.0
44.105000000000004,8.874031312259854,2.4485526805546334,34.08930116763268,-0.0
44.11,8.553393411625553,2.1660191505652593,33.743440510914574,-0.0
44.115,8.233467354609393,1.9094206774430411,33.38632346958542,-0.0
44.12,7.916252486722129,1.6770122306781676,33.020766520390424,-0.0
44.125,7.604269120338127,1.471740961314192,32.646526022155314,-0.0
44.13,7.299041342054796,1.2878145639771104,32.26742597961924,-0.0
44.135,6.998956663250719,1.125865198080779,31.88526222986061,-0.0
44.14,6.704625708445838,0.9844880841942867,31.49989485304303,-0.0
44.145,6.418688147143305,0.8618144019125853,31.113828319277182,-0.0
44.15,6.140640611713021,0.7587402559015842,30.726543871324363,-0.0
44.155,5.871626679472252,0.6709412751898027,30.34012598914645,-0.0
44.160000000000004,5.611335156218872,0.5985640664090051,29.9554189143436,-0.0
44.165,5.360624896373197,0.5403794778441959,29.572850505128855,-0.0
44.17,5.118333807486541,0.4966057915325861,29.193029224114277,-0.0
44.175000000000004,4.886895979861772,0.46357899332335617,28.815168531463648,-0.0
44.18,4.665222835286849,0.43928572767862434,28.44222511785237,-0.0
44.185,4.454345816299777,0.4267511000681815,28.073088693242315,-0.0
44.19,4.253556106561112,0.4235622941723576,27.708557021678594,-0.0
44.195,4.06224228727652,0.42755725357393626,27.348791471966933,-0.0
44.2,3.8809209916367644,0.4395283108885861,26.99312507665493,-0.0
44.205,3.708296159078991,0.4564012081702767,26.641165204604185,-0.0
44.21,3.5449711013504177,0.4799698365693708,26.293939810953592,-0.0
44.215,3.392487260687044,0.5071888787912348,25.95169468064765,-0.0
44.22,3.2465086725139773,0.5401560941096621,25.61406405915407,-0.0
44.225,3.1105219550393652,0.5776091490148787,25.280231944622283,-0.0
44.230000000000004,2.9835546732512364,0.6171571938227646,24.95204035169228,-0.0
44.235,2.865558871562491,0.6590507386299271,24.62885589792891,-0.0
44.24,2.7550722311837674,0.7052920902713365,24.310222451187236,-0.0
44.245,2.65113783857948,0.7522187644473542,23.996519544484375,-0.0
44.25,2.555945076884778,0.8013093904072123,23.686506921786187,-0.0
44.255,2.467384826194447,0.8520692612525189,23.379464910656168,-0.0
44.26,2.386873529785835,0.9042133517348087,23.078151146103625,-0.0
44.265,2.3116899992929287,0.9587432655344577,22.780803082423756,-0.0
44.27,2.2442830334824726,1.0141087906779946,22.48804523696171,-0.0
44.275,2.1819863265266326,1.070669891042917,22.199562961459506,-0.0
44.28,2.126423755121161,1.1301596492163202,21.915657255741152,-0.0
44.285000000000004,2.0745027342636138,1.1890369550320943,21.635969935995135,-0.0
44.29,2.029747084116516,1.2487766779730554,21.359485154495996,-0.0
44.295,1.9904094278601907,1.309609776151069,21.087431658262865,-0.0
44.300000000000004,1.9560026189742377,1.3720946136842527,20.820725118046884,-0.0
44.305,1.9261075079273167,1.4351625863517792,20.556130783941132,-0.0
44.31,1.9009145524610873,1.4998423366258962,20.29539787942364,-0.0
44.315,1.8808281815210628,1.5658143127976658,20.038827190219504,-0.0
44.32,1.8647225237931337,1.6333540381161027,19.78471852675481,-0.0
44.325,1.8530095935052426,1.7017163982642343,19.535842276293554,-0.0
44.33,1.8462953060742624,1.7716027463819124,19.292530843405018,-0.0
44.335,1.8434751466260064,1.8437164634457024,19.050705320054856,-0.0
44.34,1.842957428761218,1.915826122122796,18.814381016489897,-0.0
44.345,1.8474634865389472,1.991450450126526,18.579846390160665,-0.0
44.35,1.8542571235637997,2.069859768550438,18.351340411914197,-0.0
44.355000000000004,1.8649597293047337,2.1493964948135074,18.12667899654314,-0.0
44.36,1.878200329841328,2.229927223547905,17.905877942343093,-0.0
44.365,1.8946562332899122,2.313784810590734,17.688677054058097,-0.0
44.37,1.915224683735798,2.4005691285676543,17.47462147789343,-0.0
44.375,1.939745614270182,2.488867732477624,17.264627826578533,-0.0
44.38,1.9670984922164565,2.579334826731072,17.05786315903059,-0.0
44.385,1.9987061167732196,2.674971250771911,16.85514962386496,-0.0
44.39,2.0328091619574016,2.772515024911397,16.657031040656598,-0.0
44.395,2.0695577826318523,2.8734082048418372,16.462015082791577,-0.0
44.4,2.1102829469121662,2.9776140188961624,16.271741276864578,-0.0
44.405,2.1536093389863704,3.086523198623891,16.08687287499777,-0.0
44.410000000000004,2.199702530175145,3.1988056964243845,15.905833965501127,-0.0
44.415,2.2495193128210507,3.3158683248230267,15.728773109490618,-0.0
44.42,2.301895168272287,3.4387091214387024,15.555094866715777,-0.0
44.425000000000004,2.3584453558391667,3.564763272162467,15.387655359974735,-0.0
44.43,2.419273900667364,3.695376822922855,15.224932684798201,-0.0
44.435,2.483415152767759,3.831555010639056,15.06637194996442,-0.0
44.44,2.5495709113477187,3.973248331099411,14.91422923656937,-0.0
44.445,2.6203660810132443,4.120143623740982,14.765710457595539,-0.0
44.45,2.6959342937000317,4.273147261510422,14.623511373828467,-0.0
44.455,2.774488794128562,4.4322607740313105,14.485927042227813,-0.0
44.46,2.8570121241778583,4.5981646238123375,14.354298176202331,-0.0
44.465,2.944745882509123,4.7699673693890166,14.228193752624767,-0.0
44.47,3.0364182301905385,4.948024888285125,14.10903645557564,-0.0
44.475,3.132589484723862,5.134847019926028,13.996614131717607,-0.0
44.480000000000004,3.2329864921707467,5.328182604245044,13.892135572524044,-0.0
44.485,3.3374224433283484,5.529665783748015,13.793080226413945,-0.0
44.49,3.446722650696898,5.740320781023388,13.702950666736832,-0.0
44.495,3.561727044588665,5.958554410813377,13.619950522380599,-0.0
44.5,3.6810719597625754,6.184297424480791,13.545823184877177,-0.0
44.505,3.8065676445304972,6.4190039380281965,13.477982141078666,-0.0
44.51,3.9367220794463877,6.664656291422439,13.41959103869713,-0.0
44.515,4.073550148465925,6.918938801883395,13.372372594772932,-0.0
44.52,4.215565582298888,7.182404972396133,13.334706078269845,-0.0
44.525,4.362291113560538,7.456332868653435,13.308989136021227,-0.0
44.53,4.5156685648105785,7.739326463038682,13.294238452508283,-0.0
44.535000000000004,4.677464491771662,8.034184781582157,13.292649718562027,-0.0
44.54,4.846079548925994,8.33841614518826,13.304018586216687,-0.0
44.545,5.0201977523312635,8.65166124099689,13.3280295075076,-0.0
44.550000000000004,5.201193060284972,8.976893982189894,13.367498077561004,-0.0
44.555,5.389658310304854,9.312535048098718,13.421607871265548,-0.0
44.56,5.585903190758572,9.659551823847348,13.493109912559518,-0.0
44.565,5.789440152289761,10.016022577625119,13.58325579117532,-0.0
44.57,6.000159850859516,10.38149675656762,13.691260871852624,-0.0
44.575,6.2199147677527655,10.757900673417259,13.820009761145288,-0.0
44.58,6.44677539160229,11.14551065632717,13.970477860526435,-0.0
44.585,6.682917412555839,11.541122684002685,14.143219404885253,-0.0
44.59,6.925657218544287,11.946802239746926,14.341013850677113,-0.0
44.595,7.176418555644267,12.361022745356497,14.564337867582543,-0.0
44.6,7.435268959101446,12.780450685747342,14.814247931527534,-0.0
44.605000000000004,7.703558417311729,13.206186105942157,15.09259360177333,-0.0
44.61,7.977835861718299,13.636739732099844,15.400060015018441,-0.0
44.615,8.260857398392256,14.070607529433001,15.736944601067753,-0.0
44.62,8.551002560038825,14.507525170438377,16.108730647781087,-0.0
44.625,8.84796061044975,14.942689008770571,16.51463745226224,-0.0
44.63,9.151679214535918,15.376535786859792,16.954722524832736,-0.0
44.635,9.46330039013039,15.805932411621711,17.43137688073641,-0.0
44.64,9.780915501624273,16.225855069316275,17.94647887109003,-0.0
44.645,10.102455991603618,16.63617013327803,18.50089350160032,-0.0
44.65,10.428984298134916,17.032144629952054,19.094645995608875,-0.0
44.655,10.760245581465995,17.411061534853108,19.727939698387946,-0.0
44.660000000000004,11.092596285903937,17.768801542611826,20.402417907787928,-0.0
44.665,11.425908028914549,18.10202278403056,21.115535095297346,-0.0
44.67,11.759652815185374,18.403675631954457,21.867822320757472,-0.0
44.675000000000004,12.092108050498064,18.67226613019998,22.656817593691137,-0.0
44.68,12.422201713218417,18.902030802230232,23.483238910962413,-0.0
44.685,12.747324794227355,19.0891802879839,24.344329407568633,-0.0
44.69,13.065253875701899,19.22644867080773,25.236118925113527,-0.0
44.695,13.373064150014272,19.310341891285198,26.155538199456398,-0.0
44.7,13.670189659476852,19.336798392520308,27.097245395423684,-0.0
44.705,13.95196624810647,19.30175705366065,28.05661048764441,-0.0
44.71,14.219853841994297,19.200775399707126,29.029720846896595,-0.0
44.715,14.467425319381253,19.030697809918664,30.0087299531623,-0.0
44.72,14.694608520176489,18.790993130805205,30.986073474631844,-0.0
44.725,14.900224898310233,18.47820089942972,31.95402062218296,-0.0
44.730000000000004,15.078208876329228,18.091021780885644,32.90472281507012,-0.0
44.735,15.22799349347914,17.63087227625242,33.82986924834947,-0.0
44.74,15.348253868081983,17.098077151382277,34.721191408175535,-0.0
44.745,15.434833390190892,16.49677892102045,35.569920351968,-0.0
44.75,15.48624190326772,15.829423270076376,36.36924002697207,-0.0
44.755,15.50290070204134,15.101895416364897,37.11063869385702,-0.0
44.76,15.48341366576095,14.319085493875573,37.78628914185089,-0.0
44.765,15.425079334154333,13.489573764462655,38.39095203142127,-0.0
44.77,15.327355676296648,12.618585280290358,38.91939773231186,-0.0
44.775,15.191553716180783,11.71785344445102,39.36743829416229,-0.0
44.78,15.017581692097327,10.795590267908747,39.733177083416706,-0.0
44.785000000000004,14.805436277939492,9.860919560875612,40.01359026457394,-0.0
44.79,14.557512010648313,8.922001985298031,40.20970833357457,-0.0
44.795,14.276458305425228,7.9895044012477054,40.324322079059336,-0.0
44.800000000000004,13.961782043218271,7.070051302908012,40.357909220053564,-0.0
44.805,13.61775884792078,6.172560427427837,40.31326196627499,-0.0
44.81,13.245612828366166,5.303333588948057,40.195878145764794,-0.0
44.815,12.848881716995752,4.46976033490777,40.01139499165974,-0.0
44.82,12.429934638590701,3.6754524435955984,39.76449345580961,-0.0
44.825,11.991402758657378,2.925732078379738,39.46221629207743,-0.0
44.83,11.537534829397226,2.223507159080983,39.11242484606158,-0.0
44.835,11.071303553850719,1.5712864170944592,38.719092928401935,-0.0
44.84,10.594967569385904,0.970025995047043,38.28963772541276,-0.0
44.845,10.113513403814611,0.42159092370637463,37.829572600765985,-0.0
44.85,9.627793410582507,-0.0771718603019172,37.347429374494375,-0.0
44.855000000000004,9.141921601438323,-0.5257811838274824,36.84637238314221,-0.0
44.86,8.658050531500733,-0.9270648688783587,36.33143378974365,-0.0
44.865,8.17735043068723,-1.2832447435070549,35.80641683496591,-0.0
44.87,7.704305074745786,-1.5962621065789184,35.27714139068362,-0.0
44.875,7.239701923097043,-1.867728145186175,34.74539452616612,-0.0
44.88,6.784788878793061,-2.102470683494697,34.21457194450469,-0.0
44.885,6.34033882468568,-2.302784702296614,33.68703493844409,-0.0
44.89,5.908936151800361,-2.471646098387489,33.16508117200348,-0.0
44.895,5.488392339715751,-2.6108594372754887,32.64902000938986,-0.0
44.9,5.083817129345892,-2.724110381624286,32.142304573605955,-0.0
44.905,4.693715019178841,-2.8160235048601665,31.645004403415452,-0.0
44.910000000000004,4.3176453143585585,-2.8874701963355487,31.156306899578613,-0.0
44.915,3.9579434308055887,-2.941707492229284,30.678691992941264,-0.0
44.92,3.6130721635749907,-2.9805362569734895,30.210871897062887,-0.0
44.925000000000004,3.2834866128154134,-3.0050172345220183,29.754343227859852,-0.0
44.93,2.96776370026971,-3.0189618510451837,29.30846816592227,-0.0
44.935,2.6683804598809973,-3.0224020672938945,28.87273046634141,-0.0
44.94,2.3853270734431744,-3.019317737681939,28.447868655766474,-0.0
44.945,2.1151929956687323,-3.0103788792049806,28.03189548978975,-0.0
44.95,1.8583856212967138,-2.9964824314621117,27.626380563008368,-0.0
44.955,1.614732034142248,-2.9787404865002634,27.229950461785954,-0.0
44.96,1.3862618376773648,-2.9587133994714594,26.84341168324986,-0.0
44.965,1.168811689423823,-2.9357715338934005,26.465784007653443,-0.0
44.97,0.962619386991226,-2.913082183534879,26.096289867446067,-0.0
44.975,0.7709799480747788,-2.8893160066252808,25.734190009299013,-0.0
44.980000000000004,0.5894172762203658,-2.866725421863256,25.379853257717873,-0.0
44.985,0.41583395969278925,-2.844705944853339,25.033389336902044,-0.0
44.99,0.25272314796893713,-2.8238963704106728,24.69313636265834,-0.0
44.995,0.09863890888279614,-2.8062120418995975,24.36000143378501,-0.0
45.0,-0.04554304252557592,-2.7904106532027555,24.033778813005345,-0.0
45.005,-0.1829431204241117,-2.776472488713914,23.714356849918182,-0.0
45.01,-0.31322387240148697,-2.765832513846183,23.402420512796137,-0.0
45.015,-0.436967142877538,-2.7589365760180122,23.094300013908295,-0.0
45.02,-0.5529550399857616,-2.7574568702178013,22.79227381255376,-0.0
45.025,-0.66310867761884,-2.7577513316196947,22.496000069760303,-0.0
45.03,-0.7688785681564209,-2.7624355952283492,22.206238047945966,-0.0
45.035000000000004,-0.8686955825292259,-2.771008093664515,21.920134534917267,-0.0
45.04,-0.964795992975484,-2.7826946859063577,21.641128328851114,-0.0
45.045,-1.0553076529945882,-2.7996672725919867,21.36507725604654,-0.0
45.050000000000004,-1.1423971450632455,-2.820728526927187,21.095252973084573,-0.0
45.055,-1.2255844533597582,-2.846681351554916,20.83045539182161,-0.0
45.06,-1.3055317005427893,-2.8759538206157167,20.570255445301473,-0.0
45.065,-1.3835959846414703,-2.90903931944363,20.314958375693443,-0.0
45.07,-1.4599504541508939,-2.946738937922204,20.0637428403694,-0.0
45.075,-1.5342185015596386,-2.9914579508632344,19.818048166152135,-0.0
45.08,-1.6071673469633427,-3.0390989176858816,19.57788626975696,-0.0
45.085,-1.6778645498132307,-3.091960034429729,19.34204834377374,-0.0
45.09,-1.7484306594366863,-3.150176061274354,19.110891152291085,-0.0
45.095,-1.8197743665038726,-3.2122488109461247,18.883248198983583,-0.0
45.1,-1.8901462397300184,-3.278661060176382,18.660394256682654,-0.0
45.105000000000004,-1.9596539896309304,-3.350131909023991,18.441322739565624,-0.0
45.11,-2.0290895004194884,-3.426888775507578,18.22883211866988,-0.0
45.115,-2.098413123863742,-3.5081069419471,18.019734420906534,-0.0
45.12,-2.1696291955383202,-3.595190934760971,17.817435258622364,-0.0
45.125,-2.239670623869317,-3.6885636828259822,17.618738493889868,-0.0
45.13,-2.3119480605400935,-3.7862840291763797,17.42573484611023,-0.0
45.135,-2.3863993643771333,-3.8890360245101325,17.23736263187256,-0.0
45.14,-2.46149533645836,-3.998649744458981,17.053233973008137,-0.0
45.145,-2.538935922948074,-4.112183743008902,16.874809903234993,-0.0
45.15,-2.6179007543626462,-4.233654299026539,16.702218265180292,-0.0
45.155,-2.6996618807138124,-4.361964253790074,16.53541051713581,-0.0
45.160000000000004,-2.783464655984673,-4.494745810100049,16.373587964659315,-0.0
45.165,-2.8688678656316786,-4.634839227522679,16.217047241700097,-0.0
45.17,-2.9583863305572544,-4.7810381708923515,16.066624673586066,-0.0
45.175000000000004,-3.050018751845408,-4.932799224070755,15.9233000431553,-0.0
45.18,-3.144619006184143,-5.092124786960916,15.785786304352127,-0.0
45.185,-3.242496226063948,-5.257586646725341,15.654731012791219,-0.0
45.19,-3.342890725701407,-5.431925578510958,15.531128095323076,-0.0
45.195,-3.4481563093527483,-5.613989756188503,15.416597436718707,-0.0
45.2,-3.5556830401808184,-5.802871274815396,15.306654475110511,-0.0
45.205,-3.6684237039530294,-5.998459317637845,15.205736781181749,-0.0
45.21,-3.783233181634341,-6.2039743126933935,15.113483916547342,-0.0
45.215,-3.9044271171889475,-6.416150682217667,15.030204240080941,-0.0
45.22,-4.030876856133942,-6.636247724611032,14.955176690832408,-0.0
45.225,-4.162616626350911,-6.866429811745688,14.889184000944812,-0.0
45.230000000000004,-4.2986291272400585,-7.103940235143777,14.834239419793645,-0.0
45.235,-4.439894192770596,-7.3509049443155705,14.7907155512576,-0.0
45.24,-4.586154278077852,-7.6067087013316135,14.756936313010067,-0.0
45.245,-4.736002330164395,-7.873249313451065,14.733752340394544,-0.0
45.25,-4.892336725972261,-8.147174846930819,14.722240127423298,-0.0
45.255,-5.0557839491273935,-8.431364010783692,14.72586590815814,-0.0
45.26,-5.224198042472065,-8.725628704898849,14.742187103739349,-0.0
45.265,-5.39849743744294,-9.027930013921877,14.773258993599079,-0.0
45.27,-5.5806996574333345,-9.339373339801975,14.819334657629557,-0.0
45.275,-5.76743193305921,-9.66055537049796,14.882426507070189,-0.0
45.28,-5.961641829711249,-9.990336168451213,14.962279088853082,-0.0
45.285000000000004,-6.163577758807034,-10.330325240106381,15.06032426405411,-0.0
45.29,-6.371947062717576,-10.67736909853535,15.177837463375965,-0.0
45.295,-6.587157531411256,-11.03204355409485,15.31477117098078,-0.0
45.300000000000004,-6.809420939676038,-11.395959773334017,15.473251501516396,-0.0
45.305,-7.038253268704622,-11.765544659381476,15.654959765553476,-0.0
45.31,-7.274909032817207,-12.14069776645278,15.860063119349126,0.0
45.315,-7.517670275760143,-12.521097400510946,16.08948353575627,0.0
45.32,-7.767487007034251,-12.90485596625786,16.346000290536292,0.0
45.325,-8.025187455440273,-13.292964877912027,16.629010818441976,0.0
45.33,-8.288930005717397,-13.68233725967776,16.93958064354865,0.0
45.335,-8.558218377997163,-14.07295589712443,17.279033179993213,0.0
45.34,-8.835089192990175,-14.460561349928348,17.650661709385773,0.0
45.345,-9.116536532387757,-14.846595761147515,18.05455765540626,0.0
45.35,-9.402484216208283,-15.227032003595136,18.49037166519009,0.0
45.355000000000004,-9.692990332650874,-15.59789749015762,18.959714815348942,0.0
45.36,-9.988534294556375,-15.959056577202828,19.46133814477095,0.0
45.365,-10.288167261577112,-16.306084316177955,19.997687708431037,0.0
45.37,-10.590117920074679,-16.63599122916933,20.568227024811197,0.0
45.375,-10.891520159995475,-16.947322859055763,21.17409121434863,0.0
45.38,-11.194554280135922,-17.235370394837553,21.814181648790917,0.0
45.385,-11.496018647267714,-17.494990035468845,22.48751799963848,0.0
45.39,-11.796094726381787,-17.72442714488735,23.193491780404813,0.0
45.395,-12.090281925610807,-17.91981446126957,23.92922383469203,0.0
45.4,-12.380783860607885,-18.07548180692003,24.692063082569817,0.0
45.405,-12.665100642948087,-18.188823260418577,25.481743908054586,0.0
45.410000000000004,-12.940700106663021,-18.256223407836867,26.294318930933535,0.0
45.415,-13.20671133060021,-18.274773489290368,27.123453354656178,0.0
45.42,-13.460601497200809,-18.241642345904143,27.967490117985825,0.0
45.425000000000004,-13.700170124808679,-18.153381912060652,28.822652041334024,0.0
45.43,-13.92292800752097,-18.00749544548414,29.681395493232138,0.0
45.435,-14.126195450815082,-17.800453910264363,30.53929199089738,0.0
45.44,-14.309942480471125,-17.532249839192904,31.388946142606052,0.0
45.445,-14.470533697347653,-17.201316568089137,32.22403937061949,0.0
45.45,-14.605366697364582,-16.810263087654057,33.039118462624856,0.0
45.455,-14.715577751767738,-16.357873486919445,33.825758666528216,0.0
45.46,-14.797792203285848,-15.847746594700022,34.57866134951495,0.0
45.465,-14.849950284665644,-15.280092448508181,35.288961459983256,0.0
45.47,-14.872203523243831,-14.663045415484845,35.95306238519676,0.0
45.475,-14.862198282232278,-13.997879628344691,36.56440523663673,0.0
45.480000000000004,-14.81836958512108,-13.291878086469351,37.11744016953345,0.0
45.485,-14.743691753678808,-12.549818392973885,37.60676043855489,0.0
45.49,-14.63456317148285,-11.778569927701373,38.030905219334905,0.0
45.495,-14.49290121389983,-10.985199503225957,38.38547324401376,0.0
45.5,-14.317680939956078,-10.17731088733576,38.67001490393242,0.0
45.505,-14.111659025148969,-9.362830107637334,38.88251350598751,0.0
45.51,-13.87322652403647,-8.548444223651991,39.02446501725668,0.0
45.515,-13.607374795518105,-7.74055730250264,39.09673079200132,0.0
45.52,-13.313248767781229,-6.947677783679968,39.102466928635984,0.0
45.525,-12.995561891458841,-6.173219627609762,39.04504288522412,0.0
45.53,-12.655344288523281,-5.425241873232754,38.92594926827864,0.0
45.535000000000004,-12.293416519674318,-4.706919700567956,38.75029740155392,0.0
45.54,-11.91387639700078,-4.0235148571568935,38.523761843170405,0.0
45.545,-11.519517628204254,-3.3758164613806345,38.250769885860215,0.0
45.550000000000004,-11.113318043620023,-2.7687021570452535,37.935538663556265,0.0
45.555,-10.696774326687558,-2.202687462822703,37.58400772445866,0.0
45.56,-10.27020225061552,-1.6792361881114086,37.20096917127813,0.0
45.565,-9.840513947058207,-1.1976091709066126,36.79049238380896,0.0
45.57,-9.408454090365877,-0.7586172553988633,36.357865638689866,0.0
45.575,-8.975159680004035,-0.3614466078948858,35.90827403530811,0.0
45.58,-8.544590881526839,-0.0048812756004956714,35.44540519137038,0.0
45.585,-8.116763671049661,0.3136164570246839,34.97299242419787,0.0
45.59,-7.694838007654254,0.595278851580981,34.49383472286853,0.0
45.595,-7.280114014627132,0.8408352887611403,34.01140632362629,0.0
45.6,-6.874213854101155,1.056053479715572,33.52885792384696,0.0
45.605000000000004,-6.477209800955758,1.2404541087680272,33.04477368223135,0.0
45.61,-6.090112355960547,1.3978695216212214,32.56372040122684,0.0
45.615,-5.716442767356805,1.528328265691811,32.08694843293267,0.0
45.62,-5.354074278153393,1.635844265563318,31.615531424831534,0.0
45.625,-5.005204735637578,1.7235865023962251,31.15084483691286,0.0
45.63,-4.6690313076574075,1.794233643261453,30.691038175596255,0.0
45.635,-4.345894477706845,1.8485086401597761,30.241040570615073,0.0
45.64,-4.036115790684379,1.8882803324946709,29.797360819931853,0.0
45.645,-3.740752629609729,1.9140713643675162,29.360991679746085,0.0
45.65,-3.458644082097269,1.9293912677560772,28.932534418451382,0.0
45.655,-3.1901522750755342,1.9364944669309927,28.51429663831488,0.0
45.660000000000004,-2.9344275574509795,1.9352009756417168,28.102535736765958,0.0
45.665,-2.690380622100896,1.9262217098848902,27.699099310583915,0.0
45.67,-2.459728508463913,1.9135787531650672,27.304445122777082,0.0
45.675000000000004,-2.2400796597537522,1.8959942260836649,26.916451259720347,0.0
45.68,-2.0344940322286957,1.875126816079288,26.53661813610921,0.0
45.685,-1.8401676763614547,1.8504005090694078,26.163554674446953,0.0
45.69,-1.6547853402460986,1.8236475277207713,25.796901768402122,0.0
45.695,-1.4807399171628441,1.7962713661551806,25.438133676352898,0.0
45.7,-1.3164783364666504,1.7690212287361997,25.085275451529803,0.0
45.705,-1.1618298890536964,1.7403065325900757,24.738425756273827,0.0
45.71,-1.017083487450629,1.71181248560814,24.39822324153162,0.0
45.715,-0.8806944203150519,1.686632169441965,24.065228087905005,0.0
45.72,-0.7525337889935932,1.6617264088213184,23.73672948791856,0.0
45.725,-0.6318090860913539,1.6367640858010561,23.41497743028936,0.0
45.730000000000004,-0.5190142899172335,1.6131510085066316,23.09740215877382,0.0
45.735,-0.4119600094415275,1.5926959409903676,22.786072635839908,0.0
45.74,-0.31310364934843227,1.5732503684580394,22.48063004557731,0.0
45.745,-0.2195512329749596,1.556591317515364,22.177475431862234,0.0
45.75,-0.13043856838447743,1.542520050125437,21.879786671789326,0.0
45.755,-0.04676715602744522,1.5307213467053786,21.587924212494677,0.0
45.76,0.031220737949780197,1.5197709423856784,21.300599188631086,0.0
45.765,0.10499701541048459,1.5137476067778857,21.01527795157515,0.0
45.77,0.17403631985535592,1.5093119458327482,20.73552473332409,0.0
45.775,0.24104882499728192,1.5077363734795552,20.460081067655196,0.0
45.78,0.3051426573226085,1.5088682926222268,20.187614042805706,0.0
45.785000000000004,0.36520153619881074,1.513177844146298,19.9204945957759,0.0
45.79,0.4229595662712211,1.5207148333967624,19.658345731607348,0.0
45.795,0.4774109550588445,1.530874031836069,19.399462380045655,0.0
45.800000000000004,0.529447117993368,1.5444006001410782,19.145250701834023,0.0
45.805,0.5820207029686357,1.5607242481664814,18.892935014177567,0.0
45.81,0.6312728639353207,1.5776761828390504,18.645618814653783,0.0
45.815,0.6782615928718116,1.5984649281277983,18.401867880821058,0.0
45.82,0.7242576242774293,1.6231861719000558,18.161542292823473,0.0
45.825,0.7692624503600154,1.6502883659164866,17.926051962276976,0.0
45.83,0.8131504346024038,1.6799901832067594,17.692406680112143,0.0
45.835,0.8570094490821936,1.7136629917528847,17.462704493234035,0.0
45.84,0.8988499003794341,1.7496837992767449,17.236515635559805,0.0
45.845,0.9410371866531261,1.7890068446884388,17.014984331954995,0.0
45.85,0.9828712084626499,1.832771611105142,16.796368302766297,0.0
45.855000000000004,1.025886117334742,1.8787038338373796,16.581086218931876,0.0
45.86,1.0696444566728793,1.9278884072573588,16.368326340506396,0.0
45.865,1.1121906330683378,1.9809350014643496,16.160447873777755,0.0
45.87,1.15549873482291,2.0360125210775686,15.956116205443996,0.0
45.875,1.1997687788805755,2.0956359820401955,15.754565386364506,0.0
45.88,1.2448195872918113,2.159386909479634,15.556607738438188,0.0
45.885,1.2906691050018138,2.226164713737191,15.361957872289484,0.0
45.89,1.3374697144332628,2.2964602962855367,15.170989976532912,0.0
45.895,1.3856316706126066,2.3709771675506786,14.984060666134612,0.0
45.9,1.4341036612188893,2.448778473332237,14.800304502125808,0.0
45.905,1.4842456374243962,2.5303770223479196,14.620116910497925,0.0
45.910000000000004,1.5371352764902873,2.6175386987787794,14.444106826249477,0.0
45.915,1.5907932923615231,2.7089644991126742,14.271510971818204,0.0
45.92,1.6479700756932276,2.8049412741135376,14.102427151849318,0.0
45.925000000000004,1.70445152427404,2.90559073765222,13.936630460152621,0.0
45.93,1.7636184146721043,3.010998950955059,13.774376182088796,0.0
45.935,1.8264624439041413,3.120156161686756,13.616767049166745,0.0
45.94,1.8918373363086907,3.2357701593738057,13.463716325292202,0.0
45.945,1.960360447343064,3.355594274917338,13.314342207445083,0.0
45.95,2.0301416511641315,3.482479725941991,13.171031723488657,0.0
45.955,2.1031876691448765,3.6156617629635104,13.031034733252431,0.0
45.96,2.178266624155882,3.753978228838836,12.895200876587753,0.0
45.965,2.2569226114443617,3.901057894810826,12.76440662958396,0.0
45.97,2.3402390105227413,4.052240876247646,12.638202558729702,0.0
45.975,2.42600917021583,4.2107345275862285,12.518024495801388,0.0
45.980000000000004,2.5150673738202878,4.3769831156691135,12.402659041540003,0.0
45.985,2.606945793901869,4.550159009425759,12.291810224201582,0.0
45.99,2.702647247681586,4.730760003012717,12.186452224917964,0.0
45.995,2.804136665230432,4.920823999189446,12.087619883942311,0.0
46.0,2.9102621110260065,5.119965614401263,11.99596868881424,0.0
46.005,3.0201980883328705,5.327494313138318,11.909402742076784,0.0
46.01,3.1353920712440693,5.544448380558486,11.83038204693759,0.0
46.015,3.25566866584997,5.769925885098877,11.759777682020829,0.0
46.02,3.380741803249883,6.005441718163479,11.696195068492857,0.0
46.025,3.5124606062245736,6.250576893613637,11.641837128657103,0.0
46.03,3.6483923817134714,6.506508321734124,11.596674576181702,0.0
46.035000000000004,3.792611766529192,6.7740362806700976,11.560918782738911,0.0
46.04,3.940825921845523,7.0520793600278715,11.53500947318284,0.0
46.045,4.095723505352855,7.341447487230886,11.521090295920189,0.0
46.050000000000004,4.257070833257057,7.643202512282961,11.518146909411195,0.0
46.055,4.426897847354501,7.956843659038879,11.528562908021541,0.0
46.06,4.603693371801266,8.282512335306524,11.550915894225867,0.0
46.065,4.788264710507828,8.621079191046293,11.587810260128224,0.0
46.07,4.979577030462586,8.970034312794766,11.63969169024551,0.0
46.075,5.1800446366274695,9.332326725145537,11.707482076190978,0.0
46.08,5.387225588290472,9.709154693982573,11.792137853727173,0.0
46.085,5.6038933969910705,10.096437657305097,11.896136560630971,0.0
46.09,5.827884130273138,10.497624164470913,12.02058714760962,0.0
46.095,6.061282231250687,10.910757112628218,12.166670183870968,0.0
46.1,6.3034830836344184,11.337013578947984,12.336933222462795,0.0
46.105000000000004,6.555630240530331,11.77434279153993,12.52938745854785,0.0
46.11,6.816393664335963,12.222334716376677,12.748415197729603,0.0
46.115,7.08746769033118,12.679488843421186,12.995146252019772,0.0
46.12,7.367999515524239,13.148586821438194,13.270362326738239,0.0
46.125,7.65633039244552,13.624977455815571,13.57706233724812,0.0
46.13,7.955345215558569,14.108616801771857,13.91731460430618,0.0
46.135,8.263193214107543,14.597537847192818,14.292522949501308,0.0
46.14,8.5806506469757,15.091057834230492,14.705313564241091,0.0
46.145,8.90605321444711,15.586027744891028,15.156256019182091,0.0
46.15,9.240105211728377,16.079891201776302,15.647813955999837,0.0
46.155,9.582093233169443,16.569786683180634,16.181983571345675,0.0
46.160000000000004,9.931006204518217,17.054297400219024,16.75994954576579,0.0
46.165,10.287171394928036,17.528178458261646,17.384824810728816,0.0
46.17,10.6494618844922,17.98697463925977,18.055382799728143,0.0
46.175000000000004,11.015693029870453,18.425731216521633,18.7728352868066,0.0
46.18,11.387453048742577,18.84364052107608,19.536869248102523,0.0
46.185,11.760539926232276,19.231586948147456,20.348544954535665,0.0
46.19,12.134334212857995,19.58613583564074,21.208409199261432,0.0
46.195,12.506991445191158,19.901305510615398,22.113084918736376,0.0
46.2,12.877474694325809,20.168577622983257,23.06305744233074,0.0
46.205,13.241185515127727,20.384871204269484,24.05350119739392,0.0
46.21,13.598545929160998,20.54537758206695,25.08291374231595,0.0
46.215,13.94708300691719,20.64045603098895,26.144663508033,0.0
46.22,14.281339273777101,20.667067402845007,27.235569672066383,0.0
46.225,14.601415160376607,20.619318254485947,28.349769258331268,0.0
46.230000000000004,14.902653884065218,20.49067331986246,29.476610804795243,0.0
46.235,15.181450794794985,20.27720918173571,30.610194439841766,0.0
46.24,15.437069709175784,19.977213597058704,31.741728523560774,0.0
46.245,15.663653655372746,19.587444305777726,32.859463959865735,0.0
46.25,15.859108349376104,19.108378446371816,33.955635020124845,0.0
46.255,16.021630080914207,18.541274017634397,35.018744962593,0.0
46.26,16.14719027479903,17.886097743218414,36.03608591453324,0.0
46.265,16.234329935099343,17.14774273984103,36.999776071736584,0.0
46.27,16.28006430119427,16.33224247494406,37.8969757699623,0.0
46.275,16.28248208338477,15.445863849806987,38.72169318797807,0.0
46.28,16.239948192557726,14.49671824515522,39.46273110146328,0.0
46.285000000000004,16.15256318711282,13.49366535474772,40.11476697320609,0.0
46.29,16.01934751419712,12.44750491191626,40.669895923095794,0.0
46.295,15.840584094059379,11.370488910404458,41.124701045379986,0.0
46.300000000000004,15.616779869057286,10.274073098883925,41.47839225501017,0.0
46.305,15.349598033782994,9.170005241926352,41.726635313257816,0.0
46.31,15.041465201077617,8.070649567505264,41.87406561499123,0.0
46.315,14.692409390457954,6.986265779266015,41.9240842924935,0.0
46.32,14.307909533961569,5.9297713306727395,41.876901348093575,0.0
46.325,13.88812468551726,4.9076147264176715,41.742423784607865,0.0
46.33,13.439126921570251,3.9284047984952952,41.527486451520126,0.0
46.335,12.962531096635843,3.000050050572143,41.23669731971724,0.0
46.34,12.463872247642977,2.1274359690340856,40.88136907586874,0.0
46.345,11.946553547477809,1.3118739538748696,40.468902168763904,0.0
46.35,11.413510408263868,0.5599810211263739,40.00776245639748,0.0
46.355000000000004,10.869494437620569,-0.12763090627762685,39.50626489321768,0.0
46.36,10.319532194763806,-0.7525422612828037,38.97281203344711,0.0
46.365,9.765053490274482,-1.3151960784019878,38.41407201985438,0.0
46.37,9.210583359745419,-1.8160213051636647,37.83750848144164,0.0
46.375,8.65852853923698,-2.260977353798591,37.249473016140534,0.0
46.38,8.111691633960497,-2.6503607071318416,36.654648504732286,0.0
46.385,7.5735147360030055,-2.98814984100332,36.0583142329246,0.0
46.39,7.0459036958504395,-3.2779573004375053,35.464586483723565,0.0
46.395,6.53026868829901,-3.5249678947711756,34.87675543064619,0.0
46.4,6.027476789778805,-3.731905550691112,34.296680602136675,0.0
46.405,5.5391701769610036,-3.9035445875635677,33.72746045416898,0.0
46.410000000000004,5.067136016288537,-4.0427532404254265,33.16982713409599,0.0
46.415,4.611664004903404,-4.153837261631912,32.62508498238165,0.0
46.42,4.17260270615619,-4.238862917541295,32.09338792360655,0.0
46.425000000000004,3.7527573148828313,-4.302397587542978,31.57767592094109,0.0
46.43,3.350269208838596,-4.348711901948905,31.075595563048385,0.0
46.435,2.965372265131558,-4.377819227020508,30.589479868223563,0.0
46.44,2.59726637149668,-4.395103317336128,30.116142301642544,0.0
46.445,2.247024884988004,-4.400484512354087,29.658356335833705,0.0
46.45,1.9140968746490234,-4.397653943213023,29.214201787556206,0.0
46.455,1.5983822967091559,-4.388052048597981,28.78267221151836,0.0
46.46,1.298531468519838,-4.370728746212202,28.36402684714899,0.0
46.465,1.0152458548972234,-4.350633928939648,27.955823875679485,0.0
46.47,0.7461740917160109,-4.327638078307085,27.56109553299462,0.0
46.475,0.4926869439233007,-4.30503591739862,27.178643035882835,0.0
46.480000000000004,0.25207042801598345,-4.281222896363712,26.80439328676549,0.0
46.485,0.025436135269421706,-4.25939231673842,26.442309560366485,0.0
46.49,-0.18949197057757475,-4.237801299541468,26.089368394281845,0.0
46.495,-0.3930652919312686,-4.217800033695854,25.74492817524839,0.0
46.5,-0.585115236767414,-4.200667864655651,25.408932616755287,0.0
46.505,-0.7650012536787733,-4.187200041139582,25.082300766501575,0.0
46.51,-0.936015491488232,-4.1777239854482655,24.763107448552237,0.0
46.515,-1.098093741748818,-4.172270080477616,24.453405619360453,0.0
46.52,-1.2521733420927457,-4.170166832246076,24.148947377403992,0.0
46.525,-1.398177635892832,-4.172642564799293,23.852500959115176,0.0
46.53,-1.5358070724054282,-4.181398630825052,23.563670011937983,0.0
46.535000000000004,-1.6687780086501223,-4.194321970001441,23.28330161360662,0.0
46.54,-1.7950252094184622,-4.213108393348182,23.008051914870652,0.0
46.545,-1.9154958094062913,-4.236704849583201,22.73804335298799,0.0
46.550000000000004,-2.0310341113404045,-4.264968799509695,22.47581331956706,0.0
46.555,-2.143067994058066,-4.299399840213448,22.219379847582942,0.0
46.56,-2.2517108912127113,-4.340507886022331,21.96951880614919,0.0
46.565,-2.3565995721903175,-4.386771848436759,21.725469640934055,0.0
46.57,-2.4583449384319795,-4.439072003830347,21.48816005209513,0.0
46.575,-2.5565295844176643,-4.497679614461625,21.25677479466658,0.0
46.58,-2.6527514021754994,-4.560609127244401,21.031481655669452,0.0
46.585,-2.747351698536205,-4.630795666751928,20.811732827392785,0.0
46.59,-2.8418478519610026,-4.706506192716115,20.596957097528232,0.0
46.595,-2.9353494550416825,-4.787420402507375,20.38862744678561,0.0
46.6,-3.028326938981354,-4.875252010413714,20.18640071234854,0.0
46.605000000000004,-3.1205430617598156,-4.969202088086593,19.992065197687793,0.0
46.61,-3.2140310241305206,-5.068519699366756,19.8031069425514,0.0
46.615,-3.3077266089957553,-5.174165141690991,19.62178039125745,0.0
46.62,-3.4007901030086276,-5.2865691643071635,19.445705215196433,0.0
46.625,-3.4962198759848166,-5.406005650956837,19.275567834293973,0.0
46.63,-3.5912795223579312,-5.5298766599211095,19.11297169515643,0.0
46.635,-3.6878267749679177,-5.6624245550551535,18.957422600191578,0.0
46.64,-3.7869626418916185,-5.802105383184553,18.809305300204816,0.0
46.645,-3.8870513361636627,-5.945777900457681,18.66763512370556,0.0
46.65,-3.990327133752544,-6.0984464628834045,18.533956114194087,0.0
46.655,-4.094984748770273,-6.2570628158155035,18.408850044363223,0.0
46.660000000000004,-4.203511233506053,-6.421405837479096,18.289863447834154,0.0
46.665,-4.313944434252805,-6.5930243815187906,18.179924665283632,0.0
46.67,-4.429059000025996,-6.77122633666069,18.080570618509377,0.0
46.675000000000004,-4.54560840854391,-6.957612714454367,17.989597443609018,0.0
46.68,-4.666781096944329,-7.1522520475818085,17.907491114471092,0.0
46.685,-4.792478889778077,-7.353011549582785,17.834846537822205,0.0
46.69,-4.920572002246192,-7.55879975619051,17.77396888434223,0.0
46.695,-5.052743187684906,-7.7724351761599975,17.72270560918835,0.0
46.7,-5.18871495151793,-7.993486918719673,17.681641404169625,0.0
46.705,-5.329539728263937,-8.220549929187756,17.652997595044233,0.0
46.71,-5.473093915271513,-8.455108678123427,17.637298452160543,0.0
46.715,-5.6217266033881295,-8.696470177027866,17.633161228856117,0.0
46.72,-5.775088926903571,-8.944980871962464,17.64148631722415,0.0
46.725,-5.934304457025149,-9.199186721985331,17.663808901858395,0.0
46.730000000000004,-6.097877893045337,-9.461774553512369,17.7011183449506,0.0
46.735,-6.267065691294054,-9.728953322981408,17.753704658327674,0.0
46.74,-6.440794481224969,-10.001879105273863,17.820280782915408,0.0
46.745,-6.6198326482686864,-10.279146169058352,17.903868908030677,0.0
46.75,-6.802649338830613,-10.562363083329782,18.003933482091544,0.0
46.755,-6.991619680903622,-10.849085384295368,18.1236915950392,0.0
46.76,-7.184091054588008,-11.140348766769424,18.262047245460483,0.0
46.765,-7.381869210397726,-11.434462504679988,18.41850917680987,0.0
46.77,-7.584315140746454,-11.730907820266609,18.594095888894476,0.0
46.775,-7.791689694991577,-12.029543860796853,18.791255322063414,0.0
46.78,-8.004576002493367,-12.32882654612046,19.008998828519406,0.0
46.785000000000004,-8.21986487261325,-12.626757713167931,19.24876947961513,0.0
46.79,-8.441426516449926,-12.922883496129163,19.51110744386025,0.0
46.795,-8.665494994014457,-13.216553695440899,19.79592095506733,0.0
46.800000000000004,-8.892266105973892,-13.505911217209432,20.103959916677393,0.0
46.805,-9.123243030675878,-13.789443577882675,20.434829016898004,0.0
46.81,-9.356859849121358,-14.066230430100447,20.79176239799177,0.0
46.815,-9.592219156821283,-14.333421209630004,21.171792433136645,0.0
46.82,-9.829126061911005,-14.589197212247253,21.576988558089866,0.0
46.825,-10.06753151616221,-14.832496172302692,22.006998649863863,0.0
46.83,-10.306036838208462,-15.061327120310786,22.460037996139512,0.0
46.835,-10.545122529999048,-15.271375398580274,22.937233591400037,0.0
46.84,-10.781425952844813,-15.46141662862727,23.434515760171404,0.0
46.845,-11.014364470186145,-15.629960148975302,23.954259436237315,0.0
46.85,-11.24533735221557,-15.775719343758233,24.495723517420313,0.0
46.855000000000004,-11.47274746166211,-15.893852640682502,25.05575873644825,0.0
46.86,-11.693320112514924,-15.982961397944264,25.634387302151953,0.0
46.865,-11.907288913667804,-16.041110981584556,26.226750544601355,0.0
46.87,-12.113793879578603,-16.066846961322533,26.832590195642354,0.0
46.875,-12.309943534379961,-16.057654025226494,27.44680052548857,0.0
46.88,-12.496922584978623,-16.011042028483082,28.06874479041765,0.0
46.885,-12.672186839808646,-15.92633783010142,28.694817888678667,0.0
46.89,-12.835863913202342,-15.801660310122324,29.320946553833235,0.0
46.895,-12.983619680701969,-15.636615684035982,29.943637481898588,0.0
46.9,-13.116194358763636,-15.43240578371749,30.560046568956256,0.0
46.905,-13.232353749200579,-15.186398745390294,31.165497652451105,0.0
46.910000000000004,-13.330783008877377,-14.901446531732214,31.754968050882695,0.0
46.915,-13.40938253114799,-14.576728621115162,32.323056772639205,0.0
46.92,-13.467930208843692,-14.213661608989154,32.86936741780289,0.0
46.925000000000004,-13.505668792019426,-13.813814401854716,33.386616238351124,0.0
46.93,-13.519840635177713,-13.381143434425136,33.87473044697215,0.0
46.935,-13.51296812923945,-12.91667111478476,34.32769439651997,0.0
46.94,-13.482170462100816,-12.423901937598972,34.743006955683455,0.0
46.945,-13.429137555304578,-11.90675675190939,35.11784600200763,0.0
46.95,-13.352973137671782,-11.36939739059401,35.4492949325509,0.0
46.955,-13.254540300004734,-10.814551293873986,35.73449200807167,0.0
46.96,-13.132614330976034,-10.248229200851284,35.97494882933807,0.0
46.965,-12.9888804055543,-9.67259662323396,36.16807198828525,0.0
46.97,-12.823171984312857,-9.093883588113133,36.31424016748242,0.0
46.975,-12.63646803641862,-8.515568260205782,36.41347652899763,0.0
46.980000000000004,-12.430908473892003,-7.941318824465187,36.46538335864873,0.0
46.985,-12.205340741224335,-7.375437131846898,36.47349199642643,0.0
46.99,-11.96287089164933,-6.819996400590467,36.43708456979631,0.0
46.995,-11.705855027420986,-6.281631148536631,36.35722861851511,0.0
47.0,-11.43553387306788,-5.762041093132407,36.23966566647093,0.0
47.005,-11.151858214783704,-5.262289785464359,36.08638545309566,0.0
47.01,-10.858690346095358,-4.783553374082173,35.89967381501772,0.0
47.015,-10.552188729237377,-4.328893761383041,35.68047286765691,0.0
47.02,-10.241115064940866,-3.9013629440579694,35.43430817783096,0.0
47.025,-9.924009232118117,-3.5010465711468357,35.16253167636519,0.0
47.03,-9.603135936158601,-3.128863446684613,34.86760203414999,0.0
47.035000000000004,-9.280110573971278,-2.783606008129087,34.55338159429984,0.0
47.04,-8.955289429718988,-2.465413846314312,34.22124146627529,0.0
47.045,-8.630402282913034,-2.1733017203096248,33.87562093451664,0.0
47.050000000000004,-8.306803940393676,-1.9089222577974163,33.5168951717724,0.0
47.055,-7.986672720496941,-1.669520327455667,33.14847568203716,0.0
47.06,-7.6704547167123955,-1.4550050744641976,32.773286222581866,0.0
47.065,-7.358708242265927,-1.2653473981938248,32.39083395617469,0.0
47.07,-7.053223612459214,-1.0964376085852305,32.006874099803454,0.0
47.075,-6.75531659124479,-0.9491379481195414,31.618131927786497,0.0
47.08,-6.4647388829975,-0.8219744050687484,31.22812967443334,0.0
47.085,-6.182996673544541,-0.7134096410917772,30.8387817043224,0.0
47.09,-5.909622466066818,-0.6227692910794276,30.450792175418634,0.0
47.095,-5.646607530783207,-0.5472612577840519,30.06222295458044,0.0
47.1,-5.390760326982838,-0.4857164877927497,29.67670414941363,0.0
47.105000000000004,-5.1462645814031776,-0.4386171284550407,29.294012800437756,0.0
47.11,-4.910290906019692,-0.40406469231542297,28.914149820687886,0.0
47.115,-4.684273884946194,-0.37890367849390905,28.539122155380316,0.0
47.12,-4.469410968617764,-0.36506565610470926,28.166681361897723,0.0
47.125,-4.264564531837464,-0.3594488886056069,27.800663386190067,0.0
47.13,-4.068889402497164,-0.3621761412628158,27.43570254104368,0.0
47.135,-3.8841817881162006,-0.37175698516578876,27.07731705567916,0.0
47.14,-3.7081523492154265,-0.38837361701716977,26.722953942396646,0.0
47.145,-3.5440088000141468,-0.40887064899622216,26.37279890864257,0.0
47.15,-3.3860952431722575,-0.43526344373515485,26.028572888641808,0.0
47.155,-3.238739180382387,-0.4656688876039681,25.689207058335978,0.0
47.160000000000004,-3.1005453341559006,-0.4999774094763863,25.354833139425317,0.0
47.165,-2.97021716121571,-0.5377144073069255,25.023080384200814,0.0
47.17,-2.847953092092125,-0.5797294135659133,24.69785686144762,0.0
47.175000000000004,-2.7343410718649652,-0.6231843820249303,24.37679588704826,0.0
47.18,-2.629411581140018,-0.6704543419891196,24.06008380936225,0.0
47.185,-2.530843499214095,-0.718788380324336,23.746914910661197,0.0
47.19,-2.4415835935483226,-0.7690092393324387,23.43958184684814,0.0
47.195,-2.358193994602009,-0.8214002906786246,23.136351183740132,0.0
47.2,-2.280759706997882,-0.8751213309223465,22.838082906489163,0.0
47.205,-2.2109455230701807,-0.9289799148111603,22.544678703421496,0.0
47.21,-2.1469340472372274,-0.9853846278505125,22.253920706239544,0.0
47.215,-2.0883208605759043,-1.0427236380240308,21.96755806965051,0.0
47.22,-2.036457972605041,-1.100995225365846,21.686769441805904,0.0
47.225,-1.9904518771754343,-1.1586034204739852,21.408521349117308,0.0
47.230000000000004,-1.9479899349430112,-1.218148384673518,21.13523665630285,0.0
47.235,-1.9122379848001756,-1.279748233768389,20.865342978436775,0.0
47.24,-1.879948725471441,-1.3416841130766295,20.599691631984136,0.0
47.245,-1.8532477596577501,-1.4038574314216645,20.33732079859493,0.0
47.25,-1.8312092799220885,-1.4675501877402473,20.078954718435934,0.0
47.255,-1.812194782241027,-1.532657176460096,19.823881776673275,0.0
47.26,-1.797489134184449,-1.5988187686523114,19.574157146247146,0.0
47.265,-1.786864155896457,-1.6654966760429617,19.328446498864498,0.0
47.27,-1.7809238984286435,-1.7352852630210336,19.086480367752305,0.0
47.275,-1.7784067523048863,-1.8049026781009654,18.846959934293803,0.0
47.28,-1.780605983995168,-1.8782051891401947,18.612202007660365,0.0
47.285000000000004,-1.7853181041291717,-1.953118949229463,18.38077314179857,0.0
47.29,-1.7949605547600036,-2.0293821333661852,18.15253720182306,0.0
47.295,-1.8070228106637576,-2.107444982089858,17.928734541252542,0.0
47.300000000000004,-1.82112232475738,-2.189121949277341,17.709875352200058,0.0
47.305,-1.8406053889288985,-2.270821156927374,17.49473999260812,0.0
47.31,-1.8622062636924037,-2.355331130695007,17.283635781874608,0.0
47.315,-1.8881365840472282,-2.4434836907873807,17.075446471820715,0.0
47.32,-1.9157813413659477,-2.534435311442851,16.871384051815994,0.0
47.325,-1.9473218715003862,-2.6280524298365666,16.67135513285836,0.0
47.33,-1.981144359201251,-2.724159434996755,16.474027402883973,0.0
47.335,-2.018954705757457,-2.8257374631791414,16.28162184331399,0.0
47.34,-2.0595054576810017,-2.9297375884709838,16.09246202732886,0.0
47.345,-2.102886080677508,-3.037906835339771,15.908848890637328,0.0
47.35,-2.1496173811565362,-3.150189715379675,15.728035440937685,0.0
47.355000000000004,-2.200207939434033,-3.2665266748513226,15.551768042090806,0.0
47.36,-2.253171705703413,-3.3862090759840746,15.379194291653492,0.0
47.365,-2.3101150416197314,-3.5118719029233456,15.212646146064827,0.0
47.37,-2.3699383819977173,-3.641160206179035,15.049828817393124,0.0
47.375,-2.4332843172384573,-3.776419693283248,14.891849113285808,0.0
47.38,-2.5010802552613174,-3.9167700430591537,14.739207960065862,0.0
47.385,-2.5718238419408106,-4.062719126515284,14.59143426682106,0.0
47.39,-2.645032691628515,-4.215331428521202,14.448291415267596,0.0
47.395,-2.7230845038244667,-4.373947113846158,14.31224793112919,0.0
47.4,-2.8058134013680185,-4.5395093365438735,14.179440854006979,0.0
47.405,-2.8930226460841197,-4.709929827031984,14.053640734639869,0.0
47.410000000000004,-2.9839599657840226,-4.886669679716633,13.934485364304406,0.0
47.415,-3.080296710080196,-5.072112966021503,13.821786919550057,0.0
47.42,-3.179998703397857,-5.264764142318645,13.716997022887186,0.0
47.425000000000004,-3.2845221413902883,-5.465782384041698,13.617948315431741,0.0
47.43,-3.3932059746599856,-5.674261027398266,13.526427090673796,0.0
47.435,-3.507211727256869,-5.892785952656262,13.441992255117132,0.0
47.44,-3.6261555752620453,-6.118487927172617,13.365763439441702,0.0
47.445,-3.7519839739977257,-6.355053424136971,13.299419022851291,0.0
47.45,-3.8836278806745548,-6.599442040600035,13.241492850244521,0.0
47.455,-4.019423870395766,-6.853207938538345,13.192671373694647,0.0
47.46,-4.1604291864214344,-7.117865054106574,13.155034180138895,0.0
47.465,-4.3074632487758615,-7.39022854159743,13.12690611256573,0.0
47.47,-4.462078458395285,-7.672741731666862,13.11168356489237,0.0
47.475,-4.623495892674386,-7.965497256973514,13.108270561271238,0.0
47.480000000000004,-4.791036566414408,-8.27010955165871,13.117906302735959,0.0
47.485,-4.9637045514730165,-8.586319215602852,13.141668072928432,0.0
47.49,-5.145713326479665,-8.912728565044537,13.180544568715547,0.0
47.495,-5.3337616497991736,-9.249389453175775,13.233901015702896,0.0
47.5,-5.529260763148645,-9.597238246704704,13.304037741856515,0.0
47.505,-5.731914712809832,-9.954890993495685,13.392563165019082,0.0
47.51,-5.943508092602002,-10.322385398832656,13.499301544484075,0.0
47.515,-6.162595858095006,-10.702525349151102,13.626130554375997,0.0
47.52,-6.390072776722208,-11.091361635085288,13.774600199943867,0.0
47.525,-6.624643398930697,-11.490602618668339,13.945612921169538,0.0
47.53,-6.867766671146945,-11.898380532110634,14.139389813324076,0.0
47.535000000000004,-7.120079842941411,-12.31360799487885,14.358600324725378,0.0
47.54,-7.381290687604381,-12.737383888663544,14.605774875680757,0.0
47.545,-7.649530847329915,-13.168486790734802,14.88170356139451,0.0
47.550000000000004,-7.925699415823293,-13.604653684064774,15.186744932700206,0.0
47.555,-8.210596474376672,-14.043996456539615,15.522541534044795,0.0
47.56,-8.503194216641445,-14.485630452444223,15.891424276140071,0.0
47.565,-8.803048543656896,-14.92778080214467,16.29572057246193,0.0
47.57,-9.109678466544134,-15.369010555608513,16.735901403704467,0.0
47.575,-9.423432732284319,-15.805702651460248,17.21306682464634,0.0
47.58,-9.740756442604047,-16.23432322702164,17.72845527526728,0.0
47.585,-10.065745707870489,-16.653831572246922,18.283204282106528,0.0
47.59,-10.396178218127798,-17.05948743696602,18.876948578468244,0.0
47.595,-10.729667848629289,-17.44736654959446,19.51093193245007,0.0
47.6,-11.066856988816781,-17.81444520009119,20.18688226358343,0.0
47.605000000000004,-11.404248186423263,-18.157884935734383,20.90334794016141,0.0
47.61,-11.742063815019028,-18.471410804437664,21.660283847332966,0.0
47.615,-12.078540604008172,-18.750470858626397,22.454878566952477,0.0
47.62,-12.41200508762962,-18.990622283350255,23.288424939534305,0.0
47.625,-12.741220182057019,-19.187703502852465,24.15680251571674,0.0
47.63,-13.064287834964501,-19.337070473370975,25.054720038186527,0.0
47.635,-13.377736301827442,-19.432854099200792,25.98422032695999,0.0
47.64,-13.680593304894177,-19.47020463768451,26.93707165859005,0.0
47.645,-13.97030185964597,-19.44601379566296,27.908800225496996,0.0
47.65,-14.244957232137494,-19.355328571976624,28.895725389635746,0.0
47.655,-14.50081132135791,-19.194226311051008,29.888680811416354,0.0
47.660000000000004,-14.735490360203938,-18.96113791369509,30.88128181429771,0.0
47.665,-14.946862884237053,-18.65299927652353,31.866407779978303,0.0
47.67,-15.132243444088882,-18.269792833881336,32.835049518200215,0.0
47.675000000000004,-15.288930481563932,-17.81171113798595,33.77761294118263,0.0
47.68,-15.415637348560573,-17.280458871473776,34.690123760723395,0.0
47.685,-15.50964547819351,-16.678804614675002,35.558600578614595,0.0
47.69,-15.568066259207129,-16.00883759780854,36.377862034119254,0.0
47.695,-15.59001215564297,-15.276788770207066,37.139604612552326,0.0
47.7,-15.574485046836461,-14.488946813802407,37.83537473800961,0.0
47.705,-15.5191072735297,-13.650250438381079,38.46001640996786,0.0
47.71,-15.42554444790183,-12.770729643912038,39.00666909463862,0.0
47.715,-15.292568364937653,-11.857132732642064,39.47231759341075,0.0
47.72,-15.122136543806251,-10.920385082937614,39.85415932152984,0.0
47.725,-14.91367324894319,-9.968898789256718,40.148855194140275,0.0
47.730000000000004,-14.666243008259324,-9.013510032388474,40.35794594463279,0.0
47.735,-14.384700675995033,-8.061575151121554,40.48096030711607,0.0
47.74,-14.068607141098582,-7.1240768507189065,40.52125917720188,0.0
47.745,-13.722416285399209,-6.2070091642834235,40.48279459556322,0.0
47.75,-13.347304151723666,-5.319725829787017,40.36863280918075,0.0
47.755,-12.945555745710617,-4.468318415158301,40.18623510849447,0.0
47.76,-12.521500655219812,-3.658322107602458,39.93966473192208,0.0
47.765,-12.078259663935105,-2.892757462766295,39.63596995131311,0.0
47.77,-11.619282676439385,-2.1752492592214963,39.281847365310966,0.0
47.775,-11.147185721030386,-1.50879566187586,38.88489887813024,0.0
47.78,-10.6659505227343,-0.8947375268766202,38.450759657746936,0.0
47.785000000000004,-10.177280870425973,-0.3340665938132815,37.98663419462384,0.0
47.79,-9.684187200605937,0.17611180577054375,37.49716469425089,0.0
47.795,-9.19070903258375,0.6342110315274523,36.988631982644385,0.0
47.800000000000004,-8.699263388026536,1.0433277212227776,36.466600959639536,0.0
47.805,-8.21158265119871,1.4063789762836822,35.934305512408095,0.0
47.81,-7.729801409297866,1.7245120858256968,35.397384338462864,0.0
47.815,-7.257271589444662,2.001922028871647,34.8580499663032,0.0
47.82,-6.793920856837207,2.2400736571336903,34.32119878572849,0.0
47.825,-6.3431258531857795,2.443808164634427,33.78743815435085,0.0
47.83,-5.903380197985647,2.6137510541814533,33.259442892265575,0.0
47.835,-5.477196478217913,2.7562816030334494,32.738457373109306,0.0
47.84,-5.065988705579925,2.872307955632757,32.226042465899575,0.0
47.845,-4.66853317156727,2.9652634803996114,31.723039182665467,0.0
47.85,-4.287634273409674,3.0362061110746836,31.232094787679095,0.0
47.855000000000004,-3.921504101357151,3.089975543646261,30.750870720987713,0.0
47.86,-3.571448881385189,3.1278320918155984,30.280148703139986,0.0
47.865,-3.237067847103527,3.1538640653724013,29.820613905843178,0.0
47.870000000000005,-2.91711590631819,3.168028495821397,29.372220075131395,0.0
47.875,-2.613514430672432,3.1724176012435947,28.93369882644388,0.0
47.88,-2.323217210471501,3.1690742406485586,28.50654523329945,0.0
47.885,-2.0481146975468816,3.158967824261282,28.09025579691638,0.0
47.89,-1.7881310249569735,3.144753689475046,27.683637525107493,0.0
47.895,-1.5427680537682633,3.125829408227643,27.285904773690657,0.0
47.9,-1.30940480211664,3.103820227226831,26.899008977049135,0.0
47.905,-1.0886968193652204,3.0807937441065234,26.519689595002202,0.0
47.910000000000004,-0.8798014350648475,3.0580756879194806,26.148072755427375,0.0
47.915,-0.6827302264170461,3.0355576496509165,25.786484320456243,0.0
47.92,-0.49814195494806823,3.013467137894329,25.432534183641067,0.0
47.925000000000004,-0.3218160568220485,2.990478715850692,25.08700381539801,0.0
47.93,-0.15593777489997848,2.969852095673907,24.74910864626927,0.0
47.935,-0.0021341003228834143,2.9531625470832625,24.416412803046974,0.0
47.94,0.1441841236224386,2.938343531042506,24.089676864120086,0.0
47.945,0.2837922080453684,2.9268345795352175,23.770458037339463,0.0
47.95,0.41434709592550156,2.9177278799866593,23.45762717937571,0.0
47.955,0.5404470255871221,2.912261751018318,23.14956541528961,0.0
47.96,0.6590001314725602,2.911831478699875,22.848994958510573,0.0
47.965,0.7708789945788252,2.915050907120366,22.554098101810343,0.0
47.97,0.8775019671691663,2.9228321228723466,22.2653004565667,0.0
47.975,0.9808476458869617,2.9324604735552815,21.97970883981417,0.0
47.980000000000004,1.0780210975138749,2.9481131999835095,21.701023603321953,0.0
47.985,1.1727505414630282,2.96855723476848,21.427486404862723,0.0
47.99,1.2624676975149,2.9920797893831743,21.158254182380148,0.0
47.995000000000005,1.3495488194675898,3.020142119066137,20.894499235385084,0.0
48.0,1.4322561542682775,3.053391931429534,20.636996876639344,0.0
48.005,1.5128726373870742,3.091299938198971,20.383957358957876,0.0
48.01,1.5929771564662714,3.133537072127092,20.13624524166451,0.0
48.015,1.6706036123659986,3.1812859894593815,19.892990907580582,0.0
48.02,1.7462328088726944,3.2320304343145763,19.653568414167385,0.0
48.025,1.8207759365214748,3.2873385351937596,19.419928890743982,0.0
48.03,1.8939506394193704,3.348259508928908,19.191978959323492,0.0
48.035000000000004,1.9673464317853981,3.4151795036808714,18.96689824885297,0.0
48.04,2.040902021907193,3.486178883684457,18.746669228115607,0.0
48.045,2.1123753850350564,3.5642452626759167,18.53354853652459,0.0
48.050000000000004,2.1849521583047395,3.6478262208272385,18.32369191323858,0.0
48.055,2.257791134290882,3.7360933656094413,18.11981385927797,0.0
48.06,2.3319744422881956,3.8300400546997926,17.919221024707383,0.0
48.065,2.4064733338833486,3.9280720693269706,17.72511747687969,0.0
48.07,2.4822948271264487,4.032245703079373,17.536473128728083,0.0
48.075,2.5598890869308484,4.1422865711828845,17.352206951578395,0.0
48.08,2.638940153531471,4.258173024069188,17.173021547464508,0.0
48.085,2.7207362667866324,4.379474990841773,17.000953267001474,0.0
48.09,2.8043581536034767,4.507115299411058,16.833857191065654,0.0
48.095,2.8889219414839173,4.64063070998972,16.673232691030247,0.0
48.1,2.9771436435121625,4.782481136393053,16.519155203136176,0.0
48.105000000000004,3.0673005979444334,4.929165917819971,16.37112795127486,0.0
48.11,3.160063063261696,5.082994444934237,16.228698506292226,0.0
48.115,3.254647306512847,5.244043141831349,16.092469123479056,0.0
48.120000000000005,3.355055621180678,5.410920590545007,15.964044709830324,0.0
48.125,3.457986016529091,5.585291241877714,15.842222993477034,0.0
48.13,3.5639103953601596,5.767214956024106,15.728374979719856,0.0
48.135,3.674576324334526,5.956392715469656,15.62216510852651,0.0
48.14,3.788176299672599,6.154406791562197,15.523569161020498,0.0
48.145,3.9059908737987463,6.3594659353078695,15.433753720110987,0.0
48.15,4.029489890380803,6.572653653803712,15.351658518889083,0.0
48.155,4.156976772101086,6.793758827896718,15.27944506923001,0.0
48.160000000000004,4.289697107052403,7.024191115181971,15.217019924374991,0.0
48.165,4.424954025929235,7.262988236260946,15.164630830252637,0.0
48.17,4.567099876663304,7.510918116313676,15.123567115058366,0.0
48.175000000000004,4.713129592833726,7.76799158214311,15.092299696619326,0.0
48.18,4.866347085363721,8.033058349148247,15.073963432451817,0.0
48.185,5.024572405559566,8.307725631043127,15.06879749414105,0.0
48.19,5.188613578005097,8.591734657760492,15.077434256557849,0.0
48.195,5.359223426858454,8.884567735824659,15.097778093786077,0.0
48.2,5.535620443812365,9.185291396407656,15.134069883690275,0.0
48.205,5.7186623030334145,9.494883971704823,15.18525372184092,0.0
48.21,5.906950590470493,9.813546752464713,15.255135834679587,0.0
48.215,6.101140508741326,10.141184560455194,15.341406365698845,0.0
48.22,6.3019114410536625,10.475669248993848,15.446661230721107,0.0
48.225,6.510195764695351,10.819034786402353,15.570891241564867,0.0
48.230000000000004,6.7255843288013395,11.171028204913723,15.716355421323673,0.0
48.235,6.947676819807106,11.528635899409691,15.88251708332838,0.0
48.24,7.175465736327215,11.892053192389804,16.072968278803724,0.0
48.245000000000005,7.412137682205753,12.259987238571997,16.2855638614805,0.0
48.25,7.654709167198249,12.633182415203018,16.52334896937299,0.0
48.255,7.905388474785925,13.010434881813046,16.78623703139653,0.0
48.26,8.159328167677089,13.387571669467425,17.0757446639838,0.0
48.265,8.419854390141351,13.765709725029868,17.393177256464554,0.0
48.27,8.686913586943211,14.143092310464336,17.738977105004405,0.0
48.275,8.959693212045508,14.517978764188566,18.11723576978962,0.0
48.28,9.236702188933018,14.88647289609462,18.526137271104243,0.0
48.285000000000004,9.518312375372751,15.25092772111917,18.966056228562685,0.0
48.29,9.80424003842187,15.602909121472102,19.43991811875275,0.0
48.295,10.095171081339478,15.944830760299542,19.94599730057102,0.0
48.300000000000004,10.386741146715247,16.272347469989864,20.485324468502633,0.0
48.305,10.679788678928173,16.582235500393853,21.057229204269195,0.0
48.31,10.974387844076547,16.869754693270707,21.65969386892382,0.0
48.315,11.268906282209883,17.13392482419093,22.29625076852027,0.0
48.32,11.562269312901881,17.369363069774664,22.963641022652585,0.0
48.325,11.852363105034945,17.573035614343606,23.661088124637505,0.0
48.33,12.138654219360992,17.74224860133139,24.387444469611335,0.0
48.335,12.41839029252172,17.873813186927624,25.138843345143304,0.0
48.34,12.690692970412956,17.961544849624882,25.91255549093796,0.0
48.345,12.953006502625593,18.005331054274336,26.70611880988197,0.0
48.35,13.205673616562764,17.998484020893212,27.516134618568643,0.0
48.355000000000004,13.444511529357836,17.941467655804736,28.33845448258374,0.0
48.36,13.669192143713667,17.82883771502033,29.166035352597746,0.0
48.365,13.877308567617542,17.661102546571357,29.996515511830637,0.0
48.370000000000005,14.065797845222123,17.43359247489848,30.821838326514346,0.0
48.375,14.235608714011725,17.14740077460889,31.637277776662998,0.0
48.38,14.37996842261798,16.80218623699924,32.43723570068804,0.0
48.385,14.501253942445802,16.398988780333724,33.21391316269154,0.0
48.39,14.596170776869862,15.93885015956041,33.96090794358122,0.0
48.395,14.662944761076098,15.424261703453706,34.672035875312595,0.0
48.4,14.7002638498411,14.857384804293346,35.33997432930654,0.0
48.405,14.708917961273093,14.244287737443766,35.96127754189335,0.0
48.410000000000004,14.686842635662906,13.588432312261203,36.527740820231585,0.0
48.415,14.631991877700656,12.893892161209926,37.04006315013407,0.0
48.42,14.54478050382261,12.167643514571944,37.4892338368235,0.0
48.425000000000004,14.425932419104843,11.417178743309915,37.8751419607034,0.0
48.43,14.274818774910567,10.649087661226417,38.19493502286908,0.0
48.435,14.093119668854488,9.869186784451312,38.445015661879246,0.0
48.44,13.882260354276386,9.083033322843606,38.62816825413637,0.0
48.445,13.641810815972624,8.299284132107916,38.74344418016177,0.0
48.45,13.375510079043721,7.525212307581862,38.79241353131832,0.0
48.455,13.080858607470965,6.766731596713305,38.777690895235466,0.0
48.46,12.764826048366647,6.028332757859777,38.70286866229711,0.0
48.465,12.427101640267137,5.314768592045604,38.57232464290257,0.0
48.47,12.071598065301439,4.630435276801758,38.38809837285857,0.0
48.475,11.699086689437834,3.980296799399336,38.15456147785711,0.0
48.480000000000004,11.313061542797852,3.3664934546413168,37.879408492690004,0.0
48.485,10.915144183325127,2.790843635565433,37.56411026317634,0.0
48.49,10.508150539229066,2.2542955243442,37.21455030206851,0.0
48.495000000000005,10.094004759189538,1.7584464414662084,36.83702950324166,0.0
48.5,9.678233163109907,1.3032891363540613,36.43466629292576,0.0
48.505,9.259183659101852,0.8884087301985415,36.01191760895389,0.0
48.51,8.841232729136635,0.512467420887537,35.572522340663184,0.0
48.515,8.4265572648955,0.1742539104771787,35.12117418373363,0.0
48.52,8.01435700220473,-0.1261801191097734,34.65991477267195,0.0
48.525,7.607508258838862,-0.39141169592620434,34.19258383860783,0.0
48.53,7.209112963132255,-0.625109079998318,33.721160464406424,0.0
48.535000000000004,6.81843561676728,-0.8286097986465519,33.249427450252995,0.0
48.54,6.435387372808905,-1.0019796146857591,32.777014885425935,0.0
48.545,6.063165990009246,-1.1503818429566781,32.30671979433406,0.0
48.550000000000004,5.7028167997718,-1.2766070189269354,31.841181437334075,0.0
48.555,5.354151116537806,-1.3797011804107726,31.379721974797402,0.0
48.56,5.017521518828941,-1.4636004778298761,30.924292814294546,0.0
48.565,4.694309201002293,-1.528937064428339,30.47631874027094,0.0
48.57,4.383523762072763,-1.5787619844161558,30.034570472822086,0.0
48.575,4.085179744416735,-1.6144528799762345,29.600265258491106,0.0
48.58,3.8007761368745006,-1.6395901392880479,29.17290217010671,0.0
48.585,3.528371856838256,-1.6527986585309207,28.75412511222537,0.0
48.59,3.269500659345141,-1.6570294904618066,28.340790749612786,0.0
48.595,3.0231897834299613,-1.6547004635231706,27.93559060128363,0.0
48.6,2.7895749021472906,-1.6460829357985913,27.537351178799824,0.0
48.605000000000004,2.5673284995951917,-1.6306585666498208,27.14682957474075,0.0
48.61,2.3563323329737456,-1.6116608701487083,26.76363985247891,0.0
48.615,2.1581098387210096,-1.5893794636986909,26.388902890434572,0.0
48.620000000000005,1.9692976609765764,-1.5634097506648341,26.01996282487571,0.0
48.625,1.7928053318508117,-1.5356480259622924,25.657835061994927,0.0
48.63,1.626282785953192,-1.5063895931451283,25.302845499625022,0.0
48.635,1.4694639216056513,-1.476003748985256,24.952888891415853,0.0
48.64,1.321443076543797,-1.446352952328671,24.60936709258559,0.0
48.645,1.1839689390742292,-1.4168971386240783,24.271670839184253,0.0
48.65,1.0535771105970706,-1.3879519782586782,23.93858193588175,0.0
48.655,0.9307858288143388,-1.3598266668706687,23.611694284700864,0.0
48.660000000000004,0.8161098436804488,-1.3328213836453935,23.29021560699149,0.0
48.665,0.7085192249688379,-1.3074902324708269,22.974753341306236,0.0
48.67,0.6067018087000723,-1.2840246056129179,22.663291950102757,0.0
48.675000000000004,0.5118106357422798,-1.2618240118268294,22.356874906806556,0.0
48.68,0.4221291188436812,-1.2410010018511552,22.056428612848638,0.0
48.685,0.3395217574060825,-1.2226843926240518,21.758529814576004,0.0
48.69,0.26219327751788385,-1.2057610873677351,21.466772980655506,0.0
48.695,0.18920467032784422,-1.1908870139873888,21.179448865128844,0.0
48.7,0.12074747162731395,-1.1781998732806318,20.89569267166501,0.0
48.705,0.05525882246224613,-1.1679773414581602,20.616887620837538,0.0
48.71,-0.007064417080353234,-1.1608906651011277,20.342452165520324,0.0
48.715,-0.06416684492050509,-1.1551491133556506,20.070209388489438,0.0
48.72,-0.11780619589127334,-1.1519257279786075,19.803352864873098,0.0
48.725,-0.16888356736317872,-1.1502666206118872,19.539466742102515,0.0
48.730000000000004,-0.21802987169078508,-1.1513533847518325,19.279382690246795,0.0
48.735,-0.26465470056906026,-1.1554919802425734,19.024313813989835,0.0
48.74,-0.30977594022953553,-1.1617875352078622,18.772354298414278,0.0
48.745000000000005,-0.35073016742214896,-1.1698101558399019,18.5240706661309,0.0
48.75,-0.39133296299793907,-1.1823830550127892,18.279429132420717,0.0
48.755,-0.4307852987030513,-1.1951368261781683,18.03771318269673,0.0
48.76,-0.469188488023571,-1.2106647366215193,17.800420740856897,0.0
48.765,-0.5075867795950382,-1.2276693623294772,17.565188442800146,0.0
48.77,-0.5437447213585036,-1.248604850812582,17.333840704750564,0.0
48.775,-0.5789052126122798,-1.2714489270277105,17.10560419352243,0.0
48.78,-0.6135762675730234,-1.2961419383051143,16.881960734349477,0.0
48.785000000000004,-0.6479616988532939,-1.3246625431351373,16.660501785419818,0.0
48.79,-0.6814200004477062,-1.3537682929601986,16.44175209465965,0.0
48.795,-0.7151031930226757,-1.3861802938586,16.227306507504252,0.0
48.800000000000004,-0.7478922330413369,-1.4214214099965956,16.015648564698754,0.0
48.805,-0.782047868928936,-1.459025238017832,15.807547390485468,0.0
48.81,-0.8146412521359017,-1.4994339941809112,15.602261054019957,0.0
48.815,-0.8495760051185944,-1.5429307062071225,15.399650998423914,0.0
48.82,-0.8841637674677395,-1.588167488468143,15.200654752443128,0.0
48.825,-0.9209287056291913,-1.6370477206496874,15.005166641471194,0.0
48.83,-0.9564123204988412,-1.6878571492181063,14.814464285973182,0.0
48.835,-0.9926409919593194,-1.7418819177828904,14.624807307804042,0.0
48.84,-1.0302880772513756,-1.7998016894392974,14.43872993713591,0.0
48.845,-1.068814411057269,-1.8601654024648953,14.254850636434245,0.0
48.85,-1.1085968458917268,-1.9249330726690412,14.074225909341335,0.0
48.855000000000004,-1.1491489197476683,-1.9925633182810272,13.896722280472536,0.0
48.86,-1.1922107060428377,-2.0637158476945108,13.723677288910563,0.0
48.865,-1.2358288906074553,-2.137843133012102,13.552850020170444,0.0
48.870000000000005,-1.2814291831174236,-2.2160046050401148,13.38522485481314,0.0
48.875,-1.3279205594559411,-2.2994380799442253,13.221494269722417,0.0
48.88,-1.3768545152682725,-2.3873751858905803,13.06026722279939,0.0
48.885,-1.4285669718243963,-2.4776601682996815,12.902187689602753,0.0
48.89,-1.480740158896565,-2.5722365993025975,12.746800780247812,0.0
48.895,-1.5353464900182752,-2.6731768922817047,12.594687093868957,0.0
48.9,-1.592420544231469,-2.777355227785334,12.447503030327391,0.0
48.905,-1.6533997160553358,-2.8872713059112227,12.30322548984757,0.0
48.910000000000004,-1.7152371707729774,-3.0022071302511364,12.162416691049334,0.0
48.915,-1.7793210527830143,-3.1237593075160452,12.026242013844218,0.0
48.92,-1.8464090128611517,-3.2506091822226706,11.892485322766719,0.0
48.925000000000004,-1.9164730560201388,-3.384067532759449,11.764543831114908,0.0
48.93,-1.991397596076748,-3.5236455629348824,11.640284379187994,0.0
48.935,-2.0672444392712133,-3.668998155178545,11.520589750362646,0.0
48.94,-2.1473825460520266,-3.8218215132539073,11.405411934481645,0.0
48.945,-2.231399401366139,-3.9814497513159828,11.293218909858561,0.0
48.95,-2.3176280623876098,-4.148128669489751,11.188138224658005,0.0
48.955,-2.408715982975782,-4.3221648533263926,11.08697678939707,0.0
48.96,-2.5036690200120812,-4.502294970918633,10.991242944653278,0.0
48.965,-2.6030537424333176,-4.6935466204990375,10.90080243334856,0.0
48.97,-2.7072317035382643,-4.892640960542631,10.816724530988058,0.0
48.975,-2.816819001075134,-5.1000968604567545,10.738426872185382,0.0
48.980000000000004,-2.931347962337548,-5.31698827845062,10.667327901341402,0.0
48.985,-3.049672651272241,-5.544222514371823,10.602507720235375,0.0
48.99,-3.174867090348107,-5.7823605162062846,10.546120325213932,0.0
48.995000000000005,-3.3056698939061446,-6.0311032639531605,10.496420277745191,0.0
49.0,-3.4429486774313185,-6.289730559053944,10.457328415818367,0.0
49.005,-3.5855300981705844,-6.559202722022572,10.42502420904873,0.0
49.01,-3.734134507760881,-6.840628194622104,10.403675663388057,0.0
49.015,-3.889357884090039,-7.1355195189132115,10.393596259048294,0.0
49.02,-4.051471671177172,-7.4416471866818465,10.394628245769587,0.0
49.025,-4.220547950272127,-7.760983798296796,10.406924105885027,0.0
49.03,-4.3980684845248526,-8.093873897490692,10.432028912839865,0.0
49.035000000000004,-4.581052262795391,-8.439737537041902,10.46977620533665,0.0
49.04,-4.774462528649655,-8.799279701241096,10.522992170490152,0.0
49.045,-4.974730515405156,-9.172568599267718,10.593714043678737,0.0
49.050000000000004,-5.185043959888057,-9.560636684662507,10.680697584614549,0.0
49.055,-5.404283032349129,-9.96137926241198,10.786623591824004,0.0
49.06,-5.632928257996721,-10.376171660248437,10.911859374982896,0.0
49.065,-5.870177175418338,-10.80577402157455,11.057474583642037,0.0
49.07,-6.116439497512138,-11.24876972330806,11.227403637030816,0.0
49.075,-6.374214904805821,-11.706069791405387,11.421240606965439,0.0
49.08,-6.6412779154527435,-12.1751867084877,11.641200361752382,0.0
49.085,-6.918904815494397,-12.657051274998427,11.890676516082,0.0
49.09,-7.204738209095723,-13.15181539248855,12.169736638263846,0.0
49.095,-7.501813888527638,-13.65591367877679,12.480546546624486,0.0
49.1,-7.810644196949538,-14.169359656861683,12.82711879219617,0.0
49.105000000000004,-8.129990163659711,-14.69031789151628,13.208852034102772,0.0
49.11,-8.458060261063828,-15.217153205592618,13.629753724666106,0.0
49.115,-8.796797673582759,-15.75062596445983,14.091032833986569,0.0
49.120000000000005,-9.146442690949547,-16.284323217749492,14.595128468767674,0.0
49.125,-9.502165936427959,-16.81556601417625,15.14487681751007,0.0
49.13,-9.867343061640032,-17.34318866584897,15.740324013864088,0.0
49.135,-10.240871248976182,-17.86260671571633,16.385852852930856,0.0
49.14,-10.621934433002046,-18.368242445342865,17.08265978957858,0.0
49.145,-11.010441343503212,-18.856872675398023,17.829611592737464,0.0
49.15,-11.401986542033898,-19.32130767268442,18.63039890811977,0.0
49.155,-11.798586036316742,-19.758751461320916,19.483541341485825,0.0
49.160000000000004,-12.19601204925292,-20.16248944089051,20.39003967512029,0.0
49.165,-12.594131830951426,-20.52556542554884,21.348635752532086,0.0
49.17,-12.990232782051624,-20.84134009617557,22.357029380898013,0.0
49.175000000000004,-13.381653090834183,-21.10400587511369,23.412955415612217,0.0
49.18,-13.765870284792822,-21.305769498708965,24.51239092468481,0.0
49.185,-14.142617954465157,-21.43901491326017,25.650920420192374,0.0
49.19,-14.5071835537601,-21.497963473249662,26.82524127071217,0.0
49.195,-14.85581771833503,-21.476396837204554,28.02624528990918,0.0
49.2,-15.185318506621506,-21.367934233824524,29.24841372219553,0.0
49.205,-15.494016476181814,-21.16545036193408,30.48129083480695,0.0
49.21,-15.77748200939239,-20.867323631956783,31.714695444412673,0.0
49.215,-16.032162459933996,-20.4706467146791,32.93867334723289,0.0
49.22,-16.254545592793853,-19.971482759579587,34.14086386893791,0.0
49.225,-16.439790276436586,-19.372619499528547,35.309134615394484,0.0
49.230000000000004,-16.587029815881444,-18.6747378604131,36.431356268931296,0.0
49.235,-16.691115641706805,-17.881424042796393,37.49346090739041,0.0
49.24,-16.750366813575013,-16.99882487557398,38.486631383674535,0.0
49.245000000000005,-16.763295025856802,-16.034971756353215,39.39698704851169,0.0
49.25,-16.726572692346725,-14.998845352317442,40.21552424507934,0.0
49.255,-16.641003606610578,-13.901423742767946,40.932718462926225,0.0
49.26,-16.50337796467256,-12.755980684495249,41.543772366577215,0.0
49.265,-16.315222067923496,-11.574782172316391,42.042988875955004,0.0
49.27,-16.07770860896547,-10.370813976200127,42.42789391238505,0.0
49.275,-15.791699248885882,-9.159287666638022,42.694772919795405,0.0
49.28,-15.461282925121697,-7.954484100304301,42.84794438682679,0.0
49.285000000000004,-15.086107844718047,-6.7666354067517345,42.89154265560453,0.0
49.29,-14.670988964237734,-5.609024670857387,42.82959750121936,0.0
49.295,-14.217933915947976,-4.4944279810557175,42.6710561607466,0.0
49.300000000000004,-13.72936554326732,-3.4293567505377407,42.42200926186463,0.0
49.305,-13.215974715060874,-2.4226306814523264,42.09148480650127,0.0
49.31,-12.677031204000755,-1.4785720750687656,41.689611500606574,0.0
49.315,-12.116610515404442,-0.6023981681758577,41.228722443633956,0.0
49.32,-11.54027206155263,0.20120172688731996,40.71602845981814,0.0
49.325,-10.9514181321277,0.9337264260114965,40.161495089583184,0.0
49.33,-10.357688147912999,1.595579416621707,39.57342804867654,0.0
49.335,-9.758981417997962,2.1859715764312044,38.9624508147825,0.0
49.34,-9.161606380379038,2.7100748996091926,38.336057217564026,0.0
49.345,-8.567839327958728,3.1685416219298563,37.70133387589243,0.0
49.35,-7.980912845985416,3.567288965139871,37.06224036359979,0.0
49.355000000000004,-7.404121776621688,3.910396337341192,36.4251628888872,0.0
49.36,-6.839444268281419,4.202133328477161,35.795026392000345,0.0
49.365,-6.2871239143321755,4.447774772118366,35.172817590618685,0.0
49.370000000000005,-5.750670741857672,4.65071983130236,34.56327504468205,0.0
49.375,-5.231595127988501,4.816037927370216,33.96862095843769,0.0
49.38,-4.729476130416048,4.94888482400964,33.38961542523992,0.0
49.385,-4.246131722659206,5.052045827077562,32.82724090727956,0.0
49.39,-3.78154344549988,5.12892223521158,32.28203310862224,0.0
49.395,-3.335408887263421,5.183364373209471,31.753414580806105,0.0
49.4,-2.91006058082236,5.220699046471376,31.2426189803221,0.0
49.405,-2.503185717872719,5.243043412317488,30.74984810390842,0.0
49.410000000000004,-2.1166112992113644,5.25140880790528,30.27535648161608,0.0
49.415,-1.7479385188873502,5.249648505309174,29.816763885522324,0.0
49.42,-1.399064298823304,5.23906700495407,29.371649069943768,0.0
49.425000000000004,-1.0656999659016515,5.222723128337985,28.942968563449583,0.0
49.43,-0.7514306738540764,5.200391285473042,28.529821562155846,0.0
49.435,-0.4527619296364979,5.177521271097804,28.129529290145904,0.0
49.44,-0.17053299840907682,5.151388105820893,27.742845660753172,0.0
49.445,0.09556908676705794,5.125157423444717,27.368073704298258,0.0
49.45,0.3467122727483721,5.098446946930188,27.006273806400223,0.0
49.455,0.5849150121312351,5.074173839548048,26.654379844956356,0.0
49.46,0.8088638435434451,5.052070758598027,26.313998062288587,0.0
49.465,1.0211033559325133,5.033437426572586,25.983684634423977,0.0
49.47,1.2215758087035335,5.019310240686256,25.663365612017692,0.0
49.475,1.411476829328087,5.008982167848437,25.350304856623072,0.0
49.480000000000004,1.591403144364668,5.0022165003367425,25.04673232939668,0.0
49.485,1.7616144764757162,5.000447970084489,24.75268983347194,0.0
49.49,1.9229489282555856,5.004446088514964,24.46738559630338,0.0
49.495000000000005,2.075536904780381,5.012873522235766,24.18966519538234,0.0
49.5,2.223686509595801,5.027950161241825,23.919379189828152,0.0
49.505,2.3625461102526026,5.048645315173706,23.655615089600424,0.0
49.51,2.496703735565501,5.073344866906629,23.400102881891772,0.0
49.515,2.625668403604668,5.106210538852402,23.152754198659547,0.0
49.52,2.750679758422639,5.144310497438392,22.91037085409503,0.0
49.525,2.869971833538862,5.190095849928428,22.675559855273164,0.0
49.53,2.9872692361704027,5.240357960317248,22.447252212312193,0.0
49.535000000000004,3.099977219371743,5.2970229260831,22.22651264280543,0.0
49.54,3.209306711408101,5.358933237115233,22.01184406706909,0.0
49.545,3.318653270119179,5.429212088432726,21.804835980375213,0.0
49.550000000000004,3.423951018134113,5.504506990964282,21.60490026400692,0.0
49.555,3.5281094487404427,5.586136648030529,21.410080223004034,0.0
49.56,3.6308761297213277,5.67387626166329,21.22262116959911,0.0
49.565,3.733129558087995,5.768571456124625,21.043330606675315,0.0
49.57,3.834298269028011,5.87006572589799,20.87076487000893,0.0
49.575,3.9360391938276,5.977534765634429,20.70471111007375,0.0
49.58,4.039224810081275,6.091698464842396,20.545974781929168,0.0
49.585,4.1413262366393395,6.210814046200396,20.394971099275494,0.0
49.59,4.244168375376586,6.338160527536168,20.25114212341365,0.0
49.595,4.348290670415247,6.470132667420851,20.11524820250291,0.0
49.6,4.453994503597634,6.609494192909393,19.98765930488712,0.0
49.605000000000004,4.562368197820913,6.756375488249964,19.867572057737696,0.0
49.61,4.6717210571612995,6.9074534076930645,19.757239745889873,0.0
49.615,4.783848236121417,7.064647468451813,19.654298307392022,0.0
49.620000000000005,4.896936552313605,7.228794256442338,19.560996491664735,0.0
49.625,5.014120195393842,7.398668410472564,19.47776751282271,0.0
49.63,5.132959277195918,7.575190182790954,19.402972032082626,0.0
49.635,5.255099170580707,7.756782456933501,19.33761242032348,0.0
49.64,5.379539526938456,7.9462781207833855,19.28376063300378,0.0
49.645,5.508155358145262,8.140155831153994,19.24092434930413,0.0
49.65,5.63964078841344,8.341735636208243,19.209378548120885,0.0
49.655,5.776180133123266,8.547979928322128,19.18911685023081,0.0
49.660000000000004,5.9152859301276415,8.759232444488106,19.180342275861236,0.0
49.665,6.057246482253945,8.974836725689658,19.184678530272457,0.0
49.67,6.202545138413028,9.196477508150547,19.200815002010465,0.0
49.675000000000004,6.353886118977136,9.424989038650612,19.228989982768606,0.0
49.68,6.508222245931685,9.657860524929653,19.271445261941427,0.0
49.685,6.664867598925975,9.892743223161805,19.32771440304453,0.0
49.69,6.826607255748942,10.13362267959291,19.399664103276635,0.0
49.695,6.993042746428864,10.376643107215914,19.486632410244844,0.0
49.7,7.162326621120281,10.622303054181359,19.589372245847454,0.0
49.705,7.335122186887276,10.871273737587854,19.70879520435773,0.0
49.71,7.5120282075120315,11.122139912636325,19.844875143126327,0.0
49.715,7.692254188023571,11.372645444608935,19.99861625417283,0.0
49.72,7.8765086710388985,11.623862159312113,20.16941973048815,0.0
49.725,8.062904372944676,11.874182883249732,20.358668175746615,0.0
49.730000000000004,8.25295539123247,12.12242232583106,20.565918658896063,0.0
49.735,8.446992045178053,12.366590350814601,20.79194924552131,0.0
49.74,8.643044739990241,12.608975197175253,21.036422394551987,0.0
49.745000000000005,8.841497478171757,12.847501778294761,21.29956664739661,0.0
49.75,9.04194871929227,13.07928148360364,21.584194694829097,0.0
49.755,9.242727011756038,13.3046501807361,21.8870959037148,0.0
49.76,9.445835481117319,13.51932410335269,22.209828253308213,0.0
49.765,9.649443488517626,13.726198502868264,22.55313550534468,0.0
49.77,9.852418468191658,13.91924953207873,22.91324699865382,0.0
49.775,10.054956278958926,14.100582662965111,23.293631722639834,0.0
49.78,10.255950152289161,14.268009538842165,23.692000551044224,0.0
49.785000000000004,10.456843307726693,14.417385094456005,24.10755811185014,0.0
49.79,10.65475824240085,14.549600610004141,24.540479987161195,0.0
49.795,10.850638681920056,14.660455108029446,24.988941818366627,0.0
49.800000000000004,11.040782497733378,14.750708047060526,25.450445674764207,0.0
49.805,11.22602990050186,14.817187046654965,25.924877782448675,0.0
49.81,11.404633738948975,14.860375179493943,26.41022463885365,0.0
49.815,11.576548397428569,14.876250540979429,26.905083599120246,0.0
49.82,11.740229200007448,14.864586756461675,27.40788898641345,0.0
49.825,11.897739528562514,14.825006455519807,27.915195254367777,0.0
49.83,12.044328507163268,14.755215506963522,28.424414122229205,0.0
49.835,12.179426424505014,14.656788629536567,28.934061037687304,0.0
49.84,12.303309842184536,14.527964538043523,29.440212483901597,0.0
49.845,12.414127363343137,14.366919691171883,29.94077142768602,0.0
49.85,12.51246732966779,14.174932854259056,30.433003136806217,0.0
49.855000000000004,12.594932719557567,13.952425727010418,30.914343483846608,0.0
49.86,12.661704242886087,13.699854016105137,31.38046216209447,0.0
49.865,12.712648601002394,13.418319115150132,31.829427904659795,0.0
49.870000000000005,12.747273346642435,13.108301344181386,32.2569313738084,0.0
49.875,12.76418765565432,12.771335278083734,32.662159636955586,0.0
49.88,12.765303030986159,12.409635841703041,33.04195358210037,0.0
49.885,12.747934444929806,12.025724235652762,33.39358423332998,0.0
49.89,12.710935797322254,11.621545617906245,33.71609183005696,0.0
49.895,12.657870383073444,11.199874656993195,34.00516804613142,0.0
49.9,12.583828646490133,10.764698850185821,34.25968544061372,0.0
49.905,12.493694552834897,10.317595746668385,34.48044227449236,0.0
49.910000000000004,12.384617549691997,9.861202618508159,34.664895495941025,0.0
49.915,12.261365170159642,9.399670768598837,34.81294528646572,0.0
49.92,12.1175352941221,8.935515651981598,34.925288744097394,0.0
49.925000000000004,11.959010333283656,8.471848884811378,35.00132519743524,0.0
49.93,11.785375519489211,8.011273388765964,35.04109339505433,0.0
49.935,11.595535666330198,7.5556810753869685,35.045611578933304,0.0
49.94,11.393725081466853,7.110441618386577,35.01651994930866,0.0
49.945,11.181008316400664,6.676058561794193,34.954965807863246,0.0
49.95,10.955780537797425,6.2527823505173545,34.861344691828265,0.0
49.955,10.721000824922507,5.846963313016246,34.73925705059055,0.0
49.96,10.477723287332184,5.45671674988571,34.5893403767076,0.0
49.965,10.227028594547928,5.084826601646852,34.413607715661236,0.0
49.97,9.971187293031312,4.729303625592622,34.214411980144206,0.0
49.975,9.709498436739418,4.395198289300419,33.99463137278851,0.0
49.980000000000004,9.445309046358467,4.080866083451805,33.753659532330616,0.0
49.985,9.176429751389357,3.7893367503529167,33.4961789652643,0.0
49.99,8.907629402256065,3.517148014434766,33.22403906246631,0.0
49.995000000000005,8.637754715765045,3.2674659893150038,32.93800638752055,0.0
