time,$x$,$y$,$z$,u_0
0.0,-1.0333229759780558,-3.1909858866562217,17.549757439558753,79.42686260717241
0.005,-1.141692359481377,-2.8314492604718087,17.331664134866866,79.42686260717241
0.01,-1.227197145352212,-2.481814591089996,17.116702716435785,79.42686260717241
0.015,-1.2902231696490616,-2.139722996297389,16.9044096589262,79.42686260717241
0.02,-1.3323191684128302,-1.8027316837119376,16.692654891660016,79.42686260717241
0.025,-1.3565631407226546,-1.4719825632225771,16.48232111462189,79.42686260717241
0.03,-1.3626141346833194,-1.1460341935008778,16.271717204476083,79.42686260717241
0.035,-1.3498763010226404,-0.8231895357865646,16.06260795934331,79.42686260717241
0.04,-1.3235390835893555,-0.5018177847653271,15.854272151431777,79.42686260717241
0.045,-1.2833732959399506,-0.18100513321666728,15.646332456696403,79.42686260717241
0.05,-1.228686918718229,0.13744864369192117,15.439375100407537,79.42686260717241
0.055,-1.1613704778946476,0.4578428761427298,15.233306174124621,79.42686260717241
0.06,-1.0790875998897673,0.7786518371241155,15.02643866312898,79.42686260717241
0.065,-0.9858733238167631,1.1023951026420429,14.821170775427827,79.42686260717241
0.07,-0.8807167541056168,1.4286026808664012,14.618102972999566,79.42686260717241
0.075,-0.7650240245906438,1.7597934230535728,14.417249767945034,79.42686260717241
0.08,-0.6405491333340035,2.095897170184608,14.218099046258764,79.42686260717241
0.085,-0.5028540295056716,2.4380073530624897,14.022564825553598,79.42686260717241
0.09,-0.35510365142654987,2.789952956619074,13.829388613480324,79.42686260717241
0.095,-0.19815092512081672,3.1479360555579925,13.640175521328407,79.42686260717241
0.1,-0.03133995480512647,3.5153941746425055,13.456939927465813,79.42686260717241
0.105,0.14668946554551685,3.89301755370559,13.27851671931438,79.42686260717241
0.11,0.3352156741096898,4.281355486376898,13.104622706304133,79.42686260717241
0.115,0.5330990251649076,4.6820005516179215,12.937294529034359,79.42686260717241
0.12,0.7410026408584449,5.096761667550752,12.777559952245532,79.42686260717241
0.125,0.958871507393146,5.525419983231383,12.627081186185452,79.42686260717241
0.13,1.1867983458805225,5.967901021378269,12.485651691819859,79.42686260717241
0.135,1.4260169965725211,6.427578587414119,12.354352352074411,79.42686260717241
0.14,1.6758439559670755,6.903179490862533,12.234404241280645,79.42686260717241
0.145,1.9361179989158845,7.39756476421214,12.12875637193745,79.42686260717241
0.15,2.2089166531676896,7.911329428954296,12.039042178239436,79.42686260717241
0.155,2.4935168072619196,8.445924875120358,11.965594742934542,79.42686260717241
0.16,2.7915300029159535,8.999919118882817,11.911297286427516,79.42686260717241
0.165,3.103690973990018,9.575583735857643,11.878263550356394,79.42686260717241
0.17,3.427680127563753,10.174619312218686,11.868603675182431,79.42686260717241
0.17500000000000002,3.7660087215715334,10.796924791094387,11.885012974418059,79.42686260717241
0.18,4.11649486020425,11.44335075706932,11.928992781278588,79.42686260717241
0.185,4.482720287448538,12.114171710950892,12.006335616744042,79.42686260717241
0.19,4.86507321279031,12.80960547158883,12.117949845674586,79.42686260717241
0.195,5.2610899044993005,13.529278480432442,12.26771794142759,79.42686260717241
0.2,5.674423084474244,14.272481197410269,12.459182235555984,79.42686260717241
0.20500000000000002,6.104917819151234,15.039931968452699,12.698656312248069,79.42686260717241
0.21,6.551175211483865,15.828810772628485,12.98879299587366,79.42686260717241
0.215,7.0152309894522284,16.638523671012297,13.33413856033797,79.42686260717241
0.22,7.497340942093658,17.467742478672164,13.74057237197959,79.42686260717241
0.225,7.995520548032879,18.310955645928754,14.2110353741217,79.42686260717241
0.23,8.510880583720125,19.168035230505367,14.753888416572263,79.42686260717241
0.23500000000000001,9.044296279127753,20.032493379542778,15.372991116507993,79.42686260717241
0.24,9.593457396873918,20.901621520174846,16.07363327763227,79.42686260717241
0.245,10.158415044128928,21.765771696508764,16.86154824414826,79.42686260717241
0.25,10.74045996186042,22.619272401418428,17.744467827083366,79.42686260717241
0.255,11.334533726409564,23.454419731762457,18.72212020180694,79.42686260717241
0.26,11.940223467130018,24.259980094698943,19.800874069896235,79.42686260717241
0.265,12.55680574409882,25.02533695351713,20.984966860415376,79.42686260717241
0.27,13.179672404558252,25.738385312346953,22.27763972858561,79.42686260717241
0.275,13.807541936439868,26.385211432875906,23.676877559327956,79.42686260717241
0.28,14.435867545599024,26.94896939483446,25.181392973332102,79.42686260717241
0.28500000000000003,15.061293674332024,27.414851245914623,26.79123889925603,79.42686260717241
0.29,15.677956606749266,27.76602169610689,28.497673039772945,79.42686260717241
0.295,16.283972900088973,27.985233032028514,30.29470666950195,79.42686260717241
0.3,16.868730463871568,28.05590495956596,32.16946596956139,79.42686260717241
0.305,17.4283080850949,27.962164009632463,34.10722231269792,79.42686260717241
0.31,17.954863438812545,27.687549430902138,36.08881494415676,79.42686260717241
0.315,18.441313523166485,27.218417979382828,38.09296178252169,79.42686260717241
0.32,18.88094695206127,26.5485298316303,40.09460816451821,79.42686260717241
0.325,19.26488300770727,25.671314173422193,42.065323066651416,79.42686260717241
0.33,19.585858563288454,24.585804498267226,43.978122565411,79.42686260717241
0.335,19.834962286812605,23.29578069993963,45.799480798392395,79.42686260717241
0.34,20.008135500551383,21.81115801807075,47.49943238341509,79.42686260717241
0.34500000000000003,20.096436152962553,20.147818554511282,49.0487934205979,79.42686260717241
0.35000000000000003,20.099847563266394,18.330072229821198,50.41854466942191,79.42686260717241
0.355,20.01142469011246,16.38344618977673,51.586719072208126,79.42686260717241
0.36,19.82938014327545,14.338906934938255,52.53879799851198,79.42686260717241
0.365,19.55510471536457,12.230524994463249,53.25907647578338,79.42686260717241
0.37,19.18914785606647,10.097636638672991,53.74494448213365,79.42686260717241
0.375,18.734412557130717,7.972637487585515,53.99700898299947,79.42686260717241
0.38,18.19608815214337,5.8949242037785385,54.02244224240658,79.42686260717241
0.385,17.58167490987216,3.8948561104267587,53.83880302442283,79.42686260717241
0.39,16.896819837873426,2.00095684936481,53.462576717102344,79.42686260717241
0.395,16.15163144786726,0.23678978277838203,52.91917021851917,79.42686260717241
0.4,15.355156223359062,-1.3789633917570312,52.2318038987807,79.42686260717241
0.405,14.517826195558243,-2.8359603837036063,51.42924388219094,79.42686260717241
0.41000000000000003,13.649769519771985,-4.125528054680838,50.537472083199205,79.42686260717241
0.41500000000000004,12.760130262634366,-5.244128082033857,49.5825426668504,79.42686260717241
0.42,11.859956244532992,-6.197276793088443,48.586283538534296,79.42686260717241
0.425,10.957320901700617,-6.9896091759444765,47.571375128107256,79.42686260717241
0.43,10.059625774224529,-7.629300490267333,46.55454651157605,79.42686260717241
0.435,9.17602077850834,-8.126783802714833,45.54929385538302,79.42686260717241
0.44,8.31119737101826,-8.494166883058384,44.56921348939963,79.42686260717241
0.445,7.470061015560125,-8.74274226790437,43.6217433253929,79.42686260717241
0.45,6.660069816289566,-8.886004970693703,42.71449722615069,79.42686260717241
0.455,5.883536661736348,-8.93471048425871,41.84950239195268,79.42686260717241
0.46,5.141576155311902,-8.90078722722839,41.02707615087957,79.42686260717241
0.465,4.439738677206943,-8.796196676463014,40.250854730779785,79.42686260717241
0.47000000000000003,3.778088477951491,-8.62776694255977,39.518612251952106,79.42686260717241
0.47500000000000003,3.1579235627270927,-8.405251484639308,38.82777852167423,79.42686260717241
0.48,2.579833214822517,-8.13638981110483,38.176572307427215,79.42686260717241
0.485,2.0444449458721574,-7.829679894732661,37.562613525111175,79.42686260717241
0.49,1.5499048163600668,-7.491424819813679,36.9815190001559,79.42686260717241
0.495,1.0984845415457747,-7.126373410590209,36.428582582226134,79.42686260717241
0.5,0.6870675564603703,-6.739694961228796,35.90344600746734,79.42686260717241
0.505,0.31603540500829796,-6.3371348854926275,35.40170688539417,79.42686260717241
0.51,-0.017514953857605875,-5.919032310938401,34.920340078709025,79.42686260717241
0.515,-0.31218337930477164,-5.4910122214489165,34.45556567125699,79.42686260717241
0.52,-0.5709780632350894,-5.055679658294285,34.00485936239176,79.42686260717241
0.525,-0.7938441530086863,-4.615922278082532,33.565225921797534,79.42686260717241
0.53,-0.9849268218898319,-4.173061753669329,33.13487115020899,79.42686260717241
0.535,-1.1446877029547426,-3.7306295412997366,32.71378213789073,79.42686260717241
0.54,-1.273354899137022,-3.288433560639472,32.29866249563874,79.42686260717241
0.545,-1.373930909988061,-2.8465350339709996,31.88889964989758,79.42686260717241
0.55,-1.449053670741648,-2.407066162886161,31.482499456453585,79.42686260717241
0.555,-1.4953182804918348,-1.9738489794638867,31.07952149432319,79.42686260717241
0.56,-1.5199703868396774,-1.543675969275688,30.680066483461697,79.42686260717241
0.5650000000000001,-1.5207630116097053,-1.1184190255506858,30.283344839969082,79.42686260717241
0.5700000000000001,-1.5001573417378482,-0.6975738912125165,29.888141374344702,79.42686260717241
0.5750000000000001,-1.4607404116257023,-0.28264766518287376,29.49470889005834,79.42686260717241
0.58,-1.4015698835935007,0.12689459695298083,29.1049088900151,79.42686260717241
0.585,-1.3255230629503865,0.5317113019515376,28.715988374953803,79.42686260717241
0.59,-1.2318843124717662,0.9304874565665759,28.32959928836183,79.42686260717241
0.595,-1.1230341509053767,1.3257512965203775,27.94561806660478,79.42686260717241
0.6,-1.0006550284119777,1.7154802338195025,27.56507327952428,79.42686260717241
0.605,-0.8653606037931313,2.101513152578183,27.189299562470136,79.42686260717241
0.61,-0.7178234456121971,2.4828888328712315,26.81678223236402,79.42686260717241
0.615,-0.5584055205169925,2.863922264374371,26.45072253071338,79.42686260717241
0.62,-0.3876123607296591,3.242442002854638,26.090321203507987,79.42686260717241
0.625,-0.20532668631338094,3.6199223195263546,25.73454247711939,79.42686260717241
0.63,-0.014462882463207621,3.9968196921819787,25.38956451744734,79.42686260717241
0.635,0.18609463822229824,4.373737242245673,25.05059222718453,79.42686260717241
0.64,0.3948978309099998,4.751505248318628,24.720667193229072,79.42686260717241
0.645,0.6131579428426127,5.131552763674246,24.40037553635006,79.42686260717241
0.65,0.8393504260462701,5.513572436666483,24.090300525891198,79.42686260717241
0.655,1.0730137755324831,5.900976850207214,23.792807939071505,79.42686260717241
0.66,1.3143993307692843,6.292748860274523,23.50654221703489,79.42686260717241
0.665,1.5635950770753557,6.6883544194642175,23.23490314964048,79.42686260717241
0.67,1.8182555633379398,7.089128768368123,22.97743496615954,79.42686260717241
0.675,2.08204177178949,7.49513394660836,22.73502035426263,79.42686260717241
0.68,2.3514626096581512,7.9086267341528025,22.509722055536173,79.42686260717241
0.685,2.6293635733007914,8.331594978926582,22.301911934100946,79.42686260717241
0.6900000000000001,2.914531712974582,8.761964905022408,22.114208670511537,79.42686260717241
0.6950000000000001,3.2075206176745845,9.199906094264009,21.946479646681304,79.42686260717241
0.7000000000000001,3.5065696141306173,9.648283285221705,21.80127526996056,79.42686260717241
0.705,3.813989502301596,10.106529157172352,21.679636874294506,79.42686260717241
0.71,4.128627740712682,10.572988795093954,21.58244519052276,79.42686260717241
0.715,4.450541682735718,11.04976733887451,21.512135039720626,79.42686260717241
0.72,4.780141121608302,11.536156927571094,21.47140580762577,79.42686260717241
0.725,5.117758542337355,12.031804451091045,21.459723612171185,79.42686260717241
0.73,5.46303713244157,12.536810422212222,21.481655808250732,79.42686260717241
0.735,5.816017788082611,13.048060928541645,21.536355141350963,79.42686260717241
0.74,6.177704559096731,13.568674319781799,21.628739089155214,79.42686260717241
0.745,6.547521161169761,14.0942272517849,21.759101927588382,79.42686260717241
0.75,6.9236856687080905,14.625454502188356,21.93135224187128,79.42686260717241
0.755,7.308465394037358,15.159794728181755,22.14454249653766,79.42686260717241
0.76,7.701367658128303,15.694783868016172,22.403450548439892,79.42686260717241
0.765,8.101607861264448,16.22876287017807,22.710192058159155,79.42686260717241
0.77,8.507996680897566,16.75840761990066,23.0658694508551,79.42686260717241
0.775,8.919942572258327,17.281276229449507,23.47140636565915,79.42686260717241
0.78,9.33815553863671,17.794433554332045,23.928585043061787,79.42686260717241
0.785,9.760126141128474,18.2924012426856,24.440289197764177,79.42686260717241
0.79,10.185778589502757,18.772740730254693,25.007529691300704,79.42686260717241
0.795,10.613977894862185,19.228542822799078,25.630449797585563,79.42686260717241
0.8,11.043886601139539,19.65685160092182,26.308988322149016,79.42686260717241
0.805,11.47395783121562,20.050299037737293,27.042828986163798,79.42686260717241
0.81,11.901873422429265,20.401416503864198,27.832721918115258,79.42686260717241
0.8150000000000001,12.326566373107672,20.70656371358295,28.675645891657034,79.42686260717241
0.8200000000000001,12.74468626564171,20.959559058244412,29.57006501525398,79.42686260717241
0.8250000000000001,13.156106869090808,21.15139524268757,30.512524525657923,79.42686260717241
0.8300000000000001,13.555731754420979,21.27722881885091,31.49671058474274,79.42686260717241
0.835,13.942725863368286,21.33126095336229,32.517256103156186,79.42686260717241
0.84,14.313260913739924,21.30557970054641,33.571529380072434,79.42686260717241
0.845,14.66297280435145,21.197236057532344,34.64761734889355,79.42686260717241
0.85,14.989444385235076,21.00135027959559,35.73929086519374,79.42686260717241
0.855,15.290321476730314,20.714631090252265,36.836778204415694,79.42686260717241
0.86,15.561159973040091,20.332537582142177,37.92895634062129,79.42686260717241
0.865,15.798964496204595,19.856200938700383,39.00656224138783,79.42686260717241
0.87,16.000729237547358,19.28516892654062,40.055084615911575,79.42686260717241
0.875,16.164492528381864,18.620562507446937,41.06420577441917,79.42686260717241
0.88,16.287629705378755,17.868516388195825,42.01951037650029,79.42686260717241
0.885,16.365991484726752,17.03512475923876,42.9152238715363,79.42686260717241
0.89,16.399406926273894,16.127560067541484,43.736814035496984,79.42686260717241
0.895,16.38517514172536,15.153877238100247,44.47631047781145,79.42686260717241
0.9,16.324150053149566,14.125179881789233,45.12499782678531,79.42686260717241
0.905,16.214311302577972,13.054456434335906,45.67651298176121,79.42686260717241
0.91,16.05495807560653,11.95205234041109,46.125446253300616,79.42686260717241
0.915,15.850029147119761,10.834556892519325,46.47003489205198,79.42686260717241
0.92,15.598689855542016,9.713841646777185,46.708590763071726,79.42686260717241
0.925,15.305866276355424,8.60291940994467,46.84293827126898,79.42686260717241
0.93,14.970493627663187,7.5141661576408625,46.876627170963935,79.42686260717241
0.935,14.597300411269629,6.4609468100282275,46.81403506714839,79.42686260717241
0.9400000000000001,14.190251156485212,5.45160518076656,46.66005035312961,79.42686260717241
0.9450000000000001,13.753452554048806,4.497503384065428,46.42488522320862,79.42686260717241
0.9500000000000001,13.290830529072027,3.605257281639983,46.11422773833375,79.42686260717241
0.9550000000000001,12.806822549679923,2.7807477519404378,45.73900675421941,79.42686260717241
0.96,12.3057090845778,2.028360382809361,45.30691897314328,79.42686260717241
0.965,11.79177676087532,1.3505594850608174,44.828206765570876,79.42686260717241
0.97,11.270019282949184,0.7492469687357415,44.310564617138404,79.42686260717241
0.975,10.744439800149934,0.22224215967388916,43.76276429594435,79.42686260717241
0.98,10.217840438499676,-0.22890358380825426,43.19256400330764,79.42686260717241
0.985,9.694899317346135,-0.6059728806284527,42.60544393329029,79.42686260717241
0.99,9.179995369746031,-0.9143413529899026,42.0081503701929,79.42686260717241
0.995,8.675552553627247,-1.1556790969466735,41.40530795379106,79.42686260717241
1.0,8.183512917764828,-1.3341507769112617,40.80358618068098,79.42686260717241
1.0050000000000001,7.707816442083177,-1.4541092762869405,40.20500504447477,79.42686260717241
1.01,7.249813493997279,-1.5216001575493094,39.61288268159065,79.42686260717241
1.0150000000000001,6.811049240495693,-1.5375496115264287,39.028508975485536,79.42686260717241
1.02,6.393612039932857,-1.5085973702229654,38.45541676639581,79.42686260717241
1.025,5.997978939616599,-1.4370339916263177,37.89509029153845,79.42686260717241
1.03,5.62646590736684,-1.3300684013399489,37.34630262575034,79.42686260717241
1.035,5.2788773124147275,-1.18907551411648,36.809888030348304,79.42686260717241
1.04,4.954712356017035,-1.0181485026382995,36.28857117385087,79.42686260717241
1.045,4.656106330711663,-0.8213579843851961,35.779302988645405,79.42686260717241
1.05,4.382499199593592,-0.6000798483506635,35.28417176264957,79.42686260717241
1.055,4.1333155821764835,-0.35768834726108234,34.799515943279864,79.42686260717241
1.06,3.9094131160706813,-0.09907658759667648,34.329173651598744,79.42686260717241
1.065,3.7086948253629286,0.17318398264104323,33.869615947428265,79.42686260717241
1.07,3.531013841633347,0.4605397302030049,33.42089898752087,79.42686260717241
1.075,3.3763441978255577,0.7599930283259317,32.983670170506585,79.42686260717241
1.08,3.246037948201254,1.069349705931767,32.55671245004023,79.42686260717241
1.085,3.136609805305984,1.387295194888613,32.13998908306205,79.42686260717241
1.09,3.0495982696170447,1.7116745893217384,31.732553616637933,79.42686260717241
1.095,2.9827361512469923,2.042778665601144,31.336373874028496,79.42686260717241
1.1,2.935747025208901,2.3789820142511093,30.95026778400185,79.42686260717241
1.105,2.908842449991806,2.7206564802248456,30.573427703154024,79.42686260717241
1.11,2.8987556793187004,3.066035073007947,30.20520187398295,79.42686260717241
1.115,2.9073394198119806,3.415818000620612,29.845967558228025,79.42686260717241
1.12,2.932798027275882,3.7676639069620306,29.498529106134875,79.42686260717241
1.125,2.9747014815220063,4.124098880779231,29.16106004576613,79.42686260717241
1.1300000000000001,3.033474846769377,4.482259054702012,28.833919768265375,79.42686260717241
1.135,3.1058068126083405,4.844093112093754,28.5173734817226,79.42686260717241
1.1400000000000001,3.1937365900819166,5.208163415959228,28.212234528261778,79.42686260717241
1.145,3.2957923432107514,5.576095280087332,27.91965642403249,79.42686260717241
1.1500000000000001,3.4085544484630543,5.94616646378405,27.639712347712138,79.42686260717241
1.155,3.5349680147288938,6.3201011219703105,27.37295299367417,79.42686260717241
1.16,3.6729684094275497,6.69719467635981,27.118667881958466,79.42686260717241
1.165,3.823586067805684,7.076826102979733,26.87861356111687,79.42686260717241
1.17,3.987511432529357,7.460375867772637,26.656115474332406,79.42686260717241
1.175,4.159986527752206,7.846918439020153,26.448628251241036,79.42686260717241
1.18,4.345542253607802,8.23774232278202,26.259187650793564,79.42686260717241
1.185,4.539465092828657,8.631180963688065,26.088252150574043,79.42686260717241
1.19,4.743368224289788,9.02817980822932,25.93761983868386,79.42686260717241
1.195,4.9575311316008035,9.429334024021847,25.805391064882627,79.42686260717241
1.2,5.181081378141308,9.833987401279487,25.69480062025594,79.42686260717241
1.205,5.413627299353308,10.24083406262553,25.60598054376513,79.42686260717241
1.21,5.654467276957383,10.65179954043009,25.541203224799318,79.42686260717241
1.215,5.903439709314792,11.065488633707643,25.501746889550624,79.42686260717241
1.22,6.161031475423806,11.480577350863461,25.488372359676596,79.42686260717241
1.225,6.427329637254324,11.897434338354042,25.502960960319754,79.42686260717241
1.23,6.701065120618075,12.315277002209005,25.543818419986202,79.42686260717241
1.235,6.980301034588689,12.73135070116173,25.615927164517267,79.42686260717241
1.24,7.267988134114154,13.148951794543462,25.718699604689967,79.42686260717241
1.245,7.562276041281691,13.56265956442289,25.854395466837857,79.42686260717241
1.25,7.8627925477561496,13.97337662231253,26.023325996184113,79.42686260717241
1.2550000000000001,8.169215814744287,14.378113597329472,26.224522117878386,79.42686260717241
1.26,8.480008046119643,14.77591529737994,26.46113980901456,79.42686260717241
1.2650000000000001,8.794672084370603,15.16455525409836,26.735040541283364,79.42686260717241
1.27,9.11239526828793,15.541747598918239,27.045013521998555,79.42686260717241
1.2750000000000001,9.433307659584907,15.905935075325994,27.39154767766192,79.42686260717241
1.28,9.757202652134506,16.25109460790431,27.77650096241603,79.42686260717241
1.285,10.082483483209487,16.57783631954657,28.19926342766645,79.42686260717241
1.29,10.406775998199135,16.88296384179103,28.65864332877108,79.42686260717241
1.295,10.730838957671965,17.162023051881036,29.15677485507472,79.42686260717241
1.3,11.053122064132786,17.41178113105273,29.689413772134323,79.42686260717241
1.305,11.372182724419444,17.628852600050795,30.25544881177924,79.42686260717241
1.31,11.685735013892913,17.809429944458042,30.85431875303392,79.42686260717241
1.315,11.990688653395498,17.950359161281717,31.48398140536095,79.42686260717241
1.32,12.288259536199659,18.047198652143482,32.13917058339321,79.42686260717241
1.325,12.57735549474455,18.099262017913475,32.819850978043576,79.42686260717241
1.33,12.853253971628616,18.103946375114155,33.519659373498754,79.42686260717241
1.335,13.115222208981447,18.055301706141304,34.23616015317076,79.42686260717241
1.34,13.361174637115866,17.95262727450156,34.96315415081623,79.42686260717241
1.345,13.589538655254486,17.79399107922958,35.696186353961934,-23.40421952693033
1.35,13.800311562038177,17.06500321833676,36.429846983164225,-23.40421952693033
1.355,13.963329787961289,16.281137334540336,37.12184764303975,-23.40421952693033
1.36,14.079543270339695,15.446830193326479,37.763784897841255,-23.40421952693033
1.365,14.147617365658126,14.564772058833334,38.34779383972683,-23.40421952693033
1.37,14.16940091418429,13.64310605583492,38.866095920752876,-23.40421952693033
1.375,14.14196643803029,12.688793764030589,39.315008274127095,-23.40421952693033
1.3800000000000001,14.06938428553078,11.70745965288159,39.6879989014582,-23.40421952693033
1.385,13.949698493414603,10.708985253146905,39.98156245166175,-23.40421952693033
1.3900000000000001,13.78746478302122,9.703351209832652,40.19555691388017,-23.40421952693033
1.395,13.583589905272992,8.69793739613626,40.328664870877745,-23.40421952693033
1.4000000000000001,13.338410663233025,7.699489772128701,40.38092727250214,-23.40421952693033
1.405,13.058603977706944,6.718236143689146,40.355864216576194,-23.40421952693033
1.41,12.741349079473025,5.761386624196275,40.25579518079697,-23.40421952693033
1.415,12.392214100324676,4.834558644337269,40.08511187872097,-23.40421952693033
1.42,12.01379455291437,3.9446785173101873,39.85102022540701,-23.40421952693033
1.425,11.610717547748795,3.0956368736118254,39.557591068854144,-23.40421952693033
1.43,11.184530793912916,2.29195816141149,39.20898186509385,-23.40421952693033
1.435,10.739673049435984,1.5368158145047413,38.813948670911515,-23.40421952693033
1.44,10.279080088991021,0.8313632180321603,38.37925943621125,-23.40421952693033
1.445,9.806443410548809,0.17602774960746015,37.91058594219219,-23.40421952693033
1.45,9.325030441776752,-0.42706478632850986,37.41318969750309,-23.40421952693033
1.455,8.836831861888735,-0.9810420728447642,36.89422470926871,-23.40421952693033
1.46,8.345612676295769,-1.4869550145086232,36.35930847526366,-23.40421952693033
1.465,7.854394719201734,-1.9468421523723718,35.81175777262037,-23.40421952693033
1.47,7.363495466548647,-2.3607578280415042,35.25825790933823,-23.40421952693033
1.475,6.8775310585611065,-2.7345908823207146,34.702388696784496,-23.40421952693033
1.48,6.396247955313981,-3.068028477607023,34.145840871110124,-23.40421952693033
1.485,5.922364595226082,-3.365734069555637,33.591889971839045,-23.40421952693033
1.49,5.4587191409418665,-3.6309214853340035,33.04335264151489,-23.40421952693033
1.495,5.005074537199286,-3.867195971148738,32.504849176019924,-23.40421952693033
1.5,4.5616587689578685,-4.077688835622495,31.975273744966913,-23.40421952693033
1.5050000000000001,4.1283332275710904,-4.265194163539122,31.455646757958824,-23.40421952693033
1.51,3.708329764159445,-4.431091351514647,30.94784962778117,-23.40421952693033
1.5150000000000001,3.3004277527542136,-4.58042281358619,30.453732770345567,-23.40421952693033
1.52,2.906718307800801,-4.715444600904813,29.97106613023839,-23.40421952693033
1.5250000000000001,2.5253627431707177,-4.837387829821826,29.503462239832437,-23.40421952693033
1.53,2.1577128367113274,-4.948958188318119,29.048368285881235,-23.40421952693033
1.5350000000000001,1.802514230248245,-5.05200071148298,28.60833330828099,-23.40421952693033
1.54,1.4594397786822575,-5.149915029587938,28.181717682432723,-23.40421952693033
1.545,1.1277138735568624,-5.241943060682753,27.76820170534356,-23.40421952693033
1.55,0.8083286747460425,-5.332738893191321,27.36672988131891,1.0256289143701736
1.555,0.5013852335685853,-5.298415512937584,26.98080921215169,1.0256289143701736
1.56,0.210884974106328,-5.265198386975524,26.608475154475453,1.0256289143701736
1.565,-0.062078834179145226,-5.232572521929488,26.247530326881442,1.0256289143701736
1.57,-0.31975215464033313,-5.202031158596616,25.90040823650254,1.0256289143701736
1.575,-0.5656245788022205,-5.175242453028441,25.563463717565163,1.0256289143701736
1.58,-0.79676733741069,-5.150809263971424,25.236237808489598,1.0256289143701736
1.585,-1.0141543395063142,-5.131042841875229,24.92096534919086,1.0256289143701736
1.59,-1.2195866943090299,-5.115728312045313,24.61452445866283,1.0256289143701736
1.595,-1.4138825859661208,-5.105037927353939,24.317378326565024,1.0256289143701736
1.6,-1.5990713632648488,-5.101108758683511,24.028804736412,1.0256289143701736
1.605,-1.7743265187522188,-5.101957505062496,23.750153794727108,1.0256289143701736
1.61,-1.9398205825921835,-5.109428792397169,23.478977392214695,1.0256289143701736
1.615,-2.098365774961286,-5.123290263318502,23.215637520625407,1.0256289143701736
1.62,-2.2502308524074817,-5.142917784570665,22.95944471590635,1.0256289143701736
1.625,-2.394873813473607,-5.167810628600119,22.710120085756323,1.0256289143701736
1.6300000000000001,-2.533057705485958,-5.199968235288418,22.469733869968238,1.0256289143701736
1.635,-2.666914811706181,-5.238919221041294,22.234837059037275,1.0256289143701736
1.6400000000000001,-2.7963450279213737,-5.285421277823329,22.006333107155335,1.0256289143701736
1.645,-2.920646940811317,-5.337275799759497,21.78627020665666,1.0256289143701736
1.6500000000000001,-3.040136927042607,-5.395836160193921,21.5738534676063,1.0256289143701736
1.655,-3.157473643303465,-5.461143677357633,21.368929858751137,1.0256289143701736
1.6600000000000001,-3.27268738567286,-5.533040174716362,21.171578184867318,1.0256289143701736
1.665,-3.3862919065352037,-5.612845405168736,20.980086101281557,1.0256289143701736
1.67,-3.4985885638720373,-5.698681903013966,20.795027458256502,1.0256289143701736
1.675,-3.6094712134719518,-5.790873679581025,20.61847199243549,1.0256289143701736
1.68,-3.7179262410858,-5.888616908775669,20.448362963901367,1.0256289143701736
1.685,-3.8267571990224996,-5.995722199805714,20.285447296320775,1.0256289143701736
1.69,-3.9343877772058633,-6.107919245476538,20.128545797106437,1.0256289143701736
1.695,-4.0441488403158266,-6.226480101348695,19.980635145981488,1.0256289143701736
1.7,-4.1529072694572395,-6.353647294228227,19.840768696892944,1.0256289143701736
1.705,-4.262268663295623,-6.486118601353651,19.70789300428704,1.0256289143701736
1.71,-4.373155868074696,-6.626519023944473,19.583614031381156,1.0256289143701736
1.715,-4.48565504096065,-6.77225499796981,19.466893964755727,1.0256289143701736
1.72,-4.599521858449735,-6.9251704861319,19.358375681867198,1.0256289143701736
1.725,-4.71515700449024,-7.086027799253072,19.26003711371802,1.0256289143701736
1.73,-4.834639531755714,-7.2512895743516,19.169192928955948,1.0256289143701736
1.735,-4.954751422986285,-7.423187085179826,19.089206508452147,1.0256289143701736
1.74,-5.078735024936507,-7.601507417795243,19.01875248742909,1.0256289143701736
1.745,-5.205125016785903,-7.78739426515706,18.958233366416774,1.0256289143701736
1.75,-5.335136555306658,-7.977672483455048,18.908778518276474,1.0256289143701736
1.7550000000000001,-5.4676046363957935,-8.175192736283465,18.869909551716688,1.0256289143701736
1.76,-5.602784245598553,-8.379854193152314,18.841601583591597,1.0256289143701736
1.7650000000000001,-5.742260998319259,-8.58883710568558,18.825373574793456,1.0256289143701736
1.77,-5.884529982393765,-8.803632433797057,18.820097168900208,1.0256289143701736
1.7750000000000001,-6.0309832372803225,-9.024776779100073,18.82905685394309,1.0256289143701736
1.78,-6.180273168382668,-9.252956360011067,18.849191828612884,1.0256289143701736
1.7850000000000001,-6.335520403917565,-9.4846433470192,18.885616264258168,1.0256289143701736
1.79,-6.492503304030604,-9.720207981319787,18.933120091943945,1.0256289143701736
1.795,-6.654320132608087,-9.961822492741671,18.995960684541522,1.0256289143701736
1.8,-6.819325762885399,-10.206318576399356,19.074511453815724,1.0256289143701736
1.805,-6.988202088873928,-10.454982339312918,19.16725927112873,1.0256289143701736
1.81,-7.1631084354612184,-10.706148552617076,19.276659988396457,1.0256289143701736
1.815,-7.340707198972318,-10.959081241116786,19.402499520941507,1.0256289143701736
1.82,-7.521919639469048,-11.214504665059524,19.545472111611026,1.0256289143701736
1.825,-7.706849050900037,-11.471278812336315,19.706636360785904,1.0256289143701736
1.83,-7.894718516079354,-11.726347678009674,19.88497923726112,1.0256289143701736
1.835,-8.08653808415519,-11.982442871818217,20.08296369196766,1.0256289143701736
1.84,-8.280458991515628,-12.237219526104269,20.299398892151288,1.0256289143701736
1.845,-8.4790651476245,-12.488995211094121,20.535910748069217,1.0256289143701736
1.85,-8.679372550721878,-12.739110459793642,20.792229446287386,1.0256289143701736
1.855,-8.882422678476924,-12.983466170635404,21.06748334265621,1.0256289143701736
1.86,-9.087214347930766,-13.221732183581883,21.362861063615618,1.0256289143701736
1.865,-9.29478732311129,-13.452509557702333,21.678488485526874,1.0256289143701736
1.87,-9.502394187483466,-13.67364233058817,22.01547641381951,1.0256289143701736
1.875,-9.710284519420517,-13.88482296757918,22.370805522861644,1.0256289143701736
1.8800000000000001,-9.919511710248019,-14.081995532626173,22.746972218065153,1.0256289143701736
1.885,-10.126872535966784,-14.267758811848763,23.1417401523522,1.0256289143701736
1.8900000000000001,-10.333188595614985,-14.438154740411827,23.555231922660408,1.0256289143701736
1.895,-10.538611830513942,-14.591981144141108,23.98671897756384,1.0256289143701736
1.9000000000000001,-10.740213242914175,-14.725454522538291,24.43618484974065,1.0256289143701736
1.905,-10.93954042342577,-14.838581133195134,24.90092258557784,1.0256289143701736
1.9100000000000001,-11.135340553225097,-14.928203926444022,25.380496465659725,1.0256289143701736
1.915,-11.324991344652949,-14.994043328682514,25.87364671804994,1.0256289143701736
1.92,-11.507749903622672,-15.034272747981348,26.376257253061038,1.0256289143701736
1.925,-11.683474290807526,-15.047869093394057,26.88902825946959,1.0256289143701736
1.93,-11.851220381942664,-15.033118419002612,27.409706710731506,1.0256289143701736
1.935,-12.010575333116117,-14.987526493224326,27.935944366847984,1.0256289143701736
1.94,-12.160267966865497,-14.911444286033603,28.463399601332586,1.0256289143701736
1.945,-12.29751108426502,-14.804179646531857,28.99113199945352,1.0256289143701736
1.95,-12.424270004831724,-14.664592946649144,29.51396577258324,1.0256289143701736
1.955,-12.536458289292367,-14.491029592657258,30.03197074352233,1.0256289143701736
1.96,-12.634302405209334,-14.286287415353707,30.539457833326583,1.0256289143701736
1.965,-12.717005933226222,-14.050092181896739,31.034558287275512,1.0256289143701736
1.97,-12.783884451593684,-13.78136128492186,31.514231879720008,1.0256289143701736
1.975,-12.834041418369848,-13.483308738113575,31.975117823944295,1.0256289143701736
1.98,-12.866420130637685,-13.15583869769922,32.4142099769672,1.0256289143701736
1.985,-12.881213010144474,-12.800749064511628,32.82819419954507,1.0256289143701736
1.99,-12.877521999539344,-12.41997057389142,33.216244653351964,1.0256289143701736
1.995,-12.854787666852703,-12.01715489755403,33.57282802087002,1.0256289143701736
2.0,-12.813196032284866,-11.593883677904477,33.89775074058261,1.0256289143701736
2.005,-12.751911544783527,-11.151771345556886,34.18925964016462,1.0256289143701736
2.0100000000000002,-12.671593128332438,-10.696031787875846,34.444887716932925,1.0256289143701736
2.015,-12.573268570162998,-10.229364617712779,34.66226195146337,1.0256289143701736
2.02,-12.456315292558397,-9.754190549228897,34.84253053591409,1.0256289143701736
2.025,-12.321280085678149,-9.273510817762316,34.98501911731537,1.0256289143701736
2.0300000000000002,-12.167350877299187,-8.791419422468469,35.08832329617479,1.0256289143701736
2.035,-11.997117912852007,-8.310769910881396,35.155785568835675,1.0256289143701736
2.04,-11.812359510361018,-7.8340280643003695,35.18512784779392,1.0256289143701736
2.045,-11.613198858060619,-7.366508037457761,35.178808051033315,1.0256289143701736
2.05,-11.400322903577734,-6.907602334283589,35.13867956655527,1.0256289143701736
2.055,-11.176670564122658,-6.462545145921429,35.06382317369376,1.0256289143701736
2.06,-10.940892737803372,-6.029599687178605,34.95730026992921,1.0256289143701736
2.065,-10.696044976326524,-5.613724599480076,34.82004653792416,1.0256289143701736
2.07,-10.441775138237402,-5.215251196587122,34.65495407227957,1.0256289143701736
2.075,-10.179927515481012,-4.8358330834694145,34.464157019380075,1.0256289143701736
2.08,-9.913016474752798,-4.477589180493046,34.25183626083621,1.0256289143701736
2.085,-9.640921207361439,-4.139082038931145,34.015702059294895,1.0256289143701736
2.09,-9.365423996490687,-3.823484585472559,33.76281137250291,1.0256289143701736
2.095,-9.089514085507588,-3.529523636170324,33.49147294611326,1.0256289143701736
2.1,-8.811998796887377,-3.2590746024956165,33.20531627896489,1.0256289143701736
2.105,-8.534741239880484,-3.0085779277872247,32.906241638980745,1.0256289143701736
2.11,-8.259040692899838,-2.7780535787143785,32.59674061733221,1.0256289143701736
2.115,-7.983381930504213,-2.569589094733565,32.27638846108502,1.0256289143701736
2.12,-7.712734890209928,-2.380813631424767,31.94874541052258,1.0256289143701736
2.125,-7.446261946355281,-2.2109146907329436,31.61549644988951,1.0256289143701736
2.13,-7.185887117771813,-2.0598597992207845,31.27648773685228,1.0256289143701736
2.1350000000000002,-6.92924201843916,-1.9262391946416455,30.93412136457112,1.0256289143701736
2.14,-6.679942905042021,-1.8103804783823394,30.587135155849392,1.0256289143701736
2.145,-6.437452142419873,-1.7104078759548949,30.239191991145752,1.0256289143701736
2.15,-6.200247855997791,-1.6257438467998504,29.890888013719128,1.0256289143701736
2.1550000000000002,-5.97163881555389,-1.5550955189468867,29.540803441155973,1.0256289143701736
2.16,-5.751602522512659,-1.4953175712871618,29.19324168845657,1.0256289143701736
2.165,-5.537946099988508,-1.4491096728067234,28.845669896598608,1.0256289143701736
2.17,-5.332803708179536,-1.4131449192313956,28.501384432798663,1.0256289143701736
2.1750000000000003,-5.13772730381786,-1.3869832152332555,28.15918840317255,1.0256289143701736
2.18,-4.949621090023688,-1.3706307935238955,27.819872266766914,1.0256289143701736
2.185,-4.770500022399667,-1.3629748679022755,27.483498699428953,1.0256289143701736
2.19,-4.600638766428032,-1.3643342716969402,27.149661073068884,1.0256289143701736
2.195,-4.439386719510993,-1.3714229465879086,26.81979661648724,1.0256289143701736
2.2,-4.285797899106523,-1.3862411739691536,26.492181962055735,1.0256289143701736
2.205,-4.140429124595268,-1.4072654705906305,26.16861335156503,1.0256289143701736
2.21,-4.003130209967767,-1.4337882850174068,25.84875471701489,1.0256289143701736
2.215,-3.8743740467259715,-1.4647644004944715,25.532640468317098,1.0256289143701736
2.22,-3.7548475739321523,-1.4982126501834614,25.222165363425784,1.0256289143701736
2.225,-3.6417448048630203,-1.537056541545724,24.915201134090488,1.0256289143701736
2.23,-3.5350414536134944,-1.5796823627018557,24.610130755398192,1.0256289143701736
2.235,-3.438034327138679,-1.6271374187188585,24.31006534389885,1.0256289143701736
2.24,-3.3462713757874982,-1.676547039713551,24.012731930043643,1.0256289143701736
2.245,-3.262345973365146,-1.7290010536722893,23.720359243508078,1.0256289143701736
2.25,-3.184962250238765,-1.785422051161667,23.43195452274453,1.0256289143701736
2.255,-3.1148836991100044,-1.8432593873083567,23.14890780423402,1.0256289143701736
2.2600000000000002,-3.0509274318079567,-1.9039190810000857,22.867937903896898,1.0256289143701736
2.265,-2.9927529798647527,-1.9676222650576085,22.591398087663496,1.0256289143701736
2.27,-2.941908437425751,-2.033601178883549,22.31914273879047,1.0256289143701736
2.275,-2.897161496382695,-2.101359540054143,22.052162352313445,1.0256289143701736
2.2800000000000002,-2.8572058234940876,-2.171435438558412,21.78892270555544,1.0256289143701736
2.285,-2.822151784426082,-2.2445688191391953,21.529765318541184,1.0256289143701736
2.29,-2.7923982431708216,-2.3206875001636473,21.275041724540625,1.0256289143701736
2.295,-2.7691464484368806,-2.398001309226775,21.02314000562867,1.0256289143701736
2.3000000000000003,-2.7505090201703473,-2.4786993368514234,20.777424836543673,1.0256289143701736
2.305,-2.737443915783653,-2.5611762370626985,20.53401642793394,1.0256289143701736
2.31,-2.729561596019219,-2.6458374817327526,20.29631077707107,1.0256289143701736
2.315,-2.72658132928467,-2.7330368672053225,20.060938763369357,1.0256289143701736
2.32,-2.7269224104814853,-2.8235717380919922,19.82994551906705,1.0256289143701736
2.325,-2.731969820481854,-2.9160156463231597,19.604142490931277,1.0256289143701736
2.33,-2.742154019395226,-3.011116695958919,19.382169974815092,1.0256289143701736
2.335,-2.755881860098799,-3.1098144722839947,19.165504539238086,1.0256289143701736
2.34,-2.7747411878909394,-3.2115931013542474,18.951658014905988,1.0256289143701736
2.345,-2.7964459305923763,-3.315639718595042,18.743485296072674,1.0256289143701736
2.35,-2.822327610324464,-3.4243926121433326,18.53922105070778,1.0256289143701736
2.355,-2.852918459815026,-3.536933903931811,18.339348337550295,1.0256289143701736
2.36,-2.886896427212165,-3.6520579550062178,18.145870661274273,1.0256289143701736
2.365,-2.9240642828082155,-3.770135434894251,17.957442931182893,1.0256289143701736
2.37,-2.9665356788359913,-3.8930356764687812,17.772877621917367,1.0256289143701736
2.375,-3.012490136591392,-4.019820540810361,17.59356162297196,1.0256289143701736
2.38,-3.0622020768157823,-4.150351607710877,17.41947925108349,1.0256289143701736
2.3850000000000002,-3.1158187861938362,-4.287987251691305,17.251337573589286,1.0256289143701736
2.39,-3.1749875596363806,-4.428474806115781,17.087304143084967,1.0256289143701736
2.395,-3.2373983923786613,-4.576002078445256,16.930440953273035,1.0256289143701736
2.4,-3.3047006249202435,-4.7263275346098315,16.778603720060048,1.0256289143701736
2.4050000000000002,-3.3759187803132433,-4.883398563560798,16.63352907728364,1.0256289143701736
2.41,-3.4513168930413403,-5.04569333547464,16.49437575917523,1.0256289143701736
2.415,-3.5310401823693045,-5.214217320748632,16.361684517751698,1.0256289143701736
2.42,-3.6149649933565353,-5.389196502278558,16.236560179688592,1.0256289143701736
2.4250000000000003,-3.7038113454233677,-5.570332843719328,16.116572605774433,1.0256289143701736
2.43,-3.7981486932839577,-5.755791549946806,16.00311878558675,1.0256289143701736
2.435,-3.895015892683594,-5.949174315914657,15.897894013173529,1.0256289143701736
2.44,-3.9967115115270886,-6.149777625993779,15.8019003998731,1.0256289143701736
2.445,-4.1044896031655265,-6.358479932249651,15.713631554150858,1.0256289143701736
2.45,-4.218710607753347,-6.573816713630695,15.635026611589478,1.0256289143701736
2.455,-4.336389955881121,-6.796587774257728,15.56614888084298,1.0256289143701736
2.46,-4.459574819671834,-7.0266008505652975,15.506751483575382,1.0256289143701736
2.465,-4.588783542061164,-7.265646508835347,15.457363376322876,1.0256289143701736
2.47,-4.724123230941045,-7.512121335653701,15.416654196395736,1.0256289143701736
2.475,-4.863149977432632,-7.7666988855945505,15.387601185569205,1.0256289143701736
2.48,-5.009183936011223,-8.030040054746761,15.370346878433415,1.0256289143701736
2.485,-5.1599070496133,-8.302151661978455,15.366029990684494,1.0256289143701736
2.49,-5.316730138318537,-8.581041195061779,15.375491457771528,1.0256289143701736
2.495,-5.479964183370328,-8.867140343599434,15.398401254709423,1.0256289143701736
2.5,-5.648537808279749,-9.163234851342807,15.436224750034178,1.0256289143701736
2.505,-5.823390768354871,-9.466494067684781,15.489735601070654,1.0256289143701736
2.5100000000000002,-6.006213809935049,-9.777789857160295,15.558967073258177,1.0256289143701736
2.515,-6.194632478574323,-10.097456557959196,15.644724643015277,1.0256289143701736
2.52,-6.390024003739965,-10.425628929438641,15.749095016100695,1.0256289143701736
2.525,-6.591810139225918,-10.759414987851125,15.87160459033773,1.0256289143701736
2.5300000000000002,-6.800750620567643,-11.09907554946446,16.014394776810196,1.0256289143701736
2.535,-7.015768903494616,-11.445291028790693,16.17813165498805,1.0256289143701736
2.54,-7.235458259214407,-11.797443956893424,16.363761302211014,1.0256289143701736
2.545,-7.463913032622608,-12.154278179314154,16.572816609896854,1.0256289143701736
2.5500000000000003,-7.699102709850235,-12.513977425249857,16.80593835670391,1.0256289143701736
2.555,-7.939583549515749,-12.87749179678429,17.061840879637604,1.0256289143701736
2.56,-8.186904036247535,-13.241909143796713,17.34508830367025,1.0256289143701736
2.565,-8.440284326182809,-13.606494355343248,17.65556663102173,1.0256289143701736
2.57,-8.698876924587001,-13.969753902375363,17.99395884278488,1.0256289143701736
2.575,-8.96371126511609,-14.329753767203314,18.360555217511973,1.0256289143701736
2.58,-9.231645417972747,-14.685472240792455,18.758212531662977,1.0256289143701736
2.585,-9.504672744856373,-15.03381828164294,19.18690045957302,1.0256289143701736
2.59,-9.781760802804369,-15.372624032012636,19.643875137045566,1.0256289143701736
2.595,-10.060491267922552,-15.70047242572201,20.134109694911373,1.0256289143701736
2.6,-10.341763222312219,-16.012128079416886,20.657004291367713,1.0256289143701736
2.605,-10.623840796380216,-16.307923786479467,21.208567055104503,1.0256289143701736
2.61,-10.907862663925131,-16.582591509827402,21.79219182147679,1.0256289143701736
2.615,-11.19233375310896,-16.833312293993483,22.405300989272416,1.0256289143701736
2.62,-11.47520440496925,-17.05535361677144,23.048210085451746,1.0256289143701736
2.625,-11.753982369165946,-17.248645828130226,23.719416401319673,1.0256289143701736
2.63,-12.030260685635255,-17.40780771579059,24.41700823531113,1.0256289143701736
2.6350000000000002,-12.297962334453207,-17.53042710657367,25.138883893655176,1.0256289143701736
2.64,-12.559606892479907,-17.615114204979452,25.88078577210967,1.0256289143701736
2.645,-12.811887908170407,-17.654630791186904,26.64164849075454,1.0256289143701736
2.65,-13.053827842545811,-17.647767094581653,27.416014383521436,1.0256289143701736
2.6550000000000002,-13.283332462657079,-17.59269650539386,28.201897108489412,1.0256289143701736
2.66,-13.497983626405414,-17.487260497664376,28.99397548386733,1.0256289143701736
2.665,-13.696620277691476,-17.327872068437618,29.788364990670015,1.0256289143701736
2.67,-13.879038342277191,-17.113790644089633,30.577288039590663,1.0256289143701736
2.6750000000000003,-14.041130360617137,-16.844170216415748,31.358461118988167,1.0256289143701736
2.68,-14.181183901178422,-16.519043659746696,32.12342650026601,1.0256289143701736
2.685,-14.298601977405145,-16.139245221488576,32.866748442099464,1.0256289143701736
2.69,-14.389647051115274,-15.706121065468723,33.582265497455204,1.0256289143701736
2.695,-14.454992547695374,-15.221237385094938,34.2641782633509,1.0256289143701736
2.7,-14.49306353229981,-14.688223135287199,34.9077817408005,1.0256289143701736
2.705,-14.502519301063089,-14.109176418359388,35.506487397451956,1.0256289143701736
2.71,-14.48364721646745,-13.489836771206864,36.05557804024685,1.0256289143701736
2.715,-14.43359874556632,-12.833056206307715,36.55069917831448,1.0256289143701736
2.72,-14.354133146492728,-12.146696710054659,36.98931895737859,1.0256289143701736
2.725,-14.242463979968935,-11.435779541786173,37.367863131858854,1.0256289143701736
2.73,-14.10182737513719,-10.706181991998998,37.68367709581577,1.0256289143701736
2.735,-13.931295107177437,-9.964131005098869,37.9366791113183,1.0256289143701736
2.74,-13.732547830643353,-9.217806361090242,38.12434009283748,1.0256289143701736
2.745,-13.507001815728055,-8.470543767245273,38.248618508105814,1.0256289143701736
2.75,-13.255119778884483,-7.730318070785213,38.30943537908409,1.0256289143701736
2.755,-12.979570344418958,-7.002860728429667,38.310793507420996,1.0256289143701736
2.7600000000000002,-12.681069884017424,-6.293930894922867,38.254549776167366,1.0256289143701736
2.765,-12.362939786518847,-5.6070137066769306,38.143160683189606,1.0256289143701736
2.77,-12.02417589278814,-4.947564154564953,37.98239939209713,-72.6122867240145
2.775,-11.670410214858755,-4.683979513863717,37.7730840216011,-72.6122867240145
2.7800000000000002,-11.319984759243816,-4.45465768588019,37.542997468875676,-72.6122867240145
2.785,-10.976936323921684,-4.254972442591343,37.29431148751279,-72.6122867240145
2.79,-10.641544427945396,-4.087342360839222,37.031271161074464,-72.6122867240145
2.795,-10.313640296723925,-3.9497086773685206,36.7549785049647,-72.6122867240145
2.8000000000000003,-9.99647657875186,-3.8407792776945713,36.46855293733845,-72.6122867240145
2.805,-9.688206461798822,-3.7619706696384374,36.175480104545116,-72.6122867240145
2.81,-9.391465123520609,-3.7107552707045093,35.87605958387293,-72.6122867240145
2.815,-9.108194197658317,-3.6851951602756747,35.572382848177305,-72.6122867240145
2.82,-8.837025057435662,-3.68589643288656,35.26704864735714,-72.6122867240145
2.825,-8.579542027844088,-3.709032842819985,34.95976525096652,-72.6122867240145
2.83,-8.336841530888458,-3.7549399106602923,34.65251378253333,-72.6122867240145
2.835,-8.107546348027896,-3.820922153792873,34.34758855459995,-72.6122867240145
2.84,-7.892591974048442,-3.9076321699937573,34.044901164093304,-72.6122867240145
2.845,-7.694047482383874,-4.012793741959837,33.744281820537225,-72.6122867240145
2.85,-7.508979314486615,-4.135490504182598,33.44792967231883,-72.6122867240145
2.855,-7.341204568615077,-4.273531401940952,33.15718333417593,-72.6122867240145
2.86,-7.187855480192166,-4.426384015679238,32.8719315194761,-72.6122867240145
2.865,-7.049641344757254,-4.591667646037932,32.59350189418206,-72.6122867240145
2.87,-6.92685598263861,-4.769010456639614,32.321036161139936,-72.6122867240145
2.875,-6.819800187153763,-4.9582830578059305,32.05408556570275,-72.6122867240145
2.88,-6.726516657312496,-5.1592578786291465,31.795922014970564,-72.6122867240145
2.8850000000000002,-6.647905850258844,-5.369021141495754,31.545729316386314,-72.6122867240145
2.89,-6.58299663616326,-5.586762609334433,31.303143531598753,-72.6122867240145
2.895,-6.533633700340377,-5.812340835978438,31.069351633993335,-72.6122867240145
2.9,-6.49706392914422,-6.045018314113572,30.8454969914117,-72.6122867240145
2.9050000000000002,-6.475301564110084,-6.28529663535596,30.631010236881515,-72.6122867240145
2.91,-6.464088499820655,-6.53201877711791,30.424622012272945,-72.6122867240145
2.915,-6.467526144477058,-6.7839983301521665,30.23061945240708,-72.6122867240145
2.92,-6.482586656327066,-7.0390367629901895,30.046331394980722,-72.6122867240145
2.9250000000000003,-6.510022957353033,-7.30118522985444,29.873426148546198,-72.6122867240145
2.93,-6.549318870424278,-7.566650615228184,29.712998612954504,-72.6122867240145
2.935,-6.599778976193269,-7.836298296144884,29.564713683453473,-72.6122867240145
2.94,-6.661111662108427,-8.108210286951802,29.4285051463501,-72.6122867240145
2.945,-6.7330955849285745,-8.382569538368944,29.30659983626148,-72.6122867240145
2.95,-6.814973229621841,-8.661008969187511,29.198468714696155,-72.6122867240145
2.955,-6.906463929995246,-8.939865905044577,29.103930166365796,-72.6122867240145
2.96,-7.008307807350572,-9.22046448484149,29.024135392204997,-72.6122867240145
2.965,-7.118300946872165,-9.502525759006062,28.960698886755395,-72.6122867240145
2.97,-7.236839484122503,-9.785069212659439,28.913346325154027,-72.6122867240145
2.975,-7.364617447025895,-10.067418406776635,28.881682947501304,-72.6122867240145
2.98,-7.501260304936869,-10.34833263264278,28.86673131310538,-72.6122867240145
2.985,-7.6444749421319536,-10.627647233451436,28.869765882143366,-72.6122867240145
2.99,-7.79381438159692,-10.904298018707223,28.89041541301053,-72.6122867240145
2.995,-7.948628615844923,-11.177742373026573,28.930124369341314,-72.6122867240145
3.0,-8.11023085160612,-11.44798013552682,28.98817933015612,-72.6122867240145
3.005,-8.27655841796854,-11.714143586179333,29.06570712051127,-72.6122867240145
3.0100000000000002,-8.448041796002183,-11.974854243050363,29.16308548534116,-72.6122867240145
3.015,-8.624807222845783,-12.229506173084191,29.279833322524183,-72.6122867240145
3.02,-8.805137687326194,-12.476353214651928,29.416671361669614,-72.6122867240145
3.025,-8.987660799545301,-12.71428136235883,29.573470888982378,-72.6122867240145
3.0300000000000002,-9.174472575893315,-12.9432595445437,29.75109924586587,-72.6122867240145
3.035,-9.363028897615967,-13.162156712596103,29.949656865589915,-72.6122867240145
3.04,-9.552869310658442,-13.368495011172294,30.165694719853356,-72.6122867240145
3.045,-9.743211254929639,-13.5608707212596,30.401653279715436,-72.6122867240145
3.0500000000000003,-9.934438793677085,-13.739898861787214,30.656376441026858,-72.6122867240145
3.055,-10.124593056418108,-13.903049274400798,30.9314832606043,-72.6122867240145
3.06,-10.315014205521276,-14.047719601078377,31.223199705211854,-72.6122867240145
3.065,-10.5022536406985,-14.174338795493211,31.5315392457629,-72.6122867240145
3.0700000000000003,-10.68514701989358,-14.282627219705565,31.854714515116882,-72.6122867240145
3.075,-10.865610847666254,-14.367882111589072,32.194664134665096,-72.6122867240145
3.08,-11.04184712797843,-14.431447686108532,32.544355532122694,-72.6122867240145
3.085,-11.211301707406633,-14.4719100830379,32.90654799075593,-72.6122867240145
3.09,-11.374341515660413,-14.487581143397678,33.279519041933895,-72.6122867240145
3.095,-11.531517193781205,-14.477632753486377,33.65943349263042,-72.6122867240145
3.1,-11.678431402995606,-14.441535977930242,34.0448551226642,-72.6122867240145
3.105,-11.817594988292951,-14.379049266659045,34.43481025571224,-72.6122867240145
3.11,-11.945270797955734,-14.29118019792621,34.82593555709191,-72.6122867240145
3.115,-12.063995005026742,-14.175612370353047,35.215221129644526,-72.6122867240145
3.12,-12.169165604102217,-14.033081489628303,35.60109361673479,-72.6122867240145
3.125,-12.262403683940981,-13.862950044550868,35.98050410461714,-72.6122867240145
3.13,-12.342578709307356,-13.66724790485062,36.35000074554972,-72.6122867240145
3.1350000000000002,-12.409629103330635,-13.447178762730035,36.7085572236429,-72.6122867240145
3.14,-12.462590934976802,-13.202685640532012,37.05325733342896,-72.6122867240145
3.145,-12.499445038372862,-12.935722940415742,37.38112445995954,-72.6122867240145
3.15,-12.520435277478185,-12.648662410385954,37.690453450780765,-72.6122867240145
3.1550000000000002,-12.526304603902974,-12.341886363625807,37.978957919283474,-72.6122867240145
3.16,-12.517127990431392,-12.018419964309162,38.24567475967429,-72.6122867240145
3.165,-12.490265364955617,-11.679645222529649,38.48859941152409,-72.6122867240145
3.17,-12.450570555723926,-11.329583414322318,38.70423250962886,-72.6122867240145
3.1750000000000003,-12.394076864744104,-10.967983229213141,38.89314531783328,-72.6122867240145
3.18,-12.323760158459233,-10.600810204226216,39.05356389718756,-72.6122867240145
3.185,-12.238094300464443,-10.230351042791556,39.18672068296406,-72.6122867240145
3.19,-12.13630729714005,-9.85767612785513,39.28965121415044,-72.6122867240145
3.1950000000000003,-12.023364302801774,-9.487348413537898,39.36360025169365,-72.6122867240145
3.2,-11.895743715037131,-9.120936767059845,39.408950842909405,-72.6122867240145
3.205,-11.75831009530703,-8.758751031147954,39.425305033242445,-72.6122867240145
3.21,-11.608654202540862,-8.406464272933256,39.41558784480032,-72.6122867240145
3.215,-11.44876603246708,-8.063976933212128,39.378496004353885,-72.6122867240145
3.22,-11.27958514192057,-7.73674104330393,39.31568518671928,-72.6122867240145
3.225,-11.102274975510108,-7.423298272331931,39.22827113048517,-72.6122867240145
3.23,-10.919516563955629,-7.125504641866103,39.11610230113513,-72.6122867240145
3.235,-10.729884832991434,-6.8465530976758116,38.98282785436864,-72.6122867240145
3.24,-10.53565353377527,-6.585417864392129,38.83133758334231,-72.6122867240145
3.245,-10.338660296978155,-6.344205597502618,38.661396850637544,-72.6122867240145
3.25,-10.138568741642581,-6.123486310864288,38.47481533417759,-72.6122867240145
3.255,-9.938412516820796,-5.925029334812047,38.272440656123216,-72.6122867240145
3.2600000000000002,-9.73844747804562,-5.747869048686748,38.055878056848776,-72.6122867240145
3.265,-9.540258991393443,-5.5917722934440715,37.827949096782056,23.432885348435786
3.27,-9.342703095463873,-4.977807496082569,37.5895779452209,23.432885348435786
3.275,-9.124160413056797,-4.388009369472329,37.3212112943104,23.432885348435786
3.2800000000000002,-8.887133369726346,-3.8233026284942193,37.02387749331886,23.432885348435786
3.285,-8.633702977323182,-3.2861722016926636,36.70009128029817,23.432885348435786
3.29,-8.36648199849805,-2.777432906747976,36.35315886655273,23.432885348435786
3.295,-8.0870569529677,-2.2981970679248045,35.985382906080105,23.432885348435786
3.3000000000000003,-7.797781614443192,-1.8461818598732245,35.59865339696044,23.432885348435786
3.305,-7.499429401448483,-1.4233112198412932,35.19545870496712,23.432885348435786
3.31,-7.195549251222171,-1.0290533625899951,34.780048428761944,23.432885348435786
3.315,-6.887059181156586,-0.6620880742093226,34.35206859454599,23.432885348435786
3.3200000000000003,-6.576556482592387,-0.32458831843168623,33.91712934567711,23.432885348435786
3.325,-6.264066575841906,-0.01127057380373897,33.47489691438031,23.432885348435786
3.33,-5.951959978020811,0.27784340863044865,33.02975471964376,23.432885348435786
3.335,-5.640287482559357,0.5433382893355407,32.581937930310154,23.432885348435786
3.34,-5.332132174171735,0.7870626640225851,32.133477307613404,23.432885348435786
3.345,-5.026703815064858,1.011206832253743,31.683752450515883,23.432885348435786
3.35,-4.72603309821817,1.214538263787373,31.236040908638394,23.432885348435786
3.355,-4.429025691440498,1.4006640933795653,30.791810405738836,23.432885348435786
3.36,-4.137414657476958,1.5725637943409692,30.349565067002366,23.432885348435786
3.365,-3.850708858820244,1.730002568714615,29.911438193419354,23.432885348435786
3.37,-3.5729862201145743,1.8747260013046805,29.480500658244623,23.432885348435786
3.375,-3.300530826572509,2.0104758731627146,29.054586578674748,23.432885348435786
3.38,-3.0352720362666443,2.1348392411601207,28.633443559802142,23.432885348435786
3.3850000000000002,-2.7762982612497358,2.2512447804621303,28.21996554980092,23.432885348435786
3.39,-2.524935599880925,2.360509628756139,27.81252408501578,23.432885348435786
3.395,-2.281422747238334,2.4636757580002753,27.41354148502017,23.432885348435786
3.4,-2.0455343663501164,2.5635175394833105,27.019135936794655,23.432885348435786
3.4050000000000002,-1.8162755472169714,2.657532968691415,26.63309844038361,23.432885348435786
3.41,-1.5932073387071828,2.7493707500964257,26.254870162322216,23.432885348435786
3.415,-1.375760904240205,2.8390026835195785,25.88256573880478,23.432885348435786
3.42,-1.1647625785016285,2.927046489206687,25.51851177480878,23.432885348435786
3.4250000000000003,-0.9602523665910139,3.015051528731883,25.159972763209037,23.432885348435786
3.43,-0.7606941113638703,3.1044304955407536,24.809672690917488,23.432885348435786
3.435,-0.567110510232385,3.1940668278276165,24.467349258971446,23.432885348435786
3.44,-0.3778486130143712,3.2852091555541736,24.131860356974723,23.432885348435786
3.4450000000000003,-0.19569679972401507,3.379643096309779,23.804035230199144,23.432885348435786
3.45,-0.015531177862890405,3.474846638254773,23.48367507753614,23.432885348435786
3.455,0.15928714239130903,3.5748405566732875,23.16978855985565,23.432885348435786
3.46,0.3305990373809624,3.6776572080220142,22.8644764028792,23.432885348435786
3.465,0.4976655830107236,3.7847845993548637,22.565418883018,23.432885348435786
3.47,0.6619809252521469,3.896140858427178,22.27373211536478,23.432885348435786
3.475,0.8239150463503688,4.013250791816568,21.98893161929681,23.432885348435786
3.48,0.9835238098173748,4.1355222759248385,21.71142477036093,23.432885348435786
3.485,1.140085960207753,4.262666090996807,21.44317800669031,23.432885348435786
3.49,1.2956222536183137,4.395623594969859,21.182736089437046,23.432885348435786
3.495,1.4506087513384163,4.535672705759293,20.92901314540188,23.432885348435786
3.5,1.6047702512721784,4.681240519277756,20.683087274825684,23.432885348435786
3.505,1.7581730410141851,4.833335535912197,20.44480832270147,23.432885348435786
3.5100000000000002,1.9112729090074954,4.992272186911764,20.215243689034466,23.432885348435786
3.515,2.065085162911296,5.158189073927472,19.993024639976714,23.432885348435786
3.52,2.2185467996990504,5.333460022351648,19.778822291153304,23.432885348435786
3.525,2.3758210731472738,5.5164835341605025,19.574225588340965,23.432885348435786
3.5300000000000002,2.5319869139002176,5.706503368618687,19.379368823806455,23.432885348435786
3.535,2.690309308674167,5.903592301900526,19.19241400705672,23.432885348435786
3.54,2.8524466431311355,6.109486224561921,19.01626922594342,23.432885348435786
3.545,3.015680357134615,6.323433993483836,18.849937210874504,23.432885348435786
3.5500000000000003,3.179690959370991,6.547035217060269,18.693055699473483,23.432885348435786
3.555,3.347218955056968,6.779462930527598,18.547759567217575,23.432885348435786
3.56,3.5186342760138336,7.019516378528269,18.414581452148816,23.432885348435786
3.565,3.6937248801703046,7.269272802385822,18.2918397384773,23.432885348435786
3.5700000000000003,3.8729146286386396,7.529136510778354,18.180923444843746,23.432885348435786
3.575,4.0559944349839165,7.7979577488166,18.084537647483174,23.432885348435786
3.58,4.243649480475608,8.07775389551342,18.001288188573103,23.432885348435786
3.585,4.435615811421861,8.36678865583295,17.93398987759949,23.432885348435786
3.59,4.631656894490063,8.66548419292372,17.879506823354976,23.432885348435786
3.595,4.83389632787698,8.973235551699178,17.841467781336522,23.432885348435786
3.6,5.041900303908563,9.290949179431195,17.820169140995326,23.432885348435786
3.605,5.254226139716608,9.61742098809833,17.81651451739249,23.432885348435786
3.61,5.473262366055884,9.955650794392655,17.830778695558127,23.432885348435786
3.615,5.698677696981556,10.300689594595026,17.864993246849103,23.432885348435786
3.62,5.929922765387036,10.655200921663923,17.919802527850617,23.432885348435786
3.625,6.166273889615722,11.018144009998839,17.99606726714811,23.432885348435786
3.63,6.409440535888277,11.38779951688596,18.09580393090086,23.432885348435786
3.6350000000000002,6.65873866042395,11.765599372591037,18.21866900350333,23.432885348435786
3.64,6.913812276751226,12.148047109093058,18.367912392221402,23.432885348435786
3.645,7.176093156834609,12.537698790152344,18.54253441155466,23.432885348435786
3.65,7.444147693197219,12.931350353374823,18.74638158449886,23.432885348435786
3.6550000000000002,7.718789763707718,13.329594323462528,18.978090054662285,23.432885348435786
3.66,7.998979658322319,13.729707605297017,19.239503232737004,23.432885348435786
3.665,8.285093376884893,14.130250093909714,19.532106363222237,23.432885348435786
3.67,8.577208468100045,14.528246942976558,19.856095655614194,23.432885348435786
3.6750000000000003,8.874807833070227,14.921997540247109,20.213599939551248,23.432885348435786
3.68,9.177777073799499,15.31037779064967,20.60662670638272,23.432885348435786
3.685,9.484072106541186,15.689912404458749,21.033433833196582,23.432885348435786
3.69,9.794641976061891,16.05952788371222,21.496628926866116,23.432885348435786
3.6950000000000003,10.108578401583154,16.41476055235687,21.996366257531964,23.432885348435786
3.7,10.423979269679625,16.75268482995344,22.533371715821936,23.432885348435786
3.705,10.740464433491036,17.07094938614631,23.10566217699597,23.432885348435786
3.71,11.057988193157124,17.365998071609763,23.714681494175935,23.432885348435786
3.715,11.372798489616706,17.632136074698835,24.359211635882602,23.432885348435786
3.72,11.685359350789453,17.86783083621406,25.035907381489345,23.432885348435786
3.725,11.993707538274585,18.06793294614785,25.746954065593577,23.432885348435786
3.73,12.298150225494794,18.23038358880874,26.48718492617803,23.432885348435786
3.735,12.595263106745765,18.350909887248985,27.253792625621955,23.432885348435786
3.74,12.883621319771269,18.422641578723145,28.04530778886929,23.432885348435786
3.745,13.160014032732123,18.44459249731484,28.858092963646016,23.432885348435786
3.75,13.424033730902822,18.412642591288712,29.687516097856648,23.432885348435786
3.755,13.672929907079723,18.324989774720326,30.527035018308425,23.432885348435786
3.7600000000000002,13.906645150539486,18.179582533327768,31.373021846504038,23.432885348435786
3.765,14.120465892533867,17.97155089631529,32.21875654193166,23.432885348435786
3.77,14.31395888145519,17.70194679298957,33.05715883437805,23.432885348435786
3.775,14.483187992846897,17.36915937080408,33.884513453660674,23.432885348435786
3.7800000000000002,14.628605291932825,16.974102630381264,34.69059849497612,23.432885348435786
3.785,14.747140787092414,16.516453863209072,35.46870717217184,23.432885348435786
3.79,14.834941436395061,16.00015622863994,36.21319680082594,23.432885348435786
3.795,14.893135827802137,15.428404023030232,36.91708187786854,23.432885348435786
3.8000000000000003,14.920316440458704,14.804127606828034,37.573212224601484,23.432885348435786
3.805,14.915490811962059,14.134954187901448,38.17648293046544,23.432885348435786
3.81,14.877529032448459,13.422794936753064,38.72110399078551,23.432885348435786
3.815,14.805700967728257,12.67423669565702,39.203634700063155,23.432885348435786
3.8200000000000003,14.698581639622986,11.898879400302018,39.620018813724876,23.432885348435786
3.825,14.559413891254733,11.10320455604863,39.965476377195394,23.432885348435786
3.83,14.385892806280209,10.294320071361708,40.239489069830725,23.432885348435786
3.835,14.18069033341971,9.47903562456181,40.44402661512005,23.432885348435786
3.84,13.94495271272565,8.665955321920064,40.57613192016037,23.432885348435786
3.845,13.68069428538507,7.8639517584749115,40.63883480724777,23.432885348435786
3.85,13.389886714539482,7.0774847381446655,40.6343541845162,23.432885348435786
3.855,13.074470238680377,6.3135070905791615,40.56633346380175,23.432885348435786
3.86,12.73660904558813,5.577813489927843,40.43852859650074,23.432885348435786
3.865,12.379173173548224,4.874438108842385,40.25427506754995,23.432885348435786
3.87,12.003408968956533,4.207985497806334,40.019217401426836,23.432885348435786
3.875,11.612762795618673,3.5837765928078666,39.73818007486854,23.432885348435786
3.88,11.211123757572528,3.0014571982052987,39.41524994660504,23.432885348435786
3.8850000000000002,10.801738070740706,2.4650072167326718,39.05809091848864,23.432885348435786
3.89,10.385079364676585,1.9726960952817658,38.67041957575721,23.432885348435786
3.895,9.965642132757704,1.525917575987807,38.257416300257184,23.432885348435786
3.9,9.542893649535394,1.1249590150581026,37.82316290813347,23.432885348435786
3.9050000000000002,9.12212124517636,0.7672789681530328,37.37262177353569,23.432885348435786
3.91,8.704784793772523,0.4541498955192503,36.90889811767214,23.432885348435786
3.915,8.291852523776338,0.1810279822507625,36.43578388775947,23.432885348435786
3.92,7.885283011766535,-0.05311298476499299,35.958342926292616,23.432885348435786
3.9250000000000003,7.48921694935983,-0.2501069924354424,35.477593614797755,23.432885348435786
3.93,7.1025347129346965,-0.4106187632826894,34.99478713343911,23.432885348435786
3.935,6.727039575467332,-0.5383277159517958,34.51406286116395,23.432885348435786
3.94,6.364109604018763,-0.638723777858244,34.03549874929124,23.432885348435786
3.9450000000000003,6.01511024871558,-0.7103937448207431,33.561772289964715,23.432885348435786
3.95,5.679894604094892,-0.7570233622668213,33.092792094502535,23.432885348435786
3.955,5.358442370125911,-0.7808240167271413,32.62942311032764,23.432885348435786
3.96,5.051319007593509,-0.7837744599772856,32.17383153253829,23.432885348435786
3.9650000000000003,4.758510827572852,-0.7680193021488901,31.724386986362806,23.432885348435786
3.97,4.481524106531035,-0.7360412636441958,31.283836346616678,23.432885348435786
3.975,4.2208712423940264,-0.6891287975439959,30.851292578800628,23.432885348435786
3.98,3.9757053468378425,-0.6294667365648347,30.426249504033983,23.432885348435786
3.985,3.7461971734195325,-0.5576818044330556,30.00802808138484,23.432885348435786
3.99,3.5311596032501873,-0.4769517947128958,29.59776545146289,23.432885348435786
3.995,3.3306641351332296,-0.3866084980828301,29.195715674136533,23.432885348435786
4.0,3.1444143514728653,-0.2878611076519192,28.800151194440613,23.432885348435786
4.005,2.971726212622586,-0.1813704065179385,28.410929042503227,23.432885348435786
4.01,2.8130516786912514,-0.0697063063944393,28.02847460715891,23.432885348435786
4.015,2.6685082885024265,0.04684294185160767,27.65433962566594,23.432885348435786
4.0200000000000005,2.5369597919815776,0.1677030102423917,27.285717277997108,23.432885348435786
4.025,2.4179600228129248,0.2912426226026822,26.924530446695492,23.432885348435786
4.03,2.309273849507674,0.42062365198465734,26.568407281335897,23.432885348435786
4.035,2.214640326925345,0.5513679708128243,26.2194388046166,23.432885348435786
4.04,2.1331256205651727,0.6868178582582076,25.87546057199648,23.432885348435786
4.045,2.060344163293385,0.8228256856029428,25.53799407683253,23.432885348435786
4.05,1.9986889691852952,0.9612815116609613,25.205352540174943,23.432885348435786
4.055,1.9467235606879199,1.1008993495490795,24.878023904046902,23.432885348435786
4.0600000000000005,1.905452125365416,1.2442405235847442,24.556598073523357,23.432885348435786
4.065,1.8717027542859443,1.3883500714631876,24.240511799106176,23.432885348435786
4.07,1.848275818027727,1.5323530436475474,23.931228745707237,23.432885348435786
4.075,1.8321956659235124,1.6788200366122719,23.62740372701024,23.432885348435786
4.08,1.8241712748999244,1.8292353659093616,23.3272847438932,23.432885348435786
4.085,1.8240924372315148,1.980330585670195,23.032082532921123,23.432885348435786
4.09,1.8311481347300211,2.132849803830126,22.743027486857656,23.432885348435786
4.095,1.847535288218132,2.2879291250536333,22.459233920726714,23.432885348435786
4.1,1.869761062458946,2.444297866180615,22.181077796407525,23.432885348435786
4.105,1.898214836503039,2.6034233848944344,21.908629242485755,23.432885348435786
4.11,1.9343176770663304,2.7662847872210157,21.641398534567436,23.432885348435786
4.115,1.9759143238339714,2.9308391116920443,21.378932913231115,23.432885348435786
4.12,2.0230737590957575,3.0998320589413266,21.122423115764416,23.432885348435786
4.125,2.0766153853395015,3.2718776403952443,20.872392521706622,23.432885348435786
4.13,2.1369216745578106,3.445987456842598,20.627800890206583,23.432885348435786
4.135,2.2006255434071815,3.624363942539146,20.38994035231386,23.432885348435786
4.14,2.27226759795244,3.806687778813303,20.157461849199006,23.432885348435786
4.1450000000000005,2.348770992077055,3.9945238490275665,19.93199561919027,23.432885348435786
4.15,2.4305817856181537,4.18770605988372,19.712360953638676,23.432885348435786
4.155,2.518841474034333,4.383911995466738,19.500383898350375,23.432885348435786
4.16,2.613903093517345,4.586139746861669,19.296318784937338,23.432885348435786
4.165,2.7119197987384083,4.794566982584965,19.099373635705877,23.432885348435786
4.17,2.815880572074458,5.007865367333042,18.909981147965944,23.432885348435786
4.175,2.924923672067199,5.228963435545496,18.72891460109028,23.432885348435786
4.18,3.039618216068878,5.456162358266955,18.556312153793495,23.432885348435786
4.1850000000000005,3.1593882470639696,5.689558732081539,18.392555115412023,23.432885348435786
4.19,3.286000895093522,5.929019797550434,18.23715999552998,23.432885348435786
4.195,3.417714587569954,6.1768608333722534,18.091545117189217,23.432885348435786
4.2,3.555338106565422,6.4321277486091315,17.9559202617836,23.432885348435786
4.205,3.698768235865791,6.696105508202971,17.832194676022954,23.432885348435786
4.21,3.849436331686054,6.967711554941768,17.71935436780812,23.432885348435786
4.215,4.00545678535507,7.247471098392004,17.61602138047349,23.432885348435786
4.22,4.16620231033806,7.536060704089572,17.526690851328386,23.432885348435786
4.225,4.334302855664383,7.833782072533053,17.44972187741703,23.432885348435786
4.23,4.50933691600517,8.141685633292031,17.386881234940972,23.432885348435786
4.235,4.691394893579183,8.456980918470087,17.338932100401983,23.432885348435786
4.24,4.880853964717851,8.781607107800767,17.306295776620786,23.432885348435786
4.245,5.076163354932331,9.116216185103722,17.291323787267704,23.432885348435786
4.25,5.278374080975003,9.46024633778046,17.29254189072076,23.432885348435786
4.255,5.486178262215965,9.812795830214522,17.312122005183333,23.432885348435786
4.26,5.701815149874804,10.174886949314413,17.351148548984565,23.432885348435786
4.265,5.926804218324283,10.543861298099277,17.409616925420867,23.432885348435786
4.2700000000000005,6.157322245691889,10.92258991549112,17.49020370875703,23.432885348435786
4.275,6.396385142767883,11.309383307198441,17.594509420008173,23.432885348435786
4.28,6.641915845975913,11.702797521746012,17.721002633254972,23.432885348435786
4.285,6.895148265425984,12.103106450419903,17.87330225397996,23.432885348435786
4.29,7.155718238591597,12.509399150064414,18.052149593294345,23.432885348435786
4.295,7.423389408687868,12.920702054089698,18.25824319691529,23.432885348435786
4.3,7.697559007588572,13.335139343202151,18.494206429102153,23.432885348435786
4.305,7.97747668491381,13.74936596444132,18.760486113310222,23.432885348435786
4.3100000000000005,8.265657431117003,14.166187944932837,19.057622794153747,23.432885348435786
4.315,8.562454678694307,14.583024138781532,19.38986439744569,23.432885348435786
4.32,8.862276949921856,14.995478148820103,19.756075925220163,23.432885348435786
4.325,9.16940671789436,15.403379787629593,20.158507637421497,23.432885348435786
4.33,9.4814142620065,15.803339982503068,20.595885763217005,23.432885348435786
4.335,9.797315549069342,16.1923665150296,21.07050780708355,23.432885348435786
4.34,10.118020716304896,16.56814894264545,21.581938888083574,23.432885348435786
4.345,10.440960779287447,16.926277275171813,22.132016248018488,23.432885348435786
4.3500000000000005,10.765315450232459,17.26504374684736,22.720679865331945,23.432885348435786
4.355,11.090422764731438,17.580281769006138,23.347035255664668,23.432885348435786
4.36,11.41477390912201,17.8675865729069,24.012276032730686,23.432885348435786
4.365,11.736835779888393,18.12303495999129,24.712527072545473,23.432885348435786
4.37,12.055417943134515,18.342784084327,25.447165516889637,23.432885348435786
4.375,12.368442754942878,18.522684718755738,26.21428575903194,23.432885348435786
4.38,12.677921423880141,18.657775653365455,27.009901009167283,23.432885348435786
4.385,12.976006754999903,18.743689589097375,27.833023838077697,23.432885348435786
4.39,13.263483729961989,18.778495890435757,28.677415401525845,23.432885348435786
4.3950000000000005,13.540727869242616,18.757864056020793,29.539994697634143,23.432885348435786
4.4,13.801934811107683,18.678044469011976,30.415460118975002,23.432885348435786
4.405,14.046983915054106,18.535606080537836,31.298349000754623,23.432885348435786
4.41,14.271094120016375,18.32816320678465,32.182659442791426,23.432885348435786
4.415,14.473053034879374,18.054324876996688,33.06194543963172,23.432885348435786
4.42,14.652065379084899,17.71409236412579,33.92921766315173,23.432885348435786
4.425,14.805699688345022,17.30772905342328,34.77496484287379,23.432885348435786
4.43,14.931403911820095,16.83484044150484,35.59152249229465,23.432885348435786
4.4350000000000005,15.026224517846648,16.300074575999513,36.37460339626653,23.432885348435786
4.44,15.089548779025309,15.706336061852006,37.1129956864811,23.432885348435786
4.445,15.120582473685886,15.057138453843864,37.802710316523395,23.432885348435786
4.45,15.117746575534467,14.35877868864957,38.436871441069904,23.432885348435786
4.455,15.079388279217962,13.614808368554751,39.010200519383616,23.432885348435786
4.46,15.006532181168032,12.833730723617174,39.51755267635787,23.432885348435786
4.465,14.899318690188284,12.0236090822316,39.954301289572115,23.432885348435786
4.47,14.756252005618748,11.190757461254528,40.31746832869407,23.432885348435786
4.4750000000000005,14.578184801239011,10.34428094991304,40.60529437228255,23.432885348435786
4.48,14.366040074451478,9.490696769608121,40.81802661983741,23.432885348435786
4.485,14.123717704179835,8.639301242485752,40.95661204199639,23.432885348435786
4.49,13.848901280039488,7.797609083336646,41.02025778364667,23.432885348435786
4.495,13.54635464167777,6.974674326322557,41.01287976560878,23.432885348435786
4.5,13.218172023842671,6.175287648323666,40.938420467870294,23.432885348435786
4.505,12.8670966608997,5.4060452883315975,40.800557423309364,23.432885348435786
4.51,12.494456072439032,4.67161237194334,40.60384345241996,23.432885348435786
4.515,12.10267209234964,3.977361623158197,40.35510745793879,23.432885348435786
4.5200000000000005,11.6964007904668,3.3273353990516465,40.05750058879307,23.432885348435786
4.525,11.27902561931712,2.7233479435140246,39.71733349379037,23.432885348435786
4.53,10.850333758721778,2.166598407973069,39.34089657396807,23.432885348435786
4.535,10.416022145724622,1.6563900669340974,38.933461931631854,23.432885348435786
4.54,9.977503982865937,1.1956989806406886,38.50000908184601,23.432885348435786
4.545,9.537738960274252,0.7816951316187931,38.04627002236641,10.216353539508916
4.55,9.100680868397404,0.3498646799435675,37.57642346176525,10.216353539508916
4.555,8.66309665630209,-0.03695555426293856,37.091485964072106,10.216353539508916
4.5600000000000005,8.227833897549752,-0.37984877397978495,36.59523752300235,10.216353539508916
4.565,7.798023039876722,-0.6801059751683259,36.090934523677,10.216353539508916
4.57,7.373572157832559,-0.9416079465168654,35.58214957527517,10.216353539508916
4.575,6.958060538475051,-1.165619775658687,35.071612041082915,10.216353539508916
4.58,6.550991454837552,-1.3539825563744992,34.56335172820182,10.216353539508916
4.585,6.156535273405928,-1.5111070474349344,34.0580282541564,10.216353539508916
4.59,5.772674262657734,-1.6382134806384299,33.55702112820977,10.216353539508916
4.595,5.402600794418476,-1.7394178551782582,33.06217389269997,10.216353539508916
4.6000000000000005,5.0447549404028,-1.8164906254131588,32.57504866223705,10.216353539508916
4.605,4.700991828024515,-1.8723456659563167,32.09456926303021,10.216353539508916
4.61,4.372182539529494,-1.9087641385018217,31.62237096252109,10.216353539508916
4.615,4.060030509946531,-1.927459174732275,31.159639612144687,10.216353539508916
4.62,3.7602549172123827,-1.9303492654300247,30.705869183506284,10.216353539508916
4.625,3.476353011302014,-1.9197004150991896,30.25990507739694,10.216353539508916
4.63,3.2076006247516355,-1.8990684085878362,29.82185330242247,10.216353539508916
4.635,2.9517018434630615,-1.8673869482703918,29.393687692458858,10.216353539508916
4.64,2.7112396816244475,-1.8271897908736763,28.974155996655114,10.216353539508916
4.6450000000000005,2.484598078864986,-1.7805224078803366,28.56387627689492,10.216353539508916
4.65,2.2711030324226438,-1.726864505951904,28.160525035558884,10.216353539508916
4.655,2.072088219180115,-1.6697278652607497,27.764183609403545,10.216353539508916
4.66,1.8862939978069853,-1.6074648054629268,27.378314805680716,10.216353539508916
4.665,1.7105846503560809,-1.5422512032204791,26.99894493334487,10.216353539508916
4.67,1.5478991940079967,-1.4740821986076174,26.626181533840843,10.216353539508916
4.675,1.3971096236435467,-1.4049909512431948,26.25901667542573,10.216353539508916
4.68,1.2566843191163755,-1.3341452166213976,25.89792816110764,10.216353539508916
4.6850000000000005,1.1271707436789238,-1.2650377803656379,25.54320343996728,10.216353539508916
4.69,1.0067347659236603,-1.193834064765035,25.19486984852537,10.216353539508916
4.695,0.8978472163429824,-1.122624194853644,24.851840047994372,10.216353539508916
4.7,0.7966839458717322,-1.0522358237412155,24.514927713522763,10.216353539508916
4.705,0.7043036114458309,-0.9812425998198424,24.18373268485762,10.216353539508916
4.71,0.6206880462226243,-0.9108150072481005,23.857781095918,10.216353539508916
4.715,0.5442093564440846,-0.8417791660457239,23.53760266791776,10.216353539508916
4.72,0.47437514149700305,-0.7740103708085134,23.221993953038197,10.216353539508916
4.7250000000000005,0.4124175370853669,-0.7076977537821959,22.910636550909405,10.216353539508916
4.73,0.3565748807118512,-0.642320571647536,22.60432131291697,10.216353539508916
4.735,0.3053972805858614,-0.5785973446012607,22.300744794258975,10.216353539508916
4.74,0.26063225293523773,-0.5158328661923565,22.0028454302852,10.216353539508916
4.745,0.22049325628660943,-0.4529824911291416,21.708387496608875,10.216353539508916
4.75,0.18701991459969788,-0.3921768421307971,21.418352328240434,10.216353539508916
4.755,0.1572554974871222,-0.3327918241037825,21.131752011693106,10.216353539508916
4.76,0.13278046705955193,-0.27535817363045884,20.849486776579162,10.216353539508916
4.765,0.11177034512513823,-0.2186874541534741,20.570659150159823,10.216353539508916
4.7700000000000005,0.09476998181079514,-0.16432427936098282,20.295295768201697,10.216353539508916
4.775,0.08167972932615354,-0.1074082534598221,20.023856938842957,10.216353539508916
4.78,0.07282588459777994,-0.052535957064059925,19.757194817169516,10.216353539508916
4.785,0.067362873748537,0.0023965559909422465,19.495001069104358,10.216353539508916
4.79,0.06531103901873246,0.05612884163535489,19.235633070143713,10.216353539508916
4.795,0.0649070044389738,0.10937987211565792,18.980472962032806,10.216353539508916
4.8,0.06738637295060515,0.16246652128984373,18.727506266607392,10.216353539508916
4.805,0.07203471314541693,0.21634801763783962,18.478346977789727,10.216353539508916
4.8100000000000005,0.07935528096192272,0.26989463840040784,18.23167716488396,10.216353539508916
4.815,0.08996068920089212,0.3242541451671158,17.987693806350595,10.216353539508916
4.82,0.10183970405175646,0.3773417501654771,17.74833726357693,10.216353539508916
4.825,0.1149569195649139,0.4305622570918278,17.51216015857973,10.216353539508916
4.83,0.13104263155394863,0.4847757770785477,17.278106724564292,10.216353539508916
4.835,0.14778564892872523,0.5402587039086459,17.04817225588042,10.216353539508916
4.84,0.1682870343029013,0.5953483146630068,16.82109453377411,10.216353539508916
4.845,0.19004198199567857,0.6520424566211782,16.597246687587408,10.216353539508916
4.8500000000000005,0.21268702400377368,0.710345254267597,16.37743201388764,10.216353539508916
4.855,0.2370720889367771,0.7696863124982823,16.159638838956987,10.216353539508916
4.86,0.26467952054539345,0.8307416112074056,15.944221124948376,10.216353539508916
4.865,0.29306501261870643,0.8948533451588565,15.732292828833378,10.216353539508916
4.87,0.3228415672298126,0.9600036015726372,15.523845659227609,10.216353539508916
4.875,0.35342019411390274,1.0263609771412994,15.319160983726043,10.216353539508916
4.88,0.38699096778734077,1.0944201298357121,15.116731376861486,10.216353539508916
4.885,0.422699516775922,1.1659658413678915,14.917436971861484,10.216353539508916
4.89,0.4599436354878277,1.2399696400699294,14.721164558187123,10.216353539508916
4.8950000000000005,0.49938125786296284,1.3150787471442167,14.528858735389404,10.216353539508916
4.9,0.5413152049396691,1.3943956582041013,14.339907131808467,10.216353539508916
4.905,0.5847727702309258,1.47529050049863,14.153364570380152,10.216353539508916
4.91,0.6292106288052635,1.5595673969077288,13.9685734896295,10.216353539508916
4.915,0.6753596841148657,1.6458292656196323,13.786335766378052,10.216353539508916
4.92,0.7238638768683249,1.7370099398367074,13.607995568843105,10.216353539508916
4.925,0.7738645345476545,1.8312535256386095,13.431527637710792,10.216353539508916
4.93,0.8272087000261215,1.9298022290924877,13.259952319879512,10.216353539508916
4.9350000000000005,0.8829155912903686,2.031917314607323,13.091912782104288,10.216353539508916
4.94,0.9396753234517498,2.1382672346540867,12.925757034116343,10.216353539508916
4.945,0.9996114693295901,2.248454490727423,12.763069537301217,10.216353539508916
4.95,1.0623509251383743,2.364877293832298,12.604014436226585,10.216353539508916
4.955,1.1275257049696341,2.486608648867148,12.448205999044115,10.216353539508916
4.96,1.1944745098614657,2.612701812016919,12.295432057409434,10.216353539508916
4.965,1.2663561103166106,2.745001169634552,12.148742354582964,10.216353539508916
4.97,1.3400692042186775,2.8823140578931588,12.004831496011032,10.216353539508916
4.9750000000000005,1.416847429273323,3.02615149216687,11.864078097661968,10.216353539508916
4.98,1.4979118576723833,3.175549890141573,11.728034668217777,10.216353539508916
4.985,1.581317907819169,3.3316262388914035,11.596081432122256,10.216353539508916
4.99,1.668578557409366,3.496147405971733,11.468407161321807,10.216353539508916
4.995,1.7590200945011907,3.668247202059807,11.344833471152832,10.216353539508916
5.0,1.853603865469895,3.8471751942739068,11.225752722321841,10.216353539508916
5.005,1.9530168565463166,4.03458890130606,11.111752737832209,10.216353539508916
5.01,2.0574848564875214,4.2299415813529375,11.003403962559805,10.216353539508916
5.015,2.166645570153703,4.435055970381609,10.900267391086771,10.216353539508916
5.0200000000000005,2.2798734226568933,4.649059482179042,10.802737923760663,10.216353539508916
5.025,2.3988906570533794,4.872751889288387,10.711969279574792,10.216353539508916
5.03,2.5220522615648253,5.106688073716435,10.627397141873937,10.216353539508916
5.035,2.652247744346127,5.352283879727288,10.549419836171818,10.216353539508916
5.04,2.7882388933334226,5.608508166679583,10.47998884538769,10.216353539508916
5.045,2.92892819585689,5.876523330136192,10.41772803564446,10.216353539508916
5.05,3.0758113229280517,6.1555982778630245,10.365349580462048,10.216353539508916
5.055,3.2296679625232527,6.446448562509859,10.321261327787944,10.216353539508916
5.0600000000000005,3.3904740200677983,6.749130444357374,10.288817048892982,10.216353539508916
5.065,3.5592450030003344,7.066460595675668,10.266400169838084,10.216353539508916
5.07,3.73513447183956,7.397124950959258,10.254759213576351,10.216353539508916
5.075,3.9197997851418633,7.742684277256031,10.257117720907594,10.216353539508916
5.08,4.110817758571815,8.102158074926258,10.27294370593938,10.216353539508916
5.085,4.310828572610236,8.477449138278526,10.302180903130587,10.216353539508916
5.09,4.519777947742345,8.866506000092715,10.346424326448243,10.216353539508916
5.095,4.7364660484283805,9.272225192111897,10.407901803024922,10.216353539508916
5.1000000000000005,4.96172100417222,9.694154177884771,10.488438684934964,10.216353539508916
5.105,5.198123910335225,10.131393566368748,10.589159929643284,10.216353539508916
5.11,5.444906706994381,10.584929307923673,10.710198771045636,10.216353539508916
5.115,5.70259106545878,11.053543985652658,10.856126547845673,10.216353539508916
5.12,5.970606416116207,11.537582082766171,11.025984988906073,10.216353539508916
5.125,6.249089796264408,12.038096074465626,11.223507899605227,10.216353539508916
5.13,6.53773103739649,12.552241305832052,11.451143253511582,10.216353539508916
5.135,6.837977513801697,13.081469552254978,11.710081170888571,10.216353539508916
5.14,7.149411516564515,13.624627985909427,12.001944276948997,10.216353539508916
5.1450000000000005,7.473390742456128,14.180148997141087,12.328664976522354,10.216353539508916
5.15,7.8090501269652846,14.74525284415739,12.693964540594125,10.216353539508916
5.155,8.156024514781912,15.320308924756763,13.100014019965684,10.216353539508916
5.16,8.51400282747927,15.90184348393809,13.54962974203556,10.216353539508916
5.165,8.882998546650029,16.487548176330314,14.045505113875087,10.216353539508916
5.17,9.263596573674565,17.074925211247024,14.59077893772914,10.216353539508916
5.175,9.653277363644111,17.662221152328488,15.186439716218027,10.216353539508916
5.18,10.053642592347991,18.242281660192074,15.837877601581804,10.216353539508916
5.1850000000000005,10.463186284628229,18.81326050226025,16.543619493529736,10.216353539508916
5.19,10.879946995434768,19.369220790842704,17.306807515768266,10.216353539508916
5.195,11.304981139616437,19.90528619253345,18.12953887195062,10.216353539508916
5.2,11.73586496717314,20.41468443572343,19.014522554759886,10.216353539508916
5.205,12.170370660894699,20.890525690471264,19.95868602924578,10.216353539508916
5.21,12.606189203366071,21.3268992100704,20.963223031682592,10.216353539508916
5.215,13.04167194062923,21.71460515995324,22.02776713686693,10.216353539508916
5.22,13.474787171568291,22.04705382579722,23.14927132728572,10.216353539508916
5.2250000000000005,13.902957244754802,22.31362646839001,24.326494722829562,10.216353539508916
5.23,14.323394367264038,22.507205037982544,25.553327392688864,10.216353539508916
5.235,14.732669813488899,22.619816742953432,26.824227006166307,10.216353539508916
5.24,15.127126587852446,22.64396864336375,28.132504117543803,10.216353539508916
5.245,15.503159136406705,22.571468111977257,29.470430746244965,10.216353539508916
5.25,15.856381991413302,22.39572362655498,30.828013127706694,10.216353539508916
5.255,16.184417894232503,22.11013276437152,32.19151594013251,10.216353539508916
5.26,16.48022625394596,21.711851873540123,33.55231416441937,10.216353539508916
5.265,16.74180997913023,21.19613162245683,34.89367372206242,10.216353539508916
5.2700000000000005,16.965684490076647,20.5634397107287,36.20349158796445,10.216353539508916
5.275,17.146084038949862,19.816184143552782,37.46415028135973,10.216353539508916
5.28,17.278959395329487,18.95539399240656,38.662410181089236,10.216353539508916
5.285,17.3630382728834,17.98985654899493,39.78544522097916,10.216353539508916
5.29,17.394849739624387,16.92800625139389,40.8159515324397,10.216353539508916
5.295,17.370515196843026,15.780119867774115,41.743885325482786,10.216353539508916
5.3,17.29044090466521,14.557173725660588,42.55772403742122,10.216353539508916
5.305,17.15405148489172,13.276609201344778,43.24758871510069,10.216353539508916
5.3100000000000005,16.959959173318012,11.95342300116644,43.80994499050902,10.216353539508916
5.315,16.709414673448507,10.60407055208543,44.23883078660942,10.216353539508916
5.32,16.404927288211006,9.245165355487291,44.53530107355335,10.216353539508916
5.325,16.04728000697923,7.893579359623486,44.69988829393975,10.216353539508916
5.33,15.63950950712857,6.565416907776748,44.73680677776821,10.216353539508916
5.335,15.185723142748325,5.275346664442006,44.652467173476516,10.216353539508916
5.34,14.68921423941313,4.036469322105009,44.45715253305578,10.216353539508916
5.345,14.156190226489924,2.8583471748622094,44.16119965132323,10.216353539508916
5.3500000000000005,13.59072951676818,1.7521733558277508,43.775033699459,10.216353539508916
5.355,12.998973456115916,0.7215310280458309,43.310160462486664,10.216353539508916
5.36,12.385362588391263,-0.22595378429144786,42.78023470996451,10.216353539508916
5.365,11.755378614694852,-1.089954471763873,42.195515076960106,10.216353539508916
5.37,11.112312697751035,-1.8682132584497508,41.5685442429862,10.216353539508916
5.375,10.4633978946667,-2.562698602538144,40.91036449429026,10.216353539508916
5.38,9.81231207661775,-3.174492431316567,40.23186983596465,10.216353539508916
5.385,9.164113682721277,-3.7070392395487533,39.54079882173243,10.216353539508916
5.39,8.520078405754488,-4.166983435965244,38.84395355206817,10.216353539508916
5.3950000000000005,7.886478492998106,-4.556910835439249,38.14839912623592,10.216353539508916
5.4,7.265050368803935,-4.882272796540183,37.46071355346914,10.216353539508916
5.405,6.6566397071737,-5.149819891119213,36.78314556991435,10.216353539508916
5.41,6.06621033491568,-5.366330388424157,36.120963002029676,10.216353539508916
5.415,5.494982119058991,-5.534890635025657,35.47659673148243,10.216353539508916
5.42,4.943380172901529,-5.661948403131614,34.851723382027735,10.216353539508916
5.425,4.41301349281633,-5.752441812551419,34.246280186712106,10.216353539508916
5.43,3.9041301495550376,-5.8105129604173955,33.66451918572814,10.216353539508916
5.4350000000000005,3.418482903579519,-5.840741203746268,33.1020685944047,10.216353539508916
5.44,2.9556701264129033,-5.8478664741890585,32.560392139128396,10.216353539508916
5.445,2.5164156794737504,-5.834574557775821,32.03991309137516,10.216353539508916
5.45,2.0988166697122965,-5.805015053246511,31.539494710153036,10.216353539508916
5.455,1.7033989797918254,-5.761422117476867,31.057449171302036,10.216353539508916
5.46,1.3299238013112746,-5.707127132320065,30.59409686607387,10.216353539508916
5.465,0.9770676645287425,-5.644483047137861,30.147666339967714,10.216353539508916
5.47,0.6459743300847784,-5.578216603355949,29.718529930908453,10.216353539508916
5.4750000000000005,0.3357330484353208,-5.504224164310512,29.304485167778196,10.216353539508916
5.48,0.04391757138376717,-5.428370588094393,28.90351624594881,10.216353539508916
5.485,-0.22851657040099332,-5.35096262820971,28.51600334621432,10.216353539508916
5.49,-0.4841795307635779,-5.272646988226345,28.141598099602696,10.216353539508916
5.495,-0.722319158129544,-5.194408919638978,27.779091461743647,10.216353539508916
5.5,-0.9457527326573822,-5.1186893458389475,27.42684203348834,10.216353539508916
5.505,-1.1543327171658682,-5.0440391861463665,27.085350559959878,10.216353539508916
5.51,-1.3485375121593337,-4.973230061642834,26.752276241699864,10.216353539508916
5.515,-1.5300224002689493,-4.9052799005241186,26.428745552466687,10.216353539508916
5.5200000000000005,-1.6982591084054828,-4.841993288453525,26.11435123256887,10.216353539508916
5.525,-1.8552795846965502,-4.783000473717499,25.80711418521136,10.216353539508916
5.53,-2.0008601037391203,-4.72844402303294,25.50733505192469,10.216353539508916
5.535,-2.135841391917605,-4.677786457955534,25.21523033380697,10.216353539508916
5.54,-2.2632203948690517,-4.6328294058624655,24.92747208817817,10.216353539508916
5.545,-2.3815642303874576,-4.5937379143251045,24.646994525150184,10.216353539508916
5.55,-2.491565477706432,-4.558543289627959,24.373038300840182,10.216353539508916
5.555,-2.595438741566839,-4.528765555403235,24.104811971313264,10.216353539508916
5.5600000000000005,-2.691822455849891,-4.505085799661029,23.841540089551238,10.216353539508916
5.565,-2.7822903415143347,-4.487362010840935,23.584113667574684,10.216353539508916
5.57,-2.8669146215540953,-4.47449140510461,23.33217655499841,10.216353539508916
5.575,-2.9468402845180544,-4.467961334392923,23.08426538294568,10.216353539508916
5.58,-3.0235337962427975,-4.465837097353553,22.842635768146017,10.216353539508916
5.585,-3.0968869241642136,-4.471266362919183,22.605962998509074,10.216353539508916
5.59,-3.165433313849296,-4.482825693735231,22.373625084534506,10.216353539508916
5.595,-3.231204849868308,-4.4993181629262615,22.14587268871683,10.216353539508916
5.6000000000000005,-3.293677153201005,-4.519645843891687,21.92226822293338,10.216353539508916
5.605,-3.3563393467938005,-4.5460154034065,21.703581102978482,10.216353539508916
5.61,-3.416477407206335,-4.578754444159731,21.489230408948607,10.216353539508916
5.615,-3.4738899267871495,-4.615171263303419,21.281037092349067,10.216353539508916
5.62,-3.5304211904547182,-4.657505809021359,21.076440140860143,10.216353539508916
5.625,-3.5859023900793434,-4.706271661904841,20.878066446803402,10.216353539508916
5.63,-3.642207785919098,-4.7604823972791115,20.68285413164301,10.216353539508916
5.635,-3.6990839107124853,-4.818744426095162,20.493235623861413,10.216353539508916
5.64,-3.7542790602084968,-4.882313955603992,20.308980354345454,10.216353539508916
5.6450000000000005,-3.8105733204419745,-4.9514036122571365,20.12953975880215,10.216353539508916
5.65,-3.867347617999568,-5.026611550091321,19.954901547608177,10.216353539508916
5.655,-3.9265216263511444,-5.106100631871558,19.785625407355244,10.216353539508916
5.66,-3.985597881466826,-5.192124231161255,19.6219865406508,10.216353539508916
5.665,-4.045522393291671,-5.280490207574697,19.46302624768393,10.216353539508916
5.67,-4.106006359946537,-5.375747084323052,19.30958294530181,10.216353539508916
5.675,-4.170247436445682,-5.475972471882278,19.16205184907541,10.216353539508916
5.68,-4.235231210526097,-5.58265391281912,19.02075215120967,10.216353539508916
5.6850000000000005,-4.3015850692462525,-5.6928535618208835,18.884700562576285,10.216353539508916
5.69,-4.371098576005356,-5.809131398051168,18.755334087864153,10.216353539508916
5.695,-4.442177191514514,-5.9318949193616595,18.63061621531747,10.216353539508916
5.7,-4.516969542006939,-6.058501203804345,18.514501350566203,10.216353539508916
5.705,-4.594562816875098,-6.192316749043114,18.403561958823936,10.216353539508916
5.71,-4.676224152312358,-6.329466209765034,18.300929239938842,10.216353539508916
5.715,-4.759802861709121,-6.474576385790767,18.205550764003807,10.216353539508916
5.72,-4.845826819800111,-6.625132982512646,18.117075564918032,10.216353539508916
5.7250000000000005,-4.934498213518332,-6.781456069395526,18.036375720508705,10.216353539508916
5.73,-5.027196995241186,-6.942377024788804,17.963318691544206,10.216353539508916
5.735,-5.124256598672931,-7.108109485702027,17.898301568040104,10.216353539508916
5.74,-5.224384228385159,-7.279782866711632,17.841835133598384,10.216353539508916
5.745,-5.327117861904796,-7.458162567470444,17.794863805734472,10.216353539508916
5.75,-5.433874519141276,-7.641667935242551,17.755641662482788,10.216353539508916
5.755,-5.544176715408619,-7.831217450347118,17.72670727276471,10.216353539508916
5.76,-5.658206782603798,-8.025750288502943,17.707405459636863,10.216353539508916
5.765,-5.775404955969136,-8.2260587206392,17.699255591825946,10.216353539508916
5.7700000000000005,-5.898438763562789,-8.431541843173935,17.70028875737747,10.216353539508916
5.775,-6.025322124692122,-8.643064204036667,17.713425542439968,10.216353539508916
5.78,-6.156011447739615,-8.859396902398654,17.73817451519946,10.216353539508916
5.785,-6.290604126991538,-9.079088150196942,17.77411078166303,10.216353539508916
5.79,-6.430495490779426,-9.305436709740643,17.821644347592105,10.216353539508916
5.795,-6.574580832875391,-9.53498945626158,17.882804603631147,10.216353539508916
5.8,-6.72223773705968,-9.769002706849038,17.958926971939494,10.216353539508916
5.805,-6.873378207145033,-10.005111519123238,18.047458485546915,10.216353539508916
5.8100000000000005,-7.030963440265619,-10.246782506674355,18.14994239731216,10.216353539508916
5.815,-7.19223584376826,-10.490774690141203,18.267701921155773,10.216353539508916
5.82,-7.358476552138589,-10.736335449084951,18.40121395124812,10.216353539508916
5.825,-7.527127218330423,-10.983329487577599,18.549667519670933,10.216353539508916
5.83,-7.699922568618922,-11.232067589822627,18.71573674426025,10.216353539508916
5.835,-7.876434406847692,-11.481024008009435,18.897820817663998,10.216353539508916
5.84,-8.056789723312281,-11.730098390245875,19.098130801456296,10.216353539508916
5.845,-8.239638423725554,-11.979544519956674,19.316594628794977,10.216353539508916
5.8500000000000005,-8.42550922114214,-12.225531342361705,19.55203502207938,10.216353539508916
5.855,-8.614945579094806,-12.46742820149507,19.806111058518887,10.216353539508916
5.86,-8.80738118838737,-12.706221125412277,20.0802327544338,10.216353539508916
5.865,-9.002035476463536,-12.939590463349106,20.372302379196796,10.216353539508916
5.87,-9.199019844517027,-13.167020028393164,20.68323277364583,10.216353539508916
5.875,-9.398555901296083,-13.388246935066036,21.014256514271448,10.216353539508916
5.88,-9.598248438225436,-13.599218016996538,21.362622770264366,10.216353539508916
5.885,-9.79849517351281,-13.798815171346465,21.73112342930638,10.216353539508916
5.89,-9.997757034510904,-13.986122988368956,22.118092403386417,10.216353539508916
5.8950000000000005,-10.19784426287474,-14.158668029390912,22.523014753811303,10.216353539508916
5.9,-10.395347281587027,-14.315904351977895,22.945052322829916,10.216353539508916
5.905,-10.591715771688955,-14.456142983850658,23.3845506845623,10.216353539508916
5.91,-10.785205814049755,-14.576983329195876,23.839119061779325,10.216353539508916
5.915,-10.974648218656602,-14.676523098561333,24.308410296555433,10.216353539508916
5.92,-11.159674342531332,-14.755224535782212,24.788804938599913,10.216353539508916
5.925,-11.338539726733774,-14.810197343147482,25.2819897037486,10.216353539508916
5.93,-11.510973158143619,-14.839715492821197,25.78419821892386,10.216353539508916
5.9350000000000005,-11.677357905483978,-14.843114971249967,26.294249026143415,10.216353539508916
5.94,-11.835957646450275,-14.816817098572699,26.80931726440681,10.216353539508916
5.945,-11.984197310941221,-14.762064061748037,27.32918289248885,10.216353539508916
5.95,-12.123717346846224,-14.677523393277028,27.849497653033,10.216353539508916
5.955,-12.249767036746785,-14.56316390971387,28.3673761987559,10.216353539508916
5.96,-12.365471640178578,-14.416698634982257,28.879708341646165,10.216353539508916
5.965,-12.46806057705461,-14.237588873163311,29.38533206749494,10.216353539508916
5.97,-12.556932185694622,-14.028826438757774,29.881655116457836,10.216353539508916
5.9750000000000005,-12.63026607665458,-13.789090573764746,30.364144843258956,10.216353539508916
5.98,-12.68789280681382,-13.520100288506548,30.83037677894069,10.216353539508916
5.985,-12.729370399753947,-13.222270640672559,31.27809015647271,10.216353539508916
5.99,-12.756255877998983,-12.896490147680128,31.70316095379959,10.216353539508916
5.995,-12.762935441308537,-12.543579661940644,32.1031761766836,10.216353539508916
6.0,-12.752037672521238,-12.168505073050463,32.47598830284749,10.216353539508916
6.005,-12.723298190094065,-11.770515152229747,32.81817903695924,10.216353539508916
6.01,-12.675964166929953,-11.35354899680481,33.127847919378176,10.216353539508916
6.015000000000001,-12.611113613354581,-10.92106189091059,33.406700382642754,10.216353539508916
6.0200000000000005,-12.52618304131359,-10.47478285887772,33.64996532578375,10.216353539508916
6.025,-12.4237397998818,-10.018450343906718,33.85722650991381,10.216353539508916
6.03,-12.303714836354406,-9.55278755220095,34.027680820505026,10.216353539508916
6.035,-12.165434230193348,-9.083558628615492,34.162186750597186,10.216353539508916
6.04,-12.009933292725284,-8.613240600569638,34.259790201173544,10.216353539508916
6.045,-11.839480334194244,-8.14350360624465,34.32073784630091,10.216353539508916
6.05,-11.6543735114767,-7.676835980374174,34.34612570076193,10.216353539508916
6.055,-11.455535063588506,-7.216509773047381,34.336791592388174,10.216353539508916
6.0600000000000005,-11.243481250517927,-6.765001993875244,34.29355232324418,10.216353539508916
6.065,-11.019265307406554,-6.326983215914693,34.21549770786271,10.216353539508916
6.07,-10.78434374835864,-5.901968355897377,34.10805586939231,10.216353539508916
6.075,-10.540577914484267,-5.491356258555238,33.97154744581219,10.216353539508916
6.08,-10.287881769752335,-5.098909219462788,33.80877788153702,10.216353539508916
6.085,-10.02831619400709,-4.723554670761964,33.61939688877919,10.216353539508916
6.09,-9.762954581360793,-4.367087300089182,33.4078795078249,10.216353539508916
6.095,-9.492498539393441,-4.029691369095566,33.17516636203977,10.216353539508916
6.1000000000000005,-9.219636570110682,-3.7127535825779274,32.9226777066901,10.216353539508916
6.105,-8.943764395386477,-3.4155009977545894,32.65574189326998,10.216353539508916
6.11,-8.668356540116685,-3.1393685790118484,32.3741023624446,10.216353539508916
6.115,-8.392972534599851,-2.8833465481952594,32.07769096115736,10.216353539508916
6.12,-8.118639425772914,-2.6470610797041836,31.769785682519643,10.216353539508916
6.125,-7.845155314352375,-2.428495240193401,31.452426067203437,10.216353539508916
6.13,-7.574767106228178,-2.230280249258096,31.12906368506316,10.216353539508916
6.135,-7.306641619679285,-2.0486333371631953,30.796284230043465,10.216353539508916
6.140000000000001,-7.043221067185948,-1.8851592007154996,30.459814464126957,10.216353539508916
6.1450000000000005,-6.7851656605002,-1.738012747187,30.11917837864696,10.216353539508916
6.15,-6.532644190344702,-1.6064858864126403,29.776672147982033,10.216353539508916
6.155,-6.285650326695899,-1.4892931090386776,29.430921300753266,10.216353539508916
6.16,-6.045791073369129,-1.3851608174921106,29.08563909314561,10.216353539508916
6.165,-5.812430315102017,-1.2942378682837115,28.740086736158265,10.216353539508916
6.17,-5.586331505447871,-1.2171299866751255,28.395506085082825,10.216353539508916
6.175,-5.367793335028661,-1.1485541185344026,28.050819713094103,10.216353539508916
6.18,-5.157459508813887,-1.089098810542113,27.707905379896918,10.216353539508916
6.1850000000000005,-4.955289911434936,-1.038938282310161,27.365940877506443,10.216353539508916
6.19,-4.757968655643833,-0.9971981355015704,27.027582393475377,10.216353539508916
6.195,-4.570293906255522,-0.964304716273358,26.69101672900654,10.216353539508916
6.2,-4.389473452808416,-0.9391364140920804,26.356326931374763,10.216353539508916
6.205,-4.217707795568218,-0.9197371113870735,26.02475592316477,10.216353539508916
6.21,-4.051928716902914,-0.9049331377520964,25.698569767116407,10.216353539508916
6.215,-3.8937155762971942,-0.8968365495519567,25.373734072804233,10.216353539508916
6.22,-3.7431648726588294,-0.8917095711651715,25.052527724958615,10.216353539508916
6.2250000000000005,-3.600362126886604,-0.8917586669033233,24.734589013373814,10.216353539508916
6.23,-3.464316417765651,-0.8949427142998165,24.420294269578715,10.216353539508916
6.235,-3.3354420215425042,-0.9015801897432212,24.109939549056488,10.216353539508916
6.24,-3.2137380547668455,-0.9120343669506109,23.802649578309634,10.216353539508916
6.245,-3.098202627032918,-0.9242995063746705,23.500195055092746,10.216353539508916
6.25,-2.9892560793024643,-0.9376984574016549,23.200456865274568,10.216353539508916
6.255,-2.885955526053665,-0.9543645849559566,22.904843771762838,10.216353539508916
6.26,-2.788544508371785,-0.9721478034270046,22.614091818809566,10.216353539508916
6.265000000000001,-2.6981488861066154,-0.990172370251449,22.32591644983836,10.216353539508916
6.2700000000000005,-2.6135084091484826,-1.011248387783926,22.04204428702898,10.216353539508916
6.275,-2.5345651009493575,-1.0322543218893012,21.76124509155746,10.216353539508916
6.28,-2.459998263478949,-1.0553780272263016,21.48225086976118,10.216353539508916
6.285,-2.390253069227552,-1.079666809059858,21.208312251331666,10.216353539508916
6.29,-2.3240329772691397,-1.103268652745536,20.93886789098929,10.216353539508916
6.295,-2.2620558444499754,-1.1287489419952283,20.673121683903876,10.216353539508916
6.3,-2.2053724829772263,-1.154885209934311,20.409704309247893,10.216353539508916
6.305,-2.151710745052761,-1.1818659513132441,20.15153172966881,10.216353539508916
6.3100000000000005,-2.1031467961091037,-1.2087450127767005,19.895359529661953,10.216353539508916
6.315,-2.057404577437182,-1.2364705428301825,19.641850672224344,10.216353539508916
6.32,-2.015927674146019,-1.2642176570886516,19.391987442959024,10.216353539508916
6.325,-1.9782152703794307,-1.2933940784724576,19.147086462434256,10.216353539508916
6.33,-1.9445331624393642,-1.3235448889029346,18.904428429889798,10.216353539508916
6.335,-1.9134354224339891,-1.3540608500630802,18.665673274659348,10.216353539508916
6.34,-1.8858016959615205,-1.3846258338180966,18.43045642880585,10.216353539508916
6.345,-1.8601279697187105,-1.4179345905496747,18.198250160016457,10.216353539508916
6.3500000000000005,-1.8385915955438925,-1.450254096098375,17.969538077560234,10.216353539508916
6.355,-1.8193445959440329,-1.4835823437882771,17.74334688613016,10.216353539508916
6.36,-1.8038218806122661,-1.5190156552958403,17.52091346009393,10.216353539508916
6.365,-1.789201856374044,-1.5544586776451823,17.30158080813665,10.216353539508916
6.37,-1.777420779014747,-1.5922012082158419,17.085157889974475,10.216353539508916
6.375,-1.7691845084987197,-1.6310155479355688,16.871181445689963,10.216353539508916
6.38,-1.7628902354902705,-1.670084596317268,16.661084196203053,10.216353539508916
6.385,-1.7595574265220497,-1.7099263525411332,16.45320306301993,10.216353539508916
6.390000000000001,-1.7569288685073052,-1.751977961335252,16.249546276824372,10.216353539508916
6.3950000000000005,-1.757096506418029,-1.7955053412803934,16.04744149642044,10.216353539508916
6.4,-1.7572826114311424,-1.8410291187447416,15.849527537326637,10.216353539508916
6.405,-1.7606252586833426,-1.8882118700605584,15.654768760056609,10.216353539508916
6.41,-1.7674100778527109,-1.9369781212833774,15.462375498698357,10.216353539508916
6.415,-1.7761694447027159,-1.986138068213577,15.273457320716883,10.216353539508916
6.42,-1.786379540424615,-2.03785636031493,15.087856923614577,10.216353539508916
6.425,-1.7982733343238255,-2.0922415449971967,14.904289365791922,10.216353539508916
6.43,-1.81292962446064,-2.1486024528450174,14.72388199138706,10.216353539508916
6.4350000000000005,-1.8290759638913143,-2.2077657230749694,14.545929718857408,10.216353539508916
6.44,-1.8478202335287959,-2.269732414817092,14.373634783437737,10.216353539508916
6.445,-1.8689788305335981,-2.3332309107994154,14.202603347077353,10.216353539508916
6.45,-1.8927007754612173,-2.3993479278957195,14.035330644935911,10.216353539508916
6.455,-1.9176282704208165,-2.467266674597905,13.871915827686497,10.216353539508916
6.46,-1.9451567488298902,-2.53970567520856,13.710245518145662,10.216353539508916
6.465,-1.9742137960939654,-2.615590004335006,13.551768783847155,10.216353539508916
6.47,-2.006288170916341,-2.692973966292127,13.397336290436122,10.216353539508916
6.4750000000000005,-2.0402476509343312,-2.7741104903772777,13.245538937362458,10.216353539508916
6.48,-2.0760800903812116,-2.8604174250119403,13.09719625264582,10.216353539508916
6.485,-2.116043860087549,-2.9491423930031293,12.952470507715153,10.216353539508916
6.49,-2.1578163380345283,-3.042506524480492,12.810574554611062,10.216353539508916
6.495,-2.2020211093509023,-3.1398174433419364,12.672441886055836,10.216353539508916
6.5,-2.249881381658566,-3.241357039479638,12.53783992160842,10.216353539508916
6.505,-2.299250444149718,-3.348869298972865,12.40849111756477,10.216353539508916
6.51,-2.3526128174743954,-3.459977586592504,12.282356437864811,10.216353539508916
6.515000000000001,-2.4071481558610173,-3.5761475774251323,12.158901297810477,10.216353539508916
6.5200000000000005,-2.464705704730352,-3.699211967623558,12.039955885997438,10.216353539508916
6.525,-2.5254012330056472,-3.825946398427914,11.92517686139832,10.216353539508916
6.53,-2.59107979488309,-3.9585601290768366,11.813405875763522,10.216353539508916
6.535,-2.660220000995428,-4.097291443933417,11.706795806679331,10.216353539508916
6.54,-2.7330025127883504,-4.241237389832653,11.604191715196853,10.216353539508916
6.545,-2.809103580640569,-4.392692034710671,11.507498709026107,10.216353539508916
6.55,-2.8893874541238915,-4.55075630695201,11.416040591146242,10.216353539508916
6.555,-2.971787191534885,-4.716873104775689,11.33015016802049,10.216353539508916
6.5600000000000005,-3.0587188028797274,-4.8897668686974,11.24839407537526,10.216353539508916
6.565,-3.1508697859400923,-5.0691374803113955,11.172323895534833,10.216353539508916
6.57,-3.246391880251423,-5.257306118298092,11.101881544070368,10.216353539508916
6.575,-3.3474378140298784,-5.45336007568275,11.03984713470033,10.216353539508916
6.58,-3.4543432364747098,-5.658244095983204,10.984290312449547,10.216353539508916
6.585,-3.565312916335871,-5.873713643459382,10.935124125707647,10.216353539508916
6.59,-3.679656360860898,-6.097610491188608,10.894034964122644,10.216353539508916
6.595,-3.800732787987187,-6.329302750283089,10.860464788658065,10.216353539508916
6.6000000000000005,-3.926690958571829,-6.571812882723606,10.835639349250638,10.216353539508916
6.605,-4.059207424329971,-6.8241601455649645,10.819696845915274,10.216353539508916
6.61,-4.19865312905127,-7.087284254330471,10.813406374904549,10.216353539508916
6.615,-4.344033532409198,-7.362702758909853,10.817845138268021,10.216353539508916
6.62,-4.495170513105459,-7.648412113382017,10.834042523625548,10.216353539508916
6.625,-4.65516631031136,-7.944649867003785,10.861191642086672,10.216353539508916
6.63,-4.819846436664433,-8.252735376554615,10.900300045153118,10.216353539508916
6.635,-4.991458829748969,-8.572607407850404,10.95315812643375,10.216353539508916
6.640000000000001,-5.170856141996096,-8.903601310637498,11.020899183203483,10.216353539508916
6.6450000000000005,-5.3568963809802925,-9.24653728730459,11.10369014200677,10.216353539508916
6.65,-5.551399300909237,-9.601917503209807,11.203399632495012,10.216353539508916
6.655,-5.753329145179432,-9.969540771672916,11.321241111137283,10.216353539508916
6.66,-5.9635866863343425,-10.34766754633306,11.456421305967911,10.216353539508916
6.665,-6.181597894742171,-10.739019611253614,11.611456954121094,10.216353539508916
6.67,-6.410058773012457,-11.141356208619566,11.788314889844788,10.216353539508916
6.675,-6.645764478928059,-11.553969390144193,11.987956217714501,10.216353539508916
6.68,-6.8912248943326295,-11.976432232989662,12.211781052271197,10.216353539508916
6.6850000000000005,-7.145425875270122,-12.41017405916577,12.462046113726384,10.216353539508916
6.69,-7.408943184312141,-12.852918695586165,12.739248500038922,10.216353539508916
6.695,-7.680528726684284,-13.303640522215405,13.045816362057616,10.216353539508916
6.7,-7.9608084215938275,-13.761200736676384,13.38371303799266,10.216353539508916
6.705,-8.25169570945448,-14.222064354077828,13.75191909416524,10.216353539508916
6.71,-8.550835401040526,-14.688026400454888,14.155297848830989,10.216353539508916
6.715,-8.858317975514769,-15.155099093263212,14.594948762052207,10.216353539508916
6.72,-9.173340294154468,-15.621374468204767,15.071100185510323,10.216353539508916
6.7250000000000005,-9.495925098944396,-16.084663733558234,15.585599322836936,10.216353539508916
6.73,-9.825913685655209,-16.543574502362432,16.141171686483382,10.216353539508916
6.735,-10.16190052517005,-16.991694461100245,16.739875760380276,10.216353539508916
6.74,-10.503518160617846,-17.42873719597634,17.37919607292963,10.216353539508916
6.745,-10.848464642353068,-17.848576454416126,18.062892141312048,10.216353539508916
6.75,-11.200659118762331,-18.24646497061697,18.791311032033093,10.216353539508916
6.755,-11.55183490160488,-18.61958525333469,19.56206776842581,10.216353539508916
6.76,-11.905714314889545,-18.96181188474943,20.376499424022768,10.216353539508916
6.765000000000001,-12.257814224241164,-19.26948773289931,21.231870462183085,10.216353539508916
6.7700000000000005,-12.608155376473801,-19.53644752305442,22.12884878842931,10.216353539508916
6.775,-12.956695725861966,-19.757229043962706,23.06473833887945,10.216353539508916
6.78,-13.297343331282793,-19.927182629171504,24.03777720032264,10.216353539508916
6.785,-13.629667386655354,-20.03990075442893,25.04163336439104,10.216353539508916
6.79,-13.948796105172876,-20.08955515391307,26.073123841779598,10.216353539508916
6.795,-14.255352539598686,-20.07246927328453,27.127375135719422,10.216353539508916
6.8,-14.545987271380568,-19.98447763955678,28.1958988556009,10.216353539508916
6.805,-14.817714584577088,-19.819095108029195,29.27239273955057,10.216353539508916
6.8100000000000005,-15.067789835861559,-19.575085239684356,30.350368528337597,10.216353539508916
6.815,-15.29383641296501,-19.24967778771638,31.420832766993414,10.216353539508916
6.82,-15.490340720412506,-18.839954189383203,32.474255645500584,10.216353539508916
6.825,-15.658668580264269,-18.348588497458916,33.500616339112284,10.216353539508916
6.83,-15.792940048167326,-17.775357289191074,34.48951899965311,10.216353539508916
6.835,-15.892465883657035,-17.123457535036316,35.43238289089022,10.216353539508916
6.84,-15.953184788615657,-16.396133116037625,36.31992795008944,10.216353539508916
6.845,-15.975170535973962,-15.599240214978085,37.14228948239508,10.216353539508916
6.8500000000000005,-15.95565299415156,-14.740020540882723,37.89250566410473,10.216353539508916
6.855,-15.894106688960859,-13.825900893390052,38.56250601590791,10.216353539508916
6.86,-15.789998389517661,-12.866376549856364,39.14669647540675,10.216353539508916
6.865,-15.644130748092138,-11.871469907876012,39.64083907521684,10.216353539508916
6.87,-15.455567384458208,-10.85182290011109,40.04123658060167,10.216353539508916
6.875,-15.22530496225531,-9.815783995083622,40.346003548791245,10.216353539508916
6.88,-14.95497986577852,-8.775236486872432,40.555529051981836,10.216353539508916
6.885,-14.645619164869602,-7.741928625494355,40.67048370351473,10.216353539508916
6.890000000000001,-14.299775578951357,-6.724921727470892,40.695531068603714,10.216353539508916
6.8950000000000005,-13.92109359997186,-5.732182824455414,40.63453116655788,10.216353539508916
6.9,-13.512725624355632,-4.772662582850274,40.49216633718848,10.216353539508916
6.905,-13.075344097448717,-3.854178758802119,40.27476992405008,10.216353539508916
6.91,-12.613724695130527,-2.980342780471962,39.98976305407833,10.216353539508916
6.915,-12.130715789078613,-2.1570798870453363,39.64486875848238,10.216353539508916
6.92,-11.63179372679218,-1.388786931274784,39.24711870141263,10.216353539508916
6.925,-11.11976311027119,-0.6765563404770214,38.80535606038944,10.216353539508916
6.93,-10.597513357896835,-0.021872021415538456,38.325635189699504,10.216353539508916
6.9350000000000005,-10.06892823569608,0.5760546564772654,37.81502044768294,10.216353539508916
6.94,-9.537320058105708,1.1185260791853588,37.28220589928662,10.216353539508916
6.945,-9.004124176186068,1.6060701749153685,36.73087966563456,10.216353539508916
6.95,-8.471530300347176,2.041536808597647,36.16865936347307,10.216353539508916
6.955,-7.946176433596177,2.4291061417980337,35.59937122101451,10.216353539508916
6.96,-7.427494835128044,2.7706231129001857,35.028506431967685,10.216353539508916
6.965,-6.916759445023542,3.068430231333751,34.458472572597586,10.216353539508916
6.97,-6.417343501805943,3.3275918170496124,33.89275396157554,10.216353539508916
6.9750000000000005,-5.929966583904679,3.5499736353654026,33.3343407488714,10.216353539508916
6.98,-5.457180662186809,3.7406755511460608,32.784922450954646,10.216353539508916
6.985,-4.997245171984255,3.904054311118411,32.24571209259696,10.216353539508916
6.99,-4.551801646238632,4.042565219609434,31.718711129657272,10.216353539508916
6.995,-4.1228355622158155,4.158639755212032,31.20455977485724,10.216353539508916
7.0,-3.7093237981443186,4.255600762106283,30.70302145920451,10.216353539508916
7.005,-3.3119805698337945,4.335323309051518,30.215103604420392,10.216353539508916
7.01,-2.9298809022989665,4.400724281817616,29.73935373320916,10.216353539508916
7.015000000000001,-2.564357964653371,4.455947365610355,29.277935439597066,10.216353539508916
7.0200000000000005,-2.213470188231506,4.501286320776147,28.83015388760561,10.216353539508916
7.025,-1.8778987291834803,4.538435861844891,28.395581601467505,10.216353539508916
7.03,-1.5573082934273264,4.570135019742363,27.97434844531228,32.519764676239014
7.035,-1.2503386272977497,4.710089359629341,27.564918767109575,32.519764676239014
7.04,-0.952200467173725,4.846187127203209,27.167081679406127,32.519764676239014
7.045,-0.6620957444933655,4.980367117686007,26.78243185231034,32.519764676239014
7.05,-0.3800605615386855,5.113174479369903,26.409985426223233,32.519764676239014
7.055,-0.10399429962271273,5.246727954516857,26.046747720946858,32.519764676239014
7.0600000000000005,0.16360358785393203,5.381614152857014,25.696354739961063,32.519764676239014
7.065,0.425723465292875,5.519188428575699,25.358895407041114,32.519764676239014
7.07,0.6818303551907534,5.660079986438416,25.032338295232087,32.519764676239014
7.075,0.9315893109998852,5.804916850998596,24.717678853437466,32.519764676239014
7.08,1.1757252186068734,5.9540860689580555,24.415338275216588,32.519764676239014
7.085,1.4134768096208798,6.108208675451826,24.12413541449887,32.519764676239014
7.09,1.6478845813304732,6.266572061485214,23.844421459033523,32.519764676239014
7.095,1.878647278024804,6.431695426154505,23.577848800437724,32.519764676239014
7.1000000000000005,2.105540908072124,6.603652027305043,23.32417330150709,32.519764676239014
7.105,2.3301736964879156,6.781084075486541,23.083220009970503,32.519764676239014
7.11,2.553052902715078,6.9676690536460155,22.854988155984458,32.519764676239014
7.115,2.773490634879342,7.159562335028979,22.638683991130605,32.519764676239014
7.12,2.9929846242871987,7.361067860032604,22.435045999981053,32.519764676239014
7.125,3.211014332139098,7.569388722682188,22.246743512703866,32.519764676239014
7.13,3.429259671547641,7.785554723597427,22.071069661204803,32.519764676239014
7.135,3.6466392968811006,8.010933825622837,21.91052391421693,32.519764676239014
7.140000000000001,3.8665374530564462,8.244593475599546,21.765443567982405,32.519764676239014
7.1450000000000005,4.084979153239511,8.486584417312121,21.634550110628354,32.519764676239014
7.15,4.305098715904503,8.736466118219983,21.51968291145657,32.519764676239014
7.155,4.5270682741555905,8.995623739579525,21.419117176670387,32.519764676239014
7.16,4.750251185204168,9.261515080584173,21.33735710358192,32.519764676239014
7.165,4.977319486933071,9.535743703825116,21.272574940224455,32.519764676239014
7.17,5.205602760118839,9.817343396023505,21.22664442757926,32.519764676239014
7.175,5.436682337512942,10.107785411645658,21.199561029633735,32.519764676239014
7.18,5.669192686822465,10.404258666765225,21.191743749552806,32.519764676239014
7.1850000000000005,5.904927812730558,10.707735489628668,21.204737307696846,32.519764676239014
7.19,6.144684011174601,11.016548848411672,21.238030093982832,32.519764676239014
7.195,6.3885127354456355,11.331636648448198,21.29324569977038,32.519764676239014
7.2,6.636524297285789,11.650925447769374,21.371179162973323,32.519764676239014
7.205,6.886096011043035,11.974431064053796,21.471714140622453,32.519764676239014
7.21,7.141635897678008,12.301713368034871,21.595746511998424,32.519764676239014
7.215,7.400458788149788,12.632673328437598,21.747904453478174,32.519764676239014
7.22,7.66255406469574,12.963230551287394,21.92463313699651,32.519764676239014
7.2250000000000005,7.928304280013978,13.293956532935535,22.129772193542486,32.519764676239014
7.23,8.195411948255899,13.62289229915034,22.362247619652976,32.519764676239014
7.235,8.467019646846067,13.94885328362384,22.621002669213578,32.519764676239014
7.24,8.741078732570834,14.270903120324746,22.91098292523665,32.519764676239014
7.245,9.01742551810493,14.585139336792087,23.22879797996076,32.519764676239014
7.25,9.295083077314278,14.889122110660669,23.576136303243235,32.519764676239014
7.255,9.575534581866863,15.18313082561444,23.953620175776432,32.519764676239014
7.26,9.856090149378373,15.462883834813114,24.361238196705756,32.519764676239014
7.265000000000001,10.137476733732894,15.727633652228784,24.798922094780604,32.519764676239014
7.2700000000000005,10.419049066039213,15.973336293805842,25.26618717852559,32.519764676239014
7.275,10.69631255998907,16.19735438813675,25.7612148588993,32.519764676239014
7.28,10.971301953621756,16.3979248147683,26.283728245534316,32.519764676239014
7.285,11.242055442426043,16.573240468965217,26.832402271508084,32.519764676239014
7.29,11.508211881612096,16.718599898250734,27.405735704523654,32.519764676239014
7.295,11.769277531032245,16.830484108467417,28.001397932606885,32.519764676239014
7.3,12.022855534466943,16.909245944007452,28.617881480172386,32.519764676239014
7.305,12.266526040515075,16.95002117586339,29.252888174051655,32.519764676239014
7.3100000000000005,12.500967046840783,16.951965589437634,29.903020557969047,32.519764676239014
7.315,12.723178935862899,16.91083274936921,30.564153899712053,32.519764676239014
7.32,12.932040038002551,16.82589790107784,31.232626850701894,32.519764676239014
7.325,13.126749780834034,16.694490871196088,31.903534933205133,32.519764676239014
7.33,13.30444930701338,16.516980162001207,32.574300444880656,32.519764676239014
7.335,13.464959427089134,16.292425883651713,33.23871866084672,32.519764676239014
7.34,13.606163751551476,16.021337137087887,33.89321842922778,32.519764676239014
7.345,13.727104187687315,15.702898951451617,34.531853073457455,32.519764676239014
7.3500000000000005,13.826311092663458,15.339018167002436,35.1488726113706,32.519764676239014
7.355,13.902714134531138,14.931194369037524,35.741019726424234,32.519764676239014
7.36,13.953420846373,14.479560012192891,36.303126863391896,32.519764676239014
7.365,13.979635616610693,13.991109250890895,36.82830539221147,32.519764676239014
7.37,13.981266942044185,13.466982576181804,37.31503639011916,32.519764676239014
7.375,13.956093475437422,12.911501696263697,37.75938641168456,32.519764676239014
7.38,13.904329806413115,12.329096218156133,38.15694627838304,32.519764676239014
7.385,13.825649332287634,11.724440377624644,38.505193827684245,32.519764676239014
7.390000000000001,13.720957194763416,11.102779372410584,38.80216311553271,32.519764676239014
7.3950000000000005,13.590980331976505,10.46920175077856,39.04813815342196,32.519764676239014
7.4,13.433508437309577,9.828702660159472,39.23911280620094,32.519764676239014
7.405,13.253782424006044,9.187123308992629,39.37607989968289,32.519764676239014
7.41,13.050029863623635,8.549029364321443,39.460771292406385,32.519764676239014
7.415,12.824858181262915,7.920774301353621,39.49329601821426,32.519764676239014
7.42,12.579540285319592,7.306787740473242,39.473512272119386,32.519764676239014
7.425,12.3167418997133,6.710875645496842,39.407614888346764,32.519764676239014
7.43,12.03654077123445,6.1371257653204925,39.29381164138811,32.519764676239014
7.4350000000000005,11.742806310415496,5.5883598239857335,39.138639488577795,32.519764676239014
7.44,11.43548052066818,5.069449828249345,38.94390891388798,32.519764676239014
7.445,11.116328176946517,4.581051093990334,38.7145472330399,32.519764676239014
7.45,10.78946250234272,4.125793621756696,38.45269436887831,32.519764676239014
7.455,10.45612283578313,3.704324839553376,38.16303734681229,32.519764676239014
7.46,10.117178694268521,3.317038396361669,37.84819813128592,32.519764676239014
7.465,9.778096902906285,2.965389554114074,37.51180242206771,32.519764676239014
7.47,9.436337788052697,2.6479269332874122,37.155789616847336,32.519764676239014
7.4750000000000005,9.096072352779949,2.3650563852248716,36.78440086890835,32.519764676239014
7.48,8.759208245481048,2.1161951617893093,36.40081861297822,32.519764676239014
7.485,8.428049835563412,1.9010487818149804,36.008025303373046,32.519764676239014
7.49,8.101671269660258,1.7169208579701354,35.60783950354751,32.519764676239014
7.495,7.782208722496496,1.562749291454327,35.20236560497164,32.519764676239014
7.5,7.471892800470233,1.4366897253554394,34.794772642214134,32.519764676239014
7.505,7.170746331128554,1.3382589757165773,34.38367495425217,32.519764676239014
7.51,6.87967567896534,1.2658603870891296,33.97402904718303,32.519764676239014
7.515000000000001,6.598236393599643,1.2162868764503751,33.56450599714972,32.519764676239014
7.5200000000000005,6.329441716290856,1.1885336732422294,33.157050787938836,32.519764676239014
7.525,6.071458406963368,1.1825557563226619,32.75342938379727,32.519764676239014
7.53,5.828278751894317,1.1969276692728303,32.35202260168965,32.519764676239014
7.535,5.597066761591833,1.2268459371728002,31.956067228288557,32.519764676239014
7.54,5.378667110783135,1.2730613463145244,31.56403119604983,32.519764676239014
7.545,5.174013585243413,1.3337062118253253,31.17741257609866,32.519764676239014
7.55,4.982290204786488,1.4063805395906233,30.795688065864333,32.519764676239014
7.555,4.804234997307744,1.4923485290804681,30.4214462537732,32.519764676239014
7.5600000000000005,4.638141414561437,1.5903082637380184,30.051863715629285,32.519764676239014
7.565,4.486588425212536,1.6971064963020837,29.68739809976362,32.519764676239014
7.57,4.346568430689829,1.813136549256321,29.329935788279975,32.519764676239014
7.575,4.219240025725032,1.9372053727577534,28.977944391042147,32.519764676239014
7.58,4.105899850516751,2.0689748372313437,28.632331423937615,32.519764676239014
7.585,4.005157788037844,2.2089504997821683,28.293376234286782,32.519764676239014
7.59,3.9152338627518097,2.3545367219858537,27.959644267015396,32.519764676239014
7.595,3.836511586720808,2.5054627340619327,27.632589685530572,32.519764676239014
7.6000000000000005,3.770465730197099,2.663215414011085,27.311592859622596,32.519764676239014
7.605,3.7142854423945493,2.8247612904151267,26.997081217541634,32.519764676239014
7.61,3.66936876481999,2.9919568939714143,26.690023954448563,32.519764676239014
7.615,3.6364562765648554,3.164507401788242,26.38787066393856,32.519764676239014
7.62,3.6138464201820666,3.340743124025231,26.094100448671,32.519764676239014
7.625,3.599925123892264,3.521613020956843,25.807448267860515,32.519764676239014
7.63,3.5957397579094623,3.7066821122125035,25.52663577405142,32.519764676239014
7.635,3.5997758488783984,3.8954624585598188,25.253523772736532,32.519764676239014
7.640000000000001,3.6135736028892915,4.086280584166302,24.987175095254386,32.519764676239014
7.6450000000000005,3.6376251110993882,4.282955292102314,24.72731491075738,32.519764676239014
7.65,3.669391933796972,4.484072876832884,24.475135676218034,32.519764676239014
7.655,3.7106407539186166,4.688871208719071,24.2319492630202,32.519764676239014
7.66,3.7593948560802173,4.897222517159921,23.99561384904414,32.519764676239014
7.665,3.814993361643382,5.110852729715713,23.76696981582625,32.519764676239014
7.67,3.8791583284669446,5.327549386993808,23.547537547822643,32.519764676239014
7.675,3.952172721770119,5.549293602887303,23.33714487108085,32.519764676239014
7.68,4.0324093289770655,5.774626428041438,23.1371299547933,32.519764676239014
7.6850000000000005,4.119393409656314,6.005597975580209,22.945080900672487,32.519764676239014
7.69,4.213308682589015,6.243377391876604,22.761800989457967,32.519764676239014
7.695,4.315088874944231,6.485244839198113,22.589505422016355,32.519764676239014
7.7,4.422996294646594,6.731433071360803,22.429006388937726,32.519764676239014
7.705,4.53803135113948,6.9845854431939784,22.27924657292361,32.519764676239014
7.71,4.660367517053028,7.243557503627343,22.140755051993036,32.519764676239014
7.715,4.790086985132994,7.505992841872985,22.014803118769528,32.519764676239014
7.72,4.925562759635736,7.773599371270517,21.901942897352985,32.519764676239014
7.7250000000000005,5.067926909176564,8.047557283092857,21.801050209897664,32.519764676239014
7.73,5.2161790513010295,8.326823777873404,21.713578170538874,32.519764676239014
7.735,5.370786451129068,8.612624383084349,21.640651430724777,32.519764676239014
7.74,5.532905590488377,8.90320070773409,21.583113924924568,32.519764676239014
7.745,5.7006064232661195,9.197355727352715,21.541985960104153,32.519764676239014
7.75,5.875915244016783,9.497631062598778,21.51664272615078,32.519764676239014
7.755,6.057523782843684,9.803456264393317,21.508872721910205,32.519764676239014
7.76,6.244867006514871,10.114041506255726,21.51918987587066,32.519764676239014
7.765000000000001,6.438587038002742,10.428727648287605,21.548163621269605,32.519764676239014
7.7700000000000005,6.638764893979368,10.74726934249818,21.595869843451766,32.519764676239014
7.775,6.845127032699794,11.068886254029668,21.664619911287975,32.519764676239014
7.78,7.055488289892296,11.393344446194291,21.754536891590618,32.519764676239014
7.785,7.27122584165876,11.718522882712115,21.866493304826104,32.519764676239014
7.79,7.494050641578608,12.046402639112683,22.00120202760542,32.519764676239014
7.795,7.720397576849136,12.371949245753962,22.159499447007057,32.519764676239014
7.8,7.95298536505083,12.697946306826722,22.34247680920971,32.519764676239014
7.805000000000001,8.19017399313111,13.022116396729478,22.5501294653988,32.519764676239014
7.8100000000000005,8.430525534946439,13.34217927050768,22.78252477427395,32.519764676239014
7.815,8.676290566484283,13.659019562023124,23.040227754103864,32.519764676239014
7.82,8.926209556118092,13.967968580423898,23.324771117201887,32.519764676239014
7.825,9.180333151897857,14.27003743728616,23.637361979011494,32.519764676239014
7.83,9.435309334871082,14.561195096727007,23.977098472758524,32.519764676239014
7.835,9.690261570991302,14.840845698886987,24.344384236570168,32.519764676239014
7.84,9.947328035892877,15.106942765599904,24.73911893945403,32.519764676239014
7.845,10.20526496159376,15.355446015494081,25.160355448503864,32.519764676239014
7.8500000000000005,10.462242908238544,15.586704012563867,25.607377616101672,32.519764676239014
7.855,10.7189010615359,15.795705319636033,26.080596696365113,32.519764676239014
7.86,10.973263334122528,15.98167933132008,26.579260038918456,32.519764676239014
7.865,11.22378044007225,16.141702060926047,27.10127169745267,32.519764676239014
7.87,11.469530153791494,16.27616144272653,27.64517860585225,32.519764676239014
7.875,11.708769540157707,16.376494364348563,28.209988502850535,32.519764676239014
7.88,11.942472290482026,16.444182237672702,28.79269771994278,32.519764676239014
7.885,12.166599788218878,16.475894366929456,29.389652335014517,32.519764676239014
7.890000000000001,12.382866429847562,16.471445995189548,29.999997714236585,32.519764676239014
7.8950000000000005,12.585808275563858,16.427088591125003,30.619946918292353,32.519764676239014
7.9,12.77797129890745,16.34197841321285,31.24509480143385,32.519764676239014
7.905,12.95555479085903,16.215275515630076,31.87250112282272,32.519764676239014
7.91,13.119602607816553,16.046160964652497,32.498825803128504,32.519764676239014
7.915,13.26734852189399,15.83347056115194,33.117636691101424,32.519764676239014
7.92,13.395539081147204,15.577265960918435,33.72614544215118,32.519764676239014
7.925,13.504521495690518,15.27901541390928,34.31792517282746,32.519764676239014
7.930000000000001,13.593840098484742,14.938736977122074,34.89237111931268,32.519764676239014
7.9350000000000005,13.661253812537232,14.558062705392036,35.44304395063579,32.519764676239014
7.94,13.706159122768128,14.139946728686988,35.96539446848575,32.519764676239014
7.945,13.727665028973574,13.68591841996981,36.4540643186314,32.519764676239014
7.95,13.725974582986053,13.19854329759694,36.907338523351235,32.519764676239014
7.955,13.698375541524374,12.684594181634955,37.32086983881069,32.519764676239014
7.96,13.64770355326831,12.144311539498068,37.69217867869729,32.519764676239014
7.965,13.572104848467998,11.584268032953554,38.018016300162365,32.519764676239014
7.97,13.473182679316292,11.010455547757644,38.29809543676117,32.519764676239014
7.9750000000000005,13.350181306264128,10.42373760913943,38.52888983287952,32.519764676239014
7.98,13.203289907485932,9.832528633437843,38.709862407110684,32.519764676239014
7.985,13.035262523230688,9.237584125233532,38.84185377276789,32.519764676239014
7.99,12.844364195860113,8.647200016229224,38.926259973866465,32.519764676239014
7.995,12.633952760362744,8.065858806963558,38.962057127324805,32.519764676239014
8.0,12.405155105508857,7.495672268630121,38.95057128577791,32.519764676239014
8.005,12.159594979408487,6.9421667710247315,38.896409235539835,32.519764676239014
8.01,11.900008426953967,6.407698508462786,38.800716362279196,32.519764676239014
8.015,11.625990291658379,5.895921966652287,38.66416832270593,32.519764676239014
8.02,11.339245631296777,5.408528673687539,38.492619245188685,32.519764676239014
8.025,11.041819973398725,4.949461486578235,38.28724211425201,32.519764676239014
8.03,10.738675247724556,4.5188980143625415,38.05028520698963,32.519764676239014
8.035,10.428857272055367,4.118694878455513,37.78604842548867,32.519764676239014
8.040000000000001,10.113130569965039,3.7494323380693335,37.49623934132126,32.519764676239014
8.045,9.795720374667598,3.413767657112383,37.186246351555944,32.519764676239014
8.05,9.474314392543883,3.1082335613788885,36.85668543454716,32.519764676239014
8.055,9.15607337303266,2.8352310247086576,36.511868611571614,32.519764676239014
8.06,8.839909304404602,2.593682022713979,36.15474089015241,32.519764676239014
8.065,8.527765362518968,2.382297150874887,35.787919048026076,32.519764676239014
8.07,8.21963419054197,2.2021034093712224,35.4130832507471,32.519764676239014
8.075,7.918355654511676,2.0493615670338476,35.032425779224276,32.519764676239014
8.08,7.62600577875115,1.9250255938611875,34.64594887128639,32.519764676239014
8.085,7.340628173889975,1.8237979944445981,34.258314194894204,32.519764676239014
8.09,7.064510380772475,1.747067175307903,33.86880886036818,32.519764676239014
8.095,6.798799563856321,1.69222211421433,33.47909526868034,32.519764676239014
8.1,6.543900054416496,1.6605481121212189,33.09058788727752,32.519764676239014
8.105,6.299995632346858,1.6479636986527313,32.704435017326,32.519764676239014
8.11,6.067747342065508,1.6530707138836225,32.320265190997034,32.519764676239014
8.115,5.846851630577893,1.6772289577244723,31.939041743970662,32.519764676239014
8.120000000000001,5.638369367050824,1.7165616514125548,31.561989758071526,32.519764676239014
8.125,5.441463427126863,1.770474546908589,31.18966550960512,32.519764676239014
8.13,5.258550451551565,1.837597972322639,30.82148537518301,32.519764676239014
8.135,5.088007353465009,1.9173164824645177,30.459101870330635,32.519764676239014
8.14,4.929652309698564,2.008065055351367,30.10121065214732,32.519764676239014
8.145,4.782857294344284,2.107976347109007,29.749246731157108,32.519764676239014
8.15,4.648754493624839,2.2183471589478403,29.403707523855886,32.519764676239014
8.155,4.526956832890964,2.336800174081917,29.06391192289977,32.519764676239014
8.16,4.417746264316577,2.463751425673829,28.728457594319035,32.519764676239014
8.165000000000001,4.320193050489393,2.5982222680688505,28.399586112701996,32.519764676239014
8.17,4.234175290545052,2.740013096287625,28.077345573521868,32.519764676239014
8.175,4.158794060918304,2.886626817146991,27.76103346607989,32.519764676239014
8.18,4.095400887615841,3.039984235744876,27.45084488606912,32.519764676239014
8.185,4.0423202089756725,3.1980257181036222,27.14760496766343,32.519764676239014
8.19,3.9998651521070605,3.361830692178938,26.85092051579293,32.519764676239014
8.195,3.9671160612729044,3.5302665184669233,26.560222956885994,32.519764676239014
8.2,3.9447681480622383,3.703638057050792,26.275784449437886,32.519764676239014
8.205,3.9325810354248043,3.8833617792058908,25.997791529059278,32.519764676239014
8.21,3.9295633089134165,4.066975553589666,25.72782247188138,32.519764676239014
8.215,3.9370373493122006,4.253492780807521,25.464383556463147,32.519764676239014
8.22,3.9533930680956937,4.444073244536102,25.20703451635069,32.519764676239014
8.225,3.9775720751179016,4.639740272379019,24.95858222437353,32.519764676239014
8.23,4.010588044661652,4.840140686162985,24.717114105454343,32.519764676239014
8.235,4.05189889672538,5.0452325605595245,24.48340586522431,32.519764676239014
8.24,4.101105258615016,5.253710316294003,24.2595069014864,32.519764676239014
8.245000000000001,4.160038569441404,5.466582730455645,24.042677375084214,32.519764676239014
8.25,4.225647151485883,5.685043689515117,23.835748350712834,32.519764676239014
8.255,4.297224629753609,5.908147010352969,23.63895369379778,32.519764676239014
8.26,4.378296812520171,6.135367121878187,23.4500822286429,32.519764676239014
8.265,4.466283468842175,6.367116724325813,23.270946420226036,32.519764676239014
8.27,4.560248954417744,6.603789550964274,23.102886805613238,32.519764676239014
8.275,4.662837930116201,6.8449498180706305,22.945520712999805,32.519764676239014
8.28,4.772613657076039,7.0912165706488,22.798714443542732,32.519764676239014
8.285,4.888738828540592,7.341473007793066,22.663778071528416,32.519764676239014
8.290000000000001,5.01176160734819,7.59778601586355,22.541763932001484,32.519764676239014
8.295,5.140685936861064,7.8605083803062294,22.431313022803202,32.519764676239014
8.3,5.27665098390012,8.125995546938606,22.33428250292184,32.519764676239014
8.305,5.419390681895339,8.397784131963526,22.250741720075098,32.519764676239014
8.31,5.5696156756451884,8.673013566145542,22.18021591311618,32.519764676239014
8.315,5.7253655261170255,8.954373104616703,22.125489696632787,32.519764676239014
8.32,5.886506176746175,9.238729255398741,22.087707947994517,32.519764676239014
8.325,6.053495403526505,9.529577920881033,22.065141563941918,32.519764676239014
8.33,6.227350294969293,9.824319027193098,22.061228776426717,32.519764676239014
8.335,6.406128952420907,10.12203650997493,22.0734309833706,32.519764676239014
8.34,6.591917520734717,10.424128402643866,22.10334164416757,32.519764676239014
8.345,6.783006014890185,10.728939285184143,22.152443875463423,32.519764676239014
8.35,6.9809198239293755,11.035493552020936,22.221766497337764,32.519764676239014
8.355,7.184443707888956,11.345765897837902,22.31129289520063,32.519764676239014
8.36,7.393001080380166,11.654849177077587,22.420885362635005,32.519764676239014
8.365,7.606065929211981,11.966176430487923,22.553918490251274,32.519764676239014
8.370000000000001,7.822224961864053,12.276026753580409,22.707605966926337,32.519764676239014
8.375,8.043875161873494,12.583325596142826,22.883530448665685,32.519764676239014
8.38,8.271335843955136,12.888243106252844,23.084464180766297,32.519764676239014
8.385,8.503681180525867,13.191255517066317,23.309338880735147,32.519764676239014
8.39,8.737928380393903,13.486902625064053,23.559248014451775,32.519764676239014
8.395,8.974262895134784,13.775409446872077,23.8335249887608,32.519764676239014
8.4,9.213477799598001,14.055554594654307,24.133196743611823,32.519764676239014
8.405,9.454691515939288,14.325953832690416,24.459330984199507,32.519764676239014
8.41,9.698639746836893,14.584473368797054,24.810226668992723,32.519764676239014
8.415000000000001,9.94255818096135,14.82826369602243,25.187923452985412,32.519764676239014
8.42,10.186869676243047,15.05737833384546,25.58841676019827,32.519764676239014
8.425,10.429650577527525,15.266714194170348,26.01408257877753,32.519764676239014
8.43,10.671784760949418,15.457328242182825,26.463542158202674,32.519764676239014
8.435,10.91022659767988,15.624794278141813,26.936090629282774,32.519764676239014
8.44,11.146303909897298,15.767684539975603,27.42986797231154,32.519764676239014
8.445,11.377651535314602,15.883931862876189,27.942597403965056,32.519764676239014
8.45,11.602490562493639,15.969584783514918,28.47320801670726,32.519764676239014
8.455,11.819941714845694,16.026696271878652,29.020648018303515,32.519764676239014
8.46,12.03027281686159,16.04851022132037,29.579782278203684,32.519764676239014
8.465,12.230208277893952,16.035272465093414,30.14969965125693,32.519764676239014
8.47,12.419862988089308,15.987605316430459,30.72841756218085,32.519764676239014
8.475,12.59934634943941,15.900423369576613,31.312360672365298,32.519764676239014
8.48,12.765249398100668,15.775232704447573,31.895724890685138,32.519764676239014
8.485,12.914919231219574,15.60984665740608,32.476372890786095,32.519764676239014
8.49,13.050409436620173,15.405637113066234,33.050725428646935,32.519764676239014
8.495000000000001,13.167183422237985,15.160881672296645,33.61537260223715,32.519764676239014
8.5,13.267334123628864,14.877015994688508,34.165200202056205,32.519764676239014
8.505,13.34763184371866,14.556045814500196,34.695962811243966,32.519764676239014
8.51,13.407566517766323,14.199275430686717,35.20498860420397,32.519764676239014
8.515,13.44635504556072,13.808406920272933,35.68719064718576,32.519764676239014
8.52,13.464813898471483,13.384042219659467,36.13973155150644,32.519764676239014
8.525,13.459833511705101,12.931683686899573,36.559521772918124,32.519764676239014
8.53,13.433324385837203,12.452714552898426,36.94230929584829,32.519764676239014
8.535,13.38287974838626,11.952165038071117,37.285006592727264,32.519764676239014
8.540000000000001,13.311357228042484,11.433662182910348,37.58788711898114,32.519764676239014
8.545,13.219276169673815,10.901771136669371,37.84860335834222,32.519764676239014
8.55,13.103777496553235,10.357750882529814,38.063838697313294,32.519764676239014
8.555,12.966310521761786,9.809568508434547,38.23518927839424,32.519764676239014
8.56,12.808704544850743,9.260688026450651,38.36129228857879,32.519764676239014
8.565,12.631706126162412,8.71385843524356,38.445046917537226,32.519764676239014
8.57,12.436251358005968,8.172819504734811,38.48349955343279,32.519764676239014
8.575000000000001,12.223435228583606,7.642255023205607,38.478298256820295,32.519764676239014
8.58,11.994141661953448,7.125934534743456,38.432581298231014,32.519764676239014
8.585,11.75134103369672,6.627750547410034,38.3472781143717,32.519764676239014
8.59,11.496299308654542,6.148989179118351,38.22639724043313,32.519764676239014
8.595,11.22797309183694,5.693396019524698,38.07096491562468,32.519764676239014
8.6,10.952043632271423,5.261824112818829,37.884009878756956,32.519764676239014
8.605,10.668427753453678,4.856279158299219,37.66669037385621,32.519764676239014
8.61,10.378120362805973,4.478582657598312,37.42321104557766,32.519764676239014
8.615,10.082848420967984,4.129165960591666,37.157252004015035,32.519764676239014
8.620000000000001,9.78521928662754,3.8096851881613505,36.86918626409466,32.519764676239014
8.625,9.48789576333306,3.5191344723225737,36.564510865525705,32.519764676239014
8.63,9.190362460482726,3.2573887751645483,36.24329502400615,32.519764676239014
8.635,8.89231604298762,3.0241276384530207,35.90957634450949,32.519764676239014
8.64,8.598056562546406,2.8195850210114557,35.56510020775448,32.519764676239014
8.645,8.308926080637818,2.6421884908527504,35.21221576113172,32.519764676239014
8.65,8.026545107435222,2.4926024381105285,34.85214976632154,32.519764676239014
8.655,7.749773488444689,2.3681727635890892,34.48699186795038,32.519764676239014
8.66,7.479300887652709,2.2668724726990352,34.1194635777603,32.519764676239014
8.665000000000001,7.218434686147473,2.188930996165665,33.74830446456385,75.70077918798516
8.67,6.96644737542938,2.34801586560937,33.37799106038956,75.70077918798516
8.675,6.734621254294826,2.527506732988152,33.01397176223665,75.70077918798516
8.68,6.523906589617066,2.726146740784832,32.65797020552409,75.70077918798516
8.685,6.3340882625662385,2.9384114818559985,32.31061009374084,75.70077918798516
8.69,6.163834372852041,3.165470565572263,31.97270928404257,75.70077918798516
8.695,6.014041418673742,3.406470159286172,31.644167925384174,75.70077918798516
8.700000000000001,5.882145315925941,3.6594057875989923,31.324544029703077,75.70077918798516
8.705,5.771405740049883,3.9229055317091484,31.01448767474398,75.70077918798516
8.71,5.679186407619377,4.194894576115552,30.715189847702263,75.70077918798516
8.715,5.604104384536484,4.476990404501703,30.424863392196325,75.70077918798516
8.72,5.548055353647578,4.765500361069086,30.14481629156364,75.70077918798516
8.725,5.508148722597841,5.059894671026937,29.874276815476133,75.70077918798516
8.73,5.485121991856918,5.360897509078951,29.614017274140124,75.70077918798516
8.735,5.479736722670541,5.66877268931227,29.366734797006377,75.70077918798516
8.74,5.491110199445657,5.981310226452695,29.131233096587383,75.70077918798516
8.745000000000001,5.515561130488152,6.298913723457891,28.907385660103415,75.70077918798516
8.75,5.553909375612249,6.619560077450625,28.69534531859838,75.70077918798516
8.755,5.608236765415805,6.944874850133517,28.49630418495321,75.70077918798516
8.76,5.675054796109806,7.274422479832324,28.311726684173138,75.70077918798516
8.765,5.755294840069163,7.608401933417161,28.139322578232804,75.70077918798516
8.77,5.8492017398489935,7.944287088163984,27.98306451714921,75.70077918798516
8.775,5.955302257148175,8.283603846766434,27.842157005947776,75.70077918798516
8.78,6.070884563776045,8.626383885374453,27.716195697148642,75.70077918798516
8.785,6.199010414977328,8.970498986681548,27.607575814407937,75.70077918798516
8.790000000000001,6.336682072463062,9.317442610148321,27.517443473535682,75.70077918798516
8.795,6.484580559903133,9.66484350814145,27.44465477456762,75.70077918798516
8.8,6.644314737402942,10.013430908064663,27.39231630803579,75.70077918798516
8.805,6.8120746141838975,10.361568433250808,27.35965118391523,75.70077918798516
8.81,6.989760722777098,10.709034925183444,27.347264397791474,75.70077918798516
8.815,7.1765388395345004,11.057606183899976,27.356349717533266,75.70077918798516
8.82,7.369982984314934,11.403731208135836,27.387904958529806,75.70077918798516
8.825000000000001,7.5717494745871985,11.746913493361063,27.444104910754444,75.70077918798516
8.83,7.780291477693949,12.088582147183713,27.523477044075918,75.70077918798516
8.835,7.995272108712012,12.425522783294362,27.62628359488891,75.70077918798516
8.84,8.215486820192599,12.756657312005737,27.755715781938633,75.70077918798516
8.845,8.442545527875094,13.080764267700694,27.910277805137742,75.70077918798516
8.85,8.674919452673782,13.397727702633158,28.089649818438474,75.70077918798516
8.855,8.911716667627347,13.706379447091885,28.297576282319614,75.70077918798516
8.86,9.150994557849783,14.002686308784169,28.532426103956656,75.70077918798516
8.865,9.392916901799834,14.28593642154447,28.792681937792345,75.70077918798516
8.870000000000001,9.63741714359992,14.555460673458526,29.081734515394118,75.70077918798516
8.875,9.88349041118685,14.808466853748895,29.39597233646426,75.70077918798516
8.88,10.12807402343879,15.044387596780426,29.736328335848434,75.70077918798516
8.885,10.373657088032772,15.259788916062902,30.10213906572053,75.70077918798516
8.89,10.617848082917533,15.453144345417293,30.49115290806087,75.70077918798516
8.895,10.861272051591174,15.62271517924596,30.905084408611117,75.70077918798516
8.9,11.099747103014948,15.764134413368387,31.34189549234226,75.70077918798516
8.905,11.333454065118742,15.877580160676079,31.79775265047937,75.70077918798516
8.91,11.56077003223787,15.961511788364268,32.27356115054496,75.70077918798516
8.915000000000001,11.779268612660207,16.011790185936935,32.76516114353146,75.70077918798516
8.92,11.992099009864432,16.029929832351105,33.27013325254393,75.70077918798516
8.925,12.192743693047047,16.012490277369388,33.787656588487984,75.70077918798516
8.93,12.383142236703769,15.957475110239466,34.31309883450895,75.70077918798516
8.935,12.56108501764577,15.866178914791456,34.84334584589293,75.70077918798516
8.94,12.725523987494388,15.73472590978387,35.37594529016036,75.70077918798516
8.945,12.87500468132353,15.564353948703971,35.90551134574249,75.70077918798516
8.950000000000001,13.009708942181447,15.355948923607789,36.428035136678226,75.70077918798516
8.955,13.12705497465901,15.109608106207963,36.941189041491036,75.70077918798516
8.96,13.225716403328867,14.82594024182704,37.44042188156585,75.70077918798516
8.965,13.305861160943486,14.50638893512375,37.92201284267676,75.70077918798516
8.97,13.36540719797192,14.153211431207666,38.38078268474807,75.70077918798516
8.975,13.40571196456112,13.766897680349283,38.81394778694854,75.70077918798516
8.98,13.425495853133146,13.350914351626534,39.21881905055198,75.70077918798516
8.985,13.422983205167776,12.910689627905015,39.59007739280996,75.70077918798516
8.99,13.396730359718354,12.447145660578261,39.92868321433287,75.70077918798516
8.995000000000001,13.349462809395416,11.965305358401979,40.22915542875099,75.70077918798516
9.0,13.280281891642513,11.46749890717343,40.491594940294476,75.70077918798516
9.005,13.190590275903375,10.959962497085941,40.71252669468633,75.70077918798516
9.01,13.078641078023642,10.444981510826493,40.89196798884129,75.70077918798516
9.015,12.946537686581154,9.928502334525538,41.02999087996121,75.70077918798516
9.02,12.794904859504124,9.414502827703082,41.125363578601664,75.70077918798516
9.025,12.625409779895246,8.906035092316339,41.17894482946921,75.70077918798516
9.03,12.43857661269035,8.408253562427815,41.19178893457564,75.70077918798516
9.035,12.235737040628933,7.923550552376394,41.16473780401814,75.70077918798516
9.040000000000001,12.018705406766681,7.456185953969473,41.101109949498344,75.70077918798516
9.045,11.790495972163468,7.00994814457372,41.00132463006483,75.70077918798516
9.05,11.550177447158195,6.58640928144693,40.86823994755957,75.70077918798516
9.055,11.302536620291873,6.18831429210236,40.70342489707804,75.70077918798516
9.06,11.047402228333825,5.818442633195674,40.51071937209423,75.70077918798516
9.065,10.785261636800644,5.476460184417587,40.292740078648926,75.70077918798516
9.07,10.519987419733168,5.164195899463884,40.05030110048211,75.70077918798516
9.075000000000001,10.251829269046606,4.884246828596789,39.78720668994161,75.70077918798516
9.08,9.982584170265593,4.634477580422861,39.50708874210232,75.70077918798516
9.085,9.715323204707882,4.41541966971247,39.21211258814019,75.70077918798516
9.09,9.449396295480847,4.226409430692096,38.904703506530694,75.70077918798516
9.095,9.188195187484549,4.0675912637481355,38.58632128588209,75.70077918798516
9.1,8.932580921114303,3.939543198549634,38.25928561512075,75.70077918798516
9.105,8.68305573653399,3.840446999174803,37.92491139827273,75.70077918798516
9.11,8.440659700982582,3.769925265503044,37.58580074233621,75.70077918798516
9.115,8.206135603801394,3.7252028240817263,37.24290038677246,75.70077918798516
9.120000000000001,7.980833412798701,3.704776289060879,36.89927488736257,75.70077918798516
9.125,7.766143158645032,3.7096938073122523,36.55557244085581,75.70077918798516
9.13,7.563436407170785,3.738431328338531,36.21308983594666,75.70077918798516
9.135,7.373347676132267,3.7877590481911,35.87005215173383,75.70077918798516
9.14,7.1929837831354915,3.856971982059025,35.53189203403502,75.70077918798516
9.145,7.026161405539983,3.9455969628762846,35.198115032946234,75.70077918798516
9.15,6.872318115055884,4.051999051525767,34.86791343901073,75.70077918798516
9.155,6.730969426020515,4.17467639871432,34.542363291937846,75.70077918798516
9.16,6.602370213902265,4.311504437996754,34.22161846133111,75.70077918798516
9.165000000000001,6.48723850502241,4.462639032406753,33.90663849278494,75.70077918798516
9.17,6.3855396099868145,4.6284634431098395,33.59968843608525,75.70077918798516
9.175,6.298487156609727,4.8049152846114955,33.299120007628254,75.70077918798516
9.18,6.223075227411551,4.9934207165769315,33.00584078581284,75.70077918798516
9.185,6.162313782025855,5.1917016976629125,32.720834856092196,75.70077918798516
9.19,6.113637768579288,5.399400434057729,32.44399328642268,75.70077918798516
9.195,6.077455146609913,5.615316042893165,32.17590943275326,75.70077918798516
9.200000000000001,6.053526591617258,5.838311551528358,31.918045375528575,75.70077918798516
9.205,6.042798078186783,6.069273643183804,31.66886841384577,75.70077918798516
9.21,6.044377603485225,6.306292701654826,31.430433976517868,75.70077918798516
9.215,6.057078324214195,6.54928984441172,31.20167939536171,75.70077918798516
9.22,6.081708956652594,6.797842318045812,30.98424438149215,75.70077918798516
9.225,6.117907078557208,7.052933816762667,30.777449968169194,75.70077918798516
9.23,6.1639385343739015,7.310985248254925,30.582602630991218,75.70077918798516
9.235,6.221568236189589,7.5736423236589285,30.399774301005277,75.70077918798516
9.24,6.289297806153887,7.838891982270408,30.229782880854703,75.70077918798516
9.245000000000001,6.367119297609347,8.107495436469092,30.071647379844556,75.70077918798516
9.25,6.453191719648268,8.378773584642802,29.929620212813017,75.70077918798516
9.255,6.549487094686915,8.653877849327568,29.801963367023593,75.70077918798516
9.26,6.653699199030123,8.930393451793421,29.687639549890154,75.70077918798516
9.265,6.767669743484492,9.206944361599362,29.588916675411795,75.70077918798516
9.27,6.889445472628657,9.484730417026507,29.504914161380523,75.70077918798516
9.275,7.0174210234725125,9.763564550839051,29.438464728753647,75.70077918798516
9.28,7.155137392063179,10.043584143645893,29.389874379325946,75.70077918798516
9.285,7.2991726379814645,10.321852190777731,29.35862944667587,75.70077918798516
9.290000000000001,7.449511528215827,10.59955064815108,29.343397014008904,75.70077918798516
9.295,7.60808791100647,10.874839157697327,29.34751377591519,75.70077918798516
9.3,7.772075892975942,11.147332630380776,29.36971635982788,75.70077918798516
9.305,7.941669823648107,11.41830110415284,29.411869829785733,75.70077918798516
9.31,8.114389111318207,11.683383211273531,29.47408219321549,75.70077918798516
9.315,8.293123798461025,11.941708762693498,29.5553280431137,75.70077918798516
9.32,8.476364826549165,12.196328400803807,29.656852412535013,75.70077918798516
9.325000000000001,8.661722763804605,12.445008815073582,29.778284930175484,75.70077918798516
9.33,8.851224789327702,12.683555988145562,29.919257454199222,75.70077918798516
9.335,9.042919067044306,12.914010202049868,30.0813314002605,75.70077918798516
9.34,9.236281601702578,13.133490819953089,30.265609843760217,75.70077918798516
9.345,9.430459836358693,13.341853336626814,30.468806225388445,75.70077918798516
9.35,9.625784899940285,13.538176956838846,30.69138758044401,75.70077918798516
9.355,9.822755831137199,13.71871155135109,30.93376039493701,75.70077918798516
9.36,10.017893711254445,13.88525432315869,31.195254513014405,75.70077918798516
9.365,10.21156426285051,14.03365459717327,31.474898601593612,75.70077918798516
9.370000000000001,10.402319197878263,14.16365055525349,31.77140369493886,75.70077918798516
9.375,10.589429149492599,14.274634184667564,32.083926783339635,75.70077918798516
9.38,10.772397479519883,14.366252430650311,32.41289876018916,75.70077918798516
9.385,10.952145138804955,14.435589059659186,32.75410566532128,75.70077918798516
9.39,11.126143830487708,14.482039940769084,33.10831703773237,75.70077918798516
9.395,11.293409214482704,14.503932349604314,33.47199547637906,75.70077918798516
9.4,11.454201031853025,14.500707885398672,33.845539865441324,75.70077918798516
9.405,11.607116068363966,14.471822520474495,34.22561034469026,75.70077918798516
9.41,11.750350397506212,14.417154543792098,34.609903627016635,75.70077918798516
9.415000000000001,11.8837240309161,14.335294446493974,34.995523257333836,75.70077918798516
9.42,12.005561000064613,14.226544787641892,35.38093338227582,75.70077918798516
9.425,12.11805815055294,14.091907494136683,35.76391798655963,75.70077918798516
9.43,12.216262445355918,13.929074147140055,36.14087491785455,75.70077918798516
9.435,12.302483484815683,13.741714560872104,36.50993962479508,75.70077918798516
9.44,12.374199715480996,13.527377073415597,36.868400381046065,75.70077918798516
9.445,12.431415150923245,13.288799258078667,37.213170927633996,75.70077918798516
9.450000000000001,12.474406331212123,13.027489310560128,37.54201522771177,75.70077918798516
9.455,12.501226713529077,12.74667221594653,37.85454456054168,75.70077918798516
9.46,12.514884707604022,12.445991214196614,38.147264009086854,75.70077918798516
9.465,12.511760900713668,12.126503061975793,38.417780669886845,75.70077918798516
9.47,12.491873344978265,11.792074379461251,38.66410582568653,75.70077918798516
9.475,12.455964770492029,11.44623838974299,38.88528145652241,75.70077918798516
9.48,12.40502778758864,11.090054641138016,39.07941667004916,75.70077918798516
9.485,12.338640490066583,10.725897179517826,39.24583011091205,75.70077918798516
9.49,12.256703040621954,10.357363682467833,39.38274013650516,75.70077918798516
9.495000000000001,12.161962313130958,9.986121681567964,39.49273106755922,75.70077918798516
9.5,12.053482589103176,9.615764549654912,39.573016211719626,75.70077918798516
9.505,11.931960082891921,9.2490751512907,39.62468364685428,75.70077918798516
9.51,11.798459765324564,8.888869208455063,39.64766269913518,75.70077918798516
9.515,11.650633512772455,8.536097840596774,39.643062510768765,75.70077918798516
9.52,11.496536435417088,8.193870393516335,39.61209047523849,75.70077918798516
9.525,11.330819841967367,7.865011973453172,39.5553526699817,75.70077918798516
9.53,11.155782762077731,7.5494411360394515,39.47459637501586,75.70077918798516
9.535,10.975167064558496,7.250083391606816,39.36879738475873,75.70077918798516
9.540000000000001,10.790796091448938,6.968764669012895,39.24170746884115,75.70077918798516
9.545,10.599651161105433,6.705925564940969,39.094929986306674,75.70077918798516
9.55,10.406162769357014,6.4634723809411625,38.929056227736154,75.70077918798516
9.555,10.209288142684377,6.241137681984509,38.74603166705119,75.70077918798516
9.56,10.009203827645244,6.038379639377429,38.547575663619604,75.70077918798516
9.565,9.811460113506666,5.85983202922989,38.33491148651185,75.70077918798516
9.57,9.613549488380828,5.701134958193396,38.110739005565605,75.70077918798516
9.575000000000001,9.417294279595811,5.5648715926065115,37.87729798979967,75.70077918798516
9.58,9.225429002640375,5.450380785281692,37.634856768964816,75.70077918798516
9.585,9.0368420700294,5.356981943813366,37.384946661013196,75.70077918798516
9.59,8.852347688081043,5.285152482217985,37.1282389208586,75.70077918798516
9.595,8.674269374240806,5.23390000259688,36.866640491302704,75.70077918798516
9.6,8.502892555925063,5.202205509963465,36.602271130179474,75.70077918798516
9.605,8.339013435517678,5.1879532097126395,36.33559727545256,75.70077918798516
9.61,8.180557120677406,5.192930696360704,36.06627204423294,75.70077918798516
9.615,8.030725796480937,5.216095755016625,35.79808019585921,75.70077918798516
9.620000000000001,7.890119010805966,5.256469957481303,35.53017379351417,75.70077918798516
9.625,7.75842947921309,5.311534480437989,35.264606160859095,75.70077918798516
9.63,7.635383688810318,5.382239613324373,34.99970966812168,75.70077918798516
9.635,7.522361397593478,5.466082659604375,34.737989859333354,75.70077918798516
9.64,7.419212541867717,5.5640260424428885,34.481168852528974,75.70077918798516
9.645,7.326647915154862,5.673969848938049,34.228249635187034,75.70077918798516
9.65,7.24421813541034,5.793654756197125,33.97931231512627,75.70077918798516
9.655,7.169737810497051,5.9259560112037,33.73503483829532,75.70077918798516
9.66,7.107953755880928,6.070224798081901,33.496934004743125,75.70077918798516
9.665000000000001,7.055524335871258,6.222366115219158,33.26697146462261,75.70077918798516
9.67,7.014173627292836,6.384551270954506,33.0421747928969,75.70077918798516
9.675,6.983573758265814,6.554613467037165,32.825937803095734,75.70077918798516
9.68,6.964181950158406,6.731957983683183,32.61761120713702,75.70077918798516
9.685,6.951097497149712,6.91666385079848,32.41748757822372,75.70077918798516
9.69,6.949031612422004,7.10618010649839,32.22444402330964,75.70077918798516
9.695,6.956114646491338,7.301358775036569,32.0416102376301,75.70077918798516
9.700000000000001,6.9735912151166515,7.503773679875374,31.86958832207041,75.70077918798516
9.705,7.0003485854241685,7.709922494328824,31.705996344795984,75.70077918798516
9.71,7.036416686385394,7.920375765706321,31.553097824177282,75.70077918798516
9.715,7.079862063972454,8.134761106600395,31.409935258996754,75.70077918798516
9.72,7.132571001726828,8.350929904197889,31.279628493973966,75.70077918798516
9.725,7.193894691899134,8.571931824417282,31.16106034608596,75.70077918798516
9.73,7.263089459260277,8.794244289410237,31.05362423874062,75.70077918798516
9.735,7.338991007561786,9.017914513059457,30.95972623395223,75.70077918798516
9.74,7.423258440436964,9.24227470521272,30.87738422043791,75.70077918798516
9.745000000000001,7.514492458704619,9.467057996932052,30.8086839205502,75.70077918798516
9.75,7.61350060951002,9.692516792771393,30.752606357059253,75.70077918798516
9.755,7.717864176962902,9.918413502887613,30.71147135073166,75.70077918798516
9.76,7.8271213475095305,10.143271602910465,30.686001213843454,75.70077918798516
9.765,7.942833710778843,10.366091041526154,30.674213017927055,75.70077918798516
9.77,8.06554338511195,10.586573749982913,30.676594129179698,75.70077918798516
9.775,8.191692606539764,10.804362127453421,30.695788691171344,75.70077918798516
9.78,8.321739619273826,11.018154013990658,30.728269786217883,75.70077918798516
9.785,8.456045762766724,11.227376447601934,30.776352083599495,75.70077918798516
9.790000000000001,8.595692825966983,11.432520235068617,30.838922957865698,75.70077918798516
9.795,8.737729594764545,11.631931214334474,30.91988596351129,75.70077918798516
9.8,8.881425423189688,11.824560140021587,31.015205998796635,75.70077918798516
9.805,9.028305764543957,12.01080860357388,31.127687256838396,75.70077918798516
9.81,9.176683215327733,12.18837747898219,31.25348574119826,75.70077918798516
9.815,9.32681837195437,12.356798564113102,31.39576658468075,75.70077918798516
9.82,9.478552232154186,12.514328931601035,31.553903002088045,75.70077918798516
9.825000000000001,9.630596694117468,12.661736554330338,31.72671525011786,75.70077918798516
9.83,9.780915934241271,12.79846631040139,31.91318620206657,75.70077918798516
9.835,9.930487483085928,12.920790117760234,32.11245972458419,75.70077918798516
9.84,10.08106844120032,13.030752222868724,32.324818375305114,75.70077918798516
9.845,10.228690424376605,13.12734996803474,32.55033760866322,75.70077918798516
9.85,10.372695303589209,13.207335234189484,32.78904249214223,75.70077918798516
9.855,10.515310669666418,13.271976058706171,33.03792912775166,75.70077918798516
9.86,10.653805518519528,13.319356041262067,33.29593545411271,75.70077918798516
9.865,10.787601385294007,13.348820268218246,33.560781184729485,75.70077918798516
9.870000000000001,10.915774869683235,13.36201910294964,33.83463205424757,75.70077918798516
9.875,11.038007946550366,13.35554591585649,34.11307140899065,75.70077918798516
9.88,11.153765521323802,13.330292127921485,34.39503117883122,75.70077918798516
9.885,11.262075097313943,13.285516847784304,34.6805684078696,75.70077918798516
9.89,11.364077040683362,13.221346426939848,34.965426611252504,75.70077918798516
9.895,11.45644808791138,13.138154244333759,35.25204320680544,75.70077918798516
9.9,11.541628168051057,13.036415598827757,35.53502053163342,75.70077918798516
9.905,11.614714962976151,12.914874385590606,35.81397123797568,75.70077918798516
9.91,11.679744683763529,12.774668385520188,36.08576866572745,75.70077918798516
9.915000000000001,11.734435257530444,12.617179243066925,36.35197081608583,75.70077918798516
9.92,11.77926842451125,12.442190223825424,36.60630792754077,75.70077918798516
9.925,11.812400708748283,12.252230058753716,36.85171625868182,75.70077918798516
9.93,11.834215783487833,12.04704455395531,37.083682934886916,75.70077918798516
9.935,11.84446747611216,11.825933254305578,37.30162031916102,75.70077918798516
9.94,11.844412028258173,11.594988106569382,37.50557735801108,75.70077918798516
9.945,11.833373793766837,11.352424740910712,37.692306495682566,75.70077918798516
9.950000000000001,11.808574907288707,11.100536678413023,37.8616161330542,75.70077918798516
9.955,11.772834925561714,10.842034660560566,38.012321362759565,75.70077918798516
9.96,11.725734961058276,10.577644952441037,38.142499923651954,75.70077918798516
9.965,11.667822223006162,10.310496373261245,38.254145700593064,75.70077918798516
9.97,11.599545659422025,10.0401227170677,38.3466007140369,75.70077918798516
9.975,11.521634932852614,9.766811716833448,38.41693731999676,75.70077918798516
9.98,11.43324804884377,9.49731635188818,38.46735211226881,75.70077918798516
9.985,11.335843140550109,9.230468677425494,38.49762852445515,75.70077918798516
9.99,11.23143170333188,8.968259372096504,38.50633182636022,75.70077918798516
9.995000000000001,11.11775090762524,8.713246244021317,38.49698027820913,75.70077918798516
10.0,10.997366841318826,8.4639875044699,38.46752891142791,75.70077918798516
10.005,10.870369712852876,8.225277470731168,38.420657271591324,75.70077918798516
10.01,10.73810104158453,7.996959563689178,38.355667254138694,75.70077918798516
10.015,10.601190683311296,7.781023586750721,38.27250370995761,75.70077918798516
10.02,10.460773573977926,7.576214711433924,38.17502485758374,75.70077918798516
10.025,10.316554442451533,7.384915191581909,38.06235730020843,75.70077918798516
10.03,10.170947675601637,7.207402321952774,37.93572391309953,75.70077918798516
10.035,10.022708124799065,7.044314595480684,37.796580961538055,75.70077918798516
10.040000000000001,9.874455630538222,6.897483247965887,37.6450719016177,75.70077918798516
10.045,9.724526817070302,6.7655495016507,37.48253481496279,75.70077918798516
10.05,9.575977009040546,6.64981322071066,37.31182142588586,75.70077918798516
10.055,9.429376268153378,6.547503357347382,37.13253185892457,75.70077918798516
10.06,9.28452148649105,6.461970247676763,36.94608217921823,75.70077918798516
10.065,9.1429345489523,6.392779667855666,36.75368214142068,75.70077918798516
10.07,9.00479594229287,6.3392757643873185,36.55582621745292,75.70077918798516
10.075000000000001,8.870727794667381,6.301556099018275,36.353324230785766,75.70077918798516
10.08,8.741989343253977,6.27812840271845,36.14820877018192,75.70077918798516
10.085,8.619160316378021,6.269306268585532,35.94173883438657,75.70077918798516
10.09,8.50011259965349,6.275601617949838,35.73370353389461,75.70077918798516
10.095,8.39018015606521,6.294550615568574,35.52303472175693,75.70077918798516
10.1,8.284993080708247,6.3252430200025165,35.312650767639035,75.70077918798516
10.105,8.188211317286841,6.36954270624043,35.10355265162689,75.70077918798516
10.11,8.09675788794301,6.425963256025767,34.89598010902042,75.70077918798516
10.115,8.012785822621108,6.494365524971017,34.69161776989495,75.70077918798516
10.120000000000001,7.936387131605486,6.573241955079482,34.48887596111606,75.70077918798516
10.125,7.86794957712895,6.660919722614289,34.29029382798777,75.70077918798516
10.13,7.807196552209725,6.758958761636692,34.09548836740466,75.70077918798516
10.135,7.7544273753141235,6.864687461340645,33.905096229084094,75.70077918798516
10.14,7.711957840003373,6.980523691581046,33.719048147358066,75.70077918798516
10.145,7.675578159478289,7.104261181819614,33.538159203730864,75.70077918798516
10.15,7.6468778384390115,7.234301463330639,33.36293340183652,75.70077918798516
10.155,7.625988627200131,7.371809887357229,33.193497202175315,75.70077918798516
10.16,7.613798535354645,7.513601264715451,33.03198318051664,75.70077918798516
10.165000000000001,7.609160488757282,7.6626191265741666,32.878324524921624,75.70077918798516
10.17,7.611469417386815,7.818251919846304,32.73189539642153,75.70077918798516
10.175,7.620817645121022,7.977662822313647,32.59207822108248,75.70077918798516
10.18,7.637643927348784,8.141643742156749,32.461345395128205,75.70077918798516
10.185,7.6644432329554775,8.308454090955694,32.34071503386079,75.70077918798516
10.19,7.697617698525956,8.47992712365509,32.227729128194966,75.70077918798516
10.195,7.736723431835621,8.653541790202924,32.122441616936214,75.70077918798516
10.200000000000001,7.7821148344692626,8.828609915797516,32.028885007683805,75.70077918798516
10.205,7.834792513504166,9.005034099054402,31.94703583251219,75.70077918798516
10.21,7.8929397274687005,9.183703266414863,31.874487854491143,75.70077918798516
10.215,7.9586061696777755,9.36364691520289,31.811587037513505,75.70077918798516
10.22,8.02879711350876,9.543207961379942,31.759575419917166,75.70077918798516
10.225,8.10458973296685,9.722027939366813,31.717224015308126,75.70077918798516
10.23,8.184877490666617,9.900476319297416,31.68786425776415,75.70077918798516
10.235,8.27098071169099,10.078427802569212,31.670758619145495,75.70077918798516
10.24,8.361246439842276,10.255531625081797,31.665349908267082,75.70077918798516
10.245000000000001,8.455988993316575,10.4286463827985,31.670864814595745,75.70077918798516
10.25,8.554845968445138,10.600053485106056,31.690061832642204,75.70077918798516
10.255,8.656637986280677,10.76754901652309,31.721295573140175,75.70077918798516
10.26,8.762815030616382,10.931193933796617,31.764692981573397,75.70077918798516
10.265,8.87101716029299,11.090104253329875,31.82004826796933,75.70077918798516
10.27,8.98209501129431,11.243725635436293,31.886981293642744,75.70077918798516
10.275,9.096341748081795,11.39245123639526,31.967553771037192,75.70077918798516
10.28,9.210615569352592,11.532602993097587,32.05956428122147,75.70077918798516
10.285,9.326845822686266,11.666329827964633,32.16172961409635,75.70077918798516
10.290000000000001,9.443393134588394,11.792228886384574,32.27685038189966,75.70077918798516
10.295,9.56147075300237,11.910321386516209,32.40254216840663,75.70077918798516
10.3,9.678824702460325,12.018833847517707,32.54101745681033,75.70077918798516
10.305,9.796891026829046,12.117062429526182,32.68860784667344,75.70077918798516
10.31,9.913717518840153,12.205872006696383,32.84730191226665,75.70077918798516
10.315,10.027739900630019,12.28398898941126,33.015549962449846,75.70077918798516
10.32,10.138982076134461,12.348610033919844,33.19220653931339,75.70077918798516
10.325000000000001,10.2501954254262,12.401732355024645,33.376010186023606,75.70077918798516
10.33,10.357246996232645,12.442468952579366,33.56676038171625,75.70077918798516
10.335,10.461192903794776,12.470046065010324,33.76292468294233,75.70077918798516
10.34,10.560866666690146,12.485057809475931,33.96521548345541,75.70077918798516
10.345,10.656741233707494,12.486480701047425,34.17170893765594,75.70077918798516
10.35,10.74778830258908,12.474414602111084,34.381727953017595,75.70077918798516
10.355,10.833300050606422,12.448401982168635,34.59473324052055,75.70077918798516
10.36,10.913681350920095,12.407826428004032,34.807405626170976,75.70077918798516
10.365,10.988153658514097,12.353159368376577,35.020620790802234,75.70077918798516
10.370000000000001,11.05648472463593,12.283558122915172,35.231522076375,75.70077918798516
10.375,11.117419315217246,12.20109696268379,35.44093745484849,75.70077918798516
10.38,11.172777030445978,12.105390207112736,35.64688131323564,75.70077918798516
10.385,11.21883896081186,11.996112521029431,35.847774867236645,75.70077918798516
10.39,11.258906475919956,11.873510779922025,36.04296209273588,75.70077918798516
10.395,11.289377636557411,11.739434282431215,36.23064385904642,75.70077918798516
10.4,11.312298681445512,11.59405486855594,36.40986122251265,75.70077918798516
10.405,11.32538099032164,11.439544245070463,36.57908158104083,75.70077918798516
10.41,11.3317757982132,11.275632334484023,36.73939225566836,75.70077918798516
10.415000000000001,11.328591724224758,11.101753497431902,36.88767779568547,75.70077918798516
10.42,11.317432620427983,10.920692298459164,37.02478694034825,75.70077918798516
10.425,11.297523398945977,10.733955666815254,37.14911223120486,75.70077918798516
10.43,11.269749215235407,10.541406054692802,37.25982540851335,75.70077918798516
10.435,11.234485097554499,10.3461407674578,37.35746491040733,75.70077918798516
10.44,11.189651842830283,10.146797058937466,37.44047716067836,75.70077918798516
10.445,11.138484836384833,9.946115180854926,37.50864584549724,75.70077918798516
10.450000000000001,11.079608990451305,9.743953665675914,37.56256167632469,75.70077918798516
10.455,11.013035525575395,9.544934213216274,37.60112593323044,75.70077918798516
10.46,10.939138395701196,9.347401680770643,37.62386487192459,75.70077918798516
10.465,10.860072637892328,9.152007520369013,37.632690660284915,75.70077918798516
10.47,10.775551835203261,8.963558096410692,37.62769598435773,75.70077918798516
10.475,10.68414463639367,8.77805616412832,37.608174410562846,75.70077918798516
10.48,10.589281118992378,8.599132985835967,37.57541492041256,75.70077918798516
10.485,10.490581010828828,8.42695003242523,37.529407952500456,75.70077918798516
10.49,10.387751026432298,8.263425519501975,37.471159590849524,75.70077918798516
10.495000000000001,10.28198900929441,8.108471871009625,37.40059369473974,75.70077918798516
10.5,10.173654198012636,7.96352822475297,37.31713553019702,-4.819463073104924
10.505,10.063681576509456,7.425569525808146,37.2251081878553,-4.819463073104924
10.51,9.931838854947923,6.900105321579564,37.10194378792646,-4.819463073104924
10.515,9.779147500331238,6.388596813726614,36.949089920888426,-4.819463073104924
10.52,9.61011452408095,5.895217841468309,36.77001170214959,-4.819463073104924
10.525,9.424700511182582,5.419541735070371,36.56358734529358,-4.819463073104924
10.53,9.224322862843165,4.9643004081712645,36.332550241650566,-4.819463073104924
10.535,9.009601590000122,4.531510404829256,36.076466228752565,-4.819463073104924
10.540000000000001,8.785586824118061,4.120295188991549,35.801026155261916,-4.819463073104924
10.545,8.551838125072036,3.732741540535041,35.50361484250069,-4.819463073104924
10.55,8.311613824835288,3.369223638283999,35.190043672009274,-4.819463073104924
10.555,8.064097870739397,3.0273092365570617,34.859704069211645,-4.819463073104924
10.56,7.812145327793001,2.7105532484640213,34.51711750232991,-4.819463073104924
10.565,7.556332335228081,2.418848834107896,34.162286914449126,-4.819463073104924
10.57,7.29920201457573,2.1492808258878555,33.79887453878608,-4.819463073104924
10.575000000000001,7.043725026227179,1.9018238087189137,33.4272162887479,-4.819463073104924
10.58,6.785843211028585,1.6774823875441989,33.04727404022414,-4.819463073104924
10.585,6.528565315653453,1.473033743849122,32.662908466479315,-4.819463073104924
10.59,6.276014221891143,1.289439574427787,32.27654092419271,-4.819463073104924
10.595,6.025647438412961,1.1251069891847743,31.886205797796876,-4.819463073104924
10.6,5.781704259881618,0.9791879649128571,31.4945751230334,-4.819463073104924
10.605,5.541086174683658,0.8492154166699818,31.10304361408691,-4.819463073104924
10.61,5.306507629146504,0.7338503957721895,30.71257077103052,-4.819463073104924
10.615,5.077994749163553,0.6341390698823446,30.322408413372766,-4.819463073104924
10.620000000000001,4.856487987278656,0.5479602842824898,29.934117597594323,-4.819463073104924
10.625,4.641839773859162,0.4751406972446481,29.547609294969188,-4.819463073104924
10.63,4.433079188501571,0.4122418506224437,29.164312743711335,-4.819463073104924
10.635,4.231810918518166,0.36103696866343393,28.784988386982764,-4.819463073104924
10.64,4.037758220608951,0.31785340315233157,28.408246840021153,-4.819463073104924
10.645,3.8523759045474386,0.2838732739567087,28.03589260342813,-4.819463073104924
10.65,3.6731142171794726,0.2574527817630337,27.668376276503267,-4.819463073104924
10.655,3.501293046897137,0.23911995537517616,27.305082750018034,-4.819463073104924
10.66,3.3389114386275636,0.22707442720007553,26.945196682440788,-4.819463073104924
10.665000000000001,3.1829125249602757,0.2212534832339964,26.589201627326915,-4.819463073104924
10.67,3.033763916349654,0.21897844635873254,26.2374029756397,-4.819463073104924
10.675,2.893948130313616,0.22149048475220465,25.890488686697157,-4.819463073104924
10.68,2.7608287891363545,0.2277561642486071,25.548970050271787,-4.819463073104924
10.685,2.6338794933328535,0.2359300593719799,25.211516019989908,-4.819463073104924
10.69,2.5143250624547835,0.2457387997467464,24.87851735769994,-4.819463073104924
10.695,2.401477988161273,0.2601336590061153,24.54981644541183,-4.819463073104924
10.700000000000001,2.2937807993291277,0.27655857223234015,24.22621979522372,-4.819463073104924
10.705,2.193351597539427,0.2947057286996525,23.9070233616882,-4.819463073104924
10.71,2.0978992769257223,0.3139560982950984,23.590950555757498,-4.819463073104924
10.715,2.008173221758391,0.3349218825447746,23.278279973157403,-4.819463073104924
10.72,1.9248513192644625,0.3570690041180564,22.97047318766146,-4.819463073104924
10.725,1.84649847448089,0.37914494566631546,22.667007494082252,-4.819463073104924
10.73,1.7725986250433134,0.4028248231242214,22.36760410095369,-4.819463073104924
10.735,1.7035913937899958,0.42560615390809164,22.072532042703887,-4.819463073104924
10.74,1.6393918901767923,0.4500172060024572,21.780594850981014,-4.819463073104924
10.745000000000001,1.5807536958469106,0.47605897487776117,21.49467444500176,-4.819463073104924
10.75,1.5251496735505963,0.5016714571576547,21.212114469369435,-4.819463073104924
10.755,1.4733663648947453,0.5264005760082984,20.93231760218494,-4.819463073104924
10.76,1.4255742312117095,0.5523966677162362,20.657027909132072,-4.819463073104924
10.765,1.3819041113692234,0.5779896255391052,20.3845418342495,-4.819463073104924
10.77,1.3414262228534741,0.6042982496773791,20.11724774137936,-4.819463073104924
10.775,1.3049102262035945,0.6301564096673249,19.852792780372656,-4.819463073104924
10.78,1.2708630736910633,0.6566132294898267,19.592451165833012,-4.819463073104924
10.785,1.2403848806993911,0.6824306777596084,19.33453594170751,-4.819463073104924
10.790000000000001,1.2114778286628927,0.7084868535421138,19.081717481106693,-4.819463073104924
10.795,1.1861493774093304,0.7344599320996011,18.831002946480854,-4.819463073104924
10.8,1.1640039889352802,0.7613147493226559,18.584371212615103,-4.819463073104924
10.805,1.1453386009316813,0.7884180598328729,18.33955690769542,-4.819463073104924
10.81,1.1276202546584642,0.816888954466452,18.098328361730196,-4.819463073104924
10.815,1.110671110517338,0.8440006437279632,17.861673735377085,-4.819463073104924
10.82,1.097162526939681,0.8712169330852098,17.62889323547529,-4.819463073104924
10.825000000000001,1.086718036026646,0.8987657430021188,17.398983760150603,-4.819463073104924
10.83,1.0775035073523178,0.9269685843441027,17.17235604052211,-4.819463073104924
10.835,1.068240670790612,0.9560099840636169,16.948269500977847,-4.819463073104924
10.84,1.0626147505798875,0.9870598808608346,16.727912567774325,-4.819463073104924
10.845,1.0577958130650473,1.0173306285139097,16.510980197336924,-4.819463073104924
10.85,1.0557050963535175,1.0497155530130173,16.2963406870635,-4.819463073104924
10.855,1.0561819912801413,1.082525173130531,16.084364770974755,-4.819463073104924
10.86,1.0570946557806746,1.1167144639205755,15.874341975972344,-4.819463073104924
10.865,1.061227518466206,1.151399470233575,15.669844783939329,-4.819463073104924
10.870000000000001,1.0667569826253143,1.186423725457641,15.464935874690157,-4.819463073104924
10.875,1.0724588111502844,1.2235818733358272,15.265056016353878,-4.819463073104924
10.88,1.0794874173445606,1.260807916144009,15.066477625285891,-4.819463073104924
10.885,1.0881967953511917,1.2997818470815672,14.87213519522371,-4.819463073104924
10.89,1.0989783953477865,1.3407374623447392,14.681781668447208,-4.819463073104924
10.895,1.1096922069600794,1.3835305482705416,14.494130793005626,-4.819463073104924
10.9,1.1236505200760174,1.4267464960127914,14.308736999382877,-4.819463073104924
10.905,1.139213570604822,1.4724157512423917,14.126649991362582,-4.819463073104924
10.91,1.1553089287165748,1.5194665325472545,13.94843153402082,-4.819463073104924
10.915000000000001,1.1732912532858257,1.570085028883962,13.772271175580995,-4.819463073104924
10.92,1.193160936585443,1.621544425111436,13.598472840783568,-4.819463073104924
10.925,1.2146597585316192,1.6758152643915194,13.426747780055628,-4.819463073104924
10.93,1.238417443314123,1.7321046461867045,13.258059344313219,-4.819463073104924
10.935,1.2625297997352751,1.789463485332466,13.092240106719872,-4.819463073104924
10.94,1.2888181902748577,1.8504967532652736,12.929109512432406,-4.819463073104924
10.945,1.3166740865833804,1.9143964337199808,12.76867799127386,-4.819463073104924
10.950000000000001,1.346915677272322,1.981406542968453,12.611129656927956,-4.819463073104924
10.955,1.3793514059190501,2.049299562353599,12.455717198038053,-4.819463073104924
10.96,1.413760163674711,2.12249408621829,12.303547589139137,-4.819463073104924
10.965,1.4484326498053077,2.19927306371146,12.155010009906567,-4.819463073104924
10.97,1.4848659191181646,2.2789668799394116,12.00863081163167,-4.819463073104924
10.975,1.5246381957263553,2.363148958011335,11.865113563267764,-4.819463073104924
10.98,1.566533121527733,2.4510565624878575,11.725244745989302,-4.819463073104924
10.985,1.610733468460042,2.5421351480090495,11.588725025076897,-4.819463073104924
10.99,1.6570791301965635,2.6368044377429136,11.45406107322368,-4.819463073104924
10.995000000000001,1.7054948759497932,2.7377619653390854,11.322851171031315,-4.819463073104924
11.0,1.758019887468619,2.8416552724098705,11.194208498031411,-4.819463073104924
11.005,1.8123778373613744,2.950687676088558,11.07004437263974,-4.819463073104924
11.01,1.8692029572076834,3.065097181097868,10.949301994463845,-4.819463073104924
11.015,1.9286773646673632,3.1848654316370317,10.831325076077135,-4.819463073104924
11.02,1.9909129209087,3.311291036168664,10.717472166695595,-4.819463073104924
11.025,2.057647420358045,3.4422139117021615,10.606312107649222,-4.819463073104924
11.03,2.126932359089603,3.580167835783859,10.50032678734107,-4.819463073104924
11.035,2.199968730332072,3.724566376274738,10.398519306924419,-4.819463073104924
11.040000000000001,2.276029543478549,3.87549337211802,10.300991107597435,-4.819463073104924
11.045,2.355377239588732,4.032838864183273,10.208303301795274,-4.819463073104924
11.05,2.4397089476044926,4.198602896143617,10.12099811520918,-4.819463073104924
11.055,2.527815213556105,4.371397188617183,10.037792409326691,-4.819463073104924
11.06,2.619984592645497,4.5534746967039075,9.95853356149411,-4.819463073104924
11.065,2.7174544223317785,4.741807784110421,9.885025638084226,-4.819463073104924
11.07,2.8186442729649874,4.940967211213172,9.81619731611522,-4.819463073104924
11.075000000000001,2.924093823396382,5.148626336904828,9.75521595786378,-4.819463073104924
11.08,3.035512602107194,5.364678504318658,9.699863677079346,-4.819463073104924
11.085,3.151555657069175,5.591908135499356,9.652314928715748,-4.819463073104924
11.09,3.2714622719638395,5.829665066853795,9.612088046254533,-4.819463073104924
11.095,3.3997410659807468,6.077517752934499,9.579435995917473,-4.819463073104924
11.1,3.532428232200888,6.335083189804102,9.555769134881258,-4.819463073104924
11.105,3.6718273580017824,6.605739358630197,9.542131919686094,-4.819463073104924
11.11,3.817951888582133,6.887801327154538,9.536560834349082,-4.819463073104924
11.115,3.9715896375814896,7.179606577574963,9.541645356585347,-4.819463073104924
11.120000000000001,4.132026854134496,7.486803238556924,9.557425621462166,-4.819463073104924
11.125,4.298202722643044,7.806362774100112,9.58461064698626,-46.341889009355214
11.13,4.472939344549768,7.931623445838254,9.625016923528367,-46.341889009355214
11.135,4.646256428339609,8.071385591164148,9.673578604606668,-46.341889009355214
11.14,4.817374211771312,8.225413721287712,9.73197947658359,-46.341889009355214
11.145,4.987876519537942,8.392084255993176,9.79984119886782,-46.341889009355214
11.15,5.158039108600523,8.57281151079726,9.877705453490279,-46.341889009355214
11.155,5.3286919122069,8.766927475288703,9.966679847442126,-46.341889009355214
11.16,5.50021128935647,8.97271490554486,10.066458057287369,-46.341889009355214
11.165000000000001,5.672732447560913,9.189639270640471,10.1782388810509,-46.341889009355214
11.17,5.849233517809279,9.417341713914487,10.303956267754831,-46.341889009355214
11.175,6.027194440489547,9.655724098802697,10.44295433632653,-46.341889009355214
11.18,6.208191845664549,9.905037212123798,10.59583600551854,-46.341889009355214
11.185,6.3924848079271746,10.163896950289093,10.762426560719629,-46.341889009355214
11.19,6.580945563528837,10.432437391910053,10.943687924991172,-46.341889009355214
11.195,6.772106868135647,10.710341700996224,11.141715332403086,-46.341889009355214
11.200000000000001,6.968915820612668,10.996531953652859,11.355511555252596,-46.341889009355214
11.205,7.169066219097771,11.289239963376263,11.587864342872079,-46.341889009355214
11.21,7.3741215751863995,11.58931503348868,11.83753547039617,-46.341889009355214
11.215,7.584264021383674,11.89672296590344,12.106390052040618,-46.341889009355214
11.22,7.800360028995843,12.208915619873684,12.397455273015405,-46.341889009355214
11.225,8.021288978251691,12.524968726587746,12.707312813762387,-46.341889009355214
11.23,8.247915160635825,12.843907919578404,13.040285091959252,-46.341889009355214
11.235,8.478383633572493,13.165572622206044,13.397888498360993,-46.341889009355214
11.24,8.712930506073137,13.487537727934589,13.777169630388789,-46.341889009355214
11.245000000000001,8.951875397171708,13.807952373967197,14.180333948169402,-46.341889009355214
11.25,9.194547799651927,14.12620816377972,14.609442172502794,-46.341889009355214
11.255,9.439827321767963,14.439337887131494,15.063544484164966,-46.341889009355214
11.26,9.688961918089616,14.745791109367833,15.543675605865909,-46.341889009355214
11.265,9.941504092996976,15.044023473508753,16.04910059442604,-46.341889009355214
11.27,10.197545850377322,15.331145737332065,16.58263535088958,-46.341889009355214
11.275,10.45445461203846,15.60558089280878,17.143055719603094,-46.341889009355214
11.28,10.711814711869211,15.863650609766715,17.73230109056229,-46.341889009355214
11.285,10.969123921328745,16.101020663507597,18.34619693991182,-46.341889009355214
11.290000000000001,11.225248935335593,16.31833480450722,18.98505548272772,-46.341889009355214
11.295,11.479756164105503,16.512408536689144,19.648128972865283,-46.341889009355214
11.3,11.730980265088712,16.677104386110145,20.333900324590424,-46.341889009355214
11.305,11.977608234765277,16.811175599012273,21.040565078741423,-46.341889009355214
11.31,12.218930184995191,16.911468481990195,21.767604856549703,-46.341889009355214
11.315,12.453154954033646,16.976322455349433,22.509957119040354,-46.341889009355214
11.32,12.67978181028035,17.00060808478926,23.26791105058068,-46.341889009355214
11.325000000000001,12.895034285593423,16.9838394324084,24.035879248466614,-46.341889009355214
11.33,13.100781331526438,16.923095575225535,24.809701406245548,-46.341889009355214
11.335,13.291265332498366,16.816729360112102,25.5876516349253,-46.341889009355214
11.34,13.467864148738322,16.660684232861744,26.36261651741076,-46.341889009355214
11.345,13.62813912571199,16.45564755894918,27.134338528387158,-46.341889009355214
11.35,13.768838945546271,16.200883898007426,27.894009234711234,-46.341889009355214
11.355,13.890959697091475,15.894868754020262,28.637938127443483,-46.341889009355214
11.36,13.991488802733754,15.538463083415525,29.359796884533758,-46.341889009355214
11.365,14.069175783503582,15.134766030079401,30.054877204457828,-46.341889009355214
11.370000000000001,14.120917028796699,14.681874909672752,30.718729228570588,-46.341889009355214
11.375,14.150546054547886,14.184080699629792,31.346064891123483,-46.341889009355214
11.38,14.151573259553327,13.645127427484182,31.931614920119358,-46.341889009355214
11.385,14.125232115734157,13.067062934262859,32.471171299627194,-46.341889009355214
11.39,14.073901404059624,12.454951161397336,32.96167403030544,-46.341889009355214
11.395,13.99207278175749,11.81187144828883,33.397394531907004,-46.341889009355214
11.4,13.882483599546818,11.142920507138998,33.7781185154607,-46.341889009355214
11.405,13.746473263461043,10.45487750175189,34.100214144868886,-46.341889009355214
11.41,13.581230827046225,9.752205834302828,34.363041378605914,-46.341889009355214
11.415000000000001,13.389338710966275,9.040190849776524,34.56601087536395,-46.341889009355214
11.42,13.172224243939844,8.32382216624038,34.71074996825591,-46.341889009355214
11.425,12.929375864364552,7.6084502083296375,34.796844326259915,-46.341889009355214
11.43,12.662244074158147,6.9004001132563495,34.82543087033283,-46.341889009355214
11.435,12.374092287736918,6.201682533322094,34.7978213483444,-46.341889009355214
11.44,12.065962896996096,5.520281989528695,34.7178074634348,-46.341889009355214
11.445,11.736853236117001,4.855732321810165,34.58811457554492,-46.341889009355214
11.450000000000001,11.393151317162584,4.213324750641453,34.41262798282298,-46.341889009355214
11.455,11.033886618161931,3.5953702323002004,34.19358604045079,-46.341889009355214
11.46,10.661798282063883,3.004888633842289,33.93657485117911,-46.341889009355214
11.465,10.278750844192128,2.442409943956239,33.643284739282905,-46.341889009355214
11.47,9.887594994500798,1.9079862218912818,33.319624426695576,-46.341889009355214
11.475,9.489212577395522,1.4043800110103402,32.96922085007209,-46.341889009355214
11.48,9.084749568818847,0.9277625861975871,32.59605673645111,-46.341889009355214
11.485,8.6779517142554,0.4824445384752213,32.204225211188,-46.341889009355214
11.49,8.268221799303106,0.0661131525368921,31.795824726003694,-46.341889009355214
11.495000000000001,7.858294725168336,-0.3228577815746568,31.374015693971213,-46.341889009355214
11.5,7.449098642684866,-0.6848819127665164,30.943332141192162,-46.341889009355214
11.505,7.043197849653026,-1.0223507525004223,30.50562151419234,-46.341889009355214
11.51,6.63996673332261,-1.3384085508371875,30.062247955487074,-46.341889009355214
11.515,6.241601072578887,-1.6323702859992595,29.61765095523237,-46.341889009355214
11.52,5.847348719528417,-1.9063349248878898,29.172641020622436,-46.341889009355214
11.525,5.4597470918404145,-2.16339135591593,28.72706667923179,-46.341889009355214
11.53,5.078683416447566,-2.4032108840488315,28.28526171755765,-46.341889009355214
11.535,4.704274774225237,-2.6310268780878463,27.845921315763682,-46.341889009355214
11.540000000000001,4.3382122734910205,-2.846050328335204,27.412797264418344,-46.341889009355214
11.545,3.980111759570826,-3.0504788288093168,26.985949816353212,-46.341889009355214
11.55,3.6289940724570346,-3.2472489308579133,26.566467367884314,-46.341889009355214
11.555,3.285511615920884,-3.436506008106333,26.15376558176224,-46.341889009355214
11.56,2.948638100046546,-3.6199414169192736,25.74778651986555,-46.341889009355214
11.565,2.620480054306934,-3.800944463762539,25.351047753140502,-46.341889009355214
11.57,2.2995774928894317,-3.9781259497259023,24.964047179658888,-46.341889009355214
11.575000000000001,1.9862319106629005,-4.155173729590136,24.585625966495,-46.341889009355214
11.58,1.679344237986993,-4.332628944386694,24.217663090948808,-46.341889009355214
11.585,1.3792052977145355,-4.511843264257936,23.85803573973397,-46.341889009355214
11.59,1.084455393978702,-4.692054015003551,23.5081629564859,-46.341889009355214
11.595,0.7952885726457062,-4.8756194228119165,23.170664072633393,-46.341889009355214
11.6,0.5113626708307304,-5.064446133277853,22.84294165602451,-46.341889009355214
11.605,0.231618237240298,-5.256325172249909,22.523908074873457,-46.341889009355214
11.61,-0.042994757294261166,-5.454767695056513,22.21753367271548,-46.341889009355214
11.615,-0.3130266634532725,-5.660247345890811,21.921510101746957,-46.341889009355214
11.620000000000001,-0.580739806317546,-5.873718728936843,21.636974444557353,-46.341889009355214
11.625,-0.8448806579369328,-6.093773196465785,21.365520454445846,-46.341889009355214
11.63,-1.1085254279909984,-6.321561281773607,21.106676213130086,-46.341889009355214
11.635,-1.369556944910265,-6.5592787264845756,20.86057471078387,-46.341889009355214
11.64,-1.6299522257016315,-6.8066007579375105,20.627100560818043,-46.341889009355214
11.645,-1.888835039430099,-7.065387572584149,20.40806442204893,-46.341889009355214
11.65,-2.1482115485821893,-7.33381681261676,20.20240975021746,-46.341889009355214
11.655,-2.407655517071467,-7.6116870481738435,20.011340226806208,-46.341889009355214
11.66,-2.668502865804318,-7.899190436283634,19.834552980750356,-46.341889009355214
11.665000000000001,-2.9307664680942733,-8.200004450659918,19.67528256959446,-46.341889009355214
11.67,-3.1944692801045553,-8.512994326599445,19.531869248114994,-46.341889009355214
11.675,-3.460966078342925,-8.83763832563748,19.40728692730989,-46.341889009355214
11.68,-3.729765485135264,-9.173871579219366,19.300963591001413,-46.341889009355214
11.685,-4.002355659867901,-9.521976123294236,19.214648890776733,-46.341889009355214
11.69,-4.27843441043494,-9.882297147231952,19.14824986906489,-46.341889009355214
11.695,-4.558916322997156,-10.254446304063608,19.103998422063466,-46.341889009355214
11.700000000000001,-4.842935912335084,-10.637970920682562,19.082553995333996,-46.341889009355214
11.705,-5.1331417078801,-11.032086441222795,19.085546734161927,-46.341889009355214
11.71,-5.427729001928979,-11.436432010900093,19.11397376920078,-46.341889009355214
11.715,-5.728079347338736,-11.851452046784955,19.17010777646355,-46.341889009355214
11.72,-6.033745353282312,-12.27543756217553,19.25387519300034,-46.341889009355214
11.725,-6.345943156075293,-12.710559866853613,19.36772478307428,-46.341889009355214
11.73,-6.664776565118521,-13.152972048989993,19.51314974629895,-46.341889009355214
11.735,-6.9896649979310626,-13.601087296501355,19.69160487585235,-46.341889009355214
11.74,-7.319785063393645,-14.054858431503442,19.903999176727805,-46.341889009355214
11.745000000000001,-7.6561852533652655,-14.512261117996589,20.153130969463227,-46.341889009355214
11.75,-7.999345910440069,-14.970176946170518,20.440319324180894,-46.341889009355214
11.755,-8.34689776549527,-15.42885073120619,20.766796036553334,-46.341889009355214
11.76,-8.701198578579204,-15.886327218745654,21.134264119266216,-46.341889009355214
11.765,-9.059313457499885,-16.336277835827044,21.54412219882655,-46.341889009355214
11.77,-9.423191931768237,-16.778800545311558,21.996853710589992,-46.341889009355214
11.775,-9.789590500072052,-17.21005034422003,22.49352804933587,-46.341889009355214
11.78,-10.159953822434781,-17.625804826173308,23.03507932360028,-46.341889009355214
11.785,-10.532587522343253,-18.021886947319015,23.622549738579856,-46.341889009355214
11.790000000000001,-10.90726018995809,-18.393817449655216,24.25673511422486,-46.341889009355214
11.795,-11.281413984775426,-18.73750650078434,24.936451074687092,-46.341889009355214
11.8,-11.654503837977678,-19.047780752661033,25.66177227181698,-46.341889009355214
11.805,-12.023626082360206,-19.322086741375426,26.430202397975545,-46.341889009355214
11.81,-12.38914276913454,-19.551875521773834,27.239256171714388,-46.341889009355214
11.815,-12.7472285330439,-19.732418842286613,28.088018701941387,-46.341889009355214
11.82,-13.096999876857398,-19.859581202156765,28.971306264648035,-46.341889009355214
11.825000000000001,-13.434394065191743,-19.92839993900635,29.886209502480398,-46.341889009355214
11.83,-13.758656733182061,-19.934870563344884,30.826932702241187,-46.341889009355214
11.835,-14.068338317732536,-19.874562623256917,31.787563095697035,-46.341889009355214
11.84,-14.359288209992732,-19.740546519222313,32.76266275637335,-46.341889009355214
11.845,-14.629338789560956,-19.53026625383462,33.74284689720557,-46.341889009355214
11.85,-14.87388188034231,-19.245165406223087,34.72191533842802,-46.341889009355214
11.855,-15.093945878611146,-18.881522575400528,35.68990944987226,-46.341889009355214
11.86,-15.282952660794615,-18.438131497716956,36.63999474552492,-46.341889009355214
11.865,-15.440384738351643,-17.917435184509714,37.560123873932284,-46.341889009355214
11.870000000000001,-15.564094638392145,-17.320882145781713,38.442471409934704,-46.341889009355214
11.875,-15.65300633015227,-16.65289904026834,39.277886300133886,-46.341889009355214
11.88,-15.702308439839484,-15.917920096494548,40.05754369222438,-46.341889009355214
11.885,-15.713321764998764,-15.124756158562459,40.773200430141834,-46.341889009355214
11.89,-15.684261409963389,-14.276872794578898,41.416573932449126,-46.341889009355214
11.895,-15.61460990400033,-13.385854236498538,41.984541056394434,-46.341889009355214
11.9,-15.50240744640506,-12.458139636474723,42.46933506896752,-46.341889009355214
11.905,-15.349485998817855,-11.506701627227494,42.86830077459169,-46.341889009355214
11.91,-15.1586853908537,-10.539730022823607,43.17918041911579,-46.341889009355214
11.915000000000001,-14.928579275111272,-9.567820472814784,43.40180737604977,-46.341889009355214
11.92,-14.660097183896088,-8.602268778626815,43.536479094759144,-46.341889009355214
11.925,-14.35837063191341,-7.651612622048898,43.58633151383943,-46.341889009355214
11.93,-14.022255533853437,-6.726646214662162,43.5542526327578,-46.341889009355214
11.935,-13.658272811065062,-5.834148886375681,43.44492636660895,-46.341889009355214
11.94,-13.267117574361492,-4.981205597640818,43.26291908999732,-46.341889009355214
11.945,-12.852363592756959,-4.174577583908387,43.01703039177337,-46.341889009355214
11.950000000000001,-12.419673132503789,-3.4216032687478943,42.712352309390965,-46.341889009355214
11.955,-11.970778439211646,-2.7227946204865914,42.35552292282291,-46.341889009355214
11.96,-11.508649950061645,-2.0806253580080867,41.95353086767395,-46.341889009355214
11.965,-11.037357564004486,-1.499560775957899,41.51425883398641,-46.341889009355214
11.97,-10.560668660119834,-0.9776747109591418,41.04410863056583,-46.341889009355214
11.975,-10.081858495683605,-0.5158365269668952,40.548362200813415,-46.341889009355214
11.98,-9.605260467594869,-0.11155556565177777,40.03440857182311,-46.341889009355214
11.985,-9.130730225911709,0.23475231694887339,39.50635609597149,-46.341889009355214
11.99,-8.662573595911493,0.526876565418668,38.967967472508484,-46.341889009355214
11.995000000000001,-8.202551705100436,0.7683509831183519,38.42610441005517,-46.341889009355214
12.0,-7.754109632496964,0.9617063042525673,37.88130020850045,-46.341889009355214
12.005,-7.3171607605559315,1.1071834481701224,37.338727513617194,-46.341889009355214
12.01,-6.89531412857515,1.211660117262464,36.79977148629854,-46.341889009355214
12.015,-6.489107240044588,1.2782483384995413,36.266287858390136,-46.341889009355214
12.02,-6.101433834150857,1.3081555348075142,35.74106784141924,-46.341889009355214
12.025,-5.731211807111251,1.3056334666969391,35.22464523707609,-46.341889009355214
12.030000000000001,-5.379815503325533,1.2742869632719964,34.71737030057857,-46.341889009355214
12.035,-5.046622378502466,1.2175308947911425,34.22049626284385,-46.341889009355214
12.040000000000001,-4.732505287500879,1.1361287199577184,33.73276624327054,-46.341889009355214
12.045,-4.438362180291117,1.0350415034418767,33.2555568972607,-46.341889009355214
12.05,-4.164446726274742,0.9165601802283738,32.78901166668017,-46.341889009355214
12.055,-3.909250242018573,0.7797297989826092,32.33253331087049,-46.341889009355214
12.06,-3.6750251271144396,0.6299955616862372,31.88555346484834,-46.341889009355214
12.065,-3.458772746317,0.46631239949610076,31.448870838813928,-46.341889009355214
12.07,-3.260629719112484,0.29120137424590886,31.021541541663808,-46.341889009355214
12.075000000000001,-3.083474829132394,0.10781278960544141,30.60343727514939,-46.341889009355214
12.08,-2.9242361125428813,-0.08485151536714669,30.194730724984797,-46.341889009355214
12.085,-2.782574104623999,-0.2839360856203926,29.79245255137221,-46.341889009355214
12.09,-2.657396088771868,-0.49019144082069405,29.400295229688393,-46.341889009355214
12.095,-2.5481748596642646,-0.7020581247227329,29.01469166834078,-46.341889009355214
12.1,-2.4552860776641565,-0.9176971350298843,28.636747693312195,-46.341889009355214
12.105,-2.3772116638934504,-1.1365790429088904,28.265257324920213,-46.341889009355214
12.11,-2.313911374976971,-1.3595576612299078,27.90299690919222,-46.341889009355214
12.115,-2.2670487809484867,-1.5867934603048626,27.54722222973813,-46.341889009355214
12.120000000000001,-2.2326487197608547,-1.8158063796729973,27.19723755420137,-46.341889009355214
12.125,-2.213611438763193,-2.0478812823305272,26.85583262576348,-46.341889009355214
12.13,-2.2055866799626975,-2.2816706946175307,26.520149673696107,-46.341889009355214
12.135,-2.208569728482111,-2.5185802202398135,26.19099607085522,-46.341889009355214
12.14,-2.2239502366090673,-2.7580125504355966,25.87020430904153,-46.341889009355214
12.145,-2.2513291528936317,-2.9992772693904803,25.55672025526307,-46.341889009355214
12.15,-2.2889332047332323,-3.244002063088748,25.250940853886053,-46.341889009355214
12.155000000000001,-2.3364584681886793,-3.4910058549938405,24.952745181589155,-46.341889009355214
12.16,-2.3933543914712723,-3.7406490048139722,24.66060687181934,-46.341889009355214
12.165000000000001,-2.4610048872156383,-3.9945440369137155,24.376815373144183,-46.341889009355214
12.17,-2.5380823275808964,-4.251441663090372,24.10177404270542,-46.341889009355214
12.175,-2.622837857279185,-4.511784748857819,23.833274734517474,-46.341889009355214
12.18,-2.7163585741088467,-4.7756355422892565,23.574539849342973,-46.341889009355214
12.185,-2.8187974968121186,-5.042862101742243,23.32528242735555,-46.341889009355214
12.19,-2.9302768062531857,-5.314683107947625,23.08513718478478,-46.341889009355214
12.195,-3.0488003543751105,-5.591765658417707,22.856354628122784,-46.341889009355214
12.200000000000001,-3.174964510139556,-5.874046995130334,22.636420902070366,-46.341889009355214
12.205,-3.3098785398193877,-6.161803628690455,22.42783760694264,-46.341889009355214
12.21,-3.4527921201181835,-6.454742627507698,22.230949154012443,-46.341889009355214
12.215,-3.603644725830166,-6.754512812210388,22.046385499428194,-46.341889009355214
12.22,-3.7611203176406933,-7.0589915592443795,21.874157841269167,-46.341889009355214
12.225,-3.9262946776547225,-7.37133641237186,21.715410515152477,-46.341889009355214
12.23,-4.098706085064441,-7.6894424562593215,21.571251939727404,-46.341889009355214
12.235,-4.279134892488897,-8.01495526859162,21.441623541884812,-46.341889009355214
12.24,-4.466181282391151,-8.34720771856689,21.327216749890017,-46.341889009355214
12.245000000000001,-4.659075800460733,-8.686608375181287,21.229757417815495,-46.341889009355214
12.25,-4.8603827258050485,-9.034267177341093,21.150116955338188,-46.341889009355214
12.255,-5.069923494166202,-9.387882821814227,21.087187611679543,-46.341889009355214
12.26,-5.285184957711372,-9.748303270419154,21.043966745410998,-46.341889009355214
12.265,-5.507870515178898,-10.114280096364547,21.021922806534768,-46.341889009355214
12.27,-5.737064636352262,-10.486995730637217,21.020154053688618,-46.341889009355214
12.275,-5.974769436030393,-10.86621660721064,21.039936317834563,-46.341889009355214
12.280000000000001,-6.21891647851418,-11.251209501417485,21.083801868715547,-46.341889009355214
12.285,-6.47007070122006,-11.640387282442378,21.15225283989543,-46.341889009355214
12.290000000000001,-6.7278890818538635,-12.034479961908787,21.24647309928113,-46.341889009355214
12.295,-6.992586796879728,-12.431144956264845,21.367521624408326,-46.341889009355214
12.3,-7.264173716069044,-12.83308511087436,21.51634859091446,-46.341889009355214
12.305,-7.543075100078111,-13.236234145689082,21.69545369897722,-46.341889009355214
12.31,-7.827152185007772,-13.639108805337768,21.90428370269094,-46.341889009355214
12.315,-8.117762208515487,-14.040772864229046,22.144891210306056,-46.341889009355214
12.32,-8.414318195923295,-14.440062605108185,22.419885304190938,-46.341889009355214
12.325000000000001,-8.714550698703025,-14.83278034999285,22.727346654859993,-46.341889009355214
12.33,-9.02122927510171,-15.220060943457847,23.069572057923857,-46.341889009355214
12.335,-9.330400540417049,-15.597901255353188,23.44854620726391,-46.341889009355214
12.34,-9.642523660234858,-15.964478021003586,23.862480141384356,-46.341889009355214
12.345,-9.958899476746643,-16.31591863302808,24.31407487586347,-46.341889009355214
12.35,-10.276397185032025,-16.649073338054436,24.80320927656947,-46.341889009355214
12.355,-10.595171442270546,-16.96202620533932,25.327327089185992,-46.341889009355214
12.36,-10.911384424366274,-17.249939351711124,25.88855479280166,-46.341889009355214
12.365,-11.2284475261387,-17.51044271134946,26.484807396500752,-46.341889009355214
12.370000000000001,-11.542908070207446,-17.74054772314009,27.114637624586997,-46.341889009355214
12.375,-11.852456050508309,-17.934312113543335,27.778065282233687,-46.341889009355214
12.38,-12.156621611544436,-18.088632971904584,28.47063472313466,-46.341889009355214
12.385,-12.451516145987322,-18.201606028303495,29.189411505835718,-46.341889009355214
12.39,-12.738726133011497,-18.26844180085663,29.933768298018922,-46.341889009355214
12.395,-13.015601661388702,-18.284861341621152,30.698055058151333,-46.341889009355214
12.4,-13.279348554228369,-18.249396649091494,31.479162973312473,-46.341889009355214
12.405000000000001,-13.528341855606245,-18.15840585972343,32.27172665131418,-46.341889009355214
12.41,-13.759463866846241,-18.01015341526395,33.06832295909361,-46.341889009355214
12.415000000000001,-13.971640756518648,-17.80304561380311,33.86562427529962,-46.341889009355214
12.42,-14.16260065941695,-17.536397284443854,34.656896072544995,-46.341889009355214
12.425,-14.331343909697054,-17.210317450660128,35.437169053578856,-46.341889009355214
12.43,-14.473937553506648,-16.823534429542427,36.19796414242989,-46.341889009355214
12.435,-14.589961187545182,-16.378052419683517,36.933041371163085,-46.341889009355214
12.44,-14.6792061757564,-15.877594979556498,37.63612015271671,-46.341889009355214
12.445,-14.738992674947026,-15.32221265531547,38.300044555795196,-46.341889009355214
12.450000000000001,-14.767747302280288,-14.717982548029376,38.91904092248179,-46.341889009355214
12.455,-14.765471210652334,-14.07011077493674,39.487637985333556,-46.341889009355214
12.46,-14.730416439649817,-13.384629953436205,39.99946028081156,-46.341889009355214
12.465,-14.663486888129512,-12.663692849060258,40.45185236876036,-46.341889009355214
12.47,-14.562990346511391,-11.919603793463944,40.84035164601603,-46.341889009355214
12.475,-14.43064280860661,-11.157121105496246,41.16440272930372,-46.341889009355214
12.48,-14.267918501442027,-10.383278510093406,41.42159051327383,-46.341889009355214
12.485,-14.07330283271817,-9.605268049627943,41.61026029284662,-46.341889009355214
12.49,-13.849519618343162,-8.83087135932084,41.73148502658383,-46.341889009355214
12.495000000000001,-13.599106455446035,-8.067851114268485,41.787667907652775,-46.341889009355214
12.5,-13.322318702559063,-7.322533845136182,41.778442518797526,-46.341889009355214
12.505,-13.021499161939534,-6.599444441869582,41.709135156092415,-46.341889009355214
12.51,-12.699679889990202,-5.905231643794193,41.58168759890255,-46.341889009355214
12.515,-12.360256434310358,-5.245654682638045,41.402565100106095,-46.341889009355214
12.52,-12.00558318775259,-4.622438083744191,41.17456137816812,-46.341889009355214
12.525,-11.636651576910662,-4.0397368998155745,40.90388794177679,-46.341889009355214
12.530000000000001,-11.256482287104925,-3.5008838602688273,40.59512281247409,-46.341889009355214
12.535,-10.868679111732517,-3.006613148752593,40.25093409714131,-46.341889009355214
12.540000000000001,-10.47606942404384,-2.5581515012516,39.877851341293024,-46.341889009355214
12.545,-10.079143951693569,-2.1548928039277353,39.481093778535126,-46.341889009355214
12.55,-9.682783410961251,-1.7972096715265635,39.0634373387491,-46.341889009355214
12.555,-9.287749311942134,-1.4836207381902815,38.63037468569949,-46.341889009355214
12.56,-8.896189491903256,-1.2145635526158962,38.18312532990023,-46.341889009355214
12.565,-8.51226378380191,-0.9869942098577378,37.72677365108353,-46.341889009355214
12.57,-8.135541793451326,-0.7992750997261533,37.265841662687244,-46.341889009355214
12.575000000000001,-7.767247433808109,-0.6500711430225717,36.80113434436209,-46.341889009355214
12.58,-7.412130802680279,-0.5353412581444488,36.33608098750408,-46.341889009355214
12.585,-7.069039344723491,-0.4560298627725099,35.87158961814106,-46.341889009355214
12.59,-6.73737094714384,-0.40764237802042796,35.409113911882486,-46.341889009355214
12.595,-6.419265969821816,-0.3878717717046129,34.95057725066483,-46.341889009355214
12.6,-6.117056533372231,-0.3940373590083459,34.497027915870284,-46.341889009355214
12.605,-5.8308825894599146,-0.42509652519541574,34.049112075766814,-46.341889009355214
12.61,-5.560701856762076,-0.4777739733938521,33.60721614774442,-46.341889009355214
12.615,-5.305097299875459,-0.5525809935908191,33.172280386134474,-46.341889009355214
12.620000000000001,-5.066408590790938,-0.6451931632398948,32.74454316623959,-46.341889009355214
12.625,-4.845411711955649,-0.7529697669234954,32.32274605875707,-46.341889009355214
12.63,-4.640767608734315,-0.8764842675654136,31.910395265409626,-46.341889009355214
12.635,-4.451665797988439,-1.012278548455377,31.504419251941723,-46.341889009355214
12.64,-4.280289463569085,-1.159742343681207,31.10781842075499,-46.341889009355214
12.645,-4.124345311607625,-1.3202921666716882,30.718331519484977,-46.341889009355214
12.65,-3.9842347136748004,-1.488235878934559,30.336734697289963,-46.341889009355214
12.655000000000001,-3.859411891319497,-1.665846138107115,29.961152118219015,-46.341889009355214
12.66,-3.7502788678608763,-1.8527860455678489,29.593191751655095,-46.341889009355214
12.665000000000001,-3.6552969045418204,-2.0454064332695245,29.233625820572417,-46.341889009355214
12.67,-3.575156842103114,-2.2441844216724496,28.88141903569373,-46.341889009355214
12.675,-3.5085346997792337,-2.4485180056261613,28.536084914677154,-46.341889009355214
12.68,-3.4559947918254594,-2.658944075476974,28.19692344409787,-46.341889009355214
12.685,-3.4162134070711954,-2.8738963397226196,27.86621664435506,-46.341889009355214
12.69,-3.3887714173137966,-3.093554779124748,27.54444026708878,-46.341889009355214
12.695,-3.3737750540344544,-3.3180365304980652,27.231164330597938,-46.341889009355214
12.700000000000001,-3.3719161647210685,-3.5458836905231617,26.92315974016338,-46.341889009355214
12.705,-3.3797087590077117,-3.7785659509521987,26.62375291416977,-46.341889009355214
12.71,-3.4002543454519474,-4.015209917717794,26.333009969628254,-46.341889009355214
12.715,-3.4319792621705685,-4.25544716953827,26.05014469875055,-46.341889009355214
12.72,-3.47389689893145,-4.499218387284048,25.77563032560251,-46.341889009355214
12.725,-3.5249426468608394,-4.7480632574927775,25.50907329136675,-46.341889009355214
12.73,-3.5857011978694744,-5.001254598661057,25.252405314325674,-46.341889009355214
12.735,-3.6561286278413294,-5.257176458797872,25.00563737006583,-46.341889009355214
12.74,-3.7353026115926764,-5.51784897925165,24.76830921413108,-46.341889009355214
12.745000000000001,-3.824742641133162,-5.781838004654586,24.54024594056203,-46.341889009355214
12.75,-3.923899217787477,-6.051116053553243,24.324062666017216,-46.341889009355214
12.755,-4.0312892016877715,-6.324879077732455,24.118562698607715,-46.341889009355214
12.76,-4.145189039663424,-6.602740019972517,23.924219213004626,-46.341889009355214
12.765,-4.267295435156708,-6.886554573121308,23.74163755851323,-46.341889009355214
12.77,-4.397487923917958,-7.174553117822293,23.5718409600853,-46.341889009355214
12.775,-4.537271994933922,-7.468559819582194,23.41565572658469,-46.341889009355214
12.780000000000001,-4.6837879219337175,-7.766388717929703,23.272900273215633,-46.341889009355214
12.785,-4.838354129621453,-8.070652133461884,23.144506996593833,-46.341889009355214
12.790000000000001,-4.999117688811758,-8.379250742562233,23.031144363443733,-46.341889009355214
12.795,-5.168216250961774,-8.69395626011465,22.933570582452212,-46.341889009355214
12.8,-5.345676087410424,-9.013251143134502,22.852712377494637,-46.341889009355214
12.805,-5.529512073855924,-9.336683637126551,22.789621744529533,-46.341889009355214
12.81,-5.719496016994925,-9.664722985654732,22.744158569687734,-46.341889009355214
12.815,-5.9171590364780595,-9.998860704680093,22.717485113596677,-46.341889009355214
12.82,-6.121912134556613,-10.336376142627982,22.71127593367655,-46.341889009355214
12.825000000000001,-6.333449943234185,-10.677711725614222,22.72496257361375,-46.341889009355214
12.83,-6.550882029038365,-11.023826525438485,22.75999384921338,-46.341889009355214
12.835,-6.774133520069688,-11.372101458752516,22.818104384325203,-46.341889009355214
12.84,-7.003712836348194,-11.721198384408314,22.90020977451637,-46.341889009355214
12.845,-7.239220310646794,-12.071091440092356,23.005182351747425,-46.341889009355214
12.85,-7.4821510457784,-12.422612339139583,23.134071231221373,-46.341889009355214
12.855,-7.729289617193879,-12.773742834567592,23.289840452958124,-46.341889009355214
12.86,-7.980955794014385,-13.12284608307136,23.47255689302465,-46.341889009355214
12.865,-8.238663112209382,-13.470450436144125,23.68402154877912,-46.341889009355214
12.870000000000001,-8.49983844113997,-13.813226934309684,23.922502516470384,-46.341889009355214
12.875,-8.765076539853165,-14.149446871309884,24.18846139194454,-46.341889009355214
12.88,-9.034579855924246,-14.477924450745709,24.485881552224306,-46.341889009355214
12.885,-9.307601679765902,-14.796705047026556,24.813255652318198,-46.341889009355214
12.89,-9.581603034019633,-15.10415709437811,25.172909830441498,-46.341889009355214
12.895,-9.858802209590564,-15.394943990711173,25.56095805891196,-46.341889009355214
12.9,-10.134598501004358,-15.669606073556489,25.979301422680248,-46.341889009355214
12.905000000000001,-10.411646192006035,-15.924123250521813,26.426805938648883,-46.341889009355214
12.91,-10.687454456666755,-16.15809275928916,26.901744939457124,-46.341889009355214
12.915000000000001,-10.960721426941571,-16.36769122265095,27.405297492757107,-46.341889009355214
12.92,-11.23039515159296,-16.55211545700521,27.93649902477784,-46.341889009355214
12.925,-11.49538512595976,-16.703819197221716,28.492181064806122,-46.341889009355214
12.93,-11.755822210672198,-16.823560360529843,29.07299360862617,-46.341889009355214
12.935,-12.009602190897407,-16.907936415991927,29.673956060064384,-46.341889009355214
12.94,-12.254430671587869,-16.954092626954893,30.294128087108454,-46.341889009355214
12.945,-12.489308595138521,-16.959714397659102,30.929392131599027,-46.341889009355214
12.950000000000001,-12.713547627490273,-16.923047253218204,31.576701540953206,-46.341889009355214
12.955,-12.924830915956049,-16.843792451526667,32.231155962862886,-46.341889009355214
12.96,-13.120534752213944,-16.717951954769084,32.89007444514512,-46.341889009355214
12.965,-13.29992219266417,-16.54602620703832,33.54902618083317,-46.341889009355214
12.97,-13.462997204063097,-16.325763397753224,34.20173259845323,-46.341889009355214
12.975,-13.606654967458782,-16.058438997646505,34.845481311335014,-46.341889009355214
12.98,-13.729690200827637,-15.745215819645406,35.47289919899084,-46.341889009355214
12.985,-13.830846026633541,-15.384930116413264,36.08057666229308,-46.341889009355214
12.99,-13.909426120990043,-14.981357660743337,36.66374459267222,-46.341889009355214
12.995000000000001,-13.963047746513908,-14.536147005569264,37.217214424641426,-46.341889009355214
13.0,-13.991984314764055,-14.052577381773519,37.736276254291326,-46.341889009355214
13.005,-13.995275559229786,-13.532712052807458,38.21591198294911,-46.341889009355214
13.01,-13.972555951403482,-12.982117325707705,38.65454037753918,-46.341889009355214
13.015,-13.923950677493668,-12.404873125333287,39.046222897690846,-46.341889009355214
13.02,-13.84746401381805,-11.805852593197317,39.38883208873384,-46.341889009355214
13.025,-13.743184356310174,-11.189474396119621,39.680380929277675,-46.341889009355214
13.030000000000001,-13.614895215654222,-10.562962250587889,39.9209054796411,-46.341889009355214
13.035,-13.463293322070834,-9.930589938307397,40.10764765863278,-46.341889009355214
13.040000000000001,-13.286274656546137,-9.298653822422756,40.24107083942279,-46.341889009355214
13.045,-13.086385694636022,-8.669688699411974,40.32082355322931,-46.341889009355214
13.05,-12.865642766139404,-8.051676559348751,40.35069753575118,-46.341889009355214
13.055,-12.625263025503076,-7.447900999991551,40.33040186171572,-46.341889009355214
13.06,-12.365512076455637,-6.864559117464347,40.26410621071027,-46.341889009355214
13.065,-12.091422872138711,-6.303997375849218,40.15130630970758,-46.341889009355214
13.07,-11.802556867805,-5.769594743690966,39.996868149551105,-46.341889009355214
13.075000000000001,-11.500955907793266,-5.26426929671516,39.803601239795675,-46.341889009355214
13.08,-11.189233181872591,-4.791007681696756,39.57686174272738,-46.341889009355214
13.085,-10.868531304840252,-4.349222837922426,39.31700253685148,-46.341889009355214
13.09,-10.543748149614407,-3.9434733429119997,39.02928550528367,-46.341889009355214
13.095,-10.212956497346129,-3.573176056270785,38.71662094536428,-46.341889009355214
13.1,-9.881275199419557,-3.2397798409304834,38.38291733908067,-46.341889009355214
13.105,-9.550039408180151,-2.9409853155263375,38.03023968812785,-46.341889009355214
13.11,-9.219634512098859,-2.6797681219062364,37.66380877001987,-46.341889009355214
13.115,-8.892279182895845,-2.4530157029790094,37.28443091114634,-46.341889009355214
13.120000000000001,-8.569126787915428,-2.2597825397139517,36.89708344035139,-46.341889009355214
13.125,-8.254136604100093,-2.099037480072089,36.502028187956924,-46.341889009355214
13.13,-7.946701106883836,-1.9701799861512803,36.10168365345745,-46.341889009355214
13.135,-7.648813523204172,-1.8700647342473247,35.698713225670865,-46.341889009355214
13.14,-7.359880130386392,-1.7989939062306488,35.29462495814192,-46.341889009355214
13.145,-7.082653551439821,-1.753573870658681,34.89113960554407,-46.341889009355214
13.15,-6.815345564966534,-1.7334820921532104,34.488142495550754,-46.341889009355214
13.155000000000001,-6.561360594722904,-1.7350008603591058,34.08736136138285,-46.341889009355214
13.16,-6.320752810494158,-1.7573391219216663,33.68788713354444,-46.341889009355214
13.165000000000001,-6.093093077028477,-1.7999287178883705,33.29485502881038,-46.341889009355214
13.17,-5.877377757529629,-1.8615146333233459,32.905353171978994,-46.341889009355214
13.175,-5.676932060192513,-1.9387087683252522,32.520991693624865,-46.341889009355214
13.18,-5.490354444654203,-2.0333931697217436,32.14237648775751,-46.341889009355214
13.185,-5.317357428115427,-2.140762251823506,31.77022684847891,-46.341889009355214
13.19,-5.158489029272732,-2.2615208794325627,31.404086110664384,-46.341889009355214
13.195,-5.013194513828732,-2.3952042552791175,31.04383382189217,45.3677884547405
13.200000000000001,-4.88192217020431,-2.080398191337944,30.689339368220207,45.3677884547405
13.205,-4.742349409962767,-1.7778364399975135,30.330029126233747,45.3677884547405
13.21,-4.594044231438513,-1.487106937926869,29.96758661028973,45.3677884547405
13.215,-4.4384336745566895,-1.2087376803382814,29.602874621772596,45.3677884547405
13.22,-4.27664037266684,-0.9406696424422455,29.234404233644213,45.3677884547405
13.225,-4.109922233246321,-0.6819919949017387,28.864706146716333,45.3677884547405
13.23,-3.938485914226082,-0.43319544918988173,28.493556807170982,45.3677884547405
13.235,-3.7637278673488193,-0.19334716244522318,28.122862694964425,45.3677884547405
13.24,-3.5850492813512775,0.03738757127526357,27.752813364054642,45.3677884547405
13.245000000000001,-3.404103459341388,0.2601693236886218,27.38218102649558,45.3677884547405
13.25,-3.2210481286996804,0.4753091692082818,27.01241347375059,45.3677884547405
13.255,-3.036263904813475,0.6840553257199146,26.644448225523497,45.3677884547405
13.26,-2.850018982184098,0.8867996103904249,26.279369235249753,45.3677884547405
13.265,-2.6636953317118595,1.0837060665746479,25.91793291284224,45.3677884547405
13.27,-2.475825837828253,1.2781887097312767,25.556898007781022,45.3677884547405
13.275,-2.2870125327905244,1.4678415694810725,25.199092599191182,45.3677884547405
13.280000000000001,-2.0992230939200973,1.6546181778631333,24.846713943907723,45.3677884547405
13.285,-1.910720248229363,1.840613737092882,24.498635557207837,45.3677884547405
13.290000000000001,-1.722632599407448,2.026129054403486,24.154004581754066,45.3677884547405
13.295,-1.5348101101329368,2.2088871069329685,23.815467976665264,45.3677884547405
13.3,-1.3465450403509183,2.3928168196568422,23.481464894621414,45.3677884547405
13.305,-1.1593178965483601,2.577472740282359,23.152846134589552,45.3677884547405
13.31,-0.9719517064554503,2.763614200592504,22.827784696295673,45.3677884547405
13.315,-0.7856547183773636,2.9525237424054556,22.51010208748818,45.3677884547405
13.32,-0.5982323003884655,3.1432196762024573,22.197896431113477,45.3677884547405
13.325000000000001,-0.4103167646203517,3.338337712758839,21.89133936554656,45.3677884547405
13.33,-0.22251731599127936,3.5355533228759963,21.592746312397715,45.3677884547405
13.335,-0.03587861165744091,3.7388111117818705,21.300956018506913,45.3677884547405
13.34,0.15249906509611413,3.94633682364155,21.01729391903229,45.3677884547405
13.345,0.3417469296601801,4.160174576901334,20.74026167280098,45.3677884547405
13.35,0.533086528596849,4.3785611111539,20.47124663725009,45.3677884547405
13.355,0.726107146639493,4.602549460027996,20.21040743133085,45.3677884547405
13.36,0.920235918183316,4.833261037696296,19.95752673547301,45.3677884547405
13.365,1.115602930274044,5.073856455828804,19.714092992904224,45.3677884547405
13.370000000000001,1.313159690604219,5.321477566114474,19.479327649351585,45.3677884547405
13.375,1.5129362775003774,5.577040551948234,19.254961459882782,45.3677884547405
13.38,1.7164127200164592,5.842737248020702,19.04053403275509,45.3677884547405
13.385,1.9216432098004426,6.117553276892416,18.837687720871312,45.3677884547405
13.39,2.1322719509666284,6.401942225236065,18.64528889936027,45.3677884547405
13.395,2.345912906309176,6.696153455442481,18.466762084720642,45.3677884547405
13.4,2.563651179837268,7.000833505265954,18.29860810461853,45.3677884547405
13.405000000000001,2.786115606012692,7.316721560179413,18.145045807252565,45.3677884547405
13.41,3.012240206769627,7.6433456003628315,18.004682497589794,45.3677884547405
13.415000000000001,3.2441038402611806,7.982623511991079,17.87994237869273,45.3677884547405
13.42,3.4798995089627986,8.335184991680459,17.770255740974434,45.3677884547405
13.425,3.723337183486734,8.698867061448603,17.678949162331783,45.3677884547405
13.43,3.972475861151606,9.073514747084472,17.604992246719835,45.3677884547405
13.435,4.226432185616718,9.460763660165373,17.550234905566295,45.3677884547405
13.44,4.486878385664093,9.86097621792106,17.515085667627826,45.3677884547405
13.445,4.755861134251639,10.273110808846873,17.503930850434706,45.3677884547405
13.450000000000001,5.033195227100552,10.697715497608545,17.51530218207752,45.3677884547405
13.455,5.315503796777586,11.134775926305984,17.5507511125585,45.3677884547405
13.46,5.605683504039869,11.5837645284866,17.612518642861705,45.3677884547405
13.465,5.904571748625605,12.042663753353542,17.7010600468669,45.3677884547405
13.47,6.211223028389849,12.514455840244532,17.820319440931115,45.3677884547405
13.475,6.52536177546764,12.994549077286578,17.97157751354913,45.3677884547405
13.48,6.848960287670157,13.483944169240788,18.155863757475352,45.3677884547405
13.485,7.180109172096788,13.979710650658532,18.37499624263706,45.3677884547405
13.49,7.5205432725861066,14.48200738426913,18.632348944278856,45.3677884547405
13.495000000000001,7.869116298509863,14.987471002621014,18.928627236274462,45.3677884547405
13.5,8.22476341806205,15.495455456701023,19.265693111201475,45.3677884547405
13.505,8.588459601092529,16.003126266329843,19.64690356960986,45.3677884547405
13.51,8.95977214024724,16.508003877982777,20.072621109184414,45.3677884547405
13.515,9.337971857664577,17.00880165742248,20.54395089441766,45.3677884547405
13.52,9.721359966896868,17.499912139366813,21.064533497680735,45.3677884547405
13.525,10.110771668628786,17.97689342293104,21.633172113059366,45.3677884547405
13.530000000000001,10.504227075975319,18.43546683357883,22.25344852195919,45.3677884547405
13.535,10.900537070032211,18.871491677903926,22.92483104630074,45.3677884547405
13.540000000000001,11.297722594286492,19.27895589138556,23.64624062062707,45.3677884547405
13.545,11.696560647481228,19.655428681142116,24.419716205616517,45.3677884547405
13.55,12.095234265316432,19.99363582267664,25.243836917813763,45.3677884547405
13.555,12.49052397319131,20.286541934956695,26.115922234896065,45.3677884547405
13.56,12.880206915736265,20.529680895210436,27.03337152355794,45.3677884547405
13.565,13.263273969543832,20.71581810331184,27.995724749660948,45.3677884547405
13.57,13.63668007452393,20.837965196319825,28.996855390006065,45.3677884547405
13.575000000000001,13.996282518897063,20.89162997747303,30.03116445248829,45.3677884547405
13.58,14.340297372292792,20.871685838625826,31.092921359239902,45.3677884547405
13.585,14.664612557205018,20.772227271964894,32.17420823373764,45.3677884547405
13.59,14.969296454553318,20.58912013736818,33.269871224383806,45.3677884547405
13.595,15.250661820405142,20.31845865043152,34.366322675588094,45.3677884547405
13.6,15.503792553420928,19.95725133810375,35.45602650406239,45.3677884547405
13.605,15.72581939105875,19.5056817210131,36.53075605705313,45.3677884547405
13.61,15.9146329406654,18.96350913023201,37.57642412578314,45.3677884547405
13.615,16.066966029119524,18.332695671330917,38.58395622446592,45.3677884547405
13.620000000000001,16.18098081424789,17.61810247333082,39.542030649357926,45.3677884547405
13.625,16.25236129992071,16.822409194660224,40.44031914812242,45.3677884547405
13.63,16.280733222866846,15.953822984466381,41.26925422838893,45.3677884547405
13.635,16.2647947960821,15.021188560438798,42.016896075173726,45.3677884547405
13.64,16.20321607889909,14.034131776701841,42.6780609087928,45.3677884547405
13.645,16.09455334331064,13.001232954067346,43.24680095187043,45.3677884547405
13.65,15.94075161023603,11.93589080340341,43.71539248204574,45.3677884547405
13.655000000000001,15.742022326583244,10.85138472396218,44.08383005989889,45.3677884547405
13.66,15.498045442435613,9.757623373759944,44.3512539005519,45.3677884547405
13.665000000000001,15.210434286468752,8.669507295508717,44.51611719271006,45.3677884547405
13.67,14.882417445072013,7.597093319447099,44.582020130100815,45.3677884547405
13.675,14.519168550045624,6.551811494012737,44.55194804737931,45.3677884547405
13.68,14.119729626543952,5.544588380198371,44.43434112457996,45.3677884547405
13.685,13.691997501056036,4.5838831689864366,44.23332109217155,45.3677884547405
13.69,13.236324587587578,3.676000793699213,43.95807158119021,45.3677884547405
13.695,12.759208831431176,2.827764107006062,43.61510998048431,45.3677884547405
13.700000000000001,12.262179619587508,2.0440694291266848,43.212743141737015,45.3677884547405
13.705,11.750968328640633,1.327584723694962,42.762195288817374,45.3677884547405
13.71,11.230306832093682,0.6794490811323215,42.26920197154013,45.3677884547405
13.715,10.702518476989141,0.10102617052952911,41.74254459983082,45.3677884547405
13.72,10.17139975196655,-0.40767583510917604,41.19173173794295,45.3677884547405
13.725,9.643255448677987,-0.8498488960718358,40.62266803853133,45.3677884547405
13.73,9.118392037708567,-1.2272969197570132,40.03970764766225,45.3677884547405
13.735,8.600323744530133,-1.5429239127248118,39.449109107717966,45.3677884547405
13.74,8.09442862661211,-1.8015720421516757,38.857987261114836,45.3677884547405
13.745000000000001,7.600343259539538,-2.0061971432119288,38.267317435365946,45.3677884547405
13.75,7.119480121471561,-2.160138145530892,37.6808585639162,45.3677884547405
13.755,6.654671302413509,-2.26657092219606,37.1013006204841,45.3677884547405
13.76,6.2102985041137995,-2.331755186942655,36.53111639428933,45.3677884547405
13.765,5.781959123456042,-2.3578196365041366,35.97176922549428,45.3677884547405
13.77,5.375444519097966,-2.3491724292653062,35.42459365114334,45.3677884547405
13.775,4.990471579529502,-2.309427506543988,34.88941258645194,45.3677884547405
13.780000000000001,4.625185467080673,-2.2420091544707934,34.36704359646777,45.3677884547405
13.785,4.28261153744569,-2.1510833021189666,33.857018476794444,45.3677884547405
13.790000000000001,3.961043846027258,-2.0377475778823944,33.360288966810344,45.3677884547405
13.795,3.6608822634626725,-1.9066186523639237,32.87387989785125,45.3677884547405
13.8,3.3812221443769905,-1.7601631194122662,32.400420423779835,45.3677884547405
13.805,3.1255646950795177,-1.5999654005681334,31.938003005210106,45.3677884547405
13.81,2.8891072132602273,-1.4262349303750919,31.488277198252618,45.3677884547405
13.815,2.6722134639052517,-1.2423386071630995,31.04760686982206,45.3677884547405
13.82,2.4761913888288625,-1.0513758773634048,30.61607582021669,45.3677884547405
13.825000000000001,2.3004139161723125,-0.8505820061898084,30.195583789093064,45.3677884547405
13.83,2.142843691980499,-0.6438602934719803,29.78332579927446,45.3677884547405
13.835,2.003146047036031,-0.4328903569675656,29.379084524243673,45.3677884547405
13.84,1.8809089163217743,-0.21692667821046435,28.984417353700792,45.3677884547405
13.845,1.7762939465918433,0.001519943823616865,28.597137100830448,45.3677884547405
13.85,1.6880370660410473,0.22259618220262262,28.215745560438826,45.3677884547405
13.855,1.6139718887716927,0.44732623131849736,27.842148419775636,45.3677884547405
13.86,1.5549838792900768,0.6735648791960146,27.473534636177682,45.3677884547405
13.865,1.5108235376299386,0.9002134310017028,27.111283069010486,45.3677884547405
13.870000000000001,1.4790301360276896,1.1290426231154214,26.755770483978708,45.3677884547405
13.875,1.4613057771095928,1.3594780540685105,26.408055216048716,45.3677884547405
13.88,1.4549614489069178,1.5907636182353682,26.065439042092432,45.3677884547405
13.885,1.461280728161523,1.8233468104877748,25.728877223344732,45.3677884547405
13.89,1.4797554991456345,2.0573476012562235,25.399739307262962,45.3677884547405
13.895,1.5079616585190405,2.2932495011213856,25.076325236833384,45.3677884547405
13.9,1.5467307437845326,2.53026361575795,24.75975622569851,45.3677884547405
13.905000000000001,1.5957643839667857,2.769180816681484,24.449284373448847,45.3677884547405
13.91,1.6549113157267477,3.0107451796998124,24.14598189490929,45.3677884547405
13.915000000000001,1.7215635327616614,3.255208761661255,23.849062598316156,45.3677884547405
13.92,1.7985244908236002,3.5015961087531142,23.559249784941308,45.3677884547405
13.925,1.8834264995230774,3.750898596894832,23.275691559368475,45.3677884547405
13.93,1.9766027873409697,4.003200237946782,23.000931461692858,45.3677884547405
13.935,2.0777558164359866,4.259474018760537,22.733994660887873,45.3677884547405
13.94,2.187036377516989,4.519075824783956,22.47535026073185,45.3677884547405
13.945,2.303646059267813,4.78403562662473,22.22566495448155,45.3677884547405
13.950000000000001,2.4277963836289893,5.053539655591766,21.983682748881634,45.3677884547405
13.955,2.5586556437272368,5.328561561919762,21.75174492613613,45.3677884547405
13.96,2.696626180896343,5.608684570250285,21.530421615993824,45.3677884547405
13.965,2.8427004770032718,5.8952454010186415,21.3190472546794,45.3677884547405
13.97,2.9959715783540464,6.18749448550629,21.11829663811512,45.3677884547405
13.975,3.156090526058445,6.48588235333246,20.93015412612761,45.3677884547405
13.98,3.322375185089882,6.79182117644346,20.754441295578815,45.3677884547405
13.985,3.4962947092074397,7.105459685062277,20.590015722352693,45.3677884547405
13.99,3.677029845480941,7.42536335969162,20.4388330915942,45.3677884547405
13.995000000000001,3.8640496416186703,7.755275446863863,20.301877398535776,45.3677884547405
14.0,4.0586694424761935,8.09199302373572,20.18030281027349,45.3677884547405
14.005,4.259584813985419,8.436496944080611,20.07458206347918,45.3677884547405
14.01,4.468787605312314,8.789766597396024,19.98738680997391,45.3677884547405
14.015,4.684993053549213,9.152115721326044,19.917372297703597,45.3677884547405
14.02,4.9083431255573045,9.52407362530486,19.86499561765143,45.3677884547405
14.025,5.1405297858625385,9.90262461245978,19.833238665201097,45.3677884547405
14.030000000000001,5.378760856280713,10.290500829840232,19.82342592571303,45.3677884547405
14.035,5.62388670197542,10.686388554440814,19.836466055238873,45.3677884547405
14.040000000000001,5.878103557885004,11.088999558995427,19.872949827360628,45.3677884547405
14.045,6.138382434046807,11.499559605801949,19.934176551402064,45.3677884547405
14.05,6.405987158736686,11.916093975784488,20.02096338228774,45.3677884547405
14.055,6.681626428577368,12.339551760388048,20.13643007974822,45.3677884547405
14.06,6.965760407774964,12.766524198478672,20.279776699620836,45.3677884547405
14.065,7.255938875688626,13.198764931064826,20.454740200478486,45.3677884547405
14.07,7.553611318612699,13.632525242027901,20.659485065260466,45.3677884547405
14.075000000000001,7.8574335048443915,14.069150550772815,20.899755503922506,45.3677884547405
14.08,8.168070152291307,14.50574723865062,21.172785671338147,45.3677884547405
14.085,8.484311278301814,14.939743437723623,21.482576969057526,45.3677884547405
14.09,8.806691788865859,15.368679789387869,21.83207310310771,45.3677884547405
14.095,9.134953801728328,15.79110966761342,22.219108981237476,45.3677884547405
14.1,9.469370305567917,16.20225263910619,22.644143360667453,45.3677884547405
14.105,9.806897475478618,16.601554225470633,23.110437741067933,45.3677884547405
14.11,10.146881365518137,16.985246187241962,23.61620298933432,45.3677884547405
14.115,10.489526733015603,17.350360946875348,24.162898029351133,45.3677884547405
14.120000000000001,10.832704883478534,17.691419000321268,24.750003054180038,45.3677884547405
14.125,11.176726259579754,18.004828997291575,25.37876544647438,45.3677884547405
14.13,11.516730619376625,18.28890188082326,26.046141913390045,45.3677884547405
14.135,11.85496695123461,18.53637043563987,26.75235182234122,45.3677884547405
14.14,12.188590167198427,18.74438072701741,27.49567506366939,45.3677884547405
14.145,12.516664154688451,18.908698653696042,28.271212907211876,45.3677884547405
14.15,12.837126713990465,19.02355837723074,29.077868276247866,45.3677884547405
14.155000000000001,13.146918949109704,19.08608656780552,29.91168235279449,45.3677884547405
14.16,13.442966026906543,19.092207213083167,30.768539009915045,45.3677884547405
14.165000000000001,13.724486672133517,19.037458798659106,31.640048633917985,45.3677884547405
14.17,13.989076286484025,18.919774962571257,32.52588739175587,45.3677884547405
14.175,14.235878316328396,18.73578015760009,33.41503948003119,45.3677884547405
14.18,14.460746624128415,18.482984792922416,34.30179626615345,45.3677884547405
14.185,14.662028607777145,18.160697219161204,35.18174092928292,45.3677884547405
14.19,14.83742348116805,17.77001495850811,36.04538475413406,45.3677884547405
14.195,14.984953428001019,17.310095765501156,36.88366682885459,45.3677884547405
14.200000000000001,15.100939122290463,16.785292713268706,37.688891225109636,45.3677884547405
14.205,15.18464092719239,16.19635852172553,38.45267691452447,45.3677884547405
14.21,15.23504076522347,15.549198410957429,39.1705100548063,45.3677884547405
14.215,15.250591812139778,14.846435785322992,39.832518243675814,45.3677884547405
14.22,15.22973918450994,14.096445622182602,40.43380819772201,45.3677884547405
14.225,15.172804128695503,13.30597164700378,40.966373925480106,45.3677884547405
14.23,15.080383416440565,12.482470632758924,41.429451875540295,45.3677884547405
14.235,14.950605604589107,11.634506480675942,41.818882383067745,45.3677884547405
14.24,14.78400303549978,10.770219900033537,42.13076028312806,45.3677884547405
14.245000000000001,14.583591732791108,9.898688112219839,42.36587029196839,45.3677884547405
14.25,14.349425620050386,9.029081855719069,42.52332113355925,45.3677884547405
14.255,14.083639814138946,8.169003280007072,42.60351526819817,45.3677884547405
14.26,13.789557306290021,7.327067656298058,42.6101838241924,45.3677884547405
14.265,13.465952982540617,6.510156586517418,42.547303978405765,45.3677884547405
14.27,13.118888664240071,5.726334616336157,42.418504049621966,45.3677884547405
14.275,12.748931300507387,4.9795007426897655,42.22925708141918,45.3677884547405
14.280000000000001,12.360187753476014,4.274929392478517,41.98243180878527,45.3677884547405
14.285,11.95632518581167,3.6161981804709518,41.687524351309854,45.3677884547405
14.290000000000001,11.53985378232664,3.0058533156341443,41.34858930509357,45.3677884547405
14.295,11.112892738562225,2.447000825764734,40.97113373550693,45.3677884547405
14.3,10.679984260419985,1.9407137630237656,40.56039212516516,45.3677884547405
14.305,10.24312951871381,1.4870875531456385,40.12233881480882,45.3677884547405
14.31,9.806539155853983,1.0861937542263491,39.663270046590156,45.3677884547405
14.315,9.369861209701705,0.7359764470755794,39.18685599654884,45.3677884547405
14.32,8.937840453025794,0.4354584628339837,38.699644187215654,45.3677884547405
14.325000000000001,8.511778216222265,0.18298202559978655,38.202911787211846,45.3677884547405
14.33,8.095757370962563,-0.026155086757803453,37.701708148210805,45.3677884547405
14.335,7.68974225166356,-0.19305748899285416,37.19680235529251,45.3677884547405
14.34,7.295116291945384,-0.31799910130793185,36.69357443276818,45.3677884547405
14.345,6.914772187068014,-0.4060753008744423,36.192974869606054,45.3677884547405
14.35,6.548743505902823,-0.4597576360542031,35.69660675574924,45.3677884547405
14.355,6.198357768121697,-0.4820513122775835,35.20601701655981,45.3677884547405
14.36,5.86470729823141,-0.4776286384588353,34.72256521232308,45.3677884547405
14.365,5.5473908957534,-0.4460068957192185,34.24713697482108,45.3677884547405
14.370000000000001,5.247635033289548,-0.3899974588646773,33.778614709695226,45.3677884547405
14.375,4.966236548067056,-0.31178337829499414,33.318723202544916,45.3677884547405
14.38,4.702480000772388,-0.21613803940272402,32.86650858844018,45.3677884547405
14.385,4.457027149925715,-0.10274631430229401,32.423101755687725,45.3677884547405
14.39,4.2291445677624235,0.025336872928423834,31.988770260486373,45.3677884547405
14.395,4.01907933592174,0.1677950708607282,31.56334523058329,45.3677884547405
14.4,3.8269388323978353,0.3218802572968289,31.14508229905971,45.3677884547405
14.405000000000001,3.6510742944140198,0.4869167275980256,30.73708652420925,45.3677884547405
14.41,3.4931353335912907,0.6611718073866546,30.337402743903016,45.3677884547405
14.415000000000001,3.350577903934979,0.8442344825643838,29.94508368084881,45.3677884547405
14.42,3.225809474544203,1.0342276411630424,29.561578554166292,45.3677884547405
14.425,3.1162350691556036,1.23130207081565,29.18365048551956,45.3677884547405
14.43,3.022377715435923,1.433839941616265,28.813575974873938,45.3677884547405
14.435,2.942470930304776,1.6419772833215258,28.451577826501158,45.3677884547405
14.44,2.877007302068737,1.8526293623858026,28.097598715220947,45.3677884547405
14.445,2.826688835802641,2.0681850285451087,27.750448963104738,45.3677884547405
14.450000000000001,2.7887838040181276,2.2873045369288407,27.40857282238941,45.3677884547405
14.455,2.7633149489135036,2.5103197953022938,27.075019312444347,45.3677884547405
14.46,2.75205101227768,2.7368218895864045,26.747340667824794,45.3677884547405
14.465,2.7509585101472003,2.967899796625436,26.427874935461787,45.3677884547405
14.47,2.7612674847808476,3.2009316686784874,26.115727330772913,45.3677884547405
14.475,2.783414425898816,3.436799278311009,25.812214563318083,45.3677884547405
14.48,2.8145228740717942,3.676063080642688,25.516002233656266,45.3677884547405
14.485,2.8564857667850445,3.918241404292287,25.227581429675684,45.3677884547405
14.49,2.908991381834337,4.164701641103033,24.9471470391289,45.3677884547405
14.495000000000001,2.9727694096331634,4.414804887006734,24.67550279141104,45.3677884547405
14.5,3.04538285930269,4.66900596194773,24.41231678908902,45.3677884547405
14.505,3.1261149962517636,4.927598164952155,24.157968659805594,45.3677884547405
14.51,3.2158576022573486,5.18936233289093,23.911827482257223,45.3677884547405
14.515,3.313356578306935,5.456413875383598,23.67586931213211,45.3677884547405
14.52,3.4207638369292903,5.72801822625643,23.4506218524591,45.3677884547405
14.525,3.537802495655911,6.004237856956428,23.236854743009317,45.3677884547405
14.530000000000001,3.6608937116425526,6.285954607686981,23.033656142725896,45.3677884547405
14.535,3.7914017112127327,6.572518453072904,22.841114256619402,45.3677884547405
14.540000000000001,3.9309049125554014,6.8635889083705734,22.661555821458673,45.3677884547405
14.545,4.07715954543121,7.161407950542678,22.493985833217586,45.3677884547405
14.55,4.231473589867324,7.46477367891634,22.341525795031387,45.3677884547405
14.555,4.392653146019526,7.7732926998748875,22.202516335502946,45.3677884547405
14.56,4.5607214777826846,8.088243359161291,22.077575759755558,45.3677884547405
14.565,4.73744700029158,8.409161489289067,21.967225331795735,45.3677884547405
14.57,4.922010578588127,8.7365266916877,21.87324007737489,45.3677884547405
14.575000000000001,5.11244900174359,9.071237346412435,21.795599564691777,-32.97903546574595
14.58,5.30868711635321,9.020015203248366,21.735869571856714,-32.97903546574595
14.585,5.493864494643133,8.976260770676863,21.68533675895903,-32.97903546574595
14.59,5.669154609725104,8.939519893270806,21.64226250630848,-32.97903546574595
14.595,5.833426239542997,8.910790431624614,21.606750472935744,-32.97903546574595
14.6,5.9870100806136115,8.887450379174334,21.579587975875622,-32.97903546574595
14.605,6.131889048353575,8.870701615470006,21.557919682761774,-32.97903546574595
14.61,6.268768321839176,8.859523499345352,21.541288671884132,-32.97903546574595
14.615,6.397307204895054,8.853046370215157,21.53217345496836,-32.97903546574595
14.620000000000001,6.5203998741480484,8.85132308106522,21.527727700467768,-32.97903546574595
14.625,6.637700637203296,8.851805744421723,21.52927600785244,-32.97903546574595
14.63,6.74873338254772,8.857380679857009,21.535845291619506,-32.97903546574595
14.635,6.8544769188108505,8.865603058006316,21.547492212243302,-32.97903546574595
14.64,6.955950577383938,8.878669250047233,21.564112584593417,-32.97903546574595
14.645,7.050432264033885,8.892152547063564,21.585321145353067,-32.97903546574595
14.65,7.143534178016538,8.908698297466376,21.61053158115328,-32.97903546574595
14.655000000000001,7.23293535888545,8.928968207559704,21.641057478610605,-32.97903546574595
14.66,7.318006153620528,8.947503383937445,21.675445885015357,-32.97903546574595
14.665000000000001,7.400117532665336,8.969813996360823,21.71368613304826,-32.97903546574595
14.67,7.478290409333194,8.99250018314161,21.75536148953434,-32.97903546574595
14.675,7.55342492134589,9.01524546531249,21.801158667284948,-32.97903546574595
14.68,7.625344299148899,9.039407620276144,21.8507540652045,-32.97903546574595
14.685,7.695319185698912,9.064204887537164,21.904677223391158,-32.97903546574595
14.69,7.76337514024166,9.089246331677778,21.960359237046152,-32.97903546574595
14.695,7.8290352789806255,9.11327957761536,22.020675251558583,-32.97903546574595
14.700000000000001,7.893300538194447,9.136598751387648,22.08365679428473,-32.97903546574595
14.705,7.955221213078512,9.15970083625632,22.14888767139688,-32.97903546574595
14.71,8.016569308010498,9.180614094568977,22.218785923344043,-32.97903546574595
14.715,8.073618389897742,9.201922573913425,22.29177389771316,-32.97903546574595
14.72,8.130648182685613,9.222247598181246,22.366183831209103,-32.97903546574595
14.725,8.185091397463596,9.24023111567261,22.442846193080737,-32.97903546574595
14.73,8.238551592412437,9.256737411378596,22.521695619877974,-32.97903546574595
14.735,8.288783218105479,9.270249598789864,22.603669456785482,-32.97903546574595
14.74,8.336568155979611,9.28112044855802,22.685595894424097,-32.97903546574595
14.745000000000001,8.383677641046328,9.291461769406165,22.77014565445926,-32.97903546574595
14.75,8.429516572382008,9.300412252937436,22.85612790756085,-32.97903546574595
14.755,8.472458412569251,9.3054330684299,22.942664190067585,-32.97903546574595
14.76,8.514391205670215,9.309483499746326,23.029882498384698,-32.97903546574595
14.765,8.555068427454565,9.308585956553133,23.11997774258598,-32.97903546574595
14.77,8.593765462695439,9.308077621323083,23.208982348965176,-32.97903546574595
14.775,8.630006033090353,9.301025952501352,23.29969191292786,-32.97903546574595
14.780000000000001,8.66303817678245,9.29384088414998,23.389860112497832,-32.97903546574595
14.785,8.694616740168428,9.283101483364254,23.48037151551451,-32.97903546574595
14.790000000000001,8.724294699725498,9.268038696438369,23.57019466919926,-32.97903546574595
14.795,8.750665472865101,9.251125143843705,23.66048932747978,-32.97903546574595
14.8,8.77699940603808,9.229153170618764,23.74899978904319,-32.97903546574595
14.805,8.79820367352057,9.203346686451274,23.83728158464213,-32.97903546574595
14.81,8.817957936040372,9.17602834502118,23.92369568482653,-32.97903546574595
14.815,8.836156851141254,9.145300793505799,24.008234650917124,-32.97903546574595
14.82,8.85097093784073,9.111944564608706,24.092193150599897,-32.97903546574595
14.825000000000001,8.864716905569507,9.074201143273823,24.174211104906497,-32.97903546574595
14.83,8.87549613189855,9.03355523574392,24.255018520497185,-32.97903546574595
14.835,8.883244882289564,8.988659862634165,24.3325836717993,-32.97903546574595
14.84,8.888693982133189,8.94139607610312,24.406036806284078,-32.97903546574595
14.845,8.892242401939528,8.891194200492167,24.47866576750246,-32.97903546574595
14.85,8.892625977711123,8.838886533700718,24.546755404311607,-32.97903546574595
14.855,8.890189710785856,8.78316659786927,24.612891986460856,-32.97903546574595
14.86,8.885546594294402,8.725782809564093,24.675732901907722,-32.97903546574595
14.865,8.877042131645776,8.665202052415873,24.73462014513358,-32.97903546574595
14.870000000000001,8.866160983131085,8.601465772431052,24.78852995337067,-32.97903546574595
14.875,8.85205060453776,8.534789179643505,24.83925034577064,-32.97903546574595
14.88,8.836568054933213,8.466672217681753,24.885311015973535,-32.97903546574595
14.885,8.816756284929237,8.396906084636756,24.927521242426348,-32.97903546574595
14.89,8.794900064717885,8.325632805015523,24.965141428152755,-32.97903546574595
14.895,8.770871056079677,8.251079643106062,24.99781725606274,-32.97903546574595
14.9,8.745851926124569,8.175391284216179,25.026047243079972,-32.97903546574595
14.905000000000001,8.716326878232449,8.098475744100272,25.050603789242228,-32.97903546574595
14.91,8.686634997296679,8.020657336504534,25.068672718204642,-32.97903546574595
14.915000000000001,8.652853711264664,7.9437410504230686,25.08233453621647,-32.97903546574595
14.92,8.617713710621295,7.865784439667708,25.092237548706855,-32.97903546574595
14.925,8.58008673053147,7.78624223094408,25.096215991753994,-32.97903546574595
14.93,8.540291686692877,7.707285786570652,25.096270349861122,-32.97903546574595
14.935,8.498781666623541,7.6284906958435785,25.091364982115078,-32.97903546574595
14.94,8.455134741281867,7.549766296747022,25.080780406307525,-32.97903546574595
14.945,8.410103631862027,7.46969932176492,25.0649417353981,-32.97903546574595
14.950000000000001,8.363742509022991,7.390950186342558,25.04438014013673,-32.97903546574595
14.955,8.315987855264913,7.31314302030017,25.017933709552093,-32.97903546574595
14.96,8.266003801702047,7.235732886276286,24.987727457000755,-32.97903546574595
14.965,8.213764585264391,7.158570644607009,24.954531041083857,-32.97903546574595
14.97,8.158816762595924,7.08250582448795,24.914622687601142,-32.97903546574595
14.975,8.104330375232253,7.008566935472393,24.871095996154743,-32.97903546574595
14.98,8.049370996838626,6.935420889059274,24.823916370835445,-32.97903546574595
14.985,7.992684823362287,6.863493937518449,24.77160253125289,-32.97903546574595
14.99,7.93586071367837,6.794128288542685,24.715391755635594,-32.97903546574595
14.995000000000001,7.877969165940706,6.725911689879634,24.655358750203252,-32.97903546574595
15.0,7.819207298852662,6.659624753068217,24.591534747128623,-32.97903546574595
15.005,7.761745178422943,6.595573557339139,24.52322406975973,-32.97903546574595
15.01,7.702967927585344,6.531597059382687,24.452913382882304,-32.97903546574595
15.015,7.645220579543061,6.470253901170399,24.377731673871303,-32.97903546574595
15.02,7.5873512980281665,6.411806863279962,24.29995950185151,-32.97903546574595
15.025,7.5282828798429176,6.355717300060121,24.218917001258262,-32.97903546574595
15.030000000000001,7.470361818460829,6.300847376057655,24.135535875601807,-32.97903546574595
15.035,7.411797328344291,6.2497586294430585,24.048976169231658,-32.97903546574595
15.040000000000001,7.353920963945573,6.200028543408088,23.959882379172488,-32.97903546574595
15.045,7.295870229230051,6.152013125781062,23.868647459171466,-32.97903546574595
15.05,7.2379864044524185,6.106843848609604,23.774833918630016,-32.97903546574595
15.055,7.179237190608525,6.0640112040886365,23.67841885001158,-32.97903546574595
15.06,7.123634746955215,6.023223582151486,23.57930819263308,-32.97903546574595
15.065,7.068096375153012,5.985299701824429,23.479409796399125,-32.97903546574595
15.07,7.014728429682534,5.94960785721191,23.37702308965893,-32.97903546574595
15.075000000000001,6.961633767764359,5.917717700743345,23.275233315274782,-32.97903546574595
15.08,6.90983386930376,5.888603892076365,23.170242992813826,-32.97903546574595
15.085,6.859120132124716,5.8620887609004875,23.065696410709577,-32.97903546574595
15.09,6.809710029918317,5.837022105245405,22.96064970294867,-32.97903546574595
15.095,6.762324694156897,5.815272338516676,22.85280744630475,-32.97903546574595
15.1,6.715308208733177,5.793952614210833,22.743068184388136,-32.97903546574595
15.105,6.6690715490936014,5.777768287062011,22.634252456988285,-32.97903546574595
15.11,6.625804741219739,5.762797337387716,22.526726784568087,-32.97903546574595
15.115,6.582765485697533,5.749375943756118,22.41717689163233,-32.97903546574595
15.120000000000001,6.540559161863634,5.739755298619012,22.307730805242933,-32.97903546574595
15.125,6.501918346837164,5.7325087711183595,22.19726793340097,-32.97903546574595
15.13,6.462410057828032,5.727408423647872,22.08745654530616,-32.97903546574595
15.135,6.425555976668443,5.724820294138456,21.978076565922116,-32.97903546574595
15.14,6.3913831132590415,5.7241359179422915,21.868855524070188,-32.97903546574595
15.145,6.357418523134094,5.725840195763868,21.760004901459368,-32.97903546574595
15.15,6.325282111971168,5.730599606032421,21.651400498850418,-32.97903546574595
15.155000000000001,6.29621473142014,5.738208347307044,21.543509920740537,-32.97903546574595
15.16,6.267965424151572,5.748391351729427,21.437301531701795,-32.97903546574595
15.165000000000001,6.2421816433584825,5.760687754563036,21.330196869246073,-32.97903546574595
15.17,6.218334552613948,5.776510074058773,21.225096944396224,-32.97903546574595
15.175,6.19550364421023,5.794184138061842,21.121037874133876,-32.97903546574595
15.18,6.175389831678772,5.814141735785127,21.01849736093618,-32.97903546574595
15.185,6.157480104084968,5.835903172917164,20.91793678509669,-32.97903546574595
15.19,6.1416330720585535,5.860708813724869,20.81826045489015,-32.97903546574595
15.195,6.128301932048419,5.887317469512807,20.7206460856557,-32.97903546574595
15.200000000000001,6.115763076619194,5.91597599024339,20.624860728166837,-32.97903546574595
15.205,6.10531711231301,5.947150343242648,20.531641985333923,-32.97903546574595
15.21,6.097007688871143,5.981384642677075,20.438300343126176,-32.97903546574595
15.215,6.0918706973842385,6.017606242937016,20.34887044509316,-32.97903546574595
15.22,6.086332210918865,6.054603961661719,20.2592147107887,-32.97903546574595
15.225,6.084891834489027,6.0956492306394,20.174544883246796,-32.97903546574595
15.23,6.085176289032162,6.137848116406963,20.090179355415913,-32.97903546574595
15.235,6.087750090284553,6.182504264126652,20.008630449423794,-32.97903546574595
15.24,6.092107500563481,6.23040448606917,19.929169171382007,-32.97903546574595
15.245000000000001,6.098971788258746,6.279044513037649,19.85276166986959,-32.97903546574595
15.25,6.107632449067955,6.332436754644675,19.779145080657,-32.97903546574595
15.255,6.118414072747334,6.387267950117516,19.709510196909424,-32.97903546574595
15.26,6.131207906036869,6.442986818300159,19.64170098668803,-32.97903546574595
15.265,6.147202836576277,6.50168476666182,19.578606888073168,-32.97903546574595
15.27,6.165254688495316,6.564383647750627,19.51744177658871,-32.97903546574595
15.275,6.1834950239657855,6.627380980055603,19.459168580980993,-32.97903546574595
15.280000000000001,6.206276923257989,6.6949958180399545,19.40265744894281,-32.97903546574595
15.285,6.232084432043805,6.762564295514652,19.352426819309706,-32.97903546574595
15.290000000000001,6.259971962086518,6.833683720631847,19.304761848918645,-32.97903546574595
15.295,6.289666794258633,6.9067087865523265,19.262480959264426,-32.97903546574595
15.3,6.321485308266273,6.98210443177765,19.223136506919133,-32.97903546574595
15.305,6.354657904024376,7.060078001965625,19.18679533411165,-32.97903546574595
15.31,6.390330999083309,7.139919905969457,19.15434826557328,-32.97903546574595
15.315,6.4288803074197105,7.220688569640096,19.12798520913614,-32.97903546574595
15.32,6.467871461928292,7.304585350721132,19.10491777643822,-32.97903546574595
15.325000000000001,6.510691315917088,7.3898640364254184,19.086362255272974,-32.97903546574595
15.33,6.555172434328246,7.478018374342344,19.07059780787964,-32.97903546574595
15.335,6.600151183306855,7.56756207150738,19.061859513633397,-32.97903546574595
15.34,6.64715738987351,7.6606147452544775,19.056655341798944,-32.97903546574595
15.345,6.699549479613486,7.75559355760945,19.056897067182575,-32.97903546574595
15.35,6.75232784304689,7.850929804260682,19.062803416621104,-32.97903546574595
15.355,6.8074700102779016,7.9483216854464755,19.07354661482509,-32.97903546574595
15.36,6.864438117849525,8.047403688592006,19.09043413012157,-32.97903546574595
15.365,6.923369575551227,8.1488036215727,19.11240478235202,-32.97903546574595
15.370000000000001,6.9844546631813955,8.250470890776993,19.138888791785654,-32.97903546574595
15.375,7.048640788647239,8.353137803484419,19.172027033443047,-32.97903546574595
15.38,7.114233941157314,8.45776578019064,19.21073134568238,-32.97903546574595
15.385,7.182144771336173,8.564693189892761,19.25473610155438,-32.97903546574595
15.39,7.251987029531675,8.671089279274849,19.30571945938052,-32.97903546574595
15.395,7.322330733169891,8.777153760149279,19.36278695107433,-32.97903546574595
15.4,7.395713114841959,8.88394387525745,19.42621193518314,-32.97903546574595
15.405000000000001,7.470249480850698,8.991879655171175,19.4954480691709,-32.97903546574595
15.41,7.546832144580178,9.10083238028684,19.570738221637093,-32.97903546574595
15.415000000000001,7.625260394435727,9.208863008701318,19.653909220343007,-32.97903546574595
15.42,7.7042367667917295,9.315990272839596,19.741655033715844,-32.97903546574595
15.425,7.786625314191268,9.422076086645816,19.83700875670868,-32.97903546574595
15.43,7.86916030962527,9.52657627322985,19.937649824376138,-32.97903546574595
15.435,7.952379030898657,9.63082029599738,20.046532422730227,-32.97903546574595
15.44,8.03656057548244,9.734512769150966,20.161292079843278,-32.97903546574595
15.445,8.122787212654773,9.835499883016158,20.283038324125357,-32.97903546574595
15.450000000000001,8.207698845962062,9.93272349736221,20.41179605416661,-32.97903546574595
15.455,8.29370712756279,10.02916330500667,20.547653873180003,-32.97903546574595
15.46,8.380648537787982,10.123453010618915,20.688888751762605,-32.97903546574595
15.465,8.46659227719258,10.213590111188546,20.83705950998837,-32.97903546574595
15.47,8.554900688867717,10.300706904456526,20.99147811156142,-32.97903546574595
15.475,8.64266668392806,10.384522174732794,21.15234237066381,-32.97903546574595
15.48,8.729651736497866,10.462405574136135,21.318714481849323,-32.97903546574595
15.485000000000001,8.816766261392553,10.538497746957,21.49014613021887,-32.97903546574595
15.49,8.903402829612482,10.608291098000795,21.6692860367759,-32.97903546574595
15.495000000000001,8.989104249286354,10.671891580839079,21.85315900362711,-32.97903546574595
15.5,9.073795480235592,10.728944125894563,22.042176647528652,-32.97903546574595
15.505,9.157241915689948,10.781096589468351,22.23421362276227,-32.97903546574595
15.51,9.23765645989086,10.82493342048755,22.431972806808933,-32.97903546574595
15.515,9.317009133849186,10.863634301098376,22.63307913352474,-32.97903546574595
15.52,9.394912564023256,10.893293227270275,22.837776065601588,-32.97903546574595
15.525,9.46927310055109,10.915748328515933,23.045129010122903,-32.97903546574595
15.530000000000001,9.539633819526047,10.93071117992441,23.254544141169518,-32.97903546574595
15.535,9.60992057211525,10.936879942182417,23.465878897105316,-32.97903546574595
15.540000000000001,9.676665313401237,10.935375760048153,23.679185142820067,-32.97903546574595
15.545,9.740352842460082,10.924080565894466,23.892913435707076,-32.97903546574595
15.55,9.800359426284704,10.90569597615446,24.106560091673426,-32.97903546574595
15.555,9.856264905086134,10.875770028185384,24.319651554092836,-32.97903546574595
15.56,9.90722310330719,10.839124821458482,24.531571266314447,-32.97903546574595
15.565,9.954778527700585,10.791668686308018,24.741820866727284,-32.97903546574595
15.57,9.997951422862467,10.736527537962452,24.949357318950575,-32.97903546574595
15.575000000000001,10.034311387279132,10.670921745386645,25.15282504643095,-32.97903546574595
15.58,10.066461918358403,10.594843215091306,25.35348694128205,-32.97903546574595
15.585,10.09289814455604,10.510459598863987,25.548021571472717,-32.97903546574595
15.59,10.113671605162518,10.417209400150693,25.738072723656053,-32.97903546574595
15.595,10.12756489432419,10.31442603162428,25.921821849927635,-32.97903546574595
15.6,10.1364799848161,10.202770611584253,26.0980818543704,-32.97903546574595
15.605,10.139027793262782,10.083344374768638,26.26626924357478,-32.97903546574595
15.610000000000001,10.137084972489433,9.955134308483776,26.42766184472086,-32.97903546574595
15.615,10.127629499135429,9.8200296232775,26.57824244716947,-32.97903546574595
15.620000000000001,10.11158859989128,9.678374994189548,26.722184692373204,-32.97903546574595
15.625,10.089723453105922,9.529445918571259,26.85472560505708,-32.97903546574595
15.63,10.062981371661685,9.37486472450366,26.977102190373508,-32.97903546574595
15.635,10.028836529115978,9.215242895015841,27.088333107148607,-32.97903546574595
15.64,9.987415370479123,9.049948056438613,27.188807183492127,-32.97903546574595
15.645,9.940233769158805,8.880908568357508,27.278362774654937,-32.97903546574595
15.65,9.887253683097905,8.70755351439032,27.35574181824704,-32.97903546574595
15.655000000000001,9.827787958522217,8.531368366205022,27.421798371429446,-32.97903546574595
15.66,9.76215340877112,8.351762817470059,27.474808020862593,-32.97903546574595
15.665000000000001,9.691197401320542,8.171200179659994,27.515183993696624,-32.97903546574595
15.67,9.615418693229223,7.9885237150520885,27.545428019749213,-32.97903546574595
15.675,9.533268785473965,7.804993224129418,27.563095039765596,-32.97903546574595
15.68,9.446030571466277,7.6213382552438285,27.56710743867622,-32.97903546574595
15.685,9.355915650204686,7.43905927171815,27.559157058140798,-32.97903546574595
15.69,9.260157865261105,7.2577193887026,27.54045362324502,-32.97903546574595
15.695,9.16043171994016,7.076865983248918,27.50892460772526,-32.97903546574595
15.700000000000001,9.055797583094408,6.898459074970566,27.466040969342576,-32.97903546574595
15.705,8.947841315725231,6.72291680612302,27.41293205189295,-32.97903546574595
15.71,8.836656815293173,6.55076968472132,27.347626606147102,-32.97903546574595
15.715,8.721755936532519,6.381341171174886,27.271807027034278,-32.97903546574595
15.72,8.6049021723729,6.216633201499886,27.185286649051612,-32.97903546574595
15.725,8.48431506763164,6.056541094946841,27.09106164692936,-32.97903546574595
15.73,8.362884634470007,5.899794011028995,26.98679839320524,-32.97903546574595
15.735000000000001,8.239282148364504,5.747852480239382,26.872180101302977,-32.97903546574595
15.74,8.11504191662742,5.600057899821657,26.750318052325873,-32.97903546574595
15.745000000000001,7.989723790680318,5.458428682578791,26.62157468857883,-32.97903546574595
15.75,7.8628727610218005,5.32199328621136,26.48402406659915,-32.97903546574595
15.755,7.7360073353966,5.19019593102988,26.34031485263347,-32.97903546574595
15.76,7.607960407252797,5.064026872135746,26.189192918230077,-32.97903546574595
15.765,7.480735899327368,4.942360546263357,26.03271350879191,-32.97903546574595
15.77,7.352706847549088,4.825904882102904,25.87073486811755,-32.97903546574595
15.775,7.226532325290773,4.714428922984098,25.702798361969794,-32.97903546574595
15.780000000000001,7.099135588920768,4.609740847573382,25.530483918240687,-32.97903546574595
15.785,6.974259292522538,4.508879084661991,25.35433026507996,-32.97903546574595
15.790000000000001,6.8498951118562506,4.41451116092968,25.175296126653762,-32.97903546574595
15.795,6.728277282171839,4.323312434548373,24.990191966978863,-32.97903546574595
15.8,6.608554536019318,4.237271037348036,24.80348952153491,-32.97903546574595
15.805,6.491004268992086,4.155574669939403,24.612976899666666,-32.97903546574595
15.81,6.3741954933129366,4.07941233569685,24.420270873339486,-32.97903546574595
15.815,6.259119663389473,4.007820516320478,24.225614228416752,-32.97903546574595
15.82,6.146944719549516,3.9400486787756455,24.027733887350845,-32.97903546574595
15.825000000000001,6.035933702918067,3.8787070067919354,23.82963005769691,-32.97903546574595
15.83,5.92828815865948,3.8205494022338065,23.62929442397939,-32.97903546574595
15.835,5.822528414064074,3.7665600398372696,23.427876017004465,-32.97903546574595
15.84,5.720257433794904,3.7159690997635813,23.225306252048703,-32.97903546574595
15.845,5.620178973920585,3.6688006657457843,23.021468317532054,-32.97903546574595
15.85,5.523136489679857,3.6265488459929514,22.817836750362392,-32.97903546574595
15.855,5.428264288022936,3.5868195207467424,22.614005847863673,-32.97903546574595
15.860000000000001,5.335647065284088,3.5507649595688386,22.41065778187037,-32.97903546574595
15.865,5.24559020074883,3.5165893068048772,22.20647430217673,-32.97903546574595
15.870000000000001,5.158720282072552,3.4863717057827825,22.001904536933363,-32.97903546574595
15.875,5.076249979620827,3.4580426872591077,21.799627921477885,-32.97903546574595
15.88,4.994680528758159,3.4333762566273163,21.596594605461142,-32.97903546574595
15.885,4.916104130700124,3.412063842631828,21.394907057732723,-32.97903546574595
15.89,4.840235267891611,3.3916432743554568,21.194624165764647,-32.97903546574595
15.895,4.767830801442201,3.3748162157480874,20.993652051441746,-32.97903546574595
15.9,4.6979431775753016,3.3594316185925006,20.794678961861102,-32.97903546574595
15.905000000000001,4.6306180920773174,3.3477450951587158,20.597169983092154,-32.97903546574595
15.91,4.56704885022812,3.337107012691876,20.39941262841386,-32.97903546574595
15.915000000000001,4.505200337201164,3.329859633613838,20.202369203445432,-32.97903546574595
15.92,4.447270051141517,3.323027113904061,20.008248305109724,-32.97903546574595
15.925,4.391098285186375,3.3189531866855226,19.816095192296366,-32.97903546574595
15.93,4.33684692145951,3.317214960489592,19.624098448998105,-32.97903546574595
15.935,4.285140391031426,3.31785295350434,19.435461747444545,-32.97903546574595
15.94,4.237643299486329,3.318636963959952,19.24764749600961,-32.97903546574595
15.945,4.192206310830225,3.3227274997742318,19.061099735032034,-32.97903546574595
15.950000000000001,4.148609112074341,3.32731612880488,18.87704723964274,-32.97903546574595
15.955,4.108208807132146,3.334556881915354,18.693782485921474,-32.97903546574595
15.96,4.069654565389748,3.3437781379235854,18.514019824223368,-32.97903546574595
15.965,4.033597802612439,3.3559560507808817,18.335224569476367,-32.97903546574595
15.97,3.999566092341557,3.3687682571597812,18.158195191099537,-32.97903546574595
15.975,3.968301428284007,3.384261839019288,17.983500054851532,-32.97903546574595
15.98,3.93903215333742,3.4017970773188204,17.80892046244229,-32.97903546574595
15.985000000000001,3.9120453665836217,3.420676800529997,17.639502153588335,-32.97903546574595
15.99,3.8876357487622246,3.4412405053864785,17.470864017688232,-32.97903546574595
15.995000000000001,3.865296152331685,3.4636351644738723,17.305378078361656,-32.97903546574595
16.0,3.8450769653442833,3.488730171873039,17.141951269241222,-32.97903546574595
16.005,3.8264563770829643,3.5159386043755263,16.980652813570284,-32.97903546574595
16.01,3.81018620078909,3.5448167500560346,16.821814021641053,-32.97903546574595
16.015,3.7973711798126657,3.5754616881935015,16.665841968478762,-32.97903546574595
16.02,3.7866191570044974,3.608457069565317,16.51180881919393,-32.97903546574595
16.025,3.7779946025630102,3.64405764301249,16.360745742981763,-32.97903546574595
16.03,3.7715162841808065,3.6805177084668967,16.21167393850156,-32.97903546574595
16.035,3.767229688552236,3.7189267902216705,16.06444346540424,-32.97903546574595
16.04,3.764994553040513,3.760813052298785,15.920698926622379,-32.97903546574595
16.045,3.765637004650856,3.804449017680829,15.778509513393084,-32.97903546574595
16.05,3.767542917963932,3.8495887091080156,15.639766564856568,-32.97903546574595
16.055,3.7707109714026723,3.897796006266977,15.50426063430817,-32.97903546574595
16.06,3.7765342742639714,3.9484471320227787,15.370975572503307,-32.97903546574595
16.065,3.78539227074821,4.0033656453524324,15.241414766554758,-32.97903546574595
16.07,3.796163635559088,4.059725528791242,15.114959465229186,-32.97903546574595
16.075,3.8085998836802575,4.119779363510062,14.991976087984849,-32.97903546574595
16.080000000000002,3.8246944508614003,4.182067209300122,14.870706695571444,-32.97903546574595
16.085,3.842874687350585,4.24742549847552,14.753691786834153,-32.97903546574595
16.09,3.8641393460281894,4.314571077692531,14.638334023189868,-32.97903546574595
16.095,3.887164087483773,4.386474159510678,14.526433111480163,-32.97903546574595
16.1,3.9121912951547464,4.460343767056561,14.416760304841722,-32.97903546574595
16.105,3.939503272350613,4.538398176759631,14.312109842655987,-32.97903546574595
16.11,3.970033689885474,4.62039387751922,14.21059312144427,-32.97903546574595
16.115000000000002,4.0034398827451705,4.7064528011346045,14.112279934378472,-32.97903546574595
16.12,4.039082157551915,4.796169813680113,14.018553384338258,-32.97903546574595
16.125,4.075306454101278,4.890092115896965,13.929794056334757,-32.97903546574595
16.13,4.1155167468973755,4.9876516586148165,13.843141682170497,-32.97903546574595
16.135,4.158347946029365,5.087833623135192,13.761325817364133,-32.97903546574595
16.14,4.204646057368044,5.193312214922361,13.68439940407597,-32.97903546574595
16.145,4.254955890411484,5.3038308111148575,13.61043892809428,-32.97903546574595
16.15,4.3069009723029765,5.417891231287253,13.541410076157009,-32.97903546574595
16.155,4.362398002586522,5.536269276627907,13.477349557475982,-32.97903546574595
16.16,4.420887250146267,5.65978193513907,13.417659771308692,-32.97903546574595
16.165,4.482670401743231,5.788656241893645,13.363732032609365,-32.97903546574595
16.17,4.547507786176876,5.922720705245103,13.314397156753083,-32.97903546574595
16.175,4.617890839767136,6.063182829547664,13.270904990862492,-32.97903546574595
16.18,4.689982325264506,6.209341752991454,13.233939214707489,-32.97903546574595
16.185,4.7664938245537,6.359986191690481,13.203382114686686,-32.97903546574595
16.19,4.847455424652679,6.515575565914931,13.179175397664972,-32.97903546574595
16.195,4.930501032862148,6.677614927082565,13.160046383490466,-32.97903546574595
16.2,5.018964793339741,6.845126840589778,13.148965152592531,-32.97903546574595
16.205000000000002,5.110259849313611,7.018784918246136,13.145503028131234,-32.97903546574595
16.21,5.2051958232945355,7.197493567551138,13.150443853771161,-32.97903546574595
16.215,5.30456119628742,7.383802569714612,13.161714093886697,-32.97903546574595
16.22,5.4085780873855205,7.57545917314239,13.182729878415733,-32.97903546574595
16.225,5.515735313466456,7.772235337580343,13.211959524293551,-32.97903546574595
16.23,5.628991543870571,7.976564161838377,13.249583912343265,-32.97903546574595
16.235,5.745881245333218,8.188358525851461,13.297200904273774,-32.97903546574595
16.240000000000002,5.867446082206498,8.40554076831705,13.35431463916576,-32.97903546574595
16.245,5.995548769439056,8.628542020076532,13.423341007179115,-32.97903546574595
16.25,6.12721404015359,8.857375518223206,13.502567756603272,-32.97903546574595
16.255,6.265289904628803,9.092885931171269,13.5933677690668,-32.97903546574595
16.26,6.406441070834446,9.333543422558504,13.696600523432785,-32.97903546574595
16.265,6.552951952593308,9.579912412219734,13.813608157562781,-32.97903546574595
16.27,6.703493580838557,9.831433015660167,13.943313430925407,-32.97903546574595
16.275,6.859758763956988,10.087558314349655,14.087100731405481,-32.97903546574595
16.28,7.020771562056669,10.349636980075495,14.245235733959255,-32.97903546574595
16.285,7.187071624539065,10.615559547857572,14.419201871581791,-32.97903546574595
16.29,7.359160001827225,10.884516258270422,14.608374586655575,-32.97903546574595
16.295,7.534591775357385,11.15746569623091,14.813782160838118,-32.97903546574595
16.3,7.716078933158846,11.43283778813283,15.036844052976273,-32.97903546574595
16.305,7.901309761464614,11.711377717415866,15.27764272395998,-32.97903546574595
16.31,8.092249696387201,11.991223302190694,15.536712349873886,-32.97903546574595
16.315,8.285475057282326,12.269563919307014,15.815148815861312,-32.97903546574595
16.32,8.484533663691366,12.548377583365076,16.114141804938267,-32.97903546574595
16.325,8.688233139805838,12.825277213379396,16.432082452519282,-32.97903546574595
16.330000000000002,8.894666666908467,13.09819012790593,16.769440784544923,-32.97903546574595
16.335,9.104506154185074,13.366723213714009,17.12824100699563,-32.97903546574595
16.34,9.317102073330737,13.630177622785078,17.506153186547138,-32.97903546574595
16.345,9.533279842617796,13.886938310889702,17.907292648201256,-32.97903546574595
16.35,9.751895119862963,14.133614338463657,18.330647854393646,-32.97903546574595
16.355,9.972359046811313,14.369519918293474,18.77550514583353,-32.97903546574595
16.36,10.191706941638078,14.592749136978417,19.241931261560612,-32.97903546574595
16.365000000000002,10.411848322437427,14.799029640251916,19.727620676704,-32.97903546574595
16.37,10.630921725051792,14.990826276534545,20.234426190648502,-32.97903546574595
16.375,10.848815403379941,15.162715499810847,20.759895789065123,-32.97903546574595
16.38,11.064385084630159,15.314655191364228,21.305852379181534,-32.97903546574595
16.385,11.275997477842568,15.44397329968938,21.86894384199495,-32.97903546574595
16.39,11.48414897682974,15.548335733150724,22.447766603802748,-32.97903546574595
16.395,11.68855760396433,15.624327057978629,23.04021080239659,-32.97903546574595
16.4,11.886491243589402,15.671782249781655,23.64507211877705,-32.97903546574595
16.405,12.076215420535414,15.686811824159003,24.262085910443318,-32.97903546574595
16.41,12.257294283052005,15.668624029394621,24.88410427359541,-32.97903546574595
16.415,12.426157080961913,15.61607055550623,25.51193279131175,-32.97903546574595
16.42,12.585764899390904,15.52785240127622,26.141049867672418,-32.97903546574595
16.425,12.731692560702083,15.402817553255737,26.771424751516516,-32.97903546574595
16.43,12.864819779225977,15.23986616113414,27.394545398714378,-32.97903546574595
16.435,12.982506682702754,15.038002405756618,28.00990791512602,-32.97903546574595
16.44,13.085599635345869,14.798626769957878,28.61278226978892,-32.97903546574595
16.445,13.170689298284158,14.51995724651629,29.20004701067169,-32.97903546574595
16.45,13.238842071731204,14.204595774031695,29.76663695547876,-32.97903546574595
16.455000000000002,13.286880170900664,13.852476721260432,30.309945113702653,-32.97903546574595
16.46,13.314360451150097,13.464636940832516,30.82602169512782,-32.97903546574595
16.465,13.322236835176092,13.044338161343738,31.311107838772198,-32.97903546574595
16.47,13.310488530184545,12.594278124559407,31.76209697695367,-32.97903546574595
16.475,13.273705255303334,12.115241067602078,32.17728320140188,-32.97903546574595
16.48,13.215911806345401,11.612447700741887,32.552334798563166,-32.97903546574595
16.485,13.136183727189348,11.089069612989237,32.88442664543441,-32.97903546574595
16.490000000000002,13.034097482435879,10.548081700663902,33.17517786362036,-32.97903546574595
16.495,12.909702827100377,9.993242937510383,33.420095073785625,-32.97903546574595
16.5,12.763215032097065,9.427394999811577,33.619634854237205,-32.97903546574595
16.505,12.596473550438334,8.856211654808455,33.77319842572863,-32.97903546574595
16.51,12.407608372879833,8.283221156939693,33.88013714599571,-32.97903546574595
16.515,12.199292599250759,7.71340365440137,33.94141253436006,-32.97903546574595
16.52,11.975080989382525,7.148230987494339,33.959396261875646,-32.97903546574595
16.525,11.732074780107869,6.590321972608502,33.933493854615726,-32.97903546574595
16.53,11.475143690070558,6.044062380173891,33.8683997257422,-32.97903546574595
16.535,11.20260294952107,5.512864941742387,33.76413524187966,-32.97903546574595
16.54,10.918488256895776,4.997209992484166,33.6231178331883,-32.97903546574595
16.545,10.623122906602877,4.500514194868417,33.44777029525733,-32.97903546574595
16.55,10.316381678753055,4.023626396175456,33.241004326877494,-32.97903546574595
16.555,10.000114898189468,3.5688163576860523,33.005539030874594,-32.97903546574595
16.56,9.67945734269223,3.1361685571733413,32.743028344551675,-32.97903546574595
16.565,9.35277999664375,2.7260340608871014,32.45877021384486,-32.97903546574595
16.57,9.021059026229286,2.3388616962419926,32.15292630257357,-32.97903546574595
16.575,8.687042382393985,1.9757472924922466,31.830263509947866,-32.97903546574595
16.580000000000002,8.352131038934393,1.6348924901599902,31.491266057058294,-32.97903546574595
16.585,8.016796458911207,1.3161300393969184,31.1397525289517,-32.97903546574595
16.59,7.681157068409631,1.0188161843580716,30.776893757482668,-32.97903546574595
16.595,7.347532465833119,0.7418594973727202,30.40403832867737,-32.97903546574595
16.6,7.015986596394301,0.4840258695759642,30.02518656172961,-32.97903546574595
16.605,6.689402304928771,0.24575488880496374,29.641702260523957,-32.97903546574595
16.61,6.368194258638468,0.02378169414678688,29.253247906750182,-32.97903546574595
16.615000000000002,6.051029447623148,-0.17956423895339224,28.863833728716482,-32.97903546574595
16.62,5.740558528040091,-0.3712506218988501,28.473723036871498,-32.97903546574595
16.625,5.434625394475989,-0.5478079169321706,28.08305995126339,-32.97903546574595
16.63,5.135146552351577,-0.7137571896016842,27.69385904279994,-32.97903546574595
16.635,4.841939046572425,-0.8671591463541491,27.30630003819844,-32.97903546574595
16.64,4.5553283905664,-1.0119294609633895,26.919306612244952,-32.97903546574595
16.645,4.277012785558059,-1.1468454063364673,26.537810458204266,-32.97903546574595
16.65,4.006412489794146,-1.2739365347645735,26.159662772232632,-32.97903546574595
16.655,3.7427275466378402,-1.396687834758492,25.785300126287375,-32.97903546574595
16.66,3.485415081870274,-1.5145708603374053,25.41549982561401,-32.97903546574595
16.665,3.235429367007289,-1.6257661987679668,25.050951587491,-32.97903546574595
16.67,2.9922615663424086,-1.7353205253989687,24.69043456664447,-32.97903546574595
16.675,2.7550442516393674,-1.8423658860320247,24.3349181181171,-32.97903546574595
16.68,2.5253108440866607,-1.9467232201335067,23.984184721403757,-32.97903546574595
16.685,2.301871244167558,-2.0520411490682173,23.63969777088743,-32.97903546574595
16.69,2.0827059087600737,-2.1571536462474996,23.302053401398425,-32.97903546574595
16.695,1.8711556013874215,-2.262769914198491,22.96898739604442,-32.97903546574595
16.7,1.6641718241947865,-2.3685568579238336,22.641928325307667,-32.97903546574595
16.705000000000002,1.4627499794285757,-2.4768594484013664,22.32032870695557,-32.97903546574595
16.71,1.2656411409335993,-2.5860267312666507,22.005744100790135,-32.97903546574595
16.715,1.0732363810904926,-2.7005095209057073,21.69669475015714,-32.97903546574595
16.72,0.8858084097947199,-2.8179587543404128,21.392874036771175,-32.97903546574595
16.725,0.7006677344717518,-2.9394904551499383,21.096086413608397,-32.97903546574595
16.73,0.5168424137696003,-3.0662234983784025,20.80400490498973,-32.97903546574595
16.735,0.338122848552674,-3.1970941702696014,20.517832124877238,-32.97903546574595
16.740000000000002,0.16175949514142898,-3.334525053579652,20.237859288767208,-32.97903546574595
16.745,-0.014007773203726204,-3.4758865761204176,19.96567656528827,-32.97903546574595
16.75,-0.18677852065150266,-3.6247719450091345,19.70015694328172,-32.97903546574595
16.755,-0.3582393178322876,-3.780159144004229,19.440867964867376,-32.97903546574595
16.76,-0.5302298765228497,-3.941661714445035,19.187384383156566,-32.97903546574595
16.765,-0.7008046122072951,-4.110594791091276,18.941261144494085,-32.97903546574595
16.77,-0.8711445252231772,-4.287041199942543,18.70437138160757,-32.97903546574595
16.775,-1.0412127020117936,-4.470967346108186,18.47365514341563,-32.97903546574595
16.78,-1.2128700838586826,-4.661921350388023,18.251642922321004,-32.97903546574595
16.785,-1.3840993739387604,-4.8626596565414015,18.036582382380814,-32.97903546574595
16.79,-1.5573237396448985,-5.071925295284345,17.829532991416226,-32.97903546574595
16.795,-1.7318097423385133,-5.29010491707211,17.63211756619141,-32.97903546574595
16.8,-1.9102185540537342,-5.518488081997595,17.442731141979316,-32.97903546574595
16.805,-2.091139503416885,-5.757293010914968,17.26242421959176,-32.97903546574595
16.81,-2.275125491779772,-6.006916819855671,17.09231835978794,-32.97903546574595
16.815,-2.460928888782063,-6.266049869403066,16.932405451227048,-32.97903546574595
16.82,-2.651256847773378,-6.536789997990756,16.784282927460087,-32.97903546574595
16.825,-2.8449986557348432,-6.816945755252524,16.64777802618894,-32.97903546574595
16.830000000000002,-3.043889795789551,-7.109678033702059,16.522797043379068,-32.97903546574595
16.835,-3.2467560580021284,-7.41179200011061,16.41141003926133,-32.97903546574595
16.84,-3.4545747490151957,-7.72679611184707,16.312794289367545,-32.97903546574595
16.845,-3.6684249566399325,-8.054089509282809,16.23018080653882,-32.97903546574595
16.85,-3.8883118887116446,-8.39582029837797,16.161704457298825,-32.97903546574595
16.855,-4.113287882081068,-8.74825946081286,16.109138004685978,-32.97903546574595
16.86,-4.344898832000363,-9.113186003081548,16.07427027184378,-32.97903546574595
16.865000000000002,-4.584154783599011,-9.492273217027108,16.057655244792016,13.200356429345224
16.87,-4.829760385953567,-9.651829769616404,16.061916267450627,13.200356429345224
16.875,-5.071113874939087,-9.82654413482374,16.07950751669609,13.200356429345224
16.88,-5.307231257858871,-10.013295653020224,16.115217700819663,13.200356429345224
16.885,-5.542141225100434,-10.214096816151203,16.166022059088707,13.200356429345224
16.89,-5.775078536413021,-10.424961575928236,16.233526171857527,13.200356429345224
16.895,-6.007933241776267,-10.646210048798649,16.31892691989743,13.200356429345224
16.9,-6.238774219692767,-10.878512280446582,16.42054609696661,13.200356429345224
16.905,-6.471261920981997,-11.119475964361824,16.541257351211804,13.200356429345224
16.91,-6.703777992563511,-11.368816885583907,16.681173970644895,13.200356429345224
16.915,-6.936792654852332,-11.624850017658398,16.838948814978785,13.200356429345224
16.92,-7.171615628438151,-11.886719067786956,17.017914327609642,13.200356429345224
16.925,-7.406861428500954,-12.155001511319556,17.217997879278848,13.200356429345224
16.93,-7.644494513730123,-12.42863672749239,17.440407448204425,13.200356429345224
16.935,-7.883864448760555,-12.703032247654164,17.683955263926887,13.200356429345224
16.94,-8.12460981748166,-12.979699892075502,17.94954647681057,13.200356429345224
16.945,-8.367444446893643,-13.257204982510128,18.237456776690323,13.200356429345224
16.95,-8.612194446604933,-13.53326189808006,18.549644662332113,13.200356429345224
16.955000000000002,-8.858551288969181,-13.807910503320276,18.8840672464318,13.200356429345224
16.96,-9.106655546336967,-14.077501503987088,19.244567347589523,13.200356429345224
16.965,-9.354931872803322,-14.340043131378295,19.62958334787163,13.200356429345224
16.97,-9.605113778402654,-14.595768112122117,20.038500245704498,13.200356429345224
16.975,-9.854092322866059,-14.840081388526327,20.47315167079188,13.200356429345224
16.98,-10.103538118833193,-15.071379775973988,20.93131082825037,13.200356429345224
16.985,-10.351899319802078,-15.286809430400456,21.41334852306389,13.200356429345224
16.990000000000002,-10.598232971018367,-15.48438199759927,21.91851398795733,13.200356429345224
16.995,-10.842531547054522,-15.662795810717306,22.44613827277725,13.200356429345224
17.0,-11.084212283139133,-15.821219480986391,22.996134260140217,13.200356429345224
17.005,-11.320772235609933,-15.953953327999095,23.56760854691646,13.200356429345224
17.01,-11.553687790803144,-16.058823087907065,24.156353661392906,13.200356429345224
17.015,-11.779484190457971,-16.13461824248769,24.761608818197324,13.200356429345224
17.02,-11.9969443792747,-16.17870474860834,25.3821628858372,13.200356429345224
17.025,-12.205203312705152,-16.189088619062023,26.014653245230978,13.200356429345224
17.03,-12.405367511197985,-16.164225180777912,26.6569464167502,13.200356429345224
17.035,-12.593581677536523,-16.10218067816535,27.30536441445882,13.200356429345224
17.04,-12.768169001667813,-15.999353392088842,27.954605167800512,13.200356429345224
17.045,-12.930695277749386,-15.856249450955543,28.602376529623697,13.200356429345224
17.05,-13.076025642854354,-15.672648601258919,29.246361597486995,13.200356429345224
17.055,-13.206336421991258,-15.446192566031117,29.88037069833051,13.200356429345224
17.06,-13.317688914225869,-15.178929319402723,30.502280888599948,13.200356429345224
17.065,-13.410243144407533,-14.870210336787279,31.10531757167322,13.200356429345224
17.07,-13.483296751763923,-14.521265945827272,31.688132926791802,13.200356429345224
17.075,-13.535413233901645,-14.1337404163047,32.245210309411675,13.200356429345224
17.080000000000002,-13.565384392868138,-13.709256878330047,32.77334447524278,13.200356429345224
17.085,-13.572031594601992,-13.251270448549166,33.26625166763001,13.200356429345224
17.09,-13.554157438897866,-12.76262548567745,33.72209696397021,13.200356429345224
17.095,-13.514915378161348,-12.245078789186927,34.13765853960274,13.200356429345224
17.1,-13.451180821991743,-11.704241370388,34.510223762447,13.200356429345224
17.105,-13.363307115292269,-11.141834477256891,34.83695459301242,13.200356429345224
17.11,-13.252263684559253,-10.564304163935866,35.11706053417807,13.200356429345224
17.115000000000002,-13.116812072986395,-9.974743811516154,35.3483831362006,13.200356429345224
17.12,-12.960770176504838,-9.377191612117256,35.53082786088583,13.200356429345224
17.125,-12.781547429931885,-8.77710839118574,35.6651350379003,13.200356429345224
17.13,-12.583247299372992,-8.177413057338388,35.750571167451554,13.200356429345224
17.135,-12.362941913097242,-7.582289049965399,35.78764814645308,13.200356429345224
17.14,-12.123374221690797,-6.996454320729846,35.779734408235186,13.200356429345224
17.145,-11.866679700227673,-6.423956255378462,35.727443583654015,13.200356429345224
17.150000000000002,-11.594875666612579,-5.867559484112103,35.63273861133019,13.200356429345224
17.155,-11.309785019017001,-5.330151818622785,35.49684937466161,13.200356429345224
17.16,-11.01134662732737,-4.814637326736445,35.3258180392124,13.200356429345224
17.165,-10.702240121542221,-4.320709064082031,35.12006101502468,13.200356429345224
17.17,-10.382391882414248,-3.8510313453939853,34.88276474200861,13.200356429345224
17.175,-10.05531822270225,-3.4086202779575485,34.61789594188816,13.200356429345224
17.18,-9.722524651245397,-2.9940872407703263,34.328109082555464,13.200356429345224
17.185,-9.386610928993592,-2.605754458304838,34.01629623851228,13.200356429345224
17.19,-9.047399239500454,-2.2445580996805345,33.685893782686534,13.200356429345224
17.195,-8.708037302471856,-1.9099611731340573,33.33848276699949,13.200356429345224
17.2,-8.368540013425358,-1.600290600829493,32.977257367883716,13.200356429345224
17.205000000000002,-8.029859508933544,-1.3185999068307415,32.60438151128339,13.200356429345224
17.21,-7.693634617418867,-1.0601573473522965,32.221626539978686,13.200356429345224
17.215,-7.362361554919722,-0.8260714870808387,31.833388745235258,13.200356429345224
17.22,-7.035387679549255,-0.6152341873386863,31.440279757806973,13.200356429345224
17.225,-6.715129500477954,-0.4258520828661956,31.042816438869693,13.200356429345224
17.23,-6.400781816881565,-0.25493033374238117,30.642570108562175,13.200356429345224
17.235,-6.093689560258952,-0.10234612208993893,30.241852911144953,13.200356429345224
17.240000000000002,-5.794919105211726,0.03325229925026568,29.8419997004312,13.200356429345224
17.245,-5.503050212635975,0.1524358549127625,29.443308715651245,13.200356429345224
17.25,-5.219966464817665,0.2578607221092479,29.046542577441976,13.200356429345224
17.255,-4.946065775195504,0.3490756893137762,28.652375807985038,13.200356429345224
17.26,-4.681116375690424,0.4289207789853642,28.261726718441082,13.200356429345224
17.265,-4.4251187714011,0.49821754887079117,27.874993702675177,13.200356429345224
17.27,-4.179595241057811,0.5591894757396095,27.491620087168165,13.200356429345224
17.275000000000002,-3.942343149253474,0.6121337203090191,27.11357554156304,13.200356429345224
17.28,-3.713523147323687,0.657874556974165,26.740155258040254,13.200356429345224
17.285,-3.49539121117806,0.6974202372600105,26.371149220119694,13.200356429345224
17.29,-3.285334279428568,0.7313271809123353,26.007906858882095,13.200356429345224
17.295,-3.0850152429817204,0.7597131829951757,25.64926320564541,13.200356429345224
17.3,-2.8933539132876733,0.7847270999713203,25.294781213158643,13.200356429345224
17.305,-2.7097846854721737,0.807332970527169,24.9470313686057,13.200356429345224
17.31,-2.5333736695393183,0.8277189346507837,24.60429179564481,13.200356429345224
17.315,-2.3658368549776307,0.8462837211753812,24.26582146187692,13.200356429345224
17.32,-2.205456693357885,0.8643986183717534,23.933441772465436,13.200356429345224
17.325,-2.052811501309558,0.8826008869378849,23.6056630393889,13.200356429345224
17.330000000000002,-1.9060692420373295,0.8998619178130827,23.281648632171706,13.200356429345224
17.335,-1.767380488973433,0.9158120926468654,22.961581870036127,13.200356429345224
17.34,-1.6323669083528622,0.9331987790629029,22.647413487080236,13.200356429345224
17.345,-1.5063991098291245,0.9506510825491402,22.338560798376168,13.200356429345224
17.35,-1.3833884938822971,0.9705588026966362,22.034055973935303,13.200356429345224
17.355,-1.2661245419828595,0.9899079593016337,21.733550974434866,13.200356429345224
17.36,-1.154353200173689,1.0111237691317707,21.43846814560415,13.200356429345224
17.365000000000002,-1.0464280276324829,1.0338375099029606,21.146444575314923,13.200356429345224
17.37,-0.941001517867816,1.0593102724696102,20.859305170077146,13.200356429345224
17.375,-0.84029918516063,1.0868775379062734,20.57707925158021,13.200356429345224
17.38,-0.7439032473242477,1.1159162869056467,20.29739288221408,13.200356429345224
17.385,-0.6509559070561491,1.1487503589983206,20.022735984937043,13.200356429345224
17.39,-0.5606633140706737,1.1837458394599873,19.752112415377084,13.200356429345224
17.395,-0.47267601737266873,1.221120517196611,19.485590439145387,13.200356429345224
17.400000000000002,-0.3885545878214974,1.258694519311839,19.22370477207683,13.200356429345224
17.405,-0.30637720367756094,1.3012518272041933,18.964786068084,13.200356429345224
17.41,-0.22551465935227405,1.3467352385861686,18.709303712014272,13.200356429345224
17.415,-0.1471424999023001,1.3945814484355266,18.458739047235124,13.200356429345224
17.42,-0.06865177678723212,1.4451301346221515,18.212708868367653,13.200356429345224
17.425,0.007283618200212019,1.5015625941574324,17.969124891927443,13.200356429345224
17.43,0.08264239431477888,1.560352960533855,17.72928523717656,13.200356429345224
17.435,0.15584123104894293,1.6222841804706345,17.49234831153846,13.200356429345224
17.44,0.22869310087461336,1.6890205408490668,17.26005065679062,13.200356429345224
17.445,0.30236991123787954,1.7582975770033757,17.032302507991208,13.200356429345224
17.45,0.3752309413885488,1.8325537967500272,16.807819980947098,13.200356429345224
17.455000000000002,0.44661795547615274,1.9103119703766718,16.587813228633884,13.200356429345224
17.46,0.5198815611573194,1.9923392180993922,16.37133792371679,13.200356429345224
17.465,0.5936608268979604,2.080835780472798,16.158913238718117,13.200356429345224
17.47,0.6680096833985956,2.1717262754898425,15.949663248786027,13.200356429345224
17.475,0.7426165727152516,2.2665557302364485,15.743479400273477,13.200356429345224
17.48,0.81881169031025,2.367115829740232,15.54276767422239,13.200356429345224
17.485,0.895826958395412,2.471956907885075,15.344190817017411,13.200356429345224
17.490000000000002,0.973967715801227,2.582311455144983,15.149897832443715,13.200356429345224
17.495,1.053595345748402,2.697643577890493,14.960591263186972,13.200356429345224
17.5,1.1369204952893475,2.81990923773657,14.774181931265876,13.200356429345224
17.505,1.2211493453540059,2.9471061145336215,14.593045476573009,13.200356429345224
17.51,1.3067634545976512,3.080165711250131,14.417258777226296,13.200356429345224
17.515,1.396172872714624,3.2196431604737383,14.24483430506809,13.200356429345224
17.52,1.487430053522532,3.366412080718326,14.07859129784361,13.200356429345224
17.525000000000002,1.5817193409693258,3.518908687339421,13.915401227696005,13.200356429345224
17.53,1.6784896459277756,3.677959016202291,13.758314774345626,13.200356429345224
17.535,1.7787707185678274,3.844708929693927,13.605431251084232,13.200356429345224
17.54,1.881188578944625,4.018453528300206,13.45826275044629,13.200356429345224
17.545,1.9873804845808611,4.201898996920834,13.317027882644748,13.200356429345224
17.55,2.098127515896763,4.392647578064165,13.18125051000553,13.200356429345224
17.555,2.2120422335924217,4.593133051964735,13.052064109970283,13.200356429345224
17.56,2.332692955703897,4.80155360320525,12.92757434306822,13.200356429345224
17.565,2.454716341189264,5.018461292874247,12.811138741452806,13.200356429345224
17.57,2.5832653392500213,5.245556257821959,12.702033923371301,13.200356429345224
17.575,2.714352377039956,5.4838721565466235,12.601275312749785,13.200356429345224
17.580000000000002,2.8518286126777777,5.731653159895308,12.508084684595275,13.200356429345224
17.585,2.995888646465635,5.988884393838691,12.423118860949389,13.200356429345224
17.59,3.144288978277361,6.257790360548195,12.347530740263466,13.200356429345224
17.595,3.3002306819648703,6.5365871120518335,12.280898670541786,13.200356429345224
17.6,3.4618280268199806,6.828944484289663,12.224881702762302,13.200356429345224
17.605,3.6304799451669405,7.133470421464917,12.179292491359318,13.200356429345224
17.61,3.8054037337080096,7.45095479393739,12.14786006341123,13.200356429345224
17.615000000000002,3.988474950683102,7.781399714016477,12.12627282890484,13.200356429345224
17.62,4.178764294845445,8.125513708950091,12.118668411001885,13.200356429345224
17.625,4.376468304014353,8.482648788535785,12.126194051863804,13.200356429345224
17.63,4.58150333418453,8.854013846621267,12.150997723958195,13.200356429345224
17.635,4.794804933229805,9.238551724182106,12.192146998322064,13.200356429345224
17.64,5.017110301700416,9.63779882263347,12.25036101789329,13.200356429345224
17.645,5.247564066103454,10.05061093511441,12.328645498838615,13.200356429345224
17.650000000000002,5.48839610603455,10.477088104048644,12.427902494580707,13.200356429345224
17.655,5.737553937617664,10.917762396644271,12.548325791715039,13.200356429345224
17.66,5.995960450018626,11.371943375108902,12.694286045362013,13.200356429345224
17.665,6.265378088576,11.840449307700657,12.865653970445997,13.200356429345224
17.67,6.54384267692388,12.321665079622163,13.065025389745148,13.200356429345224
17.675,6.834335884228066,12.814781247053713,13.294845946820159,13.200356429345224
17.68,7.132301410194773,13.319294535161385,13.55551414813396,13.200356429345224
17.685,7.440846890811367,13.83277682613063,13.84866977886741,13.200356429345224
17.69,7.759205825923148,14.355104627900902,14.178191261309545,13.200356429345224
17.695,8.088761878795186,14.885711524738564,14.54602703321273,13.200356429345224
17.7,8.427008753308543,15.42079013437996,14.95321732023207,13.200356429345224
17.705000000000002,8.77689447913889,15.959285025549429,15.403630145578472,13.200356429345224
17.71,9.137026299822148,16.497922831571444,15.899136137678706,13.200356429345224
17.715,9.504092925259677,17.03411700303478,16.43971964725,13.200356429345224
17.72,9.880940931780001,17.563549836291042,17.03138127757798,13.200356429345224
17.725,10.264589798277477,18.084057335960914,17.67317695888809,13.200356429345224
17.73,10.654912121682166,18.589579570392875,18.364337232187214,13.200356429345224
17.735,11.051584055857868,19.075147954773268,19.109739919965335,13.200356429345224
17.740000000000002,11.45243954847703,19.536307070493283,19.90823813911011,13.200356429345224
17.745,11.857376810819847,19.968401186725536,20.76164394119553,13.200356429345224
17.75,12.263121485107149,20.36349146536361,21.669160710187075,13.200356429345224
17.755,12.668223727805522,20.716278835663083,22.628163406325015,13.200356429345224
17.76,13.070418662882219,21.017656375654074,23.638635361541535,13.200356429345224
17.765,13.467657312508958,21.26316664766395,24.697869178753074,13.200356429345224
17.77,13.857508017554755,21.444803691725824,25.800643077646082,13.200356429345224
17.775000000000002,14.236448771239486,21.5569483030644,26.942730663750265,13.200356429345224
17.78,14.601570123446113,21.5908223720446,28.117316869352404,13.200356429345224
17.785,14.951701940469194,21.539592005147547,29.31890170963079,13.200356429345224
17.79,15.281517164508639,21.39966926823473,30.53896532503896,13.200356429345224
17.795,15.587197491524657,21.16505225038927,31.766633267632926,13.200356429345224
17.8,15.866692010796163,20.831471099288102,32.99317745769449,13.200356429345224
17.805,16.11377663389001,20.397424784325267,34.205099835739865,13.200356429345224
17.81,16.327478771744424,19.86176780695251,35.393160859783364,13.200356429345224
17.815,16.504239810761412,19.223479573060107,36.54194877617527,13.200356429345224
17.82,16.63966555199433,18.487408927656464,37.63953612803327,13.200356429345224
17.825,16.73213311901717,17.658936413827394,38.676215481970054,13.200356429345224
17.830000000000002,16.778312155110193,16.741870822244632,39.63844884326565,13.200356429345224
17.835,16.777376173467257,15.746877508225905,40.51384324188327,13.200356429345224
17.84,16.725956746485867,14.684759255616804,41.296469692076684,13.200356429345224
17.845,16.622825037139908,13.565156928510632,41.97381862535804,13.200356429345224
17.85,16.47061721637077,12.401545067899807,42.541233548633016,13.200356429345224
17.855,16.267878922156417,11.20827350878975,42.994404587703784,13.200356429345224
17.86,16.01473063238318,9.99890489103156,43.33413768918512,13.200356429345224
17.865000000000002,15.714590635558805,8.78722623077109,43.558269159659964,13.200356429345224
17.87,15.368044883444025,7.586870730039997,43.66843640321775,13.200356429345224
17.875,14.980976794661464,6.411101984242699,43.66915678522072,13.200356429345224
17.88,14.551883710543473,5.27161467866736,43.56849039773718,13.200356429345224
17.885,14.087584807647351,4.17874928781179,43.37046741708591,13.200356429345224
17.89,13.592641575691355,3.1418688112563853,43.08707365012018,13.200356429345224
17.895,13.070699932521938,2.1669131193591893,42.72608048820313,13.200356429345224
17.900000000000002,12.524964931872058,1.2597601934322364,42.29858227631526,13.200356429345224
17.905,11.96259655980235,0.4237504777527893,41.81387269677577,13.200356429345224
17.91,11.385281744264326,-0.3391133909874211,41.2812827923573,13.200356429345224
17.915,10.799755873531048,-1.0268994380288265,40.71261421234949,13.200356429345224
17.92,10.209071149022547,-1.642545095969411,40.1141656125808,13.200356429345224
17.925,9.615921879961569,-2.1871551370065427,39.495321170860215,13.200356429345224
17.93,9.025866415451459,-2.6629618300258144,38.86239578810845,13.200356429345224
17.935,8.440932301992643,-3.074587974234298,38.22460169678325,13.200356429345224
17.94,7.864369172932299,-3.4249257987909676,37.58453865876266,13.200356429345224
17.945,7.299533030702954,-3.7183034291771033,36.9480226205691,13.200356429345224
17.95,6.748932515915971,-3.960101359565888,36.319588832536695,13.200356429345224
17.955000000000002,6.2131043828257955,-4.156583999713563,35.70282961773214,13.200356429345224
17.96,5.693779252573354,-4.31003506809925,35.096302127102945,13.200356429345224
17.965,5.193415069805613,-4.424367052393223,34.505293032306554,13.200356429345224
17.97,4.712823071531061,-4.504071189309356,33.929623507454146,13.200356429345224
17.975,4.252493610112652,-4.554923264008437,33.37215541078901,13.200356429345224
17.98,3.8134957705592103,-4.58040555187017,32.82962760286248,13.200356429345224
17.985,3.393804265487181,-4.583294659978878,32.30380918243854,13.200356429345224
17.990000000000002,2.9947416171313472,-4.567027289487025,31.796480734618246,13.200356429345224
17.995,2.6162511955684846,-4.535964186720121,31.30469921740397,13.200356429345224
18.0,2.257754815106538,-4.490830335566031,30.8280841963541,13.200356429345224
18.005,1.9208418572204642,-4.4359654422091825,30.36660268563945,13.200356429345224
18.01,1.602804680059576,-4.371214053676874,29.9191787362992,13.200356429345224
18.015,1.304692309227911,-4.29795937116434,29.48595749666342,13.200356429345224
18.02,1.0233089650983511,-4.219422614703353,29.06388347488761,13.200356429345224
18.025000000000002,0.760592305633995,-4.138814317538095,28.65484147100305,13.200356429345224
18.03,0.5147760742328192,-4.055462381795108,28.25706987068271,13.200356429345224
18.035,0.28598515355317344,-3.9693809072187296,27.870359383837737,13.200356429345224
18.04,0.07370416424654047,-3.8833486453443933,27.49312794910708,13.200356429345224
18.045,-0.1238062818778338,-3.797723568170407,27.12516186456948,13.200356429345224
18.05,-0.30775841500963125,-3.712712918324224,26.765821847139904,13.200356429345224
18.055,-0.4778585340105598,-3.6295885128497027,26.414031925487294,13.200356429345224
18.06,-0.6347440283883627,-3.5482587157412016,26.071061679776072,13.200356429345224
18.065,-0.7802084922951419,-3.471106225133214,25.734619088031803,13.200356429345224
18.07,-0.9153238067952706,-3.3963910586538506,25.404805529630856,13.200356429345224
18.075,-1.0392132085543313,-3.325107724568971,25.080630353809983,13.200356429345224
18.080000000000002,-1.1537163946694569,-3.2563266393098167,24.763930347340327,13.200356429345224
18.085,-1.2575658571074717,-3.1913372685221786,24.45320483787827,13.200356429345224
18.09,-1.3550068498364858,-3.131246584424512,24.14731225251932,13.200356429345224
18.095,-1.4433110699258247,-3.0752795180780423,23.847288183953278,13.200356429345224
18.1,-1.5242545262197116,-3.02395659625801,23.550412132726066,13.200356429345224
18.105,-1.599429845725571,-2.975955057705881,23.25921324779342,13.200356429345224
18.11,-1.6680027430580573,-2.9327727086489768,22.973002934535845,13.200356429345224
18.115000000000002,-1.730655254959763,-2.8934986341689832,22.691929571076155,13.200356429345224
18.12,-1.7888026762982117,-2.8594545727643514,22.414408061006817,13.200356429345224
18.125,-1.8426476446559517,-2.8285767080505266,22.141472767705686,13.200356429345224
18.13,-1.8934674328344807,-2.8032719760688556,21.87279942908485,13.200356429345224
18.135,-1.9382023320602446,-2.7814811851760233,21.608264731584036,13.200356429345224
18.14,-1.9810452794968372,-2.763764801301056,21.346526514195553,13.200356429345224
18.145,-2.021007444392393,-2.750371741890409,21.0897865459294,13.200356429345224
18.150000000000002,-2.058397576179107,-2.740785499763618,20.837385364997896,13.200356429345224
18.155,-2.0920660542919354,-2.7357377554263453,20.587473891387774,13.200356429345224
18.16,-2.1247614882178345,-2.7333418963159404,20.342050095132937,13.200356429345224
18.165,-2.1553170494033878,-2.735581170707827,20.09949054663287,13.200356429345224
18.17,-2.1842772942076225,-2.740224469889262,19.861617111162452,13.200356429345224
18.175,-2.213936698984259,-2.7490893709982998,19.627411409116633,13.200356429345224
18.18,-2.240396732109585,-2.761788640020511,19.39605163418168,13.200356429345224
18.185,-2.266653922186632,-2.7779468013331723,19.167316035334593,13.200356429345224
18.19,-2.2915386171834733,-2.798084717682378,18.94293153414114,13.200356429345224
18.195,-2.3175199844664367,-2.821478853377217,18.721371934614087,13.200356429345224
18.2,-2.344227298789715,-2.8487540793183284,18.504358992466976,13.200356429345224
18.205000000000002,-2.3687905843498065,-2.880197610586902,18.290611245191407,13.200356429345224
18.21,-2.3947657130411866,-2.9164676175618975,18.08096530751909,13.200356429345224
18.215,-2.4206310261715434,-2.954395125386585,17.875062137401567,13.200356429345224
18.22,-2.446583758059339,-2.9968975914059164,17.67309588265834,13.200356429345224
18.225,-2.4732364855851774,-3.0425671431871244,17.473547391462585,13.200356429345224
18.23,-2.5022628615788505,-3.091229909921184,17.279281324070475,13.200356429345224
18.235,-2.5310861480333133,-3.1453227496564873,17.086732275999946,13.200356429345224
18.240000000000002,-2.562010864983477,-3.202340666740972,16.89895978502908,13.200356429345224
18.245,-2.594442247167788,-3.262926594907355,16.71319452171391,13.200356429345224
18.25,-2.627486132443194,-3.3266814881006344,16.532111904504198,13.200356429345224
18.255,-2.6614177218956754,-3.3957129654437956,16.356013680604953,13.200356429345224
18.26,-2.6987492091363494,-3.4679902399588753,16.18234451316541,13.200356429345224
18.265,-2.736990951082545,-3.542924292219479,16.013760675557844,13.200356429345224
18.27,-2.7773784966188946,-3.623447480494678,15.847805114946478,13.200356429345224
18.275000000000002,-2.819851133185458,-3.7075858554981025,15.687047393034135,13.200356429345224
18.28,-2.864269333675078,-3.79679284090169,15.531233980761913,13.200356429345224
18.285,-2.9117135183608593,-3.890669439562542,15.378373597379623,13.200356429345224
18.29,-2.9605388008762263,-3.9894211496721472,15.229500959331991,13.200356429345224
18.295,-3.0126406005155704,-4.0933769270551394,15.084851677769683,13.200356429345224
18.3,-3.0657104384849556,-4.200586271378377,14.944785149902843,13.200356429345224
18.305,-3.1221029663356874,-4.3136087303194675,14.80935379915426,13.200356429345224
18.31,-3.1809559337324282,-4.433598247737204,14.680352882985465,13.200356429345224
18.315,-3.2440747714163143,-4.557014218143895,14.554293680491492,13.200356429345224
18.32,-3.3088793795494262,-4.6858237559066085,14.433833798455064,13.200356429345224
18.325,-3.377044243210148,-4.821196478528722,14.31830933995331,13.200356429345224
18.330000000000002,-3.44978336948059,-4.963254024046987,14.208018434812011,13.200356429345224
18.335,-3.5253505755590995,-5.1103668290164315,14.104761381113253,13.200356429345224
18.34,-3.604488199204614,-5.264093218247716,14.007376355264299,13.200356429345224
18.345,-3.687781107383478,-5.423362974833187,13.914418375970723,13.200356429345224
18.35,-3.7743126807395972,-5.591414702605837,13.828568891199739,13.200356429345224
18.355,-3.865055330283292,-5.764379188232778,13.749326396571036,13.200356429345224
18.36,-3.9602173364614566,-5.945384714449681,13.678009848748301,13.200356429345224
18.365000000000002,-4.0586104964226255,-6.134156432163643,13.613567274534836,13.200356429345224
18.37,-4.161858043759565,-6.328701266771527,13.557867355524701,13.200356429345224
18.375,-4.26966012691048,-6.531776091574751,13.509078867607817,13.200356429345224
18.38,-4.382162163273129,-6.742740610779364,13.468451658477841,13.200356429345224
18.385,-4.500567324572231,-6.961764021457423,13.436818353757792,13.200356429345224
18.39,-4.623082572418443,-7.189548082720681,13.41598329472141,13.200356429345224
18.395,-4.7520973659531505,-7.424986253970603,13.401931195281298,13.200356429345224
18.400000000000002,-4.884762373245725,-7.668478086693949,13.399192663162612,13.200356429345224
18.405,-5.025600637074677,-7.918410697504662,13.407669625509433,13.200356429345224
18.41,-5.170993805571605,-8.17907356532117,13.427798728622996,13.200356429345224
18.415,-5.321804609710803,-8.449417461576507,13.459687507782371,13.200356429345224
18.42,-5.477818617896054,-8.728817732862158,13.504788882810512,13.200356429345224
18.425,-5.640749060012447,-9.017487127103628,13.564898442524738,13.200356429345224
18.43,-5.810202629679575,-9.31353492433075,13.638174721599539,13.200356429345224
18.435,-5.985549366624669,-9.619410258439894,13.726431937060557,13.200356429345224
18.44,-6.1682853281897305,-9.931846561196826,13.83077193411745,13.200356429345224
18.445,-6.3563363009456975,-10.25457287034145,13.952627492480762,13.200356429345224
18.45,-6.551330302152585,-10.583559642899976,14.092758913651137,13.200356429345224
18.455000000000002,-6.752353772838577,-10.920254836373774,14.252524946915077,13.200356429345224
18.46,-6.960295176428825,-11.264240684206522,14.431847082972626,13.200356429345224
18.465,-7.1765939943429435,-11.61355851254974,14.630926141795314,13.200356429345224
18.47,-7.397801568888703,-11.967783233801486,14.853292808869096,13.200356429345224
18.475,-7.627344582278062,-12.326681008588379,15.097870485112367,13.200356429345224
18.48,-7.861828109791564,-12.69055638011558,15.366937663239682,13.200356429345224
18.485,-8.104882268386485,-13.058004488529065,15.661051865175931,13.200356429345224
18.490000000000002,-8.35196020292985,-13.426943532917182,15.981404359546023,13.200356429345224
18.495,-8.605404456161297,-13.795362683876524,16.328531012916216,13.200356429345224
18.5,-8.865931426071684,-14.162477942954315,16.704189600077928,13.200356429345224
18.505,-9.13162346364931,-14.52650014403345,17.109047627175716,13.200356429345224
18.51,-9.40008735848032,-14.884217765413824,17.543723922380774,13.200356429345224
18.515,-9.674952928492425,-15.234791245193788,18.009762132984978,13.200356429345224
18.52,-9.9543845455506,-15.575065721856188,18.507243831827427,13.200356429345224
18.525000000000002,-10.235822799834946,-15.902375924763662,19.034408052698932,13.200356429345224
18.53,-10.519337196926989,-16.21582716861321,19.594416033813072,13.200356429345224
18.535,-10.804703157887941,-16.511908312829803,20.184797076194435,13.200356429345224
18.54,-11.090123440813834,-16.78467153352033,20.80662589879352,13.200356429345224
18.545,-11.374837772810798,-17.033388028187687,21.458953139193547,13.200356429345224
18.55,-11.657721048535146,-17.253394751386338,22.14304321638694,13.200356429345224
18.555,-11.937102139688964,-17.44319146776751,22.853823752648943,13.200356429345224
18.56,-12.211926571244447,-17.596503728195948,23.5899930198517,13.200356429345224
18.565,-12.480247946767113,-17.711516449875358,24.34905395978664,13.200356429345224
18.57,-12.743118086322909,-17.784205330621464,25.12886181157401,13.200356429345224
18.575,-12.994574643132363,-17.81255888539183,25.928256834649023,13.200356429345224
18.580000000000002,-13.234838008080969,-17.79207689043627,26.74068677629661,13.200356429345224
18.585,-13.462417395684097,-17.720338391489086,27.560809203689022,13.200356429345224
18.59,-13.675927567950037,-17.59587154909077,28.3858707757773,13.200356429345224
18.595,-13.87193457050241,-17.415934508529926,29.212796549172037,13.200356429345224
18.6,-14.050189489080918,-17.17783875279389,30.030972782670137,13.200356429345224
18.605,-14.20643964619692,-16.88319793393439,30.83720809368409,13.200356429345224
18.61,-14.340354777129674,-16.531899516628723,31.62390624621895,13.200356429345224
18.615000000000002,-14.448877502015847,-16.123378701329237,32.38830492974039,13.200356429345224
18.62,-14.53297052486365,-15.658433811330074,33.12189373180992,13.200356429345224
18.625,-14.58865943343976,-15.141726752493078,33.81778515269604,13.200356429345224
18.63,-14.615606427897294,-14.57549788008095,34.47140708278407,13.200356429345224
18.635,-14.613502705232017,-13.96353002084526,35.07699453222532,13.200356429345224
18.64,-14.581606793152924,-13.311540506606995,35.62915351592269,13.200356429345224
18.645,-14.52010268325001,-12.623161445788792,36.12404439759706,13.200356429345224
18.650000000000002,-14.42556517811322,-11.904035866980275,36.558672210565334,13.200356429345224
18.655,-14.29974222980343,-11.161830545981756,36.93077263480924,13.200356429345224
18.66,-14.142607238285711,-10.402565326026576,37.23601918472708,13.200356429345224
18.665,-13.95649170378447,-9.631724554720623,37.47598376886702,13.200356429345224
18.67,-13.740055180001956,-8.855277085722824,37.64797173253521,13.200356429345224
18.675,-13.495331970177167,-8.081466114966913,37.753851229254174,13.200356429345224
18.68,-13.225278124434983,-7.315479079442898,37.79475151851445,13.200356429345224
18.685,-12.930772712901678,-6.56465730812732,37.774616348089204,13.200356429345224
18.69,-12.613016650140354,-5.834462296147038,37.694853069097384,13.200356429345224
18.695,-12.274020592458989,-5.126904118319743,37.560163322201966,13.200356429345224
18.7,-11.916239200758998,-4.447969774731806,37.373071140984834,13.200356429345224
18.705000000000002,-11.542935019405958,-3.7993164311099714,37.13919576873817,13.200356429345224
18.71,-11.156672270892809,-3.185535207709414,36.86331409777943,13.200356429345224
18.715,-10.758406380976274,-2.608933821077292,36.54900486162325,13.200356429345224
18.72,-10.35008228970025,-2.069955199461723,36.2023993968874,13.200356429345224
18.725,-9.936111507171123,-1.5687528821818153,35.82679554277617,13.200356429345224
18.73,-9.518461008565701,-1.1057600287166005,35.42764949463095,13.200356429345224
18.735,-9.098635711170921,-0.6807906978057539,35.00792213821037,13.200356429345224
18.740000000000002,-8.677829888170189,-0.2920810230405175,34.57275492012798,13.200356429345224
18.745,-8.258695229848035,0.05875005575972353,34.1241217777373,13.200356429345224
18.75,-7.842114805538679,0.37945488019196044,33.66628506152398,37.1511744990528
18.755,-7.431527628993328,0.786022731213988,33.20252273453585,37.1511744990528
18.76,-7.0195438036304765,1.1596870937039543,32.730814566572725,37.1511744990528
18.765,-6.60994799004536,1.5052219804750937,32.254160593587514,37.1511744990528
18.77,-6.203348204104079,1.8218410058580008,31.77416047415464,37.1511744990528
18.775000000000002,-5.8019752620562866,2.115426162849838,31.29327054577196,37.1511744990528
18.78,-5.406107628844904,2.387538346380337,30.815907458649523,37.1511744990528
18.785,-5.015806590868849,2.637427798289688,30.34150252961339,37.1511744990528
18.79,-4.632499227331138,2.870034995258782,29.870701640737284,37.1511744990528
18.795,-4.257098146036005,3.085546769346345,29.406510665564674,37.1511744990528
18.8,-3.888819820372628,3.285517996011489,28.948829471699394,37.1511744990528
18.805,-3.529044107805656,3.4750456999794337,28.49792403011676,37.1511744990528
18.81,-3.1788707106622014,3.6526185386924017,28.057271801891204,37.1511744990528
18.815,-2.8386064912994216,3.819999424803653,27.625571032646103,37.1511744990528
18.82,-2.504442446009685,3.9824994672266927,27.20339508703902,37.1511744990528
18.825,-2.1792555258556456,4.138262729822156,26.790779407203992,37.1511744990528
18.830000000000002,-1.863503422959429,4.290441309138029,26.388404606374248,37.1511744990528
18.835,-1.5568823470248785,4.440111320105414,25.995828651364473,37.1511744990528
18.84,-1.2574388632180598,4.588055151507584,25.614619119348447,37.1511744990528
18.845,-0.9656906229693556,4.736156785415153,25.243179611228925,37.1511744990528
18.85,-0.6806963783533108,4.8853566493468,24.882718737547467,37.1511744990528
18.855,-0.40240433868488756,5.035922382914087,24.534102992473485,37.1511744990528
18.86,-0.13022478693913325,5.190715037201872,24.19572980985451,37.1511744990528
18.865000000000002,0.13720828505555,5.347539272629922,23.87009332925771,37.1511744990528
18.87,0.39714212757826717,5.509117898469562,23.55474921432021,37.1511744990528
18.875,0.6521297673711354,5.676206451541733,23.25224363190436,37.1511744990528
18.88,0.9033333895872123,5.848830001156227,22.961148788867213,37.1511744990528
18.885,1.1510164301118013,6.026764483057759,22.68083214733382,37.1511744990528
18.89,1.393914674169425,6.213547764603192,22.412710877477835,37.1511744990528
18.895,1.634513085076878,6.408232866145423,22.157491649682402,37.1511744990528
18.900000000000002,1.8730701766496343,6.609768953254711,21.915152960559286,37.1511744990528
18.905,2.1099482972428976,6.819255156861392,21.68522325946542,37.1511744990528
18.91,2.3451365265374693,7.037798762189169,21.46778503135752,37.1511744990528
18.915,2.5791189587391212,7.265277578927154,21.26362602245805,37.1511744990528
18.92,2.8129594205841704,7.502786933289717,21.073433451989988,37.1511744990528
18.925,3.047808332648395,7.748378745103132,20.899488143746236,37.1511744990528
18.93,3.280678495382032,8.004451647506299,20.73792759818965,37.1511744990528
18.935,3.517818738185414,8.269556419390785,20.593229657315145,37.1511744990528
18.94,3.7550168294361783,8.543709844213234,20.462893864495282,37.1511744990528
18.945,3.994021127552072,8.828961390142448,20.351247464511495,37.1511744990528
18.95,4.2372820932258595,9.123305323020986,20.255845775318825,37.1511744990528
18.955000000000002,4.48164550680517,9.42654217174545,20.17926324033694,37.1511744990528
18.96,4.728097916109769,9.740729698521148,20.120727873625476,37.1511744990528
18.965,4.978708269721744,10.064340363292523,20.08348053182374,37.1511744990528
18.97,5.234130708590802,10.39736638514854,20.066846405370963,37.1511744990528
18.975,5.49159416790405,10.739075391315806,20.07189806301788,37.1511744990528
18.98,5.754566217391392,11.088257088237778,20.099902072824772,37.1511744990528
18.985,6.0214871418154186,11.445880517295127,20.151979319133844,37.1511744990528
18.990000000000002,6.2926296738543055,11.811181515480595,20.227725875636466,37.1511744990528
18.995,6.56948021258704,12.182039255639474,20.328361953342352,37.1511744990528
19.0,6.849558896597589,12.558312051759549,20.45772825066846,37.1511744990528
19.005,7.134377236785803,12.938748917751422,20.61561786239709,37.1511744990528
19.01,7.42541849357044,13.322487361171621,20.80335855241995,37.1511744990528
19.015,7.719419838633985,13.709163552661586,21.020048433585337,37.1511744990528
19.02,8.018888443435001,14.09547322848481,21.268891763343685,37.1511744990528
19.025000000000002,8.321811804975038,14.479949511081708,21.550099404941637,37.1511744990528
19.03,8.629791023189384,14.86212145070547,21.86568696403557,37.1511744990528
19.035,8.94068921532236,15.238805000849938,22.2160145199417,37.1511744990528
19.04,9.256750270676166,15.607222311468014,22.60085346477206,37.1511744990528
19.045,9.574479504969027,15.96592968229265,23.02307550176442,37.1511744990528
19.05,9.894258970116375,16.308834643767696,23.480703669441255,37.1511744990528
19.055,10.21470112079751,16.63743064414758,23.97408950287321,37.1511744990528
19.06,10.53556459877986,16.945513931109115,24.50515289818613,37.1511744990528
19.065,10.855607814758717,17.232226530571772,25.070400628155486,37.1511744990528
19.07,11.175476926479735,17.49085874372441,25.67159561214184,37.1511744990528
19.075,11.49069375260082,17.718653620522254,26.30664257069223,37.1511744990528
19.080000000000002,11.801441507716774,17.91375856019998,26.973267250392453,37.1511744990528
19.085,12.106748656171547,18.06994064224677,27.67015096409087,37.1511744990528
19.09,12.405201499105928,18.185105181996104,28.395070475858137,37.1511744990528
19.095,12.695446168053005,18.255630757341255,29.144611400441942,37.1511744990528
19.1,12.973154771975137,18.277056278307207,29.915753254594964,37.1511744990528
19.105,13.238226107395937,18.24772444166333,30.7030727885631,37.1511744990528
19.11,13.488838573278713,18.163944357884876,31.501350514918126,37.1511744990528
19.115000000000002,13.722865002641926,18.02244915535226,32.3065697885243,37.1511744990528
19.12,13.938149961777349,17.82342836800797,33.11292982046809,37.1511744990528
19.125,14.13200259615843,17.564319378955066,33.91424305177781,37.1511744990528
19.13,14.303642497501563,17.244162255692014,34.703922459008915,37.1511744990528
19.135,14.45020130539546,16.86492559282641,35.4743444093032,37.1511744990528
19.14,14.571896861465163,16.42593747237017,36.22014661797654,37.1511744990528
19.145,14.664253215274785,15.929919390915355,36.933534733326496,37.1511744990528
19.150000000000002,14.726543371935188,15.381232259548588,37.60958453382999,37.1511744990528
19.155,14.759043079778921,14.783138589171386,38.24079249420303,37.1511744990528
19.16,14.760050265490866,14.139838344992352,38.82152827154418,37.1511744990528
19.165,14.729560957326875,13.45677123814785,39.34731738085573,37.1511744990528
19.17,14.666090847589437,12.739551029176043,39.812420775621455,37.1511744990528
19.175,14.570044901664666,11.996289765871412,40.21482199156748,37.1511744990528
19.18,14.440746553513794,11.232876897341907,40.5514893173835,37.1511744990528
19.185,14.280624040653278,10.456457467483522,40.82184050055435,37.1511744990528
19.19,14.090049520894727,9.676003937283019,41.02421493918941,37.1511744990528
19.195,13.868991788034206,8.895049743871537,41.159194307070585,37.1511744990528
19.2,13.620043336581928,8.123405617086515,41.22605095520438,37.1511744990528
19.205000000000002,13.346376802852564,7.368381936738846,41.22950055146855,37.1511744990528
19.21,13.046163154547667,6.634277343387844,41.17098878540482,37.1511744990528
19.215,12.724391397643497,5.928144259265864,41.05519288367279,37.1511744990528
19.22,12.38448779170532,5.253723611069314,40.885593842143166,37.1511744990528
19.225,12.027400651716794,4.614826619071311,40.66468004073889,37.1511744990528
19.23,11.657980453565647,4.016675887442772,40.40046818483205,37.1511744990528
19.235,11.276115956542005,3.4603814138358766,40.096706197144265,37.1511744990528
19.240000000000002,10.886744612557207,2.947903323061846,39.75725347344861,37.1511744990528
19.245,10.488848151287266,2.478525348683952,39.387671945909815,37.1511744990528
19.25,10.087670172723916,2.0553338902466667,38.991654085186276,37.1511744990528
19.255,9.685970623325934,1.6761921726842754,38.57380585345699,37.1511744990528
19.26,9.284995120527379,1.3409306142166155,38.140771926016996,37.1511744990528
19.265,8.887032941639442,1.048577121008163,37.693387873719104,37.1511744990528
19.27,8.495779993684998,0.7983696753214231,37.23608277470139,37.1511744990528
19.275000000000002,8.110804352172154,0.5873018066703538,36.77256531555875,37.1511744990528
19.28,7.735505538284894,0.4127840038620622,36.306178615137306,37.1511744990528
19.285,7.3696342865138185,0.27374237508414523,35.83786993869454,37.1511744990528
19.29,7.013242642404365,0.16874806357276426,35.37036476485435,37.1511744990528
19.295,6.6702529172483915,0.09643301132093278,34.90376543456432,37.1511744990528
19.3,6.3416538655222965,0.052332604935184365,34.440189501068545,37.1511744990528
19.305,6.026272001650543,0.034036191329407744,33.98241256557203,37.1511744990528
19.31,5.7275825145117105,0.039305641605287225,33.530428139935516,37.1511744990528
19.315,5.442408852986909,0.06745601642158114,33.08490089525617,37.1511744990528
19.32,5.173597926874248,0.11540664386688634,32.64542874025291,37.1511744990528
19.325,4.920442775115297,0.18040252936852103,32.213952172481285,37.1511744990528
19.330000000000002,4.682904804483747,0.2620255597903248,31.788730763467527,37.1511744990528
19.335,4.461657349825277,0.35719039120984136,31.371783336725677,37.1511744990528
19.34,4.256110893272585,0.4657688493087511,30.9627055018049,37.1511744990528
19.345,4.067288107525227,0.5854880902913464,30.560232367400957,37.1511744990528
19.35,3.8924431293296875,0.7178060070070561,30.165216970108947,37.1511744990528
19.355,3.733590635845451,0.8571197739579827,29.7763009604041,37.1511744990528
19.36,3.5895503675836347,1.005628369518609,29.393441621230416,37.1511744990528
19.365000000000002,3.460943781620115,1.161132905142133,29.02005955886488,37.1511744990528
19.37,3.3461933309708383,1.323579156605189,28.653446644175556,37.1511744990528
19.375,3.2452729720618865,1.4927321989829676,28.293155724867688,37.1511744990528
19.38,3.157708256822855,1.6663134691297963,27.94139028050848,37.1511744990528
19.385,3.083005445995765,1.844724505985851,27.59661987772837,37.1511744990528
19.39,3.0214241563227024,2.027329673970802,27.25840849906393,37.1511744990528
19.395,2.9712381092466407,2.2135578087405836,26.925387036050992,37.1511744990528
19.400000000000002,2.932141843766495,2.4046613589118278,26.599778187227248,37.1511744990528
19.405,2.9049097995607704,2.5983321977051665,26.280288532287983,37.1511744990528
19.41,2.890882030536325,2.7966699552098944,25.968095760245344,37.1511744990528
19.415,2.885184603760184,2.9963320271533345,25.662305851043453,37.1511744990528
19.42,2.8918320071493397,3.1991281307515393,25.364041531359447,37.1511744990528
19.425,2.906966218410544,3.4070577491615204,25.070637402788947,37.1511744990528
19.43,2.9310573369732316,3.618535223004615,24.786537648594688,37.1511744990528
19.435,2.9651655061683404,3.8340599490713414,24.509994259232037,37.1511744990528
19.44,3.0085997298873575,4.051676486844034,24.23970179483559,37.1511744990528
19.445,3.0614998847281196,4.273365628318195,23.97732109975656,37.1511744990528
19.45,3.1208457318902383,4.500331604730834,23.723208413521743,37.1511744990528
19.455000000000002,3.1898721152153082,4.731846256614942,23.475895339281212,37.1511744990528
19.46,3.265594112905584,4.96602726211462,23.236299249753582,37.1511744990528
19.465,3.3505141676326473,5.20478605010059,23.00757201458848,37.1511744990528
19.47,3.443084550809225,5.447318282915899,22.788204802601737,37.1511744990528
19.475,3.5432391772064804,5.696224269686271,22.576933813292804,37.1511744990528
19.48,3.650983975819772,5.948537227150843,22.376945960273737,37.1511744990528
19.485,3.7657962726957117,6.208598034526072,22.186733221609583,37.1511744990528
19.490000000000002,3.8875331143342176,6.47275549559852,22.008946718046687,37.1511744990528
19.495,4.016426006264686,6.741427757091342,21.840985957842676,37.1511744990528
19.5,4.153121401096935,7.017606373432117,21.684439238342776,37.1511744990528
19.505,4.295851577966948,7.299034284051013,21.541129034494638,37.1511744990528
19.51,4.445997135712679,7.586743282556963,21.410772739311955,37.1511744990528
19.515,4.602996376464274,7.879526679998337,21.292515846992835,37.1511744990528
19.52,4.766786915840605,8.179602428254604,21.191016560712917,37.1511744990528
19.525000000000002,4.936719537743141,8.486399973126625,21.10250684319185,37.1511744990528
19.53,5.113694420160352,8.799032668981473,21.030083152913328,37.1511744990528
19.535,5.29765066085371,9.119657740961134,20.974585024489464,37.1511744990528
19.54,5.488674504685013,9.444807428114967,20.93613056163238,37.1511744990528
19.545,5.6855651139450085,9.77690316547445,20.915913404468817,37.1511744990528
19.55,5.89023057100136,10.11554415449576,20.914636407973955,37.1511744990528
19.555,6.100906816926616,10.459539364442515,20.93342745239665,37.1511744990528
19.56,6.319387293080224,10.808149396259324,20.972454674595816,37.1511744990528
19.565,6.543258417692287,11.162320980303598,21.03395847214451,37.1511744990528
19.57,6.7759157784090975,11.520365204380134,21.11854670807195,37.1511744990528
19.575,7.012501462194452,11.882633854891104,21.22642813974092,37.1511744990528
19.580000000000002,7.254911451634937,12.246507825242018,21.361358910057866,37.1511744990528
19.585,7.5038088305549335,12.612335081678411,21.520640099393226,37.1511744990528
19.59,7.758625826841477,12.976672545891033,21.706404012349704,37.1511744990528
19.595,8.021477533123182,13.341905990916183,21.92018563859468,37.1511744990528
19.6,8.286253908956732,13.704510085852982,22.163467584607055,37.1511744990528
19.605,8.558623033100254,14.064571137569207,22.436075735350435,37.1511744990528
19.61,8.83384765191701,14.417940739275343,22.737673811199322,37.1511744990528
19.615000000000002,9.114341036041038,14.763432107936138,23.070876081407608,37.1511744990528
19.62,9.39734444121148,15.100870765774781,23.43666821210739,37.1511744990528
19.625,9.682212798496899,15.426261416759203,23.834275212479092,37.1511744990528
19.63,9.969470560377234,15.73590213514756,24.2627530000547,37.1511744990528
19.635,10.256894118139572,16.030332342960886,24.723441182833124,37.1511744990528
19.64,10.54519617464488,16.305687738631704,25.21716869777479,37.1511744990528
19.645,10.833340064395436,16.557394882642104,25.741502061233245,37.1511744990528
19.650000000000002,11.11981005462294,16.781920712023823,26.295530154311013,37.1511744990528
19.655,11.404183496681751,16.977590115785024,26.876400295234312,37.1511744990528
19.66,11.682966611541346,17.141956527882446,27.48604190562247,37.1511744990528
19.665,11.956176645336916,17.271627714528552,28.120891838914257,37.1511744990528
19.67,12.222476066217743,17.364090772729597,28.77943269315982,37.1511744990528
19.675,12.479524907866358,17.41412807456026,29.45683851831869,37.1511744990528
19.68,12.725486488772052,17.42198468937881,30.15049052561657,37.1511744990528
19.685,12.960583034947453,17.38352826022998,30.85834352275544,37.1511744990528
19.69,13.181666624542183,17.297683194875226,31.573076195993682,37.1511744990528
19.695,13.38653206579213,17.160868269585222,32.29317745692653,37.1511744990528
19.7,13.575973158735138,16.972937169625986,33.0115905255969,37.1511744990528
19.705000000000002,13.745686027643913,16.733956589450074,33.722810908291876,37.1511744990528
19.71,13.896353605059105,16.44329083134636,34.42342717482322,37.1511744990528
19.715,14.022845690916052,16.09938383133935,35.107931078704475,37.1511744990528
19.72,14.126299359098958,15.706909889281922,35.76819188805227,37.1511744990528
19.725,14.204778190600823,15.26511377025143,36.39924485456488,37.1511744990528
19.73,14.257036510847975,14.778335631456189,36.99839441753029,37.1511744990528
19.735,14.282945680859736,14.25026514671573,37.55847350217583,37.1511744990528
19.740000000000002,14.281772649766193,13.681674827956055,38.074962181365066,37.1511744990528
19.745,14.251619440196,13.07877609822062,38.544386625828125,37.1511744990528
19.75,14.194221614376735,12.448415459533555,38.96191255232722,37.1511744990528
19.755,14.107248692712535,11.794120098049618,39.32609181191897,37.1511744990528
19.76,13.991097629926308,11.12219597009126,39.63280801925642,37.1511744990528
19.765,13.84745850566329,10.439168346764184,39.88254950185711,37.1511744990528
19.77,13.676444394490488,9.74916913423182,40.07426899157857,37.1511744990528
19.775000000000002,13.47978301607034,9.06115816899164,40.20688007604194,37.1511744990528
19.78,13.25915613354482,8.378177933683945,40.28170494599062,37.1511744990528
19.785,13.01481706512551,7.7075761536200424,40.30072558758042,37.1511744990528
19.79,12.748860384924468,7.055002865730042,40.26542704241067,37.1511744990528
19.795,12.463671669950783,6.424264148858572,40.1774944934427,37.1511744990528
19.8,12.162291586250648,5.818326096775674,40.04268862169558,37.1511744990528
19.805,11.845226619866573,5.244322608417023,39.863270216264254,37.1511744990528
19.81,11.515569638918706,4.7022824137515435,39.6435282575584,37.1511744990528
19.815,11.174668419267174,4.194500121710247,39.38447839104802,37.1511744990528
19.82,10.825108551896987,3.723525461895808,39.09388572368062,37.1511744990528
19.825,10.470286883226624,3.2896590752691823,38.77388653561912,37.1511744990528
19.830000000000002,10.113207325067345,2.895917628146627,38.42850268356791,37.1511744990528
19.835,9.751784591721679,2.5396968221588203,38.06246925838289,37.1511744990528
19.84,9.391509111736735,2.220629212485153,37.678381289004605,37.1511744990528
19.845,9.033427756127484,1.94150261101313,37.278864734571236,37.1511744990528
19.85,8.678766224599306,1.697754812307801,36.86902167994467,37.1511744990528
19.855,8.328949370634842,1.489007054355342,36.45103340677073,37.1511744990528
19.86,7.988106523460761,1.315205300311555,36.02586663876151,37.1511744990528
19.865000000000002,7.65469801615774,1.1743494429648127,35.59877242767009,37.1511744990528
19.87,7.3296578589264705,1.0631842045772255,35.16837708445797,37.1511744990528
19.875,7.014867219471528,0.9816677448613579,34.73769755431037,37.1511744990528
19.88,6.71341300856647,0.925820926549242,34.30789154404288,37.1511744990528
19.885,6.423817780927188,0.8941775641638363,33.88213513255419,37.1511744990528
19.89,6.146242478074832,0.8859493630739992,33.459480248094025,37.1511744990528
19.895,5.883747620808838,0.900266401373489,33.040757019899736,37.1511744990528
19.900000000000002,5.633833314048155,0.932542649805224,32.62726804631265,37.1511744990528
19.905,5.398775334689777,0.9834859081192895,32.21732167499649,37.1511744990528
19.91,5.177766857147178,1.0501947081183405,31.815127272338056,37.1511744990528
19.915,4.972655909473425,1.1313144453973252,31.417314115337614,37.1511744990528
19.92,4.780536020505511,1.2269783952638136,31.025522950660502,37.1511744990528
19.925,4.603224570516241,1.334595777939284,30.641430616341612,37.1511744990528
19.93,4.438739556982155,1.4522149038463288,30.26377286787249,37.1511744990528
19.935,4.290745754268844,1.5802336471059082,29.891980086890225,37.1511744990528
19.94,4.155033249628051,1.716721622005766,29.527571462562836,37.1511744990528
19.945,4.032914873205522,1.8628172002397936,29.169636337035595,37.1511744990528
19.95,3.9227121099364806,2.0157974680855104,28.818481730004635,37.1511744990528
19.955000000000002,3.8264818678662342,2.1756560028032896,28.473944980947596,37.1511744990528
19.96,3.74487104994663,2.3402679362410037,28.135660903833347,37.1511744990528
19.965,3.6741843904264746,2.5111691623107975,27.803104995433465,37.1511744990528
19.97,3.615079906719548,2.68758907004404,27.47843289199218,37.1511744990528
19.975,3.5699684350121057,2.8699873506503897,27.160607872494257,37.1511744990528
19.98,3.5349712972176572,3.057013542893873,26.84793330048744,37.1511744990528
19.985,3.510807456086254,3.247178994882947,26.54405727143397,37.1511744990528
19.990000000000002,3.4968974723687496,3.443254316749196,26.247816315795465,37.1511744990528
19.995,3.4932230088687035,3.6422377028966806,25.958447636976626,37.1511744990528
20.0,3.500614384546018,3.8458509608143956,25.675732886862797,37.1511744990528
20.005,3.517475048443498,4.052992906002269,25.399553472268234,37.1511744990528
20.01,3.545381326678366,4.264711876193575,25.131237015856936,37.1511744990528
20.015,3.581162348175455,4.480328222125582,24.871910414118837,37.1511744990528
20.02,3.6277978143119634,4.6992514011957915,24.620737731704047,37.1511744990528
20.025000000000002,3.6800589342610257,4.922497281842188,24.37751228725953,37.1511744990528
20.03,3.741540632711679,5.150179502473555,24.142873506443692,37.1511744990528
20.035,3.8120476979178126,5.38228659632142,23.916559047121375,37.1511744990528
20.04,3.891214722165625,5.61855837158185,23.699393751097457,37.1511744990528
20.045,3.978554006103916,5.8603852899798925,23.491984846604353,37.1511744990528
20.05,4.073918591273018,6.107440333453395,23.295555260952195,37.1511744990528
20.055,4.1747676740759765,6.358580085985264,23.109367364783324,37.1511744990528
20.06,4.283147026315395,6.6150088270647505,22.9336115562667,37.1511744990528
20.065,4.3995204682880615,6.875568616139678,22.77050357533112,37.1511744990528
20.07,4.5227399048070245,7.142242530431719,22.61706886998229,37.1511744990528
20.075,4.65322138312666,7.413580965334654,22.47655845535786,37.1511744990528
20.080000000000002,4.7911388118846645,7.690294770130439,22.34813399135601,37.1511744990528
20.085,4.936398074359413,7.971284712305966,22.233480673001004,37.1511744990528
20.09,5.087798253606509,8.260576990402846,22.132913465606237,37.1511744990528
20.095,5.247352412255758,8.554000736086708,22.04808024719105,37.1511744990528
20.1,5.412659491899914,8.854356341317075,21.977549106361906,37.1511744990528
20.105,5.585087338284715,9.158539714626635,21.922994948966835,37.1511744990528
20.11,5.763304866082906,9.469194433068626,21.886662143244045,37.1511744990528
20.115000000000002,5.948096607188368,9.785311132070705,21.86935770023757,37.1511744990528
20.12,6.139740973136627,10.104543322549887,21.86831360313956,37.1511744990528
20.125,6.3378457638549,10.427811493818302,21.88598621533043,37.1511744990528
20.13,6.5423459494215725,10.75651905582443,21.924480618285877,37.1511744990528
20.135,6.75230486386333,11.088029892109455,21.984140894638486,37.1511744990528
20.14,6.968318061672819,11.42135387859806,22.06575157895199,37.1511744990528
20.145,7.191143244416433,11.757317187854811,22.16919969218471,37.1511744990528
20.150000000000002,7.4192503378531125,12.095743084313982,22.296801812863848,37.1511744990528
20.155,7.652592545634968,12.433667536000012,22.448634800226973,37.1511744990528
20.16,7.891600879327133,12.769531752812544,22.624569815660923,37.1511744990528
20.165,8.135392229845895,13.103548868124959,22.826719935239776,37.1511744990528
20.17,8.383680653568,13.43452423744299,23.05550399938676,37.1511744990528
20.175,8.636883067698955,13.760190121626778,23.31187443813489,37.1511744990528
20.18,8.893791931298038,14.080702010087728,23.59534086346044,37.1511744990528
20.185,9.15281043368368,14.39061536481767,23.906816999377224,37.1511744990528
20.19,9.414506111003412,14.69091429197446,24.246284206204436,37.1511744990528
20.195,9.678831792300528,14.980705931850464,24.614614738721922,37.1511744990528
20.2,9.943199290442221,15.256547204112984,25.011031107046872,37.1511744990528
20.205000000000002,10.209038873340525,15.51596304725152,25.43559600017988,37.1511744990528
20.21,10.473273083891865,15.755230747227374,25.8898996097581,37.1511744990528
20.215,10.738507323974353,15.97307909379394,26.369817813845568,37.1511744990528
20.22,11.000422991369671,16.165983608141033,26.875631614948297,37.1511744990528
20.225,11.257813494645282,16.332475893959046,27.40546504334391,37.1511744990528
20.23,11.512100576021325,16.469911175815703,27.95903217998736,37.1511744990528
20.235,11.760400212496588,16.577310097071837,28.535419006451452,37.1511744990528
20.240000000000002,12.001101426776625,16.650064262283735,29.130887933924726,37.1511744990528
20.245,12.233589845187884,16.684177072059022,29.74195195811312,37.1511744990528
20.25,12.456591048205988,16.680290837333754,30.365919219440816,37.1511744990528
20.255,12.667323407010395,16.63439826317871,30.99999320393965,37.1511744990528
20.26,12.865554902135742,16.54661718226911,31.641480262109763,37.1511744990528
20.265,13.04976765243248,16.415879655285448,32.28426383823424,37.1511744990528
20.27,13.218367748301741,16.239593696471037,32.92423624106317,37.1511744990528
20.275000000000002,13.368985937832413,16.018541023611764,33.55719722335992,37.1511744990528
20.28,13.502636677507272,15.753479787300948,34.178636081738446,37.1511744990528
20.285,13.615494200627735,15.44276435437066,34.7872163623871,37.1511744990528
20.29,13.707458746412954,15.08859164469896,35.374744881407196,37.1511744990528
20.295,13.777795275177722,14.694095099170864,35.93576274959025,37.1511744990528
20.3,13.823037746958816,14.259083440992484,36.46852350675657,37.1511744990528
20.305,13.844797904010447,13.786235132911932,36.967924498881196,37.1511744990528
20.31,13.840969339178258,13.28295477207957,37.430617764176965,37.1511744990528
20.315,13.812827140255195,12.748956032605792,37.85132264168936,37.1511744990528
20.32,13.760426860337226,12.191278144598112,38.2270819998263,37.1511744990528
20.325,13.681675392062354,11.613011185689187,38.556665915095934,37.1511744990528
20.330000000000002,13.578269755725172,11.019942426779233,38.836877868067404,37.1511744990528
20.335,13.45117562254365,10.414536132877723,39.06738994689189,37.1511744990528
20.34,13.300345913150622,9.802846348809581,39.24717646183211,37.1511744990528
20.345,13.124968429613318,9.1923621597235,39.37591349747534,37.1511744990528
20.35,12.92788359504261,8.585314888402744,39.45306059636229,37.1511744990528
20.355,12.709550985329896,7.98847591512863,39.48196453677545,37.1511744990528
20.36,12.47276405763077,7.405720455694189,39.46194389293949,37.1511744990528
20.365000000000002,12.220169520851453,6.840114955063749,39.397040762413,37.1511744990528
20.37,11.950853566011368,6.2946753670340065,39.28979368946953,37.1511744990528
20.375,11.667492777868997,5.774579525594131,39.143286481872636,37.1511744990528
20.38,11.371301156986728,5.282079426461065,38.95875805201475,37.1511744990528
20.385,11.067754717878381,4.81854434675406,38.739330887006524,37.1511744990528
20.39,10.753217744006607,4.387129442177968,38.48945047442541,37.1511744990528
20.395,10.43410838636936,3.986994437593772,38.21109035912459,37.1511744990528
20.400000000000002,10.110753440602435,3.620723482125486,37.91003503095129,37.1511744990528
20.405,9.785271895717006,3.286740313407917,37.58776466189456,37.1511744990528
20.41,9.46009068539404,2.9861617656414348,37.24710058203557,37.1511744990528
20.415,9.136909617427323,2.718533693290991,36.891998781154555,37.1511744990528
20.42,8.816832108248713,2.484804675261108,36.52465130846978,37.1511744990528
20.425,8.50135252401251,2.2821550819201506,36.14728169604255,37.1511744990528
20.43,8.190217014994195,2.110731858228696,35.76246958817214,37.1511744990528
20.435,7.884672369973468,1.9665479969810862,35.37259634390786,37.1511744990528
20.44,7.588096847799516,1.8510174674321753,34.97953221907157,37.1511744990528
20.445,7.3006126459576635,1.7620357329514515,34.583780256847064,37.1511744990528
20.45,7.023502204683638,1.6977154349701928,34.18697997767958,37.1511744990528
20.455000000000002,6.759260283873907,1.656861129094329,33.790735423682975,37.1511744990528
20.46,6.5046316320610496,1.6388540602150643,33.397269179705475,37.1511744990528
20.465,6.2605833237394695,1.6398759915077223,33.00535930852845,37.1511744990528
20.47,6.030628301900447,1.6603407845189238,32.61681135156953,37.1511744990528
20.475,5.811781333072056,1.698132615403778,32.23157072684048,37.1511744990528
20.48,5.606286599926229,1.7513811832639272,31.850038702832183,37.1511744990528
20.485,5.413418030630493,1.8196982538779019,31.4744626070348,37.1511744990528
20.490000000000002,5.233737664096551,1.900516446607873,31.10428331988065,37.1511744990528
20.495,5.066252210251159,1.9960357965132123,30.739147170264133,37.1511744990528
20.5,4.913110696745696,2.103019239461501,30.380196133875756,37.1511744990528
20.505,4.7726347586151725,2.219030988885092,30.02726246371387,37.1511744990528
20.51,4.645603262466873,2.344908100297196,29.68066577676103,37.1511744990528
20.515,4.531569982270172,2.480839621883291,29.339335909440234,37.1511744990528
20.52,4.428822252632169,2.622877575871328,29.004794448212056,37.1511744990528
20.525000000000002,4.337849732779692,2.7726138857166847,28.67505393535399,37.1511744990528
20.53,4.261937227400068,2.9296871445770014,28.352369253933293,37.1511744990528
20.535,4.194383082618619,3.093250782019056,28.037100734838237,37.1511744990528
20.54,4.139757066725902,3.262620187655355,27.728504869329978,37.1511744990528
20.545,4.095541751664635,3.436654387994496,27.42570312398354,37.1511744990528
20.55,4.061405198777725,3.6160069086053985,27.130963605624522,37.1511744990528
20.555,4.039810745729651,3.8018704231279026,26.84217543917133,37.1511744990528
20.56,4.027656051713491,3.9917726512943816,26.560312714956194,37.1511744990528
20.565,4.023843138293293,4.186436205073238,26.286825562613206,37.1511744990528
20.57,4.03147762098524,4.386051239866764,26.020311416470285,37.1511744990528
20.575,4.0498562482432146,4.589810942732031,25.76225510216426,37.1511744990528
20.580000000000002,4.075725012416359,4.797640151520745,25.51179789996642,37.1511744990528
20.585,4.110635041872853,5.010238908518722,25.269554037956006,37.1511744990528
20.59,4.154889565190313,5.227916074037823,25.035634381564737,37.1511744990528
20.595,4.208061270191977,5.448942577908461,24.81112206846171,37.1511744990528
20.6,4.270009192630868,5.6742947846289775,24.594856267644737,37.1511744990528
20.605,4.341681179202728,5.904013159681179,24.388675486890342,37.1511744990528
20.61,4.418961994510867,6.139340910204636,24.19169665884143,37.1511744990528
20.615000000000002,4.5043369684476575,6.378109587914864,24.00507171605707,37.1511744990528
20.62,4.598020210935148,6.621924664431885,23.828184587922898,37.1511744990528
20.625,4.6993573815664975,6.869845457523764,23.66260298224699,37.1511744990528
20.63,4.808884247981076,7.12372643523641,23.507744627791304,37.1511744990528
20.635,4.924842959306154,7.3830671129941035,23.36450974646436,37.1511744990528
20.64,5.0479732297330715,7.646554375864982,23.23458137609075,37.1511744990528
20.645,5.179169029608832,7.914991009328637,23.118703820548927,37.1511744990528
20.650000000000002,5.315129003596952,8.187584272095615,23.014275548446758,37.1511744990528
20.655,5.457852269907947,8.464541816775265,22.925584423587523,37.1511744990528
20.66,5.607690274054215,8.74660080050131,22.850580660533566,37.1511744990528
20.665,5.765268775917995,9.032805996074348,22.79187032758787,37.1511744990528
20.67,5.927540207839756,9.324065704448252,22.74706706691476,37.1511744990528
20.675,6.097201048998039,9.62079446965708,22.720285123780624,37.1511744990528
20.68,6.273272824493037,9.919918268967548,22.710417551290977,37.1511744990528
20.685,6.455377637853156,10.222908789699463,22.719991222439923,37.1511744990528
20.69,6.643799383493199,10.528508984272568,22.74750192472652,37.1511744990528
20.695,6.838563481543118,10.836371310664871,22.7931159294318,37.1511744990528
20.7,7.036948722123114,11.145792227328688,22.860492518138564,37.1511744990528
20.705000000000002,7.242604889529728,11.455608944940195,22.949017094334923,37.1511744990528
20.71,7.4530983515370055,11.766915244786125,23.05850263620728,37.1511744990528
20.715,7.668617255307655,12.078024345007801,23.188240663481945,37.1511744990528
20.72,7.889595059878995,12.387823632271184,23.342739874702456,37.1511744990528
20.725,8.115445332521997,12.695358497024735,23.518638228114384,37.1511744990528
20.73,8.343827677666354,13.001114300313583,23.721543012147112,37.1511744990528
20.735,8.576072425827055,13.30048419070145,23.946666643428756,37.1511744990528
20.740000000000002,8.812505627746518,13.593812823022372,24.197691934836953,37.1511744990528
20.745,9.052331015139552,13.878982607832876,24.47497597088962,37.1511744990528
20.75,9.292824213788636,14.154929882562966,24.77742134571197,37.1511744990528
20.755,9.535228785756107,14.418639269093568,25.105284074124906,37.1511744990528
20.76,9.78081903112282,14.67122984486837,25.45817253933114,37.1511744990528
20.765,10.024697467807849,14.907384229088734,25.83740888855805,37.1511744990528
20.77,10.268604270204046,15.127903300867576,26.23959559765486,37.1511744990528
20.775000000000002,10.51095175009024,15.327734580896506,26.665276862181877,37.1511744990528
20.78,10.751134908950728,15.507684792188938,27.115940409737235,37.1511744990528
20.785,10.989888510908486,15.662875807311757,27.58880463868203,37.1511744990528
20.79,11.223964476563786,15.792918111558519,28.08097824296787,37.1511744990528
20.795,11.452759192685544,15.894494966662275,28.592515464520048,37.1511744990528
20.8,11.674868604226456,15.967634315689226,29.123211786794453,37.1511744990528
20.805,11.888761984370882,16.007843452990226,29.66692558397524,37.1511744990528
20.81,12.09326649250691,16.01362375766336,30.221668883711786,37.1511744990528
20.815,12.290741437018495,15.984505587434942,30.787227424049934,37.1511744990528
20.82,12.476253884955016,15.918970253118559,31.35927144884687,37.1511744990528
20.825,12.648616256591207,15.816289960425129,31.93360818273792,37.1511744990528
20.830000000000002,12.806962170329959,15.674726017696075,32.507212156363785,37.1511744990528
20.835,12.950997949677067,15.492332009217293,33.07664865230165,37.1511744990528
20.84,13.078796197516299,15.271840389786238,33.63985432465531,37.1511744990528
20.845,13.187519353119015,15.013386022177178,34.18927066674238,37.1511744990528
20.85,13.278744710253166,14.71495331521962,34.72306891807829,37.1511744990528
20.855,13.350841250613907,14.380325050362677,35.23690191961447,37.1511744990528
20.86,13.40226434780129,14.010884266651566,35.72742230451744,37.1511744990528
20.865000000000002,13.43276016277649,13.609598224245307,36.19043049404878,37.1511744990528
20.87,13.441411863059583,13.176742325660472,36.62241532020528,37.1511744990528
20.875,13.428007733498847,12.718055924879966,37.018186714268914,37.1511744990528
20.88,13.391619007030044,12.234823403311006,37.37839577795059,37.1511744990528
20.885,13.33581853680181,11.73255117273088,37.69953115555822,37.1511744990528
20.89,13.255551706495313,11.212168515805924,37.97799825243631,37.1511744990528
20.895,13.153657699077087,10.680846221215766,38.21281999456542,37.1511744990528
20.900000000000002,13.030236722064588,10.143172938618944,38.405608138710576,37.1511744990528
20.905,12.885447222802567,9.599353126252419,38.55310932179433,37.1511744990528
20.91,12.720336631822729,9.055659925582695,38.65792819021943,37.1511744990528
20.915,12.537469899955562,8.517751722677433,38.71930622911249,37.1511744990528
20.92,12.335409094646677,7.9886977447188645,38.736905429978854,37.1511744990528
20.925,12.117463457641932,7.471623617515403,38.71468909828576,37.1511744990528
20.93,11.885109013250053,6.9720272400534,38.65170053634238,37.1511744990528
20.935,11.639158281036067,6.489938101720081,38.54949240495394,37.1511744990528
20.94,11.381040930839193,6.028110001488133,38.413336401712534,37.1511744990528
20.945,11.113728005661132,5.592196862423513,38.2446991258188,37.1511744990528
20.95,10.837706565054901,5.179171634747943,38.04757738833172,37.1511744990528
20.955000000000002,10.555977421766555,4.795341244937123,37.82079411488791,37.1511744990528
20.96,10.26771057367183,4.439947508923494,37.56967671312756,37.1511744990528
20.965,9.976345562381846,4.111069424214284,37.29703257904441,37.1511744990528
20.97,9.68244371634986,3.813326925720918,37.00564207292966,37.1511744990528
20.975,9.389573668571174,3.5426908147310416,36.69806169321132,37.1511744990528
20.98,9.097836604372391,3.3023343325575234,36.37389179681508,37.1511744990528
20.985,8.807590944395297,3.0901732100162524,36.03977697992411,37.1511744990528
20.990000000000002,8.52223581515432,2.906244340026802,35.695233633338475,37.1511744990528
20.995,8.242334967753335,2.750162655235376,35.34326510438912,37.1511744990528
21.0,7.968349315523169,2.6179492481079074,34.985732121725036,37.1511744990528
21.005,7.702153354975567,2.5111274378119797,34.623959389692864,37.1511744990528
21.01,7.442514704217569,2.4285333444572017,34.258604335020514,37.1511744990528
21.015,7.191578125892151,2.369077690477729,33.891440752621925,37.1511744990528
21.02,6.950541712246032,2.3304117989793607,33.52418710389192,37.1511744990528
21.025000000000002,6.719543148273001,2.314573572014976,33.158570844404366,37.1511744990528
21.03,6.499049828846003,2.3158478824482285,32.793127358323204,37.1511744990528
21.035,6.291459095296077,2.334872419847182,32.4308948074143,37.1511744990528
21.04,6.093564949470986,2.3693199174028923,32.07208891302021,37.1511744990528
21.045,5.907693690534005,2.419601625579222,31.716028113104866,37.1511744990528
21.05,5.7342026470987975,2.483989416939787,31.36393007013181,37.1511744990528
21.055,5.570705846721682,2.560609376400825,31.01600615905994,37.1511744990528
21.06,5.419822481365785,2.649815330929418,30.67446639084583,37.1511744990528
21.065,5.281956762884881,2.7493402175585344,30.337923129829985,37.1511744990528
21.07,5.1560461498656265,2.8601721138817036,30.005633230636725,37.1511744990528
21.075,5.039857579816415,2.979955657328137,29.678639217010872,37.1511744990528
21.080000000000002,4.936744297658168,3.1085246958688124,29.35861276765045,37.1511744990528
21.085,4.844340470065208,3.2456481711145946,29.045064594042426,37.1511744990528
21.09,4.764273690258429,3.3908568825299916,28.737176161040885,37.1511744990528
21.095,4.694030586669423,3.5423490596986995,28.4344431612428,37.1511744990528
21.1,4.6362475364461115,3.7010634398754805,28.137766423106232,37.1511744990528
21.105,4.589023716117391,3.8654029018177223,27.84841151433603,37.1511744990528
21.11,4.553353726036982,4.035315937862346,27.565658786779252,37.1511744990528
21.115000000000002,4.526579285357937,4.210546066777957,27.289295056461217,37.1511744990528
21.12,4.510539849766689,4.391740362635358,27.020470106203664,37.1511744990528
21.125,4.504253079587623,4.578715146497647,26.75884232246786,37.1511744990528
21.13,4.506696161942885,4.769090170823143,26.5050143581848,37.1511744990528
21.135,4.519781601491554,4.964524163924583,26.25931524215816,37.1511744990528
21.14,4.5430258514563215,5.164947260751716,26.02150456287384,37.1511744990528
21.145,4.57407613581063,5.3689571665580536,25.79211273999255,37.1511744990528
21.150000000000002,4.6152990182709726,5.57859682929337,25.571609678466494,37.1511744990528
21.155,4.663178404645605,5.792066978521036,25.359604385288197,37.1511744990528
21.16,4.718983678971136,6.0109495732450196,25.157578667451617,37.1511744990528
21.165,4.7829082694348575,6.234297488280955,24.963202331002236,37.1511744990528
21.17,4.854769803125384,6.460047857937599,24.77969885054023,37.1511744990528
21.175,4.935707052974958,6.6923223213758725,24.606188924658724,37.1511744990528
21.18,5.024571088250883,6.927953247853993,24.44308047090698,37.1511744990528
21.185,5.120670366292683,7.168099873980321,24.2901754572968,37.1511744990528
21.19,5.224195682603315,7.4135395688603465,24.149923502870116,37.1511744990528
21.195,5.33381733387678,7.662537127288583,24.020581566158988,37.1511744990528
21.2,5.450481237399233,7.91608507512131,23.905173104358436,37.1511744990528
21.205000000000002,5.574376553628399,8.17406385480056,23.800733463841105,37.1511744990528
21.21,5.7046153394982495,8.437061760038597,23.710856959041,37.1511744990528
21.215,5.84037249391416,8.702840541212204,23.635523881190252,37.1511744990528
21.22,5.982665197021744,8.971910712604071,23.57442019571978,37.1511744990528
21.225,6.13156650841978,9.244933281200662,23.527904141167518,37.1511744990528
21.23,6.2863020281049495,9.522224787629975,23.49760623067005,37.1511744990528
21.235,6.44895788466026,9.80110762349563,23.484000485784108,37.1511744990528
21.240000000000002,6.617023236840171,10.083752067784214,23.486693990422143,37.1511744990528
21.245,6.7896019708778255,10.367737323292978,23.506083024223734,37.1511744990528
21.25,6.9690199809595015,10.653537143578024,23.543952567111855,37.1511744990528
21.255,7.152237397927446,10.942251048917358,23.60178397107148,37.1511744990528
21.26,7.341555015963336,11.230471581959684,23.677442958757183,37.1511744990528
21.265,7.535004075231087,11.519658069828974,23.774127038939955,37.1511744990528
21.27,7.73432304487932,11.806596733119559,23.891546448473928,37.1511744990528
21.275000000000002,7.937062261758312,12.091465194669736,24.03099473994415,37.1511744990528
21.28,8.144500671361143,12.37571790192088,24.189398570967,37.1511744990528
21.285,8.355196497033482,12.6553136876716,24.370497632379184,37.1511744990528
21.29,8.569222822248362,12.92946190985062,24.57376924465932,37.1511744990528
21.295,8.789464264499635,13.195782519654001,24.80038801526002,37.1511744990528
21.3,9.010149492117222,13.456096830732236,25.04974343976858,-17.254366056227255
21.305,9.232842002604798,13.435104324426062,25.32222211494704,-17.254366056227255
21.31,9.443513788566976,13.404725753041733,25.604969338286296,-17.254366056227255
21.315,9.640768683194818,13.36413000938387,25.895894671697143,-17.254366056227255
21.32,9.827784457030173,13.313293822286278,26.19537302876401,-17.254366056227255
21.325,10.000746536766169,13.249781688554606,26.500354408791292,-17.254366056227255
21.330000000000002,10.162611936308153,13.171228845612717,26.810749446013098,-17.254366056227255
21.335,10.313422496752647,13.07997718888818,27.1230411315697,-17.254366056227255
21.34,10.453034206649956,12.97231831192266,27.436204570985296,-17.254366056227255
21.345,10.578740195893507,12.851024015168486,27.748043922402722,-17.254366056227255
21.35,10.69127646005865,12.714137709016072,28.058552869602035,-17.254366056227255
21.355,10.790693800104592,12.561018580221617,28.36345899684768,-17.254366056227255
21.36,10.87904694184142,12.392585410417988,28.662124726911618,-17.254366056227255
21.365000000000002,10.954098592539225,12.208502036311318,28.9543342025202,-17.254366056227255
21.37,11.017462163248286,12.009138627719434,29.236494574783006,-17.254366056227255
21.375,11.066489372031409,11.79621997870721,29.50800976244493,-17.254366056227255
21.38,11.102649908908662,11.567839752518003,29.766297336172855,-17.254366056227255
21.385,11.125724510103128,11.324749515913389,30.01180837643621,-17.254366056227255
21.39,11.136099230118422,11.070279632428695,30.241469431135112,-17.254366056227255
21.395,11.1324745279935,10.803155109512902,30.45472323324012,-17.254366056227255
21.400000000000002,11.116806513068864,10.526038021991418,30.64925555595487,-17.254366056227255
21.405,11.08626289834296,10.239134846446085,30.82556992937695,-17.254366056227255
21.41,11.044048150524697,9.945405829279837,30.981553710928,-17.254366056227255
21.415,10.989653477142054,9.644236935484729,31.116909981930377,-17.254366056227255
21.42,10.92278807881011,9.338658347627145,31.232155067060187,-17.254366056227255
21.425,10.843371543109555,9.030182744318886,31.326234732755434,-17.254366056227255
21.43,10.752509107635307,8.718959774670202,31.39856363909637,-17.254366056227255
21.435,10.649912984132039,8.406670750999664,31.44814532996591,-17.254366056227255
21.44,10.537691475128712,8.094976716179715,31.476803547774303,-17.254366056227255
21.445,10.414434446877685,7.784232598725133,31.483636016173968,-17.254366056227255
21.45,10.283485451295638,7.477893420524485,31.468688516532584,-17.254366056227255
21.455000000000002,10.14258804205177,7.1768267477786996,31.43188813096771,-17.254366056227255
21.46,9.99419373309576,6.880967438763447,31.376159752086473,-17.254366056227255
21.465,9.837952805686333,6.591430806861337,31.301816626393553,-17.254366056227255
21.47,9.674322346269726,6.308271863215636,31.207472894113938,-17.254366056227255
21.475,9.505895586764064,6.03598145349869,31.097138651231855,-17.254366056227255
21.48,9.331886026412212,5.772217245611264,30.970606544221354,-17.254366056227255
21.485,9.154230430455762,5.519614635143732,30.8274781643288,-17.254366056227255
21.490000000000002,8.971120025707041,5.275476020844958,30.669077143557075,-17.254366056227255
21.495,8.786142838143094,5.044716432480658,30.49714435399087,-17.254366056227255
21.5,8.598706193473644,4.823429071491898,30.311264327531532,-17.254366056227255
21.505,8.411132495593108,4.613921209715894,30.114575329317276,-17.254366056227255
21.51,8.220118033719901,4.416283289049973,29.906879563656712,-17.254366056227255
21.515,8.030050730008988,4.229554067493275,29.69050232929934,-17.254366056227255
21.52,7.841925853759032,4.052897662295034,29.463524446928673,-17.254366056227255
21.525000000000002,7.651403445492518,3.8886266812640526,29.229300410256702,-17.254366056227255
21.53,7.461050610580084,3.7356903542853077,28.988346952547644,-17.254366056227255
21.535,7.274178706547371,3.5933147458556327,28.741282140425675,-17.254366056227255
21.54,7.090653932104617,3.4618335257599484,28.48809651278484,-17.254366056227255
21.545,6.909285307761806,3.3413001769628283,28.229524282247347,-17.254366056227255
21.55,6.731250356628331,3.2307489710041475,27.968309492181188,-17.254366056227255
21.555,6.556478178067689,3.129404724404085,27.702931482108127,-17.254366056227255
21.56,6.3847791013072275,3.0369262379816035,27.436274180807175,-17.254366056227255
21.565,6.218774199416351,2.9531617587067456,27.16733606566252,-17.254366056227255
21.57,6.055378442037022,2.8796668188713994,26.896838787631328,-17.254366056227255
21.575,5.896104772120797,2.8124576946155013,26.625126991757714,-17.254366056227255
21.580000000000002,5.742525416909673,2.752846194656392,26.353089704331058,-17.254366056227255
21.585,5.592323123420969,2.699815676381248,26.081297227822766,-17.254366056227255
21.59,5.448256645796339,2.6537914483108085,25.80977562387618,-17.254366056227255
21.595,5.3083302544029305,2.6129723311523723,25.53738863929912,-17.254366056227255
21.6,5.172585949828111,2.5779904229604256,25.266381444085813,-17.254366056227255
21.605,5.042103845587236,2.5497346228752154,24.996810834774653,-17.254366056227255
21.61,4.917572929426119,2.525323409191583,24.726912956204266,-17.254366056227255
21.615000000000002,4.798682913116303,2.506523158847416,24.459632940286564,-17.254366056227255
21.62,4.684670990518918,2.4933338408556263,24.19406831549779,-17.254366056227255
21.625,4.57543127284623,2.4846382861940715,23.929506672634982,-17.254366056227255
21.63,4.471242389391831,2.4792526281069134,23.668312093501033,-17.254366056227255
21.635,4.371462263815954,2.4772250352375003,23.407169384534836,-17.254366056227255
21.64,4.275563658393517,2.4794895464183293,23.148789128375668,-17.254366056227255
21.645,4.185392361300375,2.484022452418478,22.892213783846543,-17.254366056227255
21.650000000000002,4.09981699152423,2.4918606909160315,22.638349597202176,-17.254366056227255
21.655,4.0202096699512255,2.5036907455526842,22.387183335087013,-17.254366056227255
21.66,3.9440585362773026,2.516624506420539,22.139447883553572,-17.254366056227255
21.665,3.8725341871728025,2.534711746206784,21.89341092260884,-17.254366056227255
21.67,3.8060969477076076,2.5545162680133355,21.649737423504426,-17.254366056227255
21.675,3.7426379115903496,2.5761393316967527,21.408315775338824,-17.254366056227255
21.68,3.6839501458504653,2.5992661622203976,21.16948178855926,-17.254366056227255
21.685,3.629988266771118,2.624091650519817,20.935434511975654,-17.254366056227255
21.69,3.5791405514122294,2.6522646157736607,20.704186041790194,-17.254366056227255
21.695,3.532844085911974,2.6839954194100093,20.475541248816736,-17.254366056227255
21.7,3.489587402893136,2.717252649168548,20.250154735480326,-17.254366056227255
21.705000000000002,3.4520760182967534,2.7520101680465476,20.025855163855642,-17.254366056227255
21.71,3.416458155156199,2.788379255243787,19.805922530487322,-17.254366056227255
21.715,3.3838832894358797,2.8276214240215873,19.590427350167314,-17.254366056227255
21.72,3.3572519880412113,2.868977400649569,19.376903326980997,-17.254366056227255
21.725,3.333523630713312,2.913539485008535,19.167514336008193,-17.254366056227255
21.73,3.311287075954395,2.9605266514222173,18.961381440576645,-17.254366056227255
21.735,3.2937126144439697,3.0095682969053996,18.756980941798293,-17.254366056227255
21.740000000000002,3.2791024604377643,3.061573434093345,18.555681117806582,-17.254366056227255
21.745,3.268901065830197,3.1151181366784315,18.358244896413392,-17.254366056227255
21.75,3.262112028668523,3.171388158108457,18.16472896025437,-17.254366056227255
21.755,3.2578838817759355,3.2286500920560384,17.974886295027638,-17.254366056227255
21.76,3.255498338815645,3.2891062991693287,17.78689927082712,-17.254366056227255
21.765,3.2566031092894567,3.3523003095148662,17.602962963835353,-17.254366056227255
21.77,3.2618001376676133,3.4176876340946634,17.422829449599938,-17.254366056227255
21.775000000000002,3.2694362516483944,3.4876394405415763,17.244733062320826,-17.254366056227255
21.78,3.280125240726203,3.559313842154011,17.072669575569513,-17.254366056227255
21.785,3.2931793511914775,3.6343914260699344,16.903317988924602,-17.254366056227255
21.79,3.3099485902669143,3.7127126899250165,16.73912237733479,-17.254366056227255
21.795,3.329876347235866,3.79403219180808,16.5773679495535,-17.254366056227255
21.8,3.35166552165899,3.880075898126799,16.419471637787943,-17.254366056227255
21.805,3.3778395194625306,3.967931947454929,16.265120146448567,-17.254366056227255
21.81,3.4075580129282286,4.060051456431383,16.115952434416847,-17.254366056227255
21.815,3.4399162563930705,4.155983367911694,15.971200387613495,-17.254366056227255
21.82,3.476057563595298,4.254558827964465,15.829334497149024,-17.254366056227255
21.825,3.5143707729685767,4.358415204729133,15.691612935649646,-17.254366056227255
21.830000000000002,3.5572137687077374,4.466511130872266,15.559075499972286,-17.254366056227255
21.835,3.6032008404018914,4.578997383493852,15.431347939481935,-17.254366056227255
21.84,3.652519006281669,4.694894588535636,15.308277106885388,-17.254366056227255
21.845,3.704012265351412,4.8162869817983776,15.189694789567591,-17.254366056227255
21.85,3.758925714657259,4.943926745517509,15.076249124835774,-17.254366056227255
21.855,3.8194295631966346,5.076066726491558,14.968215734156392,-17.254366056227255
21.86,3.8831305034106416,5.213652388329849,14.86453142968252,-17.254366056227255
21.865000000000002,3.950890015975262,5.35692172102848,14.766723554954437,-17.254366056227255
21.87,4.02132635636378,5.505899185350467,14.675552765872206,-17.254366056227255
21.875,4.095154911669283,5.6606595454325594,14.590515788121603,-17.254366056227255
21.88,4.173051434896125,5.821464081578908,14.511762362675947,-17.254366056227255
21.885,4.25465385386431,5.987069260700154,14.439847034151443,-17.254366056227255
21.89,4.341180547870412,6.158899512347978,14.375031930811316,-17.254366056227255
21.895,4.433437538458551,6.337142346167153,14.31593905112602,-17.254366056227255
21.900000000000002,4.5286904717432614,6.523768807173589,14.2644922218497,-17.254366056227255
21.905,4.628265284425628,6.716881069529384,14.222431013466187,-17.254366056227255
21.91,4.731005470987116,6.915666975098506,14.18836184944122,-17.254366056227255
21.915,4.840180324535553,7.120935999986288,14.162935332933285,-17.254366056227255
21.92,4.953700678345257,7.334060598434839,14.14634770425468,-17.254366056227255
21.925,5.071657193000717,7.552512082876316,14.138995506476975,-17.254366056227255
21.93,5.195181895363743,7.780120812566344,14.1426194228636,-17.254366056227255
21.935,5.325006150153747,8.014963657495022,14.156820989854527,-17.254366056227255
21.94,5.458345353321857,8.256728302250643,14.18167334895734,-17.254366056227255
21.945,5.599001403418717,8.506551796592724,14.218009525362291,-17.254366056227255
21.95,5.745035132455735,8.763525042677486,14.267310865810215,-17.254366056227255
21.955000000000002,5.89571714934887,9.029413691160894,14.328269314129768,-17.254366056227255
21.96,6.053333392483461,9.302174641914124,14.404180856361712,-17.254366056227255
21.965,6.21467064760463,9.580862594888242,14.49349032391474,-17.254366056227255
21.97,6.382517003842857,9.865512449106607,14.597719150507414,-17.254366056227255
21.975,6.557522148419247,10.157502719016618,14.71936688405187,-17.254366056227255
21.98,6.736620375612894,10.455984132050892,14.856252734003558,-17.254366056227255
21.985,6.923142789306094,10.759400507365543,15.010325642494182,-17.254366056227255
21.990000000000002,7.115274136829468,11.070130774188927,15.183635006956765,-17.254366056227255
21.995,7.312629176836141,11.384671829685042,15.375070522360451,-17.254366056227255
22.0,7.5156495536888865,11.704171208661231,15.585410172244009,-17.254366056227255
22.005,7.723872802902316,12.025600823313361,15.818400617260233,-17.254366056227255
22.01,7.938486969401893,12.350478941938526,16.071928950003752,-17.254366056227255
22.015,8.159275888248105,12.675943716527382,16.34847255254928,-17.254366056227255
22.02,8.386020938441629,13.001017597772966,16.649019058196966,-17.254366056227255
22.025000000000002,8.616370891975524,13.324629826783351,16.970442927575593,-17.254366056227255
22.03,8.85133972075419,13.646955494337336,17.318599464298327,-17.254366056227255
22.035,9.090563803537991,13.965699743364384,17.692593262515377,-17.254366056227255
22.04,9.333828802962557,14.278104825160298,18.091655751002374,-17.254366056227255
22.045,9.581087827539985,14.582853508267679,18.5158665466557,-17.254366056227255
22.05,9.830688224744506,14.878115456373584,18.96817412676029,-17.254366056227255
22.055,10.082411417877719,15.16170001944116,19.447044119249338,-17.254366056227255
22.06,10.335670599265512,15.432078760280499,19.952396172618133,-17.254366056227255
22.065,10.590564539215421,15.683911976479013,20.484322105529362,-17.254366056227255
22.07,10.8455558150339,15.917095029441507,21.04152134675034,-17.254366056227255
22.075,11.099284536407692,16.12896296841682,21.62355457451985,-17.254366056227255
22.080000000000002,11.351024964043503,16.316934193315273,22.23109303928984,-17.254366056227255
22.085,11.599185950323173,16.47748437984582,22.86188886443117,-17.254366056227255
22.09,11.842600357879203,16.607274949226408,23.512506108642075,-17.254366056227255
22.095,12.080635620679006,16.70309339883957,24.182387366048882,-17.254366056227255
22.1,12.312899002922148,16.763337656353585,24.86884426647978,-17.254366056227255
22.105,12.536376245153749,16.786064893837167,25.569194606598924,-17.254366056227255
22.11,12.748182561026647,16.768439630544325,26.28106789861118,-17.254366056227255
22.115000000000002,12.949215012073639,16.70833741951647,26.99973747746127,-17.254366056227255
22.12,13.137204414404897,16.60369703720061,27.721335317213455,-17.254366056227255
22.125,13.3104839180499,16.452362618917128,28.443399286844667,-17.254366056227255
22.13,13.46678599931826,16.25422572126708,29.158709019031242,-17.254366056227255
22.135,13.606668704647301,16.00878421353519,29.86446474379438,-17.254366056227255
22.14,13.726805157578374,15.716666428633982,30.554887926670176,-17.254366056227255
22.145,13.826117550393745,15.376664757307768,31.227023350367034,-17.254366056227255
22.150000000000002,13.9039366832372,14.98940344362322,31.87396359033489,-17.254366056227255
22.155,13.957654680669881,14.559030427141241,32.49153907078275,-17.254366056227255
22.16,13.988355317186251,14.08683964062998,33.07480060346377,-17.254366056227255
22.165,13.993151875966666,13.57666608106411,33.62123494481566,-17.254366056227255
22.17,13.971360551020776,13.029809378491695,34.123399384827,-17.254366056227255
22.175,13.92411087709836,12.45152250757949,34.57843212377966,-17.254366056227255
22.18,13.851001382817085,11.845339320383403,34.98415187344059,-17.254366056227255
22.185,13.750276942003493,11.216231551260785,35.33796769016685,-17.254366056227255
22.19,13.623052473624462,10.568918102873914,35.637381863704796,-17.254366056227255
22.195,13.47054800868387,9.908899556156934,35.88229839589329,-17.254366056227255
22.2,13.292642568412685,9.24072753791298,36.071170230150074,-17.254366056227255
22.205000000000002,13.090649206235868,8.571522154256549,36.203975393560114,-17.254366056227255
22.21,12.863683908138613,7.904397882586059,36.282317436478216,-17.254366056227255
22.215,12.61647446553473,7.246445647313301,36.3081508006019,-17.254366056227255
22.22,12.349218267652887,6.600875608792719,36.281421064043236,-17.254366056227255
22.225,12.061347134731747,5.970360884927906,36.20408650429435,-17.254366056227255
22.23,11.75647379546245,5.360049520282215,36.08168575102308,-17.254366056227255
22.235,11.437228059108621,4.771104080403336,35.91590288226177,-17.254366056227255
22.240000000000002,11.103006854366946,4.209229753163168,35.7101262056029,-17.254366056227255
22.245,10.75854826885538,3.6736689201152775,35.46746972965233,-17.254366056227255
22.25,10.404157634569998,3.1674985281373997,35.19172019601165,-17.254366056227255
22.255,10.042981139046395,2.6917354484474263,34.88758521554328,-17.254366056227255
22.26,9.675862150833941,2.2464049772563373,34.55802533870953,-17.254366056227255
22.265,9.304652776759168,1.8310731953464856,34.20457908692934,-17.254366056227255
22.27,8.930561099773762,1.4489601152422118,33.83280356242118,-17.254366056227255
22.275000000000002,8.55750876954917,1.0939900171752972,33.44614525946796,-17.254366056227255
22.28,8.184144107685258,0.7696989303524602,33.04646575789433,-17.254366056227255
22.285,7.814294191601932,0.474465281969095,32.63684083838778,-17.254366056227255
22.29,7.445905321989521,0.20565265613418665,32.22023096624122,-17.254366056227255
22.295,7.083145208222871,-0.03959939638676191,31.79938532974524,-17.254366056227255
22.3,6.72736054939571,-0.26127533205747033,31.374088503806473,-17.254366056227255
22.305,6.377050842889888,-0.45944934455679576,30.94651550561701,-17.254366056227255
22.31,6.035251040741469,-0.6378220753339817,30.51923761873602,-17.254366056227255
22.315,5.701876338695724,-0.7966313262532976,30.093566112491096,-17.254366056227255
22.32,5.376255383393974,-0.9395315239333345,29.669595823084336,-17.254366056227255
22.325,5.060823738506792,-1.0654193707192388,29.248739062925,-17.254366056227255
22.330000000000002,4.753375823417979,-1.1771417734323133,28.830966580301308,-17.254366056227255
22.335,4.45674285908276,-1.2768153126543154,28.418208985833104,-17.254366056227255
22.34,4.169882483827082,-1.3652867665087778,28.010721882435085,-17.254366056227255
22.345,3.893965661879719,-1.4452122385059198,27.60831375402812,-17.254366056227255
22.35,3.6275837893065854,-1.5179362099451648,27.21264302249588,-17.254366056227255
22.355,3.3701280994397416,-1.5828606810531591,26.822872860166676,-17.254366056227255
22.36,3.122158879773579,-1.6412714140029623,26.4384529960652,-17.254366056227255
22.365000000000002,2.885614869761421,-1.6944502991546135,26.059568124779275,-17.254366056227255
22.37,2.657418907610114,-1.7437478902231838,25.687795516609565,-17.254366056227255
22.375,2.4372372002630622,-1.7905274036762784,25.322177671280198,-17.254366056227255
22.38,2.225902034170819,-1.8344351056403632,24.96255601720119,-17.254366056227255
22.385,2.022496648000582,-1.8779391133485637,24.60945474942478,-17.254366056227255
22.39,1.826441165303727,-1.9214671961588605,24.262104872465315,-17.254366056227255
22.395,1.6390491986984856,-1.963218337179041,23.92148505870592,-17.254366056227255
22.400000000000002,1.4585010681707151,-2.0066382514063936,23.586629884359123,-17.254366056227255
22.405,1.2845067593566868,-2.051654973579648,23.257706048392407,-17.254366056227255
22.41,1.1170062736288533,-2.0971400266319167,22.935223172193144,-17.254366056227255
22.415,0.9577584845947231,-2.1445093629046372,22.617276074239683,-17.254366056227255
22.42,0.8032368254272603,-2.194599295644316,22.30564092849705,-17.254366056227255
22.425,0.6541639069567882,-2.2465065192053943,21.999610669841392,-17.254366056227255
22.43,0.5101684105311286,-2.3027109923692577,21.69909244935236,-17.254366056227255
22.435,0.36842807028338004,-2.361193761089015,21.40376906989178,-17.254366056227255
22.44,0.2315896928681562,-2.4237401839145525,21.11292253929762,-17.254366056227255
22.445,0.09810310959990631,-2.4893114478453686,20.829155590822484,-17.254366056227255
22.45,-0.03220466169531078,-2.559476633721779,20.549489019505735,-17.254366056227255
22.455000000000002,-0.1583472687350721,-2.632677338876147,20.275536313767766,-17.254366056227255
22.46,-0.28091893074713115,-2.711906424783505,20.006832353576126,-17.254366056227255
22.465,-0.4029261798362854,-2.795574103707426,19.744195113295252,-17.254366056227255
22.47,-0.5231218155840978,-2.884840445536626,19.486526325636845,-17.254366056227255
22.475,-0.6415163640777408,-2.978757914465981,19.233786162113713,-17.254366056227255
22.48,-0.7587879212890414,-3.0779590613377934,18.98720854276942,-17.254366056227255
22.485,-0.8739572650095742,-3.183720963373545,18.74545928742203,-17.254366056227255
22.490000000000002,-0.988484816274611,-3.29566842811314,18.508777070871172,-17.254366056227255
22.495,-1.1042359303608107,-3.412937031522471,18.278779271485696,-17.254366056227255
22.5,-1.2192237959030152,-3.5363739741126516,18.054304681952228,-17.254366056227255
22.505,-1.3350685613895705,-3.66603583837355,17.836269766299225,-17.254366056227255
22.51,-1.4516993038382364,-3.8022955381733947,17.62392766116657,-17.254366056227255
22.515,-1.5696946446069955,-3.945373688510171,17.416063387086325,-17.254366056227255
22.52,-1.687810991247479,-4.0938430398737315,17.21460504579057,-17.254366056227255
22.525000000000002,-1.8077243025475542,-4.252398473776636,17.019649571945365,-17.254366056227255
22.53,-1.9301254276209012,-4.416588804793008,16.831322230740252,-17.254366056227255
22.535,-2.053884759716936,-4.587692967928023,16.650971557121217,-17.254366056227255
22.54,-2.1805638898474426,-4.769013818011906,16.476106713660535,-17.254366056227255
22.545,-2.30866296512891,-4.9565241257117485,16.30863277671489,-17.254366056227255
22.55,-2.439816356013619,-5.15332195894377,16.14797708890073,-17.254366056227255
22.555,-2.5765078720162546,-5.357117353091131,15.9956191204148,-17.254366056227255
22.56,-2.7153843006119427,-5.570537013500336,15.851640152422062,-17.254366056227255
22.565,-2.8571164041509944,-5.792918360356426,15.714885504639483,-17.254366056227255
22.57,-3.0048057575133535,-6.0249845155886534,15.589062788791013,-17.254366056227255
22.575,-3.155273846586353,-6.26620056266814,15.471334965297128,-17.254366056227255
22.580000000000002,-3.3106272879019945,-6.519304869879097,15.363368664732976,-17.254366056227255
22.585,-3.4722982067644876,-6.782880334223109,15.266561860782998,-17.254366056227255
22.59,-3.638333223647079,-7.055142245298564,15.179456593728643,-17.254366056227255
22.595,-3.8087579936035603,-7.34027878649737,15.106164750715381,-17.254366056227255
22.6,-3.984473376625853,-7.634952985627064,15.044990133330623,-17.254366056227255
22.605,-4.167532688764424,-7.941241486981751,14.996708808654967,-17.254366056227255
22.61,-4.356827315903041,-8.259057201956843,14.961403057990596,-17.254366056227255
22.615000000000002,-4.551801187404013,-8.588117020458212,14.943362194088573,-17.254366056227255
22.62,-4.754197851519479,-8.928904487813297,14.939136409338797,-17.254366056227255
22.625,-4.963331397643638,-9.2818944477459,14.951829524686639,-17.254366056227255
22.63,-5.179054695751477,-9.64385290845653,14.982702545772286,-17.254366056227255
22.635,-5.402165180818877,-10.018525314463037,15.031427265666432,-17.254366056227255
22.64,-5.632330872073836,-10.404766780329826,15.101306492692512,-17.254366056227255
22.645,-5.871108212194138,-10.80152641540682,15.192629105646697,-17.254366056227255
22.650000000000002,-6.117251610323563,-11.210957814944233,15.305665664807234,-17.254366056227255
22.655,-6.370921141330724,-11.62897158977652,15.445004723886218,-17.254366056227255
22.66,-6.63371299321563,-12.056130470862684,15.609120334529907,-17.254366056227255
22.665,-6.905576580951603,-12.491747829362032,15.799597571999296,-17.254366056227255
22.67,-7.184966476223629,-12.936577503347175,16.020452021531657,-17.254366056227255
22.675,-7.472093039201485,-13.389234414126712,16.27124546420409,-17.254366056227255
22.68,-7.768809346964037,-13.845789515439938,16.553720473715337,-17.254366056227255
22.685,-8.071608945550977,-14.308367407268038,16.86982188463184,-17.254366056227255
22.69,-8.383717801153786,-14.77336184253104,17.222363906610305,-17.254366056227255
22.695,-8.7038206423108,-15.237798392668534,17.612444502504438,-17.254366056227255
22.7,-9.030268370879371,-15.700217380890145,18.039318850378248,-17.254366056227255
22.705000000000002,-9.364943463785458,-16.157850414205676,18.507787008851643,-17.254366056227255
22.71,-9.703233916112824,-16.607645806644555,19.018776360171774,-17.254366056227255
22.715,-10.04762648179741,-17.04723758315813,19.570223119059225,-17.254366056227255
22.72,-10.397310960219931,-17.470809909177458,20.165969471237847,-17.254366056227255
22.725,-10.751251142562271,-17.877167242007914,20.804354444853423,-17.254366056227255
22.73,-11.107523850975225,-18.26232552979379,21.487868219263213,-17.254366056227255
22.735,-11.464611265643336,-18.619370083115644,22.21441714559516,-17.254366056227255
22.740000000000002,-11.821936898104555,-18.944435724868693,22.985118462705795,-17.254366056227255
22.745,-12.177972517545465,-19.232263719645555,23.799659192590564,-17.254366056227255
22.75,-12.53037943690327,-19.47855736613196,24.652494170247476,-17.254366056227255
22.755,-12.878724988294111,-19.677493203447824,25.543937542980512,-17.254366056227255
22.76,-13.219097713029237,-19.824341058612465,26.471160177947496,-17.254366056227255
22.765,-13.549003332546313,-19.913188626394746,27.427200751321216,-17.254366056227255
22.77,-13.866170601784043,-19.93747225289803,28.412022086961212,-17.254366056227255
22.775000000000002,-14.169482461770453,-19.894421228982036,29.41528170683918,-17.254366056227255
22.78,-14.456093736541886,-19.78035560940663,30.432952465591942,-17.254366056227255
22.785,-14.721688865288868,-19.592268144153234,31.456941979383373,-17.254366056227255
22.79,-14.966266331322817,-19.325699797663212,32.47942340260856,-17.254366056227255
22.795,-15.185136152039325,-18.980576786094336,33.492687026810515,-17.254366056227255
22.8,-15.376516832297698,-18.55379401715253,34.487389999782735,-17.254366056227255
22.805,-15.535824780353234,-18.049284418513494,35.45451449603788,-17.254366056227255
22.81,-15.66123790267066,-17.465884269633452,36.383214797296674,-17.254366056227255
22.815,-15.751193499208936,-16.80768872584124,37.26481962267824,-17.254366056227255
22.82,-15.803830935643404,-16.08030477300093,38.090770092794806,-17.254366056227255
22.825,-15.8172703267104,-15.289486912216928,38.85426184503243,-17.254366056227255
22.830000000000002,-15.791691752763377,-14.440517591278631,39.544825862731535,-17.254366056227255
22.835,-15.724758900981483,-13.541599240993222,40.156941134778656,-17.254366056227255
22.84,-15.615911554405027,-12.604278296462795,40.68615543918558,-17.254366056227255
22.845,-15.46652546740575,-11.637052765705223,41.128072177151914,-17.254366056227255
22.85,-15.273682341951885,-10.649480182668494,41.480067693503834,-17.254366056227255
22.855,-15.041836540251092,-9.654057925170966,41.74046206397612,-17.254366056227255
22.86,-14.77212357532661,-8.658431530541334,41.909353311650506,-17.254366056227255
22.865000000000002,-14.466700904326125,-7.6741931535000925,41.99025924552188,-17.254366056227255
22.87,-14.128152441690858,-6.710187501148138,41.9853948149922,-17.254366056227255
22.875,-13.757213706008828,-5.776075260710934,41.900269973941136,-17.254366056227255
22.88,-13.358387389262875,-4.877700741371047,41.73905685275579,-17.254366056227255
22.885,-12.934030596845961,-4.022068061120577,41.50908286094104,-17.254366056227255
22.89,-12.488837978889517,-3.214315523398657,41.21712110169546,-17.254366056227255
22.895,-12.024600214246746,-2.458415295790655,40.86781553433402,-17.254366056227255
22.900000000000002,-11.546301319544831,-1.7588246732213066,40.47043133834862,-17.254366056227255
22.905,-11.056255539278364,-1.1169091144161287,40.031401992333386,-17.254366056227255
22.91,-10.559534707822687,-0.5310133648730387,39.55899613307547,-17.254366056227255
22.915,-10.057636849112267,-0.004593358993911001,39.059038766278384,-17.254366056227255
22.92,-9.554990629728522,0.46517552495852704,38.539673853875605,-17.254366056227255
22.925,-9.05457742897638,0.8795801088945099,38.00424733836814,-17.254366056227255
22.93,-8.557685321041896,1.2418036545325581,37.45772037346005,-17.254366056227255
22.935,-8.0685287758833,1.552737845772402,36.90519461186671,-17.254366056227255
22.94,-7.587161781669037,1.8191158904888953,36.350109069638016,-17.254366056227255
22.945,-7.116444644646826,2.0420961549778776,35.79693117563081,-17.254366056227255
22.95,-6.6595502946746095,2.222829435096418,35.24597365079,-17.254366056227255
22.955000000000002,-6.215475016062832,2.367299693834591,34.70172372310561,-17.254366056227255
22.96,-5.7861663890152,2.4783659284274413,34.164949922057424,-17.254366056227255
22.965,-5.3731940777685825,2.556914446301717,33.637898508673224,-17.254366056227255
22.97,-4.976997747051027,2.6090640893576853,33.120639130496,-17.254366056227255
22.975,-4.598016351593876,2.636862117538745,32.61505974227299,-17.254366056227255
22.98,-4.235714215398351,2.6439663259064643,32.12008522022014,-17.254366056227255
22.985,-3.89140487865157,2.63123720878628,31.63587403104236,-17.254366056227255
22.990000000000002,-3.564732660501771,2.60153767458498,31.16344246706135,-17.254366056227255
22.995,-3.255732939845935,2.5591839844892235,30.701974333095567,-17.254366056227255
23.0,-2.965869342884077,2.504253799007937,30.250578846353974,-17.254366056227255
23.005,-2.692519105352803,2.4381295577660445,29.810043894288064,-17.254366056227255
23.01,-2.435487487035497,2.363101489115145,29.380194929632697,-17.254366056227255
23.015,-2.1957640329887274,2.2829868141453424,28.959753513394077,-17.254366056227255
23.02,-1.9709736755643084,2.196413975235165,28.548811093165764,-17.254366056227255
23.025000000000002,-1.761702516519859,2.104597220705687,28.146798961422476,-17.254366056227255
23.03,-1.5664462609191874,2.009700504806272,27.752431833544712,-17.254366056227255
23.035,-1.3876163223388016,1.9107876313381884,27.365391572192244,-17.254366056227255
23.04,-1.2228292414365898,1.8106030674393532,26.986356612464842,-17.254366056227255
23.045,-1.0711000075849884,1.7087374577101462,26.614405779820412,-17.254366056227255
23.05,-0.9314137633419877,1.606418980150237,26.25145473406332,-17.254366056227255
23.055,-0.8044214107200043,1.5042586287876667,25.894034334527394,-17.254366056227255
23.06,-0.6892457346087054,1.4015232474622898,25.54165922236201,-17.254366056227255
23.065,-0.5855029422993782,1.2996776028724988,25.196425770736724,-17.254366056227255
23.07,-0.49047212694811676,1.1998748246636959,24.856899183533315,-17.254366056227255
23.075,-0.4052266847818437,1.100224890728162,24.5221337536314,-17.254366056227255
23.080000000000002,-0.33108620982034026,1.0025034835467999,24.191983380239165,-17.254366056227255
23.085,-0.26394672191130536,0.9056621419863135,23.86742057762638,-17.254366056227255
23.09,-0.20676993902949342,0.8103402015380512,23.548491193004665,-17.254366056227255
23.095,-0.15635425702158473,0.7157429711229444,23.234215956253554,-17.254366056227255
23.1,-0.11307564991105895,0.6221295673746542,22.923927744712817,-17.254366056227255
23.105,-0.07548741720260957,0.5301819422610323,22.617024463844537,-17.254366056227255
23.11,-0.04343354785618689,0.43849656423806704,22.31516043819302,-17.254366056227255
23.115000000000002,-0.01995912412234379,0.3499537146431724,22.018196722165317,-43.626226252956464
23.12,-0.0017010244120260962,0.12909513913553095,21.72420303248119,-43.626226252956464
23.125,0.004402898954208497,-0.08861526476557238,21.43336750305878,-43.626226252956464
23.13,-0.000982538864835852,-0.3065744703645633,21.147074511085826,-43.626226252956464
23.135,-0.016545990717153607,-0.5246622169636964,20.866102370212175,-43.626226252956464
23.14,-0.041936126669019275,-0.7403753049978657,20.587157317436095,-43.626226252956464
23.145,-0.07664564849254457,-0.956855852861513,20.313552492683634,-43.626226252956464
23.150000000000002,-0.11991097106121143,-1.1720479464388553,20.043146645432174,-43.626226252956464
23.155,-0.17371238389182433,-1.3884425857848015,19.776198907209377,-43.626226252956464
23.16,-0.2350239442350229,-1.6075437901403224,19.514423748981823,-43.626226252956464
23.165,-0.30366518821399097,-1.827640197577298,19.25600548444069,-43.626226252956464
23.17,-0.3791598367867777,-2.0491588246476877,19.001701527737094,-43.626226252956464
23.175,-0.46297929097342694,-2.274875048781018,18.75220191079064,-43.626226252956464
23.18,-0.5532524254793961,-2.5021261239416788,18.50713524457996,-43.626226252956464
23.185,-0.6512116884707106,-2.733809363770424,18.26740238699381,-43.626226252956464
23.19,-0.75599260906544,-2.970094716485506,18.033852896664865,-43.626226252956464
23.195,-0.8677051218059222,-3.211206181658158,17.804002552382002,-43.626226252956464
23.2,-0.9833698264803183,-3.458654637496473,17.57950832824273,-43.626226252956464
23.205000000000002,-1.106873271096835,-3.7113463395028425,17.362177425814316,-43.626226252956464
23.21,-1.2374176619288946,-3.9698531600302323,17.151968585300274,-43.626226252956464
23.215,-1.3741211416590196,-4.235079422311836,16.947349371795124,-43.626226252956464
23.22,-1.518325407678012,-4.508078123975058,16.750007092674362,-43.626226252956464
23.225,-1.6671753541051981,-4.787661979090167,16.56205548013879,-43.626226252956464
23.23,-1.8233725859423444,-5.077504803511916,16.381541713653284,-43.626226252956464
23.235,-1.9861080330957432,-5.374899613902305,16.209824379237684,-43.626226252956464
23.240000000000002,-2.1547842954537053,-5.682423502680461,16.047688135273518,-43.626226252956464
23.245,-2.3315092777975917,-6.001668369726777,15.895724041429808,-43.626226252956464
23.25,-2.5148829143652103,-6.331059920296789,15.753780783540392,-43.626226252956464
23.255,-2.7056181253083404,-6.671396284518438,15.622653167917518,-43.626226252956464
23.26,-2.9040209416997063,-7.024650640466154,15.50521918176081,-43.626226252956464
23.265,-3.1096690154503364,-7.389641820604964,15.399926751708753,-43.626226252956464
23.27,-3.323982835330836,-7.767252821256266,15.310489075950123,-43.626226252956464
23.275000000000002,-3.546181449241173,-8.157534368553996,15.235417933209884,-43.626226252956464
23.28,-3.7781728991466665,-8.560779244682388,15.17699199809466,-43.626226252956464
23.285,-4.017342082513155,-8.97851156548849,15.134793159276144,-43.626226252956464
23.29,-4.265770563364642,-9.411274525160005,15.11425627042039,-43.626226252956464
23.295,-4.522935861471523,-9.85630806557784,15.1138837469876,-43.626226252956464
23.3,-4.789767450971129,-10.317016924468232,15.136145752905826,-43.626226252956464
23.305,-5.066460316384936,-10.793037139057878,15.180707119882964,-43.626226252956464
23.31,-5.352917191604657,-11.28164747902118,15.251343173562814,-43.626226252956464
23.315,-5.64944401070236,-11.786255288879614,15.351157039805173,-43.626226252956464
23.32,-5.95794852319838,-12.303357531864414,15.480660490648187,-43.626226252956464
23.325,-6.2749568774955895,-12.832941809539054,15.640605071718493,-43.626226252956464
23.330000000000002,-6.601984715843692,-13.373307210207063,15.833668845888013,-43.626226252956464
23.335,-6.939818188283127,-13.92602477748821,16.063247201802028,-43.626226252956464
23.34,-7.289781279699872,-14.488242937107925,16.332070538796835,-43.626226252956464
23.345,-7.649817353236922,-15.058246902049492,16.642025849865814,-43.626226252956464
23.35,-8.0205575266038,-15.6361759836567,16.99548311757457,-43.626226252956464
23.355,-8.401342644748683,-16.218146053943617,17.396153690282553,-43.626226252956464
23.36,-8.792082358521464,-16.800749584264103,17.846308903935267,-43.626226252956464
23.365000000000002,-9.192933420847549,-17.37954938231414,18.34775616159803,-43.626226252956464
23.37,-9.601886116279768,-17.955320931849208,18.901884369493356,-43.626226252956464
23.375,-10.02019314446755,-18.520316432483675,19.511622183649404,-43.626226252956464
23.38,-10.445909406537341,-19.071823440203016,20.177830766031864,-43.626226252956464
23.385,-10.877199350294504,-19.60259693032042,20.903807618104487,-43.626226252956464
23.39,-11.313019172733101,-20.10831924008684,21.69172609158138,-43.626226252956464
23.395,-11.753158430107922,-20.58358957866331,22.54010905014975,-43.626226252956464
23.400000000000002,-12.195548496085138,-21.01945693823853,23.448188879822375,-43.626226252956464
23.405,-12.63721201316907,-21.410770186237702,24.417541430495486,-43.626226252956464
23.41,-13.075042225198434,-21.748082862183747,25.444599457361004,-43.626226252956464
23.415,-13.507188808405168,-22.025140576310555,26.52709220035296,-43.626226252956464
23.42,-13.933088410322275,-22.232729423997117,27.661872954207695,-43.626226252956464
23.425,-14.348488684585256,-22.36205256882621,28.842523832924286,-43.626226252956464
23.43,-14.748663945852531,-22.40691417091922,30.061838998790126,-43.626226252956464
23.435,-15.131846922050888,-22.359960864803167,31.31277441383254,-43.626226252956464
23.44,-15.493051146389156,-22.215376880920655,32.58683570539527,-43.626226252956464
23.445,-15.829487978930418,-21.967026323529712,33.873172067546314,-43.626226252956464
23.45,-16.13647091674062,-21.610018625788815,35.15975083856374,-43.626226252956464
23.455000000000002,-16.41055761462432,-21.142383471157398,36.43563074447099,-43.626226252956464
23.46,-16.646039440065792,-20.563293894546074,37.68506235958721,-43.626226252956464
23.465,-16.842348009265365,-19.873637628966975,38.894084682170266,-43.626226252956464
23.47,-16.99276347016422,-19.076004988919756,40.0480722153678,-43.626226252956464
23.475,-17.097626303101464,-18.17537251343278,41.13352025011225,-43.626226252956464
23.48,-17.150874211667233,-17.18067669005069,42.14084808693738,-43.626226252956464
23.485,-17.151633352832967,-16.09920199219297,43.05259606190986,-43.626226252956464
23.490000000000002,-17.09851770790125,-14.946626722612988,43.85895884714386,-43.626226252956464
23.495,-16.9913714681717,-13.73493292218654,44.55217665606597,-43.626226252956464
23.5,-16.82747471842534,-12.478023629707385,45.12482622906398,-43.626226252956464
23.505,-16.60989524273154,-11.19323155562997,45.5724703847052,-43.626226252956464
23.51,-16.339304593668405,-9.896075672253508,45.893749348401016,-43.626226252956464
23.515,-16.01841841862426,-8.603337569668616,46.09147117961215,-43.626226252956464
23.52,-15.64828594662579,-7.330957451444535,46.1660746482522,-43.626226252956464
23.525000000000002,-15.2325774622268,-6.090773974021553,46.12407422157295,-43.626226252956464
23.53,-14.7758776121617,-4.898446340010712,45.97159423305406,-43.626226252956464
23.535,-14.281947915348812,-3.7650270426900994,45.7206266503803,-43.626226252956464
23.54,-13.756057555905354,-2.699295189712638,45.38060169685266,-43.626226252956464
23.545,-13.202288810323493,-1.708383973188809,44.96001012215726,-43.626226252956464
23.55,-12.628106021784264,-0.7982477352336121,44.47291891309448,-43.626226252956464
23.555,-12.03670484330266,0.026592657775431627,43.92990481219143,-43.626226252956464
23.56,-11.432911048811162,0.7654573119218249,43.34201086092156,-43.626226252956464
23.565,-10.822892827276256,1.421014362493476,42.72083531534285,-43.626226252956464
23.57,-10.21028211943747,1.9926503671306026,42.073284460320494,-43.626226252956464
23.575,-9.600537513774984,2.4825870789538365,41.410709703779006,-43.626226252956464
23.580000000000002,-8.997327111514053,2.896480642376613,40.738539613865406,-43.626226252956464
23.585,-8.402301586167205,3.23843520074891,40.064020450557294,-43.626226252956464
23.59,-7.8199810554185225,3.5115401758365485,39.3931706206374,-43.626226252956464
23.595,-7.254307852502743,3.72067752687438,38.73038971877257,-43.626226252956464
23.6,-6.705291109746439,3.8738132035444997,38.078606599071804,-43.626226252956464
23.605,-6.1768313370072665,3.9741178471236505,37.44160674098148,-43.626226252956464
23.61,-5.670677550976798,4.027242420187956,36.81949813176854,-43.626226252956464
23.615000000000002,-5.184758304289129,4.038630030263086,36.214280436178605,-43.626226252956464
23.62,-4.722911233597732,4.0127018344779675,35.62739395445182,-43.626226252956464
23.625,-4.286491960432293,3.954128629265934,35.058115437877596,-43.626226252956464
23.63,-3.8740718569991253,3.8680060734473436,34.50708703270417,-43.626226252956464
23.635,-3.4866210888779814,3.756889032394862,33.97305551759018,-43.626226252956464
23.64,-3.123236759103884,3.623630427202038,33.4542146524734,-43.626226252956464
23.645,-2.7869143179891984,3.4728740718142737,32.95106035039564,-43.626226252956464
23.650000000000002,-2.4743528254679874,3.305590347395758,32.46246083147243,-43.626226252956464
23.655,-2.1848962602943223,3.125150188021949,31.988524766652123,-43.626226252956464
23.66,-1.9185001420277186,2.9349123241351966,31.527094465344696,-43.626226252956464
23.665,-1.6758092461609702,2.736598568484532,31.07875322617386,-43.626226252956464
23.67,-1.455227896554996,2.529272962028256,30.641098202522826,-43.626226252956464
23.675,-1.2564149942478708,2.317783656645224,30.214086884723905,-43.626226252956464
23.68,-1.0779408789970901,2.10188846290646,29.795897507458182,-43.626226252956464
23.685,-0.9191525672965181,1.883599853365669,29.388003522752353,-43.626226252956464
23.69,-0.7795243416536586,1.664236067331476,28.987339504173224,-43.626226252956464
23.695,-0.6572124134896328,1.4406389430523963,28.59412291625444,-43.626226252956464
23.7,-0.5515867436638673,1.2162194264231534,28.208629520712464,-43.626226252956464
23.705000000000002,-0.4630988687955834,0.9923555624513583,27.828932499679524,-43.626226252956464
23.71,-0.39023358463175,0.768435538472205,27.45571750543597,-43.626226252956464
23.715,-0.33288414141421235,0.544625067118883,27.087862620898996,-43.626226252956464
23.72,-0.2890850113582547,0.32130683122352277,26.727655831390862,-43.626226252956464
23.725,-0.25768076145918906,0.09949571724590317,26.370111878633015,-43.626226252956464
23.73,-0.23962073164244382,-0.12156892174806247,26.017950900505816,-43.626226252956464
23.735,-0.2344561648330653,-0.34093422928485273,25.67085089069977,-43.626226252956464
23.740000000000002,-0.23981770703260608,-0.5608375657892563,25.329017850801538,-43.626226252956464
23.745,-0.25483915406556923,-0.7790659864837486,24.992137640633352,-43.626226252956464
23.75,-0.2808675446601592,-0.998248373330874,24.660345061708696,-43.626226252956464
23.755,-0.31768766394161635,-1.2166823955057815,24.333155587043894,-43.626226252956464
23.76,-0.3634886552916563,-1.4344142328274276,24.010731934520287,-43.626226252956464
23.765,-0.4178993211099217,-1.652923962914804,23.692564589326796,-43.626226252956464
23.77,-0.4795446578560774,-1.871078597502333,23.380130065602454,-43.626226252956464
23.775000000000002,-0.5498129219990522,-2.090488472925133,23.073102141039154,-43.626226252956464
23.78,-0.6271830086528078,-2.311071620224771,22.772405984145202,-43.626226252956464
23.785,-0.7103982589089988,-2.5360036092546907,22.476601687545795,-43.626226252956464
23.79,-0.8018063429320872,-2.7601287325284205,22.185808237891614,-43.626226252956464
23.795,-0.8998646267955615,-2.9893546100803645,21.90084253907539,-43.626226252956464
23.8,-1.0043953015123777,-3.2194843522469117,21.622710155277822,-43.626226252956464
23.805,-1.1162040495650754,-3.4531734516750117,21.351180987481737,-43.626226252956464
23.81,-1.2316799931348432,-3.6907451799824402,21.086317984244577,-43.626226252956464
23.815,-1.3546361690594886,-3.933242136528455,20.8262347663801,-43.626226252956464
23.82,-1.4836104256623177,-4.180419173165547,20.57471668263512,-43.626226252956464
23.825,-1.6187211607622074,-4.4319961132516505,20.33240491374762,-43.626226252956464
23.830000000000002,-1.7594900558427977,-4.690407060214618,20.09655914769639,-43.626226252956464
23.835,-1.9061319560002183,-4.954050475723805,19.869056905340006,-43.626226252956464
23.84,-2.05908005680518,-5.2244976874453055,19.6519839545952,-43.626226252956464
23.845,-2.218092345032271,-5.501248462445645,19.444238016361105,-43.626226252956464
23.85,-2.382446949790689,-5.786363983180096,19.24651956225925,-43.626226252956464
23.855,-2.552951316994054,-6.080859741510148,19.058951914564766,-43.626226252956464
23.86,-2.729772965659484,-6.381997737536841,18.883306322338473,-43.626226252956464
23.865000000000002,-2.911097406720647,-6.691894862746021,18.71817629329481,-43.626226252956464
23.87,-3.0998752611534566,-7.012282975740939,18.56446977312294,-43.626226252956464
23.875,-3.2957300210584597,-7.34154587011956,18.425914043008614,-43.626226252956464
23.88,-3.497350454099947,-7.6804534709888355,18.30070998738936,-43.626226252956464
23.885,-3.7061063696809184,-8.028767886390957,18.190923802021693,-43.626226252956464
23.89,-3.9237666515486933,-8.387602341003427,18.097767062854075,-43.626226252956464
23.895,-4.146049990711287,-8.75814212099807,18.021230181410292,-43.626226252956464
23.900000000000002,-4.376156488241468,-9.139395294938218,17.963999803268248,-43.626226252956464
23.905,-4.613787734178057,-9.530605790795466,17.924382672882487,-43.626226252956464
23.91,-4.8602283020658,-9.933257643441218,17.906153826783605,-43.626226252956464
23.915,-5.113986998846914,-10.346539252514615,17.909323657881718,-43.626226252956464
23.92,-5.376699422803873,-10.77101336594618,17.935985383669436,-43.626226252956464
23.925,-5.644516165405471,-11.206197897929211,17.98562180355894,-43.626226252956464
23.93,-5.922624680049642,-11.652464872186096,18.061255973479017,-43.626226252956464
23.935000000000002,-6.208692769178478,-12.105759372066796,18.16599244625703,-43.626226252956464
23.94,-6.503498336455319,-12.568266828347475,18.29878985217606,-43.626226252956464
23.945,-6.807037035010675,-13.03919523248202,18.463246731016593,-43.626226252956464
23.95,-7.118263756029588,-13.516712278635646,18.660315291925183,-43.626226252956464
23.955000000000002,-7.438784323078692,-14.000264347483249,18.893227045891283,-43.626226252956464
23.96,-7.766414044955261,-14.486154049286991,19.162790645792043,-43.626226252956464
23.965,-8.101748396521424,-14.974841783588333,19.469930794828645,-43.626226252956464
23.97,-8.445778457368208,-15.464937400652314,19.816844410361483,-43.626226252956464
23.975,-8.797972307404676,-15.950247498795726,20.206264959236105,-43.626226252956464
23.98,-9.155213495619634,-16.431124734237088,20.63905793118335,-43.626226252956464
23.985,-9.518325281360996,-16.90408799442242,21.115520983853852,-43.626226252956464
23.990000000000002,-9.888102758133112,-17.365336846754385,21.638901007049768,-43.626226252956464
23.995,-10.26235016931662,-17.811124725885794,22.208611283965375,-43.626226252956464
24.0,-10.6394639584476,-18.2384824847823,22.82743226104508,-43.626226252956464
24.005,-11.019181092008917,-18.639916565748933,23.493758069940267,-43.626226252956464
24.01,-11.3999008957613,-19.012147241739264,24.2088738284263,-43.626226252956464
24.015,-11.78094105327791,-19.35121517008398,24.970404769871298,-43.626226252956464
24.02,-12.15947944707618,-19.651133274959186,25.775688474087552,-43.626226252956464
24.025000000000002,-12.532991757442382,-19.906171762104545,26.62713142404719,-43.626226252956464
24.03,-12.900456448557478,-20.109428785466143,27.51876266185803,-43.626226252956464
24.035,-13.260746100751273,-20.25859106954349,28.448839625075678,-43.626226252956464
24.04,-13.610010045299036,-20.345737580614262,29.411843156173813,-43.626226252956464
24.045,-13.946437860532225,-20.366323014340537,30.403251644956587,-43.626226252956464
24.05,-14.267284093129403,-20.31343375119807,31.418472114938705,-43.626226252956464
24.055,-14.568928655905573,-20.186614989867447,32.4486794129824,-43.626226252956464
24.060000000000002,-14.849514228181965,-19.979657060680324,33.48552791159089,-43.626226252956464
24.065,-15.106134225917877,-19.68906265103464,34.52125478652025,-43.626226252956464
24.07,-15.335417086757914,-19.31572229642609,35.548362798345465,-43.626226252956464
24.075,-15.534700699219385,-18.858423844197986,36.554670823730426,-43.626226252956464
24.080000000000002,-15.70144335698474,-18.316850471856515,37.53091586475106,-43.626226252956464
24.085,-15.832761388017204,-17.695701392713868,38.469612734280716,-43.626226252956464
24.09,-15.92541521755641,-16.99662206821359,39.356824235161525,-43.626226252956464
24.095,-15.97892599798146,-16.226259800438115,40.185680863629344,-43.626226252956464
24.1,-15.991282972129541,-15.3900481236288,40.946039508223976,-43.626226252956464
24.105,-15.959577403711174,-14.494721356120346,41.63102606299399,-43.626226252956464
24.11,-15.886982143337665,-13.551030941464463,42.232182727118776,-43.626226252956464
24.115000000000002,-15.77132443597101,-12.570767277751957,42.74610184234288,-43.626226252956464
24.12,-15.611885259695555,-11.563877012603157,43.16616603996844,-43.626226252956464
24.125,-15.40939065847813,-10.539966208638836,43.4937427739288,-43.626226252956464
24.13,-15.166792058501752,-9.511945633052527,43.726179206905066,-43.626226252956464
24.135,-14.88342829205209,-8.489342558398418,43.863107177043815,-43.626226252956464
24.14,-14.563121453069428,-7.485791231252314,43.91073102711716,-43.626226252956464
24.145,-14.208574687953204,-6.507597529365934,43.87095863422637,-43.626226252956464
24.150000000000002,-13.824402748806968,-5.565709596301123,43.74762577375739,-43.626226252956464
24.155,-13.41145765588012,-4.6675211867876865,43.548242349133446,-43.626226252956464
24.16,-12.975218363570525,-3.818831499094293,43.28006511089424,-43.626226252956464
24.165,-12.517913041632895,-3.0256298701484328,42.95129817968954,-43.626226252956464
24.17,-12.04286219041573,-2.2922062450513576,42.56871225298369,-43.626226252956464
24.175,-11.55522207434727,-1.6221119700263724,42.13967533884765,-43.626226252956464
24.18,-11.05902966666013,-1.0162785020664287,41.67062525227859,-43.626226252956464
24.185000000000002,-10.55680609611559,-0.4730282933507298,41.17132455238158,-43.626226252956464
24.19,-10.053982654119324,0.0072171522593185156,40.64654654989418,-43.626226252956464
24.195,-9.551454851457455,0.42554657886712827,40.1047043716566,-43.626226252956464
24.2,-9.05282907974603,0.7845967189384357,39.549226538546414,-43.626226252956464
24.205000000000002,-8.562107304890967,1.0855576321214857,38.98540130768728,-43.626226252956464
24.21,-8.07923648409888,1.3325653678045644,38.4196864192583,-43.626226252956464
24.215,-7.608577182260937,1.5281781737964704,37.85340111791901,-43.626226252956464
24.22,-7.152062906934379,1.6775450032501145,37.29110197237422,-43.626226252956464
24.225,-6.710307668268726,1.783060542013824,36.7336366759499,-43.626226252956464
24.23,-6.285319823644909,1.8491115980452815,36.18283895905363,-43.626226252956464
24.235,-5.8795194990507955,1.8793200356935678,35.64410856539068,-43.626226252956464
24.240000000000002,-5.4914071251545575,1.876637905513649,35.11319825460665,-43.626226252956464
24.245,-5.123259372159349,1.8439163028476657,34.59384015119887,-43.626226252956464
24.25,-4.774866420667965,1.7848798193373783,34.08471766814104,-43.626226252956464
24.255,-4.44699974033061,1.7030723718512342,33.58730323939049,-43.626226252956464
24.26,-4.138701369754009,1.6005595777982644,33.10142625926251,-43.626226252956464
24.265,-3.8505887250589925,1.4812122018277314,32.6270106396552,-43.626226252956464
24.27,-3.583322304544393,1.3458244270900692,32.1627000968556,-43.626226252956464
24.275000000000002,-3.3361228053790373,1.1956653556614505,31.70946093656057,-43.626226252956464
24.28,-3.108837788193241,1.0335990474694805,31.265973556493407,-43.626226252956464
24.285,-2.90055489615652,0.8605958602403558,30.834611405852733,-43.626226252956464
24.29,-2.713273164469047,0.6788814491431031,30.410528447243436,-43.626226252956464
24.295,-2.542688726432945,0.48906939016323,29.99598378436006,-43.626226252956464
24.3,-2.3905191640471135,0.29448891069050287,29.59048075076798,-43.626226252956464
24.305,-2.257109563183996,0.0945794810430649,29.191868638733744,-43.626226252956464
24.310000000000002,-2.137918091031942,-0.11087094612449769,28.80020326416733,-43.626226252956464
24.315,-2.0355607416140473,-0.31972076468783095,28.416232353520297,-43.626226252956464
24.32,-1.9496969224594585,-0.5319161354424745,28.03938359451303,-43.626226252956464
24.325,-1.8795307919443283,-0.7483273802191875,27.67133637247022,-43.626226252956464
24.330000000000002,-1.82312326052978,-0.9650702119190132,27.309111378731767,-43.626226252956464
24.335,-1.780629597394961,-1.1844293220746458,26.95299136229587,-43.626226252956464
24.34,-1.750729252127708,-1.406103689505487,26.603134299483376,-43.626226252956464
24.345,-1.7343237247644483,-1.629478000288602,26.259458147543107,-43.626226252956464
24.35,-1.7283021078702157,-1.8550999358340738,25.92358065689013,-43.626226252956464
24.355,-1.7348003332822253,-2.0814146938166136,25.595223797175898,-43.626226252956464
24.36,-1.752740606204139,-2.3104614936482606,25.271895208827413,-43.626226252956464
24.365000000000002,-1.7814325791504317,-2.5413800972757348,24.954698797032577,-43.626226252956464
24.37,-1.819294864687654,-2.773739018299707,24.64302855480455,-43.626226252956464
24.375,-1.8662249140600127,-3.0091217840538804,24.341233788058087,-43.626226252956464
24.38,-1.9219646555022556,-3.2457617077144874,24.045194217502335,-43.626226252956464
24.385,-1.9878771252390466,-3.486169717524564,23.75573069090742,-43.626226252956464
24.39,-2.063341929048569,-3.727964545265147,23.47409850360125,-43.626226252956464
24.395,-2.147026687027756,-3.9737256766856945,23.199794458617244,-43.626226252956464
24.400000000000002,-2.2373254779949243,-4.2243579448826845,22.934164973319184,-43.626226252956464
24.405,-2.3367951840520904,-4.478603023507406,22.674985334770817,-43.626226252956464
24.41,-2.4437411236240045,-4.736622186651033,22.42423538331956,-43.626226252956464
24.415,-2.557543242459454,-4.99844708735831,22.18282006086068,-43.626226252956464
24.42,-2.679870607361224,-5.266578714614845,21.95019404267443,-43.626226252956464
24.425,-2.8081545977818565,-5.539757786911467,21.72740767099869,-43.626226252956464
24.43,-2.944445221415789,-5.817378915787593,21.515112077615274,-43.626226252956464
24.435000000000002,-3.0883931058632874,-6.101576712615152,21.31381978279617,-43.626226252956464
24.44,-3.239128003275742,-6.3925240120327835,21.123702337245117,-43.626226252956464
24.445,-3.3965936242892476,-6.68989594841661,20.946684558742486,-43.626226252956464
24.45,-3.5608456593596602,-6.993749134677239,20.781009003149233,-43.626226252956464
24.455000000000002,-3.731188893873463,-7.3060210192910295,20.629493718481093,-43.626226252956464
24.46,-3.9095809725451613,-7.6257136624348085,20.49144165303096,-43.626226252956464
24.465,-4.0958766287573205,-7.9529754109522734,20.366980269218345,-43.626226252956464
24.47,-4.288893091626674,-8.288012987237654,20.258040415697774,-43.626226252956464
24.475,-4.489368836005048,-8.630834333281857,20.166297145036353,-43.626226252956464
24.48,-4.697446656682908,-8.980750068128476,20.091236602001086,-43.626226252956464
24.485,-4.912642079150971,-9.3395846758737,20.0341900715624,-43.626226252956464
24.490000000000002,-5.133755531615145,-9.706134724444036,19.996779602102777,-43.626226252956464
24.495,-5.363340237674718,-10.080809708603404,19.97913461093752,-43.626226252956464
24.5,-5.596929808838622,-10.463571332880118,19.98216184148194,-43.626226252956464
24.505,-5.839039947268857,-10.855175924818877,20.009299343503514,-43.626226252956464
24.51,-6.090461532578435,-11.25261928937895,20.060288394476373,-43.626226252956464
24.515,-6.349458182774591,-11.65760368898224,20.13624346992164,-43.626226252956464
24.52,-6.61420130556522,-12.066537834830013,20.23697952007415,-43.626226252956464
24.525000000000002,-6.886155003026197,-12.482561994678804,20.366755060568497,-43.626226252956464
24.53,-7.1671405296611335,-12.900256179398406,20.52609050874933,-43.626226252956464
24.535,-7.4534789447080705,-13.322626150111802,20.713803945392055,-43.626226252956464
24.54,-7.74594465195965,-13.746115194909452,20.934392370400484,-43.626226252956464
24.545,-8.046939403939005,-14.169336416744867,21.187530877402903,-43.626226252956464
24.55,-8.352365079094936,-14.59084046661162,21.475096740108132,-43.626226252956464
24.555,-8.66511398018969,-15.008678144243381,21.797933758582236,-43.626226252956464
24.560000000000002,-8.982962390971288,-15.420065268946352,22.156802570048782,-43.626226252956464
24.565,-9.304675075120715,-15.823325853135243,22.553730052034744,-43.626226252956464
24.57,-9.631722854387151,-16.21500754556828,22.98848624096763,-43.626226252956464
24.575,-9.96105174025076,-16.59238900864425,23.462782004840758,-43.626226252956464
24.580000000000002,-10.293308829589241,-16.953753725903926,23.97650939984285,-43.626226252956464
24.585,-10.626143295964205,-17.294346400788804,24.529561586042405,-43.626226252956464
24.59,-10.95865668806999,-17.60959799463046,25.12077086632714,-43.626226252956464
24.595,-11.291154018295748,-17.89680794402687,25.7513922249807,-43.626226252956464
24.6,-11.62170088070931,-18.152944414768527,26.417607441644677,-43.626226252956464
24.605,-11.947827720216946,-18.37217415757983,27.11977480163802,-43.626226252956464
24.61,-12.269831935751332,-18.551158753372224,27.856840630609597,-43.626226252956464
24.615000000000002,-12.582799838295783,-18.68472522054942,28.623248063708242,-43.626226252956464
24.62,-12.887485929156073,-18.76918892484998,29.41781664742834,-43.626226252956464
24.625,-13.181913848558498,-18.80175576035145,30.234373160602384,-43.626226252956464
24.63,-13.462272369400349,-18.779333487551344,31.070467837619262,-43.626226252956464
24.635,-13.728454637269037,-18.698174331881123,31.92070447893756,-43.626226252956464
24.64,-13.977340312074833,-18.554423637317903,32.77818692101285,-43.626226252956464
24.645,-14.205640285803625,-18.345226954311936,33.63755909937665,-43.626226252956464
24.650000000000002,-14.41253264280522,-18.07137028360756,34.492054401568886,-43.626226252956464
24.655,-14.595269137708273,-17.731373496947956,35.334495360979155,-43.626226252956464
24.66,-14.752637351450703,-17.326239027568835,36.158490299419704,-43.626226252956464
24.665,-14.881379476291967,-16.85617402703621,36.953534720776595,-43.626226252956464
24.67,-14.978844831664043,-16.323583201205658,37.71391939680415,-43.626226252956464
24.675,-15.046531003883462,-15.73287154150956,38.43328588486469,-43.626226252956464
24.68,-15.08087225002488,-15.087763721349734,39.10558342318324,-43.626226252956464
24.685000000000002,-15.08181320841938,-14.392331365078245,39.72163431351039,-43.626226252956464
24.69,-15.046798139528192,-13.6551619240378,40.27671043568246,-43.626226252956464
24.695,-14.976768975312527,-12.881374174211537,40.76562822964064,-43.626226252956464
24.7,-14.871959487822998,-12.07919797150917,41.18746870611077,-43.626226252956464
24.705000000000002,-14.733079148455785,-11.256676028580761,41.536778163098504,-43.626226252956464
24.71,-14.560532298226896,-10.421879762633665,41.812231581661464,-43.626226252956464
24.715,-14.35324931316546,-9.582186585557182,42.01357865202658,-43.626226252956464
24.72,-14.114633948043222,-8.747297138258716,42.14098694003769,-43.626226252956464
24.725,-13.846391656635873,-7.923512629275592,42.19668102163751,-43.626226252956464
24.73,-13.550178325759521,-7.119901391762715,42.183988231557464,-43.626226252956464
24.735,-13.227809353147892,-6.342899639458092,42.10377914675895,-43.626226252956464
24.740000000000002,-12.8828627885953,-5.5963838917375845,41.960314674868236,-78.7061325278954
24.745,-12.518966721284956,-5.062561954118965,41.76093730159581,-78.7061325278954
24.75,-12.145323824151946,-4.5677519948544685,41.52182593050588,-78.7061325278954
24.755,-11.767649627401939,-4.1167872121645015,41.246181348709726,-78.7061325278954
24.76,-11.38499578900683,-3.709937311927182,40.93905778579289,-78.7061325278954
24.765,-11.001770985688943,-3.3483450144609153,40.60516087188159,-78.7061325278954
24.77,-10.619434881723178,-3.03159324811552,40.24829452830248,-78.7061325278954
24.775000000000002,-10.240318153461521,-2.759862203814955,39.87197825858656,-78.7061325278954
24.78,-9.866695623169266,-2.531813534428587,39.48201118430954,-78.7061325278954
24.785,-9.500514812639048,-2.3464188686777,39.08047160215696,-78.7061325278954
24.79,-9.141416702862813,-2.200854451731973,38.67034701059619,-78.7061325278954
24.795,-8.792956980295042,-2.0956178683119564,38.254924599708644,-78.7061325278954
24.8,-8.457972004669848,-2.0282336799150626,37.83768335719891,-78.7061325278954
24.805,-8.137024556735678,-1.9950677076627081,37.41829755809947,-78.7061325278954
24.810000000000002,-7.8307017332654025,-1.9952966428935253,37.0003204207508,-78.7061325278954
24.815,-7.5391291405975815,-2.026201411805441,36.58578472373932,-78.7061325278954
24.82,-7.263130732131809,-2.0871013972524404,36.173103683592146,-78.7061325278954
24.825,-7.004368729881786,-2.1725722370891214,35.7655805595025,-78.7061325278954
24.830000000000002,-6.762513175917374,-2.2825861373324408,35.3646276824116,-78.7061325278954
24.835,-6.538126884478865,-2.415762134823982,34.970014308871384,-78.7061325278954
24.84,-6.331534003294735,-2.570144071274297,34.583536193920246,-78.7061325278954
24.845,-6.143866236400482,-2.7420519138639965,34.20307344241287,-78.7061325278954
24.85,-5.973971754043353,-2.930245334066043,33.830478508316475,-78.7061325278954
24.855,-5.821031142072851,-3.135997818561531,33.467169857882745,-78.7061325278954
24.86,-5.687559701390702,-3.355348878415094,33.111639360086905,-78.7061325278954
24.865000000000002,-5.571093731902491,-3.5844108313205907,32.76635719409481,-78.7061325278954
24.87,-5.472423186628957,-3.825733281711284,32.4291258533386,-78.7061325278954
24.875,-5.389244564275689,-4.079280140683147,32.10181060601337,-78.7061325278954
24.88,-5.324163135013915,-4.343468034540848,31.7809159407019,-78.7061325278954
24.885,-5.275543512428247,-4.614768991619346,31.473240099506935,-78.7061325278954
24.89,-5.243531926006618,-4.893496626170295,31.174221005412672,-78.7061325278954
24.895,-5.2267504772656785,-5.179653093144972,30.88594838498826,-78.7061325278954
24.900000000000002,-5.22223073059581,-5.472474866723982,30.608817208770162,-78.7061325278954
24.905,-5.234918434494139,-5.77052351448196,30.34350069462804,-78.7061325278954
24.91,-5.262175920708323,-6.073444169055745,30.0894389095414,-78.7061325278954
24.915,-5.303295756362097,-6.381226910861965,29.848152812113543,-78.7061325278954
24.92,-5.356380252737409,-6.693905165964671,29.619211926266534,-78.7061325278954
24.925,-5.424163860743562,-7.011145571004787,29.402950583802784,-78.7061325278954
24.93,-5.5033699205212,-7.332585553549734,29.20073056812365,-78.7061325278954
24.935000000000002,-5.593879107941294,-7.656254198432153,29.013445689767703,-78.7061325278954
24.94,-5.696506508244142,-7.984193026665222,28.84154820140824,-78.7061325278954
24.945,-5.810604085052054,-8.314486863716498,28.6832371034479,-78.7061325278954
24.95,-5.935693939800055,-8.64596323803869,28.542130264589233,-78.7061325278954
24.955000000000002,-6.072264208678155,-8.979708768055065,28.418389946954218,-78.7061325278954
24.96,-6.217704994618533,-9.315956222491144,28.312618376702986,-78.7061325278954
24.965,-6.372837497681566,-9.65289495757402,28.225352446856935,-78.7061325278954
24.97,-6.536331248816613,-9.991077079054266,28.157004254135046,-78.7061325278954
24.975,-6.709320489747873,-10.329282422876377,28.10918894290687,-78.7061325278954
24.98,-6.889962177750062,-10.666356163524732,28.080524495011158,-78.7061325278954
24.985,-7.078529702666731,-11.002403824148026,28.07341975377295,-78.7061325278954
24.990000000000002,-7.275087873203604,-11.339222835970153,28.089195803079452,-78.7061325278954
24.995,-7.477634912766644,-11.673054640937947,28.12717051149335,-78.7061325278954
25.0,-7.687006907335548,-12.003448663417108,28.18903602232333,-78.7061325278954
25.005,-7.90283062822571,-12.329698875014412,28.273765513830096,-78.7061325278954
25.01,-8.123405589332492,-12.649800546184077,28.383266929306156,-78.7061325278954
25.015,-8.349870746890879,-12.963960681087514,28.518449786463066,-78.7061325278954
25.02,-8.58064861763094,-13.271277846774023,28.68063323547944,-78.7061325278954
25.025000000000002,-8.816775200982873,-13.568379876104583,28.867550221247054,-78.7061325278954
25.03,-9.055802417890632,-13.855640179929859,29.081005300602733,-78.7061325278954
25.035,-9.297168187731895,-14.13082755473468,29.31901488971356,-78.7061325278954
25.04,-9.539358045827301,-14.39144977905217,29.58512695638637,-78.7061325278954
25.045,-9.78284195500087,-14.636578536947944,29.877317689846986,-78.7061325278954
25.05,-10.025469283398136,-14.864918802113115,30.194552229519953,-78.7061325278954
25.055,-10.268143399772914,-15.074413268962426,30.53777939483691,-78.7061325278954
25.060000000000002,-10.50854354040564,-15.262954219884755,30.905025685907592,-78.7061325278954
25.065,-10.746525864210415,-15.428008810409183,31.2948717166114,-78.7061325278954
25.07,-10.981080477487623,-15.56672765892535,31.707316965426127,-78.7061325278954
25.075,-11.209884189076089,-15.679116128720738,32.1396729072963,-78.7061325278954
25.080000000000002,-11.433599107259239,-15.761965583917327,32.58870734167423,-78.7061325278954
25.085,-11.64979643991544,-15.813667003285158,33.054417339820105,-78.7061325278954
25.09,-11.856869064868306,-15.833620370249438,33.535474287146876,-78.7061325278954
25.095,-12.054097415818166,-15.819541184086596,34.02644155672965,-78.7061325278954
25.1,-12.242486063222342,-15.770959643864044,34.52562137028295,-78.7061325278954
25.105,-12.420126772660957,-15.686269584504341,35.031683400227614,-78.7061325278954
25.11,-12.58275886448231,-15.564462165919142,35.53922578705979,-78.7061325278954
25.115000000000002,-12.73218070556704,-15.40542870389271,36.04416475350303,-78.7061325278954
25.12,-12.865930676080573,-15.209967480851418,36.54493372922587,-78.7061325278954
25.125,-12.982535850169736,-14.977823202813571,37.03749494057163,-78.7061325278954
25.13,-13.082367523787909,-14.709354448502703,37.51564189748296,-78.7061325278954
25.135,-13.163622799248015,-14.406460966911487,37.978570964778115,-78.7061325278954
25.14,-13.226650631570052,-14.071179722299128,38.419782862682126,-78.7061325278954
25.145,-13.27088425488944,-13.705642634166969,38.83689856296005,-78.7061325278954
25.150000000000002,-13.291894127334354,-13.311260547850008,39.22741263540385,-78.7061325278954
25.155,-13.29258366706624,-12.892213883517984,39.58923454871011,-78.7061325278954
25.16,-13.272360384368246,-12.450848578496677,39.91923228326134,-78.7061325278954
25.165,-13.23068813821088,-11.992549697778761,40.213714507377674,-78.7061325278954
25.17,-13.167618845264307,-11.517465423455482,40.47136918944472,-78.7061325278954
25.175,-13.08388838334198,-11.031266787865638,40.690221738295776,-78.7061325278954
25.18,-12.98148149066917,-10.539393449375417,40.86971911862563,-50.918391842037174
25.185000000000002,-12.859170142801993,-9.906038692959575,41.00850833038785,-50.918391842037174
25.19,-12.710917667195153,-9.275131421283955,41.098235751965454,-50.918391842037174
25.195,-12.538138117436258,-8.650726981155124,41.140377003785666,-50.918391842037174
25.2,-12.343665053076023,-8.03768529645181,41.133545531387306,-50.918391842037174
25.205000000000002,-12.12854152659312,-7.442058991603478,41.08082020609155,-50.918391842037174
25.21,-11.895182254843489,-6.866952777512439,40.9836071061937,-50.918391842037174
25.215,-11.644720068577291,-6.313852930993055,40.846725260647965,-50.918391842037174
25.22,-11.377450813462255,-5.787895699856569,40.670117488101845,-50.918391842037174
25.225,-11.098638403004818,-5.29266001889081,40.456657408858455,-50.918391842037174
25.23,-10.808090598396445,-4.829734792840997,40.21261263742926,-50.918391842037174
25.235,-10.510779176780131,-4.399356714213196,39.93725155258381,-50.918391842037174
25.240000000000002,-10.206284676014677,-4.0049108923553005,39.636285444703184,-50.918391842037174
25.245,-9.89650409414687,-3.646816917172996,39.31179509945518,-50.918391842037174
25.25,-9.583660908175952,-3.3229066722985254,38.96790652521119,-50.918391842037174
25.255,-9.270775674632706,-3.035323776639681,38.60750315136815,-50.918391842037174
25.26,-8.959385390638557,-2.7825047465783985,38.23111572870126,-50.918391842037174
25.265,-8.651498494249523,-2.5650173672415546,37.84455610049497,-50.918391842037174
25.27,-8.346255626884817,-2.381265277352416,37.45196064389291,-50.918391842037174
25.275000000000002,-8.048161226064257,-2.229978770664263,37.05313318908013,-50.918391842037174
25.28,-7.756520592565902,-2.1095272233682474,36.649345578420444,-50.918391842037174
25.285,-7.474241699618047,-2.017301487441096,36.242851600942025,-50.918391842037174
25.29,-7.202095410159579,-1.9550834713443197,35.83518433874243,-50.918391842037174
25.295,-6.940579391419016,-1.9179600295078552,35.42802474335616,-50.918391842037174
25.3,-6.6904578222268185,-1.9069336877641907,35.022737646191324,-50.918391842037174
25.305,-6.451335491352239,-1.9158396111987692,34.619401560914895,-50.918391842037174
25.310000000000002,-6.2253611203352195,-1.9464766597939127,34.219280611562915,-50.918391842037174
25.315,-6.011082830878916,-1.997819681322098,33.823813312795494,-50.918391842037174
25.32,-5.811143288355252,-2.067544574703681,33.431917654092636,-50.918391842037174
25.325,-5.62480945739923,-2.1539211361557946,33.04628550305616,-50.918391842037174
25.330000000000002,-5.450131264348277,-2.2555667605510727,32.66641819024184,-50.918391842037174
25.335,-5.29096438274236,-2.37091147989849,32.29194558611483,-50.918391842037174
25.34,-5.144668539083467,-2.5003952933429203,31.923775214712496,-50.918391842037174
25.345,-5.013889702104413,-2.641977583353291,31.56256083864101,-50.918391842037174
25.35,-4.895740896932183,-2.794708645973293,31.207238051647046,-50.918391842037174
25.355,-4.7892946461562795,-2.9567737435210004,30.85983423813686,-50.918391842037174
25.36,-4.6964825972033095,-3.127684896604774,30.518103538493488,-50.918391842037174
25.365000000000002,-4.618044100696994,-3.308419665166116,30.185635122880377,-50.918391842037174
25.37,-4.552725825062511,-3.4958102836252483,29.85910363256543,-50.918391842037174
25.375,-4.50004178641788,-3.690822945449977,29.54091625343705,-50.918391842037174
25.38,-4.458282381624312,-3.892229257423918,29.22943931787397,-50.918391842037174
25.385,-4.430249367106964,-4.099997927491639,28.926751403598576,-50.918391842037174
25.39,-4.414108947899677,-4.314702040776057,28.632376224284553,-50.918391842037174
25.395,-4.409615490493486,-4.533420283576558,28.345824040034508,-50.918391842037174
25.400000000000002,-4.415294285245253,-4.7580387097536265,28.068253844007845,-50.918391842037174
25.405,-4.4328943420695675,-4.988519705445017,27.798937535406996,-50.918391842037174
25.41,-4.461115556025778,-5.221786933005735,27.5378141984976,-50.918391842037174
25.415,-4.4983203504345735,-5.460163092407555,27.28702815609857,-50.918391842037174
25.42,-4.5458401282500205,-5.704235347321091,27.04644683417033,-50.918391842037174
25.425,-4.603584703490696,-5.951523210608684,26.81500889703046,-50.918391842037174
25.43,-4.670147975839575,-6.203392546818316,26.594094957570903,-50.918391842037174
25.435000000000002,-4.746831419158731,-6.460325380498442,26.384020984732327,-50.918391842037174
25.44,-4.83295603776074,-6.720357832640532,26.185427237924195,-50.918391842037174
25.445,-4.92786026855038,-6.986463381438487,25.998127731751346,-50.918391842037174
25.45,-5.030796391037303,-7.25506995959877,25.82357658025583,-50.918391842037174
25.455000000000002,-5.142916461930574,-7.528911039444935,25.66259587185811,-50.918391842037174
25.46,-5.262117714080894,-7.806828910858476,25.51456506486617,-50.918391842037174
25.465,-5.390370749577181,-8.085955037880826,25.378593966600825,-50.918391842037174
25.47,-5.524979135721026,-8.369503166200348,25.259694037789608,-50.918391842037174
25.475,-5.666826120712976,-8.657402714415646,25.154314291447683,-50.918391842037174
25.48,-5.815681233731178,-8.949983132531015,25.064133171440304,-50.918391842037174
25.485,-5.972853349183662,-9.245035976361663,24.99023854888907,-50.918391842037174
25.490000000000002,-6.136959302889126,-9.54377519674012,24.93172369487711,-50.918391842037174
25.495,-6.307526962101747,-9.844930383556955,24.892531347605367,-50.918391842037174
25.5,-6.4847121640194425,-10.148058288544297,24.870545250471157,-50.918391842037174
25.505,-6.667678849373592,-10.452789575649096,24.868211629216265,-50.918391842037174
25.51,-6.85697693999618,-10.76042739258109,24.88561615819802,-50.918391842037174
25.515,-7.051168088344019,-11.068732887494825,24.922669237785016,-50.918391842037174
25.52,-7.252276933380593,-11.37670307511429,24.980103577441557,-50.918391842037174
25.525000000000002,-7.458153331765434,-11.682235361314655,25.058661323900388,-50.918391842037174
25.53,-7.670053588096196,-11.9876804717305,25.160445754285096,-50.918391842037174
25.535,-7.8854099827854975,-12.292371639379875,25.284928710509313,-50.918391842037174
25.54,-8.106199634091748,-12.592073991087666,25.43217283171236,-50.918391842037174
25.545,-8.331329791200908,-12.888441305099548,25.60323750576776,-50.918391842037174
25.55,-8.559869250040299,-13.177689554772154,25.79888002429618,-50.918391842037174
25.555,-8.790516157555315,-13.460882030002473,26.018391456614353,-50.918391842037174
25.560000000000002,-9.023420060631379,-13.735844329027397,26.263326353056712,-50.918391842037174
25.565,-9.261978091534319,-14.00067771331612,26.532738538453266,-50.918391842037174
25.57,-9.498850495111508,-14.254040447020913,26.827249559348488,-50.918391842037174
25.575,-9.736136286532512,-14.492195599793384,27.146964745925786,-50.918391842037174
25.580000000000002,-9.974041438169282,-14.716185613370177,27.48977382307379,-50.918391842037174
25.585,-10.211082323037225,-14.92233290115794,27.857566173588506,-50.918391842037174
25.59,-10.44560993797047,-15.109838873459534,28.24771635224149,-50.918391842037174
25.595,-10.678164224181447,-15.274031708283646,28.66122337493676,-50.918391842037174
25.6,-10.907936888202032,-15.417536156589511,29.09569365775924,-50.918391842037174
25.605,-11.13319557074049,-15.53485446402913,29.54770776709082,-50.918391842037174
25.61,-11.353457080698883,-15.626333291399805,30.018060859723438,-50.918391842037174
25.615000000000002,-11.568086692682842,-15.687425502383606,30.504070789437048,-50.918391842037174
25.62,-11.772510406575716,-15.718983814186291,31.003684892654405,-50.918391842037174
25.625,-11.969774453981561,-15.716637357290011,31.516619743349718,-50.918391842037174
25.63,-12.156792343231182,-15.682476193722614,32.03645478040391,-50.918391842037174
25.635,-12.333783858720786,-15.613952597172013,32.56306605325268,-50.918391842037174
25.64,-12.4985741011469,-15.510375845868586,33.092365762574815,-50.918391842037174
25.645,-12.649294345961197,-15.369890706299508,33.621923186449095,-50.918391842037174
25.650000000000002,-12.785475437195702,-15.192066799256601,34.14632128794675,-50.918391842037174
25.655,-12.906812581910312,-14.978721884784038,34.66283950586358,-50.918391842037174
25.66,-13.009965742303695,-14.727705932484197,35.166860134801134,-50.918391842037174
25.665,-13.096847863512817,-14.442953774569832,35.65585133828965,-50.918391842037174
25.67,-13.161699390253549,-14.122640724551047,36.126645351923116,-50.918391842037174
25.675,-13.208655035665062,-13.77332660184838,36.57434745771688,-50.918391842037174
25.68,-13.237169568247134,-13.39157573074151,36.99524650835978,-50.918391842037174
25.685000000000002,-13.2450403022591,-12.982636268245244,37.38873233998233,-50.918391842037174
25.69,-13.232340312958954,-12.550791456783665,37.75026074468773,-50.918391842037174
25.695,-13.197615678467232,-12.098600470598301,38.07892007891208,-50.918391842037174
25.7,-13.140723925647618,-11.627057432835237,38.369310858881256,-50.918391842037174
25.705000000000002,-13.064855744848208,-11.141551284190022,38.62075844348914,-50.918391842037174
25.71,-12.967286653546184,-10.646806184854496,38.833923606138015,-50.918391842037174
25.715,-12.850157634072472,-10.14489687382133,39.00696796133418,-50.918391842037174
25.72,-12.714340538947784,-9.641577143444433,39.13939143153307,-50.918391842037174
25.725,-12.560206320947884,-9.139838805291664,39.22977313588663,-50.918391842037174
25.73,-12.389181320778464,-8.643683099524482,39.281187130233135,-50.918391842037174
25.735,-12.201651771289248,-8.157093204491053,39.293216645675145,-50.918391842037174
25.740000000000002,-11.998757566324619,-7.6808342152429345,39.26776609210314,-50.918391842037174
25.745,-11.783570800743236,-7.220725809912872,39.204330946679725,-50.918391842037174
25.75,-11.554413299195012,-6.778707896331927,39.10698727306934,-50.918391842037174
25.755,-11.316002184088473,-6.357758965670271,38.97819379991856,-50.918391842037174
25.76,-11.067836132172195,-5.959254252265954,38.81843151985377,-50.918391842037174
25.765,-10.811284775255904,-5.585111370875326,38.63203042939805,-50.918391842037174
25.77,-10.550043753774387,-5.237996580892922,38.41847437742682,-50.918391842037174
25.775000000000002,-10.283801615939552,-4.916908171532632,38.18226954627358,-50.918391842037174
25.78,-10.016555749203762,-4.623914451719048,37.92631147505988,-50.918391842037174
25.785,-9.747818679911044,-4.356868570151994,37.652879060878846,-50.918391842037174
25.79,-9.477534279597393,-4.118394814713121,37.36495720434576,-50.918391842037174
25.795,-9.209537636996519,-3.9099169332886543,37.06096643360196,-50.918391842037174
25.8,-8.944588245040391,-3.7278945431817263,36.74678981155305,-50.918391842037174
25.805,-8.682929909108623,-3.572833280824142,36.42419570842051,-50.918391842037174
25.810000000000002,-8.427151931812173,-3.443624313402252,36.09409946705359,-50.918391842037174
25.815,-8.177582970773367,-3.3382356503516792,35.757079093775076,-50.918391842037174
25.82,-7.934758026680837,-3.258496028118309,35.416556556283,-50.918391842037174
25.825,-7.70111661574253,-3.2029427067015663,35.07406900159742,-50.918391842037174
25.830000000000002,-7.476640451859603,-3.169354763712184,34.730166446783024,-50.918391842037174
25.835,-7.261937392736619,-3.1573740727762076,34.3843505180553,-50.918391842037174
25.84,-7.056327375969957,-3.16368824553333,34.04213043773153,-50.918391842037174
25.845,-6.861179370702695,-3.1889279570618445,33.70038624700369,-50.918391842037174
25.85,-6.67815205490875,-3.23233601267419,33.36005634223055,-50.918391842037174
25.855,-6.505592268560588,-3.2911704192018063,33.02431070121088,-50.918391842037174
25.86,-6.344683379204663,-3.3669968959483954,32.69060503484764,-50.918391842037174
25.865000000000002,-6.195373641799527,-3.455444450429942,32.36175427970954,-50.918391842037174
25.87,-6.059602763088419,-3.5586253906177845,32.03768725303857,-50.918391842037174
25.875,-5.935617295572075,-3.6725966400728325,31.71716658621959,-50.918391842037174
25.88,-5.822224909286698,-3.7984978944819185,31.402771280659817,-50.918391842037174
25.885,-5.721474667979283,-3.9348284543015017,31.09535317431583,-50.918391842037174
25.89,-5.632112964954164,-4.081526909755166,30.793347843474507,-50.918391842037174
25.895,-5.555518608700239,-4.236469995932176,30.49774497889672,-50.918391842037174
25.900000000000002,-5.489544497640418,-4.400345666676915,30.20879043409321,-50.918391842037174
25.905,-5.434500741372989,-4.572270467530852,29.926927590298888,-50.918391842037174
25.91,-5.391073091020029,-4.751023485144792,29.652975144972363,-50.918391842037174
25.915,-5.358365486930257,-4.937322955081951,29.385125709971277,-50.918391842037174
25.92,-5.338180330032596,-5.130024536511753,29.125926058737686,-50.918391842037174
25.925,-5.327659081647722,-5.328905827410677,28.87429808667755,-50.918391842037174
25.93,-5.329247676754909,-5.5330014492909365,28.63008406980405,-50.918391842037174
25.935000000000002,-5.338906712691902,-5.743167220912645,28.394932471442377,-50.918391842037174
25.94,-5.359259485590186,-5.9588547591525645,28.16959065362222,-50.918391842037174
25.945,-5.389570761417715,-6.178243891306796,27.953020306143383,-50.918391842037174
25.95,-5.428295812094238,-6.403518595693263,27.745556205371553,-50.918391842037174
25.955000000000002,-5.476931722887315,-6.633113555782867,27.54811680851637,-50.918391842037174
25.96,-5.535556825646832,-6.865825817366357,27.36160211624605,-50.918391842037174
25.965,-5.602927175714107,-7.104332004676504,27.187052913366678,-50.918391842037174
25.97,-5.677968258765277,-7.3476053660081435,27.02339907543444,-50.918391842037174
25.975,-5.761263392050763,-7.594232433485322,26.872102855969175,-50.918391842037174
25.98,-5.852375950093062,-7.844336263866725,26.73161809660152,-50.918391842037174
25.985,-5.952488762019971,-8.096243033496835,26.605012876109676,-50.918391842037174
25.990000000000002,-6.059990812341373,-8.35252308420787,26.490276318769713,-50.918391842037174
25.995,-6.173031694693095,-8.610786501275918,26.389321714370624,-50.918391842037174
26.0,-6.295199834772928,-8.871672210669107,26.30417608744504,-50.918391842037174
26.005,-6.423686426781677,-9.13558747525078,26.233551648128767,-50.918391842037174
26.01,-6.5606331745698965,-9.40085415467755,26.176650509368177,-50.918391842037174
26.015,-6.702695866205982,-9.668699538669292,26.136010144805887,-50.918391842037174
26.02,-6.852034575149536,-9.936554793944165,26.110927052721806,-50.918391842037174
26.025000000000002,-7.006390298245489,-10.205232792010705,26.103370130333357,-50.918391842037174
26.03,-7.1653871268719564,-10.474592926368583,26.1118670853154,-50.918391842037174
26.035,-7.330327079555108,-10.744674046574923,26.138679230073762,-50.918391842037174
26.04,-7.501052396378044,-11.013089989001255,26.183573995531248,-50.918391842037174
26.045,-7.676700293113796,-11.28025555618949,26.24603594479298,-50.918391842037174
26.05,-7.857086610851038,-11.546355493118895,26.3299598892487,-50.918391842037174
26.055,-8.040408679905015,-11.80928447487093,26.432060441402804,-50.918391842037174
26.060000000000002,-8.228859327362047,-12.067434994368902,26.55299352441309,-50.918391842037174
26.065,-8.420801591214726,-12.321011679606949,26.69498186758324,-50.918391842037174
26.07,-8.615335372071579,-12.5694656865567,26.858662762755866,-50.918391842037174
26.075,-8.812671118426465,-12.81126524567162,27.042061574311877,-50.918391842037174
26.080000000000002,-9.012028765566551,-13.045737582252496,27.246054195087915,-50.918391842037174
26.085,-9.213163224126129,-13.26794563482493,27.47039164344442,-50.918391842037174
26.09,-9.41697099442984,-13.480785342159452,27.716002859904965,-50.918391842037174
26.095,-9.619199326220846,-13.680824293770884,27.98048246428027,-50.918391842037174
26.1,-9.822953530455854,-13.868032385625392,28.265251154242176,-50.918391842037174
26.105,-10.025541290951166,-14.039882656631217,28.56891446974058,-50.918391842037174
26.11,-10.225314294522846,-14.19564058027561,28.89169736999579,-50.918391842037174
26.115000000000002,-10.424434407640923,-14.33363053036421,29.231601148631732,-50.918391842037174
26.12,-10.620478280557668,-14.451949240257367,29.58942747480319,-50.918391842037174
26.125,-10.811291117515701,-14.54932400736137,29.961358147345177,-50.918391842037174
26.13,-10.998906206361484,-14.624521286632758,30.349185523298182,-50.918391842037174
26.135,-11.18055561428537,-14.676155575627092,30.749384960730186,-50.918391842037174
26.14,-11.355097627736951,-14.703008616515236,31.16078052978889,-50.918391842037174
26.145,-11.520479233636802,-14.704504410626985,31.580940864651655,-50.918391842037174
26.150000000000002,-11.680498908250385,-14.680585865778559,32.0074524586915,-50.918391842037174
26.155,-11.831110224462238,-14.627404949215983,32.43811348534318,-50.918391842037174
26.16,-11.97094046014686,-14.546466796469616,32.871273278021576,-50.918391842037174
26.165,-12.099418273765451,-14.436544056015439,33.303832815452,-50.918391842037174
26.17,-12.216862578912036,-14.297691637739803,33.73341209007742,-50.918391842037174
26.175,-12.32026369999849,-14.130961374677247,34.15755255068004,-50.918391842037174
26.18,-12.411904869458029,-13.935654533192366,34.572687547114015,-50.918391842037174
26.185000000000002,-12.487913746271401,-13.713582855099316,34.97651348214235,-50.918391842037174
26.19,-12.549324062595295,-13.463431801265036,35.367021288618034,-50.918391842037174
26.195,-12.594580620443363,-13.189154033013104,35.7407467666444,-50.918391842037174
26.2,-12.62417300847405,-12.890484839875814,36.095017337327384,-50.918391842037174
26.205000000000002,-12.637114085143603,-12.568884028849855,36.42636655161281,-50.918391842037174
26.21,-12.634636589068592,-12.227962582717005,36.734641902580655,-50.918391842037174
26.215,-12.614117815926418,-11.869353614227732,37.017417042511724,-50.918391842037174
26.22,-12.576242313612113,-11.496376891644791,37.27247585891555,-50.918391842037174
26.225,-12.522727852830002,-11.109342991720194,37.49795404646052,-50.918391842037174
26.23,-12.452431299785228,-10.714436924516015,37.6938183833392,-50.918391842037174
26.235,-12.36643274894565,-10.311524040722954,37.859225333046,-50.918391842037174
26.240000000000002,-12.26426528503202,-9.904051680764967,37.99126355433456,-50.918391842037174
26.245,-12.146824973553349,-9.496761590675158,38.09277760119511,-50.918391842037174
26.25,-12.013976905100913,-9.091686418122,38.161630763386576,-50.918391842037174
26.255,-11.86699718942867,-8.691505160422997,38.19887017939669,-50.918391842037174
26.26,-11.707666035290227,-8.299496140069362,38.20588314738942,-50.918391842037174
26.265,-11.536635069351695,-7.914176104525093,38.18241712359143,-50.918391842037174
26.27,-11.35540217997915,-7.542386803685962,38.12920167839893,-50.918391842037174
26.275000000000002,-11.165282999828698,-7.1833108795111915,38.04871488188054,-50.918391842037174
26.28,-10.96789752672587,-6.84044791004906,37.94192727517967,-50.918391842037174
26.285,-10.762364009180176,-6.516104938475318,37.81031831584913,-50.918391842037174
26.29,-10.54896943124515,-6.211143949042141,37.65628683592613,-50.918391842037174
26.295,-10.332236044836952,-5.924625305180463,37.482311800090294,-50.918391842037174
26.3,-10.112572576805759,-5.659258368991623,37.28922872074472,-50.918391842037174
26.305,-9.888902727735674,-5.416646004964171,37.07724689447237,-50.918391842037174
26.310000000000002,-9.665865500194668,-5.1942524800147485,36.85041184875994,-50.918391842037174
26.315,-9.441598824438863,-4.993787589419705,36.609784840339195,-50.918391842037174
26.32,-9.21902698571592,-4.816837915101908,36.35757954848578,-50.918391842037174
26.325,-8.99817277374762,-4.662268832674995,36.09591582783374,-50.918391842037174
26.330000000000002,-8.779697997653479,-4.529424113516638,35.82303340471718,-50.918391842037174
26.335,-8.56717358607994,-4.4180620692773065,35.54376805290174,-50.918391842037174
26.34,-8.360566355964949,-4.325728917989503,35.25917704193983,-50.918391842037174
26.345,-8.158664762536329,-4.254025719422925,34.970004024755774,-50.918391842037174
26.35,-7.963623004926264,-4.2034523892151805,34.67581242101663,-50.918391842037174
26.355,-7.775464247207082,-4.1706923258869155,34.38084637608702,-50.918391842037174
26.36,-7.595661624017594,-4.156381348541963,34.084672857093175,-50.918391842037174
26.365000000000002,-7.424444594589707,-4.159368854430906,33.78802215174628,-50.918391842037174
26.37,-7.261130316067816,-4.178025048657631,33.49179630854232,-50.918391842037174
26.375,-7.106934208697947,-4.211751724354224,33.19724070698184,-50.918391842037174
26.38,-6.962882444933985,-4.2600024626107516,32.90342768489103,-50.918391842037174
26.385,-6.826882915302236,-4.321489821721533,32.61266356637538,-50.918391842037174
26.39,-6.701174780504197,-4.39706082907432,32.32424630688328,-50.918391842037174
26.395,-6.58599308501801,-4.485618112051619,32.04012736425956,-50.918391842037174
26.400000000000002,-6.479586823451183,-4.582633277306909,31.761446545802844,-50.918391842037174
26.405,-6.38402687734198,-4.692947001213873,31.487308892929192,-50.918391842037174
26.41,-6.299823558589005,-4.813040574439422,31.21772082238932,-50.918391842037174
26.415,-6.225331076165364,-4.9425275308943135,30.952750976176635,-50.918391842037174
26.42,-6.161275680057374,-5.081404314506809,30.69270317653663,-50.918391842037174
26.425,-6.107635822993074,-5.226512177526319,30.440285471165087,-50.918391842037174
26.43,-6.064189383075849,-5.380311898810396,30.19361861269809,-50.918391842037174
26.435000000000002,-6.030623342304015,-5.541812655649954,29.95523135537536,-50.918391842037174
26.44,-6.005325803198772,-5.710039462505846,29.723398100042758,-50.918391842037174
26.445,-5.990967235216444,-5.883253529180996,29.497671409062622,-50.918391842037174
26.45,-5.984374086366844,-6.064342736506075,29.281905851658664,-50.918391842037174
26.455000000000002,-5.988783088535959,-6.251052791071464,29.07318514148453,-50.918391842037174
26.46,-6.001190444257366,-6.4425988950147435,28.87358198186673,-50.918391842037174
26.465,-6.0239182016415,-6.639025130800423,28.68318802566688,-50.918391842037174
26.47,-6.055182925800741,-6.8399726536121745,28.500044923830703,-50.918391842037174
26.475,-6.0938425420168665,-7.046154259568988,28.327786838509567,-50.918391842037174
26.48,-6.140632246152742,-7.2558472812609605,28.163199265232418,-50.918391842037174
26.485,-6.197105040659304,-7.469193823294638,28.009403310189764,-50.918391842037174
26.490000000000002,-6.260986522907999,-7.685639175777494,27.866727879865074,-50.918391842037174
26.495,-6.331895783905834,-7.905460649496993,27.735247433783815,-50.918391842037174
26.5,-6.410815671296992,-8.128252741428192,27.616167523815754,-50.918391842037174
26.505,-6.495456417938634,-8.354650728277567,27.50935118992973,-50.918391842037174
26.51,-6.588148656100098,-8.583017209087965,27.414133649369965,-50.918391842037174
26.515,-6.6882143103829135,-8.812511108050542,27.331722354785935,-50.918391842037174
26.52,-6.794293679877598,-9.044761236061328,27.262497171830365,-50.918391842037174
26.525000000000002,-6.905639048103706,-9.278502214550079,27.20631859155312,-50.918391842037174
26.53,-7.02362475161075,-9.51386839886862,27.164114742407538,-50.918391842037174
26.535,-7.148713009088307,-9.749323166444885,27.13506708666889,-50.918391842037174
26.54,-7.279696163466446,-9.98547107097986,27.122140565502615,-50.918391842037174
26.545,-7.415426348799681,-10.221824195419826,27.123960239300267,-50.918391842037174
26.55,-7.556228967772088,-10.457337409124227,27.140519776436776,-50.918391842037174
26.555,-7.701416113150886,-10.691898075157795,27.17314198828373,-50.918391842037174
26.560000000000002,-7.850936514238253,-10.924722347150688,27.22220138263051,-50.918391842037174
26.565,-8.005587191732657,-11.156514488971823,27.287779268332258,-50.918391842037174
26.57,-8.162957087163202,-11.383967062603157,27.370557799635,-50.918391842037174
26.575,-8.324871931975077,-11.607342742382695,27.46994780413395,-50.918391842037174
26.580000000000002,-8.486639194120128,-11.825608883295391,27.586536950025067,-50.918391842037174
26.585,-8.652805074167276,-12.037904978804082,27.720355513557248,-50.918391842037174
26.59,-8.821903430045994,-12.244116884736314,27.870240272779288,-50.918391842037174
26.595,-8.992243777657494,-12.44343122330522,28.038841718985182,-50.918391842037174
26.6,-9.16299659862756,-12.633714900282172,28.225158525912327,-50.918391842037174
26.605,-9.338028545870097,-12.814589886405756,28.42924786615912,-50.918391842037174
26.61,-9.511275053120475,-12.98540302908528,28.648314393841286,-50.918391842037174
26.615000000000002,-9.686411356940784,-13.143868935719091,28.88443021097066,-50.918391842037174
26.62,-9.858999125097418,-13.290112518436649,29.13596348969939,-50.918391842037174
26.625,-10.031555368344542,-13.421992193600511,29.402687306475183,-50.918391842037174
26.63,-10.201537919712907,-13.538771273875268,29.68379392476136,-50.918391842037174
26.635,-10.36793896847214,-13.639377424687044,29.97774439837009,-50.918391842037174
26.64,-10.532218428968623,-13.722864872351982,30.285512808861878,-50.918391842037174
26.645,-10.691292628109482,-13.7882646069968,30.603573173125174,-50.918391842037174
26.650000000000002,-10.845560408512277,-13.834431379059653,30.931696691462964,-50.918391842037174
26.655,-10.995746601275329,-13.862733926908167,31.268855248148164,-50.918391842037174
26.66,-11.139591358970119,-13.867616171966581,31.613808310194162,-50.918391842037174
26.665,-11.27631396021166,-13.85124102735861,31.964761581372176,-50.918391842037174
26.67,-11.405864383220502,-13.813746546882205,32.31977667614931,-50.918391842037174
26.675,-11.525707586452006,-13.753088132517961,32.67574019623105,-50.918391842037174
26.68,-11.636521720007895,-13.668103915572695,33.032230539876366,-50.918391842037174
26.685000000000002,-11.737433318205605,-13.56168469249032,33.38753703208946,-50.918391842037174
26.69,-11.828579856806412,-13.432187713889551,33.738269464740355,-50.918391842037174
26.695,-11.90871570238266,-13.280929650884937,34.08325148606469,-50.918391842037174
26.7,-11.97655291755757,-13.107653675973905,34.41835340811499,-50.918391842037174
26.705000000000002,-12.032169015070927,-12.913632764977923,34.74449306225593,-50.918391842037174
26.71,-12.075561130017622,-12.697380953202634,35.05885171154374,-50.918391842037174
26.715,-12.106137562048247,-12.46219966954298,35.35901920072045,-50.918391842037174
26.72,-12.12507345090298,-12.208058061759093,35.641972247447626,-50.918391842037174
26.725,-12.129107284657994,-11.936841688548915,35.908325962188144,-50.918391842037174
26.73,-12.119710140935045,-11.651145743412126,36.15367085501119,-50.918391842037174
26.735,-12.097112797139008,-11.354116127906458,36.3773664901533,-50.918391842037174
26.740000000000002,-12.061618747778489,-11.045356932976958,36.58053180264131,-50.918391842037174
26.745,-12.010914667029851,-10.727514772314295,36.75853373539586,-50.918391842037174
26.75,-11.947372884885736,-10.402003327595322,36.911721455964795,-50.918391842037174
26.755,-11.870420267915337,-10.072726478492632,37.041004839160394,-50.918391842037174
26.76,-11.779663407709354,-9.73984621827434,37.14519661005423,-50.918391842037174
26.765,-11.677414479068151,-9.407015470177358,37.22447863552942,-50.918391842037174
26.77,-11.56437442429172,-9.076139512403913,37.275668525229605,-50.918391842037174
26.775000000000002,-11.439936611581931,-8.748956445394693,37.30341553514767,-50.918391842037174
26.78,-11.305149687689553,-8.427689256335968,37.30786102787032,-50.918391842037174
26.785,-11.161007665362348,-8.114210038228153,37.2861089281785,-50.918391842037174
26.79,-11.009558858920368,-7.810338512126931,37.241296243905246,-50.918391842037174
26.795,-10.849912056611744,-7.516421783697007,37.175342077647336,-50.918391842037174
26.8,-10.682624243370988,-7.235906388904948,37.08760762812712,-50.918391842037174
26.805,-10.509530420224815,-6.9679212004905615,36.97908741057459,-50.918391842037174
26.810000000000002,-10.33296075653006,-6.713991944978201,36.85242399041723,-50.918391842037174
26.815,-10.152020051045211,-6.478053025517833,36.707579221010974,-50.918391842037174
26.82,-9.967741215542862,-6.25867518816096,36.54703575478943,-50.918391842037174
26.825,-9.781721348627807,-6.055738603226776,36.37121234239747,-50.918391842037174
26.830000000000002,-9.594664834500108,-5.870660453855808,36.182470208485206,-50.918391842037174
26.835,-9.40821067872996,-5.703909124549475,35.98293162246799,-50.918391842037174
26.84,-9.223357341395314,-5.554703886434163,35.77160575776907,-50.918391842037174
26.845,-9.039650901054673,-5.422857894068391,35.55070780527715,-50.918391842037174
26.85,-8.858175926984266,-5.308020043839445,35.32004227310987,-50.918391842037174
26.855,-8.680893826716344,-5.212944783280507,35.08434069865606,-50.918391842037174
26.86,-8.50753619513637,-5.133293990524777,34.8418253778199,-50.918391842037174
26.865000000000002,-8.339526572607197,-5.07135923767501,34.595292113623145,-50.918391842037174
26.87,-8.176084824691978,-5.025435315025574,34.34653570957808,-50.918391842037174
26.875,-8.01892598736139,-4.996714909636267,34.09364570121713,-50.918391842037174
26.88,-7.869153720982144,-4.982255424917445,33.839295343568104,-50.918391842037174
26.885,-7.724637811897196,-4.983262598206882,33.58409132925735,-50.918391842037174
26.89,-7.587687874533896,-4.998358343529943,33.32871829801678,-50.918391842037174
26.895,-7.458359813998797,-5.024790741703543,33.07228263819958,-50.918391842037174
26.900000000000002,-7.336777000706762,-5.0653762958994895,32.82005680568406,-50.918391842037174
26.905,-7.223454072845405,-5.118013603455094,32.56713433258659,-50.918391842037174
26.91,-7.117437381895493,-5.180110924309738,32.3180674361409,-50.918391842037174
26.915,-7.020795172892108,-5.253807198380485,32.071245569248156,-50.918391842037174
26.92,-6.933093926048238,-5.339008749056145,31.827627165491418,-50.918391842037174
26.925,-6.852355496374756,-5.434420480338511,31.587754070747618,-50.918391842037174
26.93,-6.781448012981676,-5.539272198692838,31.352588236760038,-50.918391842037174
26.935000000000002,-6.71828339233757,-5.6517512534038525,31.12282806686133,-50.918391842037174
26.94,-6.666147647284912,-5.772618965436428,30.898920538994787,-50.918391842037174
26.945,-6.620657793594215,-5.902072694359821,30.679555655161163,-50.918391842037174
26.95,-6.58585809784505,-6.039259914887375,30.464796049059483,-50.918391842037174
26.955000000000002,-6.558222682862387,-6.182659394273567,30.257936434545268,-50.918391842037174
26.96,-6.540952945011328,-6.331413830846782,30.057375105793035,-50.918391842037174
26.965,-6.530228508140567,-6.486072274748331,29.86358696660393,-50.918391842037174
26.97,-6.5265666646901055,-6.647344370149607,29.676916810596683,-50.918391842037174
26.975,-6.532356677746837,-6.813406179160273,29.497816810754163,-50.918391842037174
26.98,-6.54654293868092,-6.983756641531426,29.327427797331733,-50.918391842037174
26.985,-6.568715471621542,-7.160068695561425,29.164717832009174,-50.918391842037174
26.990000000000002,-6.597492655535148,-7.339915669358212,29.012322359231504,-50.918391842037174
26.995,-6.634903060508623,-7.523853407877419,28.868033697036264,-50.918391842037174
27.0,-6.679720857361543,-7.712111559062948,28.734094357927606,-50.918391842037174
27.005,-6.731431122077475,-7.903555702273142,28.607713345754835,-50.918391842037174
27.01,-6.7892204955635425,-8.098168117076202,28.492138540022754,-50.918391842037174
27.015,-6.853060111616626,-8.29617504888307,28.386929832022705,-50.918391842037174
27.02,-6.924927087789941,-8.496366473632014,28.2930397945515,-50.918391842037174
27.025000000000002,-7.003348997387315,-8.698396994253383,28.210197403831817,-50.918391842037174
27.03,-7.0887738685862205,-8.902369085117478,28.138730707648346,-50.918391842037174
27.035,-7.17925648859937,-9.107200584837013,28.079310118117416,-50.918391842037174
27.04,-7.2750244374530855,-9.313984550234055,28.03153270691885,-50.918391842037174
27.045,-7.377001989403878,-9.520769655828,27.99630177530555,-50.918391842037174
27.05,-7.4841804411178865,-9.72685286525752,27.975787399037056,-50.918391842037174
27.055,-7.596725401310325,-9.932704239202337,27.9668439688507,-50.918391842037174
27.060000000000002,-7.713012111461309,-10.139566116048721,27.97217579759188,-50.918391842037174
27.065,-7.834580789182369,-10.344501165244012,27.989066246550173,-50.918391842037174
27.07,-7.959894650433243,-10.547979071708086,28.02139295636652,-50.918391842037174
27.075,-8.089295440442141,-10.749136634196937,28.067405135297907,-50.918391842037174
27.080000000000002,-8.22262584754789,-10.94674444186368,28.127714094015836,-50.918391842037174
27.085,-8.358772868030227,-11.142009004133177,28.203293723572383,-50.918391842037174
27.09,-8.49759427475728,-11.331381079818394,28.293715321879162,-50.918391842037174
27.095,-8.63955371646087,-11.516700560635808,28.396910144928054,-50.918391842037174
27.1,-8.783078529713148,-11.697633890959418,28.51496463768287,-50.918391842037174
27.105,-8.928711251229469,-11.871238576130974,28.647812069910014,-50.918391842037174
27.11,-9.075571543277848,-12.037982248582725,28.795655236134287,-50.918391842037174
27.115000000000002,-9.223835611187388,-12.198694679385328,28.958031028337185,-50.918391842037174
27.12,-9.371841860868573,-12.348411641561569,29.134337338031816,-50.918391842037174
27.125,-9.520865755740944,-12.487588296401405,29.324861525452906,-50.918391842037174
27.13,-9.669096369737618,-12.616882635382932,29.527803117327664,-50.918391842037174
27.135,-9.816063074592165,-12.735246183829863,29.745097988915887,-50.918391842037174
27.14,-9.96107387628351,-12.839968182264531,29.974141192007252,-50.918391842037174
27.145,-10.1053607535177,-12.932540170058434,30.214118926599195,-50.918391842037174
27.150000000000002,-10.248247062054654,-13.010865994707574,30.46497200484259,-50.918391842037174
27.155,-10.386500934553851,-13.073478851246238,30.72465952272998,-50.918391842037174
27.16,-10.519804898728518,-13.121691913027142,30.994644973791434,-50.918391842037174
27.165,-10.64926143301029,-13.153083325815944,31.27054400106955,-50.918391842037174
27.17,-10.773997844675277,-13.167980653001097,31.55317872758984,-50.918391842037174
27.175,-10.892843042389902,-13.16589033497118,31.841385648423426,-50.918391842037174
27.18,-11.006819552342852,-13.14549732812834,32.13515731014657,-50.918391842037174
27.185000000000002,-11.114730881893284,-13.105778494979043,32.430228375660604,-50.918391842037174
27.19,-11.214305480090378,-13.048448964808355,32.7258869326324,-50.918391842037174
27.195,-11.305042846893446,-12.973529149432245,33.021204238239406,-50.918391842037174
27.2,-11.388429645603328,-12.878560024126973,33.31537804882911,-50.918391842037174
27.205000000000002,-11.462239518541006,-12.766190703556719,33.603739944723024,-50.918391842037174
27.21,-11.526556957555202,-12.636070178178835,33.8869283894638,-50.918391842037174
27.215,-11.58123273699007,-12.488258993648483,34.16293769102175,-50.918391842037174
27.22,-11.626359779158363,-12.322194848511144,34.42965939507939,-50.918391842037174
27.225,-11.659787576554253,-12.141083609725435,34.68715828658608,-50.918391842037174
27.23,-11.683675286164533,-11.944559913762834,34.93148817371365,-50.918391842037174
27.235,-11.697463684136475,-11.733291233221298,35.16288493181887,-50.918391842037174
27.240000000000002,-11.698295204442063,-11.509588084566698,35.38084428272014,-50.918391842037174
27.245,-11.687657722817077,-11.275108905793733,35.582584946239315,-50.918391842037174
27.25,-11.666727620697905,-11.031267585652525,35.76769256276977,-50.918391842037174
27.255,-11.634545111770407,-10.77806168661126,35.93389027013656,-50.918391842037174
27.26,-11.591860789093067,-10.518293846347271,36.08107370989678,-50.918391842037174
27.265,-11.53800845267889,-10.250481445378092,36.21066701712811,-50.918391842037174
27.27,-11.47349044898869,-9.980756816642588,36.31982119354279,-50.918391842037174
27.275000000000002,-11.399896357584216,-9.70773741336539,36.40760044234084,-50.918391842037174
27.28,-11.315590370329858,-9.433408334536969,36.476460395887166,-50.918391842037174
27.285,-11.222641616447044,-9.16031270622534,36.524116436776936,-50.918391842037174
27.29,-11.119568833024104,-8.889958260783366,36.5511353439693,-50.918391842037174
27.295,-11.008616357879403,-8.623476212390885,36.55845192014978,-50.918391842037174
27.3,-10.88989397475346,-8.36355391123639,36.54674715456774,-50.918391842037174
27.305,-10.76462268779958,-8.110440239139258,36.5135656154841,-50.918391842037174
27.310000000000002,-10.631733833755321,-7.867266855603712,36.4631974750706,-50.918391842037174
27.315,-10.491989312808203,-7.6317512741992015,36.395349340626055,-50.918391842037174
27.32,-10.348573212278117,-7.407438199976253,36.3100659108114,-50.918391842037174
27.325,-10.202481591036928,-7.194911942899005,36.20860864754647,-50.918391842037174
27.330000000000002,-10.05212156141461,-6.995119424053214,36.09358395629349,-50.918391842037174
27.335,-9.899166177973793,-6.807423427131087,35.96379371905049,-50.918391842037174
27.34,-9.74430114953383,-6.634405302963095,35.82228854174183,-50.918391842037174
27.345,-9.588932778838204,-6.473168941577217,35.66783421302602,-50.918391842037174
27.35,-9.43413627821516,-6.327449703151069,35.50308568908674,-50.918391842037174
27.355,-9.277784710736363,-6.195420460117148,35.329172240129886,-50.918391842037174
27.36,-9.12348050055426,-6.079708394116838,35.14441692009018,-50.918391842037174
27.365000000000002,-8.972605055448707,-5.979485761750766,34.95360915934636,-50.918391842037174
27.37,-8.824000406876609,-5.89095093437681,34.75654934655125,-50.918391842037174
27.375,-8.677889401223451,-5.81735378944525,34.552800828699766,-50.918391842037174
27.38,-8.53492411723865,-5.758425525160982,34.34543237612204,-50.918391842037174
27.385,-8.396384192692915,-5.714178981614451,34.13324557885373,-50.918391842037174
27.39,-8.262888235199915,-5.683299432093475,33.918114138771756,-50.918391842037174
27.395,-8.13394179342813,-5.66467842038145,33.70142365874929,-50.918391842037174
27.400000000000002,-8.009575975203102,-5.658287187334394,33.48050809069204,-50.918391842037174
27.405,-7.891584884544535,-5.664698598478326,33.26119807947967,-50.918391842037174
27.41,-7.78118491725885,-5.68273240223989,33.04100609749491,-50.918391842037174
27.415,-7.675254583014304,-5.712814335505844,32.82263009070853,-50.918391842037174
27.42,-7.577977645663963,-5.752908172418341,32.60377556818926,-50.918391842037174
27.425,-7.486287019738823,-5.804412548608066,32.387424751437266,-50.918391842037174
27.43,-7.401543917500806,-5.8662529076509085,32.173202224216084,-50.918391842037174
27.435000000000002,-7.324886476237921,-5.9379583849563184,31.961557613426848,-50.918391842037174
27.44,-7.255292568126955,-6.017106390653319,31.75225721507578,-50.918391842037174
27.445,-7.1926679381548535,-6.106490601646104,31.547002216890917,-50.918391842037174
27.45,-7.139139022657181,-6.20322546380555,31.345459141747718,-50.918391842037174
27.455000000000002,-7.091249359066132,-6.308380616628356,31.149210963944725,-50.918391842037174
27.46,-7.051485921049706,-6.4199507637962245,30.95719549974751,-50.918391842037174
27.465,-7.01942044738312,-6.537972317912298,30.771352908813554,-50.918391842037174
27.47,-6.995445824999082,-6.66218438220076,30.589920976569577,-50.918391842037174
27.475,-6.978329678220437,-6.794306074214207,30.415613640265445,-50.918391842037174
27.48,-6.970045418948892,-6.93135809955792,30.246728270733403,-50.918391842037174
27.485,-6.969391192074472,-7.0740146487902935,30.084256652602676,-50.918391842037174
27.490000000000002,-6.975058197104939,-7.220414197100961,29.92885003439601,-50.918391842037174
27.495,-6.987177178023083,-7.371696372837427,29.781230914151216,-50.918391842037174
27.5,-7.006920340331118,-7.526800852818248,29.642375192706965,-50.918391842037174
27.505,-7.033025952491927,-7.68650502411087,29.509994096371905,-50.918391842037174
27.51,-7.066085651854141,-7.849744364809348,29.386865192898448,-50.918391842037174
27.515,-7.1061404148988405,-8.0163347855909,29.272001644896687,-50.918391842037174
27.52,-7.152200728574531,-8.186080077306832,29.165987785065063,-50.918391842037174
27.525000000000002,-7.202553867940307,-8.357945169448124,29.070025656011406,-50.918391842037174
27.53,-7.260277699991281,-8.531378635429329,28.984435627223142,-50.918391842037174
27.535,-7.3249014465312055,-8.707291738300764,28.90870198007632,-50.918391842037174
27.54,-7.393379873868553,-8.885589979119544,28.841557190476244,-50.918391842037174
27.545,-7.468818609925282,-9.063872798159398,28.784691630118804,-50.918391842037174
27.55,-7.548647317028087,-9.243613380711443,28.73887710812562,-50.918391842037174
27.555,-7.633003205531317,-9.424502392136397,28.705516080021685,-50.918391842037174
27.560000000000002,-7.721356358650477,-9.605779527628513,28.682294177184005,-50.918391842037174
27.565,-7.816109793790401,-9.785951092517271,28.670666418195236,-50.918391842037174
27.57,-7.914231482969783,-9.96496241342096,28.67089570611829,-50.918391842037174
27.575,-8.01580991195919,-10.142473157891734,28.683113932986373,-50.918391842037174
27.580000000000002,-8.121115672533815,-10.319159949297406,28.708339961579966,-50.918391842037174
27.585,-8.230629994079463,-10.492759427719077,28.744665026381025,-50.918391842037174
27.59,-8.344160617330868,-10.664949066746901,28.792832312344096,-50.918391842037174
27.595,-8.460718410830285,-10.831883111347475,28.854751614228324,-50.918391842037174
27.6,-8.578003378395893,-10.995779276529971,28.928085381497578,-50.918391842037174
27.605,-8.698446879242281,-11.155436432779913,29.012672315594312,-50.918391842037174
27.61,-8.823364156897883,-11.309728120670544,29.110486365516678,-50.918391842037174
27.615000000000002,-8.94802783376473,-11.458047200308833,29.22116996033584,-50.918391842037174
27.62,-9.074738036485588,-11.599710698198502,29.345651772034874,-50.918391842037174
27.625,-9.201491356586109,-11.735112585778355,29.47968970045371,-50.918391842037174
27.63,-9.326989586841238,-11.862428726179749,29.627560069025296,-50.918391842037174
27.635,-9.453807005543556,-11.982074134848359,29.7862348565835,-50.918391842037174
27.64,-9.579869585015377,-12.09078476486119,29.955845573133324,-50.918391842037174
27.645,-9.704443207260985,-12.192290739468504,30.134965710038777,-50.918391842037174
27.650000000000002,-9.829132739682327,-12.281952035107754,30.324509954889923,-50.918391842037174
27.655,-9.952933898320094,-12.361161715092544,30.524082140515194,-50.918391842037174
27.66,-10.072976878616046,-12.428448053535295,30.731918627663504,-50.918391842037174
27.665,-10.190627678815094,-12.484112349350042,30.948411243673625,-50.918391842037174
27.67,-10.304476463221249,-12.525712239087323,31.1721162425285,-50.918391842037174
27.675,-10.41696720277445,-12.553466485681845,31.40184732554238,-50.918391842037174
27.68,-10.522966380045164,-12.568295616510623,31.636627145598066,-50.918391842037174
27.685000000000002,-10.624781841509137,-12.5682753033947,31.874911571360883,-50.918391842037174
27.69,-10.721394681261216,-12.55387894016077,32.11738690581162,-50.918391842037174
27.695,-10.812889476831474,-12.524515089078944,32.36132844749373,-50.918391842037174
27.7,-10.89820047869459,-12.481745942888377,32.60659542834505,-50.918391842037174
27.705000000000002,-10.977285714169046,-12.42331827350447,32.853396741280584,-50.918391842037174
27.71,-11.048743574875932,-12.348333100532901,33.09778511173018,-50.918391842037174
27.715,-11.114245672237168,-12.258930803974309,33.33915663962694,-50.918391842037174
27.72,-11.171584822001538,-12.155355675150343,33.57621447272339,-50.918391842037174
27.725,-11.22088893572822,-12.036900494087192,33.80698423799702,-65.29368403410864
27.73,-11.261675590593844,-11.97627525295732,34.03152441939219,-65.29368403410864
27.735,-11.296464591096516,-11.9035271721294,34.250747620192,-65.29368403410864
27.740000000000002,-11.326434904763952,-11.817454446894194,34.466510939911394,-65.29368403410864
27.745,-11.349749710980445,-11.717991483813766,34.67643645508113,-65.29368403410864
27.75,-11.366959985105717,-11.60844853433746,34.87889592646244,-65.29368403410864
27.755,-11.37972919546033,-11.485432936715188,35.07376485725229,-65.29368403410864
27.76,-11.385330037847968,-11.352668501073417,35.25929533119308,-65.29368403410864
27.765,-11.383986408953216,-11.208949746941565,35.435133808352525,-65.29368403410864
27.77,-11.375238878698374,-11.056406329145469,35.601211523307484,-65.29368403410864
27.775000000000002,-11.358270293300876,-10.89396834903345,35.754392923377274,-65.29368403410864
27.78,-11.335761052431762,-10.725491393740922,35.896297954930034,-65.29368403410864
27.785,-11.305516595171634,-10.550836186714207,36.02570281387172,-65.29368403410864
27.79,-11.267612927744898,-10.369631182025591,36.1426945946634,-65.29368403410864
27.795,-11.2219074863103,-10.18532908829288,36.24475022060325,-65.29368403410864
27.8,-11.170021418356834,-9.998268208997008,36.3325875465605,-65.29368403410864
27.805,-11.110181576639022,-9.809956190231825,36.406458114747586,-65.29368403410864
27.810000000000002,-11.046604108261361,-9.620443594024227,36.4661136015261,-65.29368403410864
27.815,-10.97406942056292,-9.430728736902559,36.509472564983874,-65.29368403410864
27.82,-10.896858618895955,-9.243007931269078,36.53901819478734,-65.29368403410864
27.825,-10.814369016520128,-9.057195207364012,36.55684772950635,-65.29368403410864
27.830000000000002,-10.725465932005235,-8.875866701362476,36.55892216591882,-65.29368403410864
27.835,-10.633342200321563,-8.699367306858797,36.548010171676594,-65.29368403410864
27.84,-10.536673025631348,-8.52802382001566,36.524583072444024,-65.29368403410864
27.845,-10.435603485513347,-8.363112407973144,36.48746173503785,-65.29368403410864
27.85,-10.331940701787145,-8.204960403907537,36.43758819983955,-65.29368403410864
27.855,-10.224859331951404,-8.05617439072495,36.37645700188321,-65.29368403410864
27.86,-10.116331813349724,-7.914799741088937,36.30281024031656,-65.29368403410864
27.865000000000002,-10.006816250367123,-7.782207686085296,36.21900667727466,-65.29368403410864
27.87,-9.89444244938024,-7.658624373912783,36.125603447943625,-65.29368403410864
27.875,-9.782946358188559,-7.544874647660202,36.0228316731751,-65.29368403410864
27.88,-9.670749138500035,-7.440500701470383,35.911793235087416,-65.29368403410864
27.885,-9.560373734318585,-7.347401268490854,35.79359214164043,-65.29368403410864
27.89,-9.449703080740921,-7.263978623247654,35.667200301056404,-65.29368403410864
27.895,-9.339966474470243,-7.190802372025412,35.53484378603427,-65.29368403410864
27.900000000000002,-9.233362589973833,-7.128918634442416,35.397717374007,-65.29368403410864
27.905,-9.127847161538863,-7.078074064696425,35.25514701900749,-65.29368403410864
27.91,-9.026792696569865,-7.038732993322325,35.10814306178274,-65.29368403410864
27.915,-8.92957090397393,-7.010183905864299,34.956446148300714,-65.29368403410864
27.92,-8.833958556042015,-6.991414702578786,34.80362393294678,-65.29368403410864
27.925,-8.74148981323276,-6.980437732689314,34.64914674628542,-65.29368403410864
27.93,-8.654740118972585,-6.98160352171664,34.491500382209004,-65.29368403410864
27.935000000000002,-8.572916729788417,-6.992012361669207,34.33343919644746,-65.29368403410864
27.94,-8.49316258953157,-7.011333021593785,34.175145760410985,-65.29368403410864
27.945,-8.420131337689684,-7.039364332003244,34.016661363797766,-65.29368403410864
27.95,-8.35172088372439,-7.076471015758665,33.85917682554795,-65.29368403410864
27.955000000000002,-8.287242342398839,-7.122832785873163,33.70265267166624,-65.29368403410864
27.96,-8.229538045312681,-7.178260409646962,33.547952697792255,-65.29368403410864
27.965,-8.177424626452055,-7.239712985093017,33.396587506366004,-65.29368403410864
27.97,-8.13004643967139,-7.308518722705263,33.24835002947304,-65.29368403410864
27.975,-8.087770868553607,-7.385359019757137,33.10287704812,-65.29368403410864
27.98,-8.052185908350708,-7.468916088619508,32.96024016858576,-65.29368403410864
27.985,-8.022269839671692,-7.557972475049702,32.82101567831984,-65.29368403410864
27.990000000000002,-7.998202015589919,-7.653211600375038,32.687071134749225,-65.29368403410864
27.995,-7.980330815708818,-7.7541912449356,32.55655122728519,-65.29368403410864
28.0,-7.96864379777411,-7.8590834288645555,32.43157033483594,-65.29368403410864
28.005,-7.962695873416368,-7.969203804972947,32.31218121341468,-65.29368403410864
28.01,-7.963764739070488,-8.083096384128714,32.1978909490863,-65.29368403410864
28.015,-7.969764152655247,-8.201159967360557,32.0900999592764,-65.29368403410864
28.02,-7.982292507760666,-8.32235085897343,31.989211557200044,-65.29368403410864
28.025000000000002,-7.999158257851457,-8.447604137501141,31.893896586031453,-65.29368403410864
28.03,-8.02093051258747,-8.575503369507672,31.8071849592498,-65.29368403410864
28.035,-8.048676683557133,-8.706948035297197,31.727239834806635,-65.29368403410864
28.04,-8.082008266633336,-8.839198377387516,31.654166653184124,-65.29368403410864
28.045,-8.120448528450304,-8.973861143751273,31.589189651836207,-65.29368403410864
28.05,-8.163605026083196,-9.109418198039497,31.533092985480152,-65.29368403410864
28.055,-8.210231058396793,-9.245647847205843,31.48491309710837,-65.29368403410864
28.060000000000002,-8.263483968461612,-9.382502232917357,31.44348042852068,-65.29368403410864
28.065,-8.318594894902045,-9.519915237188654,31.412259281376798,-65.29368403410864
28.07,-8.379316093199622,-9.656466341822362,31.389462142513413,-65.29368403410864
28.075,-8.443232880938433,-9.791392525614656,31.375664050396082,-65.29368403410864
28.080000000000002,-8.510068056256463,-9.92523182112024,31.369728639591088,-65.29368403410864
28.085,-8.579726069435631,-10.059528907212009,31.37383803541806,-65.29368403410864
28.09,-8.653892604465936,-10.190524117264435,31.38725386611367,-65.29368403410864
28.095,-8.730484720923348,-10.320132577242697,31.40864438573434,-65.29368403410864
28.1,-8.810494129265344,-10.44581528678294,31.440326597524198,-65.29368403410864
28.105,-8.892018663085835,-10.56734390057264,31.482930164069348,-65.29368403410864
28.11,-8.97628213955777,-10.686441621976849,31.532750380836546,-65.29368403410864
28.115000000000002,-9.061879514109863,-10.80061557683426,31.592199370951693,-65.29368403410864
28.12,-9.150020633501228,-10.910752938701233,31.659072342950044,-65.29368403410864
28.125,-9.237844805037689,-11.016376510609108,31.735337555941214,-65.29368403410864
28.13,-9.324393260342912,-11.11528131871022,31.8196545863134,-65.29368403410864
28.135,-9.413461843345832,-11.20915800033532,31.913711162614256,-65.29368403410864
28.14,-9.504069735534898,-11.296483952041426,32.01492454851688,-65.29368403410864
28.145,-9.593655545278013,-11.374664339632393,32.124486362241484,-65.29368403410864
28.150000000000002,-9.682301675923961,-11.447389712232592,32.24222668220988,-65.29368403410864
28.155,-9.77184614301952,-11.511038499137069,32.36855528667762,-65.29368403410864
28.16,-9.857572315482532,-11.566705771507348,32.49989215607185,-65.29368403410864
28.165,-9.941597718331828,-11.613101037322135,32.636398777069076,-65.29368403410864
28.17,-10.025790936072525,-11.652345738100403,32.778229954403,-65.29368403410864
28.175,-10.106532066659774,-11.682037166257048,32.92586778187582,-65.29368403410864
28.18,-10.18459280753672,-11.699591713341443,33.077530673087594,-65.29368403410864
28.185000000000002,-10.259740362417597,-11.708705939356369,33.23148813383049,-65.29368403410864
28.19,-10.331986014070406,-11.70692138528708,33.38998274271898,-65.29368403410864
28.195,-10.400136148692816,-11.697187791638289,33.549005846101956,-65.29368403410864
28.2,-10.464215676772723,-11.676399749253385,33.70899409057398,-65.29368403410864
28.205000000000002,-10.524169890401097,-11.646949289994334,33.87061457202391,-65.29368403410864
28.21,-10.579810280018027,-11.606332744844414,34.031498639176355,-65.29368403410864
28.215,-10.631463381964274,-11.555243705428964,34.192682761023164,-65.29368403410864
28.22,-10.67733493791609,-11.494703523318128,34.35007327175054,-65.29368403410864
28.225,-10.717229229571487,-11.425411077984814,34.50632114717578,-65.29368403410864
28.23,-10.751355165336669,-11.346746969913118,34.658742276567295,-65.29368403410864
28.235,-10.781203413490541,-11.259649150035942,34.80710074592644,-65.29368403410864
28.240000000000002,-10.805412967834426,-11.163333108455065,34.94940544248968,-65.29368403410864
28.245,-10.823284619749058,-11.058699376458819,35.086314633861086,-65.29368403410864
28.25,-10.834160480875195,-10.946530898334922,35.216349168371075,-65.29368403410864
28.255,-10.83931020927179,-10.827142928586651,35.33970587008224,-65.29368403410864
28.26,-10.839909853928006,-10.701395677300596,35.45421758308776,-65.29368403410864
28.265,-10.832705480169004,-10.56977667817669,35.56142104870257,-65.29368403410864
28.27,-10.818193972907432,-10.43395982644509,35.65867577128351,-65.29368403410864
28.275000000000002,-10.799099675730053,-10.29440107938925,35.74821755253185,-65.29368403410864
28.28,-10.773661839356071,-10.150755675430064,35.82686858542703,-65.29368403410864
28.285,-10.740896611908429,-10.003585262230887,35.89628014722637,-65.29368403410864
28.29,-10.704278546646758,-9.856193562267029,35.95473864694015,-65.29368403410864
28.295,-10.663117243767081,-9.706792193794929,36.001126003671374,-65.29368403410864
28.3,-10.613352784943615,-9.55774364579765,36.039480341269275,-65.29368403410864
28.305,-10.561433366640204,-9.410731244138796,36.06729986984016,-65.29368403410864
28.310000000000002,-10.504412544076128,-9.263438526205325,36.083859756317686,-65.29368403410864
28.315,-10.443277731062826,-9.117479808117029,36.08970950274374,-65.29368403410864
28.32,-10.378112000946158,-8.975396753444619,36.08422929731772,-65.29368403410864
28.325,-10.30802853014582,-8.836696852701298,36.06795388762781,-65.29368403410864
28.330000000000002,-10.234099571970237,-8.704345934010247,36.042359103072556,-65.29368403410864
28.335,-10.156824811163924,-8.575772084490673,36.00748555530271,-65.29368403410864
28.34,-10.077701017825927,-8.454311816382171,35.962660192865016,-65.29368403410864
28.345,-9.99636020360606,-8.337090401288718,35.90818532311865,-65.29368403410864
28.35,-9.915055519625092,-8.225397393535221,35.84497059306279,-65.29368403410864
28.355,-9.832078603850544,-8.122101578020354,35.775036501224335,-65.29368403410864
28.36,-9.746935829519202,-8.025603087035591,35.696537233626216,-65.29368403410864
28.365000000000002,-9.659613488305103,-7.936237474456404,35.61177355081465,-65.29368403410864
28.37,-9.573687854473867,-7.854913396828041,35.520168326147,-65.29368403410864
28.375,-9.489320135973205,-7.782101457809112,35.423878975646964,-65.29368403410864
28.38,-9.404001007722663,-7.718692177557703,35.32130891304504,-65.29368403410864
28.385,-9.320354344779131,-7.661629863429257,35.21412831666397,-65.29368403410864
28.39,-9.238486559611124,-7.614560953549266,35.10184251273508,-65.29368403410864
28.395,-9.157174850046523,-7.574419832352753,34.985843234417786,-65.29368403410864
28.400000000000002,-9.077226105519328,-7.544087638938011,34.865472914866594,-65.29368403410864
28.405,-9.000203428193023,-7.521743219279782,34.74311180608746,-65.29368403410864
28.41,-8.9272299951485,-7.507004649532835,34.617701661586494,-65.29368403410864
28.415,-8.85660572006232,-7.5008881113154136,34.49065661857213,-65.29368403410864
28.42,-8.789556845544801,-7.503526984674572,34.36257876821198,-65.29368403410864
28.425,-8.72483662989659,-7.512791684856871,34.233869427746505,-65.29368403410864
28.43,-8.662662938173833,-7.529188534655802,34.10399505237019,-65.29368403410864
28.435000000000002,-8.606216320117428,-7.553627973444225,33.974602342637525,-65.29368403410864
28.44,-8.553462272945906,-7.585845056555787,33.846915356711456,-65.29368403410864
28.445,-8.504023718303163,-7.624906277547529,33.7201480956917,-65.29368403410864
28.45,-8.460678698013558,-7.670763508765074,33.59407589752306,-65.29368403410864
28.455000000000002,-8.4223386726406,-7.7218607116879,33.471049256565536,-65.29368403410864
28.46,-8.387986894513778,-7.780793399858811,33.35068777493466,-65.29368403410864
28.465,-8.35773382147848,-7.843314653252728,33.23239230833098,-65.29368403410864
28.47,-8.331721601735783,-7.9118327944767595,33.115751974821094,-65.29368403410864
28.475,-8.310444160804048,-7.986412455216398,33.00459490838728,-65.29368403410864
28.48,-8.293856430872347,-8.066346147951764,32.895928035351695,-65.29368403410864
28.485,-8.28189200155652,-8.149549572690889,32.79165094497047,-65.29368403410864
28.490000000000002,-8.27544050801615,-8.237214774183384,32.69199156021126,-65.29368403410864
28.495,-8.273424982484908,-8.327915880821667,32.598397170193884,-65.29368403410864
28.5,-8.277047437999872,-8.422479326613752,32.50919862461887,-65.29368403410864
28.505,-8.283726201533861,-8.52071624683303,32.42522845592817,-65.29368403410864
28.51,-8.295789975819941,-8.620008503964327,32.346084850930986,-65.29368403410864
28.515,-8.31083528695262,-8.722417524113347,32.271807715035195,-65.29368403410864
28.52,-8.331169465775329,-8.827029033996865,32.203780291042655,-65.29368403410864
28.525000000000002,-8.355957388981166,-8.934701537650856,32.14139437747319,-65.29368403410864
28.53,-8.384967041240886,-9.044038496261559,32.08646684796673,-65.29368403410864
28.535,-8.418170987601654,-9.154701076543912,32.0372031671563,-65.29368403410864
28.54,-8.455329236386154,-9.265744902743128,31.99519761753206,-65.29368403410864
28.545,-8.497234942443635,-9.376904021249437,31.960148355910636,-65.29368403410864
28.55,-8.540528315153272,-9.489432695337207,31.933030867267124,-65.29368403410864
28.555,-8.588860843503856,-9.599470624990595,31.9120950349272,-65.29368403410864
28.560000000000002,-8.638208381599496,-9.709897854067625,31.898787438718028,-65.29368403410864
28.565,-8.692345166425826,-9.818892797723239,31.892446195199806,-65.29368403410864
28.57,-8.74910559697703,-9.92645273209655,31.895593892965568,-65.29368403410864
28.575,-8.80665553184521,-10.033718256394323,31.90482509766818,-65.29368403410864
28.580000000000002,-8.867865833350255,-10.137233446033859,31.921265097999605,-65.29368403410864
28.585,-8.931321756106632,-10.23948630306558,31.944826218385362,-65.29368403410864
28.59,-8.997286608057404,-10.33888465002943,31.97478043962854,-65.29368403410864
28.595,-9.065038601525327,-10.434928829099038,32.01419277650933,-65.29368403410864
28.6,-9.133788691365009,-10.526646428356788,32.06027287455211,-65.29368403410864
28.605,-9.202743409542226,-10.614780530596388,32.114417509897685,-65.29368403410864
28.61,-9.273998729396235,-10.699334699740952,32.1739716931924,-65.29368403410864
28.615000000000002,-9.345837950162426,-10.778035301494391,32.24129750599605,-65.29368403410864
28.62,-9.417394776552928,-10.852249906467048,32.31490942944981,-65.29368403410864
28.625,-9.489824527783203,-10.92161543711925,32.394978441562436,-65.29368403410864
28.63,-9.56223617995249,-10.985700122244157,32.481015850538085,-65.29368403410864
28.635,-9.632986396139994,-11.042368914025225,32.57274164803818,-65.29368403410864
28.64,-9.703180947835556,-11.093234644029943,32.67009493952113,-65.29368403410864
28.645,-9.77223467194763,-11.138778689200212,32.772477622236195,-65.29368403410864
28.650000000000002,-9.84099802715353,-11.177280537695522,32.879093791699844,-65.29368403410864
28.655,-9.90892319321735,-11.207775550522014,32.991402154789895,-65.29368403410864
28.66,-9.974125081826351,-11.230881713821521,33.10630760294407,-65.29368403410864
28.665,-10.036862669449329,-11.247328656552858,33.2250128705587,-65.29368403410864
28.67,-10.096755149791493,-11.256555146890387,33.347090295623055,-65.29368403410864
28.675,-10.154922353325105,-11.255096028006703,33.47131618903113,-65.29368403410864
28.68,-10.210952368923405,-11.24727179274805,33.59649393163299,-65.29368403410864
28.685000000000002,-10.262290638308357,-11.230602502510775,33.723094204470165,-29.386612087314976
28.69,-10.310338524019054,-11.02698749028728,33.84951557929482,-29.386612087314976
28.695,-10.346918132725387,-10.817915909846073,33.963765604612945,-29.386612087314976
28.7,-10.369132161796573,-10.602544468751152,34.06991776355141,-29.386612087314976
28.705000000000002,-10.381492444822555,-10.380611338444925,34.16664236196043,-29.386612087314976
28.71,-10.381665670190706,-10.156061345620449,34.24940882576702,-29.386612087314976
28.715,-10.37047900726921,-9.92720676713965,34.31926809207836,-29.386612087314976
28.72,-10.348581067976747,-9.696572039531787,34.37688281455355,-29.386612087314976
28.725,-10.315222359351772,-9.4657159261576,34.41981688454458,-29.386612087314976
28.73,-10.27244109723225,-9.234251881426319,34.448762679797504,-29.386612087314976
28.735,-10.220116012916959,-9.004156966843174,34.463584967421,-29.386612087314976
28.740000000000002,-10.158037544891839,-8.777404194631643,34.46605166958262,-29.386612087314976
28.745,-10.089316653676581,-8.552165900468502,34.453012954713635,-29.386612087314976
28.75,-10.013703210173288,-8.330236763973517,34.42392400730987,-29.386612087314976
28.755,-9.929831851950672,-8.112958649856127,34.38205158172677,-29.386612087314976
28.76,-9.838315943190166,-7.9022915329148296,34.32506190489104,-29.386612087314976
28.765,-9.741642514205946,-7.698731118867366,34.255720761586865,-29.386612087314976
28.77,-9.638998351776106,-7.503328339156269,34.17389760925508,-29.386612087314976
28.775000000000002,-9.531405277581802,-7.315279894234001,34.080606768479186,-29.386612087314976
28.78,-9.421374992448442,-7.136801890036865,33.974163387311236,-29.386612087314976
28.785,-9.307864243022857,-6.966689976477031,33.857590718863335,-29.386612087314976
28.79,-9.190287882008464,-6.806313545044575,33.73034812020271,-29.386612087314976
28.795,-9.070354115359038,-6.657208446047345,33.59334530742839,-29.386612087314976
28.8,-8.949625301530208,-6.518483183654949,33.446399552459,-29.386612087314976
28.805,-8.828809115722722,-6.388972073924586,33.29311780930982,-29.386612087314976
28.810000000000002,-8.706171103932705,-6.271831317346891,33.13184795529714,-29.386612087314976
28.815,-8.58475631348711,-6.162322911171877,32.962827510420816,-29.386612087314976
28.82,-8.464262519645327,-6.06540209509885,32.78752021544344,-29.386612087314976
28.825,-8.344506966983976,-5.979212957560777,32.607150817232224,-29.386612087314976
28.830000000000002,-8.226523487956651,-5.902989747092743,32.421267586515356,-29.386612087314976
28.835,-8.110357614035204,-5.8396529458427775,32.23185737794912,-29.386612087314976
28.84,-7.996640370793904,-5.787114451429903,32.03780100592921,-29.386612087314976
28.845,-7.886412013326097,-5.745132143024911,31.841447265934082,-29.386612087314976
28.85,-7.778569496655264,-5.711228518615768,31.643557954006372,-29.386612087314976
28.855,-7.675494315370581,-5.688046250578508,31.44375375875554,-29.386612087314976
28.86,-7.5761770943385605,-5.674395361860206,31.2426244453459,-29.386612087314976
28.865000000000002,-7.481344027557218,-5.67133115269323,31.041780414387777,-29.386612087314976
28.87,-7.391446015218837,-5.675849509693606,30.839734401350164,-29.386612087314976
28.875,-7.306204819588339,-5.688863831857416,30.63741827978389,-29.386612087314976
28.88,-7.226261383278398,-5.710754571274305,30.435990167871203,-29.386612087314976
28.885,-7.1507645857363515,-5.741212867244857,30.23739436822537,-29.386612087314976
28.89,-7.07999942340039,-5.779693067929051,30.039491456746703,-29.386612087314976
28.895,-7.015232325059654,-5.825754488902819,29.844041770158455,-29.386612087314976
28.900000000000002,-6.956917097754273,-5.878391209857945,29.65044149672714,-29.386612087314976
28.905,-6.904139162487413,-5.938395840120047,29.45909856336356,-29.386612087314976
28.91,-6.8554654089614955,-6.005123742239878,29.270596048288994,-29.386612087314976
28.915,-6.813174679338942,-6.078338561796024,29.08626813302884,-29.386612087314976
28.92,-6.774865323774987,-6.158115935502715,28.905275248034755,-29.386612087314976
28.925,-6.743432833425575,-6.243251627946539,28.728157894028453,-29.386612087314976
28.93,-6.719025412528515,-6.334704108675661,28.555556979787994,-29.386612087314976
28.935000000000002,-6.699573592799657,-6.432222523590077,28.38743428316667,-29.386612087314976
28.94,-6.68523804961142,-6.534307422065118,28.224156299219658,-29.386612087314976
28.945,-6.677141816990558,-6.640272585647362,28.066049311306717,-29.386612087314976
28.95,-6.674901861474054,-6.75224392525371,27.912972010396558,-29.386612087314976
28.955000000000002,-6.677767789804944,-6.868788410399005,27.765786788118454,-29.386612087314976
28.96,-6.687370279853946,-6.9887526711863135,27.626119141047415,-29.386612087314976
28.965,-6.7020025588672665,-7.113407888633259,27.491047168863954,-29.386612087314976
28.97,-6.722806032885281,-7.242441663620145,27.361500882033322,-29.386612087314976
28.975,-6.745837767896844,-7.373427191351298,27.239723215509876,-29.386612087314976
28.98,-6.776715258516352,-7.5084465625825985,27.12458291455331,-29.386612087314976
28.985,-6.81339809450193,-7.647223046380158,27.017013055728658,-29.386612087314976
28.990000000000002,-6.854808298189995,-7.789788904265917,26.915767532995435,-29.386612087314976
28.995,-6.901375242821411,-7.934851700904505,26.82251103921959,-29.386612087314976
29.0,-6.952217298688953,-8.08288286991208,26.738391073626232,-29.386612087314976
29.005,-7.007851161390817,-8.233115465540271,26.663048877208546,-29.386612087314976
29.01,-7.069688464973462,-8.385082408353545,26.596487983442938,-29.386612087314976
29.015,-7.135341808227524,-8.539126037594597,26.53745340395391,-29.386612087314976
29.02,-7.205103322754852,-8.695590431325348,26.487597725399183,-29.386612087314976
29.025000000000002,-7.278080169376052,-8.852302442776214,26.4467973264797,-29.386612087314976
29.03,-7.3559794635544,-9.01234429960882,26.417099276300345,-29.386612087314976
29.035,-7.438541668309588,-9.172118350183258,26.39624736168881,-29.386612087314976
29.04,-7.524547483572655,-9.333032461682606,26.386239059320896,-29.386612087314976
29.045,-7.612310923707245,-9.494474854266004,26.38515875515457,-29.386612087314976
29.05,-7.7060539037095115,-9.654330525464609,26.393504615584185,-29.386612087314976
29.055,-7.803611834836769,-9.814568964321749,26.414399868966594,-29.386612087314976
29.060000000000002,-7.904437188675335,-9.974640370041032,26.444512848964166,-29.386612087314976
29.065,-8.009012207282366,-10.134016629810521,26.485920158120624,-29.386612087314976
29.07,-8.115421509478331,-10.290454908271498,26.53833359651207,-29.386612087314976
29.075,-8.224610351343271,-10.44549936420313,26.60195585237477,-29.386612087314976
29.080000000000002,-8.335563664950072,-10.596096561694068,26.676245548307858,-29.386612087314976
29.085,-8.44891427752613,-10.74587232526739,26.761653343840447,-29.386612087314976
29.09,-8.563615947326378,-10.890567855862551,26.858125487779514,-29.386612087314976
29.095,-8.681183216952741,-11.031164409615448,26.967054667800817,-29.386612087314976
29.1,-8.798468707696317,-11.167218269745401,27.086609890835202,-29.386612087314976
29.105,-8.916805628828802,-11.299127791859087,27.21713693479364,-29.386612087314976
29.11,-9.035491603330225,-11.424280684518001,27.35741223780579,-29.386612087314976
29.115000000000002,-9.156611339276864,-11.543201280765988,27.50875046788879,-29.386612087314976
29.12,-9.275709813141331,-11.655514267740383,27.670568954525617,-29.386612087314976
29.125,-9.395297549723347,-11.761232305597575,27.8433264120536,-29.386612087314976
29.13,-9.512422330162527,-11.855715120996194,28.025404627735973,-29.386612087314976
29.135,-9.63025542075208,-11.94155256084828,28.2163792467745,-29.386612087314976
29.14,-9.745374586922026,-12.018090385419677,28.414542614194435,-29.386612087314976
29.145,-9.859698202998704,-12.084688486140752,28.620127875992143,-29.386612087314976
29.150000000000002,-9.971836256846004,-12.140485769084,28.833925358028665,-29.386612087314976
29.155,-10.080324017745031,-12.184458035603894,29.054016006329856,-29.386612087314976
29.16,-10.184432817670675,-12.21764572134229,29.279620385966524,-29.386612087314976
29.165,-10.286284530104767,-12.238629660243646,29.511497586774414,-29.386612087314976
29.17,-10.38463700487218,-12.24497883888852,29.746551233374316,-29.386612087314976
29.175,-10.476702039875372,-12.23995793708526,29.987100721281553,-29.386612087314976
29.18,-10.564129343745346,-12.221249238991861,30.229442631608716,-29.386612087314976
29.185000000000002,-10.647222201753246,-12.188641762131379,30.470347724262506,-29.386612087314976
29.19,-10.725653236636589,-12.143354995530792,30.713615938643414,-29.386612087314976
29.195,-10.797178517089186,-12.084432941163902,30.95531863771784,-29.386612087314976
29.2,-10.861553329352578,-12.011619214824275,31.19561394652551,-29.386612087314976
29.205000000000002,-10.918294510288415,-11.924681242076806,31.431134582155074,-29.386612087314976
29.21,-10.9684879514732,-11.82608428121174,31.66298058437192,-29.386612087314976
29.215,-11.011399096681929,-11.713918212910855,31.889988406718725,-29.386612087314976
29.22,-11.04603808355366,-11.58960097491145,32.109626516300956,-29.386612087314976
29.225,-11.0728148823577,-11.452529595287066,32.322266473844685,-29.386612087314976
29.23,-11.090841776036251,-11.303007149401818,32.525532459016574,-29.386612087314976
29.235,-11.100899325781315,-11.141803847674701,32.71997785577102,-29.386612087314976
29.240000000000002,-11.10312238444369,-10.970827880078286,32.901624942698625,-29.386612087314976
29.245,-11.097059509213423,-10.789503757567823,33.07132002560589,-29.386612087314976
29.25,-11.083577978808806,-10.601966748686234,33.228241423333614,-29.386612087314976
29.255,-11.059370936100095,-10.406910899380467,33.373058102951155,-29.386612087314976
29.26,-11.027160492092797,-10.203708554391243,33.50302824274943,-29.386612087314976
29.265,-10.986765058736566,-9.996442397086712,33.61901818747609,-29.386612087314976
29.27,-10.93702125003363,-9.784834426275484,33.719410227057544,-29.386612087314976
29.275000000000002,-10.880793161176147,-9.570894222931225,33.80408638266308,-29.386612087314976
29.28,-10.816561461859923,-9.353849193049683,33.873475584166044,-29.386612087314976
29.285,-10.742861187067094,-9.137596028853292,33.92753775973808,-29.386612087314976
29.29,-10.663099671844787,-8.919686990445907,33.966100859231084,-29.386612087314976
29.295,-10.576797362415437,-8.703443753446864,33.98826605061256,-29.386612087314976
29.3,-10.483079160298896,-8.490244523306718,33.99582592225108,-29.386612087314976
29.305,-10.38259531600351,-8.279853001508064,33.98801430816739,-29.386612087314976
29.310000000000002,-10.276780118857255,-8.074042408882695,33.96464551868003,-29.386612087314976
29.315,-10.165692239561736,-7.8738931048324226,33.92662814409647,-29.386612087314976
29.32,-10.051469853098094,-7.680112701401936,33.87336386728488,-29.386612087314976
29.325,-9.932412361721418,-7.4931670455346095,33.80858604370993,-29.386612087314976
29.330000000000002,-9.810066181098449,-7.314077355260973,33.72879950949103,-29.386612087314976
29.335,-9.686279939963448,-7.1423247926360816,33.63790209732883,-29.386612087314976
29.34,-9.557973180820772,-6.980216050917681,33.5352631136106,-29.386612087314976
29.345,-9.428688390125327,-6.826142439743724,33.42076189946547,-29.386612087314976
29.35,-9.299251042585347,-6.683405765203423,33.2954596593272,-29.386612087314976
29.355,-9.169421634316139,-6.550489162436351,33.16186421215015,-29.386612087314976
29.36,-9.038379635917252,-6.428471680910597,33.02154114589536,-29.386612087314976
29.365000000000002,-8.907820750015546,-6.315307889670723,32.87147100869943,-29.386612087314976
29.37,-8.777454804661007,-6.2151427265729815,32.71487748363808,-29.386612087314976
29.375,-8.649394780470578,-6.125033071611705,32.552795812836294,-29.386612087314976
29.38,-8.524520376676714,-6.043878450939907,32.38406369336711,-29.386612087314976
29.385,-8.399518359942606,-5.974922805482106,32.209574870801724,-29.386612087314976
29.39,-8.277687710480448,-5.914966839291443,32.03110810639144,-29.386612087314976
29.395,-8.159011248820628,-5.865814049910423,31.850294452879307,-29.386612087314976
29.400000000000002,-8.044496557143967,-5.82666923140707,31.665474687429597,-29.386612087314976
29.405,-7.9336031649758665,-5.797640370532654,31.47794520586656,-29.386612087314976
29.41,-7.826022831087157,-5.777023354950716,31.28862018580521,-29.386612087314976
29.415,-7.723525936645722,-5.766074641903177,31.098539894442133,-29.386612087314976
29.42,-7.625997258804925,-5.7635171993084855,30.90556277452713,-29.386612087314976
29.425,-7.5342270387886625,-5.770831149302842,30.71439687441362,-29.386612087314976
29.43,-7.444841606878215,-5.786736092937522,30.52277930616618,-29.386612087314976
29.435000000000002,-7.361996887656932,-5.811993209754048,30.331911531453255,-29.386612087314976
29.44,-7.283944663689083,-5.84544956535585,30.140987428286255,-29.386612087314976
29.445,-7.212620513922926,-5.88634335666117,29.95267777652838,-29.386612087314976
29.45,-7.145151528822212,-5.93410299901472,29.764963791375333,-29.386612087314976
29.455000000000002,-7.08406503525887,-5.986975707064732,29.58097887396252,-29.386612087314976
29.46,-7.029436056036277,-6.048297889247909,29.39867589913442,-29.386612087314976
29.465,-6.980693608940612,-6.116189820739341,29.219973223429474,-29.386612087314976
29.47,-6.937305028726377,-6.189708774394931,29.043699031301575,-29.386612087314976
29.475,-6.900227641755039,-6.268612357686997,28.870866076643818,-29.386612087314976
29.48,-6.86922412522876,-6.354316440505197,28.701573097871616,-29.386612087314976
29.485,-6.843311155863984,-6.445096629816552,28.53650415173444,-29.386612087314976
29.490000000000002,-6.823228137663865,-6.541578267519291,28.375568349789344,-29.386612087314976
29.495,-6.809015731452681,-6.644365409567445,28.2218221252309,-29.386612087314976
29.5,-6.800547739789039,-6.750392607268056,28.07023385849492,-29.386612087314976
29.505,-6.7975724867353575,-6.860691888038516,27.92541287682456,-29.386612087314976
29.51,-6.80005233709403,-6.975788824678994,27.787050031884338,-29.386612087314976
29.515,-6.808353994689137,-7.094859633209637,27.652556368454906,-29.386612087314976
29.52,-6.822927325832461,-7.219144894355264,27.525047989145655,-29.386612087314976
29.525000000000002,-6.843590271000814,-7.346213446072883,27.406258556938738,-29.386612087314976
29.53,-6.8690471629357654,-7.476952224215265,27.29104991517427,-29.386612087314976
29.535,-6.899435789942434,-7.6112168852154936,27.18498757883078,-29.386612087314976
29.54,-6.935634582617861,-7.749502322478694,27.08416569446473,-29.386612087314976
29.545,-6.975140275500831,-7.888699158446153,26.99195389769513,-29.386612087314976
29.55,-7.02091931953113,-8.031714635449061,26.90746900329207,-29.386612087314976
29.555,-7.071626805953809,-8.177332538314838,26.829844278706712,-29.386612087314976
29.560000000000002,-7.127585229366628,-8.324915316845797,26.760506255186517,-29.386612087314976
29.565,-7.187146408063994,-8.475020312631349,26.702239715255,-29.386612087314976
29.57,-7.251240084507177,-8.62677803174496,26.65013465215648,-29.386612087314976
29.575,-7.320569337849026,-8.780240329436378,26.606799672517123,-29.386612087314976
29.580000000000002,-7.393251607373749,-8.932594747495886,26.5736260016407,-29.386612087314976
29.585,-7.469915199674048,-9.087247777544427,26.54870515468448,-29.386612087314976
29.59,-7.55047493467989,-9.242422964073436,26.534564640976324,-29.386612087314976
29.595,-7.634814580907889,-9.39925999597473,26.529286073965395,-29.386612087314976
29.6,-7.7234242037563305,-9.555840687804867,26.534076426029415,-29.386612087314976
29.605,-7.815137104941758,-9.713111819308287,26.54829009950818,-29.386612087314976
29.61,-7.911166316659056,-9.867094658734187,26.573525824037738,-29.386612087314976
29.615000000000002,-8.009205864146587,-10.021222216251305,26.60952687366292,-29.386612087314976
29.62,-8.10998740446864,-10.174199021165967,26.65627063655424,-29.386612087314976
29.625,-8.211385590798358,-10.325248633593489,26.712436158570032,-29.386612087314976
29.63,-8.318148902782792,-10.473530104915632,26.780169922827046,-29.386612087314976
29.635,-8.426247364152054,-10.618937294576792,26.859341709418583,-29.386612087314976
29.64,-8.534771026979163,-10.760843986004401,26.94855600172128,-29.386612087314976
29.645,-8.64605746599922,-10.898300469233536,27.04881241817754,-29.386612087314976
29.650000000000002,-8.75696964619591,-11.03225526869514,27.159088242424335,-29.386612087314976
29.655,-8.870619097194336,-11.160391162103815,27.279343821595003,-29.386612087314976
29.66,-8.985319647777024,-11.282943934305393,27.41166431359728,-29.386612087314976
29.665,-9.100626603849628,-11.398878192837483,27.552973350267003,-29.386612087314976
29.67,-9.215653578978433,-11.509353909121012,27.705646546028746,-29.386612087314976
29.675,-9.329890498057559,-11.61136313651282,27.86555653570839,-29.386612087314976
29.68,-9.444582468994007,-11.706153700980172,28.035753116450216,-29.386612087314976
29.685000000000002,-9.555987420982133,-11.79208776700736,28.21432725361877,-29.386612087314976
29.69,-9.668460204373739,-11.868995909754936,28.401749808757238,-29.386612087314976
29.695,-9.778239720328719,-11.937420300066774,28.597039521102445,-29.386612087314976
29.7,-9.886344047690482,-11.995025118959283,28.79929968211619,-29.386612087314976
29.705000000000002,-9.992488540004192,-12.042679420354265,29.008474344541376,-29.386612087314976
29.71,-10.094947728380744,-12.07922029179978,29.22305318624557,-29.386612087314976
29.715,-10.195012474104173,-12.10296759964773,29.44147292475575,-29.386612087314976
29.72,-10.288878698582323,-12.115180718914676,29.66596572263712,-29.386612087314976
29.725,-10.380459022851115,-12.116345320852385,29.893849209986577,-29.386612087314976
29.73,-10.466350155460475,-12.10507883117547,30.124796825625733,-29.386612087314976
29.735,-10.548130967136046,-12.079405112324215,30.3562378667053,-29.386612087314976
29.740000000000002,-10.624932772821358,-12.040810893692116,30.589382776582323,-29.386612087314976
29.745,-10.6959778328752,-11.989028184219094,30.820578816170954,-29.386612087314976
29.75,-10.760867912304917,-11.92570636347142,31.05017404528195,-29.386612087314976
29.755,-10.819561203366789,-11.848525269876664,31.278628048166837,-29.386612087314976
29.76,-10.871175385871322,-11.75866221851729,31.503021205927364,-29.386612087314976
29.765,-10.915864063178207,-11.656444516818182,31.721172608251177,-29.386612087314976
29.77,-10.952518432673644,-11.542264276790458,31.93579269444351,-29.386612087314976
29.775000000000002,-10.981941429233636,-11.415594212192449,32.141707214266134,-29.386612087314976
29.78,-11.003684297924526,-11.27701659008615,32.340480842552466,-29.386612087314976
29.785,-11.018297027248744,-11.129650065405466,32.53077756668138,-29.386612087314976
29.79,-11.023083146724712,-10.970741946758364,32.71035469350586,-29.386612087314976
29.795,-11.02127687195383,-10.802935627695353,32.87875878232738,-29.386612087314976
29.8,-11.009695892740263,-10.625752547060083,33.03585814693575,-29.386612087314976
29.805,-10.990354579775037,-10.443083169689926,33.18007472348098,-29.386612087314976
29.810000000000002,-10.963324755296245,-10.253438558505744,33.31127082390025,-29.386612087314976
29.815,-10.927838777058913,-10.058732209531133,33.42849270190287,-29.386612087314976
29.82,-10.883707347789654,-9.858045234790614,33.532888373034076,-29.386612087314976
29.825,-10.834088033694808,-9.654724743703392,33.622315139149286,-29.386612087314976
29.830000000000002,-10.775741182888071,-9.448418886885127,33.696611446579105,-29.386612087314976
29.835,-10.710123640785609,-9.241608450978363,33.75623171874501,-29.386612087314976
29.84,-10.636122745683005,-9.034057426237515,33.8008508306361,-29.386612087314976
29.845,-10.555894373955583,-8.827879438900272,33.83022578690812,-29.386612087314976
29.85,-10.469539377240444,-8.624224547322362,33.84580675298424,-29.386612087314976
29.855,-10.378992625554023,-8.423986959874552,33.84527998469409,-29.386612087314976
29.86,-10.280292060610565,-8.22532446137155,33.83187652281887,-29.386612087314976
29.865000000000002,-10.177172561555382,-8.032328477814985,33.80321737268553,-29.386612087314976
29.87,-10.070022295806886,-7.845259276176046,33.76063004053765,-29.386612087314976
29.875,-9.958815507586994,-7.662378340842986,33.70547973542452,-29.386612087314976
29.88,-9.84390556745963,-7.487000275602197,33.63829147480448,-29.386612087314976
29.885,-9.727149241443072,-7.3199144970254535,33.55784644246425,-29.386612087314976
29.89,-9.607287593197668,-7.159413288858279,33.46691561244696,-29.386612087314976
29.895,-9.48503872860232,-7.008545459740986,33.363814887620286,-29.386612087314976
29.900000000000002,-9.36078588805014,-6.865508030715048,33.25072399457889,-29.386612087314976
29.905,-9.236786823412384,-6.7318523545360325,33.128109005861894,-29.386612087314976
29.91,-9.112120091695118,-6.6076147106747944,32.99581223912779,-29.386612087314976
29.915,-8.986501790609772,-6.493811682078363,32.85470525448238,-29.386612087314976
29.92,-8.861762978641476,-6.390068337121877,32.707191481927126,-29.386612087314976
29.925,-8.736943420138156,-6.296214595235197,32.55443555597523,-29.386612087314976
29.93,-8.614371751040736,-6.21242708605954,32.39620184723389,-29.386612087314976
29.935000000000002,-8.494461401617906,-6.139397454011259,32.23254369249755,-29.386612087314976
29.94,-8.376393743187348,-6.075801378201504,32.06416313007944,-29.386612087314976
29.945,-8.26198978937565,-6.0229922392007165,31.891019945956725,-29.386612087314976
29.95,-8.148762231359177,-5.978964253135982,31.715027323101513,-29.386612087314976
29.955000000000002,-8.040367962451198,-5.943896339460875,31.53446033792885,-29.386612087314976
29.96,-7.936100758807829,-5.918876663913153,31.353494264011257,-29.386612087314976
29.965,-7.835792194817023,-5.901955940996984,31.17076949382034,-29.386612087314976
29.97,-7.740114883961073,-5.894623896194398,30.98554910904317,-29.386612087314976
29.975,-7.648278602058436,-5.897412183926449,30.80113831145656,-29.386612087314976
29.98,-7.562461171265694,-5.90738694834922,30.615786002462823,-29.386612087314976
29.985,-7.479519133972094,-5.927048240500768,30.431806297542863,-29.386612087314976
29.990000000000002,-7.402156296800223,-5.95235998075529,30.247680856420995,-29.386612087314976
29.995,-7.329255030709373,-5.9860002156138075,30.065779345508368,-29.386612087314976
30.0,-7.261294733560586,-6.02699803607508,29.884706753190343,-29.386612087314976
30.005,-7.19998525622889,-6.0757116824553385,29.705289347703847,-29.386612087314976
30.01,-7.1443660144216246,-6.130285103694079,29.528835000389684,-29.386612087314976
30.015,-7.094054473416775,-6.193655109935523,29.354748891783824,-29.386612087314976
30.02,-7.0486354692550774,-6.2609327091255,29.18332237022256,-29.386612087314976
30.025000000000002,-7.008354155324026,-6.335865196404745,29.01474525664418,-29.386612087314976
30.03,-6.973928009638187,-6.415846620722127,28.84915253136726,-29.386612087314976
30.035,-6.94535192204898,-6.501575778461119,28.6879283997383,-29.386612087314976
30.04,-6.923860983542697,-6.5933916303372895,28.530543784147174,-29.386612087314976
30.045,-6.906785200629511,-6.689698713528832,28.378553158721157,-29.386612087314976
30.05,-6.8948576963201225,-6.790130151530454,28.23072712296171,-29.386612087314976
30.055,-6.888936062633369,-6.895061591004803,28.088472914056208,-29.386612087314976
30.060000000000002,-6.889245851451941,-7.003891279052127,27.952047048209273,-29.386612087314976
30.065,-6.895141366656917,-7.117208963543289,27.821255018238514,-29.386612087314976
30.07,-6.906717483284241,-7.2361470120131415,27.69581936777753,-29.386612087314976
30.075,-6.923424020105609,-7.35656899675826,27.57588335966543,-29.386612087314976
30.080000000000002,-6.945385197104013,-7.4813048642937074,27.463671043083096,-29.386612087314976
30.085,-6.972315026907462,-7.6090503221221155,27.358237350956646,-29.386612087314976
30.09,-7.004680748589857,-7.740534440434912,27.258751791002535,-29.386612087314976
30.095,-7.041038427323314,-7.875227973936797,27.167581091199985,-29.386612087314976
30.1,-7.08119858928914,-8.013559936317678,27.08121860236819,-29.386612087314976
30.105,-7.127333264264702,-8.152798915226342,27.00355097433931,-29.386612087314976
30.11,-7.178382675449948,-8.293462896729746,26.9339569414449,-29.386612087314976
30.115000000000002,-7.233847638677406,-8.43701302267767,26.873093299464806,-29.386612087314976
30.12,-7.2942199730311055,-8.582391921722698,26.819587607106907,-29.386612087314976
30.125,-7.358823211249519,-8.728658187554181,26.7744497364739,-29.386612087314976
30.13,-7.426403108244287,-8.876775457372801,26.739013113106633,-29.386612087314976
30.135,-7.498206251546561,-9.027129223547742,26.711890119728174,-29.386612087314976
30.14,-7.573598834681689,-9.17779856428924,26.694527486989763,-29.386612087314976
30.145,-7.654252988248817,-9.327409190740315,26.686425563235108,-29.386612087314976
30.150000000000002,-7.737236575021232,-9.477730308479432,26.68665535604261,-29.386612087314976
30.155,-7.823132074829015,-9.628657214531072,26.698550062596457,-29.386612087314976
30.16,-7.913906335811387,-9.778277600304975,26.71857864443957,-29.386612087314976
30.165,-8.00655200289695,-9.926025265582759,26.749517674921908,-29.386612087314976
30.17,-8.103045657392178,-10.07320894225302,26.789604862153535,-29.386612087314976
30.175,-8.201882922798259,-10.220070830820541,26.840781781348596,-29.386612087314976
30.18,-8.30189275206146,-10.363772000614409,26.901852008731552,-29.386612087314976
30.185000000000002,-8.405682991637583,-10.504048298968868,26.972525123652453,-29.386612087314976
30.19,-8.509848164825089,-10.641574311284405,27.056030515233704,-29.386612087314976
30.195,-8.614981953057312,-10.775937714322538,27.147626316286733,-29.386612087314976
30.2,-8.7232631755347,-10.90613117901789,27.24893835393142,-29.386612087314976
30.205000000000002,-8.832653733720518,-11.03097255076319,27.362382126907534,-29.386612087314976
30.21,-8.943385751083257,-11.150575793703338,27.484196838891215,-29.386612087314976
30.215,-9.053114203676758,-11.264410024511804,27.615659202856147,-29.386612087314976
30.22,-9.16296882025658,-11.371742678334241,27.75686048900966,-29.386612087314976
30.225,-9.27190893709183,-11.473998505768007,27.906512079777116,-29.386612087314976
30.23,-9.381010161773299,-11.566922917115576,28.066228754875375,-29.386612087314976
30.235,-9.489870625066246,-11.652157261297639,28.23417658246785,-29.386612087314976
30.240000000000002,-9.59912169546338,-11.730330122984986,28.41142226110012,-29.386612087314976
30.245,-9.706146078196609,-11.797736243335372,28.595656661602177,-29.386612087314976
30.25,-9.81102501569091,-11.857147737511339,28.786994028225582,-29.386612087314976
30.255,-9.91229381571539,-11.905205649481458,28.98458542161571,-29.386612087314976
30.26,-10.011798239288241,-11.94484901240562,29.187696982418757,-29.386612087314976
30.265,-10.108221952525387,-11.972353584704793,29.39692175429875,-29.386612087314976
30.27,-10.200670941204715,-11.99094263546698,29.610504013928566,-29.386612087314976
30.275000000000002,-10.289245400428761,-11.994479831092162,29.827421064168202,-29.386612087314976
30.28,-10.374142736704766,-11.987553598040998,30.045651184894464,-29.386612087314976
30.285,-10.454548072204789,-11.96936386822936,30.26671395811317,-29.386612087314976
30.29,-10.530509306264788,-11.938346806735309,30.488919503608,-29.386612087314976
30.295,-10.60194085064471,-11.894151440194989,30.710147474101138,-29.386612087314976
30.3,-10.667952809356077,-11.838188449684598,30.930299307582306,-29.386612087314976
30.305,-10.726740552750945,-11.769403585718676,31.149259544080163,-29.386612087314976
30.310000000000002,-10.780644678431145,-11.688353376158112,31.363993960360737,-29.386612087314976
30.315,-10.825304787233529,-11.595642387733847,31.576273063593113,-29.386612087314976
30.32,-10.864379789289503,-11.491077938057584,31.783054649703406,-29.386612087314976
30.325,-10.895448694737233,-11.375558834303884,31.983781000584408,-29.386612087314976
30.330000000000002,-10.919019860562846,-11.24813725970043,32.176675037891,-29.386612087314976
30.335,-10.93645758371844,-11.111117358369826,32.36184484317144,-29.386612087314976
30.34,-10.944866301508517,-10.964232771414844,32.53808370743543,-29.386612087314976
30.345,-10.946524673514945,-10.807912687755506,32.7035633800561,-29.386612087314976
30.35,-10.940158163779541,-10.643723375478373,32.859528881805495,-29.386612087314976
30.355,-10.926152616375118,-10.472885225564015,33.0037778746448,-29.386612087314976
30.36,-10.903416626280071,-10.293920516620489,33.13585589734025,-29.386612087314976
30.365000000000002,-10.873221869039403,-10.109824054673762,33.255134206970894,-29.386612087314976
30.37,-10.834042255732214,-9.921108749913268,33.36077986724636,-29.386612087314976
30.375,-10.788106773010819,-9.72808128917201,33.45325027189159,-29.386612087314976
30.38,-10.734637226428104,-9.53096132047468,33.53290003712729,-29.386612087314976
30.385,-10.674513709790073,-9.333031279903773,33.596736911763436,-29.386612087314976
30.39,-10.608047033377185,-9.13428948506078,33.646982169509855,-29.386612087314976
30.395,-10.535276193231008,-8.935571603996895,33.68335266451501,-29.386612087314976
30.400000000000002,-10.455204512262057,-8.739547419162829,33.70523822684306,-29.386612087314976
30.405,-10.370637531180394,-8.543536007571753,33.71291664343265,-29.386612087314976
30.41,-10.278666815592777,-8.35080384749245,33.70553092372053,-29.386612087314976
30.415,-10.182105915931652,-8.16197207897675,33.68421024944492,-29.386612087314976
30.42,-10.081256471615168,-7.978879222106739,33.650637974602304,-29.386612087314976
30.425,-9.975618182026171,-7.800702732314319,33.603270381346675,-29.386612087314976
30.43,-9.867259999549644,-7.629534878831335,33.54444914668242,-29.386612087314976
30.435000000000002,-9.755397012213262,-7.464999286211501,33.47304316234628,-29.386612087314976
30.44,-9.641217460590664,-7.306730001059763,33.39078736296402,-29.386612087314976
30.445,-9.523717190132867,-7.157966705903272,33.29703709256735,-29.386612087314976
30.45,-9.406040661027196,-7.0168344378102105,33.19395126974281,-29.386612087314976
30.455000000000002,-9.287063070463091,-6.884113369199794,33.08055520869796,-29.386612087314976
30.46,-9.166856242836445,-6.760852260347504,32.95921693818115,-29.386612087314976
30.465,-9.045832326362186,-6.645828791223894,32.82855902014524,-29.386612087314976
30.47,-8.926922295123346,-6.540780366070961,32.69041413319019,-29.386612087314976
30.475,-8.80752821363701,-6.446180411823649,32.54627674545245,-29.386612087314976
30.48,-8.689212389738872,-6.359728021394247,32.39573021860491,-29.386612087314976
30.485,-8.573842784727034,-6.28370225934325,32.2398799105807,-29.386612087314976
30.490000000000002,-8.459969578095182,-6.216847653358996,32.07966584134496,-29.386612087314976
30.495,-8.347966367815753,-6.160134646694169,31.914770537763175,-29.386612087314976
30.5,-8.238875657801762,-6.112756996527362,31.74598633597958,-29.386612087314976
30.505,-8.132013131490824,-6.07485572772812,31.575697312982978,-29.386612087314976
30.51,-8.029555851717644,-6.0447767689780205,31.401456062879877,-29.386612087314976
30.515,-7.9290190141113746,-6.0253899913470885,31.225461306962963,-29.386612087314976
30.52,-7.834328506358066,-6.0138433065687105,31.046909702554668,-29.386612087314976
30.525000000000002,-7.743407559855277,-6.010594230310095,30.867494001424305,-29.386612087314976
30.53,-7.656958475739569,-6.016975981612421,30.68825025072484,-29.386612087314976
30.535,-7.57535945549467,-6.030230299816849,30.509484792044788,-29.386612087314976
30.54,-7.497961315014443,-6.051897901005156,30.33026500811383,-29.386612087314976
30.545,-7.426036734244766,-6.081242143635318,30.152048100696316,-29.386612087314976
30.55,-7.358213815508428,-6.1172326441502065,29.975250046878664,-29.386612087314976
30.555,-7.29652607433862,-6.161412633173528,29.8014947705144,-29.386612087314976
30.560000000000002,-7.240480027419781,-6.212207510497763,29.629232705376324,-29.386612087314976
30.565,-7.188989563080891,-6.2685505427970805,29.459855640390668,-29.386612087314976
30.57,-7.1428513616371045,-6.331580293260018,29.29252056244369,-29.386612087314976
30.575,-7.103323407696811,-6.400053211677104,29.126818037076934,-29.386612087314976
30.580000000000002,-7.0681904579216805,-6.475082060255703,28.96719948419445,-29.386612087314976
30.585,-7.0380835677148665,-6.554957764499773,28.808173741452993,-29.386612087314976
30.59,-7.014038130666937,-6.642243215353264,28.655035999418782,-29.386612087314976
30.595,-6.995202601143038,-6.732260127235681,28.505881418408624,-29.386612087314976
30.6,-6.982968005528685,-6.828402794666748,28.36123888822792,-29.386612087314976
30.605,-6.9756611792936525,-6.92792851156588,28.22116587375986,-29.386612087314976
30.61,-6.9720436998067195,-7.031908914969063,28.086344126103487,-29.386612087314976
30.615000000000002,-6.975471042380691,-7.139904792793768,27.956914416280497,-29.386612087314976
30.62,-6.983794104935549,-7.251508140739474,27.833705895758293,-29.386612087314976
30.625,-6.996845242948902,-7.367986535901816,27.715279715740948,-29.386612087314976
30.63,-7.0163247060053795,-7.487539115898471,27.60490334316945,-29.386612087314976
30.635,-7.039726631302917,-7.6094373743999775,27.499145646522106,-29.386612087314976
30.64,-7.068151617647409,-7.7377278091506465,27.3992701687124,-29.386612087314976
30.645,-7.1021392214122825,-7.867754012998224,27.30860785714168,-29.386612087314976
30.650000000000002,-7.140297410252905,-7.999891267553938,27.22381835532879,-29.386612087314976
30.655,-7.183161762051432,-8.135316585236556,27.14673240815851,-29.386612087314976
30.66,-7.230841467286123,-8.272752542774386,27.076367669016488,-29.386612087314976
30.665,-7.283664169322764,-8.411030178552037,27.01354369527909,-29.386612087314976
30.67,-7.3403116310773395,-8.553310532138685,26.958674052910215,-29.386612087314976
30.675,-7.400862781374988,-8.69529655556466,26.91218558285776,-29.386612087314976
30.68,-7.464602631993986,-8.838596595256448,26.875583073159042,-29.386612087314976
30.685000000000002,-7.532356868545777,-8.981697047435347,26.84695847319027,-29.386612087314976
30.69,-7.605390796893881,-9.127942649557179,26.82704831276339,-29.386612087314976
30.695,-7.681583779797098,-9.274143926333902,26.81516989431146,-29.386612087314976
30.7,-7.761572891921367,-9.41925536716303,26.81229903999628,-29.386612087314976
30.705000000000002,-7.844481552966402,-9.56481507392622,26.82140569282316,-29.386612087314976
30.71,-7.93041067954196,-9.709312487903986,26.83800391576184,-29.386612087314976
30.715,-8.018508411147632,-9.852468599783176,26.86466999748428,-29.386612087314976
30.72,-8.109788824833526,-9.995529127913235,26.9017457813191,-29.386612087314976
30.725,-8.202279254636467,-10.136776307368613,26.948361286678487,-29.386612087314976
30.73,-8.298539422695258,-10.275841153951662,27.003878419036248,-29.386612087314976
30.735,-8.39715104755294,-10.412314827710052,27.071829194685222,-29.386612087314976
30.740000000000002,-8.497527630254767,-10.547095595425594,27.146629369884376,-29.386612087314976
30.745,-8.600424225721968,-10.677281844106597,27.23353651936449,-29.386612087314976
30.75,-8.705293640072394,-10.803070027347047,27.329798453871618,-29.386612087314976
30.755,-8.8104368893891,-10.925699879054864,27.43513322791056,-29.386612087314976
30.76,-8.916195507164367,-11.043087981843943,27.550418170870945,-29.386612087314976
30.765,-9.022076357631423,-11.154531560213197,27.674443608239628,-29.386612087314976
30.77,-9.129276896847184,-11.259110789139218,27.80844534931403,-29.386612087314976
30.775000000000002,-9.236209273519306,-11.358333102552567,27.951716626678298,-29.386612087314976
30.78,-9.342274329345411,-11.451556963827986,28.103620752137957,-29.386612087314976
30.785,-9.446706303278338,-11.537958892194869,28.264621520518038,-29.386612087314976
30.79,-9.551039060502523,-11.614371545782655,28.432591846740234,-29.386612087314976
30.795,-9.653960240366839,-11.681726074606484,28.607008401245558,-29.386612087314976
30.8,-9.754915195784157,-11.74129325065304,28.787961266925493,-29.386612087314976
30.805,-9.853689309571132,-11.790671757377563,28.97622541878755,-29.386612087314976
30.810000000000002,-9.95071809890427,-11.831124722059727,29.170340326595415,-29.386612087314976
30.815,-10.044791881166738,-11.86016259712506,29.370356419365567,-29.386612087314976
30.82,-10.135395991008782,-11.878892853232975,29.574619024311136,-29.386612087314976
30.825,-10.22231072684917,-11.88667164924225,29.782451323379128,-29.386612087314976
30.830000000000002,-10.305581336757307,-11.882513478479703,29.99193016566803,-29.386612087314976
30.835,-10.385768624238214,-11.866302551176382,30.203939810643003,-29.386612087314976
30.84,-10.460129579683242,-11.839866447182214,30.417585033928233,-29.386612087314976
30.845000000000002,-10.529282429820334,-11.80032783855312,30.630217464262522,-29.386612087314976
30.85,-10.593419509770978,-11.750597331766235,30.84319330704434,-29.386612087314976
30.855,-10.650846258999136,-11.687556874375963,31.055407434118077,-29.386612087314976
30.86,-10.703479732576803,-11.612370497997148,31.26362377429721,-29.386612087314976
30.865000000000002,-10.749229807358724,-11.527401366947048,31.46767314453956,-29.386612087314976
30.87,-10.78679786239298,-11.43014577427446,31.667747114200484,-29.386612087314976
30.875,-10.820582144127554,-11.32194307655003,31.861161575994778,-29.386612087314976
30.88,-10.846032729733276,-11.20202086847602,32.04857164305163,-29.386612087314976
30.885,-10.863347593719466,-11.072817575452506,32.22814734907409,-29.386612087314976
30.89,-10.872918763477799,-10.93483115933263,32.40057165017551,-29.386612087314976
30.895,-10.87575618938983,-10.788180949001152,32.56300951593863,-29.386612087314976
30.900000000000002,-10.870873740759736,-10.633926254938014,32.71514630150435,-29.386612087314976
30.905,-10.857956479137494,-10.472065247622165,32.8564187080715,-29.386612087314976
30.91,-10.839208878111494,-10.303907478581479,32.986211215909556,-29.386612087314976
30.915,-10.812840859377463,-10.130164124497842,33.10448682131631,-29.386612087314976
30.92,-10.778728232090385,-9.949417149892529,33.211033067542324,-29.386612087314976
30.925,-10.736513953604238,-9.766835686104042,33.30472959733973,-29.386612087314976
30.93,-10.687911648866121,-9.579950351370648,33.38629511808785,-29.386612087314976
30.935000000000002,-10.632378740098693,-9.391256116535041,33.45311934456486,-29.386612087314976
30.94,-10.571040104239675,-9.200584355743727,33.506732913425935,-29.386612087314976
30.945,-10.502018477316263,-9.010182100988292,33.54637490350074,-29.386612087314976
30.95,-10.42691393240002,-8.820964552318543,33.57327944811163,-29.386612087314976
30.955000000000002,-10.3481433522655,-8.632624726638104,33.58578062407293,-29.386612087314976
30.96,-10.262748739186058,-8.446810598737946,33.583953057536526,-29.386612087314976
30.965,-10.171852360629561,-8.26434548380663,33.569882806860846,-29.386612087314976
30.970000000000002,-10.078907577055258,-8.08720506447207,33.54219478504389,-29.386612087314976
30.975,-9.979540279414225,-7.913973416472724,33.502511462055125,-29.386612087314976
30.98,-9.87574127308434,-7.747188434011765,33.4509055735623,-29.386612087314976
30.985,-9.769586691286417,-7.5862084139346955,33.386931351627226,-29.386612087314976
30.990000000000002,-9.660043493812369,-7.431863128799211,33.3115480001293,-29.386612087314976
30.995,-9.548380785167488,-7.284019296277541,33.22582364471238,-29.386612087314976
31.0,-9.435316455793274,-7.14459823106744,33.131144488417355,-29.386612087314976
31.005,-9.321155526924867,-7.0134249860971645,33.02626798222955,-29.386612087314976
31.01,-9.206224203831743,-6.891009852993761,32.912906681742065,-29.386612087314976
31.015,-9.090401002733108,-6.77694175430476,32.79123530109254,-29.386612087314976
31.02,-8.973283329429277,-6.672901713939273,32.662907589007226,-29.386612087314976
31.025000000000002,-8.858174039141016,-6.577502431139707,32.527767327629235,-29.386612087314976
31.03,-8.74493628001104,-6.490858582208746,32.3853833251846,-29.386612087314976
31.035,-8.630770342816335,-6.4132601768269515,32.23764924974892,-29.386612087314976
31.04,-8.519799719727272,-6.3441061971814054,32.084526266584,-29.386612087314976
31.045,-8.41165979161658,-6.2855734174391795,31.92665646620491,-29.386612087314976
31.05,-8.30451643921001,-6.235180292464128,31.765267640807366,-29.386612087314976
31.055,-8.199618879474263,-6.194328975891653,31.60047270794076,-29.386612087314976
31.060000000000002,-8.100380718003398,-6.162846527854486,31.43288993779207,-29.386612087314976
31.065,-8.002344509350598,-6.13939132306772,31.262996656545273,-29.386612087314976
31.07,-7.909580434572923,-6.124637831493311,31.091437821997467,-29.386612087314976
31.075,-7.819703564521448,-6.118434905686742,30.919147057943924,-29.386612087314976
31.080000000000002,-7.734733329593369,-6.120845424720071,30.74615970111347,-29.386612087314976
31.085,-7.654641054850507,-6.130755636258787,30.57338814657544,-29.386612087314976
31.09,-7.579124748204367,-6.1489018191693345,30.399115877450022,-29.386612087314976
31.095000000000002,-7.508285214253028,-6.174900073914807,30.22749962189326,-29.386612087314976
31.1,-7.4426412174197285,-6.207608880959935,30.056295842697306,-29.386612087314976
31.105,-7.380467670209,-6.24749432783246,29.88605452558938,-29.386612087314976
31.11,-7.323615556296849,-6.293516933851787,29.71879281677529,-29.386612087314976
31.115000000000002,-7.273028856394597,-6.346578142661303,29.552847551724838,-29.386612087314976
31.12,-7.227122039354781,-6.40596859893252,29.390984360191258,-29.386612087314976
31.125,-7.185693824538705,-6.471463577463184,29.23177725010416,-29.386612087314976
31.13,-7.150254973255826,-6.54243443824317,29.075610388602225,-29.386612087314976
31.135,-7.11867839370378,-6.618609490800159,28.923215624016734,-29.386612087314976
31.14,-7.093118791490405,-6.700368783722549,28.772730744656258,-29.386612087314976
31.145,-7.073176929344914,-6.786016688285146,28.626713979488837,-29.386612087314976
31.150000000000002,-7.059860413278358,-6.876634598260157,28.484958037827433,-29.386612087314976
31.155,-7.049672243571497,-6.972288192635292,28.347951378609526,-29.386612087314976
31.16,-7.046090411866442,-7.071946260320415,28.21518022139164,-29.386612087314976
31.165,-7.048703560460864,-7.1766289883658025,28.089118517869572,-29.386612087314976
31.17,-7.055170702442091,-7.284853155776897,27.96813142020776,-29.386612087314976
31.175,-7.066208420568984,-7.395091342665004,27.851963276667263,-29.386612087314976
31.18,-7.08281013233122,-7.511539523407222,27.74078284142495,-29.386612087314976
31.185000000000002,-7.103414813409028,-7.628964456268395,27.635351084905302,-29.386612087314976
31.19,-7.130268284525598,-7.750513914567821,27.537231877321442,-29.386612087314976
31.195,-7.1617523468469555,-7.876461712139087,27.446751644746,-29.386612087314976
31.2,-7.197445724342028,-8.004315120255368,27.36339086791817,-29.386612087314976
31.205000000000002,-7.238743623860532,-8.134766363012316,27.285943538836246,-29.386612087314976
31.21,-7.2817659396987136,-8.267130134971973,27.216846766669764,-29.386612087314976
31.215,-7.32972308060757,-8.401773553841494,27.154077465693316,-29.386612087314976
31.220000000000002,-7.382900296024855,-8.537405599230315,27.09812578097029,-29.386612087314976
31.225,-7.439758578800011,-8.674280408128766,27.051370648061148,-29.386612087314976
31.23,-7.501366572936733,-8.814139386478963,27.012758842815813,-29.386612087314976
31.235,-7.567607422232607,-8.953314086562145,26.983040067233294,-29.386612087314976
31.240000000000002,-7.637912162783864,-9.095084123977497,26.963032712437407,-29.386612087314976
31.245,-7.710188859721403,-9.23623624636468,26.9513129646936,-29.386612087314976
31.25,-7.786641308869705,-9.376447784458112,26.947820730491692,-29.386612087314976
31.255,-7.86648115729097,-9.516637086976862,26.953618512967576,-29.386612087314976
31.26,-7.948529284530631,-9.65704493889628,26.968186829625466,-29.386612087314976
31.265,-8.035338217123659,-9.796361747876043,26.992559600355328,-29.386612087314976
31.27,-8.124287155769448,-9.93364891057553,27.024433885620557,-29.386612087314976
31.275000000000002,-8.21434525377745,-10.0714662399247,27.066639455634416,-29.386612087314976
31.28,-8.307040536995421,-10.205579280358814,27.12034486579202,-29.386612087314976
31.285,-8.399669030241753,-10.339161178597534,27.18308125600162,-29.386612087314976
31.29,-8.496266080809432,-10.468871591510512,27.25517853077139,-29.386612087314976
31.295,-8.594575869354896,-10.595269314757598,27.337074094279387,-29.386612087314976
31.3,-8.693285664308046,-10.71875038807927,27.42846814753246,-29.386612087314976
31.305,-8.793809396723299,-10.836684087660148,27.52816121248813,-29.386612087314976
31.310000000000002,-8.896418738438665,-10.950607434152115,27.637521513400984,-29.386612087314976
31.315,-8.999134497301986,-11.059176431832931,27.755031916626717,-29.386612087314976
31.32,-9.102280589122651,-11.161165767210504,27.883143100048063,-29.386612087314976
31.325,-9.205217312913158,-11.257333834898802,28.019172565058376,-29.386612087314976
31.330000000000002,-9.306637374942243,-11.347248662273984,28.16365485459143,-29.386612087314976
31.335,-9.409056796585313,-11.429360355102286,28.316873870418195,-29.386612087314976
31.34,-9.511066579306448,-11.504848048392306,28.476109280969435,-29.386612087314976
31.345000000000002,-9.611489959920553,-11.572135945888972,28.64245658324483,-29.386612087314976
31.35,-9.710545934716441,-11.629710908301723,28.81836062667621,-29.386612087314976
31.355,-9.807051734262394,-11.677599408024959,28.998477643039813,-29.386612087314976
31.36,-9.901141865882275,-11.716860515889312,29.18469833777638,-29.386612087314976
31.365000000000002,-9.99220791455204,-11.746234594152432,29.37661739969084,-29.386612087314976
31.37,-10.078831170512661,-11.7649184339487,29.570645216795572,-29.386612087314976
31.375,-10.163005253011365,-11.774364774360885,29.77013097250772,-29.386612087314976
31.38,-10.24395096305739,-11.772090495440803,29.970760851143275,-29.386612087314976
31.385,-10.320378503157144,-11.758703690983284,30.174198406348406,-29.386612087314976
31.39,-10.393119897257794,-11.734180559882418,30.37755582018139,-29.386612087314976
31.395,-10.46147775723522,-11.699950327073497,30.582340745284466,-29.386612087314976
31.400000000000002,-10.523462599386324,-11.653532759502028,30.786137043312383,-29.386612087314976
31.405,-10.580661848049731,-11.595976582168495,30.988429160852945,-29.386612087314976
31.41,-10.63086889486443,-11.526613548687177,31.189034678833426,-29.386612087314976
31.415,-10.675101445464604,-11.446104471855154,31.384909469247564,-29.386612087314976
31.42,-10.71415974819297,-11.353700752363943,31.57660505088951,-29.386612087314976
31.425,-10.74521009966507,-11.25285245591876,31.765247627298596,-29.386612087314976
31.43,-10.771630133654531,-11.141557834781263,31.94524682076301,-29.386612087314976
31.435000000000002,-10.78999010608007,-11.020011060861096,32.11959797997778,50.3495247029784
31.44,-10.801589849538173,-10.492003468336454,32.285821614639204,50.3495247029784
31.445,-10.785787966892203,-9.955896999148521,32.42227623234747,50.3495247029784
31.45,-10.745522281535175,-9.41565509540028,32.527578762596576,50.3495247029784
31.455000000000002,-10.679220770038043,-8.87251113856209,32.600991244221845,50.3495247029784
31.46,-10.589666127996784,-8.330402136085254,32.64237252908893,50.3495247029784
31.465,-10.476484342152032,-7.792561983979748,32.64793789850558,50.3495247029784
31.470000000000002,-10.341941015846999,-7.256745405776216,32.620864001594825,50.3495247029784
31.475,-10.188071308232438,-6.731500648231653,32.561784561504965,50.3495247029784
31.48,-10.015324880182067,-6.213575155561894,32.470425529798526,50.3495247029784
31.485,-9.826161521623504,-5.707057880989774,32.347488769578426,50.3495247029784
31.490000000000002,-9.619485635371872,-5.21426060750603,32.1962902136406,50.3495247029784
31.495,-9.399565618637212,-4.734903614413791,32.017893691879685,50.3495247029784
31.5,-9.167158524216402,-4.269916961471865,31.814333794702772,50.3495247029784
31.505,-8.922684429572111,-3.8213805224963155,31.586811686774226,50.3495247029784
31.51,-8.666605949523095,-3.389712580560183,31.33653714202352,50.3495247029784
31.515,-8.402640987107013,-2.9761643698061073,31.066101571642747,50.3495247029784
31.52,-8.131982682085487,-2.58210377376926,30.77816144287833,50.3495247029784
31.525000000000002,-7.8537640143723015,-2.204220597771889,30.472746849606672,50.3495247029784
31.53,-7.571372581174938,-1.8447832758393603,30.153442347180416,50.3495247029784
31.535,-7.285217524725582,-1.5021504494705544,29.821671692496746,50.3495247029784
31.54,-6.995874342031287,-1.1761158759186328,29.47970413716856,50.3495247029784
31.545,-6.70515744943822,-0.8662281368592115,29.12710605471307,50.3495247029784
31.55,-6.413577382234164,-0.5722129124211913,28.767067129581918,50.3495247029784
31.555,-6.121243428193507,-0.2936006849092367,28.40324489330316,50.3495247029784
31.560000000000002,-5.829632879679493,-0.027806843768528933,28.03438887450908,50.3495247029784
31.565,-5.540319133990536,0.22606549372851686,27.6611210491411,50.3495247029784
31.57,-5.251513847840325,0.46671949990365813,27.285302251124925,50.3495247029784
31.575,-4.964888264649597,0.6972133397072775,26.909841501295087,50.3495247029784
31.580000000000002,-4.681081514470298,0.918757491641448,26.53395989193218,50.3495247029784
31.585,-4.400632115341715,1.131031521293454,26.1601668733745,50.3495247029784
31.59,-4.124249228203857,1.3368676303911573,25.786647924344848,50.3495247029784
31.595000000000002,-3.8525889677142495,1.5374315073875977,25.415161486812828,50.3495247029784
31.6,-3.5829282184468707,1.7310077721410269,25.047843732235986,50.3495247029784
31.605,-3.319115929599461,1.9210119839686872,24.68196184752658,50.3495247029784
31.61,-3.0566609879773194,2.1082033995594522,24.321074078578327,50.3495247029784
31.615000000000002,-2.798809451985517,2.2936914167798865,23.964154558043173,50.3495247029784
31.62,-2.542866495109818,2.4773770200997145,23.612666724084896,50.3495247029784
31.625,-2.2920667079052417,2.660692521458618,23.26644286421192,50.3495247029784
31.63,-2.0455268140770126,2.8452919959294425,22.92658750499313,50.3495247029784
31.635,-1.8005123123339373,3.0297229062114877,22.592546294031628,50.3495247029784
31.64,-1.5590718669762325,3.21747530107404,22.26529389712306,50.3495247029784
31.645,-1.3197211969211928,3.4099340543333923,21.943689325756175,50.3495247029784
31.650000000000002,-1.083587174825555,3.605032821894845,21.628188973151584,50.3495247029784
31.655,-0.8476311525595986,3.803538413084711,21.31929155671101,50.3495247029784
31.66,-0.6141429972135516,4.009020487446043,21.019020935612033,50.3495247029784
31.665,-0.3828562579311787,4.219958786860661,20.726548867425336,50.3495247029784
31.67,-0.15304821499728405,4.435450901671421,20.440359056124123,50.3495247029784
31.675,0.07711821950815922,4.658475460599812,20.164095402852865,50.3495247029784
31.68,0.3057671333830164,4.889058791749735,19.89795078392194,50.3495247029784
31.685000000000002,0.5343185552836913,5.1279930167786425,19.640080881603744,50.3495247029784
31.69,0.7634289197073426,5.377122479463588,19.391647483807954,50.3495247029784
31.695,0.9952284932813924,5.63568323998013,19.153368607385318,50.3495247029784
31.7,1.2272715425046923,5.903099863886879,18.925106486617512,50.3495247029784
31.705000000000002,1.4593744705441394,6.180714863270129,18.70926096057451,50.3495247029784
31.71,1.6952802846440078,6.468926769846088,18.505721401129524,50.3495247029784
31.715,1.9350619000548464,6.768304427111688,18.31447518265981,50.3495247029784
31.720000000000002,2.1769894053584395,7.079863717288962,18.1357755659846,50.3495247029784
31.725,2.42218613980637,7.403949838904448,17.97219782982051,50.3495247029784
31.73,2.6717975250381296,7.741146175767651,17.821291511996712,50.3495247029784
31.735,2.92575300566559,8.090654699171104,17.68684985648875,50.3495247029784
31.740000000000002,3.1830092120529923,8.452814134150646,17.569726152582195,50.3495247029784
31.745,3.4466475057928707,8.828921244616543,17.470112001021867,50.3495247029784
31.75,3.7158671497281937,9.217196206416844,17.389137827533435,50.3495247029784
31.755,3.9897726478148394,9.620096776462741,17.328271416129716,50.3495247029784
31.76,4.2717819255338725,10.036507964235383,17.289974239959218,50.3495247029784
31.765,4.559530539284886,10.4670734030344,17.274041048687288,50.3495247029784
31.77,4.855655483508175,10.909757140607258,17.28179805212247,50.3495247029784
31.775000000000002,5.159218347951053,11.36739715952164,17.316308948732733,50.3495247029784
31.78,5.470161595460241,11.839456519138096,17.378852788211272,50.3495247029784
31.785,5.78720397661322,12.322533781594338,17.471364762637343,50.3495247029784
31.79,6.112718476143254,12.8182392791626,17.59599919638305,50.3495247029784
31.795,6.448052842351312,13.323539549944577,17.752651936728824,50.3495247029784
31.8,6.792156451748329,13.83887106998371,17.945027805623347,50.3495247029784
31.805,7.144845662736526,14.36234506974666,18.176731484287515,50.3495247029784
31.810000000000002,7.505300939092569,14.893833647121081,18.447606436478555,50.3495247029784
31.815,7.875497217637762,15.429672418313443,18.760282950456617,50.3495247029784
31.82,8.253046708178667,15.966828313300567,19.118697339792163,50.3495247029784
31.825,8.639341845916086,16.504749736836157,19.522922426889632,50.3495247029784
31.830000000000002,9.031969757346664,17.039963085915076,19.975814508916866,50.3495247029784
31.835,9.43164464970115,17.568116421113476,20.479213648871664,50.3495247029784
31.84,9.837799948366714,18.087300531508962,21.03515183871882,50.3495247029784
31.845000000000002,10.250797596504638,18.591553967646455,21.64355703214727,50.3495247029784
31.85,10.667896015220718,19.07571341695655,22.307193994330976,50.3495247029784
31.855,11.08856850673794,19.537702527864614,23.026786036062408,50.3495247029784
31.86,11.510352557064142,19.967465540667604,23.803130753317188,50.3495247029784
31.865000000000002,11.931236484032791,20.36119394938437,24.635394435077753,50.3495247029784
31.87,12.352434742125336,20.71303686811241,25.521234487056816,50.3495247029784
31.875,12.770040606404553,21.015379473520127,26.46088875986578,50.3495247029784
31.88,13.182572275407637,21.26065313084754,27.449597632398604,50.3495247029784
31.885,13.586340324679817,21.44196664460248,28.484171754922556,50.3495247029784
31.89,13.979329572337061,21.553679975301815,29.560574181063856,50.3495247029784
31.895,14.358154669152743,21.58719184275519,30.672703021104184,50.3495247029784
31.900000000000002,14.719485945764571,21.540982016475077,31.813870766708472,50.3495247029784
31.905,15.060840701615708,21.403153440366776,32.975170027843355,50.3495247029784
31.91,15.378107431494747,21.174170094184152,34.147310792555665,50.3495247029784
31.915,15.667842623430255,20.84576540458197,35.319765152748985,50.3495247029784
31.92,15.92810514967379,20.420325378378312,36.48201133915149,50.3495247029784
31.925,16.15321483771739,19.893784665812845,37.62272734377606,50.3495247029784
31.93,16.33922772730924,19.26856286898542,38.728017069762366,50.3495247029784
31.935000000000002,16.48522893922025,18.548715597719934,39.784816029002286,50.3495247029784
31.94,16.588715897252612,17.736973515763744,40.78316163584567,50.3495247029784
31.945,16.645157902379868,16.83983371119976,41.71015421552894,50.3495247029784
31.95,16.65510249417117,15.865030245007484,42.553470365393615,50.3495247029784
31.955000000000002,16.61429647504228,14.824897040163345,43.307141624052065,50.3495247029784
31.96,16.524909837637637,13.731819604672221,43.961045233486175,50.3495247029784
31.965,16.384117683193374,12.59671576190468,44.50988998772839,50.3495247029784
31.970000000000002,16.194977792206902,11.431876152347384,44.94783373938639,50.3495247029784
31.975,15.956107436178653,10.255196843802137,45.27397505633536,50.3495247029784
31.98,15.671239620850233,9.077879855768135,45.48823018415335,50.3495247029784
31.985,15.342039368259803,7.913925765193291,45.59249303911258,50.3495247029784
31.990000000000002,14.972260114995274,6.776230123120698,45.5922130636784,50.3495247029784
31.995,14.562804330473867,5.676599134269198,45.49032724008925,50.3495247029784
32.0,14.11653401137992,4.625394536003264,45.29668881504599,50.3495247029784
32.005,13.642760891237126,3.6335941258603146,45.01739950391026,50.3495247029784
32.01,13.14190080060915,2.7074217701593137,44.664238034540055,50.3495247029784
32.015,12.620027248523726,1.8502651130366234,44.24766595032848,50.3495247029784
32.02,12.081073902316891,1.0681453330248059,43.77295552616587,50.3495247029784
32.025,11.530937725011794,0.3621128590594104,43.25350946135546,50.3495247029784
32.03,10.97387785551978,-0.26669820654205967,42.6976602727242,50.3495247029784
32.035000000000004,10.412552677590703,-0.81934390221202,42.11409338940048,50.3495247029784
32.04,9.851008784323742,-1.29822605908613,41.510240824133305,50.3495247029784
32.045,9.294022375272647,-1.7041328721741238,40.8936069101166,50.3495247029784
32.05,8.744911014519325,-2.0425980148292284,40.26903405501207,50.3495247029784
32.055,8.20550707337678,-2.318322908727298,39.642254526413936,50.3495247029784
32.06,7.6796342260206645,-2.533154138910986,39.01792879908765,50.3495247029784
32.065,7.1687809719818,-2.6914457897674047,38.39921909133838,50.3495247029784
32.07,6.676818922393512,-2.7996050550495215,37.78972828217932,50.3495247029784
32.075,6.203860889915385,-2.8613706068367577,37.19255607285594,50.3495247029784
32.08,5.749506501501714,-2.880285665839272,36.60792053565864,50.3495247029784
32.085,5.318721707648033,-2.861594236683006,36.0373633289116,50.3495247029784
32.09,4.910687706372837,-2.8087967700192475,35.48038399162481,50.3495247029784
32.095,4.523969453753365,-2.7268348505138924,34.937383021620185,50.3495247029784
32.1,4.161259590240402,-2.6180413845323,34.4107771032227,50.3495247029784
32.105000000000004,3.8230312987744375,-2.4863829074483594,33.89682945371457,50.3495247029784
32.11,3.50715152524232,-2.335670858661113,33.39658413836807,50.3495247029784
32.115,3.214698581756684,-2.167895765934911,32.90954159384246,50.3495247029784
32.12,2.9462987467559723,-1.9835024230848581,32.43574111573685,50.3495247029784
32.125,2.700494106136811,-1.7862259058508054,31.974373501895798,50.3495247029784
32.13,2.4755314741474916,-1.5789746684660855,31.52391099556376,50.3495247029784
32.135,2.2730072217268478,-1.363190918427197,31.083550340727864,50.3495247029784
32.14,2.0909352618534776,-1.1392442860995589,30.65343685107852,50.3495247029784
32.145,1.9286899501718056,-0.910073600361239,30.23236494668535,50.3495247029784
32.15,1.786935491702232,-0.6749124883085117,29.819073457828413,50.3495247029784
32.155,1.663610676398044,-0.43582553347781977,29.415572968806682,50.3495247029784
32.160000000000004,1.5579022485052096,-0.19351816601765034,29.019476892134815,50.3495247029784
32.165,1.4706539607394458,0.05170268521507396,28.631076566496933,50.3495247029784
32.17,1.39880863936886,0.2971230260866352,28.248741377058053,50.3495247029784
32.175,1.3438742590185864,0.5457580583782933,27.873529132314893,50.3495247029784
32.18,1.3049669737181733,0.7949180921467813,27.50630570424698,50.3495247029784
32.185,1.2802692473420727,1.0468598072669997,27.144171076505646,50.3495247029784
32.19,1.2686857268503007,1.2986143570055788,26.787295757128298,50.3495247029784
32.195,1.2692516949317847,1.5527791160396618,26.436217274461473,50.3495247029784
32.2,1.2842628917235381,1.8068523362148277,26.094099766587522,50.3495247029784
32.205,1.3107410641236021,2.06222413854685,25.75730386933776,50.3495247029784
32.21,1.347830808029178,2.319095277198786,25.426276589531206,50.3495247029784
32.215,1.3952433652634928,2.577376527079072,25.103144638207272,50.3495247029784
32.22,1.4536544019230178,2.835985223561167,24.786038939090393,50.3495247029784
32.225,1.5234645463517913,3.096776914832297,24.4745842708641,50.3495247029784
32.230000000000004,1.6023091931773337,3.3599611272861343,24.172333985169264,50.3495247029784
32.235,1.6906629782566982,3.6244489001340803,23.8765085890763,50.3495247029784
32.24,1.7866823392817923,3.893282917264701,23.58901590475104,50.3495247029784
32.245,1.8909825714657187,4.164228786888563,23.309570849635495,50.3495247029784
32.25,2.003456055175087,4.4394934237920545,23.038492572603335,50.3495247029784
32.255,2.1257149085864757,4.71917378829447,22.775451715378527,50.3495247029784
32.26,2.2561347506592355,5.0028808122555946,22.522327497372878,50.3495247029784
32.265,2.393247965865492,5.292061139152909,22.277341795086485,50.3495247029784
32.27,2.5391150560405187,5.585340407085518,22.043495003570513,50.3495247029784
32.275,2.691574218925666,5.8844471410529104,21.82145457100007,50.3495247029784
32.28,2.849909907329323,6.1903562731220445,21.60962954199023,50.3495247029784
32.285000000000004,3.0154748307663586,6.502080812513341,21.41006481188091,50.3495247029784
32.29,3.1890992392499435,6.8217064766195765,21.22388095734817,50.3495247029784
32.295,3.370889816603831,7.147297539290372,21.049225977870595,50.3495247029784
32.3,3.561051962564584,7.480700031315478,20.889378608746483,50.3495247029784
32.305,3.755527520571434,7.821666444005144,20.743631399524297,50.3495247029784
32.31,3.9608627077290923,8.170551863872843,20.614092536886798,50.3495247029784
32.315,4.171998289300798,8.528300057140187,20.502049243558574,50.3495247029784
32.32,4.388903476433724,8.893132418752465,20.406534921752243,50.3495247029784
32.325,4.614088223228537,9.266248427508902,20.33048693008338,50.3495247029784
32.33,4.8462053420185685,9.649290853575128,20.271808053643827,50.3495247029784
32.335,5.0860598115023175,10.03952391678421,20.23497480152746,50.3495247029784
32.34,5.333903601861197,10.438031999676502,20.21999517741984,50.3495247029784
32.345,5.588762685379722,10.844887100285682,20.228409654035563,50.3495247029784
32.35,5.851691613281395,11.258153202178924,20.261069627467762,50.3495247029784
32.355000000000004,6.121816640367273,11.679978390252945,20.320789305634726,50.3495247029784
32.36,6.3996381303000165,12.108808842817554,20.406522418654934,50.3495247029784
32.365,6.684901619107011,12.541793410509749,20.522477824933155,50.3495247029784
32.37,6.97941308833572,12.98098665548488,20.668043180250155,50.3495247029784
32.375,7.2790013932631625,13.422691905236837,20.84384565332513,50.3495247029784
32.38,7.586628068818102,13.866231906814505,21.054817640306357,50.3495247029784
32.385,7.900504351928594,14.312541184695972,21.300640273492,50.3495247029784
32.39,8.22050676335712,14.758513937001991,21.580350079688763,50.3495247029784
32.395,8.547844591024841,15.199908011772695,21.898537777473763,50.3495247029784
32.4,8.880352101782115,15.637274914952545,22.256315911353887,50.3495247029784
32.405,9.218260672136932,16.06552669024428,22.653128507728304,50.3495247029784
32.410000000000004,9.560602581256468,16.483638228157748,23.090483738788695,50.3495247029784
32.415,9.904943697109152,16.88872889889175,23.571353187451376,50.3495247029784
32.42,10.253341593482245,17.274158965332653,24.09451540340671,50.3495247029784
32.425,10.60453356726642,17.638832372730604,24.658589611560366,50.3495247029784
32.43,10.956293784625375,17.979044461272707,25.265328339196397,50.3495247029784
32.435,11.30762055527989,18.290462575924735,25.912882851226456,50.3495247029784
32.44,11.657019481177086,18.567813040945175,26.599913678523922,50.3495247029784
32.445,12.001338731902857,18.8080169158352,27.32747966923615,50.3495247029784
32.45,12.342949985026781,19.004863728098616,28.091551486164246,50.3495247029784
32.455,12.676293501110141,19.155396865003436,28.88940626300127,50.3495247029784
32.46,13.001061545298711,19.256067040907954,29.718568970436383,50.3495247029784
32.465,13.31283222053845,19.301602143101103,30.57476870767931,50.3495247029784
32.47,13.612655863945339,19.286447241151034,31.45207967736809,50.3495247029784
32.475,13.895614293806151,19.207778281462293,32.34489049608762,50.3495247029784
32.480000000000004,14.161241953058722,19.06209174520596,33.248042867307774,50.3495247029784
32.485,14.406757886339902,18.84587262742139,34.155250916390806,50.3495247029784
32.49,14.629056645768205,18.560462866594996,35.05788920573456,50.3495247029784
32.495,14.825370289254883,18.202636235709292,35.94724631038113,50.3495247029784
32.5,14.992779016167772,17.775109781571157,36.81652416983795,50.3495247029784
32.505,15.13186225523186,17.276751336094346,37.65764469076846,50.3495247029784
32.51,15.238660305215813,16.711780877629153,38.4617043581513,50.3495247029784
32.515,15.311579002517082,16.083919728423073,39.2220838269169,50.3495247029784
32.52,15.349174705590876,15.397283949019748,39.93096394479422,50.3495247029784
32.525,15.349673159237629,14.655806226872249,40.58127899699703,50.3495247029784
32.53,15.314550561342012,13.868596565378887,41.16666539015873,50.3495247029784
32.535000000000004,15.241221485254938,13.042612667744073,41.68032031300749,50.3495247029784
32.54,15.130285976427963,12.186806006368888,42.11783711729345,50.3495247029784
32.545,14.982032923743086,11.30932296228827,42.477729958091224,50.3495247029784
32.55,14.798230505141323,10.419936231390752,42.75893536979644,50.3495247029784
32.555,14.578649753200331,9.5273338201493,42.96068422607623,50.3495247029784
32.56,14.325834260123958,8.64116639676253,43.082852566038525,50.3495247029784
32.565,14.040192211072263,7.7686367455115555,43.12781958516808,50.3495247029784
32.57,13.726240084786905,6.920653574780709,43.0987945387573,50.3495247029784
32.575,13.38666641313135,6.100784172778559,42.998626896354445,50.3495247029784
32.58,13.023146943666616,5.3194999261124085,42.832742121545685,50.3495247029784
32.585,12.638885385917845,4.578327022073695,42.60882412493733,50.3495247029784
32.59,12.236017607149778,3.884608753256189,42.32939462501814,50.3495247029784
32.595,11.818399591085365,3.2396062166599053,42.00254306446851,50.3495247029784
32.6,11.388760994085112,2.6483934811295113,41.634785489271664,50.3495247029784
32.605000000000004,10.952574630045007,2.1114106954276086,41.23032278100329,50.3495247029784
32.61,10.510197854530523,1.6284368510679157,40.79600082427009,50.3495247029784
32.615,10.067329033685247,1.1992712230217448,40.336915982197176,50.3495247029784
32.62,9.624046741650767,0.8234710065866665,39.86003090339431,50.3495247029784
32.625,9.184443325413204,0.5007003298896846,39.36803632403182,50.3495247029784
32.63,8.751604116233041,0.22753443533736495,38.86651936411526,50.3495247029784
32.635,8.325584050549466,0.0021191861343879403,38.35662517074394,50.3495247029784
32.64,7.910104830735729,-0.17644793765801683,37.84491103330655,50.3495247029784
32.645,7.505244196055534,-0.3127022131697689,37.333440214782314,50.3495247029784
32.65,7.1149319633031585,-0.4105603385798035,36.82325066953925,50.3495247029784
32.655,6.738569205364573,-0.4710709778520089,36.31738456510995,50.3495247029784
32.660000000000004,6.377403548433896,-0.4969317260859547,35.81588284033879,50.3495247029784
32.665,6.034090029562048,-0.49196149224531516,35.32346667112275,50.3495247029784
32.67,5.707154453703926,-0.45875455130523046,34.836795032219115,50.3495247029784
32.675,5.399432605019392,-0.4002573624824029,34.359989252845764,50.3495247029784
32.68,5.1085018113668035,-0.31819017287829976,33.89000983621307,50.3495247029784
32.685,4.836936051224802,-0.21503019545613306,33.43015169119402,50.3495247029784
32.69,4.583980509780846,-0.09314447988151994,32.9784690919079,50.3495247029784
32.695,4.350358745005379,0.04434766980734381,32.536532327720096,50.3495247029784
32.7,4.134957385272948,0.1976431644357828,32.104213328411426,50.3495247029784
32.705,3.937199355880279,0.3634309674803262,31.679278544836297,50.3495247029784
32.71,3.757650902385718,0.5423028007437224,31.263150503049296,50.3495247029784
32.715,3.5981705509403654,0.7296941881569432,30.856501398980857,50.3495247029784
32.72,3.453942992175495,0.9272133663988719,30.457963619200186,50.3495247029784
32.725,3.327069381467819,1.1326199657507425,30.06731825733582,50.3495247029784
32.730000000000004,3.2179500163796773,1.3447109892947624,29.68566547723173,50.3495247029784
32.735,3.124331592379026,1.5625049238576236,29.31142781606674,50.3495247029784
32.74,3.0456279233827512,1.7859893400568747,28.94441040902917,50.3495247029784
32.745,2.9815327920036627,2.0141734787449,28.586949972533255,50.3495247029784
32.75,2.9349329558213664,2.247474098534372,28.235870778251524,50.3495247029784
32.755,2.9010669918825975,2.48551462925431,27.89419613856988,50.3495247029784
32.76,2.8793057757795095,2.7261688452480604,27.558577130714863,50.3495247029784
32.765,2.8731911557979934,2.97022162266597,27.230971501725715,50.3495247029784
32.77,2.8761202556808705,3.218265112526812,26.911338737655637,50.3495247029784
32.775,2.8935737069936085,3.4692752521671726,26.598708740696335,50.3495247029784
32.78,2.9237320842054824,3.7242000055772144,26.293385054374994,50.3495247029784
32.785000000000004,2.9638165370869616,3.983106030828937,25.996724103647715,50.3495247029784
32.79,3.0145335899255428,4.245066292532758,25.709951782817974,50.3495247029784
32.795,3.0762653739123094,4.51035746426355,25.43114652091737,50.3495247029784
32.8,3.1480743437694607,4.777762447032714,25.162063151849956,50.3495247029784
32.805,3.2302590239490243,5.050782586105897,24.901996652681007,50.3495247029784
32.81,3.321480520183553,5.3269769592643055,24.65142709463604,50.3495247029784
32.815,3.4204111014752625,5.607734250922504,24.41036560522198,50.3495247029784
32.82,3.5296767331658447,5.892612859554667,24.180858305143158,50.3495247029784
32.825,3.64684575568861,6.181752664672698,23.962224301045914,50.3495247029784
32.83,3.7736405773537265,6.4760913416165895,23.755903650367095,50.3495247029784
32.835,3.908717820206455,6.7770688554788565,23.5615717765052,50.3495247029784
32.84,4.051280461132549,7.0818703050790255,23.37949530250197,50.3495247029784
32.845,4.203416461892204,7.392414197792677,23.210849118585106,50.3495247029784
32.85,4.362459059990198,7.707798583270349,23.057538844981963,50.3495247029784
32.855000000000004,4.528343350926461,8.028276914640438,22.918911121271098,50.3495247029784
32.86,4.703267877060102,8.355921825356765,22.79521069382715,50.3495247029784
32.865,4.885313377053486,8.688643619914238,22.68663353479147,50.3495247029784
32.87,5.076013800430875,9.025926520835217,22.596351237733572,50.3495247029784
32.875,5.271869377644616,9.370155481731386,22.525414717215128,50.3495247029784
32.88,5.4764450258938115,9.717417348590015,22.473363431733283,50.3495247029784
32.885,5.689128072824063,10.071573197522794,22.44046804038813,50.3495247029784
32.89,5.9083765177076675,10.430937909269009,22.428816562416593,50.3495247029784
32.895,6.134806535301189,10.79476312359735,22.43889395205473,50.3495247029784
32.9,6.36672329386885,11.16304559526685,22.471919428682472,50.3495247029784
32.905,6.606409184031424,11.53475704154124,22.528926441397225,50.3495247029784
32.910000000000004,6.853678192134488,11.908442172880262,22.608925487588255,50.3495247029784
32.915,7.105997224650506,12.28704849178018,22.714567616869797,50.3495247029784
32.92,7.362620388004082,12.666235868314935,22.846891009451223,50.3495247029784
32.925,7.627193911424692,13.044204076781517,23.008864927087174,50.3495247029784
32.93,7.897463765857532,13.42199720459129,23.199560784443477,50.3495247029784
32.935,8.171535240470991,13.796106006135087,23.418855460884636,50.3495247029784
32.94,8.452476158690732,14.167119392851594,23.66955717362778,50.3495247029784
32.945,8.737615191627777,14.531896245574384,23.95236805173521,50.3495247029784
32.95,9.02740323220567,14.887516345018893,24.267225687808274,50.3495247029784
32.955,9.321450159206496,15.232965625479881,24.615379597580006,50.3495247029784
32.96,9.617188723441537,15.566495774341151,24.99679223659962,50.3495247029784
32.965,9.915231200061339,15.886203931012458,25.41084727436654,50.3495247029784
32.97,10.213833567061583,16.18688346417549,25.85898556862338,50.3495247029784
32.975,10.512551576596845,16.4671440595545,26.34081814487337,50.3495247029784
32.980000000000004,10.809412195056945,16.723247541986353,26.855165188968346,50.3495247029784
32.985,11.103986010983705,16.953010380000094,27.402103930714382,50.3495247029784
32.99,11.396719888317445,17.1533315526018,27.978318182324067,50.3495247029784
32.995,11.684984736742027,17.32000951732499,28.58291143542653,50.3495247029784
33.0,11.966831661256236,17.45035213005844,29.21297335179339,50.3495247029784
33.005,12.240082924128187,17.54394162483081,29.866815178822094,50.3495247029784
33.01,12.50458134804568,17.593277350135583,30.542321522525885,50.3495247029784
33.015,12.7592122846429,17.596666460712516,31.234334673678806,50.3495247029784
33.02,13.000455805409144,17.554230953199337,31.940911772373468,50.3495247029784
33.025,13.228278470648036,17.46239240710211,32.65571297059847,50.3495247029784
33.03,13.440841884825867,17.318826187189288,33.3751648085337,50.3495247029784
33.035000000000004,13.634678675945658,17.121467855870716,34.09427416975057,50.3495247029784
33.04,13.80942611887721,16.87283467937608,34.80696492257038,50.3495247029784
33.045,13.962779916372304,16.57039943859794,35.508089274696225,50.3495247029784
33.05,14.09315845887747,16.21610933202619,36.19150390668077,50.3495247029784
33.055,14.198727608637407,15.80861479932902,36.85279367737401,50.3495247029784
33.06,14.279107212468357,15.35273037769364,37.4838050520643,50.3495247029784
33.065,14.332613354184799,14.85027102031468,38.07999677399437,50.3495247029784
33.07,14.358104575916983,14.305036576576903,38.63712473977872,50.3495247029784
33.075,14.356142059301272,13.721468347715927,39.14804055055155,50.3495247029784
33.08,14.32477712091017,13.104662342526952,39.610621537577885,50.3495247029784
33.085,14.263980296946608,12.459301013833036,40.02083545983166,50.3495247029784
33.09,14.173821537957197,11.792342998141038,40.37626453920205,50.3495247029784
33.095,14.053176223388498,11.107854628037456,40.6733278325274,50.3495247029784
33.1,13.905112447395942,10.412778295740926,40.91095744388399,50.3495247029784
33.105000000000004,13.729722657744585,9.713887470718504,41.08934865157433,50.3495247029784
33.11,13.528844323117637,9.019736268080882,41.207457927867196,50.3495247029784
33.115,13.30409769817419,8.332480659755005,41.26881988551601,50.3495247029784
33.12,13.055849094706574,7.6606496828586454,41.27358183717114,50.3495247029784
33.125,12.786464001650222,7.0075920184967675,41.22351423253948,50.3495247029784
33.13,12.499462078237585,6.378496689344914,41.12159205956398,50.3495247029784
33.135,12.192495119404484,5.7776340575222696,40.97201994970902,50.3495247029784
33.14,11.871766874898658,5.209425042831073,40.77721539246796,50.3495247029784
33.145,11.538806701140267,4.677516012569019,40.54326152410516,50.3495247029784
33.15,11.195463895798554,4.182040253897016,40.272778241115944,50.3495247029784
33.155,10.844222526782714,3.725379289365203,39.96961487747543,50.3495247029784
33.160000000000004,10.48901798468761,3.3113108961289286,39.63929818032115,50.3495247029784
33.165,10.129784700703468,2.934502392643764,39.28524294023872,50.3495247029784
33.17,9.77051681687655,2.600021139291769,38.90950436322537,50.3495247029784
33.175,9.412326228984591,2.306806992061518,38.51704252011314,50.3495247029784
33.18,9.05742403202301,2.0526579737834236,38.11185359610521,50.3495247029784
33.185,8.707762023693602,1.8365766370487067,37.69721790928705,50.3495247029784
33.19,8.364067898228118,1.6574818761363825,37.27464039537819,50.3495247029784
33.195,8.028964005101274,1.5139371126018821,36.844867195743895,50.3495247029784
33.2,7.703138405855899,1.402969545415063,36.41518113090895,50.3495247029784
33.205,7.387691268825419,1.3236889503977385,35.98238177425019,50.3495247029784
33.21,7.086181491734591,1.274682739316101,35.55098959473256,50.3495247029784
33.215,6.7958828017337725,1.2527473221892877,35.12312209596925,50.3495247029784
33.22,6.519274061567185,1.2564263639073956,34.696779468794496,50.3495247029784
33.225,6.257222750526732,1.2826486500487602,34.27464634372694,50.3495247029784
33.230000000000004,6.007866333076821,1.3324693524699316,33.85702806839662,50.3495247029784
33.235,5.774864785504347,1.401408828703845,33.44518365955968,50.3495247029784
33.24,5.556198344985057,1.4883174724258552,33.03989011635825,71.98109904649678
33.245,5.353254084384936,1.700833140367037,32.64009605341655,71.98109904649678
33.25,5.1697551608810794,1.9284445762301465,32.24812119103984,71.98109904649678
33.255,5.007803469542216,2.1688516433465383,31.8675060182212,71.98109904649678
33.26,4.867095170317093,2.4203798703019612,31.496546730223056,71.98109904649678
33.265,4.744920496549862,2.6830440264359177,31.134977420100448,71.98109904649678
33.27,4.641550773459971,2.9547477573222536,30.782368812472548,71.98109904649678
33.275,4.55800563566848,3.237317242080759,30.438841910100866,71.98109904649678
33.28,4.491227982401327,3.5253567164662885,30.105287348141175,71.98109904649678
33.285000000000004,4.442842121103308,3.8203134692942857,29.78259104875628,71.98109904649678
33.29,4.411477632249718,4.122665045044613,29.47106578032375,71.98109904649678
33.295,4.397245012920258,4.42925775856799,29.168994805388497,71.98109904649678
33.3,4.397857841479835,4.7420248186599565,28.878099911577152,71.98109904649678
33.305,4.414292236420821,5.058666975665872,28.597272768833758,71.98109904649678
33.31,4.447175993808799,5.380839713072985,28.327014288335707,71.98109904649678
33.315,4.494220655438947,5.706292550735305,28.068243943838244,71.98109904649678
33.32,4.555254804477918,6.035833390164048,27.820956994038404,71.98109904649678
33.325,4.628452055382981,6.368554168347992,27.58742823553743,71.98109904649678
33.33,4.71500491390726,6.705304112782649,27.367209632769516,71.98109904649678
33.335,4.813853218835642,7.0460335208720775,27.161591488058715,71.98109904649678
33.34,4.92477618117582,7.390767043037048,26.968916405073138,71.98109904649678
33.345,5.047296840309301,7.738833524137748,26.79147817599516,71.98109904649678
33.35,5.181670279723137,8.08993685979525,26.62979096303332,71.98109904649678
33.355000000000004,5.32720819699204,8.444196472829784,26.484911185207164,71.98109904649678
33.36,5.483302194108853,8.80210284140604,26.35511908577344,71.98109904649678
33.365,5.649254709171437,9.16268819876146,26.24438189704057,71.98109904649678
33.37,5.8241466290619615,9.524985528246066,26.15235038703396,71.98109904649678
33.375,6.00942527469728,9.890876067533359,26.08196232884835,71.98109904649678
33.38,6.20350939331773,10.259611496435857,26.03203829687665,71.98109904649678
33.385,6.406005079508299,10.629830601784299,26.0037118034388,71.98109904649678
33.39,6.617113947132979,11.000576316748548,25.99672589099275,71.98109904649678
33.395,6.836569000412456,11.37263056587693,26.013501300416234,71.98109904649678
33.4,7.063048838504491,11.742995661964512,26.05577976774212,71.98109904649678
33.405,7.297074703307247,12.11342755550899,26.121253616554778,71.98109904649678
33.410000000000004,7.536859790850491,12.481785912890967,26.2162865953628,71.98109904649678
33.415,7.783927731978477,12.84695855598497,26.336771058526075,71.98109904649678
33.42,8.036874401949381,13.207225931971418,26.484795921342,71.98109904649678
33.425,8.296420755129633,13.56110261077629,26.662212192504118,71.98109904649678
33.43,8.5600326672901,13.908255701038005,26.86812820134276,71.98109904649678
33.435,8.828036211785866,14.247323937495967,27.105583778244693,71.98109904649678
33.44,9.098458635306706,14.575088024657354,27.373402982790587,71.98109904649678
33.445,9.371907457961507,14.89052382185217,27.673020341858308,71.98109904649678
33.45,9.647784435521572,15.191076688008902,28.00222202720941,71.98109904649678
33.455,9.925683783699009,15.473503478427665,28.36154931909803,71.98109904649678
33.46,10.202627993081297,15.738964005359625,28.751021093246543,71.98109904649678
33.465,10.480017443364408,15.982021421539297,29.170984450358823,71.98109904649678
33.47,10.754802346706576,16.200044304756215,29.619119465645976,71.98109904649678
33.475,11.02744338213454,16.39332938258277,30.095136383958096,71.98109904649678
33.480000000000004,11.295064742750293,16.55609250245457,30.596929479435524,71.98109904649678
33.485,11.55786400668863,16.686128143263648,31.125020622364804,71.98109904649678
33.49,11.813582635604012,16.783258766761364,31.67288972201624,71.98109904649678
33.495,12.061006279657487,16.84301801929381,32.241846125718325,71.98109904649678
33.5,12.2994201258446,16.86365805279956,32.82826739189838,71.98109904649678
33.505,12.527307544677356,16.842893659805718,33.42694071520868,71.98109904649678
33.51,12.743255487881154,16.7798580380352,34.0357911608253,71.98109904649678
33.515,12.94441541548995,16.67156505176827,34.6528268521278,71.98109904649678
33.52,13.12954209605956,16.518125022263348,35.26788995736886,71.98109904649678
33.525,13.298984165429058,16.318279723869964,35.8816926456437,71.98109904649678
33.53,13.450985168760363,16.07213168242257,36.4896252934652,71.98109904649678
33.535000000000004,13.581687245409263,15.781399354292265,37.08207818706839,71.98109904649678
33.54,13.691199960646077,15.443575978845235,37.65925811285978,71.98109904649678
33.545,13.779142488639764,15.063944596015817,38.214007364247,71.98109904649678
33.55,13.843156454038729,14.644744374667196,38.742318449948144,71.98109904649678
33.555,13.88274793030752,14.188349358334776,39.239615832303336,71.98109904649678
33.56,13.897719931526582,13.696688645817796,39.701335716115146,71.98109904649678
33.565,13.886805723355303,13.174211451069787,40.123424401627844,71.98109904649678
33.57,13.850848913166915,12.626384612525912,40.50336855731617,71.98109904649678
33.575,13.78896596276322,12.057197703610614,40.837875654087945,71.98109904649678
33.58,13.702619752986635,11.471749192312428,41.12416107579815,71.98109904649678
33.585,13.590667853229293,10.874267653848975,41.36181858176258,71.98109904649678
33.59,13.455068619670318,10.271821483764256,41.54889661080664,71.98109904649678
33.595,13.29546957694173,9.66906595463847,41.68406336995364,71.98109904649678
33.6,13.113485955603801,9.0699184781704,41.7707170562192,71.98109904649678
33.605000000000004,12.910785436902863,8.48085017467203,41.80949146827121,71.98109904649678
33.61,12.68905932518202,7.907225331191947,41.79820348763119,71.98109904649678
33.615,12.44884651070443,7.351898057308511,41.743498611935884,71.98109904649678
33.62,12.193443808412384,6.819261844677314,41.645380695685155,71.98109904649678
33.625,11.92441334980051,6.3118237350132755,41.50650924141022,71.98109904649678
33.63,11.643264172339922,5.833571673058913,41.32808966898528,71.98109904649678
33.635,11.35173339361082,5.388194971154247,41.11623101805041,71.98109904649678
33.64,11.05312683182892,4.977292596142383,40.873255762244014,71.98109904649678
33.645,10.749462459759211,4.60141876418563,40.603120797774395,71.98109904649678
33.65,10.441685823972387,4.260467257050014,40.30806188234031,71.98109904649678
33.655,10.131810807308042,3.9558439197883963,39.99311467107273,71.98109904649678
33.660000000000004,9.823646645869639,3.689155269642915,39.65967730432723,71.98109904649678
33.665,9.516626692510851,3.457444339682074,39.31261679450736,71.98109904649678
33.67,9.21425501755027,3.262286689810921,38.95142005151704,71.98109904649678
33.675,8.916039330482459,3.1011951135287545,38.58310761349971,71.98109904649678
33.68,8.625757627813398,2.973145374327896,38.207942743865736,71.98109904649678
33.685,8.343914339990711,2.878990482451827,37.824831576265595,71.98109904649678
33.69,8.070922987053878,2.815692068619516,37.44181635869646,71.98109904649678
33.695,7.807752564455621,2.7806416052948886,37.05575440555649,71.98109904649678
33.7,7.556609058478198,2.7732297408090134,36.670497021453976,71.98109904649678
33.705,7.3175186858450525,2.790897745214527,36.28560982453381,71.98109904649678
33.71,7.091166932705643,2.8330501644959587,35.903116947410766,71.98109904649678
33.715,6.879124723346933,2.898926322701251,35.52443633471884,71.98109904649678
33.72,6.680290120179059,2.9854992995269214,35.14999581340837,71.98109904649678
33.725,6.495363492547807,3.092060412525451,34.78156627217874,71.98109904649678
33.730000000000004,6.3242439210875565,3.2164222422337416,34.41934258447782,71.98109904649678
33.735,6.168863571058224,3.3577636405272244,34.0617502620224,71.98109904649678
33.74,6.0282731343122355,3.514273306753575,33.71016889672047,71.98109904649678
33.745,5.901933270199624,3.684616925227228,33.366166353240565,71.98109904649678
33.75,5.790093127142368,3.867833771259413,33.02910381497989,71.98109904649678
33.755,5.69460245670706,4.063270082051543,32.70100865252824,71.98109904649678
33.76,5.612195079719345,4.268250853409631,32.38042290742557,71.98109904649678
33.765,5.545197605999353,4.483637123576206,32.068708993639845,71.98109904649678
33.77,5.490960825425209,4.707289326024061,31.7647816173599,71.98109904649678
33.775,5.452009299823304,4.939957829549978,31.470131671913602,71.98109904649678
33.78,5.426162986751036,5.180626459018795,31.18481405072253,71.98109904649678
33.785000000000004,5.41401612553436,5.428016281213142,30.910138911400228,71.98109904649678
33.79,5.413715968830847,5.681074163199905,30.644275706142125,71.98109904649678
33.795,5.427240687901848,5.941658598513897,30.389979133336343,71.98109904649678
33.8,5.452852769530687,6.2067835198786,30.145394054024017,71.98109904649678
33.805,5.49029415915724,6.477318956767664,29.912173137263032,71.98109904649678
33.81,5.539206027860693,6.752683197362005,29.690755951461444,71.98109904649678
33.815,5.599297115586364,7.032547835611898,29.48132546736366,71.98109904649678
33.82,5.67190403695406,7.314972953222594,29.286086280487794,71.98109904649678
33.825,5.754581180104406,7.6028128685224505,29.10352761858278,71.98109904649678
33.83,5.846514172683274,7.8926213306763096,28.933209294957233,71.98109904649678
33.835,5.949321453321211,8.185521400696485,28.777960674279633,71.98109904649678
33.84,6.06103479186427,8.482580462838506,28.63713527075038,71.98109904649678
33.845,6.183464405497613,8.78118345041413,28.51157187506734,71.98109904649678
33.85,6.313746107943354,9.080817801795572,28.402982081891622,71.98109904649678
33.855000000000004,6.450942767672421,9.382801581292547,28.3107793893888,71.98109904649678
33.86,6.598270184653719,9.68666532291287,28.23619074875046,71.98109904649678
33.865,6.752343812638359,9.991520094071761,28.179447510605474,71.98109904649678
33.87,6.913119438529467,10.296462985513545,28.14085971065853,71.98109904649678
33.875,7.083303593076899,10.600304861244672,28.12083163590269,71.98109904649678
33.88,7.260992034154201,10.902184490712019,28.12147550221533,71.98109904649678
33.885,7.441978808511068,11.204150770854898,28.141834727122497,71.98109904649678
33.89,7.630456399795811,11.501879695435818,28.182490248606033,71.98109904649678
33.895,7.823076471760417,11.796601680378739,28.24551392416884,71.98109904649678
33.9,8.022517979054133,12.088561770948845,28.329780987429064,71.98109904649678
33.905,8.225819308930733,12.375113243952022,28.4369872845642,71.98109904649678
33.910000000000004,8.432794333846022,12.655160213332362,28.56620240707105,71.98109904649678
33.915,8.643348541479757,12.927944619055925,28.719517517694708,71.98109904649678
33.92,8.85775715619265,13.19196377968791,28.894749907109965,71.98109904649678
33.925,9.073982071818001,13.4459185286307,29.094269834157785,71.98109904649678
33.93,9.291949308234496,13.688530081279882,29.316094412469674,71.98109904649678
33.935,9.511982858288707,13.918433258934249,29.561865557811394,71.98109904649678
33.94,9.732457847445168,14.134699750057704,29.83037569142182,71.98109904649678
33.945,9.952507748699496,14.334358887764221,30.120634437340744,71.98109904649678
33.95,10.17204543454239,14.516717021433653,30.433314323677177,71.98109904649678
33.955,10.389413096234286,14.680712067656803,30.765928640607957,71.98109904649678
33.96,10.603646509273815,14.822692777612325,31.117750012356645,71.98109904649678
33.965,10.814528373763105,14.942060837447427,31.48851972615563,71.98109904649678
33.97,11.020187178868444,15.039457472774764,31.876048797330906,71.98109904649678
33.975,11.220521880241375,15.110154562033316,32.27833488452856,71.98109904649678
33.980000000000004,11.415411219807794,15.153965380983077,32.695672344496494,71.98109904649678
33.985,11.60200070209054,15.169857831063116,33.12505837837522,71.98109904649678
33.99,11.780730162916571,15.15687302735303,33.56307172283277,71.98109904649678
33.995,11.94918408793559,15.113288384793547,34.00896213088078,71.98109904649678
34.0,12.107269778996566,15.040021306669658,34.45859059612006,71.98109904649678
34.005,12.252865217061887,14.933263267869224,34.9091952763206,71.98109904649678
34.01,12.387083527331852,14.797078414703392,35.358554957296484,71.98109904649678
34.015,12.507259771003788,14.626033899418934,35.804305570959414,71.98109904649678
34.02,12.613686216092596,14.42467630416372,36.2409362635805,71.98109904649678
34.025,12.704245883621345,14.192891140294723,36.66791349514126,71.98109904649678
34.03,12.7787306113273,13.932067504163323,37.08060887782341,71.98109904649678
34.035000000000004,12.836719095974315,13.641539693570916,37.476430851905526,71.98109904649678
34.04,12.876013699297708,13.323956125882944,37.85128720799419,71.98109904649678
34.045,12.898589795054589,12.98193748884698,38.20445642923898,71.98109904649678
34.05,12.903181081832086,12.618096426249805,38.53245942248526,71.98109904649678
34.055,12.889525673011505,12.235748619215679,38.833110612604244,71.98109904649678
34.06,12.857128096538274,11.836049874588623,39.10353557087586,71.98109904649678
34.065,12.806014145713402,11.422122633623559,39.34283859087555,71.98109904649678
34.07,12.736233313010452,10.999399005982863,39.55013467757195,71.98109904649678
34.075,12.64942784897579,10.569875785761605,39.72363827966227,71.98109904649678
34.08,12.545600093229895,10.135056740037204,39.8630004733511,71.98109904649678
34.085,12.424193932216127,9.699452895738855,39.96751512007518,71.98109904649678
34.09,12.28910262020196,9.267223211951471,40.03801676962834,71.98109904649678
34.095,12.137466374747676,8.841235733978573,40.07370354442161,71.98109904649678
34.1,11.973369154137542,8.42495187059556,40.07700805360698,71.98109904649678
34.105000000000004,11.79541073707889,8.019817809971082,40.04728512692944,71.98109904649678
34.11,11.60631039658544,7.629323449831406,39.986336074963944,71.98109904649678
34.115,11.407968620862288,7.254163201476811,39.89453450126048,71.98109904649678
34.12,11.199424175393197,6.898352299132488,39.775998099100505,71.98109904649678
34.125,10.985817535152169,6.564597690068092,39.632707745448755,71.98109904649678
34.13,10.765413606671231,6.2515338370813165,39.46616176096586,71.98109904649678
34.135,10.539754213683336,5.962465155561585,39.27557321952238,71.98109904649678
34.14,10.31051443083931,5.698095685134848,39.065974762997385,71.98109904649678
34.145,10.079225320471306,5.458225831373482,38.83962076154984,71.98109904649678
34.15,9.849046868894725,5.244771489693777,38.596850194704494,71.98109904649678
34.155,9.618084260558517,5.055894044426588,38.34138225959474,71.98109904649678
34.160000000000004,9.389200680118734,4.894748048239097,38.07311285902794,71.98109904649678
34.165,9.16497882532677,4.7573418701909675,37.794646943766196,71.98109904649678
34.17,8.94442382399835,4.6442233156945525,37.50906833435395,71.98109904649678
34.175000000000004,8.730417917742592,4.556211913451008,37.21796515892082,71.98109904649678
34.18,8.522217888397162,4.489635152158252,36.91948477781324,71.98109904649678
34.185,8.320558230083915,4.4474114236833895,36.618855033531915,71.98109904649678
34.19,8.126362342301443,4.42567358210292,36.31569086991064,71.98109904649678
34.195,7.942022953924501,4.42426044777321,36.011531055529346,71.98109904649678
34.2,7.765769120044995,4.44425055510814,35.7060661969773,71.98109904649678
34.205,7.599863258155259,4.482432286515292,35.40295527747711,71.98109904649678
34.21,7.443833109959643,4.538937513684576,35.10106511144248,71.98109904649678
34.215,7.298216998787099,4.6118218449384605,34.802522192782746,71.98109904649678
34.22,7.1634938749750106,4.699488885962228,34.50566939391682,71.98109904649678
34.225,7.0401140986031745,4.802494231653228,34.214278951825385,71.98109904649678
34.230000000000004,6.927971927585703,4.919542130347062,33.92746942626144,71.98109904649678
34.235,6.82671910001839,5.048529697283253,33.64470054037146,71.98109904649678
34.24,6.737514583929063,5.190290084142964,33.367580625229586,71.98109904649678
34.245,6.661089230718853,5.344117647102888,33.09716010931647,71.98109904649678
34.25,6.595172661301372,5.5074307812630625,32.834114253380434,71.98109904649678
34.255,6.539606779096778,5.680886352326175,32.578549129770025,71.98109904649678
34.26,6.496460349498696,5.862280168971046,32.33053211690145,71.98109904649678
34.265,6.463145179992372,6.053167472181798,32.088465572134496,71.98109904649678
34.27,6.442580690506567,6.250994568193902,31.856061032248324,71.98109904649678
34.275,6.4336433777022535,6.456646895786936,31.632374629533395,71.98109904649678
34.28,6.435103745427924,6.666421107146212,31.41795719927313,71.98109904649678
34.285000000000004,6.445745489216653,6.881763938149739,31.213751352765904,71.98109904649678
34.29,6.4667111771847905,7.104478561560036,31.01968294045364,71.98109904649678
34.295,6.498471867434051,7.331704066959209,30.835204162139593,71.98109904649678
34.300000000000004,6.539706207921592,7.562833414601396,30.6609162521861,71.98109904649678
34.305,6.589223480540143,7.797647216052391,30.4999226807599,71.98109904649678
34.31,6.649427101985177,8.03677839211922,30.349196727099653,71.98109904649678
34.315,6.719513465383544,8.277743808721722,30.21257297371208,71.98109904649678
34.32,6.798065226505778,8.52150814572673,30.088333196610545,71.98109904649678
34.325,6.882703487639877,8.767067320452504,29.97518035075551,71.98109904649678
34.33,6.975818998288491,9.015309115723591,29.876346884188326,71.98109904649678
34.335,7.078343714383843,9.26454331417855,29.79321285921772,71.98109904649678
34.34,7.187920516007195,9.514171156646947,29.72438696251794,71.98109904649678
34.345,7.303897324962787,9.763594873955482,29.669743110934565,71.98109904649678
34.35,7.426962350239367,10.014159831421914,29.632492875667566,71.98109904649678
34.355000000000004,7.5561372004401655,10.263500057474104,29.60887210588478,71.98109904649678
34.36,7.690483774135379,10.512165876617047,29.60213534036087,71.98109904649678
34.365,7.832424834498659,10.758376296519506,29.61118881270192,71.98109904649678
34.37,7.979074398678246,11.001882216335735,29.637607334934945,71.98109904649678
34.375,8.131177997127347,11.241184372848481,29.680664328216903,71.98109904649678
34.38,8.28738817756287,11.476224711662152,29.742711103551166,71.98109904649678
34.385,8.447492028321001,11.707119589020461,29.82231520908264,71.98109904649678
34.39,8.610075879236492,11.930803760486347,29.919190204017433,71.98109904649678
34.395,8.776132551765256,12.148483682033746,30.034456509762208,71.98109904649678
34.4,8.944986004123322,12.358092794358738,30.166336457150535,71.98109904649678
34.405,9.115859157612022,12.559163872235064,30.31659249155171,71.98109904649678
34.410000000000004,9.287590996329053,12.75137211720956,30.48401399025911,71.98109904649678
34.415,9.45975748570391,12.931288437027902,30.67102156934066,71.98109904649678
34.42,9.633072214192293,13.099106967041022,30.872153578418068,71.98109904649678
34.425000000000004,9.80688933794872,13.254652338407535,31.09175163920813,71.98109904649678
34.43,9.979305033527337,13.396563529034374,31.326169732047937,71.98109904649678
34.435,10.149259884941943,13.523397330914749,31.57738525601743,71.98109904649678
34.44,10.318264693132857,13.635475208398283,31.84075307566311,71.98109904649678
34.445,10.484483190974377,13.729537824188803,32.118809401991776,71.98109904649678
34.45,10.646901740122392,13.805414109643257,32.410535696289294,71.98109904649678
34.455,10.804185623424083,13.861192566352504,32.71342982635987,71.98109904649678
34.46,10.9571787205189,13.89713588831177,33.02568348657074,71.98109904649678
34.465,11.103856938833587,13.91195251473828,33.34618830641228,71.98109904649678
34.47,11.24516814354866,13.905600553603414,33.67382066722144,71.98109904649678
34.475,11.377419813418589,13.876987318914319,34.006788127567695,71.98109904649678
34.480000000000004,11.502305933303576,13.825808475277526,34.34329178804945,71.98109904649678
34.485,11.618710949197354,13.7514288634648,34.68033260755317,71.98109904649678
34.49,11.724100140913327,13.654404107703382,35.01610769228314,71.98109904649678
34.495,11.819440124774552,13.534112679164936,35.34935992005844,71.98109904649678
34.5,11.906315416346128,13.390243462646431,35.677365860970504,71.98109904649678
34.505,11.981602944717087,13.2260173795001,36.00035519583115,71.98109904649678
34.51,12.043528347853403,13.038925002565513,36.31169274237148,71.98109904649678
34.515,12.093065261398333,12.832967657460669,36.61194869941342,71.98109904649678
34.52,12.1304584664503,12.607537496565783,36.90065319349186,71.98109904649678
34.525,12.1546621305132,12.365108730102355,37.17410732556748,71.98109904649678
34.53,12.164816854625881,12.106116758848353,37.42964507906155,71.98109904649678
34.535000000000004,12.161168013866424,11.83062371988847,37.66687595139705,71.98109904649678
34.54,12.145108549986269,11.544425555349905,37.8840835929638,71.98109904649678
34.545,12.114802878965023,11.244821407310182,38.07947604557384,71.98109904649678
34.550000000000004,12.071779689665947,10.936902693249756,38.25275232737239,71.98109904649678
34.555,12.016303964362214,10.622507852656728,38.402953025335094,71.98109904649678
34.56,11.947034561418677,10.303834794081238,38.52913667146816,71.98109904649678
34.565,11.864961551873105,9.983145160289219,38.63086295349992,71.98109904649678
34.57,11.770887114740262,9.66220462637184,38.70736091868036,71.98109904649678
34.575,11.665776315343962,9.342684548819308,38.760528918262686,71.98109904649678
34.58,11.550012136195148,9.02816609266502,38.78836781043807,71.98109904649678
34.585,11.423848291424532,8.719892867234876,38.79260991092908,71.98109904649678
34.59,11.289396205015443,8.419662419034909,38.77279956523659,71.98109904649678
34.595,11.14490094057951,8.129926943173238,38.73092251909251,71.98109904649678
34.6,10.993486467001304,7.851248254702532,38.668498728146,71.98109904649678
34.605000000000004,10.836418057444066,7.585468074977801,38.5848818772216,71.98109904649678
34.61,10.67426134108188,7.334594956881179,38.48010480603555,71.98109904649678
34.615,10.507398397554383,7.097753477201882,38.356258991184966,71.98109904649678
34.62,10.336786515924032,6.878374083552253,38.217094376712495,71.98109904649678
34.625,10.163409052594785,6.676330851375006,38.06339067316383,71.98109904649678
34.63,9.988585468179217,6.491509141562946,37.893980333893865,71.98109904649678
34.635,9.814507445753877,6.3252258912398895,37.71321208679735,71.98109904649678
34.64,9.640262406094129,6.176129611593868,37.52127617118066,71.98109904649678
34.645,9.467958051260581,6.045200033269125,37.31769724502288,71.98109904649678
34.65,9.296671935418058,5.933741582282144,37.107018176330314,71.98109904649678
34.655,9.129363742091952,5.8404475204614466,36.88738100301187,71.98109904649678
34.660000000000004,8.966219713246476,5.765419884542189,36.66178791671773,71.98109904649678
34.665,8.805584978570007,5.708339299588439,36.429941834933715,71.98109904649678
34.67,8.64959589006257,5.66814568067004,36.195204926251606,71.98109904649678
34.675000000000004,8.501344871510184,5.646456516969919,35.9566140556635,71.98109904649678
34.68,8.359112018557779,5.640007052681625,35.71745424226467,71.98109904649678
34.685,8.223380106892828,5.650211145135933,35.476393984008205,71.98109904649678
34.69,8.095402129914172,5.674098338966027,35.23642241183646,71.98109904649678
34.695,7.974010686694656,5.712426616727648,34.995651268843325,71.98109904649678
34.7,7.862187350330459,5.765291421726316,34.75670149207032,71.98109904649678
34.705,7.757272833286977,5.830394955827165,34.51940058191827,71.98109904649678
34.71,7.661005145069173,5.908005240288141,34.28546667869416,71.98109904649678
34.715,7.573302304947272,5.997971435753935,34.055454652939,71.98109904649678
34.72,7.495262571206253,6.098871077183091,33.82742087510846,71.98109904649678
34.725,7.425679480369371,6.209211996938319,33.60402557765961,71.98109904649678
34.730000000000004,7.3651162187080494,6.331618966831851,33.38626462936355,71.98109904649678
34.735,7.313897302344167,6.4614357426505435,33.1752773198451,71.98109904649678
34.74,7.272572486450408,6.60189126166387,32.968548627741605,71.98109904649678
34.745,7.239800353965912,6.750149375315537,32.77079333393397,71.98109904649678
34.75,7.21499520192754,6.903427349191378,32.576996366100886,71.98109904649678
34.755,7.199968100037674,7.062469759563083,32.39134125802959,71.98109904649678
34.76,7.192443092538979,7.228549126678255,32.21409092747405,71.98109904649678
34.765,7.195072568116079,7.399361653057899,32.045314835826595,71.98109904649678
34.77,7.205007354937369,7.576974009969165,31.884492556606503,71.98109904649678
34.775,7.222456073402785,7.757864760965957,31.73260446274002,71.98109904649678
34.78,7.248609141067239,7.944480826155451,31.590074327013742,71.98109904649678
34.785000000000004,7.283376291229652,8.134041386999508,31.457434111735182,71.98109904649678
34.79,7.326156474832275,8.327833221962345,31.334381469138226,71.98109904649678
34.795,7.377318043193306,8.523591339593388,31.21990534816613,71.98109904649678
34.800000000000004,7.435721958493093,8.723001320367773,31.11827902631552,71.98109904649678
34.805,7.4994983398563075,8.923699765505866,31.02849967734305,71.98109904649678
34.81,7.569125629297429,9.124568996681534,30.94895106189868,71.98109904649678
34.815,7.6467536558968865,9.327309333340795,30.880166648263963,71.98109904649678
34.82,7.7308794355455435,9.529629435100379,30.825801805880122,71.98109904649678
34.825,7.820487291238143,9.732648522576163,30.781331488921843,71.98109904649678
34.83,7.915814324912242,9.934803726241258,30.753312058086845,71.98109904649678
34.835,8.017020533960375,10.1346023168193,30.735734830151202,71.98109904649678
34.84,8.122519272865565,10.334101554693085,30.731257696268756,71.98109904649678
34.845,8.233487153970447,10.5314702820127,30.741394116960077,71.98109904649678
34.85,8.349897664223182,10.725854823999194,30.765370852263572,71.98109904649678
34.855000000000004,8.46905916291285,10.91667866128151,30.802311206923555,71.98109904649678
34.86,8.592270695695321,11.10394745313619,30.853470637650783,71.98109904649678
34.865,8.717495469159413,11.284855809696875,30.919800192537,71.98109904649678
34.87,8.844972333367965,11.461364993839348,30.99817246286195,71.98109904649678
34.875,8.975965442042114,11.630456057782245,31.092068653274428,71.98109904649678
34.88,9.10925784718943,11.793183717392642,31.200448903694614,71.98109904649678
34.885,9.243486531346718,11.94868834170478,31.321260234280796,71.98109904649678
34.89,9.378047549204455,12.095515948429034,31.456321970003785,71.98109904649678
34.895,9.513892308289966,12.231980457090941,31.603831338758063,71.98109904649678
34.9,9.65017647431116,12.35909930631511,31.764236835220906,71.98109904649678
34.905,9.785857124938351,12.47520425689499,31.936839282178834,71.98109904649678
34.910000000000004,9.92105015559118,12.580470610749794,32.12073136137268,71.98109904649678
34.915,10.054902189040638,12.673338278023337,32.31495623709677,71.98109904649678
34.92,10.184824906858541,12.751896253096648,32.519906583653594,71.98109904649678
34.925000000000004,10.313240431448001,12.817475130569608,32.73582344848981,71.98109904649678
34.93,10.438754956807324,12.86811743548411,32.95926579329423,71.98109904649678
34.935,10.559591753880234,12.904633662363022,33.190964089729476,71.98109904649678
34.94,10.67764918808369,12.925025449633736,33.43002689343563,71.98109904649678
34.945,10.790272340720573,12.930771392475645,33.67360280792445,71.98109904649678
34.95,10.896394985522983,12.921189608693327,33.92174294640659,71.98109904649678
34.955,10.99662441063679,12.893416595371047,34.17349862506593,71.98109904649678
34.96,11.090527554856497,12.8486409545282,34.42679472319008,71.98109904649678
34.965,11.178397269196333,12.787107148036972,34.68033825651819,71.98109904649678
34.97,11.258458166614021,12.709258098905838,34.933960108919294,71.98109904649678
34.975,11.330466395117089,12.615532958790302,35.18231933044385,71.98109904649678
34.980000000000004,11.394383514497887,12.505572412886982,35.42789984849142,71.98109904649678
34.985,11.450934189784194,12.380438074699297,35.668265480289136,71.98109904649678
34.99,11.497663128934235,12.239775958332707,35.902429134365725,71.98109904649678
34.995,11.534031943323926,12.083903314050234,36.128728626878996,71.98109904649678
35.0,11.562712651021652,11.915107525909221,36.34292899772052,71.98109904649678
35.005,11.580497830611943,11.732151588386548,36.546873742009836,71.98109904649678
35.01,11.58833010457713,11.537025354493107,36.73847871680946,71.98109904649678
35.015,11.58631242131075,11.33323799612431,36.91798781622967,71.98109904649678
35.02,11.57279996592533,11.120766996644361,37.08275237736845,71.98109904649678
35.025,11.550906912790508,10.900780598243326,37.23144488467242,71.98109904649678
35.03,11.517679589932778,10.673212547984795,37.36438238957646,71.98109904649678
35.035000000000004,11.476516717044566,10.439323672135266,37.48061618192442,71.98109904649678
35.04,11.424596217273908,10.20443437760271,37.57978036606034,71.98109904649678
35.045,11.363428688683243,9.966403136463946,37.65991212448368,71.98109904649678
35.050000000000004,11.293151340450201,9.72690447089795,37.7239600320554,71.98109904649678
35.055,11.214880098320776,9.488821903304757,37.770488946112295,71.98109904649678
35.06,11.128091915997421,9.252942465794591,37.79876222118831,71.98109904649678
35.065,11.03605197311019,9.02281308485347,37.808687077173765,71.98109904649678
35.07,10.935823173180498,8.796447264455473,37.80297916937811,71.98109904649678
35.075,10.828565950871164,8.575090519343524,37.78008236415555,71.98109904649678
35.08,10.716759442721122,8.362647786871687,37.74073791521952,71.98109904649678
35.085,10.599824172988841,8.157690729233476,37.686461554207625,71.98109904649678
35.09,10.47840407866419,7.963053349261864,37.61435427765317,71.98109904649678
35.095,10.352571119516108,7.778800331407892,37.529379769716925,71.98109904649678
35.1,10.223624067871649,7.606587715294045,37.430275334617406,7.006547859327288
35.105000000000004,10.093829058076684,7.121043577630296,37.31833836303049,7.006547859327288
35.11,9.94522276532637,6.650440550430416,37.179879563871566,7.006547859327288
35.115,9.78060324656004,6.195598624027405,37.01547418718394,7.006547859327288
35.12,9.601456679960027,5.759418875563558,36.82411050198368,7.006547859327288
35.125,9.408620344453208,5.3420513345885725,36.608643131666334,7.006547859327288
35.13,9.205114881987694,4.945601964286956,36.3703977656607,7.006547859327288
35.135,8.992348559738765,4.570815456545144,36.1120880475162,7.006547859327288
35.14,8.770930862068834,4.2179657343682795,35.83635374401176,7.006547859327288
35.145,8.543185773309178,3.888022778749704,35.54338402696954,7.006547859327288
35.15,8.31154948883637,3.581105215676359,35.23570813885721,7.006547859327288
35.155,8.074485375038762,3.2971527337299182,34.91311965593552,7.006547859327288
35.160000000000004,7.8350827242161465,3.036175971048579,34.58200111009426,7.006547859327288
35.165,7.594576999867223,2.7993261859448895,34.23886028229961,7.006547859327288
35.17,7.355545091198148,2.5838479138798243,33.88937790253943,7.006547859327288
35.175000000000004,7.116415401779768,2.389041383108845,33.531484846040506,7.006547859327288
35.18,6.881130174093479,2.215340444365019,33.16916130429201,7.006547859327288
35.185,6.648772156232344,2.0616764932383607,32.80322314006605,7.006547859327288
35.19,6.419265079587749,1.9268605096871074,32.43453349126429,7.006547859327288
35.195,6.1955732504811705,1.8112719648891966,32.063671312082874,7.006547859327288
35.2,5.9773040314024675,1.711710748068962,31.692039504851845,7.006547859327288
35.205,5.764519521438953,1.6275492685512505,31.321132843922488,7.006547859327288
35.21,5.557367530494983,1.5584094458521354,30.950195077259576,7.006547859327288
35.215,5.358338863015178,1.503165618890286,30.58043152814581,7.006547859327288
35.22,5.165142158751964,1.4605854667044862,30.213455301918202,7.006547859327288
35.225,4.978342227832679,1.4329160731769433,29.848917911335878,7.006547859327288
35.230000000000004,4.800684622822754,1.4142507783637872,29.486432874927633,7.006547859327288
35.235,4.632349757946147,1.4071310070886736,29.128246137484687,7.006547859327288
35.24,4.471977897171468,1.4095189334215674,28.77190501397191,7.006547859327288
35.245,4.32014291071248,1.4198088731246639,28.41986482389091,7.006547859327288
35.25,4.175739177155445,1.4383288676982895,28.072014199561607,7.006547859327288
35.255,4.038307969759513,1.463947891368612,27.728324003463083,7.006547859327288
35.26,3.910022242837997,1.4972105000469134,27.38849414532753,7.006547859327288
35.265,3.7899698996656714,1.5364348485701937,27.052694921670568,7.006547859327288
35.27,3.676806829023054,1.581566374088383,26.721747616351045,7.006547859327288
35.275,3.5725936649710692,1.6325818838250061,26.39442578287022,7.006547859327288
35.28,3.4761909780567475,1.6884966589578625,26.072690576493795,7.006547859327288
35.285000000000004,3.3861308130716967,1.7464815156615339,25.75377081370238,7.006547859327288
35.29,3.303754333196188,1.8101435130362802,25.440083196733728,7.006547859327288
35.295,3.2287706090314403,1.8783852654862203,25.130393322247848,7.006547859327288
35.300000000000004,3.1609358817271755,1.9500549791366397,24.82586274478639,7.006547859327288
35.305,3.1002444285917257,2.0267381373358373,24.524267137158947,7.006547859327288
35.31,3.0479697844267,2.105266409603723,24.228280769928023,7.006547859327288
35.315,3.0013847612104954,2.187765493623199,23.937224784545496,7.006547859327288
35.32,2.9598626954584915,2.2726672956523957,23.651245709722296,7.006547859327288
35.325,2.9255047949219537,2.3609228626288195,23.36865955542546,7.006547859327288
35.33,2.897552121516337,2.452459815004166,23.090926216420243,7.006547859327288
35.335,2.8754925460606766,2.54594697461195,22.8186691637625,7.006547859327288
35.34,2.859461645010662,2.6428325006286317,22.551819715750867,7.006547859327288
35.345,2.848201465489297,2.7425521240402095,22.28903773598199,7.006547859327288
35.35,2.8435392592227298,2.8463775090886356,22.030465730295724,7.006547859327288
35.355000000000004,2.843004279514886,2.952498770071727,21.77965947155029,7.006547859327288
35.36,2.850429842359095,3.0605860879778684,21.530691460208093,7.006547859327288
35.365,2.8612545855925755,3.173092242774932,21.28668951960639,7.006547859327288
35.37,2.8763357838644614,3.2876852387941584,21.047870555095212,7.006547859327288
35.375,2.8969249569021405,3.4066555627027273,20.814087247622272,7.006547859327288
35.38,2.921862249821253,3.5278021492455593,20.586347857494207,7.006547859327288
35.385,2.9523014241470773,3.6530655833432975,20.363493035102238,7.006547859327288
35.39,2.9886354071657983,3.78356003696674,20.145718466540618,7.006547859327288
35.395,3.0279349662998687,3.9168502346280776,19.93362066675106,7.006547859327288
35.4,3.073695649883352,4.053353782889769,19.726512640369894,7.006547859327288
35.405,3.1221515160924884,4.195500615308382,19.525072355788076,7.006547859327288
35.410000000000004,3.1758570682586593,4.342447279419475,19.330151281039026,7.006547859327288
35.415,3.234913562579839,4.494136972899093,19.14039461034041,7.006547859327288
35.42,3.2971213588340134,4.650249695917512,18.95746954711873,7.006547859327288
35.425000000000004,3.3655479372192203,4.810320733831889,18.780841727840325,7.006547859327288
35.43,3.43862556761937,4.977230470180054,18.61110606629172,7.006547859327288
35.435,3.515146657643588,5.14922926723721,18.448133682407523,7.006547859327288
35.44,3.595955555580364,5.326258580296548,18.291466203825298,7.006547859327288
35.445,3.6819451318108616,5.509054473374902,18.14204685272999,7.006547859327288
35.45,3.773456257385919,5.6970286046909155,18.002049461054003,7.006547859327288
35.455,3.869673123548745,5.891777648862487,17.868060191833045,7.006547859327288
35.46,3.970673054526067,6.093486844016124,17.744013133109675,7.006547859327288
35.465,4.077063796328017,6.3004815776085925,17.627640698085518,7.006547859327288
35.47,4.188559973214677,6.516064486308885,17.520932590455775,7.006547859327288
35.475,4.304430613234943,6.737580395813121,17.4232008080481,7.006547859327288
35.480000000000004,4.427278463991437,6.965850279883069,17.33649115265385,7.006547859327288
35.485,4.554769227772223,7.202572571393657,17.26035043490875,7.006547859327288
35.49,4.686977303454542,7.446735013871382,17.194137541378666,7.006547859327288
35.495,4.824786998136325,7.697835696978151,17.139847057722744,7.006547859327288
35.5,4.969099999260983,7.956221348435183,17.097313049706962,7.006547859327288
35.505,5.118072390713825,8.221430720671817,17.06793585557094,7.006547859327288
35.51,5.273311362148564,8.495121828388344,17.050571314378285,7.006547859327288
35.515,5.435051289348823,8.775682988059911,17.048169321565137,7.006547859327288
35.52,5.601929914211303,9.06365693998594,17.05888457774311,7.006547859327288
35.525,5.774467658350002,9.359966352806287,17.084887334303037,7.006547859327288
35.53,5.953079673499536,9.662892263331752,17.127146481901057,7.006547859327288
35.535000000000004,6.139787313326959,9.973882197601382,17.187108003220505,7.006547859327288
35.54,6.332666575255214,10.291263023270242,17.26501571063884,7.006547859327288
35.545,6.531017027192382,10.61474045058219,17.361021201919407,7.006547859327288
35.550000000000004,6.735329827916637,10.945797194710183,17.47741939110999,7.006547859327288
35.555,6.946026995620957,11.280347327006524,17.613147425223534,7.006547859327288
35.56,7.162573549472,11.61935647884138,17.76809956452608,7.006547859327288
35.565,7.385806552541604,11.96366100457698,17.947375487298586,7.006547859327288
35.57,7.614919503944526,12.3103878380096,18.150356216029593,7.006547859327288
35.575,7.848862396679802,12.658212175963499,18.377226710978668,7.006547859327288
35.58,8.089682453364672,13.007492379221173,18.628326388843963,7.006547859327288
35.585,8.334560419832666,13.356046875253643,18.905402843128883,7.006547859327288
35.59,8.585744015786153,13.704000315916488,19.21040271702903,7.006547859327288
35.595,8.842360747923028,14.048087324394144,19.543393393682894,7.006547859327288
35.6,9.10284536386283,14.38647567404301,19.904795190475657,7.006547859327288
35.605000000000004,9.36757640777034,14.71851593899739,20.295351014958005,7.006547859327288
35.61,9.634785715475822,15.042190095458752,20.714048406665007,7.006547859327288
35.615,9.905684790171115,15.351684524176923,21.162559674994284,7.006547859327288
35.62,10.178668725079897,15.648674807588815,21.640524843406144,7.006547859327288
35.625,10.452623126045708,15.9283575810692,22.148967882615132,7.006547859327288
35.63,10.726573942222775,16.18964438712098,22.685975200333438,7.006547859327288
35.635,10.999951910753609,16.428848618650722,23.25128032736868,7.006547859327288
35.64,11.270442339630927,16.641734458686653,23.84454510926848,7.006547859327288
35.645,11.539053990248272,16.827023382923763,24.4634945281243,7.006547859327288
35.65,11.803796446558533,16.982479004567686,25.1074454083226,7.006547859327288
35.655,12.063284331939009,17.103765870043652,25.774297139098316,7.006547859327288
35.660000000000004,12.31575613274789,17.18729457698526,26.46231784766747,7.006547859327288
35.665,12.558484459746417,17.2314146872154,27.16887014068126,7.006547859327288
35.67,12.79279757321315,17.23272272732342,27.88868603287734,7.006547859327288
35.675000000000004,13.01367235657729,17.188166198932052,28.619424227255976,7.006547859327288
35.68,13.222133886565803,17.097533663473193,29.355953594747717,7.006547859327288
35.685,13.416401827828349,16.958115467575514,30.094694738864764,7.006547859327288
35.69,13.59492368398353,16.769646799507736,30.832108258855428,7.006547859327288
35.695,13.753822388721924,16.529380461248984,31.56146987433028,7.006547859327288
35.7,13.8931194717112,16.236408418649386,32.27821478221913,7.006547859327288
35.705,14.010896774127966,15.892865608206636,32.97446357968361,7.006547859327288
35.71,14.104237150782142,15.499135787952788,33.648289589828124,7.006547859327288
35.715,14.17371287091877,15.057657535516954,34.29289367123358,7.006547859327288
35.72,14.217247069531641,14.570549545009305,34.90279186249853,7.006547859327288
35.725,14.233722587627344,14.041295815238554,35.47403887427815,7.006547859327288
35.730000000000004,14.224492234258042,13.475430941840933,36.000241537138834,7.006547859327288
35.735,14.187624919214366,12.8737852810009,36.479792435158316,7.006547859327288
35.74,14.122319904955564,12.243824172461569,36.90624193520401,7.006547859327288
35.745,14.027418106182907,11.588669869571538,37.278923651887744,7.006547859327288
35.75,13.905259012089784,10.915684542331597,37.594311086075756,7.006547859327288
35.755,13.755646615124057,10.229670002905802,37.852533809668635,7.006547859327288
35.76,13.578417472402565,9.535780005533642,38.05102681622756,7.006547859327288
35.765,13.376371663802647,8.839995608933345,38.191823830563706,7.006547859327288
35.77,13.15037436349248,8.149773518045349,38.27274272666097,7.006547859327288
35.775,12.902209431341666,7.469400057219475,38.298116270870175,7.006547859327288
35.78,12.630363278821108,6.8030192551981665,38.268789513216,7.006547859327288
35.785000000000004,12.33982178268454,6.155679201633473,38.187019546728045,7.006547859327288
35.79,12.031630198412023,5.530836612053966,38.057761201646294,7.006547859327288
35.795,11.707778861949903,4.933273483220131,37.88386527970464,7.006547859327288
35.800000000000004,11.36924333039245,4.36515336463933,37.66736634741881,7.006547859327288
35.805,11.019110888370907,3.8273190899259824,37.41338317365402,7.006547859327288
35.81,10.658959424048854,3.324666039733472,37.12501730013369,7.006547859327288
35.815,10.292111612478786,2.856918641979897,36.80780021363047,7.006547859327288
35.82,9.920693138209801,2.423562338652733,36.464546767146295,7.006547859327288
35.825,9.54709138898991,2.027070875593104,36.0985552186672,7.006547859327288
35.83,9.171619014189492,1.6653967231556432,35.71438000920628,7.006547859327288
35.835,8.79591475526071,1.3386543676962823,35.31462757130311,7.006547859327288
35.84,8.422686097386029,1.0458822314707348,34.90300155916596,7.006547859327288
35.845,8.053872756970193,0.7847984996456032,34.48424094263255,7.006547859327288
35.85,7.690984768962289,0.5550593592771919,34.05652463259708,7.006547859327288
35.855000000000004,7.3342540232883575,0.354341391197603,33.62335496577428,7.006547859327288
35.86,6.9863062324782605,0.18108913718699785,33.188025782465054,7.006547859327288
35.865,6.645713847395533,0.03452240541646967,32.75150780376631,7.006547859327288
35.87,6.315486152540339,-0.08915520455368904,32.316853945420675,7.006547859327288
35.875,5.995182950014957,-0.19026344276617108,31.882275811389647,7.006547859327288
35.88,5.68598945681135,-0.27052932964219406,31.452915676664944,7.006547859327288
35.885,5.387849052282778,-0.3323631180470374,31.0260591658573,7.006547859327288
35.89,5.101957132037712,-0.3751026692379015,30.604488352686076,7.006547859327288
35.895,4.827610610833318,-0.40395505438515017,30.18563180208096,7.006547859327288
35.9,4.5659909092792965,-0.42032401896223565,29.773067269965225,7.006547859327288
35.905,4.316493316348556,-0.422917698627976,29.36638988908219,7.006547859327288
35.910000000000004,4.080447316841121,-0.41401019188074184,28.96507000552677,7.006547859327288
35.915,3.855072826159125,-0.39557575695945607,28.56997418418219,7.006547859327288
35.92,3.642573196524978,-0.3689231789085457,28.180847228726353,7.006547859327288
35.925000000000004,3.442144115988205,-0.33617581277705166,27.79871246381587,7.006547859327288
35.93,3.254043197131157,-0.29576856098452325,27.42218394963916,7.006547859327288
35.935,3.0781176769772407,-0.2514747371575186,27.051447716320492,7.006547859327288
35.94,2.911231936324457,-0.20017281926831412,26.686978803267593,7.006547859327288
35.945,2.755310394029457,-0.14577999703039005,26.327804073038045,7.006547859327288
35.95,2.61067822511935,-0.08748337152130001,25.975166429876516,7.006547859327288
35.955,2.475974191852419,-0.02573816239052009,25.627161928643343,7.006547859327288
35.96,2.34956652410842,0.038371029153443696,25.283599411300223,7.006547859327288
35.965,2.2336314201106786,0.10449557650052721,24.94664014027035,7.006547859327288
35.97,2.126871601919045,0.171916835856744,24.614910200134883,7.006547859327288
35.975,2.030010457558519,0.24184967278665215,24.28917774452812,7.006547859327288
35.980000000000004,1.9400815167210768,0.3138833823175008,23.96829299378762,7.006547859327288
35.985,1.8595918997996983,0.3866937689103582,23.652134910854958,7.006547859327288
35.99,1.7855367277118237,0.4608616490598677,23.341260430656916,7.006547859327288
35.995,1.7184429053904207,0.5341681647904992,23.034506037342652,7.006547859327288
36.0,1.6587243943486922,0.6085509756346916,22.731752649833734,7.006547859327288
36.005,1.6060487195776934,0.6857148553252207,22.433104399810425,7.006547859327288
36.01,1.5592800310457005,0.7617271829665972,22.139643572949463,7.006547859327288
36.015,1.519353530051766,0.8384051601934729,21.85116235159978,7.006547859327288
36.02,1.4857883563298837,0.9168417614294909,21.5659411920901,7.006547859327288
36.025,1.4573210793083435,0.9947699401774529,21.28710100278829,7.006547859327288
36.03,1.4343436732871708,1.0727650445421621,21.011043845722014,7.006547859327288
36.035000000000004,1.4180337883697776,1.1522201088648265,20.738658933050704,7.006547859327288
36.04,1.4046620318005685,1.2347000183949401,20.470968063688083,7.006547859327288
36.045,1.3955444305682576,1.3160022888248708,20.20711579277497,7.006547859327288
36.050000000000004,1.3915639588220508,1.3987157246785549,19.94710351937437,7.006547859327288
36.055,1.3929103682425992,1.4824649689084344,19.69163426437358,7.006547859327288
36.06,1.3961900406588779,1.5681267355890096,19.440172389992096,7.006547859327288
36.065,1.4048999838133245,1.654414430290211,19.19211480677857,7.006547859327288
36.07,1.4174977736569194,1.7425111074672888,18.948353311845334,7.006547859327288
36.075,1.432798224833469,1.8336610730056226,18.707759597897727,7.006547859327288
36.08,1.452387706351432,1.9258579384453058,18.47301457008561,7.006547859327288
36.085,1.4756097902818985,2.019918881049099,18.23957589730537,7.006547859327288
36.09,1.5037275698868893,2.1177067188226584,18.011620960061844,7.006547859327288
36.095,1.5332845895396712,2.2167043478574726,17.786406424235743,7.006547859327288
36.1,1.5676727439158098,2.3197013801822703,17.567471249653213,7.006547859327288
36.105000000000004,1.606069557233425,2.4245966916635973,17.351650093008157,7.006547859327288
36.11,1.6467373834772234,2.5330333021139153,17.13985563937343,7.006547859327288
36.115,1.691566024267549,2.6453358240151488,16.932244769620883,7.006547859327288
36.12,1.7400838909963006,2.760928837170227,16.72977977814342,7.006547859327288
36.125,1.7921787915806426,2.879417094259535,16.530637545871308,7.006547859327288
36.13,1.846249022162872,3.002390360248958,16.33493723119233,7.006547859327288
36.135,1.9033267787741566,3.1303639037839464,16.143317881259854,7.006547859327288
36.14,1.9653260697552317,3.261854871283349,15.95929962593112,7.006547859327288
36.145,2.0305348999020563,3.399538094664706,15.778972506567353,7.006547859327288
36.15,2.0981246836186225,3.54049948816229,15.603233738095218,7.006547859327288
36.155,2.171263221817721,3.6865438453267108,15.431712391663657,7.006547859327288
36.160000000000004,2.2468894965085418,3.8393568199421235,15.266352587523222,7.006547859327288
36.165,2.3269333696979286,3.9986134991832083,15.104496973143917,7.006547859327288
36.17,2.4104815336621654,4.162515368579803,14.950929760693327,7.006547859327288
36.175000000000004,2.499424345613774,4.333416669646607,14.801573396292168,7.006547859327288
36.18,2.5922610937362967,4.510683550528363,14.65853401940421,7.006547859327288
36.185,2.6890597866949926,4.6958357877747225,14.52056071829291,7.006547859327288
36.19,2.7886727051647693,4.88793349584311,14.389102506965015,7.006547859327288
36.195,2.893663289073037,5.089370115166857,14.265448073430461,7.006547859327288
36.2,3.00297057338339,5.297838249958848,14.147314661986709,7.006547859327288
36.205,3.1168891314020026,5.515271919345769,14.039351787098727,7.006547859327288
36.21,3.2357272236847976,5.7409321879906114,13.938057421753308,7.006547859327288
36.215,3.3611284495190525,5.973710695391603,13.8452888092516,7.006547859327288
36.22,3.492411100257969,6.217426513921019,13.760272107894366,7.006547859327288
36.225,3.628876865111759,6.469947774098538,13.68510841556031,7.006547859327288
36.230000000000004,3.7708955596030704,6.731874174600815,13.620253147151894,7.006547859327288
36.235,3.9204079461526913,7.002962307706407,13.564640365449613,7.006547859327288
36.24,4.075738504430982,7.286275041056985,13.522002675482646,7.006547859327288
36.245,4.236535553053793,7.579986302991387,13.49059660102707,7.006547859327288
36.25,4.402587169963792,7.883717152914171,13.47068334770798,7.006547859327288
36.255,4.57615310282443,8.19869912453613,13.464979513287458,7.006547859327288
36.26,4.757140733729928,8.52524967848874,13.473407248060195,7.006547859327288
36.265,4.945772473569744,8.863803293096359,13.497171090753502,7.006547859327288
36.27,5.14036935129263,9.213682735503989,13.536173931224347,7.006547859327288
36.275,5.342767511869528,9.574456359376269,13.592681390002156,7.006547859327288
36.28,5.553678698316346,9.945978022783423,13.6678333006043,7.006547859327288
36.285000000000004,5.7718153954818305,10.327611915119464,13.761829268409697,7.006547859327288
36.29,6.000601295569044,10.722497892447338,13.876235628299854,7.006547859327288
36.295,6.236284849412544,11.126397116140755,14.013701157241004,7.006547859327288
36.300000000000004,6.479828296733946,11.541083903203079,14.173777709433104,7.006547859327288
36.305,6.7336727959300475,11.966067023454778,14.358862881093264,7.006547859327288
36.31,6.994857142304978,12.399935203226264,14.569745574151302,7.006547859327288
36.315,7.2652279132378474,12.844602329971751,14.809730433113367,7.006547859327288
36.32,7.545018786631143,13.294218737440879,15.077492431972917,7.006547859327288
36.325,7.833383636639861,13.750235101220262,15.378361221569318,7.006547859327288
36.33,8.129686345423671,14.209749176064554,15.712147888197324,7.006547859327288
36.335,8.433918933481513,14.673150177564676,16.07976592677606,7.006547859327288
36.34,8.746584198306788,15.13777694172537,16.483162823244754,7.006547859327288
36.345,9.06682875064253,15.601084944369296,16.924754293368377,7.006547859327288
36.35,9.394001450681678,16.06031984019718,17.40709768438156,7.006547859327288
36.355000000000004,9.727971571243122,16.51262391526484,17.929139583987183,7.006547859327288
36.36,10.066436508174737,16.95463090498057,18.49443825817368,7.006547859327288
36.365,10.409421316181506,17.383501783842437,19.1003494329428,7.006547859327288
36.37,10.759178125435225,17.794486967115937,19.750142847852892,7.006547859327288
36.375,11.11125942673301,18.184447201197756,20.44428270055025,7.006547859327288
36.38,11.466762224473777,18.548269173720858,21.182871736195533,7.006547859327288
36.385,11.820153167195704,18.881156078091244,21.963700835236203,7.006547859327288
36.39,12.173134633182249,19.178945023394363,22.786671967996195,7.006547859327288
36.395,12.523939665110465,19.436296243462678,23.650175224326432,7.006547859327288
36.4,12.868921753081812,19.646353849328577,24.551661221016104,7.006547859327288
36.405,13.207225422678341,19.804777089472175,25.48931959060645,7.006547859327288
36.410000000000004,13.536514311588725,19.90646101740982,26.457519050171946,7.006547859327288
36.415,13.8544763559246,19.945460048237557,27.452379516618258,7.006547859327288
36.42,14.158955300078869,19.91898698807265,28.468100020269166,7.006547859327288
36.425000000000004,14.447064689068158,19.822321833129468,29.50000259504053,7.006547859327288
36.43,14.715350415862837,19.649723304951628,30.540097690331912,7.006547859327288
36.435,14.963391125062818,19.399874748576984,31.577924211371702,7.006547859327288
36.44,15.184565081449984,19.069959276939596,32.609381907165506,7.006547859327288
36.445,15.378271139231682,18.659634667458473,33.62298127149417,7.006547859327288
36.45,15.542720047274598,18.169040600987877,34.6092525599754,7.006547859327288
36.455,15.674818071738768,17.599143560609125,35.55915872871052,7.006547859327288
36.46,15.7710049944319,16.954928779463653,36.46351969144655,7.006547859327288
36.465,15.829882257129759,16.23836691129633,37.313882354626315,7.006547859327288
36.47,15.850035729635573,15.454731833242098,38.101245246425776,7.006547859327288
36.475,15.830088161155746,14.612366809566211,38.817589644421034,7.006547859327288
36.480000000000004,15.769025120889577,13.718165949190212,39.45647928257138,7.006547859327288
36.485,15.666838342668004,12.781928689776112,40.01129946598227,7.006547859327288
36.49,15.524062999328297,11.813116910426121,40.47861196692663,7.006547859327288
36.495,15.339787869951847,10.819610746334815,40.85492277828764,7.006547859327288
36.5,15.113701782036113,9.814646861760687,41.13910137961176,7.006547859327288
36.505,14.847906227769919,8.806209615567546,41.333055137136846,7.006547859327288
36.51,14.546261571798988,7.8066003518180205,41.43586068899949,7.006547859327288
36.515,14.209183435225778,6.824583663638037,41.45038898972793,7.006547859327288
36.52,13.841436335532281,5.8708785273464645,41.38291946534013,7.006547859327288
36.525,13.443015615966017,4.949436653145643,41.23678570778766,7.006547859327288
36.53,13.018153343000904,4.0697645248703775,41.01997903632873,7.006547859327288
36.535000000000004,12.570717947290522,3.236499290743798,40.737492032482784,7.006547859327288
36.54,12.103740215394765,2.455080095294123,40.39774425802895,7.006547859327288
36.545,11.622137532200648,1.7279110813111718,40.00828837013283,7.006547859327288
36.550000000000004,11.126500856620712,1.055623292193081,39.57522902787887,7.006547859327288
36.555,10.62329141201053,0.4418116927679131,39.1073267079258,7.006547859327288
36.56,10.112867762524182,-0.11508380630426462,38.60827341833062,7.006547859327288
36.565,9.600423226931715,-0.6155228051230035,38.087130634844165,7.006547859327288
36.57,9.090041162034932,-1.0617380885964134,37.54916303741596,7.006547859327288
36.575,8.58192686678222,-1.4558641773576677,37.00037028066487,7.006547859327288
36.58,8.07991250605278,-1.7993488061810727,36.443513155473966,7.006547859327288
36.585,7.585369413015529,-2.0960962205360834,35.88465123806946,7.006547859327288
36.59,7.101363146502955,-2.3488478887976796,35.32668033484031,7.006547859327288
36.595,6.629025889537842,-2.5631963589907856,34.77281055848782,7.006547859327288
36.6,6.1698134673530545,-2.7414133262523017,34.22458108196531,7.006547859327288
36.605000000000004,5.724244138709171,-2.885268579190711,33.683999042691475,7.006547859327288
36.61,5.293488808432868,-2.997952332932839,33.15201140215841,7.006547859327288
36.615,4.879944467376604,-3.083895793322974,32.631817100657535,7.006547859327288
36.62,4.482477239092515,-3.1464667278384155,32.12103618633494,7.006547859327288
36.625,4.10105262220177,-3.1884307740008393,31.622756805044208,7.006547859327288
36.63,3.736521964306324,-3.212536267719034,31.13624694271759,7.006547859327288
36.635,3.3888304231492636,-3.2205053739319323,30.660816988528715,7.006547859327288
36.64,3.058611365741802,-3.2145767009415795,30.196395971114306,7.006547859327288
36.645,2.743875333167441,-3.1968489103770166,29.743437763109263,7.006547859327288
36.65,2.446174240604853,-3.1699999873319245,29.30213980577733,7.006547859327288
36.655,2.1649902551359306,-3.1350267398240375,28.872846630068832,7.006547859327288
36.660000000000004,1.9002129887209247,-3.093563884347355,28.4536827933628,7.006547859327288
36.665,1.6511068661705586,-3.0471950998928654,28.04520879452066,7.006547859327288
36.67,1.414955413001785,-2.9978700653237254,27.644473779986598,7.006547859327288
36.675000000000004,1.1939603073094998,-2.9459005783103023,27.25446703259322,7.006547859327288
36.68,0.9858467663897941,-2.892433336836546,26.873535184470146,7.006547859327288
36.685,0.7918614298091001,-2.8368448603016287,26.50077492553518,7.006547859327288
36.69,0.6095797613528033,-2.781782973205499,26.136640877764503,7.006547859327288
36.695,0.440340754317053,-2.726943608341421,25.780967983980418,7.006547859327288
36.7,0.2821687431463623,-2.673489141493843,25.430929987729147,7.006547859327288
36.705,0.13417028315243076,-2.6199786091164134,25.088140183457373,7.006547859327288
36.71,-0.0034498902980238944,-2.570049014699129,24.752866345063453,7.006547859327288
36.715,-0.1309822278992869,-2.5219976981022914,24.42231012798997,7.006547859327288
36.72,-0.2504037824624765,-2.4768331785588598,24.097747317633335,7.006547859327288
36.725,-0.36071166842653946,-2.432942234887547,23.78021538697541,7.006547859327288
36.730000000000004,-0.4647931030151054,-2.3942797238991083,23.466518915890966,7.006547859327288
36.735,-0.5602876580144301,-2.3580417408366654,23.158453693701535,7.006547859327288
36.74,-0.6492092595293938,-2.324799672509213,22.85640942777545,7.006547859327288
36.745,-0.7323928771323048,-2.2948257896826547,22.558302430858756,7.006547859327288
36.75,-0.8100301610802716,-2.268722719504644,22.265695268624896,7.006547859327288
36.755,-0.8835214761378202,-2.245570365039003,21.97809063257599,7.006547859327288
36.76,-0.9518434904871382,-2.2255883113918347,21.694197063788934,7.006547859327288
36.765,-1.0152935513674473,-2.2083426039665683,21.41688106086547,7.006547859327288
36.77,-1.0747552351711909,-2.1953751851175975,21.1427475425565,7.006547859327288
36.775,-1.1315020284515234,-2.1849499126755116,20.872700779229206,7.006547859327288
36.78,-1.1848152596863206,-2.1797427732665073,20.60712734774964,7.006547859327288
36.785000000000004,-1.2339184071105773,-2.1768370562754296,20.345552074526243,7.006547859327288
36.79,-1.2822719873079553,-2.177542105241132,20.08727317725269,7.006547859327288
36.795,-1.327200048688614,-2.1816354933284723,19.833513992405567,7.006547859327288
36.800000000000004,-1.3695046943737317,-2.189853546826863,19.58387088516702,7.006547859327288
36.805,-1.4096050777677462,-2.2005536807265846,19.339086877348432,7.006547859327288
36.81,-1.4482996535145933,-2.216123065028282,19.096232000074725,7.006547859327288
36.815,-1.4874103515032262,-2.23483538177289,18.85730051821157,7.006547859327288
36.82,-1.5243519729492114,-2.2549746152671966,18.623777932795857,7.006547859327288
36.825,-1.5603956151638159,-2.2802852560563394,18.392666126969857,7.006547859327288
36.83,-1.595430587729752,-2.3082631599803496,18.16574592334274,7.006547859327288
36.835,-1.6306249603737777,-2.3399386785086618,17.942122167368584,7.006547859327288
36.84,-1.6657591266993619,-2.375858346513329,17.722155893703,7.006547859327288
36.845,-1.7002127237124174,-2.414643753844358,17.50658603349607,7.006547859327288
36.85,-1.7369463238885734,-2.457452721702459,17.293650317075553,7.006547859327288
36.855000000000004,-1.774018995627038,-2.502290524431843,17.084757720886074,7.006547859327288
36.86,-1.8108090863464692,-2.5525401693100873,16.87980697060562,7.006547859327288
36.865,-1.8464751797090726,-2.606332725653634,16.677085779346857,7.006547859327288
36.87,-1.8845906122633864,-2.662347368769005,16.47872628009944,7.006547859327288
36.875,-1.923005733860697,-2.722994946988921,16.28413698761193,7.006547859327288
36.88,-1.9621116364482767,-2.7873894704142215,16.093037638380522,7.006547859327288
36.885,-2.003482832978423,-2.855679722370195,15.906112111027568,7.006547859327288
36.89,-2.0459545511376644,-2.9268897311166446,15.722754143112263,7.006547859327288
36.895,-2.090435208838594,-3.0027006187308247,15.54336869861518,7.006547859327288
36.9,-2.1366823182685595,-3.0827231314347063,15.367892409318562,7.006547859327288
36.905,-2.1850305424586787,-3.168053901729283,15.195226535473404,7.006547859327288
36.910000000000004,-2.2338617982932623,-3.2569569103297353,15.028592220367868,7.006547859327288
36.915,-2.284658294679731,-3.350158817550931,14.86460784116016,7.006547859327288
36.92,-2.3381701997343893,-3.44875012856915,14.70384109914485,7.006547859327288
36.925000000000004,-2.392109579944759,-3.5517432156361783,14.547989255733327,7.006547859327288
36.93,-2.4504571472117314,-3.6594969157640893,14.397502046229839,7.006547859327288
36.935,-2.5092819044006016,-3.7743585298382745,14.250562633375795,7.006547859327288
36.94,-2.573243903007619,-3.89311877216688,14.10908062331071,7.006547859327288
36.945,-2.639023723294141,-4.016453693077184,13.970260361882337,7.006547859327288
36.95,-2.7084797379518606,-4.146175300152786,13.836501399639682,7.006547859327288
36.955,-2.7802118792853237,-4.282205167452438,13.708721808892527,7.006547859327288
36.96,-2.8554904948962365,-4.425033356004383,13.584910488007964,7.006547859327288
36.965,-2.932509975095098,-4.573343625855445,13.465960998089727,7.006547859327288
36.97,-3.013653233185773,-4.729397331146805,13.354161101385118,7.006547859327288
36.975,-3.098760722229131,-4.890442630551312,13.247535966578862,7.006547859327288
36.980000000000004,-3.1888140479537013,-5.060325830647122,13.14637824730114,7.006547859327288
36.985,-3.2809881247710924,-5.236866138301953,13.051878663194575,7.006547859327288
36.99,-3.3787273977767796,-5.420725825621351,12.964355987130338,7.006547859327288
36.995,-3.4810283105075945,-5.612780088040523,12.883410798951815,7.006547859327288
37.0,-3.5881277867818806,-5.812956220260073,12.809836822458818,7.006547859327288
37.005,-3.699987843594798,-6.022887341704838,12.741665737043615,7.006547859327288
37.01,-3.81721368284666,-6.240333809788166,12.682154425366816,7.006547859327288
37.015,-3.93965746875622,-6.465839950309026,12.631677059754882,7.006547859327288
37.02,-4.066589773803578,-6.702413989472571,12.591740569635798,7.006547859327288
37.025,-4.197350864470118,-6.946791453929934,12.560647981148339,7.006547859327288
37.03,-4.335290291906697,-7.201132191137203,12.53774896893864,7.006547859327288
37.035000000000004,-4.478786423710537,-7.464683263752832,12.52541343863762,7.006547859327288
37.04,-4.628943143140808,-7.739178950637135,12.52412415493282,7.006547859327288
37.045,-4.783135797305495,-8.023594208026823,12.536065442646555,7.006547859327288
37.050000000000004,-4.945441667271437,-8.318138199736632,12.560540891617086,7.006547859327288
37.055,-5.113659093973621,-8.622644133626569,12.598045609783643,7.006547859327288
37.06,-5.289851633938132,-8.938920025590884,12.649669181473064,7.006547859327288
37.065,-5.472830331652696,-9.265038661176748,12.718065995740009,7.006547859327288
37.07,-5.663396923259754,-9.601418382052927,12.802114150343767,7.006547859327288
37.075,-5.860105156641894,-9.947128835396716,12.903549387920567,7.006547859327288
37.08,-6.064669815614878,-10.304462144419684,13.021920685753429,7.006547859327288
37.085,-6.277010660110021,-10.671674809956711,13.160468190049528,7.006547859327288
37.09,-6.4976978062563795,-11.048374655406343,13.319340085858915,7.006547859327288
37.095,-6.72534981457792,-11.435338520883315,13.501620257094302,7.006547859327288
37.1,-6.9597007405935285,-11.831537726450307,13.705343691808025,7.006547859327288
37.105000000000004,-7.2037317658837825,-12.235028537307452,13.93337319968857,7.006547859327288
37.11,-7.454831011634889,-12.644254271134267,14.187561742283762,7.006547859327288
37.115,-7.7140142218130565,-13.061410440126824,14.469560710999774,7.006547859327288
37.12,-7.981476924017579,-13.484207969473234,14.78046197401944,7.006547859327288
37.125,-8.256884539810798,-13.909554987065846,15.12036681707275,7.006547859327288
37.13,-8.538413398044614,-14.337182012799605,15.493489155726191,7.006547859327288
37.135,-8.829131788356293,-14.764937282026306,15.899232904669072,7.006547859327288
37.14,-9.12494519718696,-15.190316685566486,16.340098078412378,7.006547859327288
37.145,-9.427341818020516,-15.611754122620775,16.815854381534763,7.006547859327288
37.15,-9.736567839942918,-16.025218965118498,17.327977109879832,7.006547859327288
37.155,-10.04856636740226,-16.429726242384486,17.87739398910706,7.006547859327288
37.160000000000004,-10.367456772720056,-16.820953475016598,18.464528116477606,7.006547859327288
37.165,-10.690165096063623,-17.1968912859758,19.090485958465884,7.006547859327288
37.17,-11.016262711691844,-17.55138758551332,19.755681159750488,7.006547859327288
37.175000000000004,-11.344603324804407,-17.882851429228914,20.45869370081097,7.006547859327288
37.18,-11.671030552948501,-18.185702464005384,21.199516470950925,7.006547859327288
37.185,-11.996945725537863,-18.455559576755846,21.97767111104878,7.006547859327288
37.19,-12.318259516360543,-18.68891534243462,22.791632627939723,7.006547859327288
37.195,-12.637305066168,-18.880023979146902,23.63752315887161,7.006547859327288
37.2,-12.948596357839838,-19.0267746730299,24.51599059842097,7.006547859327288
37.205,-13.252113741410062,-19.121929603474413,25.420201204058344,7.006547859327288
37.21,-13.545464363698073,-19.161782977720158,26.348891216341702,7.006547859327288
37.215,-13.826983113261111,-19.143376534080737,27.295138149430603,7.006547859327288
37.22,-14.09299679103916,-19.0609993433459,28.25567872172041,7.006547859327288
37.225,-14.342813573960242,-18.9134264134041,29.220040716608853,7.006547859327288
37.230000000000004,-14.57034494963891,-18.696917787438608,30.18644079587829,7.006547859327288
37.235,-14.776814111199105,-18.409776449083264,31.145298958031617,7.006547859327288
37.24,-14.958954486414807,-18.050415913442073,32.089636138882085,7.006547859327288
37.245,-15.114241223684346,-17.618873589534324,33.01157290876035,7.006547859327288
37.25,-15.240154066986122,-17.118349462348334,33.902502417964,7.006547859327288
37.255,-15.334759955949192,-16.547216655242533,34.75423515709926,7.006547859327288
37.26,-15.395530256477612,-15.912656381909576,35.55943155624686,7.006547859327288
37.265,-15.421052121885879,-15.214221189158039,36.309983787189594,7.006547859327288
37.27,-15.409785885193921,-14.461613244173588,36.9988341941013,7.006547859327288
37.275,-15.36157578245218,-13.660803808061456,37.61872606775642,7.006547859327288
37.28,-15.275607515255544,-12.818833338118242,38.16582275096978,7.006547859327288
37.285000000000004,-15.152285012361927,-11.943137021895328,38.63556148839811,7.006547859327288
37.29,-14.992627073862646,-11.042880211884562,39.02445396324907,7.006547859327288
37.295,-14.795862505475608,-10.126343122812665,39.33228539909288,7.006547859327288
37.300000000000004,-14.562846782145892,-9.202054377973559,39.557311315631196,7.006547859327288
37.305,-14.294351774414537,-8.279457712662035,39.700473252186036,7.006547859327288
37.31,-13.992014963114622,-7.366351975329659,39.76231345483518,7.006547859327288
37.315,-13.660571144578038,-6.471390962606278,39.7470483815005,7.006547859327288
37.32,-13.302102378922653,-5.601190676350082,39.658681620283375,7.006547859327288
37.325,-12.916626130682749,-4.763066378315451,39.502987368736754,7.006547859327288
37.33,-12.50805063333971,-3.961380351914708,39.2839467230897,7.006547859327288
37.335,-12.080507806297042,-3.2002262930405814,39.0068996676122,7.006547859327288
37.34,-11.63678097732729,-2.4857020874305253,38.6806758925967,7.006547859327288
37.345,-11.179413872597712,-1.8169315255418605,38.310602938164635,7.006547859327288
37.35,-10.711157191769516,-1.196246353166054,37.90143393139326,7.006547859327288
37.355000000000004,-10.236438285750419,-0.6245814440026773,37.45861843493067,7.006547859327288
37.36,-9.755785058427895,-0.10311618555968605,36.990523871552185,7.006547859327288
37.365,-9.27380269900134,0.37059217017633417,36.502556214491534,7.006547859327288
37.37,-8.792335518622977,0.7979980183507696,35.99982100378339,7.006547859327288
37.375,-8.313433365392012,1.1817853790813275,35.48417852349983,7.006547859327288
37.38,-7.838566818928552,1.5230067183821052,34.961063814863074,7.006547859327288
37.385,-7.370777808264025,1.8233135534287683,34.4357666122601,7.006547859327288
37.39,-6.91164299113554,2.0861795872218374,33.90981992904545,7.006547859327288
37.395,-6.461160684009034,2.3157260144690315,33.38513823548271,7.006547859327288
37.4,-6.022143360411245,2.5129417567871455,32.864308420401855,7.006547859327288
37.405,-5.5956862866194905,2.681610511150105,32.35064947840334,7.006547859327288
37.410000000000004,-5.181465010842355,2.8252088993371407,31.843854076566824,7.006547859327288
37.415,-4.781413861395638,2.9462206739889396,31.34521220480573,7.006547859327288
37.42,-4.394394778292772,3.0465710345988213,30.85699008673192,7.006547859327288
37.425000000000004,-4.022546575334176,3.129238521441935,30.378711301099887,7.006547859327288
37.43,-3.666112733237472,3.19588981216233,29.909640072640368,7.006547859327288
37.435,-3.3234453172251373,3.252180487360398,29.45148986770916,7.006547859327288
37.44,-2.995195780914694,3.2948336678447583,29.004078058940593,7.006547859327288
37.445,-2.680239535159421,3.327945455556629,28.567790041215993,7.006547859327288
37.45,-2.378710304373002,3.3537708793074157,28.14078099625717,7.006547859327288
37.455,-2.0915607963778924,3.3743442733004394,27.7249225398274,7.006547859327288
37.46,-1.8186477914471881,3.389761794726324,27.320391224219875,7.006547859327288
37.465,-1.5569312735475114,3.402559104685421,26.92557718909434,7.006547859327288
37.47,-1.3086936503263402,3.4118848146071716,26.540497964967173,7.006547859327288
37.475,-1.0721407184430525,3.4203169024883717,26.16546315764762,7.006547859327288
37.480000000000004,-0.8477282904235017,3.4290322775963253,25.79748738259111,7.006547859327288
37.485,-0.6350230673989564,3.4365493793691018,25.4399104970678,7.006547859327288
37.49,-0.43098066610253133,3.4459164496662744,25.08910973480603,7.006547859327288
37.495,-0.2365855757059788,3.4580525740745327,24.747938675447852,7.006547859327288
37.5,-0.05208388607685743,3.4729207988404567,24.415182498851056,7.006547859327288
37.505,0.12372330987806823,3.489296707723336,24.089385742559195,7.006547859327288
37.51,0.29389989082443785,3.509786810663423,23.77005685018104,7.006547859327288
37.515,0.4537747568685355,3.534038293083237,23.456501534740077,7.006547859327288
37.52,0.6062726925007167,3.5621374606639833,23.151799274813705,-78.90284541670091
37.525,0.7531934328361991,3.163170752563633,22.85380598307036,-78.90284541670091
37.53,0.8753972470732841,2.772391609029032,22.561813218684364,-78.90284541670091
37.535000000000004,0.9705857327353635,2.388991569191403,22.272338441253975,-78.90284541670091
37.54,1.0417367943927447,2.009290921570164,21.98584785739112,-78.90284541670091
37.545,1.0889294404688736,1.6367719363426603,21.70276082857047,-78.90284541670091
37.550000000000004,1.115164346806865,1.2674873990022006,21.422701223004026,-78.90284541670091
37.555,1.122421221162243,0.9039458853226177,21.142073451364496,-78.90284541670091
37.56,1.1121345387935575,0.5438620661915263,20.865524203546588,-78.90284541670091
37.565,1.083982338264763,0.18619604900208525,20.59002917180685,-78.90284541670091
37.57,1.0391947486911441,-0.17004583678303736,20.315712474726418,-78.90284541670091
37.575,0.9778433696083936,-0.525322732399877,20.04382695146726,-78.90284541670091
37.58,0.9027333748014218,-0.877859302935147,19.77353021562613,-78.90284541670091
37.585,0.814132074082109,-1.231083123202224,19.506344131137215,-78.90284541670091
37.59,0.7129209615860035,-1.5850638161813577,19.241565556073912,-78.90284541670091
37.595,0.598629902648366,-1.9398665493883585,18.979761551403,-78.90284541670091
37.6,0.4703694886143239,-2.297458247140739,18.720869086672515,-78.90284541670091
37.605000000000004,0.33229541300075194,-2.659348156083501,18.467258844239307,-78.90284541670091
37.61,0.1827381105529204,-3.024216416160602,18.216510588510758,-78.90284541670091
37.615,0.02179679294457973,-3.396155273132832,17.969863640129425,-78.90284541670091
37.62,-0.15016734405855364,-3.771693351103661,17.73076537001961,-78.90284541670091
37.625,-0.3312239562293397,-4.155419494592015,17.49681195543824,-78.90284541670091
37.63,-0.5231076907960549,-4.546620309343151,17.26996689613486,-78.90284541670091
37.635,-0.7254765166701991,-4.946434766684779,17.05101203312488,-78.90284541670091
37.64,-0.9360586546220313,-5.355545908194314,16.842984269268456,-78.90284541670091
37.645,-1.156948484496211,-5.775138497676849,16.64375990281964,-78.90284541670091
37.65,-1.3876035574682661,-6.207037634369634,16.455406563902965,-78.90284541670091
37.655,-1.6268345031274214,-6.651403659966347,16.27820383798707,-78.90284541670091
37.660000000000004,-1.8767650109998126,-7.107811667921631,16.115576153677463,-78.90284541670091
37.665,-2.1385670315264003,-7.578201083009091,15.96685644638148,-78.90284541670091
37.67,-2.4101913406258384,-8.063217588719082,15.835077169474918,-78.90284541670091
37.675000000000004,-2.693521666927426,-8.564489062535202,15.721840378334292,-78.90284541670091
37.68,-2.988097037847712,-9.08098801446765,15.628895824185708,-78.90284541670091
37.685,-3.2939376394446063,-9.61443822049164,15.557030173848501,-78.90284541670091
37.69,-3.6086529111698753,-10.166374515375653,15.507078477669609,-78.90284541670091
37.695,-3.935811118327256,-10.735423043163127,15.484012398512132,-78.90284541670091
37.7,-4.275157500338175,-11.322418187770873,15.488174374167238,-78.90284541670091
37.705,-4.627057021503433,-11.92832125877574,15.523682990780047,-78.90284541670091
37.71,-4.9930405557616195,-12.552263993569104,15.591576497774767,-78.90284541670091
37.715,-5.369722503722027,-13.193873117506946,15.696939102011397,-78.90284541670091
37.72,-5.760975234900922,-13.852974369827995,15.842706018672654,-78.90284541670091
37.725,-6.1652279352576596,-14.527623570201916,16.03129431174441,-78.90284541670091
37.730000000000004,-6.5846168117348265,-15.21755707062277,16.264482089019936,-78.90284541670091
37.735,-7.016532415231806,-15.922548495160013,16.54886571847754,-78.90284541670091
37.74,-7.461188905091959,-16.63866382851998,16.887191766513528,-78.90284541670091
37.745,-7.919928850455102,-17.3649649265636,17.28212715247439,-78.90284541670091
37.75,-8.392725309774852,-18.096271783390094,17.739926717040266,-78.90284541670091
37.755,-8.877988173496753,-18.83000496916645,18.262060695492657,-78.90284541670091
37.76,-9.376079627394152,-19.562717961447138,18.852334580268863,-78.90284541670091
37.765,-9.885407989971014,-20.288377793497776,19.518243232977575,-78.90284541670091
37.77,-10.406243730986791,-21.000673286438186,20.260370460613395,-78.90284541670091
37.775,-10.935490106584416,-21.6922362385336,21.082860303404075,-78.90284541670091
37.78,-11.473516788874198,-22.35792166081658,21.989133726873952,-78.90284541670091
37.785000000000004,-12.016981508652313,-22.985251453893916,22.978790200778768,-78.90284541670091
37.79,-12.565936162889649,-23.566026834386573,24.053095884857292,-78.90284541670091
37.795,-13.116037635892674,-24.091489689374445,25.212861716120113,-78.90284541670091
37.800000000000004,-13.665528167301153,-24.548067110341112,26.457402594864206,-78.90284541670091
37.805,-14.210061480858013,-24.924431377458205,27.780947366325318,-78.90284541670091
37.81,-14.745974638315873,-25.21080797079209,29.179916596719195,-78.90284541670091
37.815,-15.270417457838047,-25.39212955906013,30.649032490302783,-78.90284541670091
37.82,-15.776189644733885,-25.45749276368978,32.17871462595303,-78.90284541670091
37.825,-16.25970664079149,-25.395881138966274,33.758098094766,-78.90284541670091
37.83,-16.716785500788994,-25.194819965317997,35.371577542939725,-78.90284541670091
37.835,-17.140883312520828,-24.84705639185935,37.00667767328554,-78.90284541670091
37.84,-17.527522608632886,-24.34570559002087,38.643818029882055,-78.90284541670091
37.845,-17.867845860871565,-23.685958319766247,40.26141789247386,-78.90284541670091
37.85,-18.159203161676924,-22.86669573522697,41.840325682457134,-78.90284541670091
37.855000000000004,-18.394550826172846,-21.890728588384203,43.358926366640446,-78.90284541670091
37.86,-18.569725492378087,-20.76239947419757,44.794482151082185,-78.90284541670091
37.865,-18.678832897971716,-19.494742283044097,46.125377809358696,-78.90284541670091
37.87,-18.720256872958203,-18.099203036482685,47.3318020260326,-78.90284541670091
37.875,-18.689388460348837,-16.5926878811549,48.39605334687733,-78.90284541670091
37.88,-18.584490944478713,-14.99795027404798,49.30029302218055,-78.90284541670091
37.885,-18.405474327881908,-13.338727388401397,50.03760949416351,-78.90284541670091
37.89,-18.151242430830084,-11.638979130088911,50.59870906663295,-78.90284541670091
37.895,-17.825235142647475,-9.92527109910597,50.980245213598195,-78.90284541670091
37.9,-17.430385866355113,-8.222372602339199,51.18446770635774,-78.90284541670091
37.905,-16.970072832013518,-6.554797678293881,51.21837934018281,-78.90284541670091
37.910000000000004,-16.44869997680338,-4.946346268407376,51.091949109405824,-78.90284541670091
37.915,-15.874379374235403,-3.4167262918657713,50.81795766925508,-78.90284541670091
37.92,-15.252377511752707,-1.9833555620204188,50.41214654595613,-78.90284541670091
37.925000000000004,-14.58931604292591,-0.6589773570161332,49.89253669343737,-78.90284541670091
37.93,-13.892710886025586,0.546352401773474,49.275491573276796,-78.90284541670091
37.935,-13.170434634145911,1.6273116802777245,48.57952810905659,-78.90284541670091
37.94,-12.430301024121034,2.580236165980155,47.82421099459891,-78.90284541670091
37.945,-11.680884976207723,3.4056780384903163,47.0257789284523,-78.90284541670091
37.95,-10.926342037060598,4.1049631507344655,46.19952761684892,-78.90284541670091
37.955,-10.174415553722783,4.683657718132124,45.35851536179434,-78.90284541670091
37.96,-9.43201810970311,5.150179988914579,44.51524846086691,-78.90284541670091
37.965,-8.704057207174781,5.508662938170683,43.6783595178076,-78.90284541670091
37.97,-7.994325041603349,5.76876935984959,42.85575747236809,-78.90284541670091
37.975,-7.307186545693414,5.938770447965027,42.05426010799317,-78.90284541670091
37.980000000000004,-6.64476078764177,6.027161700538989,41.2755208758555,-78.90284541670091
37.985,-6.010785015605658,6.0440338993447575,40.52475953018277,-78.90284541670091
37.99,-5.408102234276618,5.996446974540623,39.80200559589972,-78.90284541670091
37.995,-4.838496847651163,5.889808514998509,39.110403204505396,-78.90284541670091
38.0,-4.302679160220505,5.734562251064518,38.446058365772394,-78.90284541670091
38.005,-3.801166026555479,5.536726507355079,37.809804024377314,-78.90284541670091
38.01,-3.333456025142612,5.300798264722143,37.201067020549296,-78.90284541670091
38.015,-2.901759365031581,5.0330568938423985,36.61524959879914,-78.90284541670091
38.02,-2.5042266746587334,4.737337497912399,36.054356483187284,-78.90284541670091
38.025,-2.1426299408615415,4.419551160839595,35.51463829809256,-78.90284541670091
38.03,-1.8140520411625662,4.083058530806596,34.99533206542343,-78.90284541670091
38.035000000000004,-1.519524679230864,3.73100658117025,34.49095035528885,-78.90284541670091
38.04,-1.2575812898967904,3.3663820337151256,34.003270741213015,-78.90284541670091
38.045,-1.0256107563548538,2.9923398065596594,33.52936699798955,-78.90284541670091
38.050000000000004,-0.8239621384962632,2.6117732053818594,33.06596891433049,-78.90284541670091
38.055,-0.6513754681479496,2.2252865805928295,32.61504387227219,-78.90284541670091
38.06,-0.5075181744649084,1.8359111902856742,32.17221062978707,-78.90284541670091
38.065,-0.3911770571919876,1.4419573347060386,31.737442022364046,-78.90284541670091
38.07,-0.2999668349431006,1.047791663745486,31.31129602914837,-78.90284541670091
38.075,-0.2328990436967109,0.6530472601138606,30.89279398885067,-78.90284541670091
38.08,-0.18802130911606785,0.25985079624595697,30.478808529872325,-78.90284541670091
38.085,-0.1656083291375428,-0.1344214045034216,30.072814786804923,-78.90284541670091
38.09,-0.16485851190907663,-0.5276151083123635,29.67135576650991,-78.90284541670091
38.095,-0.1835376577484875,-0.917901437670526,29.275315548642887,-78.90284541670091
38.1,-0.2206181503839251,-1.3067747245467993,28.88565053209981,-78.90284541670091
38.105000000000004,-0.2757696296392839,-1.693782842168817,28.502141146157005,-78.90284541670091
38.11,-0.34680343780743356,-2.080743047060679,28.124687140409844,-78.90284541670091
38.115,-0.43338562282009996,-2.4639366664217537,27.752184104900973,-78.90284541670091
38.12,-0.5355444768210328,-2.846441714906944,27.387775927840043,-78.90284541670091
38.125,-0.6504403346844007,-3.2286879507082555,27.029832852691413,-78.90284541670091
38.13,-0.7800325250968376,-3.6105420382628783,26.680015092853065,-78.90284541670091
38.135,-0.9214567800823765,-3.992450307881488,26.338580503321047,-78.90284541670091
38.14,-1.074975880639074,-4.3734050872972245,26.00542351367186,-78.90284541670091
38.145,-1.239695315662125,-4.756109669157289,25.68232536576066,-78.90284541670091
38.15,-1.4149399022142202,-5.140135393690728,25.369430395533666,-78.90284541670091
38.155,-1.6010274171102137,-5.527531336451506,25.066978292194573,-78.90284541670091
38.160000000000004,-1.79699935570446,-5.917450587040147,24.776461063654168,-78.90284541670091
38.165,-2.0037085347736894,-6.311809528899296,24.499573131378018,-78.90284541670091
38.17,-2.219357512392781,-6.709127505537024,24.23556794695042,-78.90284541670091
38.175000000000004,-2.444677715071172,-7.111638537110453,23.986519316394727,-78.90284541670091
38.18,-2.6796954257592978,-7.520840282142686,23.75272385632671,-78.90284541670091
38.185,-2.921718264323601,-7.934504505772527,23.53639162309891,-78.90284541670091
38.19,-3.172166975676465,-8.35386958696357,23.337381967698942,-78.90284541670091
38.195,-3.429560628281253,-8.780264882092569,23.158283715472614,-78.90284541670091
38.2,-3.6960409669953513,-9.213164233355592,23.000099123076314,-78.90284541670091
38.205,-3.971267227794664,-9.654886278542092,22.864457484988158,-78.90284541670091
38.21,-4.254852575052067,-10.10376117431211,22.750892930438972,-78.90284541670091
38.215,-4.546611771901907,-10.559047158032717,22.663682418029712,-78.90284541670091
38.22,-4.847372500196949,-11.023213854944647,22.60089314059045,-78.90284541670091
38.225,-5.155779269198485,-11.49321083279095,22.565170007871078,-78.90284541670091
38.230000000000004,-5.472213835640372,-11.971282383913914,22.560604869566404,-78.90284541670091
38.235,-5.79687536471473,-12.45538485613998,22.5868221169946,-78.90284541670091
38.24,-6.129729836039973,-12.944246294024413,22.646328217116267,-78.90284541670091
38.245,-6.470367923084914,-13.437735705245597,22.74155931631288,-78.90284541670091
38.25,-6.81850346542434,-13.935359221986417,22.87414012661025,-78.90284541670091
38.255,-7.174848442475599,-14.434616532648548,23.044233275583217,-78.90284541670091
38.26,-7.537799090042646,-14.93529721551394,23.256200768989252,-78.90284541670091
38.265,-7.909011457545743,-15.434427841455445,23.509428007656613,-78.90284541670091
38.27,-8.284599530338397,-15.930256890949346,23.80645081284246,-78.90284541670091
38.275,-8.665280280700172,-16.41809729724202,24.149120209182307,-78.90284541670091
38.28,-9.052953980338867,-16.89722003985484,24.53887467244634,-78.90284541670091
38.285000000000004,-9.445041093567117,-17.363503533151565,24.976253132032642,-78.90284541670091
38.29,-9.840236772715603,-17.814713686192526,25.463471200069115,-78.90284541670091
38.295,-10.239235070839202,-18.245181711400594,26.00040482656504,-78.90284541670091
38.300000000000004,-10.640359114756942,-18.65084463193637,26.58823293746673,-78.90284541670091
38.305,-11.041286937541264,-19.026238624426686,27.22669191784638,-78.90284541670091
38.31,-11.439803345153317,-19.36850180065672,27.91283731395352,-78.90284541670091
38.315,-11.835982702431869,-19.669825067217808,28.647879302451827,-78.90284541670091
38.32,-12.227605672117681,-19.92718831977482,29.430025151339542,-78.90284541670091
38.325,-12.612374777851148,-20.133735527812483,30.255426014587556,-78.90284541670091
38.33,-12.988049985952742,-20.284940117121593,31.122776131615055,-78.90284541670091
38.335,-13.35172624845651,-20.374486110851915,32.02696167446286,-78.90284541670091
38.34,-13.70295345607696,-20.3981754835136,32.95995934130885,-78.90284541670091
38.345,-14.036511649871183,-20.35077390151158,33.91822027670729,-78.90284541670091
38.35,-14.352941866559455,-20.22931067237421,34.89284759790749,-78.90284541670091
38.355000000000004,-14.645993388495747,-20.02800275802786,35.87936259670989,-78.90284541670091
38.36,-14.914129385967321,-19.745253002298263,36.868634304191424,-78.90284541670091
38.365,-15.15504288496872,-19.38034691450427,37.84801904961306,-78.90284541670091
38.37,-15.36516865583141,-18.931093519126588,38.81047002128139,-78.90284541670091
38.375,-15.5431962575212,-18.40035573904192,39.74799508669149,-78.90284541670091
38.38,-15.685752692906878,-17.790311753647988,40.64740594601945,-78.90284541670091
38.385,-15.791438877079523,-17.10397046498015,41.5015043766002,-78.90284541670091
38.39,-15.855887658338181,-16.34680889124597,42.298791819708576,-78.90284541670091
38.395,-15.880187035327616,-15.52620942726581,43.03088818369068,-78.90284541670091
38.4,-15.861746515986598,-14.649690886736082,43.689578646526975,-78.90284541670091
38.405,-15.801420027376363,-13.727611101876985,44.268685925608615,-78.90284541670091
38.410000000000004,-15.697625202725096,-12.769031128014051,44.76436248149545,-78.90284541670091
38.415,-15.551081987327175,-11.783877234871717,45.16844792170791,-78.90284541670091
38.42,-15.362266401487599,-10.78484532205718,45.48286887192586,-78.90284541670091
38.425000000000004,-15.133292380721409,-9.781717775972258,45.70464799117615,-78.90284541670091
38.43,-14.865563312732235,-8.787737763174944,45.83569621310318,-78.90284541670091
38.435,-14.562924688750448,-7.813033709994545,45.876984116118834,-78.90284541670091
38.44,-14.225755626895548,-6.868166518935692,45.83478806646086,-78.90284541670091
38.445,-13.857044099037605,-5.959741986665468,45.71228392551761,-78.90284541670091
38.45,-13.462813633034576,-5.0972335631242975,45.51519597174273,-78.90284541670091
38.455,-13.044474124147657,-4.286915024854471,45.25112561824654,-78.90284541670091
38.46,-12.606880657503945,-3.534887413460203,44.92748066672939,-78.90284541670091
38.465,-12.15277163258999,-2.8444424452466905,44.55116792374034,-78.90284541670091
38.47,-11.687186621329168,-2.2173391927446415,44.12960258304131,-78.90284541670091
38.475,-11.213977627108552,-1.658370108652837,43.67039211225312,-78.90284541670091
38.480000000000004,-10.735982548529433,-1.1652144244348301,43.181705037789236,-78.90284541670091
38.485,-10.257322301014051,-0.7407076146324982,42.6687431328213,-78.90284541670091
38.49,-9.782092935486716,-0.38004102236057624,42.13749384891112,-78.90284541670091
38.495,-9.311379932829073,-0.08017008715681812,41.594046402276554,-78.90284541670091
38.5,-8.849323788469066,0.158080083246311,41.04324470551046,-78.90284541670091
38.505,-8.398306426510596,0.33890397523653437,40.48932231287411,-78.90284541670091
38.51,-7.9605644743862465,0.46642611810508583,39.93520780474693,-78.90284541670091
38.515,-7.539404407635418,0.5445260004644907,39.38473810272887,-78.90284541670091
38.52,-7.1353131705063175,0.5762059040719102,38.839248732168606,-78.90284541670091
38.525,-6.748226670407609,0.5652744931082646,38.30045746007514,-78.90284541670091
38.53,-6.383349472486577,0.5153868738871307,37.76960462577978,-78.90284541670091
38.535000000000004,-6.038313040177537,0.42994231302388203,37.24846348686011,-78.90284541670091
38.54,-5.715723678216949,0.3116558283096159,36.73842111896736,-78.90284541670091
38.545,-5.414191164715748,0.16505731787919048,36.240476808172765,-78.90284541670091
38.550000000000004,-5.134924740169611,-0.0069000233715307,35.753195302973616,-78.90284541670091
38.555,-4.878259432846039,-0.20122290054636358,35.27664686811081,-78.90284541670091
38.56,-4.6449992611126865,-0.41772013727832713,34.811940197677394,-78.90284541670091
38.565,-4.434337756199122,-0.6520132457682617,34.35792796901121,-78.90284541670091
38.57,-4.24588740970758,-0.902772540356216,33.91301849863778,-78.90284541670091
38.575,-4.078666720603724,-1.1675417008008835,33.47959117048255,-78.90284541670091
38.58,-3.932511421759471,-1.443817197866229,33.05658746837253,-78.90284541670091
38.585,-3.809163273800079,-1.7309146919615022,32.645043954534,-78.90284541670091
38.59,-3.7060130096509774,-2.02783653050772,32.24293269707259,-78.90284541670091
38.595,-3.62179067181157,-2.334006678732273,31.851854546185763,-78.90284541670091
38.6,-3.5577023293007,-2.6473985960125734,31.46945575086044,-78.90284541670091
38.605000000000004,-3.5112335448684178,-2.968182164642388,31.096582444226602,-78.90284541670091
38.61,-3.4842136124515584,-3.293070353939433,30.73317232363205,-78.90284541670091
38.615,-3.475236259914052,-3.623668877600175,30.380377886669653,-78.90284541670091
38.62,-3.4821678943597543,-3.9596838719870435,30.03877666615258,-78.90284541670091
38.625,-3.5059547418987678,-4.299158731112772,29.70673282103658,-78.90284541670091
38.63,-3.5452419434295592,-4.641047084225437,29.384035939395055,-78.90284541670091
38.635,-3.599761206124893,-4.988565044800585,29.0749207448579,-78.90284541670091
38.64,-3.669525989093207,-5.339687265402012,28.777333260981404,-78.90284541670091
38.645,-3.752096511405714,-5.693395383166148,28.490560173753337,-78.90284541670091
38.65,-3.8494268041692052,-6.049686825959168,28.21749328330454,-78.90284541670091
38.655,-3.958545854485926,-6.409767329950661,27.957110907506728,-78.90284541670091
38.660000000000004,-4.08156420135982,-6.774007458605636,27.710442277923438,-78.90284541670091
38.665,-4.2163686540442935,-7.140962295707619,27.47911842961631,-78.90284541670091
38.67,-4.36198569227453,-7.510526855609985,27.263427930161388,-78.90284541670091
38.675000000000004,-4.519810377070087,-7.882647227723341,27.062885976982127,-78.90284541670091
38.68,-4.6871878701095016,-8.258739657102348,26.880347699955795,-78.90284541670091
38.685,-4.866020675033673,-8.638330610045942,26.714973296671904,-78.90284541670091
38.69,-5.0551966362429654,-9.020871934986241,26.569852199232095,-78.90284541670091
38.695,-5.25275853450342,-9.406334412637756,26.4427483949373,-78.90284541670091
38.7,-5.460206227245498,-9.794755497902194,26.336753918108176,-78.90284541670091
38.705,-5.677747249888511,-10.185247894228775,26.253185695036336,-78.90284541670091
38.71,-5.90211036086857,-10.57872509835698,26.193942288627717,-78.90284541670091
38.715,-6.136338558337743,-10.973198274494733,26.15611531325781,-78.90284541670091
38.72,-6.378045694715777,-11.368809300885081,26.143272159151582,-78.90284541670091
38.725,-6.627318542947996,-11.76668745409559,26.156320128550067,-78.90284541670091
38.730000000000004,-6.884513195792708,-12.163498048638937,26.197689199781035,-78.90284541670091
38.735,-7.147994049398697,-12.55849928812672,26.26599481355898,-78.90284541670091
38.74,-7.419352317513479,-12.952998695421618,26.3651264700375,-78.90284541670091
38.745,-7.69601755382428,-13.343066949026543,26.494160838882163,-78.90284541670091
38.75,-7.978713680218734,-13.729126341225514,26.655597775656062,-78.90284541670091
38.755,-8.266671413833093,-14.10850788718476,26.847925982803606,-78.90284541670091
38.76,-8.55844887819178,-14.47975201352468,27.07295434271335,-78.90284541670091
38.765,-8.854123093757938,-14.843249318591724,27.33160993406722,-78.90284541670091
38.77,-9.153419896120598,-15.193096284795233,27.625243140888312,-78.90284541670091
38.775,-9.455485179257796,-15.527553822401202,27.952717442051537,-78.90284541670091
38.78,-9.758591496634777,-15.84608614384972,28.312562646144812,-78.90284541670091
38.785000000000004,-10.063187033025404,-16.146827946285182,28.707041874326592,-78.90284541670091
38.79,-10.367201602625373,-16.42462656610978,29.13609592439546,-78.90284541670091
38.795,-10.670192858339501,-16.67708258779157,29.598986414047275,-78.90284541670091
38.800000000000004,-10.970961159298705,-16.901954819916188,30.095417078953037,-78.90284541670091
38.805,-11.267331189482107,-17.097002116039302,30.6218933243685,-78.90284541670091
38.81,-11.559599759829915,-17.257873908357166,31.177194767039527,-78.90284541670091
38.815,-11.845683657495261,-17.382719266026033,31.758265340537793,-78.90284541670091
38.82,-12.121837164618334,-17.468568644448553,32.363654291565084,-78.90284541670091
38.825,-12.388782297309195,-17.51183785295068,32.99053037230944,-78.90284541670091
38.83,-12.644786875230226,-17.509620806559294,33.63553410828664,-78.90284541670091
38.835,-12.887707137609107,-17.459178388163714,34.29430124423744,-78.90284541670091
38.84,-13.116355333693383,-17.361836234118822,34.96213795230373,-78.90284541670091
38.845,-13.32967678102472,-17.21156913972069,35.63456540423933,-78.90284541670091
38.85,-13.523066702321753,-17.01123951060123,36.30587174754626,-78.90284541670091
38.855000000000004,-13.699304636193302,-16.760003466225346,36.973681310954916,-78.90284541670091
38.86,-13.852030826744457,-16.454914725211534,37.628489492600096,-78.90284541670091
38.865,-13.982619926333882,-16.100623965202967,38.265206345623255,-78.90284541670091
38.87,-14.08931823071878,-15.697354377168974,38.881308592107985,-78.90284541670091
38.875,-14.171235826172262,-15.246133074190178,39.467118692380446,-78.90284541670091
38.88,-14.225087954494793,-14.752607410824165,40.02021675822567,-78.90284541670091
38.885,-14.251495871388272,-14.218158197664193,40.53507780555611,-78.90284541670091
38.89,-14.248927653451283,-13.649261120062707,41.00799263401965,-78.90284541670091
38.895,-14.21818288428833,-13.048467725366974,41.43373342320773,-78.90284541670091
38.9,-14.158651575099993,-12.422465261455738,41.809944052375606,-78.90284541670091
38.905,-14.072198519089604,-11.778702766572023,42.13231324824476,-78.90284541670091
38.910000000000004,-13.958402670812955,-11.12059999859551,42.399020479467495,-78.90284541670091
38.915,-13.81679753387137,-10.453747380431382,42.60966159593584,-78.90284541670091
38.92,-13.649680754870328,-9.78632178917009,42.76365652915603,-78.90284541670091
38.925000000000004,-13.455511098644676,-9.122902979187492,42.860101704459254,-78.90284541670091
38.93,-13.239443182629746,-8.472421288782405,42.90283916306997,-78.90284541670091
38.935,-13.00037819622237,-7.837272660411479,42.891794544112315,-78.90284541670091
38.94,-12.74126941771136,-7.225046175807906,42.82850247376858,-78.90284541670091
38.945,-12.465725097573522,-6.638157393847728,42.718205132202755,-78.90284541670091
38.95,-12.174540405972575,-6.082944731640972,42.561245428748514,-78.90284541670091
38.955,-11.87105508556146,-5.561019185117514,42.36482842929421,-78.90284541670091
38.96,-11.555708780123796,-5.0742791392611215,42.131318545480035,-78.90284541670091
38.965,-11.2317567193344,-4.625809374737915,41.86243559071582,-78.90284541670091
38.97,-10.901228597127277,-4.218635693741356,41.56375901928591,-78.90284541670091
38.975,-10.567639933992012,-3.853241292664451,41.2382230103121,-78.90284541670091
38.980000000000004,-10.231670568267587,-3.528084232711896,40.891584254751585,-78.90284541670091
38.985,-9.895356614996926,-3.2451320520687914,40.52714071045142,-78.90284541670091
38.99,-9.563364121618537,-3.0045151066399884,40.14694772457253,-78.90284541670091
38.995,-9.2361000806523,-2.80181557802944,39.75373992729522,-78.90284541670091
39.0,-8.914401398028307,-2.638934055971757,39.353531789361526,-78.90284541670091
39.005,-8.600857742352865,-2.512590495719052,38.94673994756246,-78.90284541670091
39.01,-8.296180917863685,-2.424781048025432,38.535095113719535,-78.90284541670091
39.015,-8.004495247985576,-2.3700665366417373,38.121370249378934,-78.90284541670091
39.02,-7.723235049594106,-2.3480237310966694,37.708887774668476,-78.90284541670091
39.025,-7.454842465978389,-2.3554267246911538,37.29724732520488,-78.90284541670091
39.03,-7.1997830873109585,-2.392043970912032,36.88803131911792,-78.90284541670091
39.035000000000004,-6.95996598170308,-2.455088053367501,36.48170706932815,-78.90284541670091
39.04,-6.734208938273979,-2.5417645022916786,36.081023990053396,-78.90284541670091
39.045,-6.52557498564914,-2.6516262594560995,35.68553401117819,-78.90284541670091
39.050000000000004,-6.3306557002210155,-2.781211836059239,35.29729071021187,-78.90284541670091
39.055,-6.152309991936826,-2.932958528226614,34.913432217561706,-78.90284541670091
39.06,-5.991142451608282,-3.0999601118007445,34.53836529435646,-78.90284541670091
39.065,-5.84613961205946,-3.282620105375808,34.17018030090951,-78.90284541670091
39.07,-5.716189461370368,-3.4799206378725542,33.810389865392494,-78.90284541670091
39.075,-5.605186304623848,-3.691265413220895,33.45882139921691,-78.90284541670091
39.08,-5.508972424125115,-3.9141563539435733,33.11568561343827,-78.90284541670091
39.085,-5.429533561968983,-4.147975468003023,32.78164290022132,-78.90284541670091
39.09,-5.366237594878181,-4.390939666203629,32.45587092493242,-78.90284541670091
39.095,-5.317954625360239,-4.643333943546506,32.1408395185927,-78.90284541670091
39.1,-5.284497102705289,-4.904970126781851,31.835242197739483,-78.90284541670091
39.105000000000004,-5.265003786054836,-5.172311223342851,31.5408674653911,-78.90284541670091
39.11,-5.260562199709592,-5.448662371804663,31.256959788777298,-78.90284541670091
39.115,-5.2702310087543935,-5.729417031677949,30.983767011818937,-78.90284541670091
39.12,-5.293668778976476,-6.0170650857653465,30.72199650949147,-78.90284541670091
39.125,-5.3291916565462945,-6.310568029529405,30.47129911885912,-78.90284541670091
39.13,-5.379417350668108,-6.608496571355762,30.23320876272294,-78.90284541670091
39.135,-5.441239795299626,-6.910642136179577,30.006838691682272,-78.90284541670091
39.14,-5.515603488161783,-7.216518524642812,29.794826770868035,-78.90284541670091
39.145,-5.6005188308975695,-7.525603769542876,29.596460505829324,-78.90284541670091
39.15,-5.696877689536457,-7.838467493918521,29.411260976859168,-78.90284541670091
39.155,-5.803964277543501,-8.15340401602742,29.24282663102177,-78.90284541670091
39.160000000000004,-5.922197961099109,-8.471719901405178,29.08860028121935,-78.90284541670091
39.165,-6.0500167114380226,-8.79107878011021,28.951675182693684,-78.90284541670091
39.17,-6.187869753063376,-9.11382579291402,28.832224194870776,-78.90284541670091
39.175000000000004,-6.333737685737388,-9.43738278591614,28.729024303103234,-78.90284541670091
39.18,-6.488523721380048,-9.763008572297467,28.645130671002384,-78.90284541670091
39.185,-6.651673551239886,-10.088267300750157,28.57973964106135,-78.90284541670091
39.19,-6.8231729226938915,-10.411980430422355,28.534655687470348,-78.90284541670091
39.195,-7.002366600948273,-10.73658791456428,28.508269005999068,-78.90284541670091
39.2,-7.188242933170873,-11.058574235370308,28.503315564290045,-78.90284541670091
39.205,-7.382108315292738,-11.379228243575232,28.520167980039687,-78.90284541670091
39.21,-7.582885858858911,-11.69718889095521,28.559773373219944,-78.90284541670091
39.215,-7.788610572783598,-12.011298694054691,28.622463673171172,-78.90284541670091
39.22,-7.998898263449809,-12.32117395698317,28.70897663338614,-78.90284541670091
39.225,-8.213401623001253,-12.625131290996777,28.81925901392432,-78.90284541670091
39.230000000000004,-8.433352308577435,-12.92171753317915,28.955052166646617,-78.90284541670091
39.235,-8.65858963200342,-13.210727887227545,29.113157378331618,-78.90284541670091
39.24,-8.885434914511217,-13.49028247778233,29.297758853403703,-78.90284541670091
39.245,-9.117521490782488,-13.759425515620274,29.506378224170078,-78.90284541670091
39.25,-9.349708024493012,-14.015686003494785,29.740325178814366,-78.90284541670091
39.255,-9.581147524168902,-14.25827794902026,29.999550948030887,-78.90284541670091
39.26,-9.813846851619862,-14.485069341599239,30.280423834663317,-78.90284541670091
39.265,-10.048234822584398,-14.695494611971332,30.587855010682333,-78.90284541670091
39.27,-10.281406657412964,-14.886097394263496,30.919287428468635,-78.90284541670091
39.275,-10.511691069069823,-15.055428141788791,31.272168386762946,-78.90284541670091
39.28,-10.739664949034543,-15.203742230876689,31.645399262787556,-78.90284541670091
39.285000000000004,-10.961780138715095,-15.326004389884964,32.03923870217365,-78.90284541670091
39.29,-11.180582446447785,-15.422731351301584,32.452004647724934,-78.90284541670091
39.295,-11.393639137339395,-15.491194255242599,32.88243545055058,-78.90284541670091
39.300000000000004,-11.597929345112876,-15.530208442395752,33.325733283969136,-78.90284541670091
39.305,-11.794677829077354,-15.537701019977098,33.780682020877265,-78.90284541670091
39.31,-11.982728151908763,-15.5140958944167,34.24639675544419,-78.90284541670091
39.315,-12.158777372389231,-15.456315858541155,34.72072507471017,-78.90284541670091
39.32,-12.323363378100115,-15.364999590919311,35.1983276805498,-78.90284541670091
39.325,-12.475017607670175,-15.239901231575635,35.67589191539183,-78.90284541670091
39.33,-12.611783167975704,-15.0798327977031,36.14994456882523,-78.90284541670091
39.335,-12.735241868847467,-14.88544732765547,36.62001987616382,-78.90284541670091
39.34,-12.84311391301617,-14.656082025885018,37.07844256419658,-78.90284541670091
39.345,-12.934870239099173,-14.393656615466943,37.52515873098913,-78.90284541670091
39.35,-13.007442760669813,-14.100193768614366,37.953656770108566,-78.90284541670091
39.355000000000004,-13.061110341891487,-13.776067350154202,38.366190683144126,-78.90284541670091
39.36,-13.097032219188112,-13.424115454658063,38.75433224852287,-78.90284541670091
39.365,-13.114443692782205,-13.047406250430589,39.11617615956021,-78.90284541670091
39.37,-13.111218882692013,-12.64721348041219,39.449675780258616,-78.90284541670091
39.375,-13.088041551178371,-12.228188196503803,39.75209045137767,-78.90284541670091
39.38,-13.044232538284653,-11.79248290843393,40.02232456644262,-78.90284541670091
39.385,-12.981572749029203,-11.343749137262915,40.25841119570033,-78.90284541670091
39.39,-12.898912367718024,-10.88574966281112,40.45805549435119,-78.90284541670091
39.395,-12.797590336047056,-10.42182668084001,40.621378041227146,-78.90284541670091
39.4,-12.679090381459343,-9.957099472715354,40.74659355995213,-78.90284541670091
39.405,-12.541673505009578,-9.495110664407324,40.83409222614991,-78.90284541670091
39.410000000000004,-12.388041087474754,-9.037236037643964,40.88524050968332,-78.90284541670091
39.415,-12.221646198412007,-8.587547433748513,40.900157482869524,-78.90284541670091
39.42,-12.040527777653837,-8.150504959427519,40.88004426600068,-78.90284541670091
39.425000000000004,-11.845978670986065,-7.727815885035836,40.8247198597515,-78.90284541670091
39.43,-11.640293347260819,-7.324700330980303,40.739069141266015,-78.90284541670091
39.435,-11.424874749359267,-6.942382037940671,40.623693287879924,-78.90284541670091
39.44,-11.201735703637672,-6.581494964038053,40.47746778628469,-78.90284541670091
39.445,-10.97052292629133,-6.244423270516741,40.30638615439301,-78.90284541670091
39.45,-10.734039539495125,-5.931784870588321,40.11111668269391,-78.90284541670091
39.455,-10.493218972373677,-5.646959332239108,39.8956112033731,-78.90284541670091
39.46,-10.249980867789212,-5.389496128146921,39.659494368603035,-78.90284541670091
39.465,-10.005137096527013,-5.158989811119969,39.40659727107219,-78.90284541670091
39.47,-9.762634495858068,-4.958028763873387,39.13910879690591,-78.90284541670091
39.475,-9.521857901902715,-4.784106522500423,38.85957396186536,-78.90284541670091
39.480000000000004,-9.28534892628734,-4.636691742210263,38.56981704165467,-78.90284541670091
39.485,-9.05282525192353,-4.517519729737476,38.270586837767794,-17.805473886803842
39.49,-8.825833326622389,-4.118237712162669,37.96520765410894,-17.805473886803842
39.495,-8.590350513928177,-3.7466403954128378,37.63953656706996,-17.805473886803842
39.5,-8.347708659064052,-3.402123819489898,37.29866188018925,-17.805473886803842
39.505,-8.099658852448401,-3.08565530049142,36.942975220686755,-17.805473886803842
39.51,-7.849232584797315,-2.7967894489130796,36.57475846108145,-17.805473886803842
39.515,-7.5981923660481385,-2.5348367566443093,36.19654482328664,-17.805473886803842
39.52,-7.3449211714637785,-2.3000160733935746,35.80980149166639,-17.805473886803842
39.525,-7.092162801721949,-2.09086811501448,35.416777913818606,-17.805473886803842
39.53,-6.8419921972101205,-1.906081397690587,35.01863256871543,-17.805473886803842
39.535000000000004,-6.593941455902902,-1.7455702723964628,34.617056562403164,-17.805473886803842
39.54,-6.351839459202036,-1.6074583113042935,34.21341251004256,-17.805473886803842
39.545,-6.115331534826021,-1.4918061486403982,33.808437051315394,-17.805473886803842
39.550000000000004,-5.88487822868581,-1.3964238485434772,33.402853326433245,-17.805473886803842
39.555,-5.6609267450408876,-1.3197987114862384,32.998576579699474,-17.805473886803842
39.56,-5.44452228259705,-1.2609335411036662,32.59617882704063,-17.805473886803842
39.565,-5.2357363935146,-1.2190705740289252,32.196537126588524,-17.805473886803842
39.57,-5.034253358673265,-1.1932664385644602,31.79903260004289,-17.805473886803842
39.575,-4.841942003238168,-1.1825569177637483,31.405492329212002,-17.805473886803842
39.58,-4.658893309700032,-1.1825738899741587,31.015359741394303,-17.805473886803842
39.585,-4.486528378592582,-1.1941483338097219,30.629364410348654,-17.805473886803842
39.59,-4.321649918757489,-1.2172359192326696,30.247337217622672,-17.805473886803842
39.595,-4.166070100965177,-1.2517627731100474,29.86952704463277,-17.805473886803842
39.6,-4.020355034241914,-1.2950743352878717,29.498519604263127,-17.805473886803842
39.605000000000004,-3.884150080343474,-1.3470491160298605,29.130650864060012,-17.805473886803842
39.61,-3.7580339454805496,-1.4077559057203968,28.76817409775784,-17.805473886803842
39.615,-3.639637565557484,-1.4759543513336146,28.410900376174602,-17.805473886803842
39.62,-3.5315104671245163,-1.5493961638186784,28.059040678240244,-17.805473886803842
39.625,-3.4325539500857123,-1.629435258049904,27.712792963133754,-17.805473886803842
39.63,-3.3421845657597733,-1.7150518217211417,27.37089155458875,-17.805473886803842
39.635,-3.259526874689301,-1.8050189977376012,27.03590636016097,-17.805473886803842
39.64,-3.187556606903923,-1.9015183361894035,26.70425873800134,-17.805473886803842
39.645,-3.1232840611229964,-2.0018350250929955,26.378876296035898,-17.805473886803842
39.65,-3.0673214840813072,-2.1052592960941943,26.05964662910386,-17.805473886803842
39.655,-3.0209432556781732,-2.2130539064269343,25.74492571699898,-17.805473886803842
39.660000000000004,-2.981113431724059,-2.3250582605877774,25.434919040203454,-17.805473886803842
39.665,-2.9485419054898165,-2.440722169711531,25.1297389226246,-17.805473886803842
39.67,-2.923826999672783,-2.558827640312424,24.830692771426826,-17.805473886803842
39.675000000000004,-2.9053017281220734,-2.6811334526625115,24.537539897911156,-17.805473886803842
39.68,-2.8937671148103212,-2.8078776410979973,24.249943469913678,-17.805473886803842
39.685,-2.8881448199664606,-2.9365562461462815,23.96586610985458,-17.805473886803842
39.69,-2.890496817976295,-3.069754792161899,23.68933502115615,-17.805473886803842
39.695,-2.8983556945461078,-3.2055924797955897,23.417148205065374,-17.805473886803842
39.7,-2.9128351305636544,-3.344466485192498,23.151291691518324,-17.805473886803842
39.705,-2.9349274695586494,-3.486404556318563,22.891317428383072,-17.805473886803842
39.71,-2.963187013893828,-3.6329573100084436,22.636244625043084,-17.805473886803842
39.715,-2.9958502356480556,-3.780634486323954,22.38876333212366,-17.805473886803842
39.72,-3.035680515695853,-3.935155320324816,22.145487553357682,-17.805473886803842
39.725,-3.080818096986501,-4.093748370818919,21.91121150035467,-17.805473886803842
39.730000000000004,-3.1303455336689656,-4.256094022209308,21.682642664890768,-17.805473886803842
39.735,-3.1866893758082275,-4.422159299053203,21.460658998462396,-17.805473886803842
39.74,-3.248798253437775,-4.594063681577643,21.24432512594782,-17.805473886803842
39.745,-3.3167823537794376,-4.770140048549791,21.035602020093968,-17.805473886803842
39.75,-3.389396154791496,-4.951526112733583,20.83356956499237,-17.805473886803842
39.755,-3.4678695431872884,-5.137356814130284,20.63979238798727,-17.805473886803842
39.76,-3.5510818721290764,-5.3279590379013975,20.454271924851486,-17.805473886803842
39.765,-3.6402983610792177,-5.5245348378514,20.274934297911372,-17.805473886803842
39.77,-3.7350245850050476,-5.726452593824625,20.10594762769859,-17.805473886803842
39.775,-3.8345875424964615,-5.934305367553621,19.94458015810831,-17.805473886803842
39.78,-3.939879106133991,-6.148189866468816,19.79126324273542,-17.805473886803842
39.785000000000004,-4.049952727356852,-6.367981427087896,19.649688065167418,-17.805473886803842
39.79,-4.165975162650169,-6.594300643654591,19.51577133357139,-17.805473886803842
39.795,-4.287664831671939,-6.826368661004517,19.393955584896325,-17.805473886803842
39.800000000000004,-4.416217819843239,-7.065372800996024,19.282339834217872,-17.805473886803842
39.805,-4.548765756721659,-7.311570935484867,19.180348225566167,-17.805473886803842
39.81,-4.68690356299338,-7.564624583552829,19.09109079434169,-17.805473886803842
39.815,-4.831132899713341,-7.824432043094013,19.01500568427747,-17.805473886803842
39.82,-4.980656555590504,-8.09111823177338,18.95084913922939,-17.805473886803842
39.825,-5.136054175703582,-8.365952870034455,18.89989231890622,-17.805473886803842
39.83,-5.297673973091668,-8.646266291147953,18.863089137984925,-17.805473886803842
39.835,-5.4652812287564885,-8.933473083453169,18.841163839058552,-17.805473886803842
39.84,-5.636975557629107,-9.227441697088523,18.83325892871363,-17.805473886803842
39.845,-5.8165996743215755,-9.528827626078016,18.841090293785545,-17.805473886803842
39.85,-6.001571036047901,-9.836719495780391,18.86756954711858,-17.805473886803842
39.855000000000004,-6.193380565661826,-10.150790487324649,18.911307169991666,-17.805473886803842
39.86,-6.391473189878626,-10.471286605786558,18.973183013781387,-17.805473886803842
39.865,-6.596141164589468,-10.796180834855909,19.054870786497332,-17.805473886803842
39.87,-6.806488141505055,-11.126186572021206,19.15624413226411,-17.805473886803842
39.875,-7.022538026499259,-11.461076276418929,19.279338573885074,-17.805473886803842
39.88,-7.243757209342338,-11.798499035949193,19.42595187346322,-17.805473886803842
39.885,-7.471202883789613,-12.139948741930553,19.593127762180753,-17.805473886803842
39.89,-7.704862553434356,-12.482516532485963,19.78524527292196,-17.805473886803842
39.895,-7.944757911038481,-12.824868881713428,20.002961229955194,-17.805473886803842
39.9,-8.189493725379513,-13.166969429827374,20.24613254580033,-17.805473886803842
39.905,-8.437193514277745,-13.507902207942863,20.514467276691263,-17.805473886803842
39.910000000000004,-8.691028859358422,-13.845486987193437,20.811262690842646,-17.805473886803842
39.915,-8.94886949968838,-14.17679931438776,21.13441900028048,-17.805473886803842
39.92,-9.209342647233546,-14.500107301963515,21.485178969451194,-17.805473886803842
39.925000000000004,-9.473292089611194,-14.817369056733583,21.867032214637696,-17.805473886803842
39.93,-9.739531780418874,-15.123575741947805,22.27689313933919,-17.805473886803842
39.935,-10.007412971126326,-15.415175697661873,22.71679055673331,-17.805473886803842
39.94,-10.276571005414366,-15.690794334074136,23.185832279164323,-17.805473886803842
39.945,-10.54787844585988,-15.949419945517036,23.683282852966254,-17.805473886803842
39.95,-10.818110829201807,-16.187144926244557,24.2076925092287,-17.805473886803842
39.955,-11.086062282483866,-16.400343475162018,24.761225690700098,-17.805473886803842
39.96,-11.351068979394542,-16.588368711682975,25.33979484862903,-17.805473886803842
39.965,-11.612318113602797,-16.745743684166285,25.943007323327812,-17.805473886803842
39.97,-11.868425176919509,-16.87133153888292,26.569050962342022,-17.805473886803842
39.975,-12.118460142444798,-16.96094554229543,27.21600328019638,-17.805473886803842
39.980000000000004,-12.360104164133505,-17.012710106900617,27.88057415823339,-17.805473886803842
39.985,-12.59229937748876,-17.02320106760982,28.560345423859744,-17.805473886803842
39.99,-12.813292290271127,-16.991069951462485,29.251572793051206,-17.805473886803842
39.995,-13.022767545248533,-16.913708499974543,29.950094042020933,-17.805473886803842
40.0,-13.216513651919568,-16.792006834877032,30.65216737729188,-17.805473886803842
40.005,-13.395754857985134,-16.621574234392472,31.353906904926166,-17.805473886803842
40.01,-13.55720479031802,-16.403651421489375,32.048492845565036,-17.805473886803842
40.015,-13.698729889069483,-16.135757582027786,32.733190440294756,-17.805473886803842
40.02,-13.82035156064282,-15.819609917892583,33.40173598565311,-17.805473886803842
40.025,-13.920604804514793,-15.456122325290101,34.04986441100138,-17.805473886803842
40.03,-13.997728022741846,-15.04734673514392,34.67206396247774,-17.805473886803842
40.035000000000004,-14.049965377221065,-14.59419995479564,35.26201936531703,-17.805473886803842
40.04,-14.078016796563698,-14.100568483287073,35.81735592755328,-17.805473886803842
40.045,-14.078680006348682,-13.568573746517815,36.330892927270405,-17.805473886803842
40.050000000000004,-14.052522296450215,-13.003563339245867,36.80189074316135,-17.805473886803842
40.055,-14.000528322736614,-12.411672477787453,37.22522626461335,-17.805473886803842
40.06,-13.920879438340899,-11.791817975637914,37.597963855091194,-17.805473886803842
40.065,-13.814800789889997,-11.154027010337272,37.91656906308323,-17.805473886803842
40.07,-13.68241177219979,-10.501713622882102,38.18104346586364,-17.805473886803842
40.075,-13.524008300059053,-9.841988752486257,38.39002155429417,-17.805473886803842
40.08,-13.34027493704481,-9.179094536645373,38.544509837506915,-17.805473886803842
40.085,-13.132204527988302,-8.518735536881657,38.64268465224172,-17.805473886803842
40.09,-12.901030360567683,-7.867440388656446,38.68625868233646,-17.805473886803842
40.095,-12.649780634619354,-7.227975438718754,38.67837030359084,-17.805473886803842
40.1,-12.378398187500013,-6.605203873638345,38.619485456217255,-17.805473886803842
40.105000000000004,-12.090233447545097,-6.002573131136966,38.51349483307222,-17.805473886803842
40.11,-11.78467138621238,-5.42595723676234,38.36188698602642,-17.805473886803842
40.115,-11.466204011278109,-4.8759557265246025,38.17019140618944,-17.805473886803842
40.12,-11.137295135591922,-4.357667998857927,37.94150453057785,-17.805473886803842
40.125,-10.798190876987688,-3.8699225784704754,37.67811131428439,-17.805473886803842
40.13,-10.451649735460808,-3.416131627288224,37.384793119294585,-17.805473886803842
40.135,-10.09840489597167,-2.9983330709509644,37.065302622180745,-17.805473886803842
40.14,-9.743350781526408,-2.614597717642754,36.72318705640457,-17.805473886803842
40.145,-9.387633510938977,-2.2654216395126947,36.35984306203964,-17.805473886803842
40.15,-9.031307487552745,-1.9509294166650255,35.98111724823259,-17.805473886803842
40.155,-8.675839174826887,-1.6691385396994889,35.588744014907974,-17.805473886803842
40.160000000000004,-8.324297188093261,-1.420626532899107,35.18786361331349,-17.805473886803842
40.165,-7.977621463297598,-1.2023429852815806,34.77815846811892,-17.805473886803842
40.17,-7.639079375129563,-1.0144065177688766,34.36250780496732,-17.805473886803842
40.175000000000004,-7.307454725001432,-0.8555218095716633,33.94346257189059,-17.805473886803842
40.18,-6.984071399419659,-0.7245212586427907,33.52287810110661,-17.805473886803842
40.185,-6.671248110765228,-0.6174213091801914,33.1012039683086,-17.805473886803842
40.19,-6.368004735191281,-0.5334596449909791,32.67971093613025,-17.805473886803842
40.195,-6.076596183707499,-0.47157011710282404,32.26071949399195,-17.805473886803842
40.2,-5.796248720893256,-0.42768404234513224,31.843491608498706,-17.805473886803842
40.205,-5.527470654780779,-0.40299051302520245,31.430347923201726,-17.805473886803842
40.21,-5.271513099542448,-0.3939604398718991,31.022457072441213,-17.805473886803842
40.215,-5.027816683380115,-0.40086451243682586,30.618779599861853,-17.805473886803842
40.22,-4.796640188827638,-0.42235802235962855,30.220440411885168,-17.805473886803842
40.225,-4.578558227962816,-0.4554222658135564,29.82659754915553,-17.805473886803842
40.230000000000004,-4.371711076193921,-0.4994685822216034,29.440223709577204,-17.805473886803842
40.235,-4.177400542773195,-0.5548894462891727,29.057747369737726,-17.805473886803842
40.24,-3.996662146846907,-0.6187647400104487,28.68205952518163,-17.805473886803842
40.245,-3.828114410056726,-0.6907341657546148,28.312470308926354,-17.805473886803842
40.25,-3.671319187038958,-0.7701194279183781,27.949042588303115,-17.805473886803842
40.255,-3.5264928196604606,-0.8568519734849931,27.591040107728308,-17.805473886803842
40.26,-3.393718917552616,-0.947741427872119,27.238282038432523,-17.805473886803842
40.265,-3.2706929062929944,-1.045801512362825,26.89166632827342,-17.805473886803842
40.27,-3.1585950528611497,-1.148350415667329,26.55084364794091,-17.805473886803842
40.275,-3.05778575624314,-1.25296537882305,26.214422877958548,-17.805473886803842
40.28,-2.96766501854226,-1.3638703675983974,25.88365049469618,-17.805473886803842
40.285000000000004,-2.8879573429990013,-1.4780047761510726,25.558925874311306,-17.805473886803842
40.29,-2.8177673388689537,-1.5946484044611593,25.239003427035012,-17.805473886803842
40.295,-2.7558882924543573,-1.7152835424677408,24.924704577748667,-17.805473886803842
40.300000000000004,-2.705346177891641,-1.83778777806316,24.61532833166489,-17.805473886803842
40.305,-2.661740189525629,-1.9638004936681583,24.311655561824203,-17.805473886803842
40.31,-2.626675510522337,-2.091181514518698,24.013071834513706,-17.805473886803842
40.315,-2.598271788281926,-2.2209287555408155,23.720901760188337,-17.805473886803842
40.32,-2.5793480396261366,-2.3539644731193348,23.433970683711777,-17.805473886803842
40.325,-2.5673803105105666,-2.4901112515335244,23.152018642680947,-17.805473886803842
40.33,-2.563959749453282,-2.6297723156213775,22.876012734541394,-17.805473886803842
40.335,-2.5664093432424337,-2.7725395962000503,22.603969075558073,-17.805473886803842
40.34,-2.5766375072937535,-2.9177700354622074,22.338469477646353,-17.805473886803842
40.345,-2.5937377817539455,-3.0648884951707935,22.078407631446545,-17.805473886803842
40.35,-2.616980168389686,-3.214616310357914,21.823865751874248,-17.805473886803842
40.355000000000004,-2.6469301937112424,-3.368578974952313,21.574558772614097,-17.805473886803842
40.36,-2.681573203787352,-3.5268505879685432,21.33081440691432,-17.805473886803842
40.365,-2.7236731249777657,-3.6874900318489168,21.093381882103373,-17.805473886803842
40.37,-2.7708713748804468,-3.851856969756529,20.862879380429447,-17.805473886803842
40.375,-2.825207046212131,-4.020497534839701,20.637973144215117,-17.805473886803842
40.38,-2.8856414702375663,-4.192803403994385,20.4197897446152,-17.805473886803842
40.385,-2.9497134177473954,-4.369659493018591,20.20773056256552,-17.805473886803842
40.39,-3.020506216970235,-4.550949181764076,20.00396489194751,-17.805473886803842
40.395,-3.097580631262967,-4.735833300430102,19.807090907450757,-17.805473886803842
40.4,-3.179710126370713,-4.929534246169871,19.616261160244797,-17.805473886803842
40.405,-3.266156751463702,-5.126575676213088,19.433347768053572,-17.805473886803842
40.410000000000004,-3.3587996878443396,-5.33072561992162,19.257521790689736,-17.805473886803842
40.415,-3.4570054687760914,-5.540136716337502,19.08911788723362,-17.805473886803842
40.42,-3.5611343619620346,-5.756591267771207,18.930530930454896,-50.37428534677497
40.425000000000004,-3.6705897824967364,-6.141310918010772,18.781044602067148,-50.37428534677497
40.43,-3.793539144223986,-6.53138815848839,18.643402429748424,-50.37428534677497
40.435,-3.9312104695648933,-6.929004486503951,18.51814549523773,-50.37428534677497
40.44,-4.080410905427104,-7.334031906578269,18.40712731198235,-50.37428534677497
40.445,-4.242914119541077,-7.745228028724881,18.31011899440763,-50.37428534677497
40.45,-4.418368539520009,-8.164289177251353,18.23144738991443,-50.37428534677497
40.455,-4.606306529559022,-8.59241938047912,18.168277153002347,-50.37428534677497
40.46,-4.805896827322718,-9.027745238169652,18.12436542098846,-50.37428534677497
40.465,-5.01796059341977,-9.47164562136247,18.098954180815795,-50.37428534677497
40.47,-5.240797234751783,-9.92468909883406,18.095738427247785,-50.37428534677497
40.475,-5.475035272063413,-10.384614284176704,18.114982890482672,-50.37428534677497
40.480000000000004,-5.720192196520235,-10.855854081573419,18.15647836028609,-50.37428534677497
40.485,-5.9764891482435925,-11.334737805937289,18.224953901585746,-50.37428534677497
40.49,-6.245172357890903,-11.82195275798065,18.320190179346277,-50.37428534677497
40.495,-6.522539017284709,-12.316679494707646,18.44528660032536,-50.37428534677497
40.5,-6.812734490477253,-12.81815860115484,18.600945262360757,-50.37428534677497
40.505,-7.1137130615999205,-13.325189939295022,18.790751498938523,-50.37428534677497
40.51,-7.425658522747128,-13.837282206260635,19.014892931236858,-50.37428534677497
40.515,-7.747204688121658,-14.352236264277757,19.27554257836643,-50.37428534677497
40.52,-8.077584718723518,-14.871031000419912,19.57493736160549,-50.37428534677497
40.525,-8.416912176769934,-15.389201213906256,19.915228836446158,-50.37428534677497
40.53,-8.764918681603033,-15.90383172135057,20.296710761220787,-50.37428534677497
40.535000000000004,-9.119771721797845,-16.414038176635785,20.722602508298905,-50.37428534677497
40.54,-9.48462812260612,-16.915671852405563,21.19528494248958,-50.37428534677497
40.545,-9.855368764042458,-17.40483041758293,21.715576233069566,-50.37428534677497
40.550000000000004,-10.233476648729273,-17.87880153121573,22.282175102776772,-50.37428534677497
40.555,-10.615712428287681,-18.334151406931227,22.899934682627855,-50.37428534677497
40.56,-11.001226867849926,-18.764923857763836,23.567249065490596,-50.37428534677497
40.565,-11.389603527911703,-19.168360334808018,24.28476560698219,-50.37428534677497
40.57,-11.777777700847116,-19.536168041112735,25.052148763482702,-50.37428534677497
40.575,-12.166854824302591,-19.863482010842134,25.868633051051418,-50.37428534677497
40.58,-12.552188022810933,-20.146794409533808,26.731705697756688,-50.37428534677497
40.585,-12.932037838762547,-20.377424399358205,27.638473243663697,-50.37428534677497
40.59,-13.304273624738347,-20.551441044874764,28.58835325794562,-50.37428534677497
40.595,-13.667320158916347,-20.66104139113621,29.573038093571057,-50.37428534677497
40.6,-14.01760078317735,-20.70161722929905,30.589166653019102,-50.37428534677497
40.605000000000004,-14.352294574110504,-20.668223900419996,31.633359290828814,-50.37428534677497
40.61,-14.668404208182302,-20.555993313348246,32.694705219654125,-50.37428534677497
40.615,-14.961943124507657,-20.36049196701299,33.76575155816002,-50.37428534677497
40.62,-15.231784362923506,-20.080062175469102,34.83699775243573,-50.37428534677497
40.625,-15.47443238887703,-19.710363389553706,35.9008312026295,-50.37428534677497
40.63,-15.685647718250756,-19.252824220920544,36.947338060516884,-50.37428534677497
40.635,-15.865418419365199,-18.7068408548009,37.965317329221534,-50.37428534677497
40.64,-16.008151381416948,-18.075045011339668,38.94351961870614,-50.37428534677497
40.645,-16.11144924989593,-17.36078893072662,39.87072197165421,-50.37428534677497
40.65,-16.174508671371107,-16.57034838597399,40.73791860851984,-50.37428534677497
40.655,-16.194134418769686,-15.708725041606197,41.53500301546184,-50.37428534677497
40.660000000000004,-16.171702402847867,-14.78575326979696,42.25262929906455,-50.37428534677497
40.665,-16.10293377504631,-13.81042574631561,42.884958288270965,-50.37428534677497
40.67,-15.988320859877357,-12.794920916690623,43.42623356252441,-50.37428534677497
40.675000000000004,-15.828328423702864,-11.749565739246556,43.869964669386114,-50.37428534677497
40.68,-15.624405016385438,-10.685956508939869,44.21506194910258,-50.37428534677497
40.685,-15.377848427129015,-9.61696638810173,44.4606993140637,-50.37428534677497
40.69,-15.08943022948103,-8.555571011378717,44.60559810745566,-50.37428534677497
40.695,-14.763248856225156,-7.511275817537305,44.65700450849844,-50.37428534677497
40.7,-14.400827877243131,-6.49563691065615,44.61524937975216,-50.37428534677497
40.705,-14.005980686134274,-5.518888250873125,44.487495667811935,-50.37428534677497
40.71,-13.58101386096409,-4.5886243196874625,44.281743336861155,-50.37428534677497
40.715,-13.1311006012017,-3.7125212600394004,44.00322608277512,-50.37428534677497
40.72,-12.660383871821248,-2.895191174967038,43.660299535701355,-50.37428534677497
40.725,-12.172003233787642,-2.1411468151583812,43.261434508324214,-50.37428534677497
40.730000000000004,-11.668971958260471,-1.4524205797798537,42.814701259170185,-50.37428534677497
40.735,-11.15711389665613,-0.8343066556125048,42.32878495329537,-50.37428534677497
40.74,-10.640213731096402,-0.281218618827227,41.8116378046554,-50.37428534677497
40.745,-10.122273628494487,0.2025783291207035,41.267723107529115,-50.37428534677497
40.75,-9.606052645259545,0.6213288484879291,40.707503461468576,-50.37428534677497
40.755,-9.093650646204152,0.9766878117377754,40.134902790087715,-50.37428534677497
40.76,-8.589062676277619,1.2721583519902138,39.55433380017867,-50.37428534677497
40.765,-8.097974264661199,1.5097700971546193,38.972243081094256,-50.37428534677497
40.77,-7.618097717867689,1.6939642416721357,38.3913612290157,-50.37428534677497
40.775,-7.152349460957099,1.829455568010435,37.81496563120343,-50.37428534677497
40.78,-6.703652565733237,1.9195122843423753,37.24679941936384,-50.37428534677497
40.785000000000004,-6.272700022340862,1.9681389671325504,36.68626951559275,-50.37428534677497
40.79,-5.861059740643139,1.97854754831588,36.135182472809596,-50.37428534677497
40.795,-5.468487738079272,1.9543536903324714,35.595618953315316,-50.37428534677497
40.800000000000004,-5.097834377064756,1.900391943541188,35.06810524660256,-50.37428534677497
40.805,-4.748528918543314,1.8193656506806948,34.55231797124174,-50.37428534677497
40.81,-4.420449213208473,1.7134829518294752,34.04867601462664,-50.37428534677497
40.815,-4.112854068389627,1.588374996633909,33.55620033077481,-50.37428534677497
40.82,-3.826977032726852,1.4430215262699342,33.07549732054673,-50.37428534677497
40.825,-3.5636772526562663,1.2811811988289472,32.60805449534114,-50.37428534677497
40.83,-3.3211280736584716,1.1059546220775154,32.150416500628864,-50.37428534677497
40.835,-3.0995555612432444,0.9167515406184579,31.702691724560406,-50.37428534677497
40.84,-2.897806499691893,0.7176818221568952,31.265315388577456,-50.37428534677497
40.845,-2.716932275046111,0.5094705918219871,30.83860225207312,-50.37428534677497
40.85,-2.556499743533098,0.2935719367343127,30.420386755219614,-50.37428534677497
40.855000000000004,-2.41243371809039,0.0695056792873815,30.01056200401586,-50.37428534677497
40.86,-2.288327772080488,-0.15915167785823228,29.608907550389315,-50.37428534677497
40.865,-2.1807517285716576,-0.3921039406446596,29.215981458460554,-50.37428534677497
40.87,-2.090010366714858,-0.6292212813798245,28.830499334511135,-50.37428534677497
40.875,-2.016542695121997,-0.8694132465704633,28.45347527525524,-50.37428534677497
40.88,-1.9583477398914158,-1.112439917702551,28.083686045232575,-50.37428534677497
40.885,-1.9172527646826691,-1.3596312724971789,27.720278916388004,-50.37428534677497
40.89,-1.8880053622174369,-1.6073469609633335,27.362817336645044,-50.37428534677497
40.895,-1.873850145270173,-1.8580539839150825,27.012934876737294,-50.37428534677497
40.9,-1.8732269908390164,-2.1102982593658255,26.670518350740686,-50.37428534677497
40.905,-1.8846333992484543,-2.3636067060325106,26.334587440115545,-50.37428534677497
40.910000000000004,-1.9087301851907752,-2.618847139902552,26.005904982732186,-50.37428534677497
40.915,-1.9428298255407288,-2.8773003993020425,25.684466190133804,-50.37428534677497
40.92,-1.9888004489414053,-3.1375885679845745,25.369987738575848,-50.37428534677497
40.925000000000004,-2.046798864346831,-3.4001932455541164,25.062425048556907,-50.37428534677497
40.93,-2.1157979282010766,-3.6651020679032404,24.76310985171763,-50.37428534677497
40.935,-2.1926681794516654,-3.934509285000881,24.472103537258086,-50.37428534677497
40.94,-2.279367322362221,-4.204021792829051,24.188560024921994,-50.37428534677497
40.945,-2.376008610333141,-4.4780542567892425,23.914608725654897,-50.37428534677497
40.95,-2.4831518763285456,-4.755302938352979,23.649161605950432,-50.37428534677497
40.955,-2.5977711632838956,-5.037658991264915,23.392277686277563,-61.50335365657894
40.96,-2.719887627487463,-5.380724641685058,23.14464590023879,-61.50335365657894
40.965,-2.853073751942234,-5.726920097297265,22.909034398839033,-61.50335365657894
40.97,-2.997136890197273,-6.078809162747093,22.685340699321593,-61.50335365657894
40.975,-3.1510438344407246,-6.436135029480278,22.473429142344937,-61.50335365657894
40.980000000000004,-3.3142903783079865,-6.798501609073511,22.27523262249935,-61.50335365657894
40.985,-3.4882559471470866,-7.167978021425566,22.090639924882165,-61.50335365657894
40.99,-3.672349464366363,-7.542284400252351,21.920260062727117,-61.50335365657894
40.995,-3.8666676033997365,-7.9234346406811955,21.766037166746628,-61.50335365657894
41.0,-4.06921688495482,-8.311215184194033,21.629225116273464,-61.50335365657894
41.005,-4.281049173719324,-8.70760682328081,21.50883230105211,-61.50335365657894
41.01,-4.500441810112436,-9.11038685822446,21.407043937961724,-61.50335365657894
41.015,-4.729283446996554,-9.52084162004947,21.327029891115043,-61.50335365657894
41.02,-4.969011090615756,-9.939423223491552,21.26798296031286,-61.50335365657894
41.025,-5.216711326912594,-10.364231242009092,21.23067919350848,-61.50335365657894
41.03,-5.474981212454607,-10.797087192205007,21.217297707727166,-61.50335365657894
41.035000000000004,-5.742890943787659,-11.236153642157861,21.228482702611522,-61.50335365657894
41.04,-6.017509605638191,-11.683484848687826,21.268017887329833,-61.50335365657894
41.045,-6.2996419587530905,-12.135845388287315,21.3366648621955,-61.50335365657894
41.050000000000004,-6.590632785608946,-12.592756635586774,21.434720140452413,-61.50335365657894
41.055,-6.8899399344943655,-13.0526819709947,21.56403703198372,-61.50335365657894
41.06,-7.197154073687883,-13.517053218497676,21.72722361479435,-61.50335365657894
41.065,-7.513412968052944,-13.98336184467089,21.92348613436636,-61.50335365657894
41.07,-7.838379188452176,-14.449932571231527,22.156054401591987,-61.50335365657894
41.075,-8.170542037745847,-14.9135781577235,22.427887597509734,-61.50335365657894
41.08,-8.507606281419754,-15.37421383846387,22.73847524247779,-61.50335365657894
41.085,-8.851288597571129,-15.828123232392976,23.089731088881884,-61.50335365657894
41.09,-9.20057630968097,-16.273678148677327,23.484068382057774,-61.50335365657894
41.095,-9.553805204106304,-16.70769354355263,23.918340741798655,-61.50335365657894
41.1,-9.911938588936652,-17.126956959166538,24.398889115374907,-61.50335365657894
41.105000000000004,-10.272871870576878,-17.52821530435659,24.922694959890787,-61.50335365657894
41.11,-10.635394277146505,-17.906895377296316,25.49190299238814,-61.50335365657894
41.115,-10.999333302236394,-18.258718929871733,26.10459855750468,-61.50335365657894
41.12,-11.36237926061677,-18.578628495531813,26.760109827254784,-61.50335365657894
41.125,-11.722294607470621,-18.86378210734365,27.458901148600102,-61.50335365657894
41.13,-12.079581297515471,-19.10836312901982,28.197329630949422,-61.50335365657894
41.135,-12.431291860336593,-19.307696387339305,28.975680512082835,-61.50335365657894
41.14,-12.774527419936042,-19.458559744094174,29.78970668066718,-61.50335365657894
41.145,-13.108527542733134,-19.554230752310396,30.63716331195542,-61.50335365657894
41.15,-13.430587897829774,-19.591107126979313,31.50921692420185,-61.50335365657894
41.155,-13.739635355554839,-19.56466625331644,32.40356650620562,-61.50335365657894
41.160000000000004,-14.032083054987435,-19.472222685952126,33.31495573825901,-61.50335365657894
41.165,-14.30547307914628,-19.308163148779375,34.23687939823256,-61.50335365657894
41.17,-14.55666488142167,-19.072721172647135,35.16245244548396,-61.50335365657894
41.175000000000004,-14.783006232681933,-18.763615136710946,36.08269480106166,-61.50335365657894
41.18,-14.981839265813075,-18.38154440977602,36.988202607169626,-61.50335365657894
41.185,-15.15134854884735,-17.923787465466585,37.871794325906784,-61.50335365657894
41.19,-15.28920723837167,-17.393962669867424,38.7251998129951,-61.50335365657894
41.195,-15.394391198018093,-16.795227635543384,39.53884405169985,-61.50335365657894
41.2,-15.464375479546538,-16.130995741973223,40.303988184774106,-61.50335365657894
41.205,-15.497697315641073,-15.407370034337232,41.013720570054986,-61.50335365657894
41.21,-15.494264974785672,-14.629196825834347,41.65987325627613,-61.50335365657894
41.215,-15.450492183920145,-13.80360599812866,42.23739651884063,-61.50335365657894
41.22,-15.36944550677248,-12.942673597797048,42.74071403975323,-61.50335365657894
41.225,-15.248456432871336,-12.053810362501077,43.165160499269824,-61.50335365657894
41.230000000000004,-15.088656785846707,-11.144827091616587,43.508326638293184,-61.50335365657894
41.235,-14.892172079936033,-10.226177757477648,43.76883873476459,-61.50335365657894
41.24,-14.659409797234895,-9.307784472918954,43.94682009437656,-61.50335365657894
41.245,-14.390605044645461,-8.399955167512683,44.041808725120795,-61.50335365657894
41.25,-14.091005237394045,-7.5108033303994155,44.058679327234906,-61.50335365657894
41.255,-13.761550123184742,-6.648558455024208,44.00098929575538,-61.50335365657894
41.26,-13.406637828315924,-5.8216786126077436,43.871464923198076,-61.50335365657894
41.265,-13.026968227412228,-5.035835662084791,43.67613784416987,-61.50335365657894
41.27,-12.62703442624398,-4.29785437339188,43.4212797383448,-61.50335365657894
41.275,-12.210986613192217,-3.6087787519962085,43.11357070290024,-61.50335365657894
41.28,-11.78010331241351,-2.9764898200540806,42.75869329259167,-61.50335365657894
41.285000000000004,-11.33994640820246,-2.401310067100101,42.36375117866124,-61.50335365657894
41.29,-10.89300253456853,-1.8826792981221687,41.93672660027192,-61.50335365657894
41.295,-10.442229665708288,-1.42104946819678,41.48034055796921,-61.50335365657894
41.300000000000004,-9.990604520903968,-1.018038335067528,41.00141547816622,-61.50335365657894
41.305,-9.542009683703384,-0.6713488470097129,40.5062435788804,-61.50335365657894
41.31,-9.09688589669403,-0.37811293186724954,39.99771122722504,-61.50335365657894
41.315,-8.662185752159104,-0.13809420818211549,39.481084166445,-61.50335365657894
41.32,-8.236090665182937,0.05134405440940548,38.96018579955454,-61.50335365657894
41.325,-7.821490316617179,0.19418219836066472,38.43774112567777,-61.50335365657894
41.33,-7.4206883305707,0.2939618980636144,37.917581192668074,-61.50335365657894
41.335,-7.035313278746271,0.3513517211396039,37.40224411512532,-61.50335365657894
41.34,-6.66457655267211,0.37125693886147443,36.891754947410796,-61.50335365657894
41.345,-6.311782357987791,0.3584219177811181,36.389350972773556,-61.50335365657894
41.35,-5.979564771113984,0.31312042517465566,35.892166555767005,-61.50335365657894
41.355000000000004,-5.664673228176445,0.2407305577376816,35.405145874841,-61.50335365657894
41.36,-5.369133109817555,0.1433174644811161,34.926518009893144,-61.50335365657894
41.365,-5.094359244311375,0.020334456703664516,34.45590137312477,-61.50335365657894
41.37,-4.838385926209213,-0.12302335954150068,33.99573584308802,-61.50335365657894
41.375,-4.603269182464113,-0.2854223490419625,33.54502041469698,-61.50335365657894
41.38,-4.3873427051611635,-0.46486052390013444,33.104301312658855,-61.50335365657894
41.385,-4.192016772331257,-0.6577638360605061,32.67209674965952,-61.50335365657894
41.39,-4.015963758660681,-0.8652233438430457,32.249947621617025,-61.50335365657894
41.395,-3.858415374939573,-1.083103307678631,31.83637431758976,-61.50335365657894
41.4,-3.7194585508703417,-1.3116054942478241,31.432943739630304,-61.50335365657894
41.405,-3.5992425759485713,-1.5487054234164146,31.03817682303663,-61.50335365657894
41.410000000000004,-3.496555050243915,-1.7946460824143629,30.65287553641826,-61.50335365657894
41.415,-3.4104655854415142,-2.048074198871678,30.276305327521587,-61.50335365657894
41.42,-3.340936728112746,-2.305976258751393,29.909536878058287,-61.50335365657894
41.425000000000004,-3.2906029109814927,-2.569397644232847,29.54863301478626,-61.50335365657894
41.43,-3.2546674984726254,-2.8381380110773424,29.196973759544594,-61.50335365657894
41.435,-3.234158449905005,-3.1118498364310407,28.85367892655203,-61.50335365657894
41.44,-3.229201378153871,-3.389410723917325,28.5195197419695,-61.50335365657894
41.445,-3.237612507044556,-3.6722142515938305,28.192628677195128,-61.50335365657894
41.45,-3.2604276502352487,-3.9583340458456218,27.87640195293037,-61.50335365657894
41.455,-3.2962404434576213,-4.2472020679469,27.568843482509696,-61.50335365657894
41.46,-3.3441140723101674,-4.539686838025965,27.272142256839345,-61.50335365657894
41.465,-3.4050088846204876,-4.83703870565043,26.984691582416687,-61.50335365657894
41.47,-3.47609422068876,-5.1388136116242595,26.707780907204974,-61.50335365657894
41.475,-3.558389365128036,-5.443893331360429,26.441534115696484,-61.50335365657894
41.480000000000004,-3.652583428749337,-5.751383929583436,26.186475113065942,-61.50335365657894
41.485,-3.7565056543869533,-6.063433870910214,25.942949591278904,63.54327422610183
41.49,-3.8718324985033767,-5.753877479084177,25.71070673547434,63.54327422610183
41.495,-3.9647034331478626,-5.4522875759173335,25.47890927412049,63.54327422610183
41.5,-4.039982942817912,-5.157468533207321,25.24705191498274,63.54327422610183
41.505,-4.095490423227253,-4.868899577627526,25.014026886784144,63.54327422610183
41.51,-4.1327483677407,-4.5883320765753,24.780879897323018,63.54327422610183
41.515,-4.1559163931483205,-4.31561594727887,24.544593821482078,63.54327422610183
41.52,-4.16411805704727,-4.047566558932103,24.307286401081303,63.54327422610183
41.525,-4.158479649813897,-3.786159897982497,24.06819263099382,63.54327422610183
41.53,-4.1408015160573255,-3.5314385088791855,23.824556866163245,63.54327422610183
41.535000000000004,-4.110970734263564,-3.282551645853717,23.579873525210203,63.54327422610183
41.54,-4.071015209575749,-3.0385926958073495,23.332820621287585,63.54327422610183
41.545,-4.020502812902309,-2.8005070885193923,23.084263369960688,63.54327422610183
41.550000000000004,-3.9591010280498775,-2.5681386121189704,22.83286109011645,63.54327422610183
41.555,-3.8903938553134942,-2.3388795301420204,22.57996341646787,63.54327422610183
41.56,-3.8136669160840473,-2.1140548223140123,22.324420768147707,63.54327422610183
41.565,-3.7284066619520804,-1.8939761393054906,22.067431383402376,63.54327422610183
41.57,-3.636440113251808,-1.6778365071808938,21.808601339306726,63.54327422610183
41.575,-3.539661895868837,-1.4643662370856276,21.548929550656574,63.54327422610183
41.58,-3.4364179302061166,-1.254126507073122,21.287258042353212,63.54327422610183
41.585,-3.326355310781666,-1.0460790032892446,21.025679771384123,63.54327422610183
41.59,-3.2128391355272896,-0.8393995344094634,20.763164333211495,63.54327422610183
41.595,-3.0938597794966802,-0.6343363195554592,20.49873933290763,63.54327422610183
41.6,-2.9706986136372273,-0.42911348357457835,20.23531313513132,63.54327422610183
41.605000000000004,-2.8422588263908413,-0.22503239761782576,19.972477411746656,63.54327422610183
41.61,-2.7116252599383617,-0.021088948044053923,19.709371831518613,63.54327422610183
41.615,-2.5776081854904147,0.18363508567797007,19.44764026935339,63.54327422610183
41.62,-2.439629809627034,0.39007443651236856,19.185768820903625,63.54327422610183
41.625,-2.2974494835931156,0.5975530026409648,18.92406553695526,63.54327422610183
41.63,-2.153462079925282,0.8076319248771158,18.663799275631604,63.54327422610183
41.635,-2.005178758438984,1.0206587702623686,18.407109764744064,63.54327422610183
41.64,-1.8532705317910185,1.2371741622378643,18.151070720716323,63.54327422610183
41.645,-1.6993274486637016,1.4573962359464576,17.89737841273115,63.54327422610183
41.65,-1.5415437080459755,1.680671720308435,17.64572595261841,63.54327422610183
41.655,-1.3813823062309099,1.908522373468071,17.397250937440834,63.54327422610183
41.660000000000004,-1.2167113510492351,2.1434029130146848,17.15135448899892,63.54327422610183
41.665,-1.0484123057314676,2.3841999061762125,16.910374878405435,63.54327422610183
41.67,-0.8763193588338449,2.630435972712169,16.671489369641552,63.54327422610183
41.675000000000004,-0.7018337185015691,2.885457097365115,16.438540283508942,63.54327422610183
41.68,-0.5223644381544726,3.1487692593448933,16.209324661277876,63.54327422610183
41.685,-0.3386413467684314,3.420092761515259,15.984987513904025,63.54327422610183
41.69,-0.15103335191379313,3.700498664880717,15.766584125035488,63.54327422610183
41.695,0.04142021420917627,3.9902057084727023,15.552825770776632,63.54327422610183
41.7,0.2387899833510316,4.290530714971213,15.346537223938876,63.54327422610183
41.705,0.4417837087616682,4.602334582347763,15.147520732633634,63.54327422610183
41.71,0.650104104240053,4.925665021833689,14.955268822821129,63.54327422610183
41.715,0.8631242356713725,5.2598307439610394,14.770997185018082,63.54327422610183
41.72,1.0827915743197352,5.608583927742901,14.59678958938316,63.54327422610183
41.725,1.3093068875047387,5.97149471182685,14.432299544821996,63.54327422610183
41.730000000000004,1.5429459002441326,6.348365078791416,14.278241225455558,63.54327422610183
41.735,1.7832064783970893,6.738397991937889,14.136259070346794,63.54327422610183
41.74,2.0311055093872565,7.146826917571143,14.007447036605631,63.54327422610183
41.745,2.2870242508640026,7.5718663417153,13.894790954980504,63.54327422610183
41.75,2.5509961336464633,8.013478801392129,13.795732575371712,63.54327422610183
41.755,2.823919952171734,8.473564562025462,13.714243364345515,63.54327422610183
41.76,3.1063825989533127,8.949605509464599,13.650552659442965,63.54327422610183
41.765,3.3991150127124365,9.445548865924051,13.607160672951675,63.54327422610183
41.77,3.7024160572168108,9.960482685561715,13.587315087346997,63.54327422610183
41.775,4.015159063864672,10.494064420127128,13.591554832996383,63.54327422610183
41.78,4.339279365827176,11.049216131700105,13.622006092222438,63.54327422610183
41.785000000000004,4.675508619397734,11.624223074710562,13.680518285615976,63.54327422610183
41.79,5.022772532954852,12.218870378999398,13.770453131778556,63.54327422610183
41.795,5.381887280510045,12.834170683961933,13.893677939144176,63.54327422610183
41.800000000000004,5.754551914675495,13.468196658185715,14.052957587072886,63.54327422610183
41.805,6.140909571451026,14.119607679304812,14.252880991572942,63.54327422610183
41.81,6.539888368638946,14.787883481708656,14.49672637146408,63.54327422610183
41.815,6.95282347474131,15.473230091801485,14.786372594749285,63.54327422610183
41.82,7.378589448344588,16.173364941351643,15.127869163767619,63.54327422610183
41.825,7.818253814528543,16.883972100697306,15.523174467676514,63.54327422610183
41.83,8.271920286135387,17.60604867357964,15.97556661438423,63.54327422610183
41.835,8.738833433451461,18.333001426838326,16.49194081059075,63.54327422610183
41.84,9.218259613954235,19.06298191464629,17.072685266592103,63.54327422610183
41.845,9.71051707454383,19.78861132818976,17.72475191293306,63.54327422610183
41.85,10.214874562792387,20.50600707117245,18.44882681799766,63.54327422610183
41.855000000000004,10.730817481234746,21.208348682338016,19.25004443992318,63.54327422610183
41.86,11.255727104432525,21.888903401109452,20.131317036843928,63.54327422610183
41.865,11.78649710636548,22.539503832447583,21.095076924658976,63.54327422610183
41.87,12.324096524885885,23.15112072178292,22.140894708504536,63.54327422610183
41.875,12.864889686903128,23.71422311311051,23.271943974291045,63.54327422610183
41.88,13.407765441388772,24.21696758738798,24.487285819288026,63.54327422610183
41.885,13.949012718927703,24.64908676528938,25.784433848242344,63.54327422610183
41.89,14.484383834848156,24.997690416876424,27.1605435520602,63.54327422610183
41.895,15.009472828003597,25.252326517709367,28.608719609526585,63.54327422610183
41.9,15.523265546799387,25.39863563579592,30.12287498050684,63.54327422610183
41.905,16.017281993457136,25.423891623074184,31.692835128271316,63.54327422610183
41.910000000000004,16.487911124323997,25.318317681062563,33.30634588416113,63.54327422610183
41.915,16.92853103712207,25.071635882812405,34.949197416137636,63.54327422610183
41.92,17.33535663895784,24.67583822572901,36.60478349576702,63.54327422610183
41.925000000000004,17.70178714021427,24.12514865438941,38.25513881186319,63.54327422610183
41.93,18.023586534503426,23.413941015874226,39.880281787946885,63.54327422610183
41.935,18.29257818981634,22.54381349537486,41.45887816909269,63.54327422610183
41.94,18.50492806444197,21.5173836039304,42.967396598434206,63.54327422610183
41.945,18.65484813524861,20.34318694705442,44.385583423050356,63.54327422610183
41.95,18.73874720768527,19.029739088849453,45.691725847336805,63.54327422610183
41.955,18.753015428114757,17.594219344730476,46.86491590192143,63.54327422610183
41.96,18.695238391839105,16.054630231916217,47.88972937396708,63.54327422610183
41.965,18.562380754540545,14.432787434365856,48.7532320507942,63.54327422610183
41.97,18.35603361871015,12.752816009807349,49.44318006605726,63.54327422610183
41.975,18.07583799205228,11.037798824464277,49.95374581827166,63.54327422610183
41.980000000000004,17.7240928861017,9.315946119334889,50.28650713200305,63.54327422610183
41.985,17.304072648912403,7.611902497609346,50.44228570351056,63.54327422610183
41.99,16.819618471533087,5.94962795554467,50.426873427535384,63.54327422610183
41.995,16.27543441398228,4.351931824988113,50.25586957442047,63.54327422610183
42.0,15.679232445439274,2.8366720508704066,49.93926689065796,63.54327422610183
42.005,15.037792086269151,1.4209293952691076,49.49505056824832,63.54327422610183
42.01,14.35827627330924,0.11505802782454388,48.941803901935934,63.54327422610183
42.015,13.646227877654688,-1.0712043276826206,48.29674077249705,63.54327422610183
42.02,12.90979977650925,-2.1331032366912845,47.57920379220764,63.54327422610183
42.025,12.157672751102679,-3.068970654534702,46.80741703239921,63.54327422610183
42.03,11.39588395113216,-3.8782017286725345,45.99684319151881,63.54327422610183
42.035000000000004,10.63176905667863,-4.567711412773201,45.162009162938645,63.54327422610183
42.04,9.871477950401257,-5.138925170996791,44.315857595201166,63.54327422610183
42.045,9.120885934478265,-5.601179787407543,43.470770833799975,63.54327422610183
42.050000000000004,8.383598371247842,-5.960590844075772,42.63606769204998,63.54327422610183
42.055,7.6672922118130735,-6.22668850856663,41.81852536020507,63.54327422610183
42.06,6.971880799966552,-6.407412167318728,41.021970046829246,63.54327422610183
42.065,6.302477298275308,-6.510701285190919,40.25215329761532,63.54327422610183
42.07,5.660379582683399,-6.545596995460888,39.51085603248044,63.54327422610183
42.075,5.049490968273873,-6.5201624760846375,38.799974795457324,63.54327422610183
42.08,4.470585281767186,-6.4426464807644805,38.11838229099785,63.54327422610183
42.085,3.925398004032146,-6.319078197312148,37.46661440328165,63.54327422610183
42.09,3.4138600429470496,-6.155325300606901,36.843259457236925,63.54327422610183
42.095,2.935326050928513,-5.957907538583618,36.24715137883721,63.54327422610183
42.1,2.4905093997500978,-5.732749869921991,35.67601198184664,63.54327422610183
42.105000000000004,2.079193469287379,-5.481731964716958,35.12945575036289,63.54327422610183
42.11,1.7008199294959936,-5.211487136269633,34.60397567750817,63.54327422610183
42.115,1.3549600124502919,-4.923540153083142,34.098012500423096,63.54327422610183
42.12,1.0414625841805674,-4.6220757827890395,33.60962701510552,63.54327422610183
42.125,0.7557763180025296,-4.310550802225584,33.13617215013949,63.54327422610183
42.13,0.5025280025204204,-3.9904219317951415,32.67788923383851,63.54327422610183
42.135,0.27868921552181075,-3.6648322455967985,32.2315778756056,63.54327422610183
42.14,0.08095538557795628,-3.3347144098162502,31.795246845731675,63.54327422610183
42.145,-0.09000071809495899,-3.0001646327888927,31.370302096848473,63.54327422610183
42.15,-0.23510772773676594,-2.6646347154569745,30.953723054796505,63.54327422610183
42.155,-0.35660110285138197,-2.3293178423606986,30.544605870083817,63.54327422610183
42.160000000000004,-0.4548576169061111,-1.9952279944997668,30.14109015683836,63.54327422610183
42.165,-0.532081699066415,-1.6617352502994238,29.743985013921854,63.54327422610183
42.17,-0.5877898361669989,-1.3298151360684445,29.3510731458791,63.54327422610183
42.175000000000004,-0.6264426153924629,-1.0012409144755987,28.963612922230908,63.54327422610183
42.18,-0.6454792961874547,-0.6754750351193477,28.58073045768996,63.54327422610183
42.185,-0.6470284881824706,-0.35092944093604755,28.20177389923394,63.54327422610183
42.19,-0.6324067980084149,-0.029230100004225046,27.8266923890279,63.54327422610183
42.195,-0.6038151037059412,0.28774449771029814,27.45494212359669,63.54327422610183
42.2,-0.5604173241107291,0.601731255027111,27.08790202862906,63.54327422610183
42.205,-0.5030573423570508,0.9142314073943518,26.72550301328397,63.54327422610183
42.21,-0.4317774913114614,1.2256191172351687,26.36703650582076,63.54327422610183
42.215,-0.34856725501238106,1.5342124457287825,26.012457634914753,63.54327422610183
42.22,-0.25512138397527095,1.8407879194207781,25.663822291888003,63.54327422610183
42.225,-0.15056035867874573,2.146344646838472,25.31906893685194,63.54327422610183
42.230000000000004,-0.03641379850427763,2.4526503740653878,24.97997870753245,63.54327422610183
42.235,0.09002188504343232,2.75825155228498,24.646673320978522,63.54327422610183
42.24,0.22410253766302202,3.0630417593016586,24.3194280429938,63.54327422610183
42.245,0.3664350982135056,3.3697887030120213,23.99821178454408,63.54327422610183
42.25,0.5162172065051184,3.6774383670712782,23.68427456981941,63.54327422610183
42.255,0.6752820521281024,3.9880205943252576,23.377952573804446,63.54327422610183
42.26,0.840798257607027,4.301721960518665,23.080113959838464,63.54327422610183
42.265,1.0142009076829583,4.618104237364621,22.79066136436023,63.54327422610183
42.27,1.1961488239924143,4.938858430525206,22.509235588279537,63.54327422610183
42.275,1.3836546978356294,5.265095639077513,22.239187620742136,63.54327422610183
42.28,1.5772959115604843,5.595977213235574,21.978904537704498,63.54327422610183
42.285000000000004,1.7783912725658966,5.93408295093762,21.729791263127485,63.54327422610183
42.29,1.9875380757823566,6.277640675398285,21.49247795898142,63.54327422610183
42.295,2.2027491592664505,6.627968166703653,21.269690963076698,63.54327422610183
42.300000000000004,2.4240836195022197,6.986696934006352,21.05904354966414,63.54327422610183
42.305,2.653085000369086,7.352696696459965,20.862633792135743,63.54327422610183
42.31,2.888576781285803,7.728709436558602,20.681371362917318,63.54327422610183
42.315,3.129883734476108,8.11399413313202,20.517048095406388,63.54327422610183
42.32,3.3784424232786665,8.508919383685166,20.371669182036484,63.54327422610183
42.325,3.6358150019999944,8.912569120793284,20.243760737067888,63.54327422610183
42.33,3.8985903796869494,9.326108375831607,20.136218125261184,63.54327422610183
42.335,4.170261753534556,9.750796246063395,20.05009934833751,63.54327422610183
42.34,4.448673004170777,10.18598507062455,19.986238230733413,63.54327422610183
42.345,4.735263949282308,10.630271870553631,19.94626176096023,63.54327422610183
42.35,5.030417731452393,11.085600002265394,19.930721644144302,63.54327422610183
42.355000000000004,5.333884089842757,11.550835359200837,19.944357282752115,63.54327422610183
42.36,5.6439367264313045,12.026322865167502,19.98661892499092,63.54327422610183
42.365,5.963460340581013,12.510599254158636,20.05982928565565,63.54327422610183
42.37,6.290716168891203,13.00364768144923,20.164978329862357,63.54327422610183
42.375,6.626966510359525,13.504140384580351,20.30577989628755,63.54327422610183
42.38,6.970254493075801,14.009345786404388,20.4834765625132,63.54327422610183
42.385,7.321494271374002,14.519113915460961,20.698885000425552,63.54327422610183
42.39,7.681234383745498,15.031213900173075,20.954574152699678,63.54327422610183
42.395,8.04888226626581,15.54508140914091,21.25322853330628,63.54327422610183
42.4,8.422869691936786,16.05641949663826,21.595117121354043,63.54327422610183
42.405,8.80471823396681,16.564713606034438,21.983535014294297,63.54327422610183
42.410000000000004,9.192918411120825,17.065817875621654,22.420551611504173,63.54327422610183
42.415,9.58615515165022,17.554986605617025,22.90558544183582,63.54327422610183
42.42,9.985094504032254,18.028765301257668,23.441293985641686,63.54327422610183
42.425000000000004,10.386373999176024,18.48523287725631,24.0296042613515,63.54327422610183
42.43,10.790033664449265,18.9167826808798,24.669317513681545,63.54327422610183
42.435,11.197754615866844,19.319855278782672,25.360669762608236,63.54327422610183
42.44,11.60417033215409,19.689480032255364,26.104440801964156,63.54327422610183
42.445,12.00950684714954,20.017866051839185,26.899483106941428,63.54327422610183
42.45,12.40972877819083,20.301015325639522,27.742005806499105,63.54327422610183
42.455,12.80434912179705,20.53305561043321,28.631451175149255,63.54327422610183
42.46,13.191034730837902,20.707635312537548,29.56446113056815,63.54327422610183
42.465,13.565126794328075,20.81800562838593,30.536023755925534,63.54327422610183
42.47,13.92746889388777,20.859316582922325,31.540412752439963,63.54327422610183
42.475,14.273827779117351,20.826373780513144,32.57273058639322,63.54327422610183
42.480000000000004,14.602526236169524,20.713912694689146,33.62357977867144,63.54327422610183
42.485,14.908268639869197,20.516780423736677,34.68631197789223,63.54327422610183
42.49,15.189322041159485,20.23404367238956,35.75295649395522,63.54327422610183
42.495,15.440300883837589,19.86103646182251,36.81292490061552,63.54327422610183
42.5,15.661655487022852,19.3978929033807,37.85566464790598,63.54327422610183
42.505,15.847837132037338,18.847695552100863,38.86962810484157,63.54327422610183
42.51,15.997108049028864,18.210681579896676,39.84527451570226,63.54327422610183
42.515,16.10859435884992,17.490742026775475,40.770106706883084,63.54327422610183
42.52,16.17752602547209,16.692061086926675,41.6344752716596,63.54327422610183
42.525,16.20228596966735,15.824263561238721,42.42897463618953,63.54327422610183
42.53,16.184645296413812,14.892160763787423,43.14552192133213,63.54327422610183
42.535000000000004,16.12025254377817,13.909891402924872,43.775986089273346,63.54327422610183
42.54,16.010235517638304,12.885994355506424,44.31441203251822,63.54327422610183
42.545,15.85401363790543,11.833118819273322,44.754551167175364,63.54327422610183
42.550000000000004,15.652144857798481,10.763483511964695,45.09537214101656,63.54327422610183
42.555,15.40820018235832,9.689379244919621,45.33699305355611,63.54327422610183
42.56,15.121905410049333,8.622858003737562,45.47958834559016,63.54327422610183
42.565,14.798029579465174,7.575992125309999,45.52376242571995,63.54327422610183
42.57,14.437292877836146,6.558313804602136,45.47641127857283,63.54327422610183
42.575,14.044137418217042,5.581037717197618,45.343886798005784,63.54327422610183
42.58,13.621662822064321,4.652415968840739,45.13068227461611,63.54327422610183
42.585,13.173371927546185,3.779172377084498,44.84458602219556,63.54327422610183
42.59,12.70496738832262,2.9681494575170806,44.495609944271116,63.54327422610183
42.595,12.2192367792373,2.222854805073185,44.09126577707233,63.54327422610183
42.6,11.719075876125096,1.5464885651208125,43.63872248661618,63.54327422610183
42.605000000000004,11.210288852338344,0.9403146766512521,43.146726022104346,63.54327422610183
42.61,10.697077551106686,0.40296482348925333,42.62390955630815,63.54327422610183
42.615,10.182757159013487,-0.06364839694221097,42.076614668291555,63.54327422610183
42.62,9.671260378768759,-0.4621359308950352,41.51297417803875,63.54327422610183
42.625,9.164104374459168,-0.795490371315794,40.93727775476378,63.54327422610183
42.63,8.665275436053742,-1.0667779701475726,40.35464966663041,63.54327422610183
42.635,8.17906758971096,-1.277458717653557,39.769254988602945,63.54327422610183
42.64,7.706785320315827,-1.4360242056385566,39.18704517857438,63.54327422610183
42.645,7.248931997739194,-1.5418312803368355,38.60719817955328,63.54327422610183
42.65,6.81035184208197,-1.6008923668906485,38.037004146592366,63.54327422610183
42.655,6.389816102333185,-1.6162043499765668,37.47536692042888,63.54327422610183
42.660000000000004,5.990151228711437,-1.5929776382366974,36.92501669679118,63.54327422610183
42.665,5.61034939711915,-1.5346416784797587,36.3846343002257,63.54327422610183
42.67,5.253504488113923,-1.443435578631477,35.856811577760446,63.54327422610183
42.675000000000004,4.9179714665363115,-1.325398741692623,35.34229097558959,63.54327422610183
42.68,4.60574817929116,-1.1818823769859015,34.8388574070024,63.54327422610183
42.685,4.317621542288783,-1.0160195291053966,34.346851463658325,63.54327422610183
42.69,4.0506763916267765,-0.8294778407648247,33.86695818862024,63.54327422610183
42.695,3.80724325692418,-0.626796923991004,33.39749320559287,63.54327422610183
42.7,3.584724550020061,-0.4101873864163986,32.93858540650658,63.54327422610183
42.705,3.384803770897838,-0.17829747911368715,32.491295421086996,63.54327422610183
42.71,3.2074947202280466,0.06314492384171089,32.05671675373959,63.54327422610183
42.715,3.050201850137639,0.3152100476418949,31.628761339902596,63.54327422610183
42.72,2.913340069384181,0.57728543369079,31.212104052399457,63.54327422610183
42.725,2.796913072497103,0.8450653993390524,30.80427216758505,63.54327422610183
42.730000000000004,2.69929442150403,1.1179887703644091,30.40467775175839,63.54327422610183
42.735,2.6213597616453206,1.3983156328802782,30.01402095015406,63.54327422610183
42.74,2.559258498335654,1.6830562885963043,29.631420608945227,63.54327422610183
42.745,2.51509173200676,1.9718792544069461,29.259094278408952,63.54327422610183
42.75,2.487214057274916,2.264828349399268,28.892863953744754,63.54327422610183
42.755,2.4742585034918045,2.5596211595074707,28.535245619685238,63.54327422610183
42.76,2.4788227207130196,2.858384039459345,28.185088107763804,63.54327422610183
42.765,2.500248869342822,3.160142493598133,27.844605060971368,63.54327422610183
42.77,2.5325278286238926,3.464687691137094,27.510913797387357,63.54327422610183
42.775,2.579131695486518,3.7704313069307074,27.188057264843234,63.54327422610183
42.78,2.6379536934435888,4.081061636508254,26.872666041109223,63.54327422610183
42.785000000000004,2.70928345938163,4.392027124659849,26.568545879761583,63.54327422610183
42.79,2.793773633937009,4.706784060222865,26.273895253931908,63.54327422610183
42.795,2.8885176111165416,5.025024648101663,25.98929457035811,63.54327422610183
42.800000000000004,2.9956512735651883,5.347261288544082,25.715183541664075,63.54327422610183
42.805,3.112774304050138,5.671901018589581,25.45208549381826,63.54327422610183
42.81,3.2407824471886504,6.002308971598026,25.200093764709997,63.54327422610183
42.815,3.3786157720157752,6.335145429942089,24.96167490375937,63.54327422610183
42.82,3.5259777801741414,6.6724313174521335,24.734206176599983,63.54327422610183
42.825,3.6825522753555746,7.013600191687645,24.521573993128662,63.54327422610183
42.83,3.850520314020496,7.360796551168489,24.323658736643686,63.54327422610183
42.835,4.026185710394257,7.713054747725065,24.141336080843885,63.54327422610183
42.84,4.21110264208047,8.069491196449215,23.973782363389642,63.54327422610183
42.845,4.40369876456014,8.431916873841583,23.823887853326646,63.54327422610183
42.85,4.6044447377482465,8.798726417532732,23.692097465728658,63.54327422610183
42.855000000000004,4.813143293898041,9.170988242021888,23.57878501478086,63.54327422610183
42.86,5.031509258056871,9.548152275390292,23.484996696291148,63.54327422610183
42.865,5.256635445367921,9.931761162693759,23.411796765750548,63.54327422610183
42.87,5.489553176169469,10.320437743134999,23.361338884372124,63.54327422610183
42.875,5.730939104656805,10.713640811023483,23.33327587884822,63.54327422610183
42.88,5.9808900305066,11.112706583596138,23.32851617563569,63.54327422610183
42.885,6.239132162759806,11.514726998188653,23.349863226048175,63.54327422610183
42.89,6.502863389736287,11.920376596337158,23.39718090536971,63.54327422610183
42.895,6.77274200820527,12.328294870021297,23.473344263548295,63.54327422610183
42.9,7.050628694636112,12.738135244447601,23.577640001558418,63.54327422610183
42.905,7.3353994948463255,13.148155308427881,23.713092120274023,63.54327422610183
42.910000000000004,7.626025584062392,13.557930209172337,23.878755115754426,63.54327422610183
42.915,7.92302182140957,13.965783666046478,24.077208567096225,63.54327422610183
42.92,8.225144482421989,14.368642658665152,24.3093255037465,63.54327422610183
42.925000000000004,8.53251021747379,14.764910237467673,24.5769669017568,63.54327422610183
42.93,8.844056564249321,15.154620885605121,24.879510437933064,63.54327422610183
42.935,9.158676270312025,15.53514367537581,25.217230836279853,63.54327422610183
42.94,9.478075182919156,15.902191940288418,25.593371545905416,63.54327422610183
42.945,9.799251848775313,16.25350017074435,26.005018811493034,63.54327422610183
42.95,10.121481367330983,16.586943509598658,26.45379102098373,63.54327422610183
42.955,10.44427522036548,16.900347778316135,26.939779805243106,63.54327422610183
42.96,10.767108246775587,17.18951501697353,27.461247610590746,63.54327422610183
42.965,11.087126316867895,17.449933293183424,28.020584202389124,63.54327422610183
42.97,11.406335011994559,17.678948809724293,28.61563471576346,63.54327422610183
42.975,11.721122345366231,17.874259508531757,29.241993339258393,63.54327422610183
42.980000000000004,12.028116310668107,18.030761975695963,29.900350731600625,63.54327422610183
42.985,12.327550233379464,18.144235468939787,30.587387550886543,63.54327422610183
42.99,12.618929382985225,18.211704976857266,31.298022783736716,63.54327422610183
42.995,12.898988960187149,18.23024760172004,32.02919731520114,63.54327422610183
43.0,13.165885853941756,18.196131513109734,32.77739336936609,63.54327422610183
43.005,13.418118667319565,18.108572227830823,33.53827022587158,63.54327422610183
43.01,13.65234970266202,17.964949210431538,34.307042279821864,63.54327422610183
43.015,13.868671889097696,17.762313884300948,35.07628405733624,63.54327422610183
43.02,14.064346010208954,17.50036288130032,35.83876641393493,63.54327422610183
43.025,14.236817718321117,17.179856459643723,36.59100500612972,63.54327422610183
43.03,14.383651302166372,16.799944951332076,37.327834929904895,63.54327422610183
43.035000000000004,14.503623690225787,16.363270644902176,38.038521778390034,63.54327422610183
43.04,14.596077081126992,15.87205317068435,38.71727954068259,63.54327422610183
43.045,14.661102813664563,15.328475004655129,39.36056940663629,63.54327422610183
43.050000000000004,14.69461830164665,14.73708336542406,39.95910562188969,63.54327422610183
43.055,14.696748107872715,14.102908926579282,40.50923030254514,63.54327422610183
43.06,14.666265068604435,13.430677770163767,41.00577507941151,63.54327422610183
43.065,14.60468505968989,12.728598941988608,41.443821266685745,63.54327422610183
43.07,14.510772510725092,12.001808046668414,41.82070394248138,63.54327422610183
43.075,14.386173724401388,11.25602791890114,42.133700178867194,63.54327422610183
43.08,14.229195153750545,10.501948858917515,42.38084334490575,63.54327422610183
43.085,14.042050384036298,9.744093493197923,42.563237984744056,63.54327422610183
43.09,13.826724052593105,8.990040227653704,42.67985169967906,63.54327422610183
43.095,13.583799226733342,8.24808112525464,42.73268678301064,63.54327422610183
43.1,13.316598696828654,7.524300569184583,42.723592847534924,63.54327422610183
43.105000000000004,13.027445054634288,6.82356844781413,42.654136841839644,63.54327422610183
43.11,12.716342739799874,6.151460808582565,42.52833579327955,63.54327422610183
43.115,12.38796336127859,5.513830632562946,42.35221962895467,63.54327422610183
43.12,12.044001099655343,4.914553911089608,42.130082240841716,63.54327422610183
43.125,11.688246543338824,4.356781788401329,41.8636147114192,63.54327422610183
43.13,11.321682097208164,3.841953914816502,41.55981813540917,63.54327422610183
43.135,10.947762837315627,3.373057599438569,41.223832139311895,63.54327422610183
43.14,10.567765761000867,2.9508551146944457,40.85943677619054,63.54327422610183
43.145,10.187266687440951,2.573488966763956,40.472059732047335,63.54327422610183
43.15,9.805671549162618,2.2438437937192113,40.06398748921216,63.54327422610183
43.155,9.427824972431894,1.9592288893147063,39.638219004560554,63.54327422610183
43.160000000000004,9.054883479972874,1.7191111942223032,39.2021633044539,63.54327422610183
43.165,8.690046776433508,1.5204376733750293,38.75738826330689,63.54327422610183
43.17,8.331034927451443,1.364480351325249,38.30611768578309,63.54327422610183
43.175000000000004,7.982963428477797,1.244570341036583,37.8532644009902,63.54327422610183
43.18,7.645855920060205,1.161875861593675,37.39815576858183,63.54327422610183
43.185,7.322379782770249,1.1150121571747662,36.943877198468435,63.54327422610183
43.19,7.011195140432244,1.0988596147346328,36.49226442482099,63.54327422610183
43.195,6.715490434325959,1.1135669264898116,36.044419958836926,63.54327422610183
43.2,6.436488016475612,1.1553864572927106,35.601019080624184,63.54327422610183
43.205,6.17353125271694,1.2225130591932416,35.162858591092956,63.54327422610183
43.21,5.926257644238514,1.31284366449865,34.73263289439521,63.54327422610183
43.215,5.695591123543455,1.425056382281157,34.30661267742061,63.54327422610183
43.22,5.481633614967923,1.5567523317343661,33.88913400854108,63.54327422610183
43.225,5.2858176601498785,1.7044030626800337,33.48065759753234,63.54327422610183
43.230000000000004,5.106729465345377,1.8689908572042038,33.07829538449934,63.54327422610183
43.235,4.945410898049684,2.0476315341614932,32.68484159094833,63.54327422610183
43.24,4.8009111189786156,2.238236298366967,32.299047545504465,63.54327422610183
43.245,4.672641187512615,2.4393461735892887,31.921815088308275,63.54327422610183
43.25,4.560755730502487,2.654004735334246,31.5535730462676,63.54327422610183
43.255,4.465214902036183,2.878543136825987,31.19323263780059,63.54327422610183
43.26,4.386587488714838,3.1119765524117127,30.842563271590784,63.54327422610183
43.265,4.322952486705395,3.351345633943404,30.499788261463777,63.54327422610183
43.27,4.273030681246078,3.5994737478320546,30.165639781229594,63.54327422610183
43.275,4.23893975719831,3.85328151119578,29.839562787721782,63.54327422610183
43.28,4.219509208128318,4.112209654868702,29.523181208774773,63.54327422610183
43.285000000000004,4.213806570726718,4.374703214068212,29.215342604017746,63.54327422610183
43.29,4.221499289331629,4.644750050207706,28.918334871017688,63.54327422610183
43.295,4.242542671116235,4.919580833898406,28.63038037447244,63.54327422610183
43.300000000000004,4.2762061609269235,5.199401871448578,28.352477243510787,63.54327422610183
43.305,4.322722854459748,5.483616579099973,28.08433492692242,63.54327422610183
43.31,4.38107935331116,5.77207866123342,27.827684265689896,63.54327422610183
43.315,4.449787523329596,6.064411175999507,27.58295546397262,63.54327422610183
43.32,4.530698868574748,6.361218459904628,27.34960947463142,63.54327422610183
43.325,4.622393241279683,6.662286438009119,27.128236911384185,63.54327422610183
43.33,4.7248612832678365,6.966711370482308,26.92083806292611,63.54327422610183
43.335,4.8371808873870235,7.275322177192989,26.726333888627586,63.54327422610183
43.34,4.958775009006922,7.587998773381545,26.544580849618885,63.54327422610183
43.345,5.090816652888872,7.9037207209358264,26.37912314046886,63.54327422610183
43.35,5.231666281613511,8.223272099688817,26.227979243899654,63.54327422610183
43.355000000000004,5.382132748469454,8.545844869627915,26.09459017880403,63.54327422610183
43.36,5.5400819425032894,8.872440457080419,25.97715357360376,-45.499549527108165
43.365,5.707429737164975,8.657449420699834,25.87586987719901,-45.499549527108165
43.37,5.855812787640319,8.448299151224832,25.777852296541973,-45.499549527108165
43.375,5.983901146228632,8.242984822022633,25.68131899767859,-45.499549527108165
43.38,6.096966230877183,8.043914463672929,25.585786905072027,-45.499549527108165
43.385,6.194592048669802,7.849690219977274,25.490143060036925,-45.499549527108165
43.39,6.277494683912475,7.660290246827658,25.394526598891105,-45.499549527108165
43.395,6.346925715907271,7.477476844831472,25.294920000780927,-45.499549527108165
43.4,6.4028936293187,7.2982637151160255,25.195021421184443,-45.499549527108165
43.405,6.446523806280534,7.124851517431944,25.09310691197208,-45.499549527108165
43.410000000000004,6.481241462106301,6.955916106494019,24.98795819716606,-45.499549527108165
43.415,6.5045869373598295,6.791836394730391,24.880651945921237,-45.499549527108165
43.42,6.518531594630055,6.63190212382304,24.76920157481416,-45.499549527108165
43.425000000000004,6.523918223298157,6.4772262294639855,24.655652012721823,-45.499549527108165
43.43,6.521666900726769,6.326672819074288,24.5381914170433,-45.499549527108165
43.435,6.512442888270934,6.180672166229768,24.417643629801535,-45.499549527108165
43.44,6.4954204729364955,6.038021638216299,24.2930889853569,-45.499549527108165
43.445,6.4739142146026945,5.901897463948365,24.16691263863105,-45.499549527108165
43.45,6.444364221386427,5.769645570071958,24.03464717134522,-45.499549527108165
43.455,6.410491077038914,5.640889417662961,23.901072188858603,-45.499549527108165
43.46,6.37202690060749,5.516305565550807,23.764391102021722,-45.499549527108165
43.465,6.330286748941147,5.395017833801665,23.623516481956216,-45.499549527108165
43.47,6.283676120357017,5.279169808888059,23.479559829461532,-45.499549527108165
43.475,6.234226609884461,5.167646774338146,23.331880668909815,-45.499549527108165
43.480000000000004,6.180664370941734,5.059636565736211,23.18221258715518,-45.499549527108165
43.485,6.123417003866745,4.956369589973596,23.029776082248645,-45.499549527108165
43.49,6.064172789215536,4.8559091929892855,22.873425151438735,-45.499549527108165
43.495,6.00375466952261,4.759190860906519,22.71685441473849,-45.499549527108165
43.5,5.94165082725443,4.666983570839252,22.557141471622593,-45.499549527108165
43.505,5.878057325975748,4.577066649293516,22.394738810478156,-45.499549527108165
43.51,5.811942321171573,4.490803832358857,22.23081603003543,-45.499549527108165
43.515,5.745405910789311,4.408223789017546,22.06555607018216,-45.499549527108165
43.52,5.678577277961673,4.328276325217101,21.89834256583963,-45.499549527108165
43.525,5.610968752871121,4.252747145524466,21.72893730280382,-45.499549527108165
43.53,5.542032824513305,4.179171326492475,21.558613641797194,-45.499549527108165
43.535000000000004,5.473372107924087,4.1095096624740215,21.38689528824187,-45.499549527108165
43.54,5.404953106239819,4.042548905742698,21.214317956836094,-45.499549527108165
43.545,5.336909100961792,3.9781769646046636,21.040555318499457,-45.499549527108165
43.550000000000004,5.2695554774635145,3.9167327612722844,20.866370379228034,-45.499549527108165
43.555,5.201409992693294,3.857521802570591,20.691714180055477,-45.499549527108165
43.56,5.132778055630935,3.800523170960591,20.51616219447501,-45.499549527108165
43.565,5.065140299891368,3.746004474004374,20.341353186192297,-45.499549527108165
43.57,4.9990568307740695,3.693359376980556,20.165413133612795,-45.499549527108165
43.575,4.933179699694856,3.643717156708923,19.99000819321064,-45.499549527108165
43.58,4.869647679055231,3.594464806093461,19.81401855992063,-45.499549527108165
43.585,4.805471254040371,3.547906545379,19.637986701254537,-45.499549527108165
43.59,4.742279754430299,3.5038613976575657,19.46173158471847,-45.499549527108165
43.595,4.680418523876518,3.4602938061732713,19.284657326061918,-45.499549527108165
43.6,4.6192916676372215,3.4198824656647147,19.108488540018943,-45.499549527108165
43.605000000000004,4.559705583662702,3.380500174620329,18.932514312160286,-45.499549527108165
43.61,4.500496149986068,3.343854130751346,18.75732412118922,-45.499549527108165
43.615,4.442572593576762,3.308289647370978,18.583377389607183,-45.499549527108165
43.62,4.385347133759301,3.27307638350633,18.40897594904084,-45.499549527108165
43.625,4.328264708279825,3.2407140094500813,18.235226300230806,-45.499549527108165
43.63,4.274192634544324,3.20796861798716,18.06280566014143,-45.499549527108165
43.635,4.221095652312021,3.176511832241961,17.891005484771,-45.499549527108165
43.64,4.168030923867656,3.14706953277903,17.720176237814925,-45.499549527108165
43.645,4.117284309313701,3.1175743303403887,17.549304666878417,-45.499549527108165
43.65,4.067263369191883,3.0887046406707683,17.37973409407368,-45.499549527108165
43.655,4.018613086852352,3.061509757540254,17.209565836326046,-45.499549527108165
43.660000000000004,3.970509916567856,3.035161306922173,17.04131424766097,-45.499549527108165
43.665,3.9251082681759826,3.01086330741776,16.874323228855555,-45.499549527108165
43.67,3.88066132978493,2.987012346106863,16.708768005543472,-45.499549527108165
43.675000000000004,3.8366302505843026,2.9640846760334494,16.54355365052652,-45.499549527108165
43.68,3.791838305766658,2.9407256486624878,16.378904326257334,-45.499549527108165
43.685,3.748955710042601,2.9185713047122257,16.215131378713696,-45.499549527108165
43.69,3.7067617840707054,2.897268734987188,16.052452322393755,-45.499549527108165
43.695,3.665464134883476,2.8772875916036194,15.891921747821103,-45.499549527108165
43.7,3.6263014367354516,2.8559928721340406,15.733168100076982,-45.499549527108165
43.705,3.587593417839107,2.8359832397029807,15.57581434568524,-45.499549527108165
43.71,3.549285272112608,2.816430573910532,15.420474352150643,-45.499549527108165
43.715,3.512444330401329,2.7975614781851696,15.264762953967464,-45.499549527108165
43.72,3.476581218019173,2.7805113030233866,15.110097554211151,-45.499549527108165
43.725,3.4404934921221306,2.7631677738754488,14.958523720189122,-45.499549527108165
43.730000000000004,3.4061406128031133,2.745705405428226,14.805071981043127,-45.499549527108165
43.735,3.3723548553815355,2.728885487508124,14.654548121651114,-45.499549527108165
43.74,3.3398782592141663,2.711912990785601,14.503194946141363,-45.499549527108165
43.745,3.308835806112332,2.6969218373473196,14.354894500024477,-45.499549527108165
43.75,3.277810682046243,2.6828333876450317,14.20929528626175,-45.499549527108165
43.755,3.246933088624437,2.668742217706828,14.064377896701016,-45.499549527108165
43.76,3.218182904662993,2.653775718994026,13.920285117147772,-45.499549527108165
43.765,3.1891845166894623,2.638820964455625,13.776999348894789,-45.499549527108165
43.77,3.16153157664302,2.6244654582861853,13.634762801837168,-45.499549527108165
43.775,3.133606178810601,2.611123240552878,13.493699036947,-45.499549527108165
43.78,3.1061274329065443,2.5983829428527074,13.354805485960346,-45.499549527108165
43.785000000000004,3.080417193404371,2.5851532455837853,13.216556465058304,-45.499549527108165
43.79,3.0544629808785446,2.571457391812369,13.079827785624495,-45.499549527108165
43.795,3.0307775217228987,2.559201411609163,12.945052817904044,-45.499549527108165
43.800000000000004,3.006387981986462,2.546927536417549,12.811471811070227,-45.499549527108165
43.805,2.984081178852393,2.534449655876547,12.679899689892693,-45.499549527108165
43.81,2.9635034505930413,2.5223087126245005,12.547646893422092,-45.499549527108165
43.815,2.9408553899610546,2.511269644247564,12.417577889533476,-45.499549527108165
43.82,2.9194953881184684,2.4997685389988815,12.289347152332201,-45.499549527108165
43.825,2.898724719007093,2.4883585965494848,12.162201969724556,-45.499549527108165
43.83,2.878231282834115,2.4786881803518614,12.036757302804833,-45.499549527108165
43.835,2.8584944518772244,2.4687940119114735,11.911288910593248,-45.499549527108165
43.84,2.839061716640406,2.458418163861254,11.787012954140996,-45.499549527108165
43.845,2.8194441802493784,2.4492781258037475,11.664967867751372,-45.499549527108165
43.85,2.799425688697388,2.4387545154266395,11.54350426285003,-45.499549527108165
43.855000000000004,2.7789813783627997,2.4283916150735574,11.423935620561783,-45.499549527108165
43.86,2.7613790647974445,2.418654535211303,11.304530105976825,-45.499549527108165
43.865,2.7446843295382766,2.4083289148355473,11.18615337034496,-45.499549527108165
43.87,2.728378847297095,2.399776546577617,11.0701546923179,-45.499549527108165
43.875,2.7116856267825176,2.3922625029698206,10.955646600194248,-45.499549527108165
43.88,2.6953372231135404,2.3833265115141713,10.840826067811642,-45.499549527108165
43.885,2.679861613555423,2.374737115746043,10.72761175578561,-45.499549527108165
43.89,2.665424376214293,2.3675461223917122,10.616577787748366,-45.499549527108165
43.895,2.65088113228906,2.3595142929586834,10.505957620844459,-45.499549527108165
43.9,2.6359198501425114,2.3524066040060583,10.396584339361548,-45.499549527108165
43.905,2.621999843245678,2.346385160541661,10.289907198891079,-45.499549527108165
43.910000000000004,2.6091649539458848,2.339427566532544,10.184471786424698,-45.499549527108165
43.915,2.594486670828449,2.333174594187036,10.0778664605966,-45.499549527108165
43.92,2.582076572030602,2.3252486203393765,9.974338879751114,-45.499549527108165
43.925000000000004,2.5689418986229864,2.3183497720052864,9.872427798239896,-45.499549527108165
43.93,2.5567817563362367,2.312362571758649,9.770567894161045,-45.499549527108165
43.935,2.5450512111564088,2.306362692703169,9.669170556670489,-45.499549527108165
43.94,2.5327761027400055,2.300112295709759,9.57104819107428,-45.499549527108165
43.945,2.5208018420525113,2.2939564419908693,9.472291767680275,-45.499549527108165
43.95,2.509163284986241,2.2883041852583537,9.37477706336838,-45.499549527108165
43.955,2.4982811893668524,2.2830353299425696,9.280457163319664,-45.499549527108165
43.96,2.4875772531442095,2.2792418117856954,9.184862620774108,-45.499549527108165
43.965,2.4789842446099684,2.274383401932789,9.090519409628792,-45.499549527108165
43.97,2.4684274633352135,2.269360625276713,8.997209661765305,-45.499549527108165
43.975,2.4584397672857237,2.266278696909513,8.905765713318246,-45.499549527108165
43.980000000000004,2.4475811529493465,2.2617545148624565,8.81553567848776,-45.499549527108165
43.985,2.437372360597693,2.2579900643710213,8.725215028214016,-45.499549527108165
43.99,2.429679266952147,2.2540820339519008,8.636228687940857,-45.499549527108165
43.995,2.421172253809104,2.251023818433991,8.548191433161248,-45.499549527108165
44.0,2.412907861311833,2.249179001041271,8.460350632029908,-45.499549527108165
44.005,2.4044535165659986,2.2472029499782487,8.374028592921714,-45.499549527108165
44.01,2.396599357672694,2.244708057653147,8.28952009326122,-45.499549527108165
44.015,2.388375600535093,2.241217133817328,8.205227258981951,-45.499549527108165
44.02,2.382003474316462,2.2388694602207564,8.121254959565519,-45.499549527108165
44.025,2.3759332828625035,2.2360218797482583,8.040073725927439,-45.499549527108165
44.03,2.3693687465485413,2.234442251758554,7.960267965483491,-45.499549527108165
44.035000000000004,2.362580335506373,2.233264622086765,7.880128183396604,-45.499549527108165
44.04,2.3572672198887177,2.2337554449679837,7.8017147088314935,-45.499549527108165
44.045,2.3505994777121737,2.2333803714804894,7.723560396830521,-45.499549527108165
44.050000000000004,2.345000872883209,2.2337341844076986,7.646859686187834,-45.499549527108165
44.055,2.33941487692384,2.235127824498786,7.5705888203218015,-45.499549527108165
44.06,2.3336779014366154,2.2337397355653037,7.494885636782358,-45.499549527108165
44.065,2.3280217337363234,2.233869599538637,7.423105178080116,-45.499549527108165
44.07,2.323272735585262,2.2350115478247683,7.349565373422902,-45.499549527108165
44.075,2.3193316481022177,2.236152871985318,7.2775995625693115,-45.499549527108165
44.08,2.3154619230614273,2.2380603098001153,7.206820567492187,-45.499549527108165
44.085,2.312331506541781,2.239335354645249,7.1366947555678575,-45.499549527108165
44.09,2.3089643746744053,2.242448932446891,7.0682341190622955,-45.499549527108165
44.095,2.3049061548399536,2.245329519912411,6.999814586683635,-45.499549527108165
44.1,2.3020124432804865,2.2484477066299067,6.933129936698487,-45.499549527108165
44.105000000000004,2.2993479105183483,2.2532320923063858,6.865363696665815,-45.499549527108165
44.11,2.2969260139366385,2.257956057716885,6.798733845751891,-45.499549527108165
44.115,2.2946031593223877,2.2632033614564255,6.734802608154128,-45.499549527108165
44.12,2.2929760082661446,2.268222202181024,6.670021993964302,-45.499549527108165
44.125,2.2922322169347082,2.2741963982404294,6.607577326342415,-45.499549527108165
44.13,2.291182344666397,2.279883185294262,6.5462537431926515,-45.499549527108165
44.135,2.2912737221221597,2.2873355726735523,6.484352523696655,-45.499549527108165
44.14,2.290588905190903,2.2945310892325375,6.423951541095053,-45.499549527108165
44.145,2.289867172190718,2.3041301312705236,6.363851339880259,-45.499549527108165
44.15,2.289781836787276,2.3124690892822874,6.305598583617713,-45.499549527108165
44.155,2.2909799416065324,2.3215235584669824,6.24875280402573,-45.499549527108165
44.160000000000004,2.2921873255461493,2.3306222299536783,6.192251909417034,-45.499549527108165
44.165,2.294567901281124,2.342635519123338,6.136564250349393,-45.499549527108165
44.17,2.2971234853047915,2.3534469254663195,6.081273546397744,-45.499549527108165
44.175000000000004,2.2993466724763074,2.364975676132336,6.025445626604357,-45.499549527108165
44.18,2.3020885463655274,2.377989175535135,5.972031680341307,-45.499549527108165
44.185,2.305514186837539,2.3925642848028965,5.919357250764387,-45.499549527108165
44.19,2.309355579010167,2.4069384850419437,5.867537965624949,-45.499549527108165
44.195,2.314146027155598,2.4232858905525068,5.81602351099616,-45.499549527108165
44.2,2.320000643754308,2.4402153357084164,5.767581302902446,-45.499549527108165
44.205,2.325388416663253,2.4578708813746792,5.71925761200281,-45.499549527108165
44.21,2.332685563195129,2.47925829939316,5.6712146541353,-45.499549527108165
44.215,2.3399549245296605,2.499866458617363,5.623731630571218,-45.499549527108165
44.22,2.3484581760401344,2.5230328638567143,5.577363241342846,-45.499549527108165
44.225,2.3567177173107976,2.545711275483596,5.531420172661233,-45.499549527108165
44.230000000000004,2.3660991750830367,2.5700783416321134,5.488658165235,-45.499549527108165
44.235,2.376397308736789,2.596790807810812,5.446055465843181,-45.499549527108165
44.24,2.387620130252825,2.62384962506338,5.404531628815258,-45.499549527108165
44.245,2.3989159779742026,2.652788757352428,5.3631310820314795,-45.499549527108165
44.25,2.412111623471382,2.683662500587382,5.323489729592306,-45.499549527108165
44.255,2.425123033715801,2.716287420646691,5.284720778674852,-45.499549527108165
44.26,2.439887108661344,2.7509945527034283,5.246178377318262,-45.499549527108165
44.265,2.4556855112936424,2.788289534007739,5.210149201466583,-45.499549527108165
44.27,2.470826431601692,2.826471641421251,5.17545344164008,-45.499549527108165
44.275,2.489216295500628,2.8677897626268023,5.142386389432148,-45.499549527108165
44.28,2.5082669434644336,2.91029699281009,5.1089437695685636,-45.499549527108165
44.285000000000004,2.5288385537805027,2.954055675934663,5.0767989523762775,-45.499549527108165
44.29,2.5493998822857526,3.0023834503212026,5.046646671972085,-45.499549527108165
44.295,2.572390084029754,3.0520159170813153,5.017459352424634,-45.499549527108165
44.300000000000004,2.596579247802316,3.105526674682423,4.990341435924522,-45.499549527108165
44.305,2.620978915463096,3.160680457447237,4.964683414404562,-45.499549527108165
44.31,2.649834647776383,3.2189092815858165,4.940763190715095,-45.499549527108165
44.315,2.6781952294494524,3.28033153636183,4.917746099367408,-45.499549527108165
44.32,2.70724150090342,3.345782856555656,4.897051052287242,-45.499549527108165
44.325,2.740645623041019,3.4143763567058385,4.877007625347752,-45.499549527108165
44.33,2.772719462476451,3.4863124932047924,4.8587676740754375,-45.499549527108165
44.335,2.807836983974179,3.561471188997365,4.842454743130264,-45.499549527108165
44.34,2.846686314740677,3.6413245568623567,4.828572123352304,-45.499549527108165
44.345,2.8854894950968863,3.725695423518422,4.815676357662214,-45.499549527108165
44.35,2.9275309382386476,3.814550506283291,4.806326828222043,-45.499549527108165
44.355000000000004,2.9731794676922987,3.9079906753057476,4.797455040497325,-45.499549527108165
44.36,3.0194023882280523,4.004507208870617,4.791304542573961,-45.499549527108165
44.365,3.069915087290812,4.107873065927976,4.788934432438514,-45.499549527108165
44.37,3.1211444114885203,4.2156032097234775,4.786889397507149,-45.499549527108165
44.375,3.1763812659695048,4.3293681030801014,4.790178256365376,-45.499549527108165
44.38,3.2341412500203495,4.449076047897596,4.794939449967599,-45.499549527108165
44.385,3.295163752749569,4.573651737561348,4.803193381728724,-45.499549527108165
44.39,3.3587986951332103,4.705281770200556,4.813461402982814,-45.499549527108165
44.395,3.4273970298458507,4.843088687843002,4.8283468133123435,-45.499549527108165
44.4,3.498459800680264,4.989377308110774,4.847742901127407,-45.499549527108165
44.405,3.5745372680479126,5.141210092730042,4.8699033668806475,-45.499549527108165
44.410000000000004,3.6546821262444626,5.301817500820585,4.895967767902199,-45.499549527108165
44.415,3.7378728184199836,5.470286378671919,4.926928385289126,-45.499549527108165
44.42,3.823927510807446,5.647860839926189,4.962686593903919,-45.499549527108165
44.425000000000004,3.9157863962198496,5.832402472841496,5.003955416265388,-45.499549527108165
44.43,4.012513412260058,6.025363100963348,5.0515855799359555,-45.499549527108165
44.435,4.113888407990974,6.228216679555424,5.10521917553897,-45.499549527108165
44.44,4.21918519821267,6.4412407491895625,5.165926772725214,-45.499549527108165
44.445,4.329615602581199,6.6640086988453415,5.2337443255953096,-45.499549527108165
44.45,4.446975354774541,6.896598385130755,5.3088099380692295,-45.499549527108165
44.455,4.5692427669360605,7.139005907204245,5.390944873076693,-45.499549527108165
44.46,4.6974049793243875,7.39291473298702,5.483135200131797,-45.499549527108165
44.465,4.831536219921209,7.657291131652037,5.58340578791347,-45.499549527108165
44.47,4.972518491736238,7.932969693826157,5.693679329070384,-45.499549527108165
44.475,5.120122933537336,8.220983273691356,5.8149678014192245,-45.499549527108165
44.480000000000004,5.274968885415794,8.519902582630817,5.946983756752777,-45.499549527108165
44.485,5.43758961351486,8.83149256764793,6.092255796900144,-45.499549527108165
44.49,5.607595424734647,9.154557295156359,6.252436508609213,-45.499549527108165
44.495,5.785787871077908,9.490882874871678,6.424924073713272,-45.499549527108165
44.5,5.97024848087158,9.840113447145754,6.614010998206797,-45.499549527108165
44.505,6.163794918106083,10.202311864188658,6.820014114917044,-45.499549527108165
44.51,6.365269966286042,10.577455099573811,7.043199908429648,-45.499549527108165
44.515,6.576269059780526,10.964195928934995,7.286610219206439,-45.499549527108165
44.52,6.796913040812904,11.36268563225081,7.551891446350922,-45.499549527108165
44.525,7.027152976006507,11.774371717532684,7.837811968803532,-45.499549527108165
44.53,7.2653127981766294,12.197617841692749,8.145950275615274,-45.499549527108165
44.535000000000004,7.511969800738673,12.629649620445514,8.479967301126521,-45.499549527108165
44.54,7.768408630299566,13.071591659679301,8.841610879398731,-45.499549527108165
44.545,8.03392387179953,13.522194182230706,9.231507856214284,-45.499549527108165
44.550000000000004,8.307195785166437,13.980522469829308,9.650809852724032,-45.499549527108165
44.555,8.590089320686467,14.444498328027414,10.102623110121199,-45.499549527108165
44.56,8.882069936600756,14.91382233396734,10.588821670653587,-45.499549527108165
44.565,9.183972150661434,15.384421666573235,11.110666098636518,-45.499549527108165
44.57,9.493731025376187,15.855296290521345,11.667854252668054,-45.499549527108165
44.575,9.811324091818793,16.323468482127446,12.264716392788541,-45.499549527108165
44.58,10.136433686240208,16.786468696182087,12.903361804255743,-45.499549527108165
44.585,10.46762369566914,17.24102841850982,13.583168913966789,-45.499549527108165
44.59,10.805844581377151,17.682395625854724,14.304083986254689,-45.499549527108165
44.595,11.148238903517083,18.105745952296317,15.069427476786135,-45.499549527108165
44.6,11.496768412101028,18.508179128503265,15.877553147494652,-45.499549527108165
44.605000000000004,11.847391613394878,18.88430246323935,16.730537845211465,-45.499549527108165
44.61,12.200411677140712,19.23075178544724,17.624366237696112,-45.499549527108165
44.615,12.551185127591234,19.539697729909207,18.56276780598536,-45.499549527108165
44.62,12.900559401708001,19.806742782491632,19.54080732063761,-45.499549527108165
44.625,13.245882753648095,20.026746710092954,20.558173107328237,-45.499549527108165
44.63,13.585639761821861,20.19325738403886,21.611079946738265,-45.499549527108165
44.635,13.915136405115355,20.298475447966975,22.694977195885595,-45.499549527108165
44.64,14.233740782872108,20.338829490747507,23.804232769593824,-45.499549527108165
44.645,14.539654051861806,20.308269871902887,24.934227399570517,-45.499549527108165
44.65,14.827951193656697,20.201942589580906,26.07808704383106,-45.499549527108165
44.655,15.096432426937413,20.016094823548222,27.2279004745057,-45.499549527108165
44.660000000000004,15.342150099576259,19.74688026158425,28.376385369901236,-45.499549527108165
44.665,15.56230805958751,19.390981786596136,29.512809591614655,-45.499549527108165
44.67,15.752788513217855,18.94756545501078,30.62780855596819,-45.499549527108165
44.675000000000004,15.911864589955496,18.417771153926534,31.711329124465564,-45.499549527108165
44.68,16.037815319109143,17.802944722035104,32.75313020221755,-45.499549527108165
44.685,16.12678920372097,17.105023839584625,33.74291831943781,-45.499549527108165
44.69,16.17445783344749,16.329196277955084,34.67244092272577,-45.499549527108165
44.695,16.18176540042982,15.481019094553295,35.53200487826547,-45.499549527108165
44.7,16.148034852427585,14.565876249660894,36.309440171405,-45.499549527108165
44.705,16.068343834025836,13.593288966104437,37.001570015323274,-45.499549527108165
44.71,15.944907821571235,12.573833703912445,37.60016912774609,-45.499549527108165
44.715,15.774843547874967,11.519731559686544,38.100584443341745,-45.499549527108165
44.72,15.562459598605663,10.438903430416895,38.50192521926006,-45.499549527108165
44.725,15.305439803161699,9.34205581131589,38.800217808028314,-45.499549527108165
44.730000000000004,15.007210792016041,8.241887633660129,38.99633011519271,-45.499549527108165
44.735,14.670063259237018,7.147920372039107,39.09367860437914,-45.499549527108165
44.74,14.294910434585361,6.071431708255098,39.09498289053916,-45.499549527108165
44.745,13.883089810076475,5.019456701865363,39.00716045394147,-45.499549527108165
44.75,13.43856808297465,4.003398877257424,38.83582850034699,-45.499549527108165
44.755,12.967844678217583,3.028636504051695,38.58717241635851,-45.499549527108165
44.76,12.470948416914116,2.099657139956613,38.26863393192283,-45.499549527108165
44.765,11.95296523008375,1.220854435351023,37.8903846672721,-45.499549527108165
44.77,11.416232431477992,0.3967879178680399,37.45748040219098,-45.499549527108165
44.775,10.866081784689154,-0.3723598862562285,36.98100980081302,-45.499549527108165
44.78,10.302315096089572,-1.0847750942523438,36.46765446562843,-45.499549527108165
44.785000000000004,9.732985283699238,-1.7422370003148864,35.92507662041685,-45.499549527108165
44.79,9.159578008859668,-2.345946838616228,35.36053699945454,-45.499549527108165
44.795,8.584291234788976,-2.89793455745623,34.781830110765696,-45.499549527108165
44.800000000000004,8.008918659900848,-3.4018601874931225,34.193552265230664,-45.499549527108165
44.805,7.4381543738327816,-3.859164480092633,33.601361078017746,-45.499549527108165
44.81,6.874070057399148,-4.276429104622913,33.00999218890496,-45.499549527108165
44.815,6.316038683804805,-4.654953039662171,32.423795049638606,-45.499549527108165
44.82,5.76837741633975,-4.998976491641752,31.843741753050296,-45.499549527108165
44.825,5.228588898819793,-5.311738807854575,31.27479291263432,-45.499549527108165
44.83,4.7014734196729995,-5.599606749570889,30.71868540720487,-59.227526385294524
44.835,4.184888555211161,-5.931917015968316,30.176115977055442,-59.227526385294524
44.84,3.6797515082977292,-6.244226030773268,29.64930420322705,-59.227526385294524
44.845,3.1839582208578787,-6.539590309863022,29.13995550445304,-59.227526385294524
44.85,2.6969721878388473,-6.821124477078617,28.646835097708514,-59.227526385294524
44.855000000000004,2.2214419939938743,-7.090542533324465,28.17376622166608,-59.227526385294524
44.86,1.7560586192708825,-7.352969502291193,27.718878385152998,-59.227526385294524
44.865,1.2996642143249366,-7.609700307857512,27.283912998445185,-59.227526385294524
44.87,0.8547741684786658,-7.864600939815772,26.869831141472243,-59.227526385294524
44.875,0.4183709936181,-8.117036000986214,26.477637184096398,-59.227526385294524
44.88,-0.0080014380372751,-8.368873105192613,26.10797165754053,-59.227526385294524
44.885,-0.42638447119576467,-8.62322734602603,25.76083036461806,-59.227526385294524
44.89,-0.8369892824924692,-8.880339723807971,25.4354238030922,-59.227526385294524
44.895,-1.2392820932535489,-9.142372807073029,25.132875585172822,-59.227526385294524
44.9,-1.6348427120893056,-9.409806655931911,24.853944319577046,-59.227526385294524
44.905,-2.0241435484746026,-9.685119644373046,24.599455656851596,-59.227526385294524
44.910000000000004,-2.4075831359072164,-9.968252235084691,24.37054651526961,-59.227526385294524
44.915,-2.786335084300169,-10.258864896052657,24.165234988137907,-59.227526385294524
44.92,-3.160146470076023,-10.556824273006532,23.985448630478526,-59.227526385294524
44.925000000000004,-3.5285662906785986,-10.863078377217038,23.832239152556163,-59.227526385294524
44.93,-3.8942706476343134,-11.177658881704712,23.7058048512439,-59.227526385294524
44.935,-4.257316853208826,-11.501622022490187,23.60684130733939,-59.227526385294524
44.94,-4.619598135450186,-11.834215080602535,23.535733984284143,-59.227526385294524
44.945,-4.980246213637121,-12.174468028875037,23.495936838512712,-59.227526385294524
44.95,-5.340628696351933,-12.522036493726446,23.486769395592134,-59.227526385294524
44.955,-5.700369787105982,-12.876686167201987,23.5070464554926,-59.227526385294524
44.96,-6.058108648347438,-13.23574162426193,23.560558332051045,-59.227526385294524
44.965,-6.4178809955250005,-13.600071965279739,23.64655612756443,-59.227526385294524
44.97,-6.776346701705313,-13.967523515276852,23.767879342789644,-59.227526385294524
44.975,-7.135363852900265,-14.337520566200764,23.92431346677154,-59.227526385294524
44.980000000000004,-7.49518949334124,-14.706585197570709,24.117033731662556,-59.227526385294524
44.985,-7.85659653340925,-15.073941360896063,24.34669199654739,-59.227526385294524
44.99,-8.216678932755707,-15.438740323301282,24.613498139008218,-59.227526385294524
44.995,-8.578294160972051,-15.796911366250631,24.91984499286493,-59.227526385294524
45.0,-8.938804102349527,-16.146623255423062,25.266567050360923,-59.227526385294524
45.005,-9.30048432384928,-16.484639004528105,25.65094601202277,-59.227526385294524
45.01,-9.659423854515225,-16.80710597064014,26.07541631034294,-59.227526385294524
45.015,-10.016282823389268,-17.11221541897385,26.53972063732351,-59.227526385294524
45.02,-10.371421772373663,-17.39528318923153,27.042364324853807,-59.227526385294524
45.025,-10.724224627563204,-17.652904222569887,27.584119415873566,-59.227526385294524
45.03,-11.069730143624325,-17.88216487300983,28.162875940125797,-59.227526385294524
45.035000000000004,-11.411292585673259,-18.08149226515336,28.777346505785783,-59.227526385294524
45.04,-11.744560898163018,-18.242997175316926,29.42582326555932,-59.227526385294524
45.045,-12.069933101880377,-18.36476204564465,30.10359260058575,-59.227526385294524
45.050000000000004,-12.384119396888101,-18.442162589226765,30.810831259235133,-59.227526385294524
45.055,-12.686074512362973,-18.47133646135301,31.541639075113505,-59.227526385294524
45.06,-12.975625209719706,-18.451093179736198,32.29343898715522,-59.227526385294524
45.065,-13.248183323484458,-18.375959381237887,33.06110556780075,-59.227526385294524
45.07,-13.505823301629448,-18.24540655289697,33.83778365186511,-59.227526385294524
45.075,-13.74316555453746,-18.057417335085983,34.619614093847105,-59.227526385294524
45.08,-13.958378486402678,-17.808370017049317,35.399494500993654,-59.227526385294524
45.085,-14.151001097390003,-17.498358023676317,36.17012821490873,-59.227526385294524
45.09,-14.31906549950197,-17.128676943763967,36.92608640214731,-59.227526385294524
45.095,-14.460006392755792,-16.70028810769593,37.66111750046699,-59.227526385294524
45.1,-14.572102679496489,-16.213889517075213,38.36675994239609,-59.227526385294524
45.105000000000004,-14.653942200799857,-15.673544189181621,39.036484493902634,-59.227526385294524
45.11,-14.70562586060388,-15.081533269130418,39.66574540589014,-59.227526385294524
45.115,-14.724041506176299,-14.444321144412724,40.245600151405455,-59.227526385294524
45.12,-14.70985573052269,-13.766464171415853,40.771672498100756,-59.227526385294524
45.125,-14.66303625864124,-13.052933696183619,41.24163898185121,-59.227526385294524
45.13,-14.581965497818718,-12.311190852817957,41.6482268673357,-59.227526385294524
45.135,-14.468577620361133,-11.549118002525159,41.99182471671862,-59.227526385294524
45.14,-14.322570147444045,-10.776015246347965,42.267160523234814,-59.227526385294524
45.145,-14.145178951511786,-9.996397289777237,42.475621329767975,-59.227526385294524
45.15,-13.93874281918228,-9.21888946678461,42.61523324031115,-59.227526385294524
45.155,-13.70212441391424,-8.450824464572467,42.689743767101085,-59.227526385294524
45.160000000000004,-13.440532442773335,-7.698701767761312,42.699553878261554,-59.227526385294524
45.165,-13.153113587432152,-6.966795912374094,42.647405270287784,-59.227526385294524
45.17,-12.844850328203773,-6.2642651358701915,42.537889923515415,-59.227526385294524
45.175000000000004,-12.515641104018435,-5.594763311959024,42.373550510722474,-59.227526385294524
45.18,-12.16993978065455,-4.963879419469461,42.15879220138689,-59.227526385294524
45.185,-11.810049490500075,-4.37421229280285,41.89814643923851,-59.227526385294524
45.19,-11.438404113707415,-3.82729727808002,41.5984102674596,-59.227526385294524
45.195,-11.057102767472482,-3.3262795455503213,41.261430804374996,-59.227526385294524
45.2,-10.670216003160556,-2.8709564175533107,40.89526830017945,-59.227526385294524
45.205,-10.279897627357794,-2.4653896005379954,40.50298067642958,-59.227526385294524
45.21,-9.889737125806821,-2.1073720279113717,40.0891993519815,-59.227526385294524
45.215,-9.500582155478504,-1.7951940701094722,39.6599694652096,-59.227526385294524
45.22,-9.11612600837081,-1.5282317657455475,39.21488848612975,-59.227526385294524
45.225,-8.737265422813397,-1.3050486368360292,38.76193366567533,-59.227526385294524
45.230000000000004,-8.365568363982137,-1.1242660310191295,38.30242574227418,-59.227526385294524
45.235,-8.003830864482085,-0.9842544549470891,37.83801615244266,-59.227526385294524
45.24,-7.652129437317936,-0.8815597481921316,37.37339630648037,-59.227526385294524
45.245,-7.314185315886405,-0.8140222353631515,36.9089354263953,-59.227526385294524
45.25,-6.989149810201794,-0.7794531776485112,36.44765748897416,-59.227526385294524
45.255,-6.678343560888828,-0.7758360973467551,35.99001909908314,-59.227526385294524
45.26,-6.385003793953388,-0.8022350173875985,35.535062075095674,-59.227526385294524
45.265,-6.106087276010827,-0.8540459728517201,35.08669281901616,-59.227526385294524
45.27,-5.843937496288538,-0.928563336072631,34.64495256676622,-59.227526385294524
45.275,-5.59804102815315,-1.0257436319915927,34.211455420258915,-59.227526385294524
45.28,-5.369999377292441,-1.142262625463995,33.784853344812824,-59.227526385294524
45.285000000000004,-5.157418013579867,-1.2777982687489193,33.36555197777815,-59.227526385294524
45.29,-4.964716010975508,-1.4294779319465907,32.95492329706041,-59.227526385294524
45.295,-4.788235792140643,-1.5954909403051407,32.55156833436222,-59.227526385294524
45.300000000000004,-4.629606313214736,-1.7746345544126338,32.15624241396797,-59.227526385294524
45.305,-4.486057809955238,-1.9656229707262711,31.768534261496644,-59.227526385294524
45.31,-4.359216208551811,-2.167423030636614,31.388656470568247,-59.227526385294524
45.315,-4.250564497263938,-2.3786857370926993,31.01786156310476,-59.227526385294524
45.32,-4.156986246615565,-2.5986897345084783,30.654989584256683,-59.227526385294524
45.325,-4.081073988954577,-2.826508977314893,30.300239581402842,-59.227526385294524
45.33,-4.0188376231129705,-3.061528072681281,29.954020975407772,-59.227526385294524
45.335,-3.9709887049797703,-3.302693699424795,29.616689404485633,-59.227526385294524
45.34,-3.93752019672773,-3.550071726290821,29.288289687857095,-59.227526385294524
45.345,-3.917979611966374,-3.803300461461312,28.966456963938484,-59.227526385294524
45.35,-3.9137106566372375,-4.061719216966895,28.654640176074476,-59.227526385294524
45.355000000000004,-3.9203659154270913,-4.325097131272812,28.35252167038302,-59.227526385294524
45.36,-3.940685545141653,-4.592504079378438,28.060147083939448,-59.227526385294524
45.365,-3.973786908319676,-4.865003522534793,27.775953851503996,-59.227526385294524
45.37,-4.019372047868075,-5.139610927163657,27.50134613192412,-59.227526385294524
45.375,-4.07503253768601,-5.419999095887332,27.237075815704276,-59.227526385294524
45.38,-4.142697247362497,-5.705424310948209,26.983998862428603,-59.227526385294524
45.385,-4.220247458489045,-5.993001845921178,26.741696530813222,-59.227526385294524
45.39,-4.309986955034935,-6.285101513930247,26.51058883376016,-59.227526385294524
45.395,-4.409151441704926,-6.581782088943587,26.293824021656672,-59.227526385294524
45.4,-4.5184415807098075,-6.883600046699492,26.088356587308503,-59.227526385294524
45.405,-4.638124997373993,-7.18839086669715,25.896283802012704,-59.227526385294524
45.410000000000004,-4.765799341399457,-7.497985736918181,25.716895926462346,-59.227526385294524
45.415,-4.9029028145256826,-7.811573902147091,25.552388689841024,-59.227526385294524
45.42,-5.049123065049358,-8.126684593402254,25.402248300238483,-59.227526385294524
45.425000000000004,-5.201709305549921,-8.447335489769266,25.2683550235516,-59.227526385294524
45.43,-5.363793682623789,-8.77176212221968,25.151444734074047,-59.227526385294524
45.435,-5.534023562833987,-9.101435683651754,25.04966267550038,-59.227526385294524
45.44,-5.712481077605175,-9.434487538440022,24.96825650115736,-59.227526385294524
45.445,-5.899291602867233,-9.76917291818495,24.905461095863338,-59.227526385294524
45.45,-6.0925694218932245,-10.107514285865804,24.8616584725973,-59.227526385294524
45.455,-6.294347765307297,-10.448102323154613,24.837128760575272,-59.227526385294524
45.46,-6.501638827000336,-10.79192281036535,24.835545916009394,-59.227526385294524
45.465,-6.714836362382537,-11.137263754032563,24.854923893570298,-59.227526385294524
45.47,-6.93625895625345,-11.482650266451781,24.897191266983338,-59.227526385294524
45.475,-7.163860050257391,-11.828008672980815,24.96422762541933,-59.227526385294524
45.480000000000004,-7.39759720739356,-12.174722623137466,25.05584715416835,-59.227526385294524
45.485,-7.636542961272602,-12.518325676069416,25.17164770951525,-59.227526385294524
45.49,-7.880421116294732,-12.85931675707701,25.313801079716683,-59.227526385294524
45.495,-8.129251587237269,-13.197322297931748,25.48332163922839,-59.227526385294524
45.5,-8.382739706055952,-13.530379136796693,25.680563827628838,-59.227526385294524
45.505,-8.639012082834297,-13.85549781309027,25.904862626172363,-59.227526385294524
45.51,-8.899855392799699,-14.173174979829206,26.158178229199162,-59.227526385294524
45.515,-9.163577715056439,-14.480953507828564,26.439294102274356,-59.227526385294524
45.52,-9.429811829320796,-14.77521463448867,26.749787744771254,-59.227526385294524
45.525,-9.697100422441803,-15.056805923996267,27.09026164160121,-59.227526385294524
45.53,-9.964831767294987,-15.321571457776013,27.45812590142318,-59.227526385294524
45.535000000000004,-10.231544658534952,-15.567981018942714,27.854734685503473,-59.227526385294524
45.54,-10.499067823249668,-15.79414364442219,28.28057170160681,-59.227526385294524
45.545,-10.763727395101467,-15.99702424175266,28.731735377563098,-59.227526385294524
45.550000000000004,-11.025114847798784,-16.17460075301035,29.21045172373933,-59.227526385294524
45.555,-11.281978469882235,-16.32278688081263,29.71271162093317,-59.227526385294524
45.56,-11.53464411296244,-16.44080592550362,30.23829934532324,-59.227526385294524
45.565,-11.779230442479419,-16.526041371878357,30.784064642670817,-59.227526385294524
45.57,-12.017138590493671,-16.57523602163357,31.34780855945965,-59.227526385294524
45.575,-12.244141029957294,-16.586825223739538,31.92521739258762,-59.227526385294524
45.58,-12.461256393611032,-16.558999392404804,32.514592601343,-59.227526385294524
45.585,-12.667166030227442,-16.490491288072516,33.11305330022305,-59.227526385294524
45.59,-12.859268517430513,-16.38106375616463,33.71652227167953,-59.227526385294524
45.595,-13.035326387096182,-16.226314163610507,34.31998451789553,-59.227526385294524
45.6,-13.194506394670086,-16.02999734481582,34.9222748757328,-59.227526385294524
45.605000000000004,-13.336185562971776,-15.787899462177997,35.5156501514375,-59.227526385294524
45.61,-13.459337982043564,-15.502622415912683,36.094913392148605,-59.227526385294524
45.615,-13.560230921834659,-15.176597962294345,36.656987227473365,-59.227526385294524
45.62,-13.641848823379535,-14.810904703229262,37.19623962398544,-59.227526385294524
45.625,-13.700759096175604,-14.406005300271575,37.70946004060671,-59.227526385294524
45.63,-13.734940518301121,-13.965061609302603,38.19360783705934,-59.227526385294524
45.635,-13.746281249037544,-13.49009416895598,38.64289053493252,-59.227526385294524
45.64,-13.732978359890435,-12.987668887871635,39.05389429161312,-59.227526385294524
45.645,-13.6956565843177,-12.460279346887573,39.42531347462359,-59.227526385294524
45.65,-13.632940563126285,-11.91276747236314,39.75342393002799,-59.227526385294524
45.655,-13.546652961188924,-11.349131143144724,40.03514277142941,-59.227526385294524
45.660000000000004,-13.436572427928596,-10.774089434376801,40.27082419852742,-59.227526385294524
45.665,-13.300811968131352,-10.191570720779774,40.457418457702474,-59.227526385294524
45.67,-13.14583262283638,-9.608475451837627,40.59644660707251,-59.227526385294524
45.675000000000004,-12.97004605259836,-9.029231826967568,40.68657086998927,-59.227526385294524
45.68,-12.772851259853988,-8.457799947951877,40.72934130290177,-59.227526385294524
45.685,-12.556517985658523,-7.900022241445215,40.72568470017716,-59.227526385294524
45.69,-12.323322571013497,-7.357519855116618,40.6773706192688,-59.227526385294524
45.695,-12.075274206815369,-6.835074179640975,40.58801289683079,-59.227526385294524
45.7,-11.813301049257298,-6.336817770722915,40.45886498507574,-59.227526385294524
45.705,-11.53999102034218,-5.8650182789446585,40.292523880817456,-59.227526385294524
45.71,-11.257365151140608,-5.422485946190204,40.093121121163,-59.227526385294524
45.715,-10.965331200158207,-5.010578083329614,39.86374431864352,-59.227526385294524
45.72,-10.668435641857013,-4.630573063922263,39.60784138199413,-59.227526385294524
45.725,-10.367672462025034,-4.285097084980854,39.32841094217848,-59.227526385294524
45.730000000000004,-10.063956789323756,-3.9718209034244873,39.02602665816751,-59.227526385294524
45.735,-9.759982556689245,-3.6926925712908076,38.70629749622055,-59.227526385294524
45.74,-9.456193653938229,-3.4471673796040943,38.37072157243707,-59.227526385294524
45.745,-9.154840737162395,-3.234340519502995,38.02190292868521,-59.227526385294524
45.75,-8.858709399348283,-3.0547917488135496,37.66213747073642,-59.227526385294524
45.755,-8.568133285983045,-2.908337940201297,37.29520454080173,-59.227526385294524
45.76,-8.284691216813295,-2.792547158693659,36.92272194562663,-59.227526385294524
45.765,-8.010070227344157,-2.704434253463921,36.546687731993124,-59.227526385294524
45.77,-7.744255734499228,-2.6444776980332163,36.16736077745534,-59.227526385294524
45.775,-7.489665555843359,-2.609824076070676,35.787609955998555,-59.227526385294524
45.78,-7.2464342950887595,-2.6012444875599545,35.40809532080695,-59.227526385294524
45.785000000000004,-7.013737930105363,-2.6170665511661184,35.03073721729993,-59.227526385294524
45.79,-6.793096700805484,-2.653399222571675,34.65602571836943,-59.227526385294524
45.795,-6.587095747981716,-2.7116755476449037,34.28378597656629,-59.227526385294524
45.800000000000004,-6.393312907573439,-2.787193932206688,33.915217457573874,-59.227526385294524
45.805,-6.213907399698338,-2.880371047025461,33.55211268553949,-59.227526385294524
45.81,-6.047577422321458,-2.9892766662004577,33.19397933110908,-59.227526385294524
45.815,-5.894551822582328,-3.113110954023825,32.84097941498948,-59.227526385294524
45.82,-5.755348138690504,-3.2514384396586506,32.49584620140795,-59.227526385294524
45.825,-5.631079797170591,-3.4009278345337726,32.15661516443175,-59.227526385294524
45.83,-5.519255946965461,-3.563147713796611,31.822654284276158,-59.227526385294524
45.835,-5.421524004910129,-3.736246988145803,31.4972016687795,-59.227526385294524
45.84,-5.337961920922168,-3.9188202724666703,31.179294500184934,-59.227526385294524
45.845,-5.267326670453062,-4.1108040819325655,30.867904459067606,-59.227526385294524
45.85,-5.210381934780077,-4.310918666975637,30.562701213525457,-59.227526385294524
45.855000000000004,-5.165076587201053,-4.51949721082412,30.266537891418828,-59.227526385294524
45.86,-5.133324805121322,-4.734788993631273,29.97886062315283,-59.227526385294524
45.865,-5.1140691482159655,-4.9559608402468225,29.701031254016186,-59.227526385294524
45.87,-5.107617495234733,-5.183582811704782,29.43111307974547,-59.227526385294524
45.875,-5.111350199141478,-5.4181843182909155,29.17102774918486,-59.227526385294524
45.88,-5.126575076893625,-5.659157282487917,28.921276543458998,-59.227526385294524
45.885,-5.153508980545659,-5.903606940326796,28.68014452388414,-59.227526385294524
45.89,-5.191712945749345,-6.153617423624464,28.450237305541688,-59.227526385294524
45.895,-5.239290529811347,-6.407133004786379,28.23006195848023,-59.227526385294524
45.9,-5.297130586405904,-6.664960061482299,28.02131207954194,-59.227526385294524
45.905,-5.364695635931151,-6.927557111601843,27.82408909146674,-59.227526385294524
45.910000000000004,-5.442417507730629,-7.193674179447173,27.639025039995055,-59.227526385294524
45.915,-5.530528618374179,-7.461909222373847,27.465553062226768,-59.227526385294524
45.92,-5.6280860403326205,-7.735214694909668,27.305649781028173,-59.227526385294524
45.925000000000004,-5.733858632841441,-8.01285879760504,27.158264127349643,-59.227526385294524
45.93,-5.848519203037776,-8.293453821144956,27.026736427824684,-59.227526385294524
45.935,-5.970889903079004,-8.576626843999476,26.908519769684972,-59.227526385294524
45.94,-6.1011978162755955,-8.86192391092736,26.804294327416493,-59.227526385294524
45.945,-6.239680146188675,-9.150001608478155,26.7178177375417,-59.227526385294524
45.95,-6.385979952418196,-9.44013002788043,26.647824686168118,-59.227526385294524
45.955,-6.538528167404011,-9.732008057963291,26.593791869567173,-59.227526385294524
45.96,-6.697902452196358,-10.024839357836681,26.558096625296848,-59.227526385294524
45.965,-6.865709120696636,-10.31900254532965,26.53954926382646,-59.227526385294524
45.97,-7.038526203889741,-10.61381833240484,26.540445868352844,-59.227526385294524
45.975,-7.21628387465668,-10.908880574553448,26.559633611615062,-59.227526385294524
45.980000000000004,-7.400613069283679,-11.203449480634148,26.599335704098984,-59.227526385294524
45.985,-7.591356866457264,-11.49577854587224,26.659569918249062,-59.227526385294524
45.99,-7.786815420122608,-11.78493384956176,26.739599912296168,-59.227526385294524
45.995,-7.985408150012635,-12.070336232649755,26.840665867315742,-59.227526385294524
46.0,-8.189377144588411,-12.352703641162384,26.965555993702687,-59.227526385294524
46.005,-8.39768193420201,-12.628924117331309,27.111999737587382,-59.227526385294524
46.01,-8.608845455151219,-12.900078081375748,27.279905402345374,-59.227526385294524
46.015,-8.82352920909265,-13.164165618434115,27.47189539778573,-59.227526385294524
46.02,-9.039874825645937,-13.417260878803237,27.684220996221274,-59.227526385294524
46.025,-9.259621588815937,-13.660620924417865,27.921206395045495,-59.227526385294524
46.03,-9.478880143552564,-13.89073402084666,28.182587724086023,-59.227526385294524
46.035000000000004,-9.698900598580838,-14.109298167421809,28.466661690509195,-59.227526385294524
46.04,-9.919947200758825,-14.312001530871951,28.771604018551898,-59.227526385294524
46.045,-10.139477754248544,-14.497171389958455,29.097701040768186,-59.227526385294524
46.050000000000004,-10.357959069944863,-14.666474665679074,29.445108669698172,-59.227526385294524
46.055,-10.572772758919804,-14.814362896201086,29.812028225953632,-59.227526385294524
46.06,-10.784264002327289,-14.942058666243632,30.19772326226276,-59.227526385294524
46.065,-10.991680834505136,-15.045468041551748,30.601326263156288,-59.227526385294524
46.07,-11.194690011010465,-15.123690963495177,31.020041733909125,-59.227526385294524
46.075,-11.392357724977854,-15.175530224724577,31.453327126601664,-59.227526385294524
46.08,-11.58129402871355,-15.199533469483429,31.898372619175785,-59.227526385294524
46.085,-11.760249689875904,-15.193229923810238,32.35235894655694,-59.227526385294524
46.09,-11.933725668172494,-15.157554873284344,32.81453149990425,-59.227526385294524
46.095,-12.094732759971352,-15.090565690283487,33.282069083557815,-59.227526385294524
46.1,-12.244982865000756,-14.990477368558052,33.75042657518351,-59.227526385294524
46.105000000000004,-12.383507648386075,-14.859420685178504,34.21755429130322,-59.227526385294524
46.11,-12.506949720963593,-14.697160185911034,34.68097547589608,-59.227526385294524
46.115,-12.616611415638198,-14.503336471404884,35.138093687101204,-59.227526385294524
46.12,-12.71119955071095,-14.278223720685622,35.58469391631516,-59.227526385294524
46.125,-12.789570297495782,-14.02148787385273,36.016575645307405,-59.227526385294524
46.13,-12.852279229291636,-13.735638914355455,36.43136606986338,-59.227526385294524
46.135,-12.896376737517103,-13.420599936085598,36.82845903514497,-59.227526385294524
46.14,-12.920481759584789,-13.079346674004919,37.20231427241432,-59.227526385294524
46.145,-12.927655640271524,-12.716276805713417,37.551311158945424,-59.227526385294524
46.15,-12.917706164072268,-12.33127675498275,37.872420401020165,-59.227526385294524
46.155,-12.88774378732609,-11.928227421947957,38.16392683930347,-59.227526385294524
46.160000000000004,-12.839643591461135,-11.510678648034142,38.42435046597896,-59.227526385294524
46.165,-12.772837136063224,-11.080267510847161,38.650726097991395,-59.227526385294524
46.17,-12.688986438579324,-10.640509224483125,38.8435077585343,-59.227526385294524
46.175000000000004,-12.587108972615157,-10.196817906356085,39.000332593771056,-59.227526385294524
46.18,-12.467580974712131,-9.750587781642878,39.123134435968495,-59.227526385294524
46.185,-12.33048793417347,-9.304234657698956,39.20867356949696,-59.227526385294524
46.19,-12.179205702530703,-8.8624988034309,39.259111967932384,-59.227526385294524
46.195,-12.013981125725554,-8.428265409596216,39.27548957062938,-59.227526385294524
46.2,-11.83492731666137,-8.004512788766556,39.25756521644901,-59.227526385294524
46.205,-11.643799971942101,-7.5955811912652225,39.20822261891468,-59.227526385294524
46.21,-11.440824642658352,-7.201073141496114,39.12666620220859,-59.227526385294524
46.215,-11.228521463034374,-6.823513789866985,39.0168283454973,-59.227526385294524
46.22,-11.008249053357334,-6.467816660503608,38.879394548505566,-59.227526385294524
46.225,-10.781987815329595,-6.133184258361943,38.7166625856649,-59.227526385294524
46.230000000000004,-10.549755679324747,-5.820088552588615,38.529333331512994,-59.227526385294524
46.235,-10.312940946948965,-5.531762700178134,38.32227939892417,-59.227526385294524
46.24,-10.0748154129908,-5.269508453293305,38.09774003815549,-59.227526385294524
46.245,-9.835636344557665,-5.03120519638423,37.85501753592863,-59.227526385294524
46.25,-9.59539910559403,-4.818183637036659,37.59830928443121,-59.227526385294524
46.255,-9.355949013388557,-4.629886441968657,37.328131944385255,-59.227526385294524
46.26,-9.120649055050876,-4.465984366346136,37.04662396279433,-59.227526385294524
46.265,-8.887078546700828,-4.327394072808872,36.75675452215115,-59.227526385294524
46.27,-8.65830833955291,-4.212713728723356,36.459148917774726,-59.227526385294524
46.275,-8.435846040412747,-4.121889841670733,36.156061552419246,-59.227526385294524
46.28,-8.22041703728401,-4.05439188446158,35.84719931164185,-59.227526385294524
46.285000000000004,-8.01157244100427,-4.0076221620994525,35.53466696144538,-59.227526385294524
46.29,-7.8110539647968364,-3.982114923810034,35.22044705798156,-59.227526385294524
46.295,-7.6193773896703965,-3.9759895352392993,34.905912152095254,-59.227526385294524
46.300000000000004,-7.436862622909542,-3.9900369397670823,34.591343735126124,-59.227526385294524
46.305,-7.265605997698574,-4.020803946386341,34.2783875371534,-59.227526385294524
46.31,-7.102475519123802,-4.068111605313065,33.96800191179983,-59.227526385294524
46.315,-6.950792863101203,-4.13243428830098,33.65929390629068,-59.227526385294524
46.32,-6.810109756074476,-4.211162717069161,33.354518037565164,-59.227526385294524
46.325,-6.6802424625169525,-4.302694823744691,33.05423865190793,-59.227526385294524
46.33,-6.561929908933639,-4.408574395378158,32.75745991834466,-59.227526385294524
46.335,-6.45410574062434,-4.527130817169252,32.46561653445777,-59.227526385294524
46.34,-6.357497930201688,-4.656114284208599,32.179295652382386,-59.227526385294524
46.345,-6.273113240642316,-4.794212339679314,31.898640177877482,-59.227526385294524
46.35,-6.200074700237593,-4.943849161186308,31.6242561731957,-59.227526385294524
46.355000000000004,-6.13829119001274,-5.102958939384909,31.356649884251645,-59.227526385294524
46.36,-6.085537790691154,-5.270701137084678,31.0958479001095,-59.227526385294524
46.365,-6.044041719086042,-5.447523829585803,30.841321547738623,-59.227526385294524
46.37,-6.014650505642007,-5.6305269880894,30.59430943303681,-59.227526385294524
46.375,-5.995560680142477,-5.820654781705684,30.35649325591361,-59.227526385294524
46.38,-5.985931442602068,-6.016745068814848,30.126017374273097,-59.227526385294524
46.385,-5.988361548027431,-6.218393693239926,29.90450516144707,-59.227526385294524
46.39,-6.0007319190035675,-6.426581061003275,29.691304189183214,-59.227526385294524
46.395,-6.0225999064952624,-6.640463272087104,29.487925242723005,-59.227526385294524
46.4,-6.053630605397541,-6.85847735873627,29.295564089242937,-59.227526385294524
46.405,-6.092639657632124,-7.0812164825829695,29.11410239807187,-59.227526385294524
46.410000000000004,-6.141911444787146,-7.309603623697733,28.94129827321378,-59.227526385294524
46.415,-6.200503328796793,-7.5401050585614735,28.780132171679213,-59.227526385294524
46.42,-6.26707955078782,-7.773835095676451,28.630985644633547,-59.227526385294524
46.425000000000004,-6.3418569458672165,-8.013039313412543,28.491951511897618,-59.227526385294524
46.43,-6.425238850828788,-8.25378556184642,28.366010523664993,-59.227526385294524
46.435,-6.5166224105478046,-8.49760271954187,28.25253237431671,-59.227526385294524
46.44,-6.614983123700698,-8.742618014585926,28.152621474233015,-59.227526385294524
46.445,-6.721612506693366,-8.990604307131104,28.065973677719803,-59.227526385294524
46.45,-6.83499304212082,-9.239294558046648,27.994997043868057,-59.227526385294524
46.455,-6.954902383341661,-9.490653657654128,27.937070609622655,-59.227526385294524
46.46,-7.0828724580213835,-9.741870837445916,27.895064478122016,-59.227526385294524
46.465,-7.215084905978348,-9.992520101323015,27.869297580293434,-59.227526385294524
46.47,-7.353099983804782,-10.243261819459805,27.858162736737604,-59.227526385294524
46.475,-7.4976154928006125,-10.493749873394357,27.863637278598855,-59.227526385294524
46.480000000000004,-7.645642725190943,-10.742742374435668,27.887497311814776,-59.227526385294524
46.485,-7.799698820865496,-10.989787908775503,27.92684282165749,-59.227526385294524
46.49,-7.959644679947783,-11.233889451890635,27.98302142226281,-59.227526385294524
46.495,-8.12256086702924,-11.474831159534343,28.05713273794007,-59.227526385294524
46.5,-8.290119119706445,-11.71142334160029,28.14984233258472,-59.227526385294524
46.505,-8.460930831061418,-11.942148772146616,28.25933550271312,-59.227526385294524
46.51,-8.635324193627527,-12.166801083851336,28.38798138037313,-59.227526385294524
46.515,-8.812584913452937,-12.385369153870467,28.536130198287363,-59.227526385294524
46.52,-8.990128851860366,-12.597178896544547,28.70200881732588,-59.227526385294524
46.525,-9.170284959398463,-12.799279393188758,28.886453530162715,-59.227526385294524
46.53,-9.352735751536185,-12.990096049041304,29.088399530774097,-59.227526385294524
46.535000000000004,-9.534144914120144,-13.17170687331771,29.308293092856694,-59.227526385294524
46.54,-9.71632369657949,-13.341135025165524,29.54629632511018,-59.227526385294524
46.545,-9.897360800085078,-13.495491048640115,29.80088804677336,-59.227526385294524
46.550000000000004,-10.076269362279465,-13.635031915954906,30.071123773379654,-59.227526385294524
46.555,-10.254594550858267,-13.759056783169683,30.35724852929285,-59.227526385294524
46.56,-10.429638550003139,-13.866008441803602,30.656658362736266,-59.227526385294524
46.565,-10.601765415258196,-13.954842904333965,30.971462972318097,-59.227526385294524
46.57,-10.769075175414702,-14.02306979141585,31.299033081887327,-59.227526385294524
46.575,-10.932135985036995,-14.071064585349669,31.637111389265886,-59.227526385294524
46.58,-11.08839511817087,-14.097654863702957,31.983997260927335,-59.227526385294524
46.585,-11.237881843743585,-14.10302424883193,32.338159839304055,-59.227526385294524
46.59,-11.382196494657224,-14.083653736127284,32.698908359850776,-59.227526385294524
46.595,-11.51644848212046,-14.042720020994592,33.0654226759209,-59.227526385294524
46.6,-11.642992398268618,-13.975724879056576,33.433466295608156,-59.227526385294524
46.605000000000004,-11.759590754472999,-13.885259829671247,33.8011743941762,-59.227526385294524
46.61,-11.866107544301695,-13.770488544270409,34.16693664097035,-59.227526385294524
46.615,-11.961720701270183,-13.631772734872301,34.52799544544502,-59.227526385294524
46.62,-12.046155530567116,-13.469216794760959,34.883178986025435,-59.227526385294524
46.625,-12.116637032210258,-13.283278222222243,35.23081712539056,-59.227526385294524
46.63,-12.175455170512155,-13.07504256345511,35.56596003654028,-59.227526385294524
46.635,-12.219715252226667,-12.846590022420928,35.88822980298794,-59.227526385294524
46.64,-12.251121487970739,-12.597408026107097,36.19336400386083,-59.227526385294524
46.645,-12.267557588254027,-12.327725271969713,36.48176019033178,-59.227526385294524
46.65,-12.268855871465245,-12.040758873852065,36.7512838213074,-59.227526385294524
46.655,-12.258276384510465,-11.740447772165687,36.99985004750872,-59.227526385294524
46.660000000000004,-12.234095387988562,-11.426022853367702,37.226062432740015,-59.227526385294524
46.665,-12.194117328965515,-11.100763064855219,37.429008475660474,-59.227526385294524
46.67,-12.139878173398953,-10.766236451056189,37.607344186963,-59.227526385294524
46.675000000000004,-12.071601975528374,-10.425919575724764,37.75979149735437,-59.227526385294524
46.68,-11.98855274621317,-10.079958570117153,37.88580359138196,-59.227526385294524
46.685,-11.893585489438419,-9.733715123350285,37.98460313764777,-59.227526385294524
46.69,-11.78516718474501,-9.38646914951537,38.057209041482196,-59.227526385294524
46.695,-11.664563706884598,-9.04295558073791,38.10243389832215,-59.227526385294524
46.7,-11.53207749958418,-8.704613862182063,38.12131975792799,-59.227526385294524
46.705,-11.391389679692589,-8.3745816770821,38.11390521466396,-59.227526385294524
46.71,-11.24120975589056,-8.052173095286989,38.08199121586393,-59.227526385294524
46.715,-11.081241942927548,-7.74260454261556,38.026526831184135,-59.227526385294524
46.72,-10.91470244840849,-7.445094412109365,37.948213548550754,-59.227526385294524
46.725,-10.741934772932952,-7.161777775701618,37.84794030388402,-59.227526385294524
46.730000000000004,-10.561425139828655,-6.892550996493228,37.72785270179518,-59.227526385294524
46.735,-10.377789635943989,-6.640891357782387,37.58919684525978,-59.227526385294524
46.74,-10.191335962604871,-6.405622172770973,37.432213265166105,-59.227526385294524
46.745,-10.001328806297364,-6.189646265189604,37.25924750095301,-59.227526385294524
46.75,-9.810518171175671,-5.99073559752838,37.073441266433285,-59.227526385294524
46.755,-9.619786372034907,-5.810977077163958,36.87266736564848,-59.227526385294524
46.76,-9.428653508561508,-5.650807379517667,36.660051920973835,-59.227526385294524
46.765,-9.239879886049941,-5.512251811344727,36.43850005647337,-59.227526385294524
46.77,-9.053913797783373,-5.390624796577824,36.20729336989978,-59.227526385294524
46.775,-8.870976409164312,-5.288115293739284,35.9676124464715,-59.227526385294524
46.78,-8.692080102170884,-5.204035726428103,35.72311942997977,-59.227526385294524
46.785000000000004,-8.519400631506562,-5.13993939753404,35.47293958442941,-59.227526385294524
46.79,-8.350867967943621,-5.091293954824949,35.21934183610934,-59.227526385294524
46.795,-8.187643749919204,-5.0603813511514515,34.96264010647353,-59.227526385294524
46.800000000000004,-8.030083121373368,-5.047085040527663,34.702688487552074,-59.227526385294524
46.805,-7.880651400045185,-5.049182119849391,34.442352527419246,-59.227526385294524
46.81,-7.7380608829158275,-5.065963019731113,34.181823004959526,-59.227526385294524
46.815,-7.605974066227503,-5.096605114439472,33.92243302849107,-59.227526385294524
46.82,-7.481206372412612,-5.141635406365001,33.6650544839048,-59.227526385294524
46.825,-7.363290195469769,-5.20091066198312,33.40927923055927,-59.227526385294524
46.83,-7.255143701974294,-5.271179179423976,33.15621327468333,-59.227526385294524
46.835,-7.1566521902137445,-5.354331637110562,32.90579307969496,-59.227526385294524
46.84,-7.066141275487279,-5.448477388059274,32.65870105147057,-59.227526385294524
46.845,-6.985152361576147,-5.553359364920989,32.4156570360457,-59.227526385294524
46.85,-6.9150954535576385,-5.667596093350946,32.1768581449716,-59.227526385294524
46.855000000000004,-6.853488777316079,-5.791953417279222,31.944239958192124,-59.227526385294524
46.86,-6.799879352653745,-5.924018348665773,31.71704157473266,-59.227526385294524
46.865,-6.756525409061475,-6.06372915472294,31.496602935472026,-59.227526385294524
46.87,-6.724116059141777,-6.211086433813814,31.282422099425077,-59.227526385294524
46.875,-6.69828905521873,-6.366332699237856,31.0747974091159,-59.227526385294524
46.88,-6.682443332850311,-6.527144419522478,30.874104919553666,-59.227526385294524
46.885,-6.674959960247159,-6.694521835181839,30.680048963389755,-59.227526385294524
46.89,-6.677051356140806,-6.868337679156898,30.494673759050716,-59.227526385294524
46.895,-6.686636475452962,-7.047030984831936,30.317610121544554,-59.227526385294524
46.9,-6.705076785282444,-7.229880078927651,30.14842887925269,-59.227526385294524
46.905,-6.73215461313404,-7.4166160400603,29.988489551050336,-59.227526385294524
46.910000000000004,-6.764861711088442,-7.610009836784626,29.83895892905819,-59.227526385294524
46.915,-6.806991388858665,-7.806116427579379,29.69799558682486,-59.227526385294524
46.92,-6.8555904410967035,-8.006663746305204,29.56643299347893,-59.227526385294524
46.925000000000004,-6.912820176021539,-8.2097650794161,29.447117917493493,-59.227526385294524
46.93,-6.97856537899668,-8.413976642956253,29.337792732992938,-59.227526385294524
46.935,-7.049298673059888,-8.62139379665639,29.240770893201457,-59.227526385294524
46.94,-7.128229210679726,-8.830739883727025,29.154986668372114,-59.227526385294524
46.945,-7.212321094401291,-9.041578042464822,29.081576358663384,-59.227526385294524
46.95,-7.303433153244802,-9.25368768570559,29.019747269896932,-59.227526385294524
46.955,-7.400405593433849,-9.465740501774665,28.969983904888128,-59.227526385294524
46.96,-7.50481349452397,-9.680141715987423,28.934650955914506,-59.227526385294524
46.965,-7.613092029396918,-9.892418065508394,28.91177051145894,-59.227526385294524
46.97,-7.727501944155264,-10.103451246178931,28.903163933329832,-59.227526385294524
46.975,-7.84651643259355,-10.314206078474486,28.907324391365567,-59.227526385294524
46.980000000000004,-7.9696265511434135,-10.52251442673243,28.92734851123146,-59.227526385294524
46.985,-8.09695538255305,-10.728108014526601,28.96165486909244,-59.227526385294524
46.99,-8.229211510663333,-10.931768330811797,29.010442200345167,-59.227526385294524
46.995,-8.364891310754397,-11.131660632242413,29.072651127738325,-59.227526385294524
47.0,-8.50393351006265,-11.326750172065578,29.149700057862532,-59.227526385294524
47.005,-8.645498590919667,-11.51656821597473,29.243376117626543,-59.227526385294524
47.01,-8.789383197979552,-11.701826243601094,29.350728950857516,-59.227526385294524
47.015,-8.935125191556242,-11.881061947254691,29.474233027372392,-59.227526385294524
47.02,-9.08399180713016,-12.053375312981132,29.611445923861908,-59.227526385294524
47.025,-9.232059069407791,-12.216049168651711,29.764387544666327,-59.227526385294524
47.03,-9.37981479183058,-12.368578176147343,29.93132043365179,-59.227526385294524
47.035000000000004,-9.529967821681167,-12.51195662026505,30.11146981214948,-59.227526385294524
47.04,-9.67991021142917,-12.6444835882126,30.305657497182246,-59.227526385294524
47.045,-9.828420789923923,-12.765244146479922,30.513519242993304,-59.227526385294524
47.050000000000004,-9.975194531362686,-12.873693926688844,30.735028382734654,-59.227526385294524
47.055,-10.119639146623392,-12.968817470584046,30.96717186799063,-59.227526385294524
47.06,-10.261717137516456,-13.05083583913469,31.210361287532276,-59.227526385294524
47.065,-10.400624528079591,-13.11684713442886,31.463954943091377,-59.227526385294524
47.07,-10.53674766064815,-13.167204148032946,31.7271677595466,-59.227526385294524
47.075,-10.668838318992627,-13.201116682849648,31.997904567099276,-59.227526385294524
47.08,-10.796108857932996,-13.218692973404472,32.275374208508204,-59.227526385294524
47.085,-10.917541315808732,-13.21769086915886,32.55764162423391,-59.227526385294524
47.09,-11.032800101489428,-13.199551600068082,32.84615446678904,-59.227526385294524
47.095,-11.141046670890058,-13.162979141831208,33.13745234545951,-59.227526385294524
47.1,-11.240709824334116,-13.105965572849165,33.4270467321754,-59.227526385294524
47.105000000000004,-11.334272824810633,-13.031097493101763,33.717687349131204,-59.227526385294524
47.11,-11.418908602329516,-12.93749240772848,34.00662717390924,-59.227526385294524
47.115,-11.495278955902396,-12.82449211816272,34.29090728413177,-59.227526385294524
47.12,-11.56058491910109,-12.694810386251367,34.569750151299736,-59.227526385294524
47.125,-11.616805902221806,-12.547814918809657,34.84205124164963,-59.227526385294524
47.13,-11.663930931505528,-12.383929771806297,35.10582127491092,-59.227526385294524
47.135,-11.699469491762729,-12.203868459715341,35.36009574120841,-59.227526385294524
47.14,-11.724474073945407,-12.008529847135481,35.60237503072417,-59.227526385294524
47.145,-11.738892930288767,-11.799369806838056,35.830382454997384,-59.227526385294524
47.15,-11.742230751231594,-11.57675287622382,36.0450194213463,-59.227526385294524
47.155,-11.73387785624578,-11.34272911803914,36.24346551649507,-59.227526385294524
47.160000000000004,-11.714509536804309,-11.097486985280465,36.42701371311511,-59.227526385294524
47.165,-11.684221754369029,-10.84504577760014,36.59224617738608,-59.227526385294524
47.17,-11.641511051720359,-10.586002120567363,36.737826305937425,-59.227526385294524
47.175000000000004,-11.58995073358757,-10.320480942015902,36.86358831390442,-59.227526385294524
47.18,-11.525741457221068,-10.051106451415906,36.97141637357569,-59.227526385294524
47.185,-11.45125904545278,-9.780323259924517,37.055572622226286,-59.227526385294524
47.19,-11.367369187274512,-9.507810116281977,37.122941347229826,-59.227526385294524
47.195,-11.27438734205282,-9.236610786026812,37.1678586616976,-59.227526385294524
47.2,-11.173037409217361,-8.970499139927524,37.19256428625496,-59.227526385294524
47.205,-11.063254768090175,-8.708092203684512,37.19774327906758,-59.227526385294524
47.21,-10.947396832443443,-8.452127284233317,37.18348252485888,-59.227526385294524
47.215,-10.822331868682666,-8.203424559519846,37.15040882905893,-59.227526385294524
47.22,-10.69178267350794,-7.9634554709183885,37.09989174441734,-59.227526385294524
47.225,-10.55502788873876,-7.7340221578731,37.02917210964734,-59.227526385294524
47.230000000000004,-10.415496437100964,-7.515728975307299,36.94388829844535,-59.227526385294524
47.235,-10.27044551886585,-7.307929554729972,36.842619775746805,-59.227526385294524
47.24,-10.122922277812634,-7.113206599380199,36.72665339430578,-59.227526385294524
47.245,-9.971523692796078,-6.931893872683371,36.59752365902843,-59.227526385294524
47.25,-9.81991878318937,-6.763926216122231,36.45324631109267,-59.227526385294524
47.255,-9.666229647998572,-6.610585609888683,36.29882742826154,-59.227526385294524
47.26,-9.513235380936937,-6.472337417240949,36.13362766756429,-59.227526385294524
47.265,-9.360695288028046,-6.348820218307846,35.95986668469425,-59.227526385294524
47.27,-9.210621312863932,-6.241084902760195,35.776498641727045,-59.227526385294524
47.275,-9.062352387790419,-6.148166987943467,35.586961459000136,-59.227526385294524
47.28,-8.915678198747575,-6.070125006135283,35.391207282541096,-59.227526385294524
47.285000000000004,-8.772475109163214,-6.00552645097836,35.18946356975332,-59.227526385294524
47.29,-8.63479748738825,-5.955260696137533,34.98328185768318,-59.227526385294524
47.295,-8.50105431905322,-5.9203715673977895,34.77249006320218,-59.227526385294524
47.300000000000004,-8.372226302894136,-5.899939320585038,34.560257549496626,-59.227526385294524
47.305,-8.248404776682868,-5.893076833401658,34.34680688319748,-59.227526385294524
47.31,-8.131794176179,-5.89818974584966,34.13264625677432,-59.227526385294524
47.315,-8.0196008706662,-5.914345407165276,33.91670089251838,-59.227526385294524
47.32,-7.913829250261409,-5.94339333690663,33.70271264371813,-59.227526385294524
47.325,-7.814460775429325,-5.984204999806033,33.4883357903159,-59.227526385294524
47.33,-7.723373539458023,-6.036483260647008,33.27574402813234,-59.227526385294524
47.335,-7.6390729440079355,-6.099195446319752,33.06527909073136,-59.227526385294524
47.34,-7.56232506969488,-6.171638603043968,32.85797028403286,-59.227526385294524
47.345,-7.493018924547429,-6.252925002330397,32.652890587344,-59.227526385294524
47.35,-7.430172806362697,-6.342589986885236,32.45127565895675,-59.227526385294524
47.355000000000004,-7.376491445239992,-6.442253624755831,32.25417719201862,-59.227526385294524
47.36,-7.32962486573322,-6.548966449839458,32.061634567233654,-59.227526385294524
47.365,-7.290453260210449,-6.664474861329464,31.87404635338677,-59.227526385294524
47.37,-7.257507453280041,-6.785429018876987,31.692602790680155,66.93654933018813
47.375,-7.232615863796055,-6.2828441471770615,31.51506033426879,66.93654933018813
47.38,-7.185298570264506,-5.79041555161515,31.322492786356708,66.93654933018813
47.385,-7.11539619943125,-5.307101425345306,31.113837671604117,66.93654933018813
47.39,-7.024362998922575,-4.835259759633247,30.887246921250284,66.93654933018813
47.395,-6.914302430657585,-4.375330937409395,30.64520909783526,66.93654933018813
47.4,-6.787921946245963,-3.926186896998714,30.38777198752423,66.93654933018813
47.405,-6.645760389646884,-3.4902968085362924,30.116184858540127,66.93654933018813
47.410000000000004,-6.487950078732224,-3.0678452090889996,29.83064424648217,66.93654933018813
47.415,-6.317397559243867,-2.6581196112136927,29.531523629838883,66.93654933018813
47.42,-6.1345506507436625,-2.2613861523478658,29.22118214987289,66.93654933018813
47.425000000000004,-5.941738691654291,-1.878494164161224,28.900484357587185,66.93654933018813
47.43,-5.739214956777541,-1.5081772003569602,28.57037519727336,66.93654933018813
47.435,-5.528416349383117,-1.1492376373396098,28.23207970313948,66.93654933018813
47.44,-5.308844231088071,-0.8014804173794818,27.887203155722606,66.93654933018813
47.445,-5.083733936086365,-0.4657248742540491,27.53683992547861,66.93654933018813
47.45,-4.8538091309645806,-0.1407891928857759,27.18185017446441,66.93654933018813
47.455,-4.617377205402565,0.17580641607105968,26.82214431361733,66.93654933018813
47.46,-4.378047134131792,0.4827239224004059,26.459226484325008,66.93654933018813
47.465,-4.13346194889759,0.7829185364328606,26.096583756577232,66.93654933018813
47.47,-3.8869703121521804,1.0739571274815571,25.731867348167576,66.93654933018813
47.475,-3.6373607982465206,1.3592768235752208,25.36779829401711,66.93654933018813
47.480000000000004,-3.38758182065612,1.639129647996107,25.004376384499142,66.93654933018813
47.485,-3.1362507416746834,1.9151457606222386,24.643420732671515,66.93654933018813
47.49,-2.8846594322397086,2.1877767874409617,24.28433904715438,66.93654933018813
47.495,-2.632037128443272,2.457414233274436,23.928903263812156,66.93654933018813
47.5,-2.377014081738854,2.7260684775098265,23.57693442523278,66.93654933018813
47.505,-2.121458598687738,2.994604990268373,23.23044649801948,66.93654933018813
47.51,-1.8665129814723733,3.2632503721902233,22.888242754324295,66.93654933018813
47.515,-1.6094446893829648,3.533354302988312,22.552411865109878,66.93654933018813
47.52,-1.3512070429328784,3.8074230832412623,22.22323130289139,66.93654933018813
47.525,-1.0912318626515343,4.082717697711615,21.901073245757463,66.93654933018813
47.53,-0.832888857123601,4.363483232822203,21.587297936987937,66.93654933018813
47.535000000000004,-0.5732370060786978,4.648729573232036,21.281674932943492,66.93654933018813
47.54,-0.31182239034724585,4.941597897119705,20.98457189168899,66.93654933018813
47.545,-0.04947801971333865,5.240925221475088,20.698142857585477,66.93654933018813
47.550000000000004,0.214145726427809,5.54792410075162,20.421535023629747,66.93654933018813
47.555,0.4803373059350985,5.863824125846711,20.154643521635588,66.93654933018813
47.56,0.7500406382629701,6.1875030269652935,19.900373888525202,66.93654933018813
47.565,1.0216441311240616,6.521938423187259,19.658555844447708,66.93654933018813
47.57,1.2974032271443674,6.866409287540749,19.42947775969771,66.93654933018813
47.575,1.5753470439580908,7.221719560083039,19.214683117748653,66.93654933018813
47.58,1.8570944279118533,7.588721977080278,19.01465725346893,66.93654933018813
47.585,2.1440540602770812,7.967264325799323,18.8322487679962,66.93654933018813
47.59,2.435594384132689,8.360441705207315,18.66642438016375,66.93654933018813
47.595,2.7313338389778217,8.76705455557691,18.51877297062089,66.93654933018813
47.6,3.031894623787146,9.187930442068636,18.392365912519324,66.93654933018813
47.605000000000004,3.3399959863914037,9.622987510711908,18.28663782932301,66.93654933018813
47.61,3.6545724963831567,10.07126827762807,18.20319410325656,66.93654933018813
47.615,3.9765914306974257,10.533710816698456,18.144616030063926,66.93654933018813
47.62,4.305000421739733,11.012103892531975,18.111642714338696,66.93654933018813
47.625,4.639500738767447,11.504095819243474,18.106997514679584,66.93654933018813
47.63,4.983166156370626,12.011009258526494,18.131645462376635,66.93654933018813
47.635,5.334396168578133,12.532237081042886,18.19031243101531,66.93654933018813
47.64,5.694001241318733,13.065951456091527,18.281749485432346,66.93654933018813
47.645,6.063047728981942,13.612905821099119,18.40965672634868,66.93654933018813
47.65,6.440058346704467,14.170253721460199,18.57604565876048,66.93654933018813
47.655,6.8263427472795355,14.737729527116372,18.784617152292245,66.93654933018813
47.660000000000004,7.2224032931707045,15.312327624064121,19.0377738699653,66.93654933018813
47.665,7.625699377444804,15.89561220126611,19.336357219534875,66.93654933018813
47.67,8.03832313355451,16.480668444649506,19.68426812415413,66.93654933018813
47.675000000000004,8.460737215240563,17.068057483669147,20.084470000134093,66.93654933018813
47.68,8.890667885318791,17.65205161990852,20.539391000551145,66.93654933018813
47.685,9.32989841498734,18.230854833708108,21.050009820934115,66.93654933018813
47.69,9.774095206997183,18.797644626500627,21.620277443170682,66.93654933018813
47.695,10.226324687812578,19.350426756014947,22.249033376256257,66.93654933018813
47.7,10.683712516698112,19.88236040788665,22.942917964068343,66.93654933018813
47.705,11.144459765701303,20.38720972506426,23.6997240224353,66.93654933018813
47.71,11.607499460122792,20.859954718297665,24.520472407577415,66.93654933018813
47.715,12.069286825471796,21.29148657898122,25.40402239532188,66.93654933018813
47.72,12.530301866212017,21.675765472586626,26.352274100499713,66.93654933018813
47.725,12.986086804173876,22.00626792327953,27.35817053605561,66.93654933018813
47.730000000000004,13.43832960844732,22.272129119609367,28.421752072566665,66.93654933018813
47.735,13.88032024630973,22.466076042109908,29.539469724584826,66.93654933018813
47.74,14.30914917217151,22.58117683362975,30.70448607691135,66.93654933018813
47.745,14.722839803076623,22.609022579526194,31.910205053743713,66.93654933018813
47.75,15.117283498998805,22.543368091670345,33.149510744827,66.93654933018813
47.755,15.48889524557749,22.37557232813301,34.41207973256312,66.93654933018813
47.76,15.832967876769937,22.1028912521463,35.68585012781505,66.93654933018813
47.765,16.146600550178228,21.718391290112027,36.95985053590667,66.93654933018813
47.77,16.426350984903408,21.222423204502245,38.22078724572614,66.93654933018813
47.775,16.666902770716145,20.61315491704568,39.454294119440476,66.93654933018813
47.78,16.8645758423529,19.888737794345897,40.64586315390677,66.93654933018813
47.785000000000004,17.016013023557726,19.05694410935463,41.78071141735,66.93654933018813
47.79,17.116856829676465,18.124817408952232,42.84498950055175,66.93654933018813
47.795,17.16711828995729,17.098765195700807,43.824561334614614,66.93654933018813
47.800000000000004,17.16370090015098,15.990035023970135,44.708271461681896,66.93654933018813
47.805,17.104111992055856,14.810901328333884,45.48352845150092,66.93654933018813
47.81,16.990760338718676,13.576415452310776,46.14381438841739,66.93654933018813
47.815,16.819240404789028,12.301101214685351,46.682168070964146,66.93654933018813
47.82,16.592317519732127,11.003129795417454,47.09294726708594,66.93654933018813
47.825,16.311629686440526,9.698207508548823,47.37796120186852,66.93654933018813
47.83,15.980077086722696,8.40487625985922,47.53636910675345,66.93654933018813
47.835,15.601888127371796,7.13786242257301,47.57542286815522,66.93654933018813
47.84,15.179804701452628,5.909182922977843,47.49775981817819,66.93654933018813
47.845,14.717273294551116,4.734449954469611,47.313715413659835,66.93654933018813
47.85,14.218001023233878,3.6241288813235446,47.03121763189003,66.93654933018813
47.855000000000004,13.689470128204698,2.587724392328469,46.66117319665648,66.93654933018813
47.86,13.134224420395944,1.6324433441501076,46.21663783181528,66.93654933018813
47.865,12.559402311878358,0.7619997285337379,45.70641894279187,66.93654933018813
47.870000000000005,11.969770766333397,-0.01827284750348479,45.14440246299977,66.93654933018813
47.875,11.369381617042036,-0.7107491494279361,44.54121648534665,66.93654933018813
47.88,10.764554324610526,-1.3130742630925192,43.907316559104004,66.93654933018813
47.885,10.160813002123797,-1.8276136649134807,43.25041010948783,66.93654933018813
47.89,9.561042828233878,-2.259330145539171,42.581233018588684,66.93654933018813
47.895,8.969685264275242,-2.6099648361123746,41.90579890924263,66.93654933018813
47.9,8.390137276600125,-2.8855131751759817,41.230828363185985,66.93654933018813
47.905,7.828286955484707,-3.0909451380249444,40.56002207680168,66.93654933018813
47.910000000000004,7.281812181753954,-3.2312024150881418,39.897712660594216,66.93654933018813
47.915,6.7569975299294684,-3.3126526020049143,39.24752853271538,66.93654933018813
47.92,6.254188729635568,-3.3406484883722807,38.6132235782674,66.93654933018813
47.925000000000004,5.774282598879305,-3.3211746726954066,37.99404019669662,66.93654933018813
47.93,5.3203457065410475,-3.2577946465221213,37.39224662130603,66.93654933018813
47.935,4.891007283716715,-3.1576009928968665,36.80659802953907,66.93654933018813
47.94,4.4889576962498134,-3.0233710832073615,36.23758492268769,66.93654933018813
47.945,4.112705614795512,-2.857585893484967,35.68586525428497,66.93654933018813
47.95,3.764792890346993,-2.6669353980035755,35.15101639093988,66.93654933018813
47.955,3.444424209755413,-2.4520809021352363,34.631331208742914,66.93654933018813
47.96,3.1493704314091095,-2.2195783613263522,34.12743759163161,66.93654933018813
47.965,2.881456123914665,-1.9697961028891524,33.63829162945015,66.93654933018813
47.97,2.6386502664387175,-1.7070471684826034,33.162202053925206,66.93654933018813
47.975,2.4214542994718684,-1.4316437097665407,32.69710935402346,66.93654933018813
47.980000000000004,2.229063687217737,-1.1467600543231606,32.24542044023297,66.93654933018813
47.985,2.0596709366797583,-0.8544959948205564,31.80250891237553,66.93654933018813
47.99,1.9134736690320753,-0.5537242229123145,31.37008177672208,66.93654933018813
47.995000000000005,1.791287966995813,-0.24773299889448663,30.945251088834958,66.93654933018813
48.0,1.6892940807120673,0.06189879602907905,30.529106485603506,66.93654933018813
48.005,1.608291585298327,0.375788977208219,30.122729403010403,66.93654933018813
48.01,1.547410670164009,0.6908536350095014,29.72446007953858,66.93654933018813
48.015,1.5050003538809291,1.0077482143350738,29.33293494012672,66.93654933018813
48.02,1.4802520864425412,1.3295216673673176,28.947835415635783,66.93654933018813
48.025,1.4725021367904496,1.6496822241676428,28.571443873313193,66.93654933018813
48.03,1.481697636274807,1.973175195233427,28.203041243274914,66.93654933018813
48.035000000000004,1.5059170845560443,2.2972992480676453,27.84139761693534,66.93654933018813
48.04,1.54355290836022,2.6227579871513607,27.488065809545443,66.93654933018813
48.045,1.5977150648727978,2.947416008608432,27.14244255856133,66.93654933018813
48.050000000000004,1.6651734171493169,3.2747786965572097,26.8041079164398,66.93654933018813
48.055,1.7459080174100114,3.602344881193618,26.4727310584144,66.93654933018813
48.06,1.8395483693590655,3.9315827171966364,26.151533023475043,66.93654933018813
48.065,1.9430878530146842,4.262903269425975,25.839954693656523,66.93654933018813
48.07,2.057711475437957,4.597516008352588,25.53721489122162,66.93654933018813
48.075,2.1843720500878185,4.934705382192808,25.243870715499902,66.93654933018813
48.08,2.321499337845543,5.274821102430171,24.962033361482803,66.93654933018813
48.085,2.468728278596861,5.619032014847684,24.690737632323145,66.93654933018813
48.09,2.6264032543295786,5.966443692846648,24.431381619995232,66.93654933018813
48.095,2.793543334304995,6.318005732662368,24.181965071869527,66.93654933018813
48.1,2.9688941950072953,6.675402931758056,23.94720920095291,66.93654933018813
48.105000000000004,3.1540493517190917,7.036239702178444,23.726343488858554,66.93654933018813
48.11,3.3473006494197977,7.403605552819552,23.52106622053563,66.93654933018813
48.115,3.549245850867894,7.776365988979194,23.33121826399858,66.93654933018813
48.120000000000005,3.76028198174395,8.154134678766653,23.15789350124124,66.93654933018813
48.125,3.9791771448360174,8.539225389195506,23.002390934363575,66.93654933018813
48.13,4.206101751469773,8.930191796722312,22.86570880167301,66.93654933018813
48.135,4.441996604919592,9.32701675804381,22.748520195697733,66.93654933018813
48.14,4.685643912057859,9.732573899324251,22.652116249447154,66.93654933018813
48.145,4.937628429295926,10.144295270883132,22.57803636868437,66.93654933018813
48.15,5.197583502165991,10.562915109913344,22.528183768423386,66.93654933018813
48.155,5.465270473650212,10.987518874814986,22.50095818095806,66.93654933018813
48.160000000000004,5.741886875250249,11.417776686989376,22.499867013719264,66.93654933018813
48.165,6.02548400975093,11.854474993529843,22.528047539095677,66.93654933018813
48.17,6.316713206857239,12.293381133156686,22.584420736586853,66.93654933018813
48.175000000000004,6.6157668489126475,12.738709784673995,22.67199518373435,66.93654933018813
48.18,6.923309656080056,13.185718339121035,22.790922336304465,66.93654933018813
48.185,7.236787513032707,13.635148297995716,22.94318437185185,66.93654933018813
48.19,7.556664275804532,14.084804355318902,23.131165535998974,66.93654933018813
48.195,7.882235908910795,14.532943018824557,23.354833693893134,66.93654933018813
48.2,8.21585170974726,14.977942573296298,23.61553457241189,66.93654933018813
48.205,8.553071570554295,15.417397284032896,23.916420760097957,66.93654933018813
48.21,8.89601155804266,15.84934130590878,24.256818432900488,66.93654933018813
48.215,9.243081137146092,16.27162450033328,24.638300843600355,66.93654933018813
48.22,9.593884586723009,16.679122148140678,25.062349893029296,66.93654933018813
48.225,9.94822922154139,17.072007698689674,25.5276704510606,66.93654933018813
48.230000000000004,10.303449631675749,17.444104143810904,26.036954302058856,66.93654933018813
48.235,10.660323073512552,17.792871167528034,26.58773300874948,66.93654933018813
48.24,11.017105253224164,18.114343913832336,27.182301572322466,66.93654933018813
48.245000000000005,11.370866658126452,18.4028354707329,27.81793555938698,66.93654933018813
48.25,11.72314419353967,18.656616092326377,28.49295686351979,66.93654933018813
48.255,12.069629830081462,18.86876018612428,29.207265317121838,66.93654933018813
48.26,12.410108920970561,19.036464046903767,29.95628317830506,66.93654933018813
48.265,12.741463469382108,19.15418444349,30.738974398251248,66.93654933018813
48.27,13.061627382976138,19.218108643107833,31.54789903731109,66.93654933018813
48.275,13.369566784274777,19.224149345464962,32.38165672205281,66.93654933018813
48.28,13.66146779302703,19.169575675252187,33.23624333735197,66.93654933018813
48.285000000000004,13.936440326681216,19.051835697008247,34.10174195939753,66.93654933018813
48.29,14.191300528018719,18.866811554536476,34.97533501398871,66.93654933018813
48.295,14.425245004305037,18.61176528805026,35.84735998525407,66.93654933018813
48.300000000000004,14.63333509283646,18.28697364913846,36.71218379992829,66.93654933018813
48.305,14.815501451382998,17.892353764100033,37.560490195234586,66.93654933018813
48.31,14.968958395789333,17.42989674024311,38.38491483194958,66.93654933018813
48.315,15.091475958143759,16.89987990872871,39.1775351854849,66.93654933018813
48.32,15.181347491714343,16.306990692985735,39.93030286715214,66.93654933018813
48.325,15.2391331317415,15.65305063880357,40.63552729714618,66.93654933018813
48.33,15.261070578817437,14.946483176085716,41.28667844096249,66.93654933018813
48.335,15.245442399251665,14.191845070265737,41.87668069739044,66.93654933018813
48.34,15.192188268744156,13.397805243145246,42.39972262769283,66.93654933018813
48.345,15.102108710222717,12.572781370723293,42.85231856733222,66.93654933018813
48.35,14.975169882994905,11.723265326102899,43.23128353750781,66.93654933018813
48.355000000000004,14.811883033293652,10.859496225870599,43.53192313875793,66.93654933018813
48.36,14.614023714632495,9.988208131023582,43.754993827406096,66.93654933018813
48.365,14.383613354808348,9.121727133223596,43.901196691525385,66.93654933018813
48.370000000000005,14.120298312321577,8.26627945106882,43.971355964468145,66.93654933018813
48.375,13.826650781225373,7.430871977138866,43.969288080799025,66.93654933018813
48.38,13.50674151001269,6.625112390493304,43.89682556017921,66.93654933018813
48.385,13.163769130681327,5.8527986195819635,43.75894311662,66.93654933018813
48.39,12.798602913356042,5.121159546669741,43.56079361746065,66.93654933018813
48.395,12.416064766862105,4.434702673956933,43.30775432725079,66.93654933018813
48.4,12.016172876307476,3.796986579667851,43.00646092325232,66.93654933018813
48.405,11.60530977409824,3.2107287504994675,42.662152131224275,66.93654933018813
48.410000000000004,11.185251886935058,2.6788222099937316,42.278903222151314,66.93654933018813
48.415,10.759995847936025,2.201758155657672,41.86597867888998,66.93654933018813
48.42,10.330983234862826,1.7787752643590817,41.42717142132719,66.93654933018813
48.425000000000004,9.902761357559127,1.4112442176826194,40.96571575210504,66.93654933018813
48.43,9.477144980359535,1.0969312367557857,40.48971088486091,66.93654933018813
48.435,9.057891963623833,0.8348867474402146,40.001920449198465,66.93654933018813
48.44,8.646275848538076,0.6213371939313593,39.506864981486814,66.93654933018813
48.445,8.245445718900875,0.45514584268729513,39.00745856283689,66.93654933018813
48.45,7.856090069522322,0.33284051893446126,38.50714835872988,66.93654933018813
48.455,7.480912467081275,0.2526809693544324,38.008059255503085,66.93654933018813
48.46,7.120023500485979,0.21071422961007047,37.51179403417997,66.93654933018813
48.465,6.773711642902121,0.206707534653296,37.01946299217287,66.93654933018813
48.47,6.444682708400369,0.2348233765083452,36.532480192944504,66.93654933018813
48.475,6.133444984870539,0.294221549059582,36.052850222157616,66.93654933018813
48.480000000000004,5.842254413188841,0.3798087221610844,35.580765793634974,66.93654933018813
48.485,5.5682429716855335,0.4907375265539991,35.11685148248748,66.93654933018813
48.49,5.31354303902202,0.6248666366245803,34.66207474712734,66.93654933018813
48.495000000000005,5.07914823408923,0.7777102269955343,34.217573026950625,66.93654933018813
48.5,4.863488794775046,0.9508501097061266,33.78032337438483,66.93654933018813
48.505,4.667771333750437,1.1406369797383713,33.35243746675588,66.93654933018813
48.51,4.490566672374868,1.3439694978379557,32.93546827678238,66.93654933018813
48.515,4.3330769062182295,1.5627028506529452,32.52745632742783,66.93654933018813
48.52,4.194622128718754,1.7923866447657246,32.12624341582304,66.93654933018813
48.525,4.074314962908393,2.029716071511775,31.73554012016047,66.93654933018813
48.53,3.9716539095053327,2.2785260981513713,31.352991908829495,66.93654933018813
48.535000000000004,3.887216187529913,2.5353568177510044,30.97929955579814,66.93654933018813
48.54,3.8194026427997696,2.798414525967667,30.615742067790453,66.93654933018813
48.545,3.768500945417333,3.0693850114791736,30.26160299810384,66.93654933018813
48.550000000000004,3.73438056873084,3.3452990887095595,29.91605311346355,66.93654933018813
48.555,3.7146415549320646,3.6271156555093493,29.579803114595737,66.93654933018813
48.56,3.710238718057461,3.913914302375796,29.252680023133223,66.93654933018813
48.565,3.7199948493708876,4.205945682254295,28.93591667247013,66.93654933018813
48.57,3.744252628766761,4.5016389483667165,28.62822792764371,66.93654933018813
48.575,3.781887290780196,4.802386553038943,28.33024871491071,66.93654933018813
48.58,3.8322043402201684,5.106525261355533,28.044308906421133,66.93654933018813
48.585,3.8959051035547483,5.415263233424937,27.76947522210073,66.93654933018813
48.59,3.9710039034974285,5.726619636929222,27.505943246444033,66.93654933018813
48.595,4.058431803951932,6.043148551668372,27.253669879711985,66.93654933018813
48.6,4.157005512893302,6.361810102013932,27.01285962165816,66.93654933018813
48.605000000000004,4.266402025893733,6.686050239551852,26.78406262720253,66.93654933018813
48.61,4.385291920236973,7.013078039914207,26.570187419357072,66.93654933018813
48.615,4.516656553675691,7.344429964513553,26.37016329500764,66.93654933018813
48.620000000000005,4.657604277943628,7.6793840334237595,26.18403694448293,66.93654933018813
48.625,4.809499474765796,8.018455067051578,26.01325886300655,66.93654933018813
48.63,4.971204081219504,8.360251804036912,25.858984674372138,66.93654933018813
48.635,5.140348180087482,8.70703174326877,25.72172695194579,66.93654933018813
48.64,5.31856579324267,9.055694397780709,25.603014161059928,66.93654933018813
48.645,5.505573038822468,9.40952652240462,25.50221590189874,66.93654933018813
48.65,5.7002891329289636,9.765726123759553,25.4209195828736,66.93654933018813
48.655,5.903624236586955,10.124303909092664,25.359488574410925,66.93654933018813
48.660000000000004,6.114855842523029,10.485162579290474,25.317648689585774,66.93654933018813
48.665,6.333614550183805,10.848816744666891,25.3001774979008,66.93654933018813
48.67,6.558115847327642,11.214909386110051,25.305846605016775,66.93654933018813
48.675000000000004,6.789930512867146,11.58118173042253,25.3356756051185,66.93654933018813
48.68,7.029926882169855,11.947956920145181,25.39189650032667,66.93654933018813
48.685,7.276006965537225,12.315776676696995,25.47288429575266,66.93654933018813
48.69,7.5274000101469865,12.68069338612598,25.581890938746557,66.93654933018813
48.695,7.785939333861944,13.04225507965679,25.717136412993426,66.93654933018813
48.7,8.047999240949354,13.401645351471922,25.881493597185173,66.93654933018813
48.705,8.316748475608428,13.753296599238576,26.075787990964148,66.93654933018813
48.71,8.588807850626889,14.099211605616485,26.300207956084325,66.93654933018813
48.715,8.863181054994882,14.437404508043409,26.554215531517816,66.93654933018813
48.72,9.141979739540243,14.763969807051948,26.839545408053663,66.93654933018813
48.725,9.42169651577103,15.076313940892375,27.1560497867208,66.93654933018813
48.730000000000004,9.703953928944914,15.374909377402643,27.502741006969188,66.93654933018813
48.735,9.988150731021891,15.656699344917808,27.88172858906685,66.93654933018813
48.74,10.271693082546811,15.918183743658473,28.290920442669922,66.93654933018813
48.745000000000005,10.553381149769844,16.158511228506324,28.732534935818634,66.93654933018813
48.75,10.833540260786844,16.373866369487033,29.20227424658596,66.93654933018813
48.755,11.110711908262221,16.561471560041173,29.699773739426732,66.93654933018813
48.76,11.383047996259899,16.720211549069983,30.224123609275004,66.93654933018813
48.765,11.649626083321948,16.843800679067456,30.774055260832206,66.93654933018813
48.77,11.909476520478751,16.933233471533946,31.344927203133874,66.93654933018813
48.775,12.160784210719404,16.983900579874174,31.934575047317402,66.93654933018813
48.78,12.402829927652277,16.994799385186067,32.54133077403756,66.93654933018813
48.785000000000004,12.630977338482666,16.963141214221512,33.161675491180034,66.93654933018813
48.79,12.848705379866397,16.886763627925525,33.79014320739492,66.93654933018813
48.795,13.050698475467618,16.76470091147784,34.42560217289695,66.93654933018813
48.800000000000004,13.237372199718004,16.595434613184057,35.06037365084901,66.93654933018813
48.805,13.405988575774579,16.38022732669599,35.69003137070633,66.93654933018813
48.81,13.554688160500623,16.117917808221595,36.313780739757114,66.93654933018813
48.815,13.683284501760435,15.808233832053984,36.922187527356655,66.93654933018813
48.82,13.790162045610016,15.452564689509302,37.51162519644194,66.93654933018813
48.825,13.873233298807769,15.054161427486331,38.07495470410683,66.93654933018813
48.83,13.933159040825453,14.614034009452523,38.61145108934696,66.93654933018813
48.835,13.966052655311202,14.136733897343948,39.11357753056046,66.93654933018813
48.84,13.975559441820298,13.62549254101566,39.578676142942186,66.93654933018813
48.845,13.957283240469799,13.084082008013844,40.002474803228445,66.93654933018813
48.85,13.913920189527996,12.515651582401459,40.38274823498096,66.93654933018813
48.855000000000004,13.844116238154458,11.92739604814271,40.715331140235214,66.93654933018813
48.86,13.74756788112354,11.322737755618967,40.9986561854514,66.93654933018813
48.865,13.62618652102442,10.706046763752804,41.230468071551,66.93654933018813
48.870000000000005,13.480272095094493,10.08594470696514,41.41010490789038,66.93654933018813
48.875,13.309176638499837,9.46588879748313,41.538094004644734,66.93654933018813
48.88,13.116344765529995,8.850888469472665,41.61287637514575,66.93654933018813
48.885,12.904277065272174,8.249243633673832,41.63797723277455,66.93654933018813
48.89,12.671167964740926,7.663430978882877,41.614469249961125,66.93654933018813
48.895,12.420678533590975,7.097097792945855,41.54547515299357,66.93654933018813
48.9,12.1534170383895,6.55577541292197,41.43246643327072,66.93654933018813
48.905,11.873065258629497,6.041742472083916,41.27862617726636,66.93654933018813
48.910000000000004,11.58032608036373,5.556294718991191,41.087462798793034,66.93654933018813
48.915,11.279433593491097,5.105672518878835,40.86141568835011,66.93654933018813
48.92,10.971885571286094,4.689716466568573,40.60435887440415,66.93654933018813
48.925000000000004,10.658506041459844,4.309523579826244,40.3208010142867,66.93654933018813
48.93,10.340750439186044,3.9661578020009935,40.01256832686871,66.93654933018813
48.935,10.024036387134204,3.658319477158208,39.6831875320498,66.93654933018813
48.94,9.70596229498385,3.3892029210709698,39.33640746923891,66.93654933018813
48.945,9.390811250084496,3.1574963239093803,38.97569180921506,66.93654933018813
48.95,9.078778918668315,2.959353987617038,38.60521384935048,66.93654933018813
48.955,8.77282222240018,2.7968994672968988,38.224857516591804,66.93654933018813
48.96,8.474325928743223,2.6680263677787037,37.839098556974086,66.93654933018813
48.965,8.184049730212521,2.571273794088099,37.44876868173525,66.93654933018813
48.97,7.902599554659825,2.507844531187222,37.054335496849085,66.93654933018813
48.975,7.632949450414636,2.4714394001746998,36.659043867646325,66.93654933018813
48.980000000000004,7.374057465034198,2.464216203469188,36.26509602616937,66.93654933018813
48.985,7.129190118366928,2.482092758615631,35.87182909584217,66.93654933018813
48.99,6.896023623698558,2.5229506419128622,35.48166482579325,66.93654933018813
48.995000000000005,6.67712350984491,2.587558853688212,35.09357933667603,66.93654933018813
49.0,6.472533591710699,2.6723548465586795,34.7125982110622,66.93654933018813
49.005,6.28215483762669,2.7770125432075,34.337102653577396,66.93654933018813
49.01,6.108350213800799,2.898696003434613,33.96746184823386,66.93654933018813
49.015,5.947043268100102,3.0362365801428837,33.60300972493488,66.93654933018813
49.02,5.80154163169914,3.1885919164646466,33.24493513403887,66.93654933018813
49.025,5.670477611897062,3.3542491554156695,32.89347010960778,66.93654933018813
49.03,5.5542169317358745,3.533340911448216,32.54984063015381,66.93654933018813
49.035000000000004,5.4536467160458875,3.724160627017614,32.21413240361717,66.93654933018813
49.04,5.366900834881847,3.9260204027337005,31.886320389035596,66.93654933018813
49.045,5.295257635013095,4.136863209082292,31.566606640842448,66.93654933018813
49.050000000000004,5.237267861787755,4.356089144970198,31.2544415527477,66.93654933018813
49.055,5.193740532435619,4.583073239308817,30.951668668888345,66.93654933018813
49.06,5.163315074403393,4.818675997752281,30.658441735677695,66.93654933018813
49.065,5.146831443282566,5.061867000513409,30.374815065967045,66.93654933018813
49.07,5.1428738310279005,5.31031566234053,30.10079711151874,66.93654933018813
49.075,5.150554365588956,5.563616330445115,29.835222125265567,66.93654933018813
49.08,5.172310370312977,5.8235479171543485,29.58072187098447,66.93654933018813
49.085,5.205115094390183,6.089520316044023,29.33626381224406,66.93654933018813
49.09,5.2504731513642025,6.359210354086808,29.10207956616694,66.93654933018813
49.095,5.304248316966702,6.632937349341328,28.881636892687165,66.93654933018813
49.1,5.370190154227155,6.911000375911848,28.67227314638715,66.93654933018813
49.105000000000004,5.447466169091909,7.192825771103007,28.47543262172894,66.93654933018813
49.11,5.534654169757846,7.479619305433219,28.291204743728652,66.93654933018813
49.115,5.6310474927750676,7.768875134151106,28.120563658745922,66.93654933018813
49.120000000000005,5.737261247871839,8.060636726000096,27.963774567259083,66.93654933018813
49.125,5.854588116349676,8.355895618868772,27.821299553169734,66.93654933018813
49.13,5.979360284701362,8.653946801627821,27.69501941097252,66.93654933018813
49.135,6.114127509209882,8.954686500964534,27.584872882045087,66.93654933018813
49.14,6.256025714467587,9.257123067209793,27.490996969851828,66.93654933018813
49.145,6.405521211373554,9.562389289940644,27.41386154434432,66.93654933018813
49.15,6.563116003985325,9.868784861880828,27.35429750040569,66.93654933018813
49.155,6.727633281240712,10.175045037715485,27.313377441676156,66.93654933018813
49.160000000000004,6.900726998716892,10.4830617001649,27.291841430615467,66.93654933018813
49.165,7.079825631383646,10.789177319490477,27.288504288018935,66.93654933018813
49.17,7.26568634696693,11.094056545684092,27.30665438390008,66.93654933018813
49.175000000000004,7.455349513910741,11.397649100440638,27.344770572244972,66.93654933018813
49.18,7.6524407584607355,11.699519856835536,27.403548831075216,66.93654933018813
49.185,7.854832021372286,11.998968952435396,27.485246751062682,66.93654933018813
49.19,8.059911895028698,12.292950061087762,27.590349923023684,66.93654933018813
49.195,8.271767922455739,12.58350617815963,27.718213344769563,66.93654933018813
49.2,8.487293248639556,12.867146108512614,27.869445086471547,66.93654933018813
49.205,8.70626242983836,13.143334299487922,28.04466746834475,66.93654933018813
49.21,8.927758930060518,13.410789494769862,28.241832872291496,66.93654933018813
49.215,9.151749868422076,13.666968053893575,28.46539571263579,66.93654933018813
49.22,9.376905086426431,13.910464488826856,28.710455869524946,66.93654933018813
49.225,9.602341928612883,14.142833574296692,28.97974641054907,66.93654933018813
49.230000000000004,9.828374495537597,14.359521001328098,29.273212106356706,66.93654933018813
49.235,10.056692689572186,14.561234964672982,29.58850610643256,66.93654933018813
49.24,10.280552093091748,14.744074938576519,29.92676100854273,66.93654933018813
49.245000000000005,10.504194298574706,14.905848431764275,30.28660106819339,66.93654933018813
49.25,10.724467378314186,15.047054202669221,30.66573485280579,66.93654933018813
49.255,10.94058358724237,15.162690133633948,31.063148777855186,66.93654933018813
49.26,11.151470848805506,15.254343148279505,31.478067778366015,66.93654933018813
49.265,11.35690692773525,15.319370521246553,31.908376564566645,66.93654933018813
49.27,11.55510891451401,15.35786940417817,32.35288712207362,66.93654933018813
49.275,11.746496329561719,15.364920671785939,32.80766204310047,66.93654933018813
49.28,11.927860740085707,15.340876271880404,33.27244354199716,66.93654933018813
49.285000000000004,12.097660780431061,15.285049026559923,33.7441271784903,66.93654933018813
49.29,12.257347178121638,15.195721167549815,34.21915286644054,66.93654933018813
49.295,12.403413359815294,15.073037513276176,34.693785770470825,66.93654933018813
49.300000000000004,12.536178514323717,14.916091958838892,35.16549043876033,66.93654933018813
49.305,12.65484116274539,14.72734698689193,35.63042020070663,66.93654933018813
49.31,12.75865150589273,14.5058071763959,36.0873757093054,66.93654933018813
49.315,12.845383111005484,14.252008746544696,36.531404169812284,66.93654933018813
49.32,12.915250075331185,13.967542168324036,36.959465865149724,66.93654933018813
49.325,12.9668456447497,13.654563526128305,37.36964320601568,66.93654933018813
49.33,13.000174104507098,13.313759537824607,37.757485381616036,66.93654933018813
49.335,13.01705406902052,12.947854843603155,38.120063477914805,66.93654933018813
49.34,13.012733943075146,12.55843966947756,38.45491289568592,66.93654933018813
49.345,12.990226433033872,12.149850316334367,38.7584345299416,66.93654933018813
49.35,12.94832837822845,11.725392086807986,39.02999528785167,66.93654933018813
49.355000000000004,12.88808563750623,11.285747865341234,39.26906136410432,66.93654933018813
49.36,12.807675723841964,10.837570721461127,39.47202823204354,66.93654933018813
49.365,12.709507389377709,10.383172829647615,39.63912195178087,66.93654933018813
49.370000000000005,12.593220273135987,9.926609687680816,39.76973887892738,66.93654933018813
49.375,12.46053119960731,9.471152276516849,39.862506952586244,66.93654933018813
49.38,12.310739729114786,9.02001571939471,39.920785434132085,66.93654933018813
49.385,12.146115755228218,8.575862514027776,39.944045712077205,66.93654933018813
49.39,11.96747855045716,8.141888133091381,39.93181901010485,66.93654933018813
49.395,11.774851091833792,7.7214002369547945,39.887712294631314,66.93654933018813
49.4,11.572220196003727,7.317812921090601,39.81130774444646,66.93654933018813
49.405,11.359355816632515,6.933311671509559,39.70380014317568,66.93654933018813
49.410000000000004,11.13958072167528,6.569037650998047,39.5682125047226,67.82267641536883
49.415,10.911560545165756,6.2308758099084525,39.40690336114518,67.82267641536883
49.42,10.67845218513713,5.915788946377369,39.221679445209695,67.82267641536883
49.425000000000004,10.439508541855275,5.625540673455899,39.01333032329181,67.82267641536883
49.43,10.198866801721005,5.361673873306029,38.78673981239293,67.82267641536883
49.435,9.957447455513838,5.123656239161644,38.544026170857265,67.82267641536883
49.44,9.71472443392812,4.910482267569425,38.28542629881396,67.82267641536883
49.445,9.474042340930788,4.7256601780475584,38.01191357495508,67.82267641536883
49.45,9.236695294052579,4.567429480731639,37.72897429751239,67.82267641536883
49.455,9.00415233476059,4.43434608803908,37.43733966173087,67.82267641536883
49.46,8.775941137316899,4.325247263121556,37.138662429067296,67.82267641536883
49.465,8.552412032296983,4.243527614629386,36.83254352663426,67.82267641536883
49.47,8.336991949540273,4.182567120464848,36.52260636196419,67.82267641536883
49.475,8.12964224517741,4.1466402273470955,36.210540230536765,67.82267641536883
49.480000000000004,7.930532042870743,4.130905353592766,35.89623979891196,67.82267641536883
49.485,7.7406807218532085,4.13688216339543,35.580845794998936,67.82267641536883
49.49,7.560928816059216,4.16162519439566,35.26579409349225,67.82267641536883
49.495000000000005,7.390393418931335,4.204688430501479,34.95303997082581,67.82267641536883
49.5,7.23096668777815,4.266009137648689,34.64227666744385,67.82267641536883
49.505,7.083173604311678,4.343546633527275,34.33462043644924,67.82267641536883
49.51,6.945499581020345,4.435999010362724,34.03051338940957,67.82267641536883
49.515,6.820687475096678,4.542723217327451,33.730754845469264,67.82267641536883
49.52,6.707824680298133,4.662628518865397,33.436202950507756,67.82267641536883
49.525,6.6053453586410615,4.7961246121222345,33.14792733277221,67.82267641536883
49.53,6.514216848202526,4.940509498644853,32.86356306112782,67.82267641536883
49.535000000000004,6.435491539472198,5.096992384686932,32.58680455300301,67.82267641536883
49.54,6.3677383954251665,5.261538130062299,32.31509246711157,67.82267641536883
49.545,6.312285211924503,5.437071631094478,32.05124496875563,67.82267641536883
49.550000000000004,6.26819949802984,5.621980879914907,31.796344145303298,67.82267641536883
49.555,6.235667302649261,5.813904806468912,31.548559163426106,67.82267641536883
49.56,6.214730404057451,6.013945861727823,31.308133227953924,67.82267641536883
49.565,6.20541314203815,6.219766756440503,31.07595545185924,67.82267641536883
49.57,6.2065441378534825,6.43251174224495,30.85549288220043,67.82267641536883
49.575,6.2178178300616604,6.650572296110298,30.642532681152083,67.82267641536883
49.58,6.239050746260084,6.875126161423383,30.440593071720944,67.82267641536883
49.585,6.270608461758014,7.1040837317868615,30.24902204888094,67.82267641536883
49.59,6.311580037412829,7.337664128955081,30.067742859839246,67.82267641536883
49.595,6.363948558931074,7.573793439661317,29.900155300874246,67.82267641536883
49.6,6.4254104856764345,7.814807337729237,29.743557872573817,67.82267641536883
49.605000000000004,6.4944396822443675,8.05765243108783,29.597289733494982,67.82267641536883
49.61,6.572890483842991,8.304669480154962,29.46358059146924,67.82267641536883
49.615,6.658755259074587,8.552593665576126,29.343361626410104,67.82267641536883
49.620000000000005,6.75328719659259,8.804653766481177,29.236736561186117,67.82267641536883
49.625,6.856498095986179,9.057593350965023,29.144733284133153,67.82267641536883
49.63,6.966683139368072,9.310834796686468,29.067931303611285,67.82267641536883
49.635,7.083640446106896,9.565518491722415,29.005085580278134,67.82267641536883
49.64,7.20686923962569,9.820856651596033,28.956295186660356,67.82267641536883
49.645,7.338191073237012,10.075984540936808,28.92265538392152,67.82267641536883
49.65,7.475634046789944,10.330922684171474,28.90762087564042,67.82267641536883
49.655,7.617253586643427,10.584478901308113,28.907384332482827,67.82267641536883
49.660000000000004,7.765057946341239,10.83644724300706,28.92552994204183,67.82267641536883
49.665,7.918904037807077,11.08599850182294,28.959983472512103,67.82267641536883
49.67,8.076015756216059,11.329399307174985,29.01236330709984,67.82267641536883
49.675000000000004,8.238962957821327,11.570333950931504,29.08245638283589,67.82267641536883
49.68,8.40594801486101,11.807845781501387,29.171149328056163,67.82267641536883
49.685,8.577060455501487,12.038681030180001,29.275996978194897,67.82267641536883
49.69,8.749638305782188,12.262727996815004,29.40211888472601,67.82267641536883
49.695,8.924931194011892,12.480289088581577,29.546960683714588,67.82267641536883
49.7,9.103659911461087,12.68850502790759,29.70950177072312,67.82267641536883
49.705,9.28405010025993,12.885553505111272,29.89113433211046,67.82267641536883
49.71,9.465371848220403,13.0726435173998,30.090685283951107,67.82267641536883
49.715,9.644992833661105,13.24824974049711,30.307190312592855,67.82267641536883
49.72,9.824847726149187,13.40863198752558,30.541192527744904,67.82267641536883
49.725,10.003731622969932,13.554861453783028,30.792561652378744,67.82267641536883
49.730000000000004,10.180868387826301,13.686474390651947,31.06022474241821,67.82267641536883
49.735,10.356155291087477,13.800927485660374,31.34296143874224,67.82267641536883
49.74,10.527629808410275,13.896839863723285,31.640309100395772,67.82267641536883
49.745000000000005,10.695493636299991,13.974575403901147,31.949331742260746,67.82267641536883
49.75,10.860614972599361,14.033188144490664,32.269772187043436,67.82267641536883
49.755,11.01937829624346,14.070085698597948,32.60109304935008,67.82267641536883
49.76,11.172052825469796,14.08545205943937,32.942095337651516,67.82267641536883
49.765,11.317947704958186,14.078170377499616,33.289181655200665,67.82267641536883
49.77,11.456444622019609,14.04711420073412,33.642705029009264,67.82267641536883
49.775,11.586204773491685,13.993504433353962,33.99878068768206,67.82267641536883
49.78,11.705297099304373,13.914532311189259,34.35662935474547,67.82267641536883
49.785000000000004,11.816653357641695,13.812017627709295,34.71198904133663,67.82267641536883
49.79,11.916678634441435,13.685045624702214,35.064394032754144,67.82267641536883
49.795,12.005657615135254,13.534200785344497,35.41290240587483,67.82267641536883
49.800000000000004,12.082423796964889,13.36125072207392,35.7537421513919,67.82267641536883
49.805,12.14644960605992,13.164623516912474,36.08533105023417,67.82267641536883
49.81,12.197656917715566,12.945389321896405,36.40450352674035,67.82267641536883
49.815,12.23440087588146,12.705337981194337,36.70805543156064,67.82267641536883
49.82,12.25677372813135,12.447288470945754,36.99429768383356,67.82267641536883
49.825,12.265201927152875,12.17367011454705,37.26323315402975,67.82267641536883
49.83,12.260748037462857,11.884065149663671,37.513241579427415,67.82267641536883
49.835,12.241616334824345,11.58104636855258,37.74169481641805,67.82267641536883
49.84,12.207623825105564,11.266491646029582,37.947588896178445,67.82267641536883
49.845,12.159599721746208,10.940964855985616,38.130135194109386,67.82267641536883
49.85,12.098255594949773,10.610078407063888,38.28785260179602,67.82267641536883
49.855000000000004,12.02418055101906,10.273714978596663,38.419677143408734,67.82267641536883
49.86,11.936745774457872,9.936721654464273,38.526340593901665,67.82267641536883
49.865,11.836846789576597,9.598933083991636,38.6051114919328,67.82267641536883
49.870000000000005,11.724961242638736,9.262480768285696,38.65706632841928,67.82267641536883
49.875,11.60084882787023,8.931433818387882,38.68397726673929,67.82267641536883
49.88,11.466613457996502,8.607168403058514,38.686925249382185,67.82267641536883
49.885,11.323531157708725,8.291226174034003,38.66504738875244,67.82267641536883
49.89,11.172664926978095,7.986072698485885,38.61953771866331,67.82267641536883
49.895,11.013332655830947,7.693073859820086,38.550428853115235,67.82267641536883
49.9,10.84731562120894,7.412628393631878,38.459032647827016,67.82267641536883
49.905,10.673835444083878,7.147868985728598,38.346732146596054,67.82267641536883
49.910000000000004,10.497763849572568,6.899687918011177,38.216910868019895,67.82267641536883
49.915,10.318217878595174,6.667976449381216,38.07021589688907,67.82267641536883
49.92,10.135520165928648,6.453882031997279,37.906973443299314,67.82267641536883
49.925000000000004,9.952307797973765,6.257556601039943,37.728400383458165,67.82267641536883
49.93,9.767929000358462,6.082289931652797,37.537422144598914,67.82267641536883
49.935,9.583488080622006,5.925579601071704,37.33400522417028,67.82267641536883
49.94,9.401445470904664,5.788191865531708,37.1203542637626,67.82267641536883
49.945,9.220514016977612,5.669573924042406,36.897555374115086,67.82267641536883
49.95,9.042944523211553,5.570633695703452,36.66723109941667,67.82267641536883
49.955,8.86963350282422,5.489301286529618,36.43040607336348,67.82267641536883
49.96,8.699261378079683,5.428500498446031,36.18886031239221,67.82267641536883
49.965,8.535349611805751,5.384136529404072,35.942621367603856,67.82267641536883
49.97,8.377958086623906,5.357822432831771,35.69365949720816,67.82267641536883
49.975,8.227317425008406,5.347690387344968,35.44132505997721,67.82267641536883
49.980000000000004,8.082298772487928,5.353731302548585,35.1911488675298,67.82267641536883
49.985,7.946660749975722,5.374663688310556,34.93895598393114,67.82267641536883
49.99,7.8186041416655945,5.410651542731861,34.68676876411342,67.82267641536883
49.995000000000005,7.697469385147492,5.461559842821036,34.43602975347261,67.82267641536883
