time,$T_1$,$T_2$,$T_{wall}$,$T_{out}$,u_0
0.0,299.1543219833998,294.2144304038726,293.8829448570411,295.78721886614903,1.0
60.0,357.36987494704744,354.75238433689265,334.9823536447984,295.6571755038455,1.0
120.0,369.1861719124277,366.5445634820365,343.6617804143713,295.937192029461,1.0
180.0,371.8376799696637,369.18559278418866,345.7505583801459,296.5032397481572,1.0
240.0,372.93363938011566,370.2990024148134,346.75841233390344,297.10402650643107,1.0
300.0,373.5629457591466,370.93852217200305,347.3543246926414,297.5997005896844,1.0
360.0,373.83012359650996,371.2003824894741,347.52464760635485,297.5614865341065,1.0
420.0,373.7300988836714,371.0918198894626,347.3498321539496,297.21300380302205,1.0
480.0,373.4422250730926,370.7992490035793,347.0568057751114,296.8970456952922,1.0
540.0,372.9789778462235,370.3286978360315,346.56976536457466,296.28402254772453,1.0
600.0,372.4428699535789,369.8233768019098,346.0416941655734,295.7449411414447,1.0
660.0,371.9508252690296,369.31846751657315,345.59647319740657,295.4246784481821,1.0
720.0,371.8319573159942,369.1938251135926,345.5231698934439,295.60372436009794,1.0
780.0,372.1766548997511,369.54320869204383,345.9513234107417,296.2031991291765,1.0
840.0,372.75724480683647,370.1208641870302,346.53534678034026,296.8126294025682,1.0
900.0,373.2082665312791,370.58395754011946,346.97075512561867,297.225830563029,1.0
960.0,373.53559519311034,370.8948050863852,347.31000389859423,297.4999902470759,1.0
1020.0,373.7365393021259,371.1034534492145,347.4030873114058,297.38842563598644,1.0
1080.0,373.505619692316,370.88459365370346,347.1564762509388,297.04927450869224,1.0
1140.0,373.0832461992386,370.4564300849594,346.68579285338706,296.4048725566134,1.0
1200.0,372.58533902397295,369.95034752946196,346.15577547829577,295.82429853015674,1.0
1260.0,372.113422660827,369.4870181802586,345.77246439593114,295.62361565947157,1.0
1320.0,371.96634195148266,369.3298700805486,345.6141294804763,295.57700858820334,1.0
1380.0,372.0276715161132,369.39249321065483,345.7349553136072,295.85159327441664,1.0
1440.0,372.3955053721734,369.769714811242,346.1280322366881,296.2947327942945,1.0
1500.0,372.83565875753783,370.2177250294187,346.5938017208746,296.8048229942747,1.0
1560.0,373.2507955220256,370.6043406263611,346.9907681287138,297.14496981311413,1.0
1620.0,373.51349429560537,370.8776946834771,347.26170948615726,297.3061559633459,1.0
1680.0,373.5012817849544,370.8704916238312,347.1979786355752,297.11548723801064,1.0
1740.0,373.2298186233159,370.5862610769764,346.79651273466834,296.54036982051576,1.0
1800.0,372.60369613880493,369.97862626056957,346.1625729203214,295.81613220121545,1.0
1860.0,372.0014313618263,369.37134021939687,345.5939322876063,295.33846390311385,1.0
1920.0,371.6918553631844,369.05958156584387,345.3612501191021,295.29134634278955,1.0
1980.0,371.64448050573174,369.01306631076625,345.3311060854448,295.35292822790825,1.0
2040.0,371.8752971219475,369.24114932568887,345.57374354691575,295.6815592492026,1.0
2100.0,372.2055358631197,369.5708173360189,345.9897005804426,296.2984342024935,1.0
2160.0,372.70183092329023,370.07393029418756,346.47519592502925,296.70264666642737,1.0
2220.0,373.1060803787234,370.4709861886714,346.8485857708493,296.946099679761,1.0
2280.0,373.09474480167665,370.4813152696874,346.79202367735996,296.7744754941715,1.0
2340.0,372.99738064496256,370.35856985754526,346.6348830504859,296.50678178301405,1.0
2400.0,372.6211455649595,369.9868001449822,346.1909693998289,295.90581680947713,1.0
2460.0,372.0457558941119,369.41068001873595,345.6173948849812,295.30706571306854,1.0
2520.0,371.57240821153533,368.9534506572133,345.20454200514064,294.987312071159,1.0
2580.0,371.43042384841317,368.7875379555042,345.1073824377799,295.1381449714442,1.0
2640.0,371.64866353246885,369.02050920640767,345.3845512917846,295.5875380168073,1.0
2700.0,372.1112175581831,369.4798289257945,345.8909250232102,296.1296518697838,1.0
2760.0,372.58157268322964,369.9488299734769,346.36949986394205,296.57953565240854,1.0
2820.0,373.0064231670667,370.39140587572456,346.7568329856633,296.9386464526374,1.0
2880.0,373.2879843986551,370.6489969842106,346.98031518893947,297.03656277156324,1.0
2940.0,373.26840359303156,370.63831764305723,346.93544706995823,296.86190608806476,1.0
3000.0,372.92188529747006,370.287044252264,346.5261807294482,296.2844314344216,1.0
3060.0,372.4163446791133,369.78977795364125,346.0108654105473,295.7162415651316,1.0
3120.0,371.920867499954,369.2822706811582,345.5288426206323,295.3250680234675,1.0
3180.0,371.59058705933757,368.95664475909103,345.2021541949514,295.0926558871465,1.0
3240.0,371.4436069304731,368.8120582708926,345.12523805017963,295.14563050640004,1.0
3300.0,371.65761620374127,369.0330177986926,345.41720311967816,295.6029097286081,1.0
3360.0,372.117811079785,369.5024210350001,345.8953755348889,296.1711649291942,1.0
3420.0,372.69371991101934,370.0525392266847,346.4248262800503,296.6427131654152,1.0
3480.0,372.96132622160917,370.32016793275943,346.6761569846455,296.8137412259617,1.0
3540.0,372.9926295267525,370.36376393908625,346.64407573221035,296.5965921016183,1.0
3600.0,372.7296941838047,370.1051263549236,346.33559727770165,296.1353988952413,1.0
3660.0,372.24332919987876,369.5989104553865,345.84901194224926,295.6202885219665,1.0
3720.0,371.7845021374655,369.1589760395651,345.39813696016944,295.1266345766652,1.0
3780.0,371.3480858612643,368.6989438874523,344.988076998247,294.7364337083682,1.0
3840.0,371.12792543060556,368.49613718754335,344.80776474186604,294.810383279612,1.0
3900.0,371.29988134456244,368.66732145790417,345.015967701296,295.1064952119242,1.0
3960.0,371.7270660710116,369.09703389877126,345.4960900009379,295.72300703282036,1.0
4020.0,372.1979731371806,369.5749675563696,345.9884449966645,296.26967295111297,1.0
4080.0,372.7229081273584,370.0841595309693,346.49762128815956,296.763999982936,1.0
4140.0,373.02556148372986,370.4039359519194,346.72719012843123,296.8094823399645,1.0
4200.0,372.979994095856,370.34962757774315,346.60000234704614,296.4653073919488,1.0
4260.0,372.6108603735237,369.9671155916497,346.2087335577183,295.95416489337725,1.0
4320.0,372.073847154732,369.43995398661735,345.647668071979,295.31817027099765,1.0
4380.0,371.4866832395773,368.8494390173655,345.0684167431986,294.81157667715144,1.0
4440.0,371.0843208547851,368.46445660006316,344.7421875003273,294.6234881849627,1.0
4500.0,371.1423562825366,368.5080407964823,344.86506205675965,294.8806474612189,1.0
4560.0,371.4312840267032,368.8139697088628,345.1576514299462,295.3805289462205,1.0
4620.0,371.8842325880122,369.26116578160946,345.62353996608607,295.92679070097904,1.0
4680.0,372.3451267025429,369.7237819368108,346.10280410464384,296.36731707988616,1.0
4740.0,372.63878885711915,370.0174421078803,346.3584981451554,296.4831371083864,1.0
4800.0,372.69450294521306,370.0683248106269,346.38627368007207,296.4021647543922,1.0
4860.0,372.51693871203634,369.8796779626981,346.1069100420046,295.96226073420456,1.0
4920.0,372.0549522000254,369.42897281851094,345.6568283817027,295.4220339478439,1.0
4980.0,371.6305053818078,368.9915723059401,345.2625392281914,294.9683355494223,1.0
5040.0,371.16565406767705,368.53822830816443,344.74032836844356,294.47218403022833,1.0
5100.0,370.8956988058954,368.25149468491077,344.5586493220281,294.5192635028858,1.0
5160.0,371.0476241919761,368.41123935293865,344.76706638925174,294.9840474372981,1.0
5220.0,371.47117322059574,368.82705784637494,345.2566276520837,295.46013942301244,1.0
5280.0,372.05756005985654,369.42649101482994,345.82446108436807,296.12808058892386,1.0
5340.0,372.57109714393954,369.9438449412846,346.3325857675709,296.54347183692846,1.0
5400.0,372.8444210397111,370.197802864479,346.53549139523005,296.5598704262905,1.0
5460.0,372.67928384416086,370.05941659734566,346.3231600938694,296.1603535018161,1.0
5520.0,372.2816810581893,369.6527657166948,345.89189303205717,295.6791108372574,1.0
5580.0,371.75106934935917,369.11779826984815,345.3506033328492,295.06037601946963,1.0
5640.0,371.2575862215193,368.6247579097077,344.84945873555625,294.6378446168352,1.0
5700.0,370.92568604178535,368.29123494756334,344.6019582832761,294.5301398436084,1.0
5760.0,371.00244578769144,368.383284887564,344.7153980569472,294.8184665118202,1.0
5820.0,371.39291642607725,368.7636630832533,345.1699192224301,295.3754400475532,1.0
5880.0,371.92120221166607,369.27616302851237,345.7118970272527,296.02780762488055,1.0
5940.0,372.5022896892054,369.87906408101094,346.2972763388192,296.5971259331365,1.0
6000.0,372.93837102840666,370.31258552531654,346.67456192784954,296.78489006331995,1.0
6060.0,372.9689001024508,370.33932017717353,346.6481713788303,296.6184518805117,1.0
6120.0,372.71582178061357,370.0793050313518,346.3049601642498,296.07257582341344,1.0
6180.0,372.1890453945313,369.55515726139805,345.7477023065439,295.4431178623123,1.0
6240.0,371.61467761531156,368.98774336062337,345.205595667557,294.8826818275784,1.0
6300.0,371.19478073860586,368.5585920911463,344.8223853153474,294.5887951677269,1.0
6360.0,370.960499498235,368.3289025353409,344.63324304710187,294.58735267974515,1.0
6420.0,371.12132328358445,368.49207816540786,344.86823349720544,295.0001026287682,1.0
6480.0,371.59463392137195,368.96797154054167,345.38946233113376,295.6725582514247,1.0
6540.0,372.1952925242345,369.56059342548315,345.97315665808463,296.3127643466223,1.0
6600.0,372.6509179513726,370.01290154373703,346.41429848624244,296.6193876779451,1.0
6660.0,372.81760147322353,370.1766873637314,346.51409502501895,296.5610105931593,1.0
6720.0,372.63476108841826,370.00783387799993,346.2586524978866,296.1579236284806,1.0
6780.0,372.2593422801593,369.6205708265732,345.86697709654237,295.6062787282982,1.0
6840.0,371.7225855519812,369.0917062481758,345.3199265559913,295.0911738232204,1.0
6900.0,371.332115341777,368.7014504807849,344.9278696589871,294.7025896164737,1.0
6960.0,370.9962543131629,368.37536802499847,344.66596571312556,294.6225163817311,1.0
7020.0,371.0673422236545,368.4326206268231,344.7840712584074,294.87209017763166,1.0
7080.0,371.43510505384813,368.7904775744463,345.1867871743259,295.415158261362,1.0
7140.0,372.01627401762335,369.3813765973842,345.77281314417985,296.02718648130684,1.0
7200.0,372.5468631791282,369.9148809594909,346.31021400581915,296.55988145708375,1.0
7260.0,372.79111839783803,370.1573997703621,346.5501988667228,296.69992355637214,1.0
7320.0,372.7995457874937,370.1630526881107,346.4595904316933,296.36441023534184,1.0
7380.0,372.34215088144146,369.70575867309077,345.94369337169206,295.73060501877603,1.0
7440.0,371.8512398635906,369.21739845347315,345.460368662703,295.2416373568104,1.0
7500.0,371.4139337500409,368.77127601609504,344.99890302263384,294.72540850456113,1.0
7560.0,370.96315779904205,368.33744000628116,344.5916829148255,294.4256661340492,1.0
7620.0,370.8064230411937,368.17397393737923,344.47066864866423,294.5156135087331,1.0
7680.0,371.0697688615733,368.4354479291976,344.8302443346476,294.9927079799838,1.0
7740.0,371.5679276730581,368.94238241677994,345.3452203761458,295.5765551450947,1.0
7800.0,372.1060123928644,369.47544793649,345.89580148464984,296.1953008221275,1.0
7860.0,372.54726019129174,369.9048320770738,346.2981689966414,296.470899145745,1.0
7920.0,372.7199402650226,370.08512435473625,346.41100777509735,296.3772103373225,1.0
7980.0,372.61846866339505,369.99536774386587,346.23929247172293,296.096203682635,1.0
8040.0,372.31947308360344,369.6802628120324,345.89969761426096,295.6246018954099,1.0
8100.0,371.7437470565583,369.1203291588835,345.32014514271145,295.0037061921129,1.0
8160.0,371.2538635170301,368.6255032923682,344.8903223832658,294.7399612314752,1.0
8220.0,371.0976516436236,368.45889120583075,344.75686940791877,294.7103468890187,1.0
8280.0,371.2523013490473,368.62592023476117,344.9654828909915,295.03083524509384,1.0
8340.0,371.55006910571774,368.9189578345192,345.2979434677223,295.50620192286215,1.0
8400.0,372.01977347912026,369.39104596226997,345.77501456322165,296.0139690749824,1.0
8460.0,372.50966848120305,369.8804649377039,346.2504948792693,296.50753614750965,1.0
8520.0,372.74182092199095,370.1137216291828,346.39615588836494,296.4511193373207,1.0
8580.0,372.65962660738785,370.0263325798126,346.2984744788824,296.26252973426307,1.0
8640.0,372.3082683281703,369.6784548089443,345.95012929889936,295.7607493164733,1.0
8700.0,371.8998486430645,369.2800896371,345.4994021839504,295.19266640362326,1.0
8760.0,371.3274914388022,368.6773222425457,344.92438622670454,294.66604473905545,1.0
8820.0,370.87852120388965,368.24828245456183,344.50178852185417,294.33416601944776,1.0
8880.0,370.7440692062947,368.1147508146431,344.4288668333653,294.4276783269719,1.0
8940.0,370.9540179677088,368.3258667494125,344.7490005064852,294.9487438428178,1.0
9000.0,371.5203751715957,368.89217507097067,345.3247806315633,295.64156521313134,1.0
9060.0,372.0959962720396,369.4583123213359,345.8695238046062,296.1168443638434,1.0
9120.0,372.36465542449247,369.73195032435666,346.07781703993413,296.2217785391828,1.0
9180.0,372.37421171862997,369.7409621747236,346.0545930295456,295.93452016279207,1.0
9240.0,372.0520123115378,369.41782957848994,345.6847901303951,295.4789356915263,1.0
9300.0,371.5628839624687,368.93169601501006,345.16411854344136,294.85298016918705,1.0
9360.0,370.9496706773667,368.3276439202949,344.5520683888083,294.26547886494217,1.0
9420.0,370.4510733339147,367.8182553008993,344.08222946908995,293.89054847116927,1.0
9480.0,370.2818509092661,367.64382017976214,343.9651176410411,293.9378730403275,1.0
9540.0,370.46080085727,367.8224820627433,344.1926597846298,294.32133865033245,1.0
9600.0,370.9091509626575,368.28317919600033,344.6900368472364,294.9473990257402,1.0
9660.0,371.4774543961574,368.8506779141099,345.2200337121623,295.5103099527743,1.0
9720.0,371.9457974336867,369.30605071751586,345.6964699278214,295.8832436407159,1.0
9780.0,372.3046420704097,369.66736727169695,346.0395276994911,296.1374130729919,1.0
9840.0,372.363945826317,369.7222251200107,346.02994924169025,295.9517501803194,1.0
9900.0,372.06518060932774,369.4232163783878,345.6529321770614,295.40915366295445,1.0
9960.0,371.58119769174255,368.94362289023576,345.179310023209,294.8428864586415,1.0
10020.0,371.0099299461633,368.3691283335123,344.6320023850424,294.3699769948198,1.0
10080.0,370.6441989876169,368.0245708514814,344.29394640464426,294.2051236116181,1.0
10140.0,370.6237102954095,367.99469043993076,344.34121009634015,294.3533882449157,1.0
10200.0,370.83349615462913,368.20436116219196,344.568069207461,294.6717300673756,1.0
10260.0,371.2319107758595,368.6020411987006,345.0109073470905,295.260506033995,1.0
10320.0,371.76245923486573,369.1353657797098,345.5470181146014,295.79287765847687,1.0
10380.0,372.0848996886577,369.45874488106637,345.78894488860806,295.94065130319933,1.0
10440.0,372.09237026601465,369.46990338906244,345.78906247427045,295.7460250663919,1.0
10500.0,371.80594512585606,369.16286990606824,345.4410590367055,295.2343749543356,1.0
10560.0,371.31948877593766,368.6982955185598,344.92332268180115,294.63840317923393,1.0
10620.0,370.81775776687084,368.18101575519944,344.37783866854176,294.1042664781802,1.0
10680.0,370.28126553777076,367.64567988900546,343.9085982773737,293.73780355301733,1.0
10740.0,370.20178771802557,367.58390311895215,343.86454805564034,293.7638944340917,1.0
10800.0,370.308340562589,367.6769221120787,344.0130289721178,294.1910085234088,1.0
10860.0,370.73054608260594,368.1074829860623,344.50153710936536,294.7593887294111,1.0
10920.0,371.33678823665656,368.7118325513368,345.14275177308156,295.41001611671254,1.0
10980.0,371.88612921110894,369.25803491305334,345.6640352718,295.9331332551686,1.0
11040.0,372.2178096406989,369.5762040870962,345.9119198344351,295.99350698275487,1.0
11100.0,372.0889594684532,369.44898434204225,345.7375637166159,295.7141667815002,1.0
11160.0,371.8497430328858,369.2260694727449,345.49556652904,295.29735241211375,1.0
11220.0,371.3504385742631,368.72096595724446,344.95019959639546,294.6542814291181,1.0
11280.0,370.80850537241184,368.18862979476717,344.4064501986082,294.11740200604197,1.0
11340.0,370.51632062908004,367.877908406449,344.19012146899684,294.09879131090173,1.0
11400.0,370.55446447130896,367.9319098746033,344.2801577180643,294.3379555050842,1.0
11460.0,370.8945432711679,368.2628442758599,344.66525725262744,294.9170028004322,1.0
11520.0,371.44451632350683,368.8166326075093,345.1938913982514,295.4225272690683,1.0
11580.0,371.89515140338773,369.2646539166935,345.65559433732534,295.88627476459743,1.0
11640.0,372.26725557666794,369.61319949239015,345.99626827887477,296.0811965930282,1.0
11700.0,372.2862685926466,369.6549481463125,345.928889833942,295.829427537338,1.0
11760.0,372.0620182772362,369.4241220801903,345.64162949978083,295.3546998968237,1.0
11820.0,371.4825915440193,368.85637273670596,345.06989515941984,294.8041489720361,0.0
11880.0,309.33914237774036,309.34909685635665,305.32227727685535,294.3191261211799,0.0
11940.0,297.1745835061372,297.17787661558606,296.3238951816916,293.9612760274445,0.0
12000.0,294.6714954292177,294.6790624013154,294.489619161071,294.0339674455441,0.0
12060.0,294.3521024071475,294.35987923188964,294.36025322809087,294.3980993256012,0.0
12120.0,294.5912227479108,294.58035929364496,294.6266639852778,294.844048671707,0.0
12180.0,295.0832671097714,295.09600021121304,295.18230841404306,295.42888201856186,0.0
12240.0,295.6790079356574,295.6857446807424,295.7361988648434,295.98186233644003,0.0
12300.0,295.8995484247842,295.8791331311338,295.90683973029275,295.97682729265836,0.0
12360.0,295.9016907109131,295.89709236942525,295.87607237615885,295.78688869187704,0.0
12420.0,295.6530061912968,295.6385552407249,295.56126297562463,295.2492432776343,0.0
12480.0,295.0389134109021,295.0407755734642,294.95938002207777,294.6553408080236,0.0
12540.0,294.5385672359978,294.5270326089471,294.4305197404657,294.17452173408503,0.0
12600.0,294.224916108622,294.20989051022866,294.20229158967425,294.08726783663735,0.0
12660.0,294.1845529645403,294.18006710925357,294.20022712914897,294.24397158284546,0.0
12720.0,294.43664072992766,294.4474692198229,294.54265977418027,294.7792741859442,0.0
12780.0,294.9888671178736,294.9830503582001,295.10711300670505,295.4136873345782,0.0
12840.0,295.6094693564525,295.6268525033557,295.73037215860904,296.02385845744044,0.0
12900.0,296.0119955095287,296.005615628482,296.0343170012239,296.13343758090923,0.0
12960.0,296.0424417453474,296.03560811262207,296.0439428916598,295.97716196067785,0.0
13020.0,295.7254267323466,295.7258492906472,295.65285319628146,295.44807731260477,0.0
13080.0,295.24205686522316,295.2322149501607,295.12576549891594,294.7925542864061,0.0
13140.0,294.54067120134573,294.558253790171,294.4415752213076,294.12366774001396,0.0
13200.0,294.0999118080954,294.10226133697535,294.0193550093705,293.7538002010187,0.0
13260.0,293.90716645160836,293.9166741729206,293.8908500404776,293.8180812019545,0.0
13320.0,294.02338478109357,294.02344266448864,294.045422433291,294.1725364892562,0.0
13380.0,294.46166804600824,294.44914877919945,294.53659622604687,294.8620159449527,0.0
13440.0,295.05655148428986,295.05671122576814,295.15202278397527,295.4586127145734,0.0
13500.0,295.56888913720127,295.57349023694184,295.6364294321777,295.8626659905014,0.0
13560.0,295.83871256958247,295.84790389209337,295.86528297465964,295.91562192016096,0.0
13620.0,295.6550220133168,295.66663476443,295.6148147342391,295.47843542806237,0.0
13680.0,295.30766842384304,295.3169043018059,295.2444700902559,294.95024106060487,0.0
13740.0,294.75435171443564,294.7635401682087,294.6947857047668,294.4955280490116,0.0
13800.0,294.41527788028515,294.4163258114419,294.35705780111175,294.15573872263207,0.0
13860.0,294.07385796184957,294.08382132366313,294.05550168579106,293.96210318042546,0.0
13920.0,294.0474179341633,294.05521553325195,294.0947755868219,294.22927443187575,0.0
13980.0,294.38598244395,294.38828879207364,294.4678208798565,294.68116094773853,0.0
14040.0,294.8378922002413,294.8320497141124,294.93445448034663,295.23496939864265,0.0
14100.0,295.274967341774,295.2827082172046,295.33786053821655,295.4661824805461,0.0
14160.0,295.5883478274607,295.58800952202375,295.6256553409734,295.7234201326619,0.0
14220.0,295.70067841881183,295.7041929015154,295.7002097928151,295.67275615863275,0.0
14280.0,295.5545298866673,295.5486279107825,295.50981252052225,295.344338346125,0.0
14340.0,295.1117417099253,295.12523578777444,295.0443713477587,294.78759391742364,0.0
14400.0,294.64039114678525,294.64323573758526,294.54462460772675,294.3014936570995,0.0
14460.0,294.0969614603113,294.09583791844585,293.99164653920917,293.8456957040693,0.0
14520.0,293.9638779543343,293.96814972219187,293.94969299906387,293.9482304930736,0.0
14580.0,294.0594068463551,294.06327181828044,294.079821217468,294.204251276538,0.0
14640.0,294.4105190572893,294.39490030746174,294.51637575598124,294.8271079012295,0.0
14700.0,295.03290373562544,295.03601435734316,295.12266840955476,295.4044424713722,0.0
14760.0,295.5226569547606,295.512165940479,295.5943528739715,295.7915114124819,0.0
14820.0,295.7765973559458,295.77170915351024,295.8129437544671,295.90653016352877,0.0
14880.0,295.7334386313721,295.7266659670112,295.72728197714355,295.6103774198302,0.0
14940.0,295.4502340214387,295.44047052650706,295.33935219836167,295.0549746575791,0.0
15000.0,294.8105415746396,294.80275887396516,294.74297090252077,294.5043350205008,0.0
15060.0,294.3753741356969,294.37655272227096,294.2890580870225,294.04529466946417,0.0
15120.0,294.0867184014576,294.0741370974298,294.0407317785158,293.9679289908383,0.0
15180.0,294.12962239727057,294.1438975449527,294.1692543268874,294.31216120067234,0.0
15240.0,294.52796702706894,294.53781032553485,294.58213670624167,294.73862427872194,0.0
15300.0,294.9126109150931,294.9235414984662,295.0072876764816,295.29260778899385,0.0
15360.0,295.48774736042134,295.488306566762,295.6014050819225,295.8855834768482,0.0
15420.0,295.9331136077387,295.9292617985401,295.9808117729206,296.1614267635407,0.0
15480.0,296.078489756542,296.0893512364379,296.06603443855744,296.026238080596,0.0
15540.0,295.8622951809248,295.8615085880525,295.8120238841315,295.5786914079493,0.0
15600.0,295.39781585832145,295.39682971346065,295.30767028025934,295.06063267852716,0.0
15660.0,294.8171781064461,294.81795595166363,294.7433927642469,294.4770605963299,0.0
15720.0,294.47344772325533,294.4859576817294,294.4290200140196,294.21279864450133,0.0
15780.0,294.33740356944605,294.33587331880074,294.33295222843907,294.3315198980669,0.0
15840.0,294.45271794385025,294.43123993717387,294.4891211658058,294.61242723015255,0.0
15900.0,294.86976377329586,294.8525539231777,294.9289964281491,295.238374428378,0.0
15960.0,295.42659622446297,295.4178369367208,295.52201281236785,295.8789046488251,0.0
16020.0,295.91703324125825,295.92575324283706,295.9458292223327,296.1121703660262,0.0
16080.0,296.08422916968794,296.0753700716329,296.10304309932343,296.1513677125224,0.0
16140.0,295.89284441959904,295.90055073306536,295.8528140990806,295.73306343737625,0.0
16200.0,295.4815756843731,295.4899051078989,295.40343217073587,295.2154330409525,0.0
16260.0,294.9817253418945,294.98506808072466,294.8961886387346,294.6675345616845,0.0
16320.0,294.5392602886361,294.5336241339695,294.45874756050154,294.25824389696834,0.0
16380.0,294.2963664384435,294.3102544443535,294.2844885892803,294.2016012671731,0.0
16440.0,294.34892151787733,294.3483907068694,294.3967718395856,294.5688734818984,0.0
16500.0,294.61417527817974,294.6150503503242,294.69270124969427,294.88693319473634,0.0
16560.0,295.049918740251,295.04640531265,295.1671500647049,295.49070318153093,0.0
16620.0,295.5519249984723,295.54950422214824,295.62587636678785,295.8921758889773,0.0
16680.0,295.8679638504974,295.8622091386709,295.8627452207818,295.9380296951198,0.0
16740.0,295.7848221030843,295.77381371252136,295.77738863161693,295.7509716849418,0.0
16800.0,295.478854947808,295.4832493113846,295.41350428427864,295.20934555389914,0.0
16860.0,294.97236598939423,294.9871054659079,294.8773629415105,294.6007704345559,0.0
16920.0,294.40044488471347,294.4083489697398,294.2814382954774,293.9843893587969,0.0
16980.0,293.94768662143065,293.95252615692806,293.88974401010546,293.69211003637616,0.0
17040.0,293.8034781281336,293.8161109076797,293.792948581158,293.80504025149406,0.0
17100.0,293.94012802087707,293.94293945524555,294.0063623603894,294.17459346949147,0.0
17160.0,294.45293189326554,294.4661247221747,294.5382282991715,294.78530664961676,0.0
17220.0,295.0010465885022,295.02015253767973,295.07712192757066,295.3304363151126,0.0
17280.0,295.40768638300835,295.40548079943625,295.51054379704755,295.7155192809911,0.0
17340.0,295.6267052378763,295.62530204993607,295.63028588301097,295.5879035202709,0.0
17400.0,295.4267003263926,295.4195858895761,295.37252905085217,295.18706171830365,0.0
17460.0,294.96079482240145,294.96840851943045,294.86012512372713,294.6014479914015,0.0
17520.0,294.39296307892386,294.39070819267204,294.30019911264736,293.98371415591333,0.0
17580.0,293.86308125365247,293.8493879847359,293.7647676190497,293.5378162364134,0.0
17640.0,293.58468481125226,293.5856192808749,293.56752727949487,293.5043407489721,0.0
17700.0,293.624221593134,293.62176858045007,293.65972933044736,293.7693441124294,0.0
17760.0,293.9180346844069,293.92123882451,293.9929916257741,294.2530071795223,0.0
17820.0,294.49180232247124,294.4883678517401,294.58784894185817,294.8819557078432,0.0
17880.0,295.12636965601257,295.13085907635224,295.20236241712274,295.41091816154784,0.0
17940.0,295.3449707433639,295.3532767762406,295.39515849855997,295.49776679940675,0.0
18000.0,295.39871314173,295.39351441894394,295.3842604820155,295.30140867979947,0.0
18060.0,295.0234734746551,295.0431854815779,294.94901365603886,294.79459889264473,0.0
18120.0,294.6457749355135,294.6590095063433,294.5938855519181,294.36304579235593,0.0
18180.0,294.1852347651224,294.1879035568645,294.11889546263103,293.89513345024216,0.0
18240.0,293.81780378076485,293.81968228094837,293.74890774537096,293.61496319396156,0.0
18300.0,293.69506543153744,293.6979153514394,293.6920479206609,293.72698360097695,0.0
18360.0,293.88767345800545,293.8982933913837,293.937751397076,294.0642501934134,0.0
18420.0,294.3776860963308,294.3753210953923,294.48222836870605,294.7898483269462,0.0
18480.0,295.0162189759321,295.0208368715059,295.1355958702342,295.5099884945259,0.0
18540.0,295.53745451817264,295.5363848100129,295.584348024157,295.7374206273337,0.0
18600.0,295.7450060373138,295.75159328365964,295.74686451322094,295.77973701046005,0.0
18660.0,295.6626885005989,295.6615269552148,295.6447150704188,295.58290610743154,0.0
18720.0,295.3158450053998,295.31137908866015,295.2652900429237,295.0274169541773,0.0
18780.0,294.7892757959977,294.79845519563474,294.68969729046376,294.3505199642772,0.0
18840.0,294.37424472886295,294.37287387051055,294.29701807277115,294.0731961776538,0.0
18900.0,294.1995970067049,294.19002154057847,294.18174382319575,294.1249243833913,0.0
18960.0,294.3274202415056,294.3241007578707,294.3467813089219,294.5104459884021,0.0
19020.0,294.7502342614075,294.74522949444946,294.8186731386698,295.03601846881526,0.0
19080.0,295.28355637731715,295.283311537692,295.38799750335767,295.73135162900167,0.0
19140.0,295.82727880405145,295.8169593890352,295.8844406020524,296.07681251239757,0.0
19200.0,296.02432670361554,296.0292130455489,296.0537604236551,296.14866972071894,0.0
19260.0,296.07177950228737,296.07341593485677,296.0726051870412,296.00786746976047,0.0
19320.0,295.7658442013355,295.765176939388,295.6825339735222,295.4214567458519,0.0
19380.0,295.2727800477384,295.28751253187556,295.15491931165985,294.8487479372939,0.0
19440.0,294.74580827354055,294.74290208298794,294.6774376874579,294.4319058478503,0.0
19500.0,294.28160515245827,294.2856107318664,294.2504921948947,294.0740175165993,0.0
19560.0,294.1552892949353,294.1548787830842,294.16231675759406,294.133008184354,0.0
19620.0,294.34403756305613,294.33348192552955,294.39047505743304,294.6004529844463,0.0
19680.0,294.8367943582448,294.8269970125062,294.960128094423,295.23102657181374,0.0
19740.0,295.3930075333592,295.38691115272394,295.4790440724523,295.7194456729018,0.0
19800.0,295.818947328508,295.8287699353241,295.88230292194845,296.0344393614023,0.0
19860.0,295.94075014951846,295.9357544956064,295.91396455737413,295.887851108985,0.0
19920.0,295.77366325972537,295.76330511040726,295.7042414857964,295.57081483640167,0.0
19980.0,295.3212860772876,295.32582425965495,295.22262708995765,294.93713612925217,0.0
20040.0,294.7660296386305,294.7695948753943,294.66970129782936,294.36290796213694,0.0
20100.0,294.39722030782525,294.3944758208187,294.36019655484785,294.2228626209346,0.0
20160.0,294.3041501288539,294.3180864572008,294.3356228649126,294.3190730414485,0.0
20220.0,294.56943478371363,294.57047809572765,294.6279166786495,294.76927921123513,0.0
20280.0,294.9315585974435,294.9427956454066,295.02391727888255,295.2918387805424,0.0
20340.0,295.4632046232592,295.4642848701776,295.56142025305655,295.8765745099164,0.0
20400.0,295.966570890706,295.96387366265935,295.9977357819528,296.1909904687468,0.0
20460.0,296.16642975282303,296.1746858622038,296.1689889031997,296.25143547613845,0.0
20520.0,296.20283544346347,296.2094953475185,296.18942402543195,296.1381623233406,0.0
20580.0,295.8925810357806,295.8908451800716,295.8398864289602,295.6527600101295,0.0
20640.0,295.3978504705734,295.39502395795523,295.32181527480185,295.11185280607083,0.0
20700.0,294.93793984448394,294.94333112882305,294.87456292609005,294.5674413637178,0.0
20760.0,294.5339754224017,294.52569395961746,294.4772485163014,294.32322022097947,0.0
20820.0,294.4248354221332,294.41642138205634,294.4324972507687,294.4279097104379,0.0
20880.0,294.60769955018304,294.60528781742323,294.65364164783546,294.7626962688027,0.0
20940.0,295.056388884157,295.0382004081681,295.1583995138426,295.4035108823071,0.0
21000.0,295.54997756493793,295.55455152721015,295.6556216097236,295.92474889593814,0.0
21060.0,295.98931979143214,295.99183319629554,296.07063680318925,296.2840984249482,0.0
21120.0,296.2579967917634,296.26547532299566,296.30587126019105,296.3877822292716,0.0
21180.0,296.15992534551873,296.167998624049,296.1250825401302,296.0033534898563,0.0
21240.0,295.7677706416483,295.7676526278786,295.67520425265616,295.49417886827626,0.0
21300.0,295.2588250114563,295.24975748546365,295.1499804606004,294.8868255117992,0.0
21360.0,294.80163208535953,294.79678696048137,294.693746994337,294.5019109016139,0.0
21420.0,294.47248679184,294.480240391069,294.46791583086895,294.4056035273711,0.0
21480.0,294.57079112681896,294.5711295779941,294.6382236143433,294.82937608030454,0.0
21540.0,295.0691662884199,295.06956197114886,295.1793500637164,295.47833035947343,0.0
21600.0,295.62947948016955,295.63982960695404,295.70396443056075,296.0276489146875,0.0
21660.0,296.17049800966396,296.1734008267622,296.2381158930332,296.5200262750344,0.0
21720.0,296.49273109903845,296.4942741462001,296.53910520078574,296.6141609112582,0.0
21780.0,296.5041644476502,296.5013097553235,296.47315981770464,296.42220397139016,0.0
21840.0,296.1139164276675,296.12081379682934,296.0480869410206,295.86046268225215,0.0
21900.0,295.59603066719524,295.59524726101455,295.50418965007117,295.2130392365255,0.0
21960.0,295.0901193723768,295.0889009927615,295.00552429450124,294.79032066091446,0.0
22020.0,294.7617502725082,294.77033812335105,294.75335272142706,294.60242140317234,0.0
22080.0,294.6728829530525,294.6624042219722,294.69038492649497,294.7456675543584,0.0
22140.0,294.90126976666494,294.8961783970946,294.9391750338557,295.1114981141472,0.0
22200.0,295.5029158524986,295.5092492277884,295.592251299729,295.8639118926871,0.0
22260.0,296.070033224175,296.07975684744724,296.1772450824699,296.4677379061331,0.0
22320.0,296.5234406745947,296.53075437814675,296.5924865877969,296.7788972614798,0.0
22380.0,296.708608521458,296.7161062344089,296.7470329822828,296.84428145724326,0.0
22440.0,296.59946040753556,296.6034626267012,296.5388690468679,296.39762995236754,0.0
22500.0,296.23357156287534,296.23405056392596,296.1381109129626,295.88084554788315,0.0
22560.0,295.68126976865665,295.67817922074045,295.59355010074495,295.3533186090529,0.0
22620.0,295.3481250077147,295.3444955531262,295.2975330204948,295.16496700136634,0.0
22680.0,295.3357490029352,295.32902200623033,295.3252017696966,295.23157338124844,0.0
22740.0,295.4133111244225,295.40892791022213,295.476354605111,295.5741887216781,0.0
22800.0,295.7474399422593,295.7415603144778,295.8523297188588,296.1710884383175,0.0
22860.0,296.3700443277958,296.3579604913337,296.4779155654325,296.87676023672446,0.0
22920.0,296.90353935974105,296.8961847169307,297.0075137034818,297.28973295433195,0.0
22980.0,297.2604469868137,297.27118505064885,297.3121372595771,297.4173670733089,0.0
23040.0,297.20119430406135,297.19481796868274,297.17586273209344,297.1099928470422,0.0
23100.0,296.8416656889667,296.84330476466766,296.77891066634726,296.5454803797526,0.0
23160.0,296.31325084578185,296.30777364808625,296.20257181589096,295.9169102252572,0.0
23220.0,295.8096424763402,295.8127254462316,295.7915407864088,295.6467596007837,0.0
23280.0,295.5724714622971,295.5778121125044,295.53185438443205,295.43603390014096,0.0
23340.0,295.61509190842935,295.6201020631466,295.64236799845173,295.70095413576524,0.0
23400.0,295.9476973907517,295.93507127592716,296.04954990151555,296.289772618449,0.0
23460.0,296.4792553813937,296.48309625878886,296.5725630424122,296.9149717303141,0.0
23520.0,297.0759114715122,297.07349883914213,297.1505375628248,297.43533627415906,0.0
23580.0,297.5232739687889,297.5205094106678,297.5926228921055,297.67942999583914,0.0
23640.0,297.6087237922737,297.6095437021476,297.6022341311386,297.54701072623556,0.0
23700.0,297.3261308401335,297.3194247591187,297.29393527753956,297.1308337623097,0.0
23760.0,296.8998367837819,296.8910915138675,296.80529417966073,296.5173660775254,0.0
23820.0,296.2454528354115,296.2573032520037,296.1368289988304,295.8420077153521,0.0
23880.0,295.7942928557851,295.8035726728041,295.74271678401897,295.58973579336725,0.0
23940.0,295.6458007573027,295.6456893757197,295.59704289598295,295.5631317332309,0.0
24000.0,295.6767528218306,295.6664479790813,295.72384343319936,295.85541069831504,0.0
24060.0,296.0690663983796,296.0646352508513,296.1618109798019,296.39891033015937,0.0
24120.0,296.53172415209156,296.52844251534935,296.6015073119855,296.8322045214237,0.0
24180.0,297.02848617235406,297.0169598370718,297.1158846979762,297.3187929462895,0.0
24240.0,297.2688619308978,297.27929974182274,297.28746713768686,297.37021425459073,0.0
24300.0,297.2408001796469,297.2332575039299,297.214644457124,297.1001972955914,0.0
24360.0,296.85722656810634,296.8438592772022,296.81389180474383,296.6420815352294,0.0
24420.0,296.43321388043967,296.4347960734512,296.3373042778833,296.03219826332474,0.0
24480.0,295.8765455416402,295.8683909823314,295.78262448628897,295.4773947924499,0.0
24540.0,295.5111698529627,295.51057483270637,295.4819233506855,295.4015842831056,0.0
24600.0,295.4700812818707,295.47363548371175,295.4988890002509,295.53039954598756,0.0
24660.0,295.8474337705805,295.8455107384055,295.9109278771483,296.1451350484506,0.0
24720.0,296.3696140786299,296.3727078062549,296.4644101338216,296.67423309337426,0.0
24780.0,296.87042108258976,296.8677003003098,296.96980167340064,297.2610691731472,0.0
24840.0,297.2552970284513,297.2549941301634,297.3422679972577,297.5228335897965,0.0
24900.0,297.2622434781371,297.2642419658143,297.26177542745614,297.27208277485596,0.0
24960.0,297.1436519030005,297.1349164328304,297.0948783060611,296.93010606053514,0.0
25020.0,296.6667089539766,296.6764524983953,296.579437420891,296.2367268491563,0.0
25080.0,296.01428744187905,296.02208026981265,295.93681230790867,295.62585854158203,0.0
25140.0,295.628103192166,295.6208028821224,295.57956479152887,295.46302279791627,0.0
25200.0,295.5521475706274,295.55081240783267,295.52163764707603,295.45849268437723,0.0
25260.0,295.6243682770623,295.62834700635926,295.6469571940561,295.7673602972334,0.0
25320.0,296.04359393954275,296.0439587628355,296.14934439601484,296.41892542555115,0.0
25380.0,296.5863298530125,296.5845055271104,296.6614971367925,296.9528026886088,0.0
25440.0,297.0072910100164,297.0139028243443,297.0765766308084,297.311927246593,0.0
25500.0,297.3181453066101,297.31615154831303,297.30171307885735,297.336608480012,0.0
25560.0,297.17916669271096,297.17016154304605,297.18484439687774,297.15418406418326,0.0
25620.0,296.90111855307754,296.8983074805547,296.8295641599397,296.60922770090036,0.0
25680.0,296.3400697675183,296.3419993651279,296.2510153891369,295.9738188691035,0.0
25740.0,295.84816837158746,295.84335574855675,295.7903915696927,295.58972144182104,0.0
25800.0,295.6099480312102,295.60985475184793,295.60892843062584,295.5745632137794,0.0
25860.0,295.7047691221744,295.7058807140608,295.7161139461134,295.8204247509787,0.0
25920.0,296.0831791273094,296.0688638936706,296.1225621206287,296.3099969371159,0.0
25980.0,296.5324942436964,296.54368874934585,296.6216949236502,296.84222743577044,0.0
26040.0,296.98715853894686,296.9881794199317,297.0749941088277,297.3662600812825,0.0
26100.0,297.3392370964879,297.3420487983561,297.4003346918886,297.53007386122874,0.0
26160.0,297.37987320096914,297.38799414737383,297.39212312070106,297.3498533252935,0.0
26220.0,297.1783947045851,297.16571079565944,297.12591669055143,297.0262164832981,0.0
26280.0,296.77948399524263,296.7808776723245,296.7013779784,296.46898167420306,0.0
26340.0,296.28645860098834,296.27331545443093,296.2117127295051,295.9739399259423,0.0
26400.0,295.9011097558027,295.89338363202523,295.8586804167105,295.69434435575863,0.0
26460.0,295.6471574682464,295.635374083528,295.66249756640894,295.670576926738,0.0
26520.0,295.84190833774085,295.84678845696686,295.888809799218,296.01170160132114,0.0
26580.0,296.270846311941,296.26733457796115,296.32852366415324,296.5930824730407,0.0
26640.0,296.7469368381221,296.74796401904723,296.81520175159284,297.0878109147346,0.0
26700.0,297.17085369136606,297.166088251666,297.2471788985963,297.4428298351448,0.0
26760.0,297.39983278620224,297.3946514569423,297.42891237199126,297.4837116516768,0.0
26820.0,297.34169669464467,297.34999660997784,297.2938681641041,297.1582495508722,0.0
26880.0,296.8722452590463,296.8614798496,296.789767421495,296.5783724758389,0.0
26940.0,296.43806487796587,296.4333232732999,296.3385980215136,296.01199915076637,0.0
27000.0,295.85847453066015,295.8673142774551,295.8055604473609,295.54473806386846,0.0
27060.0,295.49945500148135,295.5043881276031,295.51414002242814,295.44412494404264,0.0
27120.0,295.508384898904,295.51207315477586,295.5500741920928,295.6379018686982,0.0
27180.0,295.8489256801446,295.8398628473393,295.9477277153625,296.1654911041521,0.0
27240.0,296.258969493778,296.26573489665844,296.35520122630896,296.6346082533403,0.0
27300.0,296.7452875178209,296.7442705775839,296.8323982715973,297.0705639187693,0.0
27360.0,297.09617096964854,297.0871942689969,297.14175412255497,297.1786075712077,0.0
27420.0,297.1063567856661,297.10023262481667,297.10158414390804,297.1188614996659,0.0
27480.0,296.90878015327553,296.9211836472343,296.84825878447316,296.5991241381974,0.0
27540.0,296.41700320096186,296.41301070165923,296.32863190731837,296.06052780363507,0.0
27600.0,295.90396633409944,295.91156084067325,295.8396982331917,295.64607817381227,0.0
27660.0,295.599932489615,295.5760715340097,295.5125488353054,295.28158932765945,0.0
27720.0,295.374826066477,295.3727206910115,295.3739325798345,295.3369831554328,0.0
27780.0,295.51373815188686,295.5071397195289,295.5912178393882,295.77179433948805,0.0
27840.0,295.95560358118024,295.97099039799656,296.0426300891794,296.23472385276796,0.0
27900.0,296.4067003471286,296.4018694070749,296.47804235922376,296.64653212176097,0.0
27960.0,296.8347486416818,296.8370271459698,296.89640903078464,297.1209123689218,0.0
28020.0,297.12559879384094,297.11358522584345,297.13068608703816,297.14786182322666,0.0
28080.0,297.02959520837703,297.03282655550873,296.967173862288,296.81254208867665,0.0
28140.0,296.6599434368345,296.663923657926,296.57669617992417,296.34639047069965,0.0
28200.0,296.146851333949,296.1462326006581,296.0373083196396,295.77361642783455,0.0
28260.0,295.6807880462752,295.6721556866511,295.5521352914254,295.262081149928,0.0
28320.0,295.36717186759745,295.36517818291617,295.31585525730924,295.23926672826855,0.0
28380.0,295.3599627080276,295.3706319687672,295.400093883026,295.49884033582094,0.0
28440.0,295.6932187950416,295.6885971087379,295.73896231965733,295.9524172371714,0.0
28500.0,296.2047002309202,296.1946526299425,296.29535059408994,296.5937854032475,0.0
28560.0,296.6994169302732,296.6985722278651,296.79082509683514,297.08835227803456,0.0
28620.0,297.1060542812681,297.10421710141213,297.15609869215183,297.22110642606617,0.0
28680.0,297.12864789446684,297.14196741723174,297.1268490729218,297.09954986699177,0.0
28740.0,296.81191601986563,296.8081291898615,296.75516488110236,296.57030917778354,0.0
28800.0,296.3354864531258,296.3361814381626,296.2566410330932,295.9672328886656,0.0
28860.0,295.75985929981323,295.7610777182196,295.6583176404122,295.2739269383213,0.0
28920.0,295.34058393279395,295.33037411889546,295.2859011196461,295.1395201959875,0.0
28980.0,295.12623471285485,295.13459088958024,295.14937972418454,295.2186773036177,0.0
29040.0,295.3566491935691,295.36444191191595,295.4515545194889,295.6511000158521,0.0
29100.0,295.9019815557414,295.89548743814134,295.99009476928217,296.31834683318027,0.0
29160.0,296.43197881546354,296.4383759999059,296.522507849744,296.73126983265666,0.0
29220.0,296.84256936676377,296.8398181931859,296.9127107588123,297.1116946839869,0.0
29280.0,297.02183870516876,297.02443673343595,297.02135717769704,297.00354008003734,0.0
29340.0,296.9367844354152,296.9379027957355,296.89707741974036,296.7297364467487,0.0
29400.0,296.5563268833075,296.5545949186617,296.4652181158361,296.20973270391204,0.0
29460.0,296.02366357659656,296.0226527599742,295.90998266795896,295.6066493476596,0.0
29520.0,295.4760469860738,295.4752685674775,295.40489170019913,295.2131146658005,0.0
29580.0,295.16339090695436,295.1516046948606,295.1519863469299,295.03622638256337,0.0
29640.0,295.2266268558388,295.2279008356357,295.2711119861584,295.3227187966976,0.0
29700.0,295.6237310056964,295.6163612594614,295.66304444062524,295.87400547599253,0.0
29760.0,296.1300866758501,296.14002503069895,296.21707450958417,296.47647254385265,0.0
29820.0,296.6779819922659,296.6665826139263,296.7437119671941,296.9926837761573,0.0
29880.0,296.970480353417,296.9715296114951,297.00760038245636,297.06761060520466,0.0
29940.0,297.0551587356283,297.04071894724325,297.04082355450856,297.0088380698967,0.0
30000.0,296.7343559191159,296.72585543203184,296.6341351643037,296.40018571423775,0.0
30060.0,296.1689129686908,296.166611615529,296.0466579231334,295.74385974396625,0.0
30120.0,295.60247531399875,295.61607592954715,295.5060031198755,295.2140168439066,0.0
30180.0,295.1609800243246,295.16921138083745,295.09674038899306,294.9365834925601,0.0
30240.0,295.0231121834132,295.0252801225862,295.02988174825174,295.0896359318648,0.0
30300.0,295.2270691433115,295.22107226222994,295.26958527406777,295.422414003699,0.0
30360.0,295.7109897417841,295.7130130758591,295.7898890657293,296.06982953200924,0.0
30420.0,296.2657235470237,296.2560569609244,296.3252354738172,296.607710482418,0.0
30480.0,296.7667805537447,296.77764366778666,296.8492659726385,297.05513144502345,0.0
30540.0,296.95263102759765,296.95674233267187,296.9614493580625,297.00950436518696,0.0
30600.0,296.8112744431531,296.82337619006296,296.75347322917,296.6176448377678,0.0
30660.0,296.3596354927425,296.36558330288705,296.258595108629,295.99190605743985,0.0
30720.0,295.76317851158143,295.762667961848,295.67669178018383,295.4046637634649,0.0
30780.0,295.3035738546604,295.30613710659344,295.1979826557231,295.0081285727431,0.0
30840.0,295.0600996353676,295.06493384818816,295.0361965521994,294.95925608623725,0.0
30900.0,295.104678583097,295.1165876361086,295.13371672561664,295.20551169866746,0.0
30960.0,295.4284640108401,295.435488072478,295.51438223299647,295.77327004626613,0.0
31020.0,295.9880412343286,295.9751111515567,296.0685135686853,296.3272349053975,0.0
31080.0,296.4059518907763,296.4227276226544,296.48950134071816,296.69644863535126,0.0
31140.0,296.7603587792606,296.75367775732406,296.811902940741,296.94324535881174,0.0
31200.0,296.847551948266,296.8349261191119,296.8308733716436,296.80796517842424,0.0
31260.0,296.5789542040536,296.56267233367936,296.52889343622525,296.39054969205824,0.0
31320.0,296.13188862856754,296.13035572578923,296.0071318824313,295.6216057051477,0.0
31380.0,295.38076507350024,295.39686000939287,295.2912387151709,294.915103179466,0.0
31440.0,294.9388321065689,294.94294318942485,294.8761364596932,294.7594623746252,0.0
31500.0,294.81015034528343,294.8085988183377,294.8332498614296,294.8954390750764,0.0
31560.0,295.141763952245,295.1387192721596,295.2129852683932,295.3937838296481,0.0
31620.0,295.6203746119898,295.61919819625695,295.71796374018004,295.9900865550843,0.0
31680.0,296.1849785567057,296.1791784847109,296.26125115260834,296.49282256781817,0.0
31740.0,296.65351743357206,296.65244025065005,296.72002693959166,296.88569712068403,0.0
31800.0,296.7575848250753,296.74711330766286,296.77500474731187,296.8306290397546,0.0
31860.0,296.64298327791715,296.64565873038345,296.55937221765225,296.37415498739216,0.0
31920.0,296.2040234390458,296.1933407331527,296.12685020991046,295.84974012320646,0.0
31980.0,295.64665785506304,295.6413745292546,295.5508311500483,295.25737649858434,0.0
32040.0,295.17711962035133,295.17777122346376,295.0965303809906,294.92521219700745,0.0
32100.0,294.87585981582237,294.8967064481422,294.8696959644981,294.78844405118866,0.0
32160.0,294.9154222014012,294.9254308204707,294.9623811443176,295.0881596704093,0.0
32220.0,295.37917387751645,295.36374105059105,295.48319582138964,295.76239269706457,0.0
32280.0,295.9805069668992,295.9819625536028,296.0666599778795,296.3383410091328,0.0
32340.0,296.4711883447772,296.4784922861492,296.5640743799644,296.79035088078626,0.0
32400.0,296.7109072494707,296.71811443246736,296.73054394075433,296.84712574798885,0.0
32460.0,296.69621281145334,296.69481275496315,296.63606364093846,296.5041762269421,0.0
32520.0,296.36710547230206,296.3605890418042,296.2895572446199,296.0390306245887,0.0
32580.0,295.81594678728874,295.814301986802,295.7143178951847,295.461330684289,0.0
32640.0,295.3549009859419,295.35996583513366,295.2682188747966,294.9737768319314,0.0
32700.0,294.93136668915474,294.9284820334727,294.88426663194986,294.7158263168438,0.0
32760.0,294.82237518611703,294.8306818733329,294.8440123695049,294.85326834641154,0.0
32820.0,295.044728970453,295.042519233487,295.08095122505574,295.25408560450376,0.0
32880.0,295.4047502846858,295.4074913732607,295.4888493367064,295.7628264644606,0.0
32940.0,296.0040181744259,296.00243166274544,296.0931106243042,296.33575298669956,0.0
33000.0,296.40920226443467,296.40758660426894,296.4473732174468,296.574751306876,0.0
33060.0,296.4377894816154,296.4320177526875,296.4352613110887,296.32732240021693,0.0
33120.0,296.1182161656102,296.12096736751744,296.0675185496173,295.9346638451473,0.0
33180.0,295.7796353853829,295.77411420321897,295.6612117600133,295.3254522087332,0.0
33240.0,295.07503877369237,295.08019815837764,294.94540299181654,294.6471708800076,0.0
33300.0,294.6011736034494,294.59834618652394,294.544736661595,294.3591164995772,0.0
33360.0,294.4596000639394,294.4589536996014,294.43283585400786,294.3889096141119,0.0
33420.0,294.52035973077193,294.53062411161847,294.58137586167265,294.67047831704724,0.0
33480.0,294.94245880517025,294.9526279318782,295.0208419930411,295.2168359647082,0.0
33540.0,295.45656186414584,295.45608414758595,295.5725537731383,295.85411684054316,0.0
33600.0,295.9149815768202,295.91088358603963,295.96694547235177,296.2248822832024,0.0
33660.0,296.22493104725294,296.22582368505664,296.252208235615,296.33733264238265,0.0
33720.0,296.1973275087861,296.2036481137494,296.1523734779601,296.0785612148016,0.0
33780.0,295.8549923986816,295.86522937500274,295.79278547629707,295.6098358504365,0.0
33840.0,295.4016912530238,295.3872593702341,295.29454652471657,294.9945271046554,0.0
33900.0,294.9568333141937,294.953249150298,294.90741707910513,294.6452158145148,0.0
33960.0,294.5988629359975,294.5860770586609,294.53932428441834,294.4218089242876,0.0
34020.0,294.58193682586597,294.58440060514096,294.60721379684634,294.6125574001651,0.0
34080.0,294.86302000652483,294.8622576947231,294.92848038997255,295.12213908967306,0.0
34140.0,295.4726696399675,295.47681833001803,295.57556733586455,295.86261677451296,0.0
34200.0,296.0121047951745,296.0101142670359,296.0877388042605,296.4109678986252,0.0
34260.0,296.4952650729355,296.4982326809059,296.5428707883493,296.69924191205604,0.0
34320.0,296.6182252554252,296.6201634744761,296.6016653536144,296.4757204945506,0.0
34380.0,296.25563218226654,296.27152145810993,296.17983574111963,295.9523516111845,0.0
34440.0,295.7167216223843,295.71558992145174,295.58595353778753,295.291554492418,0.0
34500.0,295.16002593313465,295.1499396357676,295.0460590370494,294.76293799595487,0.0
34560.0,294.6532764839753,294.6554915954202,294.65055635545997,294.5567246565376,0.0
34620.0,294.54399958942525,294.5439515755114,294.51116741188383,294.4792585704664,0.0
34680.0,294.61174837431287,294.6177123688207,294.63342240655186,294.82631204284365,0.0
34740.0,295.09616380363144,295.0970520496559,295.1840413230496,295.45015699099696,0.0
34800.0,295.69535975446365,295.68438727030815,295.7778916083147,296.0940291427631,0.0
34860.0,296.2114067693883,296.2109912714062,296.27897297820954,296.46937490211366,0.0
34920.0,296.51284690561465,296.5015583493005,296.5346669890982,296.6227137156576,0.0
34980.0,296.355941004853,296.3604467702726,296.32868815927435,296.19911897237836,0.0
35040.0,295.98852667969715,296.0011953197379,295.9420874647973,295.75462251986835,0.0
35100.0,295.5163333106205,295.51208131287257,295.43561269462884,295.17767036971713,0.0
35160.0,295.06566351081824,295.0701842819303,295.00367947603826,294.7765465028211,0.0
35220.0,294.7126570461151,294.7065157746118,294.6953844230213,294.6841733915112,0.0
35280.0,294.71265568397524,294.7087358060975,294.7417779816964,294.8386648384746,0.0
35340.0,295.02095521573784,295.03268356232695,295.09248462837013,295.2869248280582,0.0
35400.0,295.513939034482,295.5103642674381,295.58732176350605,295.86958828784566,0.0
35460.0,296.0120816496134,296.0104177707211,296.0842420532532,296.3408901152476,0.0
35520.0,296.3514518244839,296.35889743352925,296.37974036990215,296.4348947451489,0.0
35580.0,296.3210008834019,296.322381530693,296.2950644008731,296.2563524233011,0.0
35640.0,296.06303006890784,296.06233640309466,296.02533278297807,295.88683297193023,0.0
35700.0,295.5553534362962,295.53671976802383,295.46150964290956,295.16600810280056,0.0
35760.0,294.9487186145161,294.9523671719721,294.85506477882785,294.5858725650265,0.0
35820.0,294.5109659014921,294.50797320357435,294.4552330632084,294.294322807573,0.0
35880.0,294.252351358536,294.2648649510609,294.257488042417,294.22816754288425,0.0
35940.0,294.40054516213263,294.4078921603484,294.44985618479467,294.6309120379933,0.0
36000.0,294.8993979244764,294.89815429513993,295.0124361017468,295.26363819093586,0.0
36060.0,295.3737265686903,295.3739230498599,295.4924477018945,295.83030298512006,0.0
36120.0,295.9259595498717,295.92409552707164,296.0046923152627,296.2026110305911,0.0
36180.0,296.12688815109016,296.11319257201524,296.1411186357726,296.1862465222958,0.0
36240.0,296.0915184103515,296.0808689748019,296.0803276464382,295.9934855836456,0.0
36300.0,295.88122535113274,295.8812772236684,295.8529885189349,295.6227829716144,0.0
36360.0,295.43213195011356,295.4332768633416,295.337731001243,295.0581164920811,0.0
36420.0,294.8957675545646,294.89794803619077,294.8166854110025,294.5169304641536,0.0
36480.0,294.48732716756973,294.4942707109639,294.42698499899177,294.2644574839365,0.0
36540.0,294.3755362939823,294.3749411521843,294.37877507184766,294.40613955879064,0.0
36600.0,294.5793772292824,294.5702056390831,294.6428997368511,294.85879903166403,0.0
36660.0,295.20752142791025,295.20302917945685,295.3182260773097,295.6663998364539,0.0
36720.0,295.8761348880968,295.88334840808716,296.00624260529537,296.3641353306263,0.0
36780.0,296.39899224501255,296.40147968004743,296.43728668250634,296.56750650874375,0.0
36840.0,296.4556382695345,296.4510698329777,296.47154901358067,296.4373573089692,0.0
36900.0,296.2359330840214,296.2491911985528,296.1675460748533,295.9872029109232,0.0
36960.0,295.8106686299254,295.809347761509,295.720298480925,295.428173570401,0.0
37020.0,295.20223204490367,295.2093020366117,295.139597519643,294.93733408855917,0.0
37080.0,294.85518718683653,294.85573987509855,294.8202221508554,294.6581274979082,0.0
37140.0,294.7677220456075,294.77778755488407,294.7617115279812,294.7579493487209,0.0
37200.0,294.81355074389506,294.8205568275984,294.84956848898986,294.89980265553396,0.0
37260.0,295.0923007382594,295.09236289041985,295.16843659458266,295.42907960429795,0.0
37320.0,295.6677681107154,295.6650665125181,295.7881344324576,296.12283787979766,0.0
37380.0,296.11882610478375,296.10821360808706,296.22738380030296,296.33803996335126,0.0
37440.0,296.2599947180092,296.25787788938794,296.29912983613065,296.35584393032946,0.0
37500.0,296.1845375937584,296.178659144762,296.15703247211144,296.0951957218339,0.0
37560.0,295.88752962639023,295.88286396441475,295.8399571750747,295.6349149113802,0.0
37620.0,295.3769866468242,295.3829236311034,295.3045079333846,294.9682998163932,0.0
37680.0,294.831671390484,294.81940556147805,294.75044270822883,294.52600570197586,0.0
37740.0,294.5929832549443,294.5931755353649,294.5539318289708,294.4314988515306,0.0
37800.0,294.5474727462544,294.55205706123377,294.5910732849373,294.6852501917779,0.0
37860.0,294.823197109277,294.81996204125835,294.88729728400386,295.1182421389721,0.0
37920.0,295.36621004888264,295.3816721520648,295.44480782849246,295.67028888148417,0.0
37980.0,295.8076868200947,295.8043535500436,295.86959991643545,296.05569633775906,0.0
38040.0,296.05490002170785,296.05858645480123,296.0803482469324,296.1407089862484,0.0
38100.0,296.06936721812644,296.07106921990265,296.0504937288582,295.9945646512292,0.0
38160.0,295.7566288060429,295.7495998514782,295.683527109834,295.4885528238955,0.0
38220.0,295.20174405463047,295.2018244433307,295.1155489726626,294.8755572100592,0.0
38280.0,294.7272379256055,294.73444854702467,294.64243811860126,294.3969046174898,0.0
38340.0,294.3632409762413,294.3658793954374,294.3151419065447,294.1851372882897,0.0
38400.0,294.21793292655246,294.21650182889357,294.2175571486592,294.2879790596481,0.0
38460.0,294.3551113864824,294.3579868891127,294.38190503354895,294.5025706518929,0.0
38520.0,294.70812406664265,294.6970444551072,294.79084783736704,295.0574791604834,0.0
38580.0,295.1431383100582,295.1396740567895,295.23232598263104,295.4654984878074,0.0
38640.0,295.53891290289863,295.53940301240476,295.6210936906093,295.7956088435619,0.0
38700.0,295.76211530396705,295.7720071255531,295.8154258513381,295.88112261335874,0.0
38760.0,295.72598741470415,295.71685753493733,295.67939140671405,295.5558784421766,0.0
38820.0,295.36592415659345,295.3620191945201,295.27436497595653,294.9714790275419,0.0
38880.0,294.8880472750913,294.8828063554889,294.7771792589147,294.4656215688662,0.0
38940.0,294.34091557722775,294.3372778268453,294.2510186460759,294.00887360792257,0.0
39000.0,293.97993566993597,293.9840362257747,293.93797938017883,293.8845728559086,0.0
39060.0,294.0287834397176,294.0211988067134,294.07572718381783,294.1463973721535,0.0
39120.0,294.30639031121024,294.3044236661659,294.4168182770017,294.6806547760084,0.0
39180.0,294.8363888249806,294.83334999828026,294.9777506433501,295.2811374405338,0.0
39240.0,295.47323992899356,295.47620343448733,295.5644142621715,295.83873497597705,0.0
39300.0,295.881952169346,295.87743157019156,295.89829329138223,296.02797551371737,0.0
39360.0,295.88637837531877,295.8968315127231,295.88244381382873,295.82703408557404,0.0
39420.0,295.67996625660487,295.67803250507933,295.6206011304465,295.39639292349756,0.0
39480.0,295.24966020842044,295.2490764267757,295.1524029706388,294.8716808421594,0.0
39540.0,294.78552702390795,294.78589805442925,294.67522780877647,294.4336208670774,0.0
39600.0,294.40021171086676,294.3879983029342,294.32136965832655,294.15401947218044,0.0
39660.0,294.2337500753672,294.23842105632576,294.18700703345763,294.1508713174022,0.0
39720.0,294.38044867517226,294.3866757981455,294.4410794882332,294.6009216802221,0.0
39780.0,294.9198231393474,294.92078793757196,295.01198644798154,295.2872398262411,0.0
39840.0,295.4497912479176,295.46546711774135,295.59466867056915,295.9402610779301,0.0
39900.0,295.98849080090446,295.984953201201,296.0326458638145,296.2290214764529,0.0
39960.0,296.15728489208345,296.1500045750009,296.16216812589647,296.1840374423138,0.0
40020.0,296.0671423474957,296.06884848815844,296.00699927738293,295.8096604331504,0.0
40080.0,295.57064701792126,295.56899452853514,295.4804213947888,295.2290592588367,0.0
40140.0,294.9976487974186,294.9897185887428,294.9011875250101,294.6238005657776,0.0
40200.0,294.4066562705984,294.41385229660744,294.35377694178374,294.0769685291736,0.0
40260.0,294.0836974120064,294.07988941256673,294.0465627038513,293.85052691912705,0.0
40320.0,294.05126469367343,294.0564455570194,294.0774664846429,294.19411480913584,0.0
40380.0,294.38125698269357,294.3648143170918,294.4421478316143,294.7002973218501,0.0
40440.0,294.91978311262676,294.91418436694215,294.996635518504,295.25199326060596,0.0
40500.0,295.5108574358381,295.50828820918343,295.58643037593816,295.7908118372598,0.0
40560.0,295.87717531395487,295.88663888572756,295.90896218490315,296.024441354232,0.0
40620.0,295.8663365258251,295.8698015664943,295.8767227810355,295.8204271059734,0.0
40680.0,295.531446854677,295.5271143850127,295.4719013169229,295.1814202969029,0.0
40740.0,294.95366209906507,294.952104440388,294.84901009794015,294.56699551654856,0.0
40800.0,294.428238365352,294.438730483309,294.3377294447452,294.0992906673874,0.0
40860.0,294.1200843776634,294.1100752691587,294.0644039474818,293.9821160206143,0.0
40920.0,294.0890782420909,294.08166935336834,294.07406446045843,294.1316753147801,0.0
40980.0,294.2508142736807,294.25000018836806,294.31707315271643,294.47556146996146,0.0
41040.0,294.74258140011636,294.73925245077976,294.87249726972755,295.19777741574933,0.0
41100.0,295.290964966184,295.28895503326027,295.4066622831411,295.6602272354469,0.0
41160.0,295.7149999568018,295.7272997397717,295.7857336610928,295.99991596135845,0.0
41220.0,295.9179335829163,295.90766166899033,295.9298799393237,295.9278567425731,0.0
41280.0,295.77124716254224,295.7713291829958,295.7400428656356,295.5810346504174,0.0
41340.0,295.38629263621647,295.3793784906443,295.28665046249233,295.05673439894014,0.0
41400.0,294.84207944059125,294.8271544262218,294.732308642105,294.49834028718,0.0
41460.0,294.40663441323596,294.4058186570871,294.3262137673092,294.0921608335798,0.0
41520.0,294.22713168012183,294.2331570438141,294.2211341421633,294.1895643788572,0.0
41580.0,294.30900712565455,294.3147685050258,294.32071727709183,294.38408869977667,0.0
41640.0,294.60939022932075,294.6180895535782,294.66806119862105,294.9166486997666,0.0
41700.0,295.1572520280375,295.15625754879204,295.2526222961886,295.5374910202253,0.0
41760.0,295.60621208400397,295.609016185455,295.703164394676,295.97420457454115,0.0
41820.0,295.88242882704355,295.8789497345382,295.9511151632091,296.10359315241953,0.0
41880.0,295.9956401705066,295.98275207880823,295.97214908230774,295.96820464012217,0.0
41940.0,295.7386342636877,295.7360484699691,295.70285243076177,295.57846170900245,0.0
42000.0,295.29097074309556,295.2901902657816,295.20674343637074,294.9411674059172,0.0
42060.0,294.79181722334573,294.7936736578844,294.7105218622495,294.42918029588543,0.0
42120.0,294.4094006916566,294.39732224777674,294.3296609016395,294.14979738584873,0.0
42180.0,294.1699864562012,294.1774238344425,294.1603293024857,294.1316439930226,0.0
42240.0,294.4049245202762,294.4024577660369,294.48580540837105,294.61391574949596,0.0
42300.0,294.8544093793832,294.86157229652594,294.91941385667684,295.1825734376116,0.0
42360.0,295.3721457170008,295.3734454469716,295.4590193676583,295.736683232171,0.0
42420.0,295.80416525773376,295.7946035500793,295.83574021282067,295.94086042770124,0.0
42480.0,295.9502509027583,295.9643662190922,295.96003801618025,295.9351479468975,0.0
42540.0,295.746484169158,295.7494070038133,295.6899563175354,295.55680131513924,0.0
42600.0,295.30940395591807,295.3087362251306,295.20334686681446,294.92393483991253,0.0
42660.0,294.8494416394387,294.84563391637994,294.73902376654553,294.44738137689234,0.0
42720.0,294.3505899817572,294.34010050520914,294.2446904185741,293.9760569645485,0.0
42780.0,294.02902418141235,294.02442662280197,294.01259479643534,293.9016162026533,0.0
42840.0,294.01988118907457,294.0310915483571,294.0515687763255,294.1390356495409,0.0
42900.0,294.37714857598945,294.37621039826877,294.4465903455626,294.63007791155763,0.0
42960.0,294.89111563585374,294.8826188872406,294.96411230472677,295.24472955579876,0.0
43020.0,295.3757162628344,295.38311294077414,295.47001107746166,295.7061912816455,0.0
43080.0,295.7103834699113,295.71494792473874,295.7378955927515,295.84695937264365,0.0
43140.0,295.7143448053507,295.7145854396478,295.69094106621844,295.5738083762822,0.0
43200.0,295.4876216396029,295.48365474769764,295.38764483200146,295.17909903749774,0.0
43260.0,295.03580712780615,295.04249774511993,294.93969730883646,294.5984230896289,0.0
43320.0,294.470390784156,294.46269570825444,294.41370486483663,294.25891544794115,0.0
43380.0,294.2832052953914,294.28490262854723,294.2023295410038,294.0708354540424,0.0
43440.0,294.1190260960477,294.11876809057566,294.10634940508675,294.1415071195912,0.0
43500.0,294.32467846402693,294.3211338844147,294.4250948529788,294.6854058319764,0.0
43560.0,294.91394170931727,294.9157109394313,295.0058505269385,295.26756711005197,0.0
43620.0,295.4487503120893,295.45553961776676,295.5312809311501,295.80893185746214,0.0
43680.0,295.8190073346882,295.8069443248452,295.8606598128922,296.0345314230244,1.0
43740.0,357.57452880269955,354.92799841365155,335.22243519208223,296.00385346733304,1.0
43800.0,369.2537454589968,366.6186260130106,343.65413363219886,295.70172804143067,1.0
43860.0,371.2069097339685,368.5557045339894,344.9606390961813,295.1506029131359,1.0
43920.0,371.18139380002725,368.5448390251868,344.803822324532,294.5707230641174,1.0
43980.0,370.7692832651616,368.14205327508415,344.3930586446557,294.20241986818843,1.0
44040.0,370.5336479643979,367.9115520025843,344.1759067972038,294.0736423484427,1.0
44100.0,370.5959744452811,367.94674011708173,344.285757120744,294.395163328277,1.0
44160.0,370.9660211951255,368.32654164122533,344.74655096380786,295.08908475895305,1.0
44220.0,371.61157659022246,368.9928541245045,345.3827022635059,295.66664846152975,1.0
44280.0,372.00944535220043,369.3642065667917,345.78476475539037,295.96047234138484,1.0
44340.0,372.2551727072678,369.6111808024175,345.96752158446054,296.04421611534036,1.0
44400.0,372.16364656955614,369.5355268372628,345.8122224563907,295.671662205243,1.0
44460.0,371.7432348577685,369.1140706803489,345.42720229469626,295.2615525638789,1.0
44520.0,371.3746757750429,368.7501898913205,344.987597483988,294.79307485348215,1.0
44580.0,370.8395222270368,368.21441698315704,344.4426784827299,294.2537966036352,1.0
44640.0,370.5771150286994,367.94589251734544,344.1995683310145,294.03584186454736,1.0
44700.0,370.53897063108934,367.901066898819,344.24201756135227,294.30541045738437,1.0
44760.0,370.84541324115685,368.2343834684585,344.6278075718855,294.92384401362403,1.0
44820.0,371.44080276157786,368.8049786188507,345.2151414942484,295.49835801398245,1.0
44880.0,371.97574804331185,369.34298034224247,345.7769521493306,296.0594970722507,1.0
44940.0,372.4217973355803,369.79458980560355,346.1764221357053,296.31501368242476,1.0
45000.0,372.5806881472269,369.94802121481877,346.2791520407518,296.2169720170864,1.0
45060.0,372.36068226015243,369.71445091181414,345.98726931992394,295.8389784625778,1.0
45120.0,371.8272774183781,369.2013654440743,345.438698526054,295.22465534731356,1.0
45180.0,371.26112033527266,368.6421712581453,344.8492626913343,294.4891944697584,1.0
45240.0,370.6966661201212,368.0551102574211,344.3070154988753,294.08485262252503,1.0
45300.0,370.3384792758439,367.7134679834445,344.01939071487317,293.9314132160037,1.0
45360.0,370.52257937582124,367.88690647235677,344.25264905391583,294.33600681863265,1.0
45420.0,370.8870154238672,368.2674972942258,344.66441718809546,294.8765951994986,1.0
45480.0,371.39575768385913,368.7793537020279,345.1741073315951,295.44909935595126,1.0
45540.0,371.98006423272614,369.35047483092796,345.7322955282098,295.9020435851143,1.0
45600.0,372.1445677113622,369.51475695563335,345.8519830939026,295.9180787666389,1.0
45660.0,372.10719969300993,369.4855934229152,345.7783899848299,295.7444403919364,1.0
45720.0,371.7826106115806,369.16232118457435,345.3972102352826,295.1517447377886,1.0
45780.0,371.29614036766037,368.6413378436376,344.8848252477184,294.60577470313484,1.0
45840.0,370.80400633493156,368.16691405515184,344.41621170433353,294.25199235248823,1.0
45900.0,370.41076914747765,367.78046714156534,344.05026844920246,293.84167810247084,1.0
45960.0,370.16627374214863,367.5395317663949,343.8385589026745,293.8650742560171,1.0
46020.0,370.5177670955779,367.89038418616735,344.2541767328591,294.4872973379972,1.0
46080.0,370.9979084385723,368.35973088703315,344.79290497143325,295.10715008531116,1.0
46140.0,371.5826435484991,368.94644100548163,345.3466062125327,295.64871014524306,1.0
46200.0,372.06195297999335,369.42939437652643,345.78467587540854,295.93687156715407,1.0
46260.0,372.17419724421205,369.54251685952624,345.82291164189394,295.7892357519694,1.0
46320.0,371.96701776496514,369.33470486056154,345.5967958975067,295.4850530274038,1.0
46380.0,371.52336575487897,368.8924195477904,345.13429340440933,294.8356373743072,1.0
46440.0,370.9248298684699,368.2986953869959,344.51134430916403,294.17194171519026,1.0
46500.0,370.4363617750111,367.7949326655939,344.081074648234,293.9502311213744,1.0
46560.0,370.30762184308725,367.66919725468296,343.9789482611193,293.9159054208717,1.0
46620.0,370.4016530540174,367.7672013993168,344.13301620747905,294.280187067738,1.0
46680.0,370.7795225362232,368.1459635341844,344.50578400400224,294.71551609935653,1.0
46740.0,371.17501326999974,368.54899309397956,344.93870126752347,295.17471642298057,1.0
46800.0,371.6363409188863,368.99869361714144,345.36845160241205,295.5516906413681,1.0
46860.0,371.8334172063313,369.2145698908132,345.58137529493297,295.6759271003653,1.0
46920.0,371.865264380797,369.23546681930736,345.53897457042586,295.5343562121947,1.0
46980.0,371.6516163519963,369.00914709713567,345.2701071644889,295.07703757586955,1.0
47040.0,371.18180375085853,368.5432100877253,344.7515575391075,294.4916915800263,1.0
47100.0,370.6793705922814,368.0506735624627,344.29787306366995,294.1680143164674,1.0
47160.0,370.44918204991956,367.80294575609065,344.0977626998041,294.0463131587495,1.0
47220.0,370.47808893209793,367.84716066518627,344.1809501334306,294.2649214658901,1.0
47280.0,370.77817270031494,368.1384945154538,344.5396877909999,294.6796659716348,1.0
47340.0,371.2484047412217,368.6112571859461,345.03547975013254,295.38156652972316,1.0
47400.0,371.82034246774055,369.1902902705762,345.6284802373104,295.9275110708607,1.0
47460.0,372.20792490107755,369.5882994945287,345.9101628527802,296.0814516693737,1.0
47520.0,372.3519653376276,369.70534694570046,346.0282080589178,296.0395256082041,1.0
47580.0,372.21105331313805,369.58163184830045,345.85551205699034,295.7023101846685,1.0
47640.0,371.7596475814434,369.13545037152994,345.3515401600047,295.0472177963027,1.0
47700.0,371.22965079541046,368.5982588558933,344.8102702937238,294.5815544337268,1.0
47760.0,370.84170303619953,368.2129432651512,344.48662191938604,294.432462548734,1.0
47820.0,370.83900642645114,368.2096336071113,344.49900649012926,294.50020622302117,1.0
47880.0,371.01885316980577,368.38967506290044,344.74346520053166,294.86837539163287,1.0
47940.0,371.45068249895513,368.8225651779364,345.17901042524164,295.40612137142534,1.0
48000.0,371.9254783690543,369.29189922473375,345.6817802184559,295.92674307339735,1.0
48060.0,372.41633388262017,369.7799263543127,346.17540444543016,296.31208039979686,1.0
48120.0,372.64188675370616,370.01824851965324,346.35780579545025,296.4428976408665,1.0
48180.0,372.6029297874399,369.97009124065306,346.25724712384994,296.2228704450391,1.0
48240.0,372.29968800071856,369.6720527427663,345.95689125308974,295.76837527510037,1.0
48300.0,371.8385578139458,369.2083948232214,345.4237946104435,295.13394967307374,1.0
48360.0,371.33012504742425,368.69273474577216,344.9464938024162,294.79118297660733,1.0
48420.0,371.07263690708874,368.4410148540724,344.73347419908373,294.67142604311584,1.0
48480.0,371.0485246551054,368.4210347831508,344.7537591496842,294.78796619052736,1.0
48540.0,371.33633145852247,368.7020580237279,345.05532777122437,295.2345132584992,1.0
48600.0,371.6872615206604,369.07675654043777,345.50903197519216,295.78545105030133,1.0
48660.0,372.1992139216301,369.54730806518324,345.9693687444123,296.26184328154335,1.0
48720.0,372.6140180289548,369.98889459853706,346.3820009685946,296.54745192660835,1.0
48780.0,372.8102194290426,370.1744702717365,346.4932883913402,296.5379918290712,1.0
48840.0,372.6623039225131,370.01970331798447,346.3152576595576,296.1454856621387,1.0
48900.0,372.149012087086,369.5154670140632,345.7564302297371,295.5822086857232,1.0
48960.0,371.73470503814303,369.1152317166331,345.33885661350547,295.12036591540453,1.0
49020.0,371.3069954340565,368.67149684483405,344.94159433039226,294.7975122020669,1.0
49080.0,371.2372291281592,368.5989912394405,344.9104366948737,294.8435305346194,1.0
49140.0,371.34860690934966,368.7200055082204,345.0731370326376,295.1872293397245,1.0
49200.0,371.63782311646804,368.9922589608468,345.41443099364744,295.7084665826407,1.0
49260.0,372.21102558938617,369.57993179846545,345.98406326993046,296.27419789386977,1.0
49320.0,372.68702658880017,370.0674738514165,346.4339456282552,296.6588771811235,1.0
49380.0,372.8821882433312,370.25164512589197,346.58030045299813,296.59819339620117,1.0
49440.0,372.71105233539856,370.0860634864568,346.34629200266295,296.1796270597021,1.0
49500.0,372.2264335128599,369.6064780672974,345.840714885948,295.5692445378271,1.0
49560.0,371.6413255578399,369.00920775786534,345.2260588451764,294.9490720553053,1.0
49620.0,371.16218318824747,368.5337312509336,344.79003751155875,294.58661322713107,1.0
49680.0,370.9665435258248,368.3235707476836,344.60712034115755,294.50941305080244,1.0
49740.0,371.084889341557,368.4517599887629,344.8122431230667,294.97655111188186,1.0
49800.0,371.4888144872711,368.85614542197686,345.24889123265467,295.4607600716093,1.0
49860.0,372.0076664461986,369.36652159928553,345.77318021621915,296.0647656877558,1.0
49920.0,372.5351768177755,369.89866714126805,346.27181788731355,296.51568072056745,1.0
49980.0,372.8671442697536,370.2561818800388,346.5683175962626,296.62347662320286,1.0
50040.0,372.8081599672254,370.16886990618065,346.46349127273464,296.3074521058353,1.0
50100.0,372.40640334125806,369.77165253060076,346.0245391405901,295.81924472664303,1.0
50160.0,371.9956203604979,369.3607596302224,345.55933028899057,295.29786194715297,1.0
50220.0,371.4351129063888,368.8054873505853,345.01177074750416,294.68829064580933,1.0
50280.0,370.9665143760647,368.33761408104897,344.5998921944842,294.4192919865874,1.0
50340.0,370.8532321109318,368.2346510879286,344.50277712306826,294.46759481541494,1.0
50400.0,371.0291589000181,368.3937008939078,344.7380972294347,294.851438583658,1.0
50460.0,371.43521448593856,368.7973060251956,345.21307096029585,295.3897248404255,1.0
50520.0,371.8656406480098,369.221949998438,345.6351369408308,295.8606453664455,1.0
50580.0,372.307291782778,369.67573398644754,346.050177479094,296.2325281138022,1.0
50640.0,372.5191414301047,369.89307030309226,346.23123934727744,296.3089712918634,1.0
50700.0,372.4105633236957,369.78911811040314,346.0642549680402,295.9633324164121,1.0
50760.0,372.0857044010801,369.45292515919306,345.65885809494176,295.33359614715033,1.0
50820.0,371.45012721056827,368.8125628306286,345.05579405268924,294.7548164721772,1.0
50880.0,370.93533916691877,368.29461047891164,344.54808841712827,294.3321988048563,1.0
50940.0,370.6261770963038,367.9950174662859,344.2637875028815,294.19130051671675,1.0
51000.0,370.5829825272978,367.96890076138817,344.3362465457792,294.48965801808885,1.0
51060.0,370.9209906384799,368.28078306506416,344.7036894923973,294.908020638005,1.0
51120.0,371.4123326285126,368.7819962026857,345.1921380313985,295.45695227459913,1.0
51180.0,371.9186936489907,369.2952280300917,345.7059118323586,295.8992646914722,1.0
51240.0,372.14941331406504,369.49801534027745,345.84901015040435,295.91736699277016,1.0
51300.0,372.1331277481636,369.51570463107043,345.807735274247,295.79013351539743,1.0
51360.0,371.9047579116447,369.2780395304459,345.51888865123027,295.26309757777034,1.0
51420.0,371.33022498416074,368.69928745981014,344.8918343327787,294.62710688223297,1.0
51480.0,370.75922993965816,368.13280837607215,344.38178930271636,294.12538457075544,1.0
51540.0,370.4590777466989,367.8242710081874,344.0920606558159,293.94464832589495,1.0
51600.0,370.31291830092266,367.68460430818095,344.0324345938189,294.055130685174,1.0
51660.0,370.5639081612639,367.94406296908255,344.3086674670415,294.5430389429103,1.0
51720.0,371.086893287297,368.43689163490876,344.86744403282927,295.1807375243946,1.0
51780.0,371.57062329673727,368.9399320717326,345.36558984069893,295.65027177162546,1.0
51840.0,371.99492392121596,369.36529003217237,345.71487504371873,295.91142395281,1.0
51900.0,372.18085791353616,369.553993985777,345.89246287665344,295.9543815896678,1.0
51960.0,372.07448106704726,369.45106383788095,345.74162438359957,295.5847662931692,1.0
52020.0,371.6808613574897,369.04195185826336,345.3097455605394,295.0426181643498,1.0
52080.0,371.09820876048263,368.46427893323994,344.71351769550455,294.46636053576134,1.0
52140.0,370.69461521653733,368.0600602898827,344.32908876248587,294.1609295835491,1.0
52200.0,370.4584983586211,367.84571744959396,344.12734891248135,294.15913161188564,1.0
52260.0,370.54867432118107,367.90639554987575,344.22719898928494,294.2654633059285,1.0
52320.0,370.86946478971186,368.2439576831621,344.6447969394739,294.89006326490426,1.0
52380.0,371.4327990758056,368.804601919687,345.2467102177797,295.5893461084035,1.0
52440.0,371.9520859235164,369.3142497683064,345.7110296246617,295.98769398361543,1.0
52500.0,372.29872483229985,369.67462516301964,346.03676138849977,296.1332078523954,1.0
52560.0,372.2817254103846,369.66068795645396,345.96088666492744,295.8656968110636,1.0
52620.0,372.0265813534384,369.38525531730716,345.6360374128177,295.39720833572255,1.0
52680.0,371.481039009195,368.85701176762274,345.0567555666426,294.76049711021193,1.0
52740.0,371.0030139724225,368.3591644194432,344.5963940295005,294.33268033499326,1.0
52800.0,370.65540755746235,368.015011721081,344.2873582640094,294.10442455843094,1.0
52860.0,370.61087498992555,367.9800530836064,344.30799269222655,294.27773284749105,1.0
52920.0,370.880101572631,368.24320094001285,344.61492284878375,294.79767003867016,1.0
52980.0,371.33745472709245,368.69918058010467,345.1167275772602,295.4021896137548,1.0
53040.0,371.89118448388257,369.25015935374057,345.66254576268176,295.8611836031863,1.0
53100.0,372.24197709857464,369.61193050027475,345.96531879543835,296.09174233529126,1.0
53160.0,372.33419916753996,369.694519409291,346.04870716453263,296.07584384658304,1.0
53220.0,372.2811126139769,369.639235046667,345.90693303302487,295.744011511808,1.0
53280.0,371.88051215273,369.2444743123044,345.4752302827391,295.2178060887063,1.0
53340.0,371.3935397420497,368.764642067181,344.9827013697638,294.70954082738103,1.0
53400.0,370.9200579703047,368.2932676133616,344.56154356037723,294.4476032597578,1.0
53460.0,370.7520700767773,368.1341366568683,344.39060938317346,294.3399352672117,1.0
53520.0,370.79471318257134,368.1708414646991,344.5375876789167,294.6535028422812,1.0
53580.0,371.17592508722805,368.5514919211934,344.9335408227194,295.2091354622937,1.0
53640.0,371.78435917176523,369.1289039750497,345.54285474330055,295.78620196420337,1.0
53700.0,372.21138414349224,369.5901599777946,345.97465694945356,296.1887016768478,1.0
53760.0,372.49816900801204,369.86083068167363,346.14435888462964,296.19313280099317,1.0
53820.0,372.3718131144038,369.7384953425118,346.05823099536605,295.9873591159971,1.0
53880.0,372.05513888238056,369.42492513862777,345.72374694965225,295.5131141233083,1.0
53940.0,371.5541870656502,368.9037724123288,345.13565767488984,294.8706254260315,1.0
54000.0,371.0280667677604,368.3997852616119,344.63109274846306,294.32584963273337,1.0
54060.0,370.60522915449764,367.98511462224707,344.27309864859075,294.2093510821266,1.0
54120.0,370.58823201733657,367.9508567000279,344.3011781519021,294.3000466070947,1.0
54180.0,370.82723146216574,368.18524693675744,344.5605484041469,294.77457180735496,1.0
54240.0,371.37301644385974,368.758004562113,345.1890665490547,295.5873362858288,1.0
54300.0,372.0699443822564,369.42453575215774,345.82746333275105,296.1233087734564,1.0
54360.0,372.5143047988136,369.8743681745693,346.23949587832584,296.3868659827886,1.0
54420.0,372.6644872477123,370.0287054730874,346.34705484394897,296.3402157550675,1.0
54480.0,372.44938564048675,369.83211534864773,346.09131694986377,295.9573326368383,1.0
54540.0,372.0141306644331,369.37597490938435,345.62096549326264,295.3996543635243,1.0
54600.0,371.50000817559237,368.87352910546315,345.10289598704577,294.89564907055615,1.0
54660.0,371.1103319418564,368.47587841432147,344.7268948503646,294.4712194926312,1.0
54720.0,370.8675395149968,368.2394778727577,344.5587625884785,294.5256354764458,1.0
54780.0,370.95301630327566,368.3316109374464,344.6596047586042,294.72381779178187,1.0
54840.0,371.41109943666675,368.7856656716772,345.1770435706921,295.37918130495666,1.0
54900.0,371.900166502814,369.2677093231825,345.6740493739913,295.9868243381602,1.0
54960.0,372.4107560160915,369.77791550356187,346.15018731229793,296.4064588520406,1.0
55020.0,372.6707099248101,370.03514086325237,346.3709757883615,296.4956418712736,0.0
55080.0,310.964809177307,310.9659499818702,306.96995055798175,296.04492675498165,0.0
55140.0,298.84318697397725,298.83690125029165,297.9863693517727,295.5596604806666,0.0
55200.0,295.9945310457349,295.99405795253784,295.74184458497353,295.00666634021485,0.0
55260.0,294.9347593023108,294.92787822398145,294.8045277855992,294.41965012153514,0.0
55320.0,294.4215661370587,294.42631606752536,294.358986517706,294.16127324509046,0.0
55380.0,294.2479370874573,294.24367515950365,294.2528774545213,294.30499278928664,0.0
55440.0,294.52454375839966,294.52461597537837,294.589749792455,294.77662501414244,0.0
55500.0,295.12561732929333,295.1224049554731,295.2247137045063,295.49760202200656,0.0
55560.0,295.71765247536126,295.7195996237576,295.7983180432357,296.0411388765524,0.0
55620.0,296.0583978994358,296.0695848862506,296.1475954238643,296.3470614236054,0.0
55680.0,296.2655906428364,296.2623513859399,296.27991989619676,296.261711557919,0.0
55740.0,296.1251829474148,296.12148903294394,296.08055043700824,295.91353286809016,0.0
55800.0,295.6730474763283,295.67986346089293,295.606285802103,295.3652777824068,0.0
55860.0,295.18382203509134,295.17986698098713,295.0853227530437,294.8177979296791,0.0
55920.0,294.8147677882879,294.8210868485019,294.73699420402573,294.5042206835497,0.0
55980.0,294.50702488418705,294.517498212033,294.5046321615539,294.4466763642798,0.0
56040.0,294.62244356514077,294.62741562169856,294.6348653208852,294.7723707792913,0.0
56100.0,294.9691801418546,294.9700691116875,295.0431040312795,295.27175230903936,0.0
56160.0,295.40461478223534,295.40606661236944,295.4944913967481,295.782278920777,0.0
56220.0,295.9005576228803,295.89862564427114,296.01316828268483,296.24869713843543,0.0
56280.0,296.20842852901967,296.2051415901651,296.2502023354351,296.293525093486,0.0
56340.0,296.1538918090662,296.14688663236814,296.1572203038944,296.13271501196067,0.0
56400.0,295.89863574234664,295.91254950462223,295.85280617481254,295.6558721006198,0.0
56460.0,295.4884029153473,295.4665152428633,295.36239693107666,295.04442947633845,0.0
56520.0,294.8417049289861,294.85000330619494,294.74462401967236,294.4609888452509,0.0
56580.0,294.5001802272496,294.4975527083105,294.4872763547296,294.41488070509746,0.0
56640.0,294.56966108440145,294.57201378151774,294.60144331033763,294.6470150344947,0.0
56700.0,294.8641961133461,294.85491566202467,294.93369665351304,295.1296918148612,0.0
56760.0,295.3599334175659,295.36643518523806,295.4512846186533,295.68649607183505,0.0
56820.0,295.8957580278374,295.89704704642264,295.9478511717341,296.14181450051115,0.0
56880.0,296.20469525582223,296.20984393442956,296.2483830455718,296.3771268771323,0.0
56940.0,296.28425753398585,296.2778952486485,296.29934020856876,296.284728221197,0.0
57000.0,296.0063266575125,296.0068353828802,295.9441469789446,295.77379634424,0.0
57060.0,295.62895523494274,295.6323900426577,295.52508460850703,295.25970792749496,0.0
57120.0,295.0341773855304,295.02606146893044,294.97821195072083,294.7343351452885,0.0
57180.0,294.6637553538473,294.6653863378257,294.577355355338,294.3168672179808,0.0
57240.0,294.38093074210167,294.37281133771114,294.3949857384916,294.4078829036446,0.0
57300.0,294.6179369592629,294.6059197688222,294.639967274216,294.7815945063192,0.0
57360.0,295.04433575500553,295.03395949046205,295.12669578624406,295.37725771821306,0.0
57420.0,295.4521456971273,295.45880793279105,295.50939645168165,295.78851971816806,0.0
57480.0,295.954825442332,295.9559395260867,296.051003436608,296.2515251397121,0.0
57540.0,296.2126297822881,296.2257257051154,296.2465736724459,296.3713953553561,0.0
57600.0,296.25488035446676,296.2547138081539,296.24539064083524,296.1794178443861,0.0
57660.0,296.0002857057469,295.9995056597445,295.91277774352335,295.7058147139464,0.0
57720.0,295.3915521112278,295.38454599034907,295.2996216476883,295.0473345631205,0.0
57780.0,294.8879933368884,294.8820776913256,294.80684172431677,294.55112784870784,0.0
57840.0,294.509587251419,294.5043481031679,294.50489871045033,294.41684256618305,0.0
57900.0,294.5681819520961,294.56416209747744,294.5805539708051,294.6492706433915,0.0
57960.0,294.85873402250627,294.86231186380513,294.9249331997971,295.1995704242708,0.0
58020.0,295.39378476784447,295.3958066761259,295.48674732361684,295.76269537285924,0.0
58080.0,295.94487172326905,295.95266731265497,296.04288964123623,296.3089109047445,0.0
58140.0,296.3070161663143,296.30403365253517,296.32890328244827,296.4193246882293,0.0
58200.0,296.34327598219966,296.34018216950983,296.3460842906879,296.2777975348089,0.0
58260.0,296.0459128140765,296.0546108842121,295.9911408222995,295.84593162742516,0.0
58320.0,295.7033816277009,295.7034087120787,295.6094928057966,295.30961382926176,0.0
58380.0,295.10778531517286,295.1066421450576,294.9907277377847,294.62180914737417,0.0
58440.0,294.5634885168951,294.57448768370057,294.50770324220707,294.2522066922867,0.0
58500.0,294.3466132073547,294.3474390610485,294.34106554862933,294.29705600251134,0.0
58560.0,294.4221313928785,294.40865810661313,294.43816824827684,294.5664758545091,0.0
58620.0,294.78332361396986,294.7812569800654,294.8310771370175,294.9839358498728,0.0
58680.0,295.13980542617645,295.1383513179511,295.1938046230783,295.48670067350633,0.0
58740.0,295.5375674238455,295.5353738067058,295.59970175070697,295.8419626732196,0.0
58800.0,295.77613645635955,295.78432362752744,295.7724621617917,295.79873477608646,0.0
58860.0,295.60463326605077,295.59170752353435,295.5261446561529,295.395218007401,0.0
58920.0,295.22447274829733,295.22121174664755,295.1324606506131,294.8971987021681,0.0
58980.0,294.6253182286221,294.63096169866594,294.5161730373044,294.2239126463329,0.0
59040.0,294.1321314195556,294.12213540317157,294.0435794171791,293.84134341859533,0.0
59100.0,293.8255769851295,293.8286263761507,293.7704830757361,293.66672280995533,0.0
59160.0,293.80685923459214,293.80333277690676,293.8218170321608,293.84949219316576,0.0
59220.0,294.08463772050936,294.09292627714495,294.1845079704057,294.468571831364,0.0
59280.0,294.76980032394084,294.76774601978576,294.86268046426153,295.08704193168023,0.0
59340.0,295.1956536823562,295.20650103933843,295.29987301105626,295.5197253713543,0.0
59400.0,295.5468347637044,295.551505757223,295.61309414449323,295.7482164968321,0.0
59460.0,295.71092622616413,295.7085495433771,295.7211733389525,295.7040154653803,0.0
59520.0,295.5088807239136,295.5099613014675,295.468909944198,295.32771770446266,0.0
59580.0,295.1054617979287,295.10241728208644,295.0071344647435,294.7566426949298,0.0
59640.0,294.58930438868236,294.59663874475393,294.5032938035645,294.174158073035,0.0
59700.0,294.17984128617667,294.17606361356866,294.08943930413886,293.84607310429516,0.0
59760.0,294.0330149869087,294.02433757554456,294.03942713513817,293.9863752436305,0.0
59820.0,294.18982657825615,294.19561356107454,294.24036158018606,294.43199581608695,0.0
59880.0,294.59012519943576,294.58621367702233,294.652779422278,294.8417477115111,0.0
59940.0,295.08238165839913,295.0817864766036,295.1815734057545,295.3750779421279,0.0
60000.0,295.57594764358123,295.57601467488917,295.6654119118905,295.8649845091268,0.0
60060.0,295.9112955385253,295.9160786452994,295.9646005232112,296.12903437852486,0.0
60120.0,295.92386392989613,295.93351291675805,295.8905127562796,295.80601936026824,0.0
60180.0,295.53700758900584,295.5448865995688,295.46325553845355,295.2778502282648,0.0
60240.0,295.10031169873673,295.08415189984356,295.0053080571465,294.70452168663223,0.0
60300.0,294.63479027332494,294.632688743529,294.57591554408754,294.3749774374335,0.0
60360.0,294.45608594294333,294.4491531365128,294.37199627713284,294.2447470588128,0.0
60420.0,294.37538906751263,294.3820484752124,294.36416525317634,294.44736686422965,0.0
60480.0,294.56427171934143,294.5717462640737,294.6316721318554,294.8690005648623,0.0
60540.0,295.01506560069566,295.01419393172307,295.10916045775554,295.4401721114389,0.0
60600.0,295.5822696293791,295.5793700154445,295.6415045528067,295.8281501300185,0.0
60660.0,295.844755106527,295.8365032893984,295.8943826128205,295.9928182882177,0.0
60720.0,295.8546333490623,295.8517833130007,295.8267915345076,295.7660331592525,0.0
60780.0,295.58511181063136,295.5931117802522,295.5350028682146,295.29212219623133,0.0
60840.0,295.08810222226833,295.0903176340926,294.9982194230243,294.7251436727887,0.0
60900.0,294.49856632737954,294.49482578030086,294.4086125936966,294.1403256672069,0.0
60960.0,294.1255821723487,294.1337889353588,294.04870023490207,293.8795341241418,0.0
61020.0,294.0460074723017,294.04749695028113,294.0334624172592,294.03427468565116,0.0
61080.0,294.2374956395287,294.2283371826866,294.2963862214049,294.48095243155575,0.0
61140.0,294.65479449895207,294.66535903693944,294.7250278066232,294.9760991762896,0.0
61200.0,295.23531316649013,295.22955103876575,295.310336000127,295.6343993412827,0.0
61260.0,295.73918719666955,295.7386579135516,295.8535013198117,296.02692792804135,0.0
61320.0,295.9696997673004,295.9655871285673,295.9645119550733,295.98841575299014,0.0
61380.0,295.8771484256251,295.8923330166573,295.86334630980105,295.7584491683662,0.0
61440.0,295.4569788766118,295.4554469010348,295.37078418953246,295.12641398777305,0.0
61500.0,294.9035557486669,294.89842724742283,294.84128865785135,294.63541528186215,0.0
61560.0,294.5064402838962,294.5026028958621,294.4496220825181,294.2552766443818,0.0
61620.0,294.1972701993524,294.2019457136501,294.1805438352614,294.08402956381525,0.0
61680.0,294.17849402378897,294.1670599297209,294.2268101711274,294.38976469780783,0.0
61740.0,294.6295858921124,294.6318742659568,294.69350452730544,294.97444592562107,0.0
61800.0,295.10619147640887,295.1021843100861,295.2179097291294,295.50829495709246,0.0
61860.0,295.6207816527452,295.62428012843856,295.6979721471833,295.92432850533424,0.0
61920.0,295.98870490856444,295.9883967316695,296.02017144529685,296.09467265264533,0.0
61980.0,295.97683016975543,295.9731602558887,295.9585311506659,295.97581476305146,0.0
62040.0,295.76501544500235,295.7811514067229,295.695790041499,295.4439979886797,0.0
62100.0,295.2340113269079,295.22667754787193,295.12914038331144,294.9067604844664,0.0
62160.0,294.7670685796683,294.7553401910846,294.7125182782303,294.464537281835,0.0
62220.0,294.4906131052093,294.4897358940612,294.44237436198006,294.264624629544,0.0
62280.0,294.41190941994313,294.42084512596983,294.42849439440016,294.4398210465588,0.0
62340.0,294.57466453596317,294.5739649862359,294.60870734431757,294.7682573302028,0.0
62400.0,295.0995957774962,295.0896911618359,295.19698378526334,295.4642634978748,0.0
62460.0,295.6712333856129,295.6790630187764,295.7612409774762,295.9909235135228,0.0
62520.0,296.13121924845746,296.1308859430272,296.18698040249654,296.3661856865938,0.0
62580.0,296.1807002649788,296.1948555245236,296.2006494250847,296.2593025285236,0.0
62640.0,296.08234969747514,296.0786965329904,295.98959648239924,295.71053287831654,0.0
62700.0,295.4559054557802,295.46304053764277,295.36775524665563,295.0638504577118,0.0
62760.0,294.73521664879223,294.74730743353155,294.6487304142893,294.379939889539,0.0
62820.0,294.27943961324576,294.2883654639238,294.24536736215373,294.04425139773195,0.0
62880.0,294.11065558420614,294.10772866447957,294.11477459801256,294.0458455464541,0.0
62940.0,294.1684539853157,294.17331454449146,294.2091568756592,294.35420625999626,0.0
63000.0,294.51274047269203,294.51415893476377,294.58539741192436,294.84380239369455,0.0
63060.0,295.0498655987676,295.047790621401,295.1373991594059,295.3742146400432,0.0
63120.0,295.52512341568996,295.52950561953566,295.6142947967899,295.87100388739776,0.0
63180.0,295.8147280387158,295.8085339616125,295.85034547614754,295.9777344957436,0.0
63240.0,295.87641041931914,295.87414359909553,295.8377914933926,295.7558455020126,0.0
63300.0,295.51324821624684,295.5106536095066,295.4494589853218,295.31809237563004,0.0
63360.0,295.1201889549851,295.1294722127964,295.0430269764434,294.8151097932262,0.0
63420.0,294.6706769906364,294.67624559259576,294.6176544296634,294.37623054167045,0.0
63480.0,294.329760919708,294.33476732392046,294.3029753608507,294.20297124618605,0.0
63540.0,294.1609583641343,294.17075083131067,294.1793072849595,294.1663020911033,0.0
63600.0,294.40239565831195,294.4055301129546,294.48478232107766,294.6764870692027,0.0
63660.0,294.93154232078507,294.9242892822015,295.0364056153531,295.3979045489555,0.0
63720.0,295.50770105787495,295.5051215454474,295.6134220206397,295.9824116581594,0.0
63780.0,296.0464058579725,296.05958137887217,296.1290689785467,296.29961694331223,0.0
63840.0,296.17218439657637,296.1730388533388,296.1574019305436,296.1556154682762,0.0
63900.0,295.8874870257019,295.88781690694213,295.818118440519,295.63365477630595,0.0
63960.0,295.3912155832729,295.3994349459127,295.2974973282673,295.02679292658354,0.0
64020.0,294.79550016135045,294.81286952735053,294.7244357444899,294.43147527640855,0.0
64080.0,294.3058470155184,294.30743486748673,294.2465871443248,294.0643062447221,0.0
64140.0,294.14910327776005,294.15362436869106,294.1413175130064,294.16450834286536,0.0
64200.0,294.2675929952141,294.26655719994073,294.32312618087155,294.4395690742093,0.0
64260.0,294.7059224808112,294.7094781512023,294.7926202570666,295.03477115451045,0.0
64320.0,295.2196410507064,295.20581606457205,295.29819306343916,295.5645938317306,0.0
64380.0,295.72810100075367,295.7278426136409,295.8048581231954,296.0796615215043,0.0
64440.0,296.05060258370554,296.0452310242661,296.07523748443055,296.1104271957335,0.0
64500.0,296.0248372742518,296.02527617749524,296.0150283662643,295.9715879440316,0.0
64560.0,295.7262911332308,295.71970736029175,295.63770685088633,295.4643772738759,0.0
64620.0,295.26854863085634,295.27635930412,295.1549107371027,294.8835261058396,0.0
64680.0,294.69784072294834,294.6884977153041,294.60331679716336,294.32143656596503,0.0
64740.0,294.3489233075998,294.3558475545043,294.2760127838403,294.11015183948405,0.0
64800.0,294.1477719221683,294.13262430259596,294.1457820649241,294.13745639999206,0.0
64860.0,294.29353874802933,294.2939739059119,294.37231511149633,294.5503362191418,0.0
64920.0,294.70035459267245,294.6855656645882,294.77250981311914,295.06742725090584,0.0
64980.0,295.17577050150544,295.1674255029228,295.2502734772141,295.47306500793906,0.0
65040.0,295.55468782344104,295.5545752338241,295.5818011582318,295.75067119465604,0.0
65100.0,295.63668687543407,295.6344407653684,295.660317192529,295.71904151718945,0.0
65160.0,295.56664787914036,295.5624319744307,295.5225323924989,295.4026381843877,0.0
65220.0,295.0585570841917,295.06723033078464,294.970402732968,294.6597120381141,0.0
65280.0,294.57400983647784,294.5814459400955,294.4805537268715,294.2239174303143,0.0
65340.0,294.09729938436425,294.10035446823855,294.05977035517924,293.9286695649173,0.0
65400.0,293.9137356433843,293.9100971194213,293.92544231712816,293.9922574750541,0.0
65460.0,294.16004892140546,294.1696273135612,294.2104634935049,294.364807843288,0.0
65520.0,294.5880147503097,294.5892481750421,294.6704634792012,294.8942841229425,0.0
65580.0,295.12832266827655,295.1197377632351,295.1932131684827,295.4383577249083,0.0
65640.0,295.53537030534363,295.5340942164375,295.6122288124936,295.8479518968494,0.0
65700.0,295.8935538608389,295.8859263941773,295.9525245680246,296.0960354741028,0.0
65760.0,295.9138341061209,295.91935873393504,295.8791096901921,295.78699145503816,0.0
65820.0,295.51577243902125,295.5062077140082,295.44946047673005,295.23972339667296,0.0
65880.0,295.0235176379826,295.0187673761024,294.91140225293447,294.6231398625787,0.0
65940.0,294.54442303128656,294.54482196278093,294.4670530376199,294.206217109269,0.0
66000.0,294.2193464110146,294.22996189016965,294.1948909102874,294.0456124012866,0.0
66060.0,294.14597818237525,294.1380600375622,294.1739054738422,294.2318471833028,0.0
66120.0,294.4336026315199,294.434791685066,294.4365160899801,294.57702828655374,0.0
66180.0,294.79974890748355,294.7889438007856,294.87707782727307,295.16539084267214,0.0
66240.0,295.4563656490256,295.4627361210652,295.5467943612463,295.8772625109872,0.0
66300.0,295.9714522499826,295.9690164494865,296.0446960402473,296.25015082441774,0.0
66360.0,296.17536955512867,296.181453197664,296.15881396467165,296.1784172861915,0.0
66420.0,296.027792010582,296.02520019226773,295.95428629798784,295.82428246866834,0.0
66480.0,295.69267836794194,295.6917801338814,295.62063398594324,295.39346698473156,0.0
66540.0,295.1090986704062,295.1062070964912,295.03754869796614,294.77345229519267,0.0
66600.0,294.71478736663414,294.71587250616153,294.6519521924915,294.4340878332506,0.0
66660.0,294.5323099607276,294.52043443672596,294.5392525067384,294.5017651379302,0.0
66720.0,294.6634684107167,294.6634094414988,294.70526715418174,294.8248295797534,0.0
66780.0,295.07000636851024,295.05038803648335,295.1407793237412,295.3601677293203,0.0
66840.0,295.6242205962092,295.6031911541971,295.6941006683899,295.9463587114392,0.0
66900.0,296.0784629325489,296.08774242237104,296.16420928894115,296.34759873555276,0.0
66960.0,296.3325878406484,296.3269231436568,296.3458295571382,296.3919114237144,0.0
67020.0,296.33159877258583,296.33685040871285,296.3188443832801,296.20389881013756,0.0
67080.0,296.0389044397021,296.0336526672283,295.95880642772045,295.6980209642939,0.0
67140.0,295.51777891037887,295.5100932111713,295.4213459299815,295.17281152304827,0.0
67200.0,295.0027240088235,295.00100915428385,294.88657491275376,294.63456262805624,0.0
67260.0,294.6221712345273,294.619435690562,294.57635032350663,294.4130453854414,0.0
67320.0,294.54323107282215,294.534449698224,294.54211062082726,294.5381664751485,0.0
67380.0,294.6959496512331,294.69317787189857,294.7489149612403,294.9701162582878,0.0
67440.0,295.1103358829732,295.1121249454049,295.20956042953645,295.4746296002229,0.0
67500.0,295.66974187264117,295.66770525861125,295.75298007351,295.9038158769171,0.0
67560.0,295.91957471297405,295.91836130907603,295.96919289393276,296.12117133123803,0.0
67620.0,295.9890119626043,296.01177615743586,296.00777196449684,295.9435348466199,0.0
67680.0,295.7856126177701,295.78016528117723,295.7303334805396,295.62549341134525,0.0
67740.0,295.37155724981176,295.37422939245204,295.30589865205206,295.1043339573207,0.0
67800.0,294.843173662417,294.84532291745546,294.771878524598,294.50239696556577,0.0
67860.0,294.3584870310168,294.3655917489342,294.29370487059236,294.1032939104169,0.0
67920.0,294.13241342985197,294.1362695124989,294.12434843690517,294.1038197317787,0.0
67980.0,294.31023652882146,294.29813873882705,294.35222052454105,294.47904832497784,0.0
68040.0,294.687905851114,294.6874118635886,294.77235791878064,295.0309002799112,0.0
68100.0,295.2048494207192,295.2153210749492,295.3010427273548,295.5257347610628,0.0
68160.0,295.6018461857972,295.5968319892381,295.66235113623947,295.8454592261902,0.0
68220.0,295.84806298955385,295.845621420479,295.86056540537356,295.87782250572025,0.0
68280.0,295.74586069316496,295.7495941789221,295.693969408171,295.558887872879,0.0
68340.0,295.3584382443905,295.35023416991936,295.2599140004904,295.00596661999674,0.0
68400.0,294.8036812682374,294.7948078336294,294.6958850333497,294.39176533211054,0.0
68460.0,294.2260253220473,294.23035669893875,294.1280807126217,293.80893150431973,0.0
68520.0,293.81513254410845,293.81848319307215,293.80068720993864,293.6737974614763,0.0
68580.0,293.80233484188864,293.7930110743752,293.8666689041386,293.94821710119294,0.0
68640.0,294.2263273345956,294.21999548125575,294.30718415175113,294.56141002472873,0.0
68700.0,294.89602651841346,294.8970700767169,294.9992950615261,295.26145722974826,0.0
68760.0,295.40119549466266,295.3952874217418,295.4883546414805,295.6805207344005,0.0
68820.0,295.7738170464393,295.7880206705782,295.81901726324276,296.016017740024,0.0
68880.0,295.9208369668257,295.9241184861863,295.9098257237703,295.8977191681362,0.0
68940.0,295.66334965659524,295.6739266964184,295.5934763643702,295.35616358739054,0.0
69000.0,295.1460797324729,295.1465427699847,295.0248793133873,294.73302157561506,0.0
69060.0,294.53257333970134,294.52149006922195,294.40496283971504,294.08815063547337,0.0
69120.0,294.01546828078034,294.0067452997048,293.9490428344488,293.8016437449262,0.0
69180.0,293.7866678596909,293.79485963465163,293.7457269374342,293.6510210935022,0.0
69240.0,293.81694133889715,293.8118802354421,293.86003944737575,294.0496006865112,0.0
69300.0,294.31828491902473,294.3188936650915,294.3663024320292,294.5661949858299,0.0
69360.0,294.72230401437855,294.7274509752566,294.8304501404605,295.12081123707736,0.0
69420.0,295.25915853075327,295.25250464609553,295.31584644476453,295.55192567266783,0.0
69480.0,295.4835560607103,295.48513481507956,295.5052028136888,295.5696837908175,0.0
69540.0,295.3955008945949,295.3800097472962,295.32603923913524,295.22690677955626,0.0
69600.0,294.97998634943986,294.997270556217,294.9507202871356,294.7097675281752,0.0
69660.0,294.51321858214595,294.5092848558401,294.4032297458435,294.1399147576529,0.0
69720.0,293.97992606294196,293.9810155703194,293.9015280732255,293.6947427050351,0.0
69780.0,293.677477483644,293.67907151019045,293.625710560555,293.51987554684433,0.0
69840.0,293.68719542713893,293.68021160943005,293.702407917467,293.7531704319106,0.0
69900.0,293.94853306041307,293.94758504977466,294.0186199222327,294.27443202452497,0.0
69960.0,294.4561380551467,294.46827199565917,294.55872124448064,294.88948105577424,0.0
70020.0,295.1023538054992,295.1000045151621,295.19683265505086,295.5336621055874,0.0
70080.0,295.52402617830586,295.5292459540903,295.60399966824025,295.6960850168183,0.0
70140.0,295.63449054815874,295.63549773666483,295.6206353342203,295.559242689753,0.0
70200.0,295.35729108795056,295.34378085351386,295.3044840148774,295.10854397695624,0.0
70260.0,294.90624311508986,294.9028915236471,294.83230591092104,294.5369156956766,0.0
70320.0,294.3318391385187,294.3345838669271,294.19700552059567,293.8168528181352,0.0
70380.0,293.7757665066978,293.77821271711275,293.69879292628144,293.4841684417053,0.0
70440.0,293.55735262449974,293.56946933628564,293.5430433966045,293.4918874883155,0.0
70500.0,293.7106091251854,293.70750239147037,293.7931557072099,294.01999979302366,0.0
70560.0,294.2062221641028,294.1919508421109,294.2943106304815,294.57948443596985,0.0
70620.0,294.75843586606646,294.7562653674247,294.8360973127664,295.1410652237653,0.0
70680.0,295.25348005101193,295.2418429496951,295.33346596939504,295.6098476275466,0.0
70740.0,295.50283759872025,295.4937388031176,295.5127197022212,295.60572462436653,0.0
70800.0,295.38194120119044,295.38501061327906,295.3812254270748,295.28122774320195,0.0
70860.0,295.04867595564775,295.0516772893604,294.9599373595893,294.7711234763849,0.0
70920.0,294.6337144789947,294.6316269623862,294.5461130988149,294.34089540721106,0.0
70980.0,294.23497296273405,294.2386292232072,294.16218704526665,293.87922239899154,0.0
71040.0,293.9152788703412,293.90943444450676,293.889469830328,293.81956040331505,0.0
71100.0,294.0148524678919,294.0223827105357,294.07414576225807,294.1387975952632,0.0
71160.0,294.355716042928,294.35814056260347,294.39997969829284,294.55355200394627,0.0
71220.0,294.8179903104282,294.82662560636163,294.95649834123265,295.29993892050635,0.0
71280.0,295.5004716183892,295.5093620066656,295.57949871795154,295.81272298124736,0.0
71340.0,295.8421889177743,295.8407876513244,295.87350403463387,296.04272439444827,0.0
71400.0,295.94788067521216,295.9509274421176,295.92414871679387,295.84419900890185,0.0
71460.0,295.6311593340404,295.6250937704171,295.57478423649076,295.47080320627674,0.0
71520.0,295.25400065452067,295.2566814154745,295.20331069478146,294.98664496353183,0.0
71580.0,294.89874409862284,294.8991350102313,294.8146222656229,294.5996568031147,0.0
71640.0,294.60248843323234,294.61025830209724,294.57400674962275,294.4327521470159,0.0
71700.0,294.4669500051837,294.4697998070601,294.46057889272294,294.3912635506734,0.0
71760.0,294.5293873983442,294.53034763090045,294.5401266504696,294.6447494353099,0.0
71820.0,294.93961189469667,294.92537644658756,295.0038293662329,295.29174538018515,0.0
71880.0,295.4897150350301,295.4895250256578,295.5906741098026,295.9552828678958,0.0
71940.0,296.0351403652764,296.03382928342006,296.10159883079996,296.25981862913636,0.0
72000.0,296.23104551039296,296.2360491546746,296.21330715416167,296.2111199234426,0.0
72060.0,296.05435300897904,296.0495981379861,296.00335212519116,295.81240923037814,0.0
72120.0,295.66319101312166,295.6634307127385,295.5751772257057,295.3277601184462,0.0
72180.0,295.08598437568673,295.0916218947371,294.9813861567874,294.64481080734157,0.0
72240.0,294.50406285552907,294.4992911112715,294.3883423653178,294.1662889255406,0.0
72300.0,294.25596012964877,294.2598987754261,294.2102371942776,294.11947527873394,0.0
72360.0,294.3152072192842,294.3287043469967,294.3403934046861,294.44233493820616,0.0
72420.0,294.58467985987306,294.59454175190587,294.6669769351704,294.9166917321302,0.0
72480.0,295.1848987977778,295.19181821036574,295.2811106144477,295.56336810266924,0.0
72540.0,295.7557834614858,295.758320385239,295.8535348044551,296.1208541383496,0.0
72600.0,296.09423405793336,296.0902510556129,296.09973451693884,296.11376434925677,0.0
72660.0,296.05357017486085,296.04867681122204,296.00511287388224,295.9316313546556,0.0
72720.0,295.72811227324604,295.726031164403,295.65502259788127,295.37485402231107,0.0
72780.0,295.15434071273677,295.15620032840314,295.06628465508203,294.8014898806309,0.0
72840.0,294.6983967517812,294.6986511002412,294.5972262525418,294.31346302959224,0.0
72900.0,294.1631924649281,294.1695781294542,294.09189400113246,293.91970899801987,0.0
72960.0,294.0501356277708,294.0515715846979,294.04185667389385,294.01535411891973,0.0
73020.0,294.22626425812655,294.2255243847029,294.2332506227103,294.3234268861284,0.0
73080.0,294.4877732412862,294.4826266923459,294.5746412245224,294.82463279705956,0.0
73140.0,294.941090804341,294.95085397155333,295.0036934268415,295.2519982162682,0.0
73200.0,295.3397728641888,295.3398927243319,295.4124664178013,295.6133253069874,0.0
73260.0,295.48423775744664,295.4889391685087,295.51400050275544,295.60698414624335,0.0
73320.0,295.56161653352257,295.56142340643527,295.4960964063922,295.3611638770061,0.0
73380.0,295.11878790545404,295.10928480229154,295.04087736505124,294.8196590332512,0.0
73440.0,294.60385046768664,294.6164177021543,294.51223549873646,294.24228849573836,0.0
73500.0,294.12523416038067,294.1364339290449,294.0656113281725,293.8664137415258,0.0
73560.0,293.82405725689034,293.8135293206865,293.81880929387665,293.84383580610574,0.0
73620.0,293.8994739199776,293.90173726143075,293.9479354665829,294.0277171804786,0.0
73680.0,294.29399235127295,294.281558099248,294.3600192386706,294.5719772474444,0.0
73740.0,294.8640277559418,294.8581455758734,294.94757071915836,295.20126407310346,0.0
73800.0,295.3149163362998,295.311448388369,295.3619612656611,295.5600586337351,0.0
73860.0,295.67289327302103,295.67554851924154,295.69289994802745,295.7500030950698,0.0
73920.0,295.582528423679,295.5966833020854,295.6164211453698,295.57330122516777,0.0
73980.0,295.32343130934913,295.3170529100174,295.2561223324449,294.9852158340188,0.0
74040.0,294.7607796722286,294.7545895404728,294.65283433239887,294.3626231738529,0.0
74100.0,294.20258486729034,294.2084620035783,294.1103205384768,293.85737042175936,0.0
74160.0,293.843549141603,293.84527889553783,293.7909156868592,293.6846844763205,0.0
74220.0,293.7689180507742,293.7708900227322,293.79883442496777,293.83441165695785,0.0
74280.0,294.03626306518333,294.04898297058065,294.1098703847636,294.2846700825352,0.0
74340.0,294.47261579244446,294.48294666634933,294.5534423382954,294.780287868069,0.0
74400.0,295.03013922942307,295.03704660791107,295.14356338394424,295.49857504033105,0.0
74460.0,295.5687445456657,295.5777750147419,295.6178231095102,295.82766218497903,0.0
74520.0,295.6824110872947,295.6943510260791,295.70452177397306,295.70573204693,0.0
74580.0,295.5717860988723,295.5889890747494,295.5205613989324,295.3854007561088,0.0
74640.0,295.1053463523261,295.10556969699513,295.0120218296347,294.7483174846991,0.0
74700.0,294.5616092727911,294.55806810944625,294.482539715389,294.2140194886094,0.0
74760.0,294.0431344562881,294.0393511484255,293.96759845469023,293.70977870247907,0.0
74820.0,293.8228923277462,293.8301836406155,293.8082901644309,293.7852345332012,0.0
74880.0,293.92401378159684,293.9382249090633,293.96425144448426,294.0759903857737,0.0
74940.0,294.3659868164602,294.37151427542256,294.41740385574735,294.63907702405675,0.0
75000.0,294.90230563348587,294.91206540561234,295.03373054019386,295.32799513604255,0.0
75060.0,295.445799715236,295.4432317324879,295.5749544414399,295.8377734500633,0.0
75120.0,295.8242700480677,295.8360172239462,295.89558153252136,296.0520516470796,0.0
75180.0,295.8881174781682,295.8897419659817,295.88696558969434,295.85604290876734,0.0
75240.0,295.5761856967388,295.5599433797877,295.48615866918385,295.24535176407466,0.0
75300.0,295.06579905923894,295.071809119345,294.9588266562277,294.62197120391255,0.0
75360.0,294.48666338501386,294.4759623922222,294.38763228534293,294.0753918355613,0.0
75420.0,294.1740525250559,294.17726491310384,294.11679942161004,293.9896667641103,0.0
75480.0,294.11577781619474,294.1100022051678,294.1174628311895,294.2170496437038,0.0
75540.0,294.39687290692166,294.3869214403594,294.45874459506547,294.593050465692,0.0
75600.0,294.8882064300139,294.8968966047831,294.9948953790548,295.2528362898825,0.0
75660.0,295.39328528367304,295.39605133418144,295.4789770376763,295.7116622549053,0.0
75720.0,295.8353408216277,295.8340585870656,295.8847985129599,296.01927418731066,0.0
75780.0,295.91854071078217,295.9362292595177,295.9503366950942,295.91645495996255,0.0
75840.0,295.8048759459541,295.8062064370776,295.77548512670364,295.656424565073,0.0
75900.0,295.45885343506643,295.4657919469151,295.3416865001689,295.066728008946,0.0
75960.0,294.8965603203029,294.89231907603755,294.80498090719266,294.4801783949169,0.0
76020.0,294.4065632662782,294.400382558656,294.3468342853741,294.1581771425078,0.0
76080.0,294.17881560063853,294.175503684328,294.18566794762796,294.1133394840504,0.0
76140.0,294.10897153442886,294.1073292166679,294.12645825323256,294.2702284914449,0.0
76200.0,294.43603046113435,294.43150928863815,294.5222745312004,294.8467057845102,0.0
76260.0,295.0667272024961,295.0789433131098,295.17051433097055,295.5077047093404,0.0
76320.0,295.5786588169692,295.5906465850608,295.67382583048465,295.91697635033074,0.0
76380.0,295.9245814306665,295.9134408218671,295.9725533525105,296.0968445575961,0.0
76440.0,295.9083875095566,295.9027986748461,295.9124165077927,295.84675264723916,0.0
76500.0,295.66650329931895,295.6736822486054,295.62622082472103,295.41655797923505,0.0
76560.0,295.2405715762943,295.24568876878914,295.14956004942053,294.8967671058013,0.0
76620.0,294.76485852977345,294.7751677710032,294.66718725102123,294.37550484017333,0.0
76680.0,294.4197079595049,294.42020209275915,294.38378350956435,294.28181035827413,0.0
76740.0,294.35724284449793,294.3478090846212,294.38918925660505,294.4385502494754,0.0
76800.0,294.61670575064517,294.61900095085224,294.6889946260913,294.8993834929646,0.0
76860.0,295.14289522790335,295.15726322307694,295.26350522590855,295.61255803469805,0.0
76920.0,295.7030152882109,295.71216774625196,295.83318803890285,296.12953696066864,0.0
76980.0,296.1763052547297,296.16915983818853,296.24621883269174,296.4393597661674,0.0
77040.0,296.31180106714186,296.3071835682352,296.31098102421976,296.29680516572654,0.0
77100.0,296.10250911032,296.10053624604507,296.06071606141603,295.8713522143597,0.0
77160.0,295.66576874079584,295.6561539985025,295.583446808138,295.24346968657414,0.0
77220.0,295.07248046390725,295.0788005772397,294.9990634669999,294.7513286103123,0.0
77280.0,294.6930355442816,294.6900134808503,294.59446092277216,294.32591352829456,0.0
77340.0,294.38158059747076,294.37337539685575,294.3566950935679,294.32196013829105,0.0
77400.0,294.40802338134193,294.39279108962705,294.4614875674522,294.60596040903386,0.0
77460.0,294.876594842876,294.88516394382106,294.9530070101947,295.2007513175779,0.0
77520.0,295.4525720282662,295.44461185104944,295.5683756064037,295.86381546979976,0.0
77580.0,295.94053845567817,295.9285018372544,296.0216432302524,296.25714569569703,0.0
77640.0,296.22794365327024,296.24001222467587,296.2895884594463,296.369676669734,0.0
77700.0,296.1752029380763,296.1564510636785,296.1083557849,296.03138906054676,0.0
77760.0,295.79905574978443,295.7800881281959,295.73328671086927,295.4601460030964,0.0
77820.0,295.22488715132937,295.225712369337,295.11972011349053,294.8475263174408,0.0
77880.0,294.69963104845124,294.6978858192936,294.6657011227097,294.43820896500216,0.0
77940.0,294.2759575769389,294.27779784303124,294.2828926075724,294.1767466967505,0.0
78000.0,294.2718709804866,294.2702074687478,294.2796593698892,294.3098489329695,0.0
78060.0,294.59165349041746,294.58859914508633,294.6731025727402,294.9281181287024,0.0
78120.0,295.1594889225939,295.17660527400295,295.2398312373561,295.5474957507061,0.0
78180.0,295.721075498769,295.720172479681,295.80693917529493,296.06805397403025,0.0
78240.0,296.1852060431111,296.18268925877317,296.2364871854032,296.4863795555177,0.0
78300.0,296.3797447902348,296.3748162087778,296.38703378749483,296.36397662833843,0.0
78360.0,296.1744144156812,296.18376064479764,296.14108736196823,295.9672044879047,1.0
78420.0,357.3481563705495,354.71083299856616,334.8681720060424,295.3936071418772,1.0
78480.0,368.6398402349515,366.00858348916483,342.9892669140605,294.89045407590135,1.0
78540.0,370.500469973338,367.87172927959523,344.2709396739313,294.5588446654184,1.0
78600.0,370.7812180700958,368.14988361088353,344.50270766031235,294.6000961288187,1.0
78660.0,371.0525293980334,368.4231781190067,344.77274282256934,294.9492997780292,1.0
78720.0,371.514066240796,368.88363495064124,345.27870800353554,295.50730334473775,1.0
78780.0,372.00665255647414,369.37163119188693,345.7799140156523,296.08476586191324,1.0
78840.0,372.52357393138954,369.90019929823484,346.26578814621644,296.44612719575855,1.0
78900.0,372.6611646392216,370.02288529853917,346.37606254894075,296.4348133374319,1.0
78960.0,372.66292491781996,370.0363470651665,346.3259420212166,296.2642039657383,1.0
79020.0,372.3874487719367,369.76054378332793,345.9870994529789,295.73489607276537,1.0
79080.0,371.93332536206344,369.2937425015739,345.55766999586154,295.2989294247014,1.0
79140.0,371.47231513778087,368.85362059842646,345.0869136823617,294.8756196078506,1.0
79200.0,371.1667850960218,368.54323845639334,344.8301797845898,294.7440865936331,1.0
79260.0,371.1736047522634,368.5409795810272,344.85319750447195,294.8833845829134,1.0
79320.0,371.39927386222706,368.7597057391101,345.1573771843983,295.37580019284366,1.0
79380.0,371.8822619738094,369.24738486799197,345.6390585519287,295.9401715748522,1.0
79440.0,372.44303596532313,369.8015629363231,346.2484729037303,296.5570587937124,1.0
79500.0,372.9677775956753,370.3396114489407,346.6748255520021,296.8661589590549,1.0
79560.0,373.13180866448835,370.48611662271816,346.8116720137406,296.76358618116757,1.0
79620.0,372.89300391747497,370.27345513839094,346.4806958039711,296.2549473852028,1.0
79680.0,372.38143898719494,369.74424451622264,345.9793813893479,295.74985978935445,1.0
79740.0,371.8549672259773,369.22254533908983,345.4367342439231,295.1756937500942,1.0
79800.0,371.3012446586438,368.6715184897017,344.9455757859364,294.77323356042064,1.0
79860.0,371.2028906235197,368.56371033152084,344.87100660367435,294.81469788923806,1.0
79920.0,371.2544363799537,368.6265963710326,344.96400614303207,295.0522596392333,1.0
79980.0,371.62899512945086,369.0029996804481,345.4059118089867,295.66819617469,1.0
80040.0,372.04969039727155,369.41868430835177,345.7992693248598,295.95437372226354,1.0
80100.0,372.4208154662827,369.78034152215355,346.147525857527,296.3331550612979,1.0
80160.0,372.62130222562865,369.9820877095674,346.34140020875583,296.400114979301,1.0
80220.0,372.60135554673815,369.96283056053306,346.28674271912735,296.2305918248445,1.0
80280.0,372.29191375832505,369.65989639147216,345.8693120252676,295.7039975293477,1.0
80340.0,371.72603735472444,369.0905482945321,345.3296927759441,295.06236537495187,1.0
80400.0,371.2091128564291,368.58669321428573,344.82443060445155,294.6160730401411,1.0
80460.0,370.9420593246202,368.31056855384895,344.6195919218084,294.5858183337421,1.0
80520.0,370.9987762270732,368.359124554516,344.70004090564504,294.7795262294553,1.0
80580.0,371.25809039281467,368.61642995611516,345.03314098315406,295.26090419030976,1.0
80640.0,371.842390538056,369.20587644039927,345.57027415048583,295.8534430308346,1.0
80700.0,372.4319228012791,369.7883838941838,346.21766340533503,296.35371643767576,1.0
80760.0,372.80057325887276,370.16669057861634,346.53659609374955,296.65463967153846,1.0
80820.0,372.8409071830772,370.20884239603424,346.53060488347035,296.48919025256043,1.0
80880.0,372.5142080878382,369.8828912227061,346.1171935509337,295.9136713009127,1.0
80940.0,371.9381241945583,369.31939724334353,345.5500656549004,295.3030462829267,1.0
81000.0,371.4300515497344,368.79530373913866,345.0135146164733,294.7192573271833,1.0
81060.0,370.9681475767351,368.3279623298646,344.5730415478265,294.39023600753745,1.0
81120.0,370.7850547790497,368.1520959110715,344.46557344819854,294.44632858468054,1.0
81180.0,371.0017454458575,368.3672709646274,344.7498769058208,294.8833932681608,1.0
81240.0,371.4414294203034,368.7994557810769,345.20777022852405,295.42252338988345,1.0
81300.0,371.8848770230118,369.24425755293885,345.6592890568329,296.00043162881,1.0
81360.0,372.4312005091886,369.79547817764313,346.1964505160679,296.3911118356169,1.0
81420.0,372.7055008543882,370.06091802432445,346.38569950366383,296.42473833149836,1.0
81480.0,372.6121100987121,369.9657630374007,346.2421545843183,296.139049993128,1.0
81540.0,372.2637708155819,369.62899038078456,345.83450699448525,295.5412039693489,1.0
81600.0,371.62619834186654,368.97801101058565,345.2286254212716,294.95204094515543,1.0
81660.0,371.1156502575563,368.48915919951975,344.72222681334466,294.50093577344614,1.0
81720.0,370.8891521010372,368.2512249570244,344.5747462233685,294.4636412625017,1.0
81780.0,370.9047280979771,368.2749093467443,344.5977941659236,294.69435465324534,1.0
81840.0,371.2099277757594,368.57996581858237,345.00104896658644,295.2928187734438,1.0
81900.0,371.84459400656476,369.2195157079896,345.6331110272988,295.8907875366886,1.0
81960.0,372.38513872377484,369.74857965944494,346.18013549862684,296.4344396845999,1.0
82020.0,372.8122602454974,370.1758505478746,346.52448160184014,296.6475914305259,1.0
82080.0,372.94795321947373,370.31988889775687,346.6146376550898,296.58612467990935,1.0
82140.0,372.76963158908893,370.1307814793386,346.3997932465419,296.18642948755695,1.0
82200.0,372.32949447926853,369.7001400232357,345.91593339005766,295.61789055174853,1.0
82260.0,371.75034364798825,369.11563520416786,345.33854925181816,295.06949019361895,1.0
82320.0,371.25069218141095,368.60965675871233,344.8612468762912,294.6929121104143,1.0
82380.0,371.1341723036972,368.5134995878968,344.82770239364686,294.85516184928565,1.0
82440.0,371.3765921486986,368.7608531618039,345.1366871318028,295.32939918169336,1.0
82500.0,371.889791916818,369.25545137751106,345.6651117878234,295.91710319758715,1.0
82560.0,372.4372151494728,369.793948489597,346.19489465757874,296.4867873284542,1.0
82620.0,372.97740917003483,370.3526386476774,346.7113423148722,296.9013055736278,1.0
82680.0,373.14286673026936,370.5065005215788,346.81663117163106,296.8058793691768,1.0
82740.0,372.91036419667137,370.28308797461716,346.5556635895196,296.4289302404578,1.0
82800.0,372.529052928696,369.88819866850076,346.10617640890155,295.86085995581254,1.0
82860.0,372.0019836116885,369.36515277729006,345.60566914945184,295.34441147488036,1.0
82920.0,371.51338251977006,368.8814085546384,345.11811360270934,294.86260963014297,1.0
82980.0,371.1513602742256,368.53240014152414,344.79344428146317,294.69006082097553,1.0
83040.0,371.18461873808917,368.55012653970573,344.9294298019311,295.06018019650685,1.0
83100.0,371.53480231965625,368.92431795234126,345.2692517773794,295.4464026997628,1.0
83160.0,372.00339254754374,369.36871656154193,345.7861046241954,296.1425488631784,1.0
83220.0,372.5995463622413,369.9746567233236,346.34295963305806,296.56687688152505,1.0
83280.0,372.92142308140234,370.2836800942321,346.6394422680998,296.80836632704575,1.0
83340.0,372.99241354115185,370.35260121092546,346.6669077692349,296.6398688210903,1.0
83400.0,372.79605090298514,370.14742765565524,346.41311999527323,296.23997412393726,1.0
83460.0,372.33178554220984,369.70235567483473,345.935349893689,295.6446885525871,1.0
83520.0,371.71605406098155,369.0802949854089,345.2992442003344,294.9985849294793,1.0
83580.0,371.2978921317423,368.65501263273075,344.92094975176275,294.68241710494823,1.0
83640.0,371.1255150208177,368.4989045717982,344.80924348313835,294.78463199887864,1.0
83700.0,371.2465243236639,368.6151011501812,344.9942835729864,295.1318199047157,1.0
83760.0,371.71327444819974,369.0860240612756,345.48618978805786,295.7734191295461,1.0
83820.0,372.21783883180666,369.57884840413533,345.98760013554346,296.2486782698891,1.0
83880.0,372.6876038049574,370.05119704758044,346.4373157252424,296.6900059852012,1.0
83940.0,372.938309667165,370.3040911732394,346.64805553656856,296.67259912188473,1.0
84000.0,372.8629793169677,370.23110674377654,346.5108185754546,296.4439905728963,1.0
84060.0,372.5701576409945,369.9429610382986,346.18799958057747,295.95840588581814,1.0
84120.0,372.1208932799966,369.49565360305974,345.71600551455043,295.46495332538524,1.0
84180.0,371.63400281730344,368.9794062798228,345.22134374826214,294.90646233143696,1.0
84240.0,371.2853208691455,368.65126677029497,344.90527079806884,294.8188255053437,1.0
84300.0,371.1837679341043,368.54113878773467,344.9044094903559,295.0028678417912,1.0
84360.0,371.5105522507712,368.8807823880863,345.28688433792456,295.537570908166,1.0
84420.0,372.09212101143135,369.46797259321096,345.89135165874535,296.25434824434046,1.0
84480.0,372.6138260505088,369.9828935107617,346.415736993054,296.66454556434627,1.0
84540.0,373.01588233007436,370.3756609913002,346.73021613317877,296.84057761955734,1.0
84600.0,373.1279686235782,370.4998326208752,346.7929233924186,296.75830817793826,1.0
84660.0,372.9059255526193,370.279653199186,346.53776965930683,296.36100723910045,1.0
84720.0,372.39833264021246,369.76799509450177,345.98540325583815,295.7667561366329,1.0
84780.0,371.8916560812988,369.2612774870125,345.50144277149315,295.26654987168195,1.0
84840.0,371.53889036324944,368.90529476164767,345.18944254983387,295.0547048867559,1.0
84900.0,371.4612268212855,368.8246496106462,345.15192469857396,295.17874862600917,1.0
84960.0,371.70097029853196,369.080630290421,345.45956593911035,295.6366409059323,1.0
85020.0,372.1991473229484,369.55639393606225,345.9584637983808,296.189622317157,1.0
85080.0,372.83815795594745,370.20348088947014,346.5912459381963,296.84395993139856,1.0
85140.0,373.27414908823704,370.64229938067007,347.0417306399663,297.2252077099378,1.0
85200.0,373.5597827812428,370.93199589451325,347.2492598292741,297.2863034320617,1.0
85260.0,373.4490248835346,370.80478878251574,347.0966829306414,296.9739663875353,1.0
85320.0,372.9778438221357,370.345717833379,346.55505450988676,296.3006866114755,1.0
85380.0,372.4080801451173,369.7688464818036,345.97550972367753,295.6730021750249,1.0
85440.0,371.92125603494407,369.2856335075658,345.55011803581476,295.41692892282276,1.0
85500.0,371.6890180758197,369.05179403460534,345.3461969826283,295.33740853909114,1.0
85560.0,371.77993038913553,369.1444691483551,345.4779619325335,295.6153153671445,1.0
85620.0,372.2360994911697,369.619883870275,346.0325305552985,296.3367165167134,1.0
85680.0,372.8303825441257,370.1855468761159,346.616119606529,296.9313489781487,1.0
85740.0,373.4270434725545,370.7871904262996,347.1891695704356,297.41563415913316,1.0
85800.0,373.72193718497385,371.09114819200437,347.44762748649833,297.4987377127568,1.0
85860.0,373.6204608820985,370.98371836611875,347.2805228729491,297.20688140518945,1.0
85920.0,373.35480599294357,370.7252600580122,346.95836394706197,296.73133641671814,1.0
85980.0,372.86043377996714,370.2252362229096,346.4347026967684,296.1561161589779,1.0
86040.0,372.31301501984666,369.6760892356542,345.89728226434596,295.64090672371236,1.0
86100.0,371.8819575715111,369.239600095589,345.4960697524464,295.36524227306535,1.0
86160.0,371.8616678415079,369.22713164920464,345.55761752345904,295.6667455198508,1.0
86220.0,372.15389829156993,369.5103516791996,345.9105302078211,296.1307450362817,1.0
86280.0,372.7287242819422,370.1010146313241,346.48857482642865,296.7845672533065,1.0
86340.0,373.32807037813524,370.6963406713832,347.09787092029524,297.3731331920314,1.0
