time,$x$,$y$,$z$,u_0
0.0,5.528293481851943,-0.8613906829212801,21.157821332217175,-0.19223734587964225
0.005,5.209872102436729,-0.668707645970263,20.85132052224482,-0.19223734587964225
0.01,4.91530162090538,-0.48007465807935473,20.55530654958874,-0.19223734587964225
0.015,4.645930166637742,-0.295134167734759,20.269958552848294,-0.19223734587964225
0.02,4.398918290164559,-0.11391191356428923,19.992374714039585,-0.19223734587964225
0.025,4.17421213836735,0.062161056807309295,19.72355712543029,-0.19223734587964225
0.03,3.9682738465177514,0.23330197328549487,19.46149155941395,-0.19223734587964225
0.035,3.7814167274075228,0.4012878148109105,19.20670688975993,-0.19223734587964225
0.04,3.613229657000997,0.5647376311365468,18.957827606574135,-0.19223734587964225
0.045,3.458764388509112,0.723477081197036,18.716670565846226,-0.19223734587964225
0.05,3.3212510832660747,0.8788485512643944,18.479934793622913,-0.19223734587964225
0.055,3.1986191695876425,1.0311257414579138,18.24777364850832,-0.19223734587964225
0.06,3.0902519602548058,1.1803705741239738,18.020728392789326,-0.19223734587964225
0.065,2.9949303787796366,1.3278057278900026,17.79845427500346,-0.19223734587964225
0.07,2.910437814136403,1.4722155287211054,17.580302628773204,-0.19223734587964225
0.075,2.838524141634697,1.615339540215273,17.367625712569865,-0.19223734587964225
0.08,2.777630413245422,1.7573342360750515,17.15890766688827,-0.19223734587964225
0.085,2.727117748281946,1.8984899562674509,16.95553655287148,-0.19223734587964225
0.09,2.685198825914055,2.0385415486528253,16.7543608537392,-0.19223734587964225
0.095,2.6529982091997706,2.1784933643632125,16.557539871716532,-0.19223734587964225
0.1,2.629229033504974,2.3187674545705983,16.365303631708823,-0.19223734587964225
0.105,2.614820444733025,2.458900421440677,16.17830404340128,-0.19223734587964225
0.11,2.606697087171934,2.6009549552896085,15.995655523772097,-0.19223734587964225
0.115,2.605993024751749,2.7436526565459136,15.815464443891972,-0.19223734587964225
0.12,2.611405593326286,2.8877098230581417,15.6400540898196,-0.19223734587964225
0.125,2.6249072498487505,3.0345585517294698,15.470185989460532,-0.19223734587964225
0.13,2.645694591756355,3.18200198234005,15.303901942449437,-0.19223734587964225
0.135,2.672780403109821,3.331955349974901,15.143391959250678,-0.19223734587964225
0.14,2.7053784538378274,3.485406655592613,14.985897889569626,-0.19223734587964225
0.145,2.7438138277669126,3.6422032065122325,14.832357599600638,-0.19223734587964225
0.15,2.789497988495026,3.8024045477654815,14.684391292911142,-0.19223734587964225
0.155,2.8394494191982895,3.9678180176631126,14.540409250501016,-0.19223734587964225
0.16,2.8965069043954164,4.138623099636139,14.402510991429425,-0.19223734587964225
0.165,2.9589722968771333,4.313263414403709,14.270388055809756,-0.19223734587964225
0.17,3.026230270477027,4.49448947956782,14.143291873338239,-0.19223734587964225
0.17500000000000002,3.0997165596308096,4.681917407930124,14.02278575319043,-0.19223734587964225
0.18,3.1782017887215726,4.873708700587786,13.908359209553296,-0.19223734587964225
0.185,3.26335560804503,5.073385317127416,13.801543651120987,-0.19223734587964225
0.19,3.355443592857773,5.278628969355611,13.700865964792689,-0.19223734587964225
0.195,3.4525763308759227,5.492380503890293,13.607676382784188,-0.19223734587964225
0.2,3.555376433990334,5.712878718760109,13.519489014748743,-0.19223734587964225
0.20500000000000002,3.6636628467423336,5.940910898979283,13.440852716083816,-0.19223734587964225
0.21,3.7774131783541787,6.1761890242501645,13.371518387762201,-0.19223734587964225
0.215,3.8974862217533683,6.419999106009734,13.30975296931185,-0.19223734587964225
0.22,4.023109196154076,6.67322809871347,13.257689611039895,-0.19223734587964225
0.225,4.156223820442951,6.934931177293134,13.214756753265906,-0.19223734587964225
0.23,4.2949884000521585,7.206528326550661,13.182712991286603,-0.19223734587964225
0.23500000000000001,4.440118005036846,7.487161038284469,13.161428525115559,-0.19223734587964225
0.24,4.59215441273558,7.777342798032551,13.152103264939258,-0.19223734587964225
0.245,4.750804145138937,8.077481146744988,13.156543083247866,-0.19223734587964225
0.25,4.916857408748804,8.388746298209815,13.172755810737428,-0.19223734587964225
0.255,5.090086279719273,8.710664527971845,13.20302950656205,-0.19223734587964225
0.26,5.271584351668994,9.042578221242321,13.249128588855573,-0.19223734587964225
0.265,5.460244547466034,9.384974747689876,13.310414588829206,-0.19223734587964225
0.27,5.656010145338625,9.737971798973568,13.38815545111641,-0.19223734587964225
0.275,5.86049013432105,10.10152773057746,13.484707379843963,-0.19223734587964225
0.28,6.071955383743832,10.475241404116735,13.601640480422981,-0.19223734587964225
0.28500000000000003,6.2903475319604905,10.85801409420191,13.736924970100159,-0.19223734587964225
0.29,6.5193549365018715,11.250115771932913,13.894659148908623,-0.19223734587964225
0.295,6.756396452538593,11.653567673656154,14.075571470230706,-0.19223734587964225
0.3,7.000794282217757,12.064648937201243,14.281008521324251,-0.19223734587964225
0.305,7.254130779942559,12.484270930239331,14.51305261962474,-0.19223734587964225
0.31,7.515142527197025,12.909433791674997,14.772996481954245,-0.19223734587964225
0.315,7.784211207238786,13.342155292113574,15.061303087421212,-0.19223734587964225
0.32,8.061093649206692,13.777738867415312,15.379558852205749,-0.19223734587964225
0.325,8.347063407378805,14.217334266067478,15.728905619374421,-0.19223734587964225
0.33,8.641739732558223,14.657833148698963,16.112890996486893,-0.19223734587964225
0.335,8.943945371041492,15.096631572046979,16.52998099947351,-0.19223734587964225
0.34,9.253116958148869,15.533292894506925,16.98468556438435,-0.19223734587964225
0.34500000000000003,9.567353651832079,15.965020560819125,17.476725854510395,-0.19223734587964225
0.35000000000000003,9.88654404028379,16.38817416633063,18.007604260258343,-0.19223734587964225
0.355,10.212531510078877,16.79924019123369,18.57712965697483,-0.19223734587964225
0.36,10.542269681630183,17.19489801898713,19.18657392939398,-0.19223734587964225
0.365,10.875419097733394,17.571817280389368,19.835128827822032,-0.19223734587964225
0.37,11.210556787925428,17.92843369752616,20.52662908664767,-0.19223734587964225
0.375,11.54711592947573,18.25712331581171,21.25839829631623,-0.19223734587964225
0.38,11.883893115018443,18.553395755014996,22.029251082472292,-0.19223734587964225
0.385,12.21657420700072,18.813750746848125,22.838919900934822,-0.19223734587964225
0.39,12.546594552931627,19.03518460529368,23.68364428448806,-0.19223734587964225
0.395,12.871895978479595,19.209573444546862,24.561646163025404,-0.19223734587964225
0.4,13.188948385975971,19.33489605450416,25.470312397044225,-0.19223734587964225
0.405,13.496340753984773,19.403378903411266,26.405873336235317,-0.19223734587964225
0.41000000000000003,13.79161450233112,19.413255101363955,27.364157372769913,-0.19223734587964225
0.41500000000000004,14.07377287634331,19.358057856704814,28.338511561768538,-0.19223734587964225
0.42,14.337808709504491,19.236469157566273,29.322860901682933,-0.19223734587964225
0.425,14.582173062350998,19.043888314148468,30.31150340665768,-0.19223734587964225
0.43,14.80633231112708,18.779236104938857,31.295317377247958,-0.19223734587964225
0.435,15.005550589012726,18.439978548826844,32.26817462294799,-0.19223734587964225
0.44,15.177226497524513,18.026678635357307,33.221261507180664,-0.19223734587964225
0.445,15.319495443862765,17.538368184602326,34.146987337419475,-0.19223734587964225
0.45,15.430289123628544,16.977857846154397,35.034862852298666,-0.19223734587964225
0.455,15.507385937295165,16.349516211108032,35.87780692045163,-0.19223734587964225
0.46,15.549676494494824,15.654766107895943,36.66685537576516,-0.19223734587964225
0.465,15.555202860129363,14.901623579886468,37.39562265111252,-0.19223734587964225
0.47000000000000003,15.52230129219996,14.095018891664939,38.055580533548216,-0.19223734587964225
0.47500000000000003,15.451851149175544,13.243305284144736,38.642100422721704,-0.19223734587964225
0.48,15.341920235639359,12.35364115060084,39.151177293937515,-0.19223734587964225
0.485,15.193032856022501,11.436216898134013,39.57737963092146,-0.19223734587964225
0.49,15.004915745915056,10.498318856801701,39.919280187780345,-0.19223734587964225
0.495,14.779534342097117,9.550738551205955,40.17363047536526,-0.19223734587964225
0.5,14.517808417276111,8.602263153514972,40.34338111008138,-0.19223734587964225
0.505,14.221984887422378,7.662252168744842,40.42907009928287,-0.19223734587964225
0.51,13.893704195687102,6.738756657083366,40.43488687945027,-0.19223734587964225
0.515,13.536300203675676,5.839746464839366,40.36406538864184,-0.19223734587964225
0.52,13.150995876482575,4.972739951854318,40.220593263921685,-0.19223734587964225
0.525,12.742958440292037,4.143548744486088,40.01283458238674,-0.19223734587964225
0.53,12.312793304701799,3.35752061270654,39.74429433051912,-0.19223734587964225
0.535,11.86388889874269,2.6173989070419674,39.42070874041234,-0.19223734587964225
0.54,11.400827414830264,1.9258007522608982,39.05009376801267,-0.19223734587964225
0.545,10.926756324400301,1.285602440490609,38.63958643591349,-0.19223734587964225
0.55,10.444087605156255,0.6969406833438003,38.19414236191462,-0.19223734587964225
0.555,9.956591563828484,0.15931761314124082,37.72013059217614,-0.19223734587964225
0.56,9.466901165246174,-0.32589483139108466,37.2255663125625,-0.19223734587964225
0.5650000000000001,8.977425857255161,-0.7626817120151588,36.7138491849279,-0.19223734587964225
0.5700000000000001,8.489702488750396,-1.1513551773108979,36.19008731919367,-0.19223734587964225
0.5750000000000001,8.00696402015082,-1.4938707718232311,35.65961506207864,-0.19223734587964225
0.58,7.5314959867615325,-1.7927229334443828,35.12441667803314,-0.19223734587964225
0.585,7.065608607171947,-2.0530816956583298,34.587969734651196,-0.19223734587964225
0.59,6.609940950156549,-2.2761613632740505,34.05406891475045,-0.19223734587964225
0.595,6.16555253270848,-2.466688259674276,33.525176445550805,-0.19223734587964225
0.6,5.734098368545235,-2.6260565855877767,33.00191266323773,-0.19223734587964225
0.605,5.31600717689379,-2.757101037281058,32.4850733581652,-0.19223734587964225
0.61,4.910369770300651,-2.862834407116757,31.9780973345071,-0.19223734587964225
0.615,4.521135336006277,-2.9464132881052776,31.481475735694147,-0.19223734587964225
0.62,4.148207591822631,-3.012670111560945,30.995931300199576,-0.19223734587964225
0.625,3.7900853144185285,-3.0599041469804154,30.518858169631464,-0.19223734587964225
0.63,3.4473961865693856,-3.0922692567799657,30.053944040720033,-0.19223734587964225
0.635,3.120985231461963,-3.1128852920543197,29.59960521616661,-0.19223734587964225
0.64,2.809725239093464,-3.1236955808565874,29.15598527883332,-0.19223734587964225
0.645,2.5132584788456245,-3.12543819804133,28.723207511796787,-0.19223734587964225
0.65,2.232275396875741,-3.1203299885057834,28.30066552739247,-0.19223734587964225
0.655,1.9642528606369627,-3.1077968689155435,27.88927461071755,-0.19223734587964225
0.66,1.710540610727875,-3.092209513576647,27.486052023469384,-0.19223734587964225
0.665,1.4705586527854522,-3.0724117555253057,27.092269788886576,-0.19223734587964225
0.67,1.2428024948397531,-3.051563424662201,26.70616539678673,-0.19223734587964225
0.675,1.0270928610851657,-3.029197824386185,26.33179377952889,-0.19223734587964225
0.68,0.8235537385845167,-3.005770315438293,25.965916547957995,-0.19223734587964225
0.685,0.632736052848198,-2.982147812608029,25.606965702715385,-0.19223734587964225
0.6900000000000001,0.45131217236596743,-2.960592253708456,25.254602012008256,-0.19223734587964225
0.6950000000000001,0.2796064400572711,-2.9399171844327574,24.911503127996998,-0.19223734587964225
0.7000000000000001,0.11906346230343606,-2.922325912684519,24.574069903448617,-0.19223734587964225
0.705,-0.03296698288668801,-2.9076598052173286,24.244044408627346,-0.19223734587964225
0.71,-0.17734002352891123,-2.894707521928144,23.920789383516677,-0.19223734587964225
0.715,-0.31415248738826285,-2.884474846327642,23.604314979346093,-0.19223734587964225
0.72,-0.4426073296316031,-2.8794363233960363,23.294073808131667,-0.19223734587964225
0.725,-0.563508669942982,-2.8767351920624975,22.989500586904494,-0.19223734587964225
0.73,-0.6796791904380534,-2.876386835192354,22.691885879765376,-0.19223734587964225
0.735,-0.7897787193201427,-2.8817919160848597,22.39848597509236,-0.19223734587964225
0.74,-0.8953765343978588,-2.890420689195586,22.112156487078224,-0.19223734587964225
0.745,-0.9945416819488788,-2.903178275008417,21.829447283561564,-0.19223734587964225
0.75,-1.0904276909513415,-2.921059717182251,21.55314999090066,-0.19223734587964225
0.755,-1.1821303022537961,-2.942116085625545,21.281805331203735,-0.19223734587964225
0.76,-1.270151827505279,-2.968560150139041,21.01411358630172,-0.19223734587964225
0.765,-1.355678890635993,-3.000394861230999,20.752657485852495,-0.19223734587964225
0.77,-1.4368742415756206,-3.0361622467636504,20.495362802183205,-0.19223734587964225
0.775,-1.5163857006749375,-3.075804605282447,20.244562466283867,-0.19223734587964225
0.78,-1.595506810164767,-3.120935587036753,19.997408145295026,-0.19223734587964225
0.785,-1.6713371685446259,-3.171417743537276,19.75604107719771,-0.19223734587964225
0.79,-1.745971809622857,-3.224909737072546,19.5206384235225,25.689299378119955
0.795,-1.8185290145386546,-3.154661062217081,19.289194222527385,25.689299378119955
0.8,-1.8849176928674907,-3.0894476095275922,19.059567625974953,25.689299378119955
0.805,-1.9442150297653555,-3.0298330833799585,18.83398618661134,25.689299378119955
0.81,-1.9987152435278923,-2.9749113305141104,18.61204580018248,25.689299378119955
0.8150000000000001,-2.047733259040954,-2.9253915113451887,18.394550465573992,25.689299378119955
0.8200000000000001,-2.091570746571919,-2.8804371441332544,18.179266143829036,25.689299378119955
0.8250000000000001,-2.1312320560340385,-2.8407287068628917,17.96595114819544,25.689299378119955
0.8300000000000001,-2.167675074257677,-2.805418744281259,17.755806852038383,25.689299378119955
0.835,-2.1997496643607097,-2.774636185576328,17.551252909954464,25.689299378119955
0.84,-2.2277451474560204,-2.746373255082624,17.34738706982728,25.689299378119955
0.845,-2.2530509897925364,-2.722374205080141,17.146505841509807,25.689299378119955
0.85,-2.2754716226312484,-2.7026902302039795,16.947005138914868,25.689299378119955
0.855,-2.2962775147020738,-2.6856059894965867,16.752335265226517,25.689299378119955
0.86,-2.316002271580729,-2.673927638258418,16.55859873109366,25.689299378119955
0.865,-2.3334221634283354,-2.664985238353546,16.368017885407525,25.689299378119955
0.87,-2.349576539282469,-2.6590356391554333,16.18055770149647,25.689299378119955
0.875,-2.363869914543706,-2.6566394570316127,15.996557005163005,25.689299378119955
0.88,-2.379439247096453,-2.6565204484260634,15.815690662991456,25.689299378119955
0.885,-2.393049408470162,-2.659551227517981,15.63687170374781,25.689299378119955
0.89,-2.4057198410079974,-2.664417694454913,15.45977368531817,25.689299378119955
0.895,-2.419052669225245,-2.673408365149721,15.283872328587007,25.689299378119955
0.9,-2.4322492590597706,-2.6850948168039324,15.112950967578158,25.689299378119955
0.905,-2.4438144703602056,-2.699584794319483,14.942999743140907,25.689299378119955
0.91,-2.45751727464777,-2.717461562257018,14.776374558157814,25.689299378119955
0.915,-2.4708302173405836,-2.7392986572302034,14.61236777768898,25.689299378119955
0.92,-2.4834714787201557,-2.761597831339222,14.450776953711424,25.689299378119955
0.925,-2.4980215110938406,-2.7868741435961617,14.292449833633409,25.689299378119955
0.93,-2.511794746359926,-2.8165323340909043,14.137816775325682,25.689299378119955
0.935,-2.5265991022706853,-2.848465404593392,13.985793371175214,25.689299378119955
0.9400000000000001,-2.5425384504889337,-2.8833772802624686,13.835274982983327,25.689299378119955
0.9450000000000001,-2.561116177823675,-2.920706212559035,13.68863350314637,25.689299378119955
0.9500000000000001,-2.5777589408743267,-2.961252930335287,13.542348422051244,25.689299378119955
0.9550000000000001,-2.596624883404294,-3.0042847991512294,13.39930680363635,25.689299378119955
0.96,-2.616579313293725,-3.0515814366131537,13.259447906396836,25.689299378119955
0.965,-2.638874334641747,-3.10098483792179,13.12283364892713,25.689299378119955
0.97,-2.663502361340951,-3.1532234545272355,12.988672336174993,25.689299378119955
0.975,-2.6867433639102476,-3.2091125438226396,12.857796603830481,25.689299378119955
0.98,-2.7132529433373547,-3.2685434398272175,12.730085792766742,25.689299378119955
0.985,-2.7416644580285108,-3.330924121612758,12.605204700604867,25.689299378119955
0.99,-2.7716563273184693,-3.397919037526541,12.482915049482921,25.689299378119955
0.995,-2.802654769223747,-3.4675508429151343,12.36309960809989,25.689299378119955
1.0,-2.835768125478759,-3.540455516312672,12.24701644050818,25.689299378119955
1.0050000000000001,-2.871151727404045,-3.6184861024952046,12.135142792672271,25.689299378119955
1.01,-2.908091448022302,-3.700388876694807,12.025842214840191,25.689299378119955
1.0150000000000001,-2.9467518455246746,-3.78601727232348,11.919439682502027,25.689299378119955
1.02,-2.9883808015873123,-3.8756216368570553,11.815852180548205,25.689299378119955
1.025,-3.0331808602547596,-3.9697786672742046,11.715293748272542,25.689299378119955
1.03,-3.0794130754675977,-4.068738145668213,11.619174302084728,25.689299378119955
1.035,-3.128217205988288,-4.172957209922084,11.526371948322192,25.689299378119955
1.04,-3.1809516402455245,-4.280422448033117,11.437075585382164,25.689299378119955
1.045,-3.236386465284234,-4.393353868161342,11.353204148846823,25.689299378119955
1.05,-3.293192775246167,-4.511807247547394,11.272748613610915,25.689299378119955
1.055,-3.3538873687455646,-4.636393879323343,11.196270758625253,25.689299378119955
1.06,-3.417338429513213,-4.766093143170968,11.12482253557926,25.689299378119955
1.065,-3.483560469736745,-4.90167355863657,11.05798616500062,25.689299378119955
1.07,-3.554246331495918,-5.04396950905574,10.99641539954163,25.689299378119955
1.075,-3.6284229959407845,-5.191843394549004,10.939770083113078,25.689299378119955
1.08,-3.7064863194882727,-5.3468340703817505,10.887336507418333,25.689299378119955
1.085,-3.7897547802557057,-5.509764979356125,10.84164075113059,25.689299378119955
1.09,-3.875367692407973,-5.678016227035659,10.801727493733196,25.689299378119955
1.095,-3.9665972771031064,-5.854984347409383,10.76932289822389,25.689299378119955
1.1,-4.060802798048563,-6.039385349725782,10.741625272436675,25.689299378119955
1.105,-4.160579356173937,-6.232095567510315,10.721285100666346,25.689299378119955
1.11,-4.263939830855397,-6.431978401749314,10.706906148623863,25.689299378119955
1.115,-4.371532032969083,-6.639333154085845,10.700705094910582,25.689299378119955
1.12,-4.484471178024366,-6.854907138494415,10.704500113703945,25.689299378119955
1.125,-4.6042919718961945,-7.079188813287858,10.715116016360518,25.689299378119955
1.1300000000000001,-4.728368149644902,-7.313894435326974,10.736716947232258,25.689299378119955
1.135,-4.857810101094332,-7.557668072018721,10.766496525067646,25.689299378119955
1.1400000000000001,-4.9932582413529785,-7.809579813780938,10.805824033641292,25.689299378119955
1.145,-5.134187178562233,-8.07119522992607,10.857694845015928,25.689299378119955
1.1500000000000001,-5.280366100798002,-8.342853606737705,10.919192827160483,25.689299378119955
1.155,-5.43264899511343,-8.623357024363948,10.995698262442923,25.689299378119955
1.16,-5.592524022016602,-8.913763801039412,11.082575439317887,25.689299378119955
1.165,-5.758685207061566,-9.213603703364978,11.184005783110853,25.689299378119955
1.17,-5.931209451313177,-9.524009563781867,11.298614386609554,25.689299378119955
1.175,-6.111988193019947,-9.843754290230901,11.43084320163619,25.689299378119955
1.18,-6.299284960936992,-10.17175569244733,11.578355507081442,25.689299378119955
1.185,-6.492376107926528,-10.51001893401987,11.744009622477767,25.689299378119955
1.19,-6.693034411784962,-10.857291531195873,11.929488254909625,25.689299378119955
1.195,-6.901548271776747,-11.212689820928508,12.134013539176296,25.689299378119955
1.2,-7.117598475399498,-11.575767960026509,12.358653087435169,25.689299378119955
1.205,-7.34020756559177,-11.945808898135391,12.605497083467455,25.689299378119955
1.21,-7.570927142338436,-12.321713603017901,12.87614549345688,25.689299378119955
1.215,-7.805965497476352,-12.704235786401485,13.171622618924705,25.689299378119955
1.22,-8.050655703386987,-13.091202027515255,13.491121351737846,25.689299378119955
1.225,-8.302523372654383,-13.481957254114137,13.838890734166938,25.689299378119955
1.23,-8.562097469262739,-13.874085035571229,14.213660719813344,25.689299378119955
1.235,-8.82833957977135,-14.267824473607376,14.618372579973082,25.689299378119955
1.24,-9.101418597722688,-14.659048568228034,15.053239923644853,25.689299378119955
1.245,-9.378022565013493,-15.047403037795794,15.520752550834747,25.689299378119955
1.25,-9.661926289570971,-15.42795629876587,16.018818585840208,25.689299378119955
1.2550000000000001,-9.94903951179362,-15.800827666322679,16.549808507866473,25.689299378119955
1.26,-10.240825579520164,-16.16338636167977,17.116225736332837,25.689299378119955
1.2650000000000001,-10.538310169762859,-16.511482498040348,17.716011676258027,25.689299378119955
1.27,-10.83640283153343,-16.842339352117165,18.350201711209984,25.689299378119955
1.2750000000000001,-11.136124416303945,-17.15195252035086,19.01815328475378,25.689299378119955
1.28,-11.436674405962473,-17.437769776253955,19.719491741944363,25.689299378119955
1.285,-11.736643228886287,-17.696071603010598,20.453063340238884,25.689299378119955
1.29,-12.034119381663599,-17.9221024888807,21.218360702969967,25.689299378119955
1.295,-12.327611817571853,-18.112060090943327,22.01429063315731,25.689299378119955
1.3,-12.616969069887912,-18.262408051784394,22.836161075385178,25.689299378119955
1.305,-12.897833984231879,-18.36803247657044,23.683512771298656,25.689299378119955
1.31,-13.170577476708026,-18.42605709539146,24.55227051602657,25.689299378119955
1.315,-13.434063424021456,-18.43314949862616,25.43830143871857,25.689299378119955
1.32,-13.684614294990288,-18.385064316242275,26.335136935577413,25.689299378119955
1.325,-13.921383547512104,-18.278237986333977,27.24224483855907,25.689299378119955
1.33,-14.139101833729573,-18.111726000430558,28.151496288972343,25.689299378119955
1.335,-14.337797921550052,-17.881922129670276,29.057287401775298,25.689299378119955
1.34,-14.515428834072784,-17.58892063022033,29.951955872964277,25.689299378119955
1.345,-14.671639191661535,-17.229576896098333,30.829221596520693,25.689299378119955
1.35,-14.798604818931672,-16.808660204109877,31.681594987382915,25.689299378119955
1.355,-14.89869759786129,-16.32338967722677,32.50264794030482,25.689299378119955
1.36,-14.970703206427855,-15.777963643002787,33.28409650926802,25.689299378119955
1.365,-15.012370623993245,-15.175420157726393,34.02203449129903,25.689299378119955
1.37,-15.019643966921334,-14.518563659493584,34.70665967791029,25.689299378119955
1.375,-14.994432712464663,-13.81413962730383,35.33379889551909,25.689299378119955
1.3800000000000001,-14.935121747553692,-13.066719922958576,35.89867270285718,25.689299378119955
1.385,-14.841585317092482,-12.281862787785828,36.39562095933037,25.689299378119955
1.3900000000000001,-14.714217843470955,-11.467465156057147,36.822550629099695,25.689299378119955
1.395,-14.551946942758118,-10.632367223172006,37.17473250753095,25.689299378119955
1.4000000000000001,-14.356139260444689,-9.783511033206402,37.451604971299396,25.689299378119955
1.405,-14.128041645830164,-8.927603032082219,37.65498555894243,25.689299378119955
1.41,-13.869150863915218,-8.072319825825648,37.78372646123071,25.689299378119955
1.415,-13.57955164472505,-7.224571699771363,37.84000143887326,25.689299378119955
1.42,-13.261821766993597,-6.391745761385298,37.825916851847886,25.689299378119955
1.425,-12.919972127857125,-5.581135435826979,37.747222196717985,25.689299378119955
1.43,-12.553058373387978,-4.794782004545495,37.60440192069892,25.689299378119955
1.435,-12.164936148312464,-4.040292792480014,37.40315786122142,25.689299378119955
1.44,-11.75900108742048,-3.320096008276631,37.15051414307263,25.689299378119955
1.445,-11.338050653535742,-2.637015520244283,36.85003112205868,25.689299378119955
1.45,-10.903797428924435,-1.9935700630481648,36.50764190723218,25.689299378119955
1.455,-10.457909056698428,-1.3914319055137625,36.12868717785966,25.689299378119955
1.46,-10.004330519297225,-0.8314919526334642,35.71910944877245,25.689299378119955
1.465,-9.545488651905096,-0.3125608066958585,35.28342005659576,25.689299378119955
1.47,-9.083525280908134,0.16582787092325363,34.82726990073257,25.689299378119955
1.475,-8.620523303376032,0.6027257544558415,34.35531613332025,25.689299378119955
1.48,-8.158771243794826,1.002949060352514,33.871095946032106,25.689299378119955
1.485,-7.700262720480999,1.3657993282444634,33.376941815491975,25.689299378119955
1.49,-7.247196081661139,1.695179385051251,32.878809759580314,25.689299378119955
1.495,-6.800510978376852,1.9910653240825864,32.37878006773121,25.689299378119955
1.5,-6.361352631932741,2.2580625628465354,31.879313375533513,25.689299378119955
1.5050000000000001,-5.930432282773025,2.4978336101094247,31.382287616302836,25.689299378119955
1.51,-5.508750058864,2.713271199996545,30.8893732970369,25.689299378119955
1.5150000000000001,-5.097797087026166,2.9075620556337793,30.40209300615149,25.689299378119955
1.52,-4.697692454067133,3.0816864269845734,29.92295525901657,25.689299378119955
1.5250000000000001,-4.31000391544597,3.2405121579469043,29.452189160660108,25.689299378119955
1.53,-3.9329918976302842,3.3831957526176697,28.99077916644311,25.689299378119955
1.5350000000000001,-3.5660069842121005,3.5142662646608662,28.537724412056516,25.689299378119955
1.54,-3.212455722138536,3.635784108241788,28.09356298441147,25.689299378119955
1.545,-2.870039833975573,3.7473266981435205,27.66028343447987,25.689299378119955
1.55,-2.540073462357395,3.8525471010746752,27.237027680233613,25.689299378119955
1.555,-2.2198848213413243,3.952361563288698,26.826316293698458,25.689299378119955
1.56,-1.9122670883255082,4.047925159204179,26.424573328425687,25.689299378119955
1.565,-1.6145065990350969,4.141553332470968,26.03466216032815,25.689299378119955
1.57,-1.3271999656879738,4.233287546818602,25.65421819281966,25.689299378119955
1.575,-1.0497624852776797,4.323972089509353,25.28307511220748,25.689299378119955
1.58,-0.7803744016454011,4.416470584490881,24.9236240631122,25.689299378119955
1.585,-0.5205041218441324,4.509901853799278,24.573234312800235,25.689299378119955
1.59,-0.27006487541679486,4.607441848688441,24.233782437663038,25.689299378119955
1.595,-0.02690794976094596,4.707312454706164,23.90351655584026,25.689299378119955
1.6,0.20918361600837335,4.81167313877167,23.5846422838809,25.689299378119955
1.605,0.4386166471523436,4.921748999024829,23.27620262164588,25.689299378119955
1.61,0.66162493825246,5.035370164484251,22.977020191412265,25.689299378119955
1.615,0.8804559600098598,5.154920006168837,22.688199676123208,25.689299378119955
1.62,1.0951415247835767,5.280835796082155,22.408576871499722,25.689299378119955
1.625,1.3049543492002835,5.413463667419869,22.138928238662174,25.689299378119955
1.6300000000000001,1.5110881625258679,5.553207739567263,21.877193501490265,25.689299378119955
1.635,1.7131096447756726,5.700098470754349,21.628168446375835,25.689299378119955
1.6400000000000001,1.9126029022075626,5.854738644053037,21.389588072828854,25.689299378119955
1.645,2.109718558169937,6.016666054998951,21.159543911227253,25.689299378119955
1.6500000000000001,2.304434463586206,6.187291888573387,20.941637897112933,25.689299378119955
1.655,2.4998320874869586,6.366690731942751,20.734341778480765,25.689299378119955
1.6600000000000001,2.693508352585159,6.554042039527906,20.537893826288105,25.689299378119955
1.665,2.887021761079143,6.750499832244571,20.352213344217287,25.689299378119955
1.67,3.081568885652973,6.955434692951963,20.179282778061538,25.689299378119955
1.675,3.2752545910346065,7.169071296441847,20.016211897830807,25.689299378119955
1.68,3.469814134631212,7.391373040976515,19.866218159918468,25.689299378119955
1.685,3.664732159120628,7.623404986260882,19.730264642035568,25.689299378119955
1.69,3.8615511199381474,7.866358725124512,19.605648195771398,25.689299378119955
1.695,4.061982645913636,8.118266047119171,19.497031353554174,25.689299378119955
1.7,4.2653343053943065,8.379271311944649,19.401451900097573,25.689299378119955
1.705,4.471613131190732,8.650592916245305,19.320956989985707,25.689299378119955
1.71,4.6810867077803895,8.930378700627378,19.25814957826361,25.689299378119955
1.715,4.8946469406371325,9.21817256695741,19.209697672944642,25.689299378119955
1.72,5.111147038382478,9.514541564105855,19.17948024855084,25.689299378119955
1.725,5.330994452565831,9.819739286391927,19.16594220875859,25.689299378119955
1.73,5.556240615264602,10.135617218177028,19.171164859502902,25.689299378119955
1.735,5.785004967760542,10.459272326776647,19.196330728713228,25.689299378119955
1.74,6.01947613230705,10.789970785084485,19.2428561231561,25.689299378119955
1.745,6.257675631879612,11.127892794209762,19.30964958438168,25.689299378119955
1.75,6.500603869820059,11.472473178178593,19.400796385239296,25.689299378119955
1.7550000000000001,6.749274252425214,11.823775140926237,19.51544934389471,25.689299378119955
1.76,7.004369535196161,12.18055754875645,19.65468713115589,25.689299378119955
1.7650000000000001,7.263565094405351,12.5400659828734,19.817817333160963,25.689299378119955
1.77,7.52646319637773,12.903772788164769,20.00821521797932,25.689299378119955
1.7750000000000001,7.796461668855525,13.269159610236926,20.22642782131318,25.689299378119955
1.78,8.070226619915683,13.635543181746133,20.47317101940884,25.689299378119955
1.7850000000000001,8.347435170683301,13.9994245971074,20.750819906287408,25.689299378119955
1.79,8.629982590482786,14.360178528422741,21.05858500987579,25.689299378119955
1.795,8.916561240660762,14.71547145506926,21.396373801182264,25.689299378119955
1.8,9.207000226163254,15.06422836767778,21.76678152036535,25.689299378119955
1.805,9.499227099797945,15.403278772860915,22.170746877087794,25.689299378119955
1.81,9.793250229508415,15.731048808889678,22.60634175251565,25.689299378119955
1.815,10.09071737058601,16.044398910402045,23.075046023447314,25.689299378119955
1.82,10.388280440659717,16.341031157279964,23.57737123917588,25.689299378119955
1.825,10.686986383555935,16.61810409410531,24.11253206376936,25.689299378119955
1.83,10.984809591096184,16.871055457493952,24.679918596683923,25.689299378119955
1.835,11.280953021901718,17.09643375032395,25.27668985037047,25.689299378119955
1.84,11.571751929500127,17.293648295939242,25.903252523218647,25.689299378119955
1.845,11.857626025615053,17.456863199151844,26.559757815504824,25.689299378119955
1.85,12.137269715027184,17.58212203837178,27.240066989205324,25.689299378119955
1.855,12.410694615107893,17.66965535195292,27.941879457335585,25.689299378119955
1.86,12.67333031817463,17.713155589267863,28.665685945310663,25.689299378119955
1.865,12.925477298391742,17.709383752308085,29.406273990170927,25.689299378119955
1.87,13.16466471506811,17.659443798552818,30.157897048932544,25.689299378119955
1.875,13.389376772757124,17.55875228906836,30.9173356331611,25.689299378119955
1.8800000000000001,13.59823893014699,17.404147658149633,31.68155835670178,25.689299378119955
1.885,13.788084514280238,17.194793974377486,32.443121481165484,25.689299378119955
1.8900000000000001,13.95837298868102,16.9309087414981,33.19475237981991,25.689299378119955
1.895,14.107521698742168,16.61078783533566,33.93390931849656,25.689299378119955
1.9000000000000001,14.232076887254916,16.23798005782864,34.65236303257597,25.689299378119955
1.905,14.331524507721772,15.811499892316645,35.345270300978044,25.689299378119955
1.9100000000000001,14.404387479503821,15.335905617053218,36.0079293078917,25.689299378119955
1.915,14.450947352068788,14.810888983981064,36.63167672119321,25.689299378119955
1.92,14.468572468342519,14.241237706846075,37.21261765491012,25.689299378119955
1.925,14.457845671402058,13.631300399424019,37.74671323813781,25.689299378119955
1.93,14.415993299639663,12.987080738562794,38.227952174064214,25.689299378119955
1.935,14.34443499556447,12.314030374620623,38.653526763473835,25.689299378119955
1.94,14.242459109590218,11.617512584593358,39.02226718922415,25.689299378119955
1.945,14.112198929010432,10.903190533357757,39.328656656033374,25.689299378119955
1.95,13.951711098015732,10.178416763802085,39.573225832204464,25.689299378119955
1.955,13.762099264397575,9.448738732067511,39.755407501857036,25.689299378119955
1.96,13.546667423636647,8.719913378611547,39.87664182031412,25.689299378119955
1.965,13.304164726596317,8.001839809791239,39.93490141448875,25.689299378119955
1.97,13.038661974788287,7.2960596724272815,39.93512647038731,25.689299378119955
1.975,12.753509016741313,6.609649362159031,39.87930776434125,25.689299378119955
1.98,12.445673676381382,5.9469212709251815,39.76943010910116,25.689299378119955
1.985,12.120388743620685,5.313700111258625,39.60911649295497,25.689299378119955
1.99,11.780347763356566,4.711138809857196,39.40298121148648,25.689299378119955
1.995,11.427703433884432,4.144261214384822,39.15535889144281,25.689299378119955
2.0,11.064228849726168,3.614260148094692,38.86965578891936,25.689299378119955
2.005,10.6921674981307,3.123979046755891,38.5515959908549,25.689299378119955
2.0100000000000002,10.313651714845868,2.6732740698210824,38.20429219608304,25.689299378119955
2.015,9.931078064579395,2.262230826291179,37.83376977514638,25.689299378119955
2.02,9.54784903243797,1.8918368732137523,37.441589365548126,25.689299378119955
2.025,9.165303896615477,1.559170962695834,37.03280951910664,25.689299378119955
2.0300000000000002,8.784610368737429,1.2650854679431578,36.6096047777088,25.689299378119955
2.035,8.408604279783974,1.0076846541689082,36.17708013817616,25.689299378119955
2.04,8.038031633968966,0.7871983870105708,35.73719230288407,25.689299378119955
2.045,7.675918207746865,0.6019550475639142,35.29248524414846,25.689299378119955
2.05,7.322907121089994,0.44734360809584517,34.844462645591186,25.689299378119955
2.055,6.978320518467489,0.3226603542127269,34.395880199325276,25.689299378119955
2.06,6.644853401225534,0.22665201796389187,33.94901411761764,25.689299378119955
2.065,6.3239989495390585,0.15609379198294282,33.501865599406116,25.689299378119955
2.07,6.016135099298644,0.11074210644057988,33.061296257598556,25.689299378119955
2.075,5.721572108705233,0.08660625089663702,32.623232117306266,25.689299378119955
2.08,5.438455566656167,0.08262346198691142,32.19109344881362,25.689299378119955
2.085,5.172091212181037,0.09720899515006096,31.762885831010124,25.689299378119955
2.09,4.918179712864758,0.12656931667420793,31.341518381350205,25.689299378119955
2.095,4.677350380483944,0.1719132623122264,30.925663475196203,25.689299378119955
2.1,4.451975669851042,0.23040662026970893,30.51506418764981,25.689299378119955
2.105,4.241651280725969,0.30244629219224706,30.113020464083945,25.689299378119955
2.11,4.045378283799197,0.38492119723886326,29.71886487015459,25.689299378119955
2.115,3.861877477379259,0.47784752983547313,29.32989018303514,25.689299378119955
2.12,3.692311057963959,0.5779672137870582,28.94776441484867,25.689299378119955
2.125,3.5356144291906504,0.6864066636085476,28.5736286315337,25.689299378119955
2.13,3.393087217305173,0.8017570489289272,28.203660130038873,25.689299378119955
2.1350000000000002,3.262924769450525,0.9217265657989412,27.839895095416146,25.689299378119955
2.14,3.1455549361972497,1.0466974674017475,27.4832306260498,25.689299378119955
2.145,3.0412209810442263,1.1784985676265076,27.133264000714153,25.689299378119955
2.15,2.9481411175013905,1.3143888675803046,26.789518085369068,25.689299378119955
2.1550000000000002,2.8654559534850863,1.4534218740405147,26.451959503706764,25.689299378119955
2.16,2.796079900403505,1.5966790323499451,26.120683056529337,25.689299378119955
2.165,2.736823652116605,1.7432416184111459,25.794756132881165,25.689299378119955
2.17,2.6874160401686193,1.8931849914553882,25.47419790235379,25.689299378119955
2.1750000000000003,2.6481551283881135,2.0460898962322065,25.16024736558114,25.689299378119955
2.18,2.619269875053206,2.201540036713258,24.853265404729484,25.689299378119955
2.185,2.5980664911219096,2.3616853677159306,24.550543002780255,25.689299378119955
2.19,2.586479221878554,2.5221046355278296,24.25341069316359,25.689299378119955
2.195,2.5826601096287245,2.6856261720055232,23.961034541883848,25.689299378119955
2.2,2.588148603757852,2.8518837166386724,23.675593467985586,25.689299378119955
2.205,2.600460376628445,3.0230183836931537,23.396148084320544,25.689299378119955
2.21,2.6212974280479413,3.195870848171187,23.12454862288558,25.689299378119955
2.215,2.649602667676208,3.3714849550002635,22.858064042871305,25.689299378119955
2.22,2.685926362535309,3.551126122638183,22.599305591721453,25.689299378119955
2.225,2.728599640678109,3.7336915110347926,22.346215347617242,25.689299378119955
2.23,2.777731035598997,3.9206865161798965,22.098502998378713,25.689299378119955
2.235,2.834288159913573,4.110640314018,21.85933529313885,25.689299378119955
2.24,2.8980204840749058,4.305836270369742,21.626581538624674,25.689299378119955
2.245,2.9677596838288203,4.504569239734291,21.40077102314703,25.689299378119955
2.25,3.0447526438155212,4.707910368061163,21.18186944717447,25.689299378119955
2.255,3.128261859012677,4.915967711339806,20.970665979461536,25.689299378119955
2.2600000000000002,3.2172931115004753,5.129829410994179,20.76781880496062,25.689299378119955
2.265,3.3124902225433335,5.349498211502516,20.57285498533708,25.689299378119955
2.27,3.4137841028475475,5.573225530625639,20.386267070318357,25.689299378119955
2.275,3.521580270824308,5.80288609041846,20.2103573796165,25.689299378119955
2.2800000000000002,3.636556777767573,6.039780483143678,20.04342513792122,25.689299378119955
2.285,3.756534210961741,6.2824911357253574,19.885933484437704,25.689299378119955
2.29,3.884014587064282,6.531747073968101,19.738412597159154,25.689299378119955
2.295,4.016269056614447,6.787729159914507,19.60332401214331,25.689299378119955
2.3000000000000003,4.155061739314179,7.051450015166267,19.47826617969767,25.689299378119955
2.305,4.3002698540864035,7.3212071745689125,19.365898356256935,25.689299378119955
2.31,4.4504428947713075,7.598801778548442,19.265172921453882,25.689299378119955
2.315,4.607203304058126,7.883370917149596,19.177586371561773,25.689299378119955
2.32,4.770601830971051,8.175426269742195,19.104337491663195,25.689299378119955
2.325,4.941272603983176,8.474653942645613,19.044579453802932,25.689299378119955
2.33,5.118110921828827,8.782216277492845,19.000342530131796,25.689299378119955
2.335,5.3005809561053745,9.097946128789502,18.972608827912637,25.689299378119955
2.34,5.490541470137824,9.420423461805301,18.96030347499201,25.689299378119955
2.345,5.686371565347478,9.750049671053556,18.96592221264401,25.689299378119955
2.35,5.890646212251907,10.085239862390376,18.990805380791727,25.689299378119955
2.355,6.099858837852422,10.428315219657367,19.034981408221668,25.689299378119955
2.36,6.3163150955570515,10.778716424570272,19.098865531542756,25.689299378119955
2.365,6.5393370609058845,11.13457046676477,19.184427547120322,25.689299378119955
2.37,6.768303150775608,11.496547421195274,19.293506354286404,25.689299378119955
2.375,7.003473680207165,11.861802373798401,19.425078265801172,25.689299378119955
2.38,7.24635566923199,12.231425198344168,19.581661021895478,25.689299378119955
2.3850000000000002,7.495256926879471,12.603482054416846,19.76338925317052,25.689299378119955
2.39,7.750697960635468,12.979131677156827,19.971640107018192,25.689299378119955
2.395,8.01287892867992,13.3536616944538,20.207612591323834,25.689299378119955
2.4,8.28068042798021,13.728421206860823,20.47425421162067,25.689299378119955
2.4050000000000002,8.553377385669046,14.09993786534075,20.768519669226645,25.689299378119955
2.41,8.831262664153217,14.466740631318318,21.09401112289511,25.689299378119955
2.415,9.113218655597331,14.828771495102162,21.451382671697587,25.689299378119955
2.42,9.398160619825285,15.18099389077859,21.84187328899362,25.689299378119955
2.4250000000000003,9.686840944234373,15.522503183883956,22.264580405899572,25.689299378119955
2.43,9.977109126690879,15.849999909108067,22.71919111718797,25.689299378119955
2.435,10.270670664757585,16.16316177588669,23.208324193977543,25.689299378119955
2.44,10.565671852119236,16.45728179445479,23.727990459498752,25.689299378119955
2.445,10.860361779804053,16.729315575449732,24.281268407418487,25.689299378119955
2.45,11.154123484556711,16.97712244976298,24.865847172363754,25.689299378119955
2.455,11.444789549677537,17.195536976116582,25.48138663706658,25.689299378119955
2.46,11.732695143941385,17.38194982946072,26.124504292342444,25.689299378119955
2.465,12.014463112260906,17.5331449592071,26.795424968329936,25.689299378119955
2.47,12.290429989030178,17.646857492817073,27.489793009654882,25.689299378119955
2.475,12.559647089402674,17.71806791183511,28.208672833234548,25.689299378119955
2.48,12.817695259018649,17.744815478520565,28.944819508059272,25.689299378119955
2.485,13.063294815036326,17.724032299072434,29.69600403642258,25.689299378119955
2.49,13.296418869677701,17.6527771281388,30.457366309535956,25.689299378119955
2.495,13.51354780615671,17.530371609080067,31.223909157873994,25.689299378119955
2.5,13.714918975647421,17.353231466600207,31.992126002051013,25.689299378119955
2.505,13.896676002232521,17.12030521660599,32.75516972016587,25.689299378119955
2.5100000000000002,14.058592073047066,16.833100877250065,33.50767432663131,25.689299378119955
2.515,14.197258983226956,16.490846092285054,34.24478172555074,25.689299378119955
2.52,14.311972205220494,16.093201892510955,34.95824213062979,25.689299378119955
2.525,14.401255625853931,15.642913493845901,35.64453810560372,25.689299378119955
2.5300000000000002,14.462780305631464,15.14149371664678,36.29690834358777,25.689299378119955
2.535,14.496788627705861,14.595626763238496,36.90818459928131,25.689299378119955
2.54,14.501966646324615,14.004848016844058,37.47353003651177,25.689299378119955
2.545,14.476492080730324,13.376712638638079,37.989103506580534,25.689299378119955
2.5500000000000003,14.421670575364663,12.715628405661777,38.450910375147735,25.689299378119955
2.555,14.337418111557087,12.026508378418308,38.855273516193925,25.689299378119955
2.56,14.221799023898583,11.316973204791754,39.199218734857745,25.689299378119955
2.565,14.076428511532685,10.592648080956245,39.480459212660655,25.689299378119955
2.57,13.90165515118838,9.861605576717725,39.700044746820815,25.689299378119955
2.575,13.700804377239743,9.126495695323667,39.85522808836941,25.689299378119955
2.58,13.47258348985831,8.39738912109518,39.9490715014739,25.689299378119955
2.585,13.218285369877286,7.678276819461981,39.983354794953705,25.689299378119955
2.59,12.941594822941344,6.975483060369044,39.95811048017522,25.689299378119955
2.595,12.64356786950393,6.295814893486603,39.87761517886837,25.689299378119955
2.6,12.325327282217321,5.642230852031878,39.743460696674546,25.689299378119955
2.605,11.991393794374368,5.019038284152238,39.56099500022363,25.689299378119955
2.61,11.642887829874168,4.428944023751713,39.33452146484225,25.689299378119955
2.615,11.28218922439101,3.876402361472465,39.06780120221911,25.689299378119955
2.62,10.912569165009133,3.361579691376716,38.765712598768054,25.689299378119955
2.625,10.536766633134043,2.8857059518054076,38.43254822578239,25.689299378119955
2.63,10.15479187786538,2.4489921479884025,38.071510746412535,25.689299378119955
2.6350000000000002,9.769291794445431,2.0536358148162943,37.689522050572755,25.689299378119955
2.64,9.384356253444643,1.6987273115185735,37.28724927409014,25.689299378119955
2.645,9.001128454887876,1.3825689827053587,36.86980876296369,25.689299378119955
2.65,8.618960060511483,1.10414281957553,36.440881501757815,25.689299378119955
2.6550000000000002,8.243565157676063,0.8625334851185378,36.00238634299052,25.689299378119955
2.66,7.8752298160732535,0.6562232855069656,35.55765119770898,25.689299378119955
2.665,7.51475457690193,0.48370850085745015,35.110001404373364,25.689299378119955
2.67,7.164014332879637,0.3434227821042268,34.65992779870284,25.689299378119955
2.6750000000000003,6.823504787381643,0.23179395822941756,34.21135067453548,25.689299378119955
2.68,6.493643742292966,0.14755331463480514,33.763103143473664,25.689299378119955
2.685,6.176816580660135,0.08858774745274334,33.31828650198702,25.689299378119955
2.69,5.8713239715771985,0.05194678208356371,32.87631715588011,25.689299378119955
2.695,5.580245330029169,0.036943422741633536,32.4402681540616,25.689299378119955
2.7,5.303635801960342,0.041055554774014846,32.009045784654106,25.689299378119955
2.705,5.0413396218890645,0.06303081493731083,31.5820607010412,25.689299378119955
2.71,4.793548445118569,0.10074531527076025,31.16210158099415,25.689299378119955
2.715,4.558245149159445,0.15386668016442118,30.74873745449839,25.689299378119955
2.72,4.3384270488258485,0.21895176557448176,30.342644966627994,25.689299378119955
2.725,4.132756530984885,0.2947372549428742,29.94192312787961,25.689299378119955
2.73,3.9398125806072835,0.3815166950990556,29.54775489834713,25.689299378119955
2.735,3.7626640213855427,0.47723586008367547,29.160507084109142,25.689299378119955
2.74,3.5982887784358395,0.5823739951233721,28.78078155754793,25.689299378119955
2.745,3.448822145438652,0.6944718735455704,28.407350097275458,25.689299378119955
2.75,3.311172379444434,0.813557001084483,28.040504609198244,25.689299378119955
2.755,3.1864580519184087,0.9382273800196976,27.68133160624262,25.689299378119955
2.7600000000000002,3.07339654484089,1.0662928707925479,27.32684841183445,25.689299378119955
2.765,2.9722538740441062,1.1989736258935326,26.97840132835805,25.689299378119955
2.77,2.8838903511601583,1.3361570139577603,26.637616168975722,25.689299378119955
2.775,2.805930984355373,1.4778780003611045,26.301768399044242,25.689299378119955
2.7800000000000002,2.7395365116646087,1.6224118793967781,25.972166350024345,25.689299378119955
2.785,2.6836950413519762,1.7709278854451425,25.647602086893,25.689299378119955
2.79,2.638291168223558,1.9219005873259276,25.32832551055049,25.689299378119955
2.795,2.602031894845307,2.0773406261112806,25.017007090471083,25.689299378119955
2.8000000000000003,2.5752355359130132,2.2353477665521053,24.710809009642304,25.689299378119955
2.805,2.5573454333518932,2.394936393024481,24.40939714090284,25.689299378119955
2.81,2.5498167338060886,2.5579302610912715,24.113966483655197,25.689299378119955
2.815,2.55006761046694,2.7226109895307755,23.82542751181676,25.689299378119955
2.82,2.5594256170000835,2.891814775485587,23.54182231025411,25.689299378119955
2.825,2.5751665461362783,3.062738359695904,23.265185374382476,25.689299378119955
2.83,2.599051118902556,3.2366600160209282,22.994019212626487,25.689299378119955
2.835,2.630890716701135,3.4140788573582235,22.728080473800667,25.689299378119955
2.84,2.6698765068884387,3.594433235258059,22.47016918490344,25.689299378119955
2.845,2.716894985824615,3.778953776955917,22.217858334765896,25.689299378119955
2.85,2.7701284574452716,3.967990444803299,21.972080052900523,25.689299378119955
2.855,2.8301092375521852,4.161083849572382,21.733549602253884,25.689299378119955
2.86,2.8970010809234807,4.3579901714560805,21.502984290100724,25.689299378119955
2.865,2.970127350913326,4.557386653877174,21.27745372041665,25.689299378119955
2.87,3.04880042940354,4.762558174427272,21.06292054473396,25.689299378119955
2.875,3.1354074304489994,4.972250605396518,20.854220190447773,25.689299378119955
2.88,3.2275581371595097,5.187333433128769,20.653324490432233,25.689299378119955
2.8850000000000002,3.3264053791647266,5.407281228679168,20.462105598138066,25.689299378119955
2.89,3.4299887192580503,5.634017789616661,20.279089629535086,25.689299378119955
2.895,3.5417576828941595,5.866820994569347,20.10638704905426,25.689299378119955
2.9,3.658807168050453,6.105268698960627,19.94163636847187,25.689299378119955
2.9050000000000002,3.781228530547532,6.351210048051534,19.78608471950499,25.689299378119955
2.91,3.9097346732326725,6.602449219549554,19.642396898877344,25.689299378119955
2.915,4.043609432663978,6.860951073745051,19.50941737093055,25.689299378119955
2.92,4.185413247928288,7.1266792646685655,19.387980903687357,25.689299378119955
2.9250000000000003,4.333866728947598,7.401032857078349,19.278894612365015,25.689299378119955
2.93,4.487737211007259,7.680580877767026,19.18268515404483,25.689299378119955
2.935,4.647912459620331,7.968561752347133,19.099759053293038,25.689299378119955
2.94,4.8142077705697,8.263646733963519,19.031191492048887,25.689299378119955
2.945,4.986782447934602,8.566813961095907,18.97645796039342,25.689299378119955
2.95,5.166200355476666,8.878241148764534,18.93668716632214,25.689299378119955
2.955,5.351703637705545,9.195909689161828,18.913256663021738,25.689299378119955
2.96,5.545071828879033,9.519996804843274,18.90679968920255,25.689299378119955
2.965,5.744548399790319,9.854045331362483,18.918243233249214,25.689299378119955
2.97,5.951185299361798,10.193538607514466,18.94904219535947,25.689299378119955
2.975,6.164059971417954,10.540207658960698,19.000051910799357,25.689299378119955
2.98,6.382933499597418,10.893840628563588,19.071849644152703,25.689299378119955
2.985,6.6099749631321325,11.254398198947554,19.1648218783983,25.689299378119955
2.99,6.842240402028431,11.617213801821709,19.280981629251244,25.689299378119955
2.995,7.08050981932992,11.985978320183188,19.422209621987967,25.689299378119955
3.0,7.325139767143816,12.358264201804271,19.58759526905708,25.689299378119955
3.005,7.577372696318502,12.731916643789958,19.778491569391186,25.689299378119955
3.0100000000000002,7.835391845740578,13.108005713532277,19.99718510066579,25.689299378119955
3.015,8.099862829320077,13.484237554564553,20.24359471827343,25.689299378119955
3.02,8.369999551036956,13.859136324503416,20.520300495031215,25.689299378119955
3.025,8.644574733966778,14.23094081439183,20.826823274442084,25.689299378119955
3.0300000000000002,8.924118209260769,14.598363402446175,21.1654034376899,25.689299378119955
3.035,9.208469494410123,14.958838226102863,21.53501104992616,25.689299378119955
3.04,9.49684187028487,15.310984340007659,21.935694152824638,25.689299378119955
3.045,9.78665244936473,15.651240084974921,22.369655656037022,25.689299378119955
3.0500000000000003,10.079007107290801,15.977322844475488,22.837790908753057,25.689299378119955
3.055,10.373323088696818,16.285004126505086,23.338381362990262,25.689299378119955
3.06,10.668215524828845,16.573864803035107,23.870790733955214,25.689299378119955
3.065,10.96498538574682,16.8400538281423,24.436323785447723,25.689299378119955
3.0700000000000003,11.259353547117328,17.07990690755097,25.0335407212367,25.689299378119955
3.075,11.549154666457765,17.29006100605005,25.660760171724352,25.689299378119955
3.08,11.836033047809233,17.468807863576437,26.31737688237243,25.689299378119955
3.085,12.117686478338715,17.608225701570966,27.000364136009587,25.689299378119955
3.09,12.390532412943756,17.708852295411784,27.705906433455798,25.689299378119955
3.095,12.657997472245823,17.766398074854138,28.433293462479885,25.689299378119955
3.1,12.91279325628913,17.779097652975356,29.178999347621406,25.689299378119955
3.105,13.156404281379753,17.74371025518261,29.938272628972232,25.689299378119955
3.11,13.38535731156573,17.655011726486286,30.706859619247307,25.689299378119955
3.115,13.598786354091283,17.51404203922637,31.47889913179302,25.689299378119955
3.12,13.796304071108699,17.318423166736064,32.25102550759201,25.689299378119955
3.125,13.973600205306884,17.06651290217548,33.015518277305254,25.689299378119955
3.13,14.130179801058832,16.758728736618494,33.76840475108998,25.689299378119955
3.1350000000000002,14.261856244461141,16.395920740910224,34.50166269772935,25.689299378119955
3.14,14.369625679452854,15.978913399890319,35.21086685481875,25.689299378119955
3.145,14.451417628303744,15.508873404944335,35.890139672628266,25.689299378119955
3.15,14.50377335102455,14.990155721960457,36.53219794490366,25.689299378119955
3.1550000000000002,14.528889508145268,14.423786601872791,37.132119450944984,25.689299378119955
3.16,14.524131349574196,13.816308285548505,37.685559886365645,25.689299378119955
3.165,14.488690035098735,13.17303286673482,38.186541453337306,25.689299378119955
3.17,14.424374452742894,12.497653166333997,38.6318739506329,25.689299378119955
3.1750000000000003,14.326911906794793,11.797239052844402,39.01671092099796,25.689299378119955
3.18,14.198933700886977,11.077106067031458,39.341477295646904,25.689299378119955
3.185,14.04209970485075,10.346642612390497,39.60449171545535,25.689299378119955
3.19,13.85675427074781,9.608738000629925,39.80275790431044,25.689299378119955
3.1950000000000003,13.643782211580548,8.87207235878417,39.937949336401495,25.689299378119955
3.2,13.404541129303746,8.14206328439374,40.01071097102719,25.689299378119955
3.205,13.14074824644433,7.425468640270066,40.02406650610769,25.689299378119955
3.21,12.85411641682965,6.726264695237586,39.97885255906127,25.689299378119955
3.215,12.548981546565411,6.051615269563,39.87774078758073,25.689299378119955
3.22,12.223697988595235,5.404984926375674,39.724197059973825,25.689299378119955
3.225,11.882143573444306,4.789773557530315,39.52512676545124,25.689299378119955
3.23,11.526126373917528,4.208821490441327,39.28348856939261,25.689299378119955
3.235,11.160290224131648,3.6644757475725966,39.00197579503767,25.689299378119955
3.24,10.78541696920593,3.160344746551847,38.685952343595844,25.689299378119955
3.245,10.403811225840888,2.696264749003109,38.33916805874577,25.689299378119955
3.25,10.018745244918398,2.2733601029330632,37.96949717952577,25.689299378119955
3.255,9.63099535780682,1.8915333538346735,37.57598993960022,25.689299378119955
3.2600000000000002,9.24421113948127,1.5495704007387165,37.16632806075772,25.689299378119955
3.265,8.858614274315434,1.2455855303416297,36.74347865386788,25.689299378119955
3.27,8.478506732497875,0.9805127686980056,36.30897939911087,25.689299378119955
3.275,8.105126484117857,0.7524648861534852,35.866070277450014,25.689299378119955
3.2800000000000002,7.737872079525076,0.5585650553985981,35.41676373285268,25.689299378119955
3.285,7.379049760964398,0.3969086729260377,34.96703895974523,25.689299378119955
3.29,7.029424170661982,0.2661741622221781,34.5148346355884,25.689299378119955
3.295,6.691014894650833,0.16457608703656657,34.062980478039876,25.689299378119955
3.3000000000000003,6.364183018225614,0.08829382148574742,33.613294584328045,25.689299378119955
3.305,6.050857927873583,0.038694095566202125,33.167877350250265,25.689299378119955
3.31,5.751361334628954,0.012020272695319828,32.727600990564156,25.689299378119955
3.315,5.465591270266202,0.004869679681641939,32.29128919128365,25.689299378119955
3.3200000000000003,5.192009864347812,0.015389203457231753,31.860814724262877,25.689299378119955
3.325,4.9326742292217345,0.04181604926111501,31.43562654264333,25.689299378119955
3.33,4.6884690183591875,0.08486751954421956,31.0186999363914,25.689299378119955
3.335,4.4568962034389275,0.1425271956745836,30.606396291596948,25.689299378119955
3.34,4.24144488418937,0.2113677654153641,30.201220735160785,25.689299378119955
3.345,4.04007315341679,0.29231105774230776,29.80243658625672,25.689299378119955
3.35,3.853808056509558,0.38215148204596383,29.410360020897556,25.689299378119955
3.355,3.680572883195267,0.4814080666402728,29.02573838231636,25.689299378119955
3.36,3.521225484714133,0.5882527163132835,28.64717137161802,25.689299378119955
3.365,3.3740828734455146,0.7021103299283084,28.27587075090026,25.689299378119955
3.37,3.24114651368981,0.8222360231895061,27.91068937988823,25.689299378119955
3.375,3.1199842583088606,0.948585863303809,27.551625393025905,25.689299378119955
3.38,3.0113053746076828,1.0795212159926635,27.199795831525503,25.689299378119955
3.3850000000000002,2.914323401673599,1.2158727750112828,26.854338563967705,25.689299378119955
3.39,2.8290384932687376,1.355255422601628,26.5138234056718,25.689299378119955
3.395,2.7541070635855567,1.497683371427333,26.179587982390174,25.689299378119955
3.4,2.689527169036542,1.6426555396956302,25.851254162910642,25.689299378119955
3.4050000000000002,2.63687819631175,1.7922369907659974,25.528712533795137,25.689299378119955
3.41,2.5944515575453457,1.9464002474547468,25.211792308418165,25.689299378119955
3.415,2.5627509247481113,2.1019160710391143,24.9002285529466,25.689299378119955
3.42,2.540555415259773,2.2584875758966114,24.595522808360904,25.689299378119955
3.4250000000000003,2.5265763076690986,2.419198147275366,24.29585665924971,25.689299378119955
3.43,2.5212618007507213,2.5827973046388752,24.00222855421468,25.689299378119955
3.435,2.524068084298801,2.7487767670328282,23.714545582930924,25.689299378119955
3.44,2.5356622702168785,2.9175473431224566,23.433756758175207,25.689299378119955
3.4450000000000003,2.5550933547042076,3.0893309795983668,23.15855038796682,25.689299378119955
3.45,2.5819527413102694,3.264383473590579,22.889610922030226,25.689299378119955
3.455,2.616256818751584,3.4422556684295182,22.626233235543737,25.689299378119955
3.46,2.6573406377583875,3.623175868958679,22.369643529169664,25.689299378119955
3.465,2.705219563352017,3.808071547168989,22.119598340665036,25.689299378119955
3.47,2.7619412345877796,3.996743968897904,21.87607587759534,25.689299378119955
3.475,2.823706492716584,4.189719366648207,21.639648028627402,25.689299378119955
3.48,2.8923386504566784,4.386458153524139,21.410210394833552,25.689299378119955
3.485,2.966219737391475,4.589403894997952,21.18741992899874,25.689299378119955
3.49,3.0482721927987866,4.796265917005183,20.972954733355987,25.689299378119955
3.495,3.135058261066211,5.008123271526817,20.76658302515913,25.689299378119955
3.5,3.226506333967817,5.225181523825856,20.56860753620414,25.689299378119955
3.505,3.325742527047015,5.447457182114148,20.376980405833102,25.689299378119955
3.5100000000000002,3.43258222206279,5.676772379632075,20.19595858728872,25.689299378119955
3.515,3.5459116231220675,5.910837175373516,20.024919810917012,25.689299378119955
3.52,3.6644303945735013,6.150289497787592,19.86230269213453,25.689299378119955
3.525,3.788273340695708,6.396689477414578,19.708473814771267,25.689299378119955
3.5300000000000002,3.919450220721789,6.650202505156858,19.566606354440577,25.689299378119955
3.535,4.056116818294611,6.91102760376155,19.435509348519354,25.689299378119955
3.54,4.198610275240413,7.178469125788063,19.31740579135949,25.689299378119955
3.545,4.348054060091573,7.453405840747638,19.20995574505097,25.689299378119955
3.5500000000000003,4.5029830025031075,7.735343171931446,19.116509995476804,25.689299378119955
3.555,4.664565293886653,8.024221408581298,19.036290478819424,25.689299378119955
3.56,4.831589967116508,8.322431912026278,18.96970526416116,21.277537321541654
3.565,5.0060403940480205,8.604771101783237,18.918030805211764,21.277537321541654
3.5700000000000003,5.185592169724773,8.895030479852533,18.880439474175358,21.277537321541654
3.575,5.37100362159835,9.193523818537567,18.860313462150902,21.277537321541654
3.58,5.561727678251488,9.500366465821632,18.85606381529207,21.277537321541654
3.585,5.758874903758096,9.81379595434589,18.868924194884567,21.277537321541654
3.59,5.961777657330114,10.134449505536635,18.899827460716402,21.277537321541654
3.595,6.170052974684874,10.461127906812786,18.949304165454333,21.277537321541654
3.6,6.38364966215926,10.795225925020528,19.01938271874805,21.277537321541654
3.605,6.604361261707534,11.136096371932059,19.110351226016892,21.277537321541654
3.61,6.830153673404213,11.480346631758922,19.222941282827964,21.277537321541654
3.615,7.062283883262939,11.82999574943424,19.358236880843975,21.277537321541654
3.62,7.299695421713637,12.181867272470301,19.518181695661596,21.277537321541654
3.625,7.544922498134186,12.537292696657916,19.70094242489693,21.277537321541654
3.63,7.7957065797284555,12.893428326797286,19.911683963811367,21.277537321541654
3.6350000000000002,8.051670342878142,13.250946548678321,20.148700742978072,21.277537321541654
3.64,8.312427971380169,13.608069210163169,20.414328264102814,21.277537321541654
3.645,8.576984416404233,13.960783842076594,20.707293941822506,21.277537321541654
3.65,8.847026039248036,14.311882977190853,21.030370975124402,21.277537321541654
3.6550000000000002,9.120561391340285,14.654837796902093,21.382911221066372,21.277537321541654
3.66,9.397235720912295,14.990161564337031,21.766191289284784,21.277537321541654
3.665,9.676656255493358,15.315121058383317,22.17853522079788,21.277537321541654
3.67,9.957955185141948,15.626193786951463,22.62349120365218,21.277537321541654
3.6750000000000003,10.241998384736938,15.922865662594003,23.099768688026526,21.277537321541654
3.68,10.526165617311037,16.200378083393424,23.60793468877152,21.277537321541654
3.685,10.8101836620245,16.457226608445584,24.144934325732887,21.277537321541654
3.69,11.091977706662856,16.69076220277497,24.711113228222676,21.277537321541654
3.6950000000000003,11.371931450537547,16.8968552411451,25.307076430983543,21.277537321541654
3.7,11.647848454848035,17.07275454514385,25.93045195598776,21.277537321541654
3.705,11.91764563290048,17.213767152768217,26.578428298581457,21.277537321541654
3.71,12.182782819726956,17.319530091685376,27.250705440741612,21.277537321541654
3.715,12.439364085906814,17.384249966543237,27.942490300088405,21.277537321541654
3.72,12.686059039267851,17.407417209614074,28.65156120213147,21.277537321541654
3.725,12.92187698288402,17.384880906012192,29.37333945349507,21.277537321541654
3.73,13.144774911531355,17.31612121185468,30.104694250960655,21.277537321541654
3.735,13.353606855049328,17.19707868209908,30.84182704369368,21.277537321541654
3.74,13.545363614284023,17.027712459529983,31.578953588437418,21.277537321541654
3.745,13.719969281736917,16.806871572472435,32.31140982894722,21.277537321541654
3.75,13.874124959156262,16.53419848554149,33.03379897789964,21.277537321541654
3.755,14.007053291142679,16.207847685161997,33.74111118714685,21.277537321541654
3.7600000000000002,14.117311811296588,15.829895063306342,34.42534620895091,21.277537321541654
3.765,14.203170681870414,15.404228491783153,35.083848287154744,21.277537321541654
3.77,14.263952539393921,14.931032573515777,35.71048907927298,21.277537321541654
3.775,14.296710955643858,14.412835695444596,36.29938010241197,21.277537321541654
3.7800000000000002,14.302968868571948,13.854464165635619,36.84607232654922,21.277537321541654
3.785,14.281434932198977,13.26011724760034,37.345980137744064,21.277537321541654
3.79,14.229386294506844,12.63337709980372,37.7937204136731,21.277537321541654
3.795,14.149124131539274,11.978273833645357,38.18842010580802,21.277537321541654
3.8000000000000003,14.040253050470552,11.302902571213169,38.52631071895908,21.277537321541654
3.805,13.902621513664622,10.614043830329035,38.80660510497835,21.277537321541654
3.81,13.738011991954398,9.916150891017278,39.02701342737101,21.277537321541654
3.815,13.548388865994765,9.215921332515354,39.188740846586946,21.277537321541654
3.8200000000000003,13.33135401680141,8.519518235782023,39.29156193256962,21.277537321541654
3.825,13.090200838294702,7.830754242656504,39.33413070602206,21.277537321541654
3.83,12.828356197606103,7.1558281229702345,39.322254010388384,21.277537321541654
3.835,12.546198106867145,6.500315437074395,39.25771891888177,21.277537321541654
3.84,12.244442027709598,5.868531136027386,39.1420793392813,21.277537321541654
3.845,11.92586316878456,5.263024251097035,38.97918267708603,21.277537321541654
3.85,11.593111429313455,4.687441398136855,38.77331001028047,21.277537321541654
3.855,11.248017983488914,4.144491765929285,38.527856849024744,21.277537321541654
3.86,10.89251992835925,3.637942078412878,38.24770682345811,21.277537321541654
3.865,10.529859855251205,3.1682622166876477,37.93496567693581,21.277537321541654
3.87,10.162487484295871,2.7359512030581925,37.59638056608988,21.277537321541654
3.875,9.789900814187966,2.340158988512197,37.23378916224039,21.277537321541654
3.88,9.418574399736222,1.9840515277617907,36.852392399840944,21.277537321541654
3.8850000000000002,9.047998294052881,1.6635912718831678,36.45446432370115,21.277537321541654
3.89,8.678733495824668,1.377168942858619,36.044310511569826,21.277537321541654
3.895,8.314310439242435,1.1281308503947853,35.62374698323926,21.277537321541654
3.9,7.956553684012023,0.9122286262891175,35.195877802047576,21.277537321541654
3.9050000000000002,7.604043241546092,0.728192132478322,34.76320551700077,21.277537321541654
3.91,7.260590764522378,0.5749022245104695,34.326242374045854,21.277537321541654
3.915,6.925782793018862,0.4488362734645761,33.88908092572856,21.277537321541654
3.92,6.6013530303648285,0.3488502313899477,33.45217706914095,21.277537321541654
3.9250000000000003,6.288562425219119,0.27401730219424913,33.01814151306158,21.277537321541654
3.93,5.9886891017926995,0.22065645711380963,32.58606764880284,21.277537321541654
3.935,5.699942761071397,0.1878664323719782,32.157768337553534,21.277537321541654
3.94,5.424479248510583,0.174731393132532,31.73434346559218,21.277537321541654
3.9450000000000003,5.162725634964182,0.17845930505547603,31.316985296372813,21.277537321541654
3.95,4.913028929568854,0.19799003596541442,30.902838818012235,21.277537321541654
3.955,4.6774573895142275,0.23242649123831485,30.49516920247728,21.277537321541654
3.96,4.454005178604395,0.27927283771901235,30.09392055293622,21.277537321541654
3.9650000000000003,4.244794147753173,0.33764176398220463,29.69887025227831,21.277537321541654
3.97,4.049068731503127,0.40533275942018754,29.31127329301732,21.277537321541654
3.975,3.8672616449115336,0.48249260639277297,28.928196335512357,21.277537321541654
3.98,3.697426275165604,0.5693483291545655,28.55210966800394,21.277537321541654
3.985,3.5411481677387675,0.6635900527818432,28.181146483714652,21.277537321541654
3.99,3.3974523249013924,0.7626571447069624,27.81757805363182,21.277537321541654
3.995,3.2658063419751335,0.8687454130066795,27.459012830733787,21.277537321541654
4.0,3.1470381302377586,0.9792035535217203,27.10754133905668,21.277537321541654
4.005,3.0390476469338825,1.0950291841653463,26.76047862443104,21.277537321541654
4.01,2.9419910682708506,1.2141185498953297,26.41858571254668,21.277537321541654
4.015,2.8550740216260277,1.33718674496574,26.083578205217812,21.277537321541654
4.0200000000000005,2.7784134572444734,1.4638843260127294,25.754996344437384,21.277537321541654
4.025,2.7119467669584867,1.5947478589834014,25.43056623131218,21.277537321541654
4.03,2.656071234826293,1.7285478846150073,25.113423742922453,21.277537321541654
4.035,2.60960724866889,1.8644273994273126,24.801957367781554,29.640775229932107
4.04,2.571574967570829,2.0445455572792848,24.495015741535813,29.640775229932107
4.045,2.5441397258401115,2.22769752843273,24.194839659562266,29.640775229932107
4.05,2.528113492760131,2.4134597811450638,23.90029569288921,29.640775229932107
4.055,2.52370601888387,2.6015411644625064,23.611815938923154,29.640775229932107
4.0600000000000005,2.5280030300687404,2.7914813961983094,23.329871413427856,29.640775229932107
4.065,2.54136348052553,2.9858615539805258,23.05473364646665,29.640775229932107
4.07,2.562794650155811,3.182474187721108,22.785914658311476,29.640775229932107
4.075,2.5934615910078715,3.3820762933210315,22.523992791750775,29.640775229932107
4.08,2.633029250812499,3.5847251317246074,22.267466924218805,29.640775229932107
4.085,2.679724354341594,3.7909742880657857,22.017208283064527,29.640775229932107
4.09,2.73497556330681,4.0005631536885025,21.77581872928586,29.640775229932107
4.095,2.797535372361581,4.213369508389218,21.54050439338761,29.640775229932107
4.1,2.8680781074959594,4.42977020034977,21.311975896332193,29.640775229932107
4.105,2.9460105169259094,4.652480135704903,21.091486489843454,29.640775229932107
4.11,3.030452048628319,4.879580401527168,20.87863820512313,29.640775229932107
4.115,3.123735496346834,5.110212564315523,20.67375393272214,29.640775229932107
4.12,3.221379300345043,5.348988313120252,20.478834973709578,29.640775229932107
4.125,3.3279474643067193,5.59214165246154,20.29221875473864,29.640775229932107
4.13,3.441657636184453,5.839988302972048,20.115420486583538,29.640775229932107
4.135,3.5615452463873627,6.094284211260757,19.94724008153115,29.640775229932107
4.14,3.687769677236934,6.356374645228022,19.78856694947777,29.640775229932107
4.1450000000000005,3.8215573758750248,6.625486141833532,19.641429601574693,29.640775229932107
4.15,3.9618907917413915,6.899289711763862,19.50571033202495,29.640775229932107
4.155,4.108967108926992,7.181822537448491,19.383059093473296,29.640775229932107
4.16,4.262270369629405,7.470959871298149,19.27197524416944,29.640775229932107
4.165,4.423748769213758,7.768235863116573,19.174869703840663,29.640775229932107
4.17,4.590516960437154,8.073077695868601,19.09122872135848,29.640775229932107
4.175,4.764891227855587,8.385607563339155,19.021062746853314,29.640775229932107
4.18,4.94629269464878,8.70587325304833,18.967047835306314,29.640775229932107
4.1850000000000005,5.133541900602898,9.033967123426804,18.93033069688626,29.640775229932107
4.19,5.3269677645861195,9.369383066388874,18.908954234518994,29.640775229932107
4.195,5.529828609755793,9.713522958282667,18.9077874262713,29.640775229932107
4.2,5.738526701695396,10.063184539868637,18.923546954915267,29.640775229932107
4.205,5.954761490850101,10.420634595930142,18.960086694457605,29.640775229932107
4.21,6.17746629179227,10.786969304966188,19.016861100580236,29.640775229932107
4.215,6.407811123520085,11.159068874755004,19.097693991632976,29.640775229932107
4.22,6.645783833865565,11.534925227416991,19.20026133606431,29.640775229932107
4.225,6.889778363177465,11.917261438984337,19.327157536495914,29.640775229932107
4.23,7.140649006370061,12.305593088547056,19.480530447950652,29.640775229932107
4.235,7.399518891146184,12.695803792616456,19.660053828080887,29.640775229932107
4.24,7.664447687586154,13.088692011530807,19.868078019368106,29.640775229932107
4.245,7.936213524613401,13.482994143648028,20.104891463331246,29.640775229932107
4.25,8.213123593227504,13.876097413943409,20.371639919970228,29.640775229932107
4.255,8.496547963992029,14.267316726575434,20.671231269126473,29.640775229932107
4.26,8.784725178555266,14.655061443687133,21.002959101707905,29.640775229932107
4.265,9.077778163583362,15.038420161750278,21.36746469643288,29.640775229932107
4.2700000000000005,9.376404102682136,15.412032594471526,21.765477290143924,29.640775229932107
4.275,9.680330490774626,15.77610791106468,22.197611721024796,29.640775229932107
4.28,9.98409456493109,16.125228750597632,22.665153026109568,29.640775229932107
4.285,10.291353173827128,16.46178770611093,23.168672319775276,29.640775229932107
4.29,10.599603266920568,16.776375734339666,23.70696505188062,29.640775229932107
4.295,10.907510822930593,17.068449326767595,24.280274565948766,29.640775229932107
4.3,11.214276024850708,17.333216368326497,24.888149128500668,29.640775229932107
4.305,11.51985514768393,17.56866990877834,25.528091692336666,29.640775229932107
4.3100000000000005,11.822209741323144,17.772068380320274,26.19981418548839,29.640775229932107
4.315,12.118417604212537,17.93695661542762,26.899546709480237,29.640775229932107
4.32,12.409079403764459,18.06312438422496,27.62838964482061,29.640775229932107
4.325,12.692159409300942,18.142882812885368,28.38100761355789,29.640775229932107
4.33,12.964661523302473,18.175506454889998,29.154436340457217,29.640775229932107
4.335,13.224752786153674,18.15775985087961,29.944163726160017,29.640775229932107
4.34,13.472611280091618,18.08723044783244,30.745654791118483,29.640775229932107
4.345,13.702879752909707,17.960888334392255,31.55380840362056,29.640775229932107
4.3500000000000005,13.915610172442284,17.77464430111954,32.36471010013216,29.640775229932107
4.355,14.107977671856613,17.531703366067116,33.169942278858464,29.640775229932107
4.36,14.27940064645403,17.22720552322032,33.965003610566555,29.640775229932107
4.365,14.426691858628198,16.863473741036128,34.74167018334744,29.640775229932107
4.37,14.549654759063323,16.440765074865983,35.494118757768845,29.640775229932107
4.375,14.64473526150546,15.962438842333393,36.2160500317465,29.640775229932107
4.38,14.711003591234435,15.430616988667603,36.901518255811354,29.640775229932107
4.385,14.747247339864654,14.84662757032258,37.54454793016178,29.640775229932107
4.39,14.752024813948367,14.215928368145612,38.139346867323106,29.640775229932107
4.3950000000000005,14.725072051251765,13.547008734152309,38.6806967337735,29.640775229932107
4.4,14.665357930556924,12.840534356326412,39.163537728954694,29.640775229932107
4.405,14.574524939159934,12.106189263579584,39.58271059878301,29.640775229932107
4.41,14.451519138387715,11.350156297669017,39.936964868269435,29.640775229932107
4.415,14.297175041433395,10.578809682277058,40.22337142484753,29.640775229932107
4.42,14.110894444932235,9.800697372496092,40.443158299230106,29.640775229932107
4.425,13.895426021451938,9.021910200527351,40.59398196973056,29.640775229932107
4.43,13.65275896863119,8.249374597564186,40.67883304850677,29.640775229932107
4.4350000000000005,13.383119071425472,7.490321481897691,40.699336015257074,29.640775229932107
4.44,13.087441894981575,6.7524043065247,40.65748412247354,29.640775229932107
4.445,12.77141518322497,6.038932069490352,40.556435884924106,29.640775229932107
4.45,12.43625897317159,5.355770569557015,40.40134568710272,29.640775229932107
4.455,12.082340032916449,4.704856648224832,40.19483380220622,29.640775229932107
4.46,11.714066749699029,4.09339865970435,39.94217542210279,29.640775229932107
4.465,11.333213474408035,3.5229949885532195,39.64868501311188,29.640775229932107
4.47,10.942953327061726,2.9938166256865575,39.31952260435909,29.640775229932107
4.4750000000000005,10.54521048464001,2.5071485940611025,38.95946911507039,29.640775229932107
4.48,10.143511166678255,2.064845806585615,38.57223503649254,29.640775229932107
4.485,9.740149056604233,1.6676981466585818,38.16149471340193,29.640775229932107
4.49,9.335722491557368,1.3111819342762345,37.73440591338529,29.640775229932107
4.495,8.93518942631251,0.9991833015868354,37.29086602100498,29.640775229932107
4.5,8.538000552524935,0.7274320255277846,36.837037366965454,29.640775229932107
4.505,8.147146902597273,0.49454003124723156,36.37698220980184,29.640775229932107
4.51,7.7642143699791495,0.29935642319781375,35.9108625357412,29.640775229932107
4.515,7.391159679158712,0.13896052217237598,35.44488574286165,29.640775229932107
4.5200000000000005,7.027499619419657,0.010745428997903372,34.976450098507705,29.640775229932107
4.525,6.676553595286264,-0.08633812737671145,34.51076662683316,29.640775229932107
4.53,6.33762176891173,-0.1549111152860112,34.04812098967446,29.640775229932107
4.535,6.0142205311458605,-0.19671591258565424,33.58879130785893,29.640775229932107
4.54,5.7038872966280945,-0.21623186504328432,33.134005700344694,29.640775229932107
4.545,5.408442244058519,-0.21265385973498765,32.68544248419626,29.640775229932107
4.55,5.1270153298064205,-0.18875981197128633,32.243293959339525,29.640775229932107
4.555,4.860901293723439,-0.14800926063356545,31.80988350028324,29.640775229932107
4.5600000000000005,4.611059944814647,-0.09057910108173686,31.381617279405518,29.640775229932107
4.565,4.37597792799289,-0.019602098144622895,30.960930658686323,29.640775229932107
4.57,4.1564599584160105,0.0642625697302121,30.54739031657656,29.640775229932107
4.575,3.952663229172253,0.1594082823630209,30.141857488567346,29.640775229932107
4.58,3.762488473548525,0.26319169744249693,29.74358342144394,29.640775229932107
4.585,3.5870784126538644,0.37790246102112496,29.350632830911948,29.640775229932107
4.59,3.4271595586945356,0.49970191572832184,28.96605925802278,29.640775229932107
4.595,3.279411003126516,0.6290289612890992,28.588139698042554,29.640775229932107
4.6000000000000005,3.146383169357125,0.7640153021683314,28.218014159680212,29.640775229932107
4.605,3.0264650210435566,0.9063586992149859,27.853940705689613,29.640775229932107
4.61,2.9204829598740893,1.053110195159716,27.496767614379117,29.640775229932107
4.615,2.8265194478815294,1.2036274476120927,27.144482269433706,29.640775229932107
4.62,2.744847957519076,1.3583742236425884,26.798908913565246,29.640775229932107
4.625,2.6758784040293193,1.5158683368510237,26.460929355831922,29.640775229932107
4.63,2.6182667122468937,1.676881179336713,26.12791735786765,29.640775229932107
4.635,2.5723613036521766,1.8401906582654193,25.800524731060513,29.640775229932107
4.64,2.5349267435073957,2.0080660285795573,25.479614273055507,29.640775229932107
4.6450000000000005,2.5070346600291953,2.177903314752418,25.16400852127768,29.640775229932107
4.65,2.48931170515649,2.3498419182189885,24.854377652901167,29.640775229932107
4.655,2.482293163994562,2.525548077775465,24.552384884580015,29.640775229932107
4.66,2.485351735800009,2.7045108457280076,24.25614324502006,29.640775229932107
4.665,2.4969304070144407,2.886065735700015,23.966644437046302,29.640775229932107
4.67,2.517108367120944,3.0686049333199716,23.684272152005114,29.640775229932107
4.675,2.5438617257003306,3.255036412313257,23.406361757640273,29.640775229932107
4.68,2.5791218012754213,3.444492375626074,23.135029619596985,29.640775229932107
4.6850000000000005,2.623004326758575,3.6389119507929086,22.870298310811577,29.640775229932107
4.69,2.6743753992267636,3.8366555071956965,22.612712323607063,29.640775229932107
4.695,2.7317877797461194,4.037715820732909,22.36277158645993,29.640775229932107
4.7,2.796225192911429,4.243234675775793,22.120354516994055,29.640775229932107
4.705,2.8673591998850103,4.453081539886437,21.885652195770277,29.640775229932107
4.71,2.9465982455814617,4.66649894729028,21.657807870615127,29.640775229932107
4.715,3.0329205896037696,4.884296463021727,21.438141804239045,29.640775229932107
4.72,3.125154885342198,5.10689399621551,21.227074480877977,29.640775229932107
4.7250000000000005,3.2231810278191397,5.335026195607012,21.024038555450712,29.640775229932107
4.73,3.3286372922767233,5.568573332687561,20.829118272548286,29.640775229932107
4.735,3.4397958363384995,5.809051394269208,20.644160607975042,29.640775229932107
4.74,3.558278565416037,6.052896245523221,20.468727014528014,29.640775229932107
4.745,3.6844878805541663,6.304934129980406,20.30216667396987,29.640775229932107
4.75,3.815488364653583,6.562837207241825,20.147312974654756,29.640775229932107
4.755,3.9542265903372162,6.829790222895923,20.004391893456678,29.640775229932107
4.76,4.098072943938364,7.101943817565911,19.872981704850403,29.640775229932107
4.765,4.249521871239908,7.380791620443018,19.75449211816583,29.640775229932107
4.7700000000000005,4.407549465688464,7.6677572792765,19.647870991857147,29.640775229932107
4.775,4.57152444719794,7.961133236628531,19.55632385534643,29.640775229932107
4.78,4.74253762951429,8.262663877150944,19.47717392784719,29.640775229932107
4.785,4.918546839088718,8.570557656116819,19.414018694993256,29.640775229932107
4.79,5.1016822406992794,8.887532905169946,19.36484215954592,29.640775229932107
4.795,5.292797107847544,9.21090083008918,19.333854701535003,29.640775229932107
4.8,5.488614258974354,9.542193429877855,19.31934209032132,29.640775229932107
4.805,5.690586194367129,9.8803289367511,19.32379312299149,29.640775229932107
4.8100000000000005,5.900131409506988,10.22599255677098,19.346931728043334,29.640775229932107
4.815,6.117116917525161,10.578814257689103,19.391963307275947,29.640775229932107
4.82,6.339366187316111,10.937082152463942,19.456120318896506,29.640775229932107
4.825,6.5681609242528465,11.300648419196314,19.544072865517126,29.640775229932107
4.83,6.804323077268702,11.669586379570294,19.654010714351404,29.640775229932107
4.835,7.047888436979798,12.04266237727948,19.78864637784504,29.640775229932107
4.84,7.298004278279897,12.41960243018729,19.948390432999886,29.640775229932107
4.845,7.554766365813419,12.79833557846239,20.135032003135375,29.640775229932107
4.8500000000000005,7.817315957972389,13.180022608464304,20.350334356619793,29.640775229932107
4.855,8.084143961635139,13.560296520689292,20.593569145300684,29.640775229932107
4.86,8.358459274081351,13.940988824431164,20.866222138437294,29.640775229932107
4.865,8.63733694993308,14.317879184457379,21.17123042550672,29.640775229932107
4.87,8.920946377381759,14.689120299891618,21.50758495557724,29.640775229932107
4.875,9.208948228284155,15.0541232358947,21.87524792189236,29.640775229932107
4.88,9.500805789815361,15.408128225150548,22.276327960891177,29.640775229932107
4.885,9.796728432844922,15.750809932031604,22.71133803693435,29.640775229932107
4.89,10.094250390554212,16.07901026591302,23.180547275032165,29.640775229932107
4.8950000000000005,10.393953180742201,16.389210416999173,23.68316887159584,29.640775229932107
4.9,10.694937682824172,16.68103503360028,24.218822881205625,29.640775229932107
4.905,10.993388420923193,16.948063729465122,24.787759957384505,29.640775229932107
4.91,11.291340191913633,17.18857661081426,25.38831981671723,29.640775229932107
4.915,11.586526239092473,17.398858041371952,26.019319193613903,29.640775229932107
4.92,11.877125528090387,17.575980706963048,26.67972733079763,29.640775229932107
4.925,12.161882310197731,17.71428552248454,27.368076219409538,29.640775229932107
4.93,12.439854061656938,17.812517425133407,28.080684663196557,29.640775229932107
4.9350000000000005,12.70875516621211,17.866850429936513,28.814643945076302,29.640775229932107
4.94,12.966248165649148,17.875191504916714,29.565670315195153,29.640775229932107
4.945,13.211764999845249,17.832803671835354,30.33010461654258,29.640775229932107
4.95,13.442905728237939,17.738344244273375,31.104398380799175,29.640775229932107
4.955,13.65745059944444,17.58981430988761,31.882867884584766,29.640775229932107
4.96,13.854003086741557,17.384935011419543,32.660107837989365,29.640775229932107
4.965,14.032412344035219,17.1228535312806,33.42854543414668,29.640775229932107
4.97,14.186952854892715,16.804419889456675,34.183165793087866,29.640775229932107
4.9750000000000005,14.316789029128362,16.429961413208048,34.91719451561883,29.640775229932107
4.98,14.422219232584213,16.000414292181965,35.62793483301277,29.640775229932107
4.985,14.501527703670222,15.518815201694306,36.307203071820396,29.640775229932107
4.99,14.552429086763317,14.98618345830556,36.9482373739742,29.640775229932107
4.995,14.572990080519139,14.40968691274959,37.54665606204046,29.640775229932107
5.0,14.564946146820166,13.790502421693924,38.09598755564808,29.640775229932107
5.005,14.526865529517941,13.133910564118889,38.59363744745562,29.640775229932107
5.01,14.456144858890168,12.447425466325027,39.03374992182399,29.640775229932107
5.015,14.35572878325447,11.737467537902663,39.41258411807783,29.640775229932107
5.0200000000000005,14.224847450309282,11.007402110213869,39.729492226408546,29.640775229932107
5.025,14.064513935496592,10.265994750287648,39.98323031536859,29.640775229932107
5.03,13.874471432711056,9.520077770967779,40.17171343558228,29.640775229932107
5.035,13.655706703633971,8.7755899046635,40.29652165823046,29.640775229932107
5.04,13.411461165907264,8.040934585866248,40.358360426821534,29.640775229932107
5.045,13.142258377868112,7.319582964439968,40.35990482459478,29.640775229932107
5.05,12.850666243740882,6.618346561614654,40.3026178899368,29.640775229932107
5.055,12.539572335314322,5.943411220256488,40.19054626788802,29.640775229932107
5.0600000000000005,12.210015276456188,5.299057288094563,40.02682683797443,29.640775229932107
5.065,11.864327377705118,4.686901240543343,39.8157848895023,29.640775229932107
5.07,11.50469835712358,4.1111144728729565,39.563482557983484,29.640775229932107
5.075,11.135255650779378,3.57263022644252,39.27236159121956,29.640775229932107
5.08,10.757175325451504,3.07619836501114,38.94733975266327,29.640775229932107
5.085,10.37326488608505,2.619054159719327,38.593425944099224,29.640775229932107
5.09,9.985283597337919,2.2040035425938167,38.21433857580093,29.640775229932107
5.095,9.597185802268855,1.831078017859007,37.81478182672753,29.640775229932107
5.1000000000000005,9.209125691360505,1.4968540380463786,37.39829250870527,29.640775229932107
5.105,8.824036349792602,1.2045061995581337,36.96944154752608,29.640775229932107
5.11,8.442126022578362,0.9528082253741365,36.53104480489074,29.640775229932107
5.115,8.067383046069502,0.737325795329892,36.082846401195745,29.640775229932107
5.12,7.701506276169294,0.5553067064867669,35.62897693780786,29.640775229932107
5.125,7.344218577041687,0.40680133504106286,35.17454526556154,29.640775229932107
5.13,6.99748359849487,0.28877825085609554,34.72012586726516,29.640775229932107
5.135,6.662645275541326,0.20074610254788994,34.267304018735025,29.640775229932107
5.14,6.339227163589855,0.13960244393470214,33.817226705129826,29.640775229932107
5.1450000000000005,6.028046924388516,0.10333726958015682,33.37149549578071,29.640775229932107
5.15,5.729932133514711,0.08895971868722102,32.92961008873063,29.640775229932107
5.155,5.448262648003163,0.09578207122185832,32.4930832409375,29.640775229932107
5.16,5.181347396545384,0.12161255366032318,32.06289435495942,29.640775229932107
5.165,4.929345661506706,0.1638040718573038,31.639131058705413,29.640775229932107
5.17,4.691582764096914,0.22254083926356513,31.219601556750415,29.640775229932107
5.175,4.467067162546271,0.29338548948462995,30.8087239807952,29.640775229932107
5.18,4.259559211101563,0.3779328722884213,30.40434909779322,29.640775229932107
5.1850000000000005,4.065989382428371,0.4729266067036253,30.007233239301428,29.640775229932107
5.19,3.8864332530957997,0.5776122834867223,29.61628722691815,29.640775229932107
5.195,3.722734847700152,0.6914505489743573,29.23203223516826,29.640775229932107
5.2,3.5706332069071367,0.8124307827190397,28.855371536802377,29.640775229932107
5.205,3.433420575245058,0.9402363402805196,28.48501176436721,29.640775229932107
5.21,3.3091700546726854,1.0752869856864615,28.120516474098746,29.640775229932107
5.215,3.1967510006472732,1.2168215583150863,27.762871441639163,29.640775229932107
5.22,3.098758734907844,1.3626425386600691,27.412910229320705,29.640775229932107
5.2250000000000005,3.0120588364930447,1.51265631170298,27.0698334708232,29.640775229932107
5.23,2.9360839056494155,1.6676240588647786,26.732004631213293,29.640775229932107
5.235,2.872011872356417,1.8270372362797291,26.39994959321178,29.640775229932107
5.24,2.819516720492204,1.9888560745464896,26.07496473013804,29.640775229932107
5.245,2.778863047980437,2.1542650589378933,25.754974210026887,29.640775229932107
5.25,2.747732084332141,2.3225536651135017,25.439625862468844,29.640775229932107
5.255,2.7269813996736474,2.4938574016794277,25.13315512625381,29.640775229932107
5.26,2.714951645160238,2.67027625957516,24.83300076688457,29.640775229932107
5.265,2.712839657048115,2.8468351602465556,24.537792269963415,29.640775229932107
5.2700000000000005,2.719289053020325,3.0273361998686648,24.250180252380524,29.640775229932107
5.275,2.7342405690521723,3.2112948211417702,23.968274301082136,29.640775229932107
5.28,2.7578855663766677,3.399382226416864,23.692714243007497,29.640775229932107
5.285,2.7899591059238538,3.5903710776809277,23.423701199836334,29.640775229932107
5.29,2.830575258664244,3.783534859205767,23.162323536783294,29.640775229932107
5.295,2.8788482312012937,3.980845234083197,22.90594641808181,29.640775229932107
5.3,2.9340855119442306,4.1828189859286695,22.65679925218898,29.640775229932107
5.305,2.996250844360166,4.389108997181279,22.41620823202238,29.640775229932107
5.3100000000000005,3.064065113412908,4.5976846047728746,22.182876722760525,29.640775229932107
5.315,3.1387160327187598,4.812277055504873,21.95717259656344,29.640775229932107
5.32,3.222642763158773,5.031632475238225,21.739856008221828,29.640775229932107
5.325,3.3141951046777725,5.25661817568193,21.53097220408667,29.640775229932107
5.33,3.412393288630843,5.4859062661071984,21.331616213585363,29.640775229932107
5.335,3.5168333777692196,5.721113730389506,21.140403776578818,29.640775229932107
5.34,3.626590449675332,5.960326271144883,20.958682234524222,29.640775229932107
5.345,3.7433343892960624,6.207703793528118,20.787500985496607,29.640775229932107
5.3500000000000005,3.866289113187003,6.459826707582574,20.626714940765552,29.640775229932107
5.355,3.996842296527073,6.718803978581047,20.47568781437228,29.640775229932107
5.36,4.13322884212237,6.982763386082784,20.336752601232416,29.640775229932107
5.365,4.273915155732029,7.255799260433916,20.209995042951707,29.640775229932107
5.37,4.4245202530993755,7.533769925316652,20.09580042784261,29.640775229932107
5.375,4.57932994559253,7.819187006407699,19.994127502576458,29.640775229932107
5.38,4.740735358771793,8.111772822600638,19.9062835515471,29.640775229932107
5.385,4.909657700891574,8.411848203895516,19.83264041721016,29.640775229932107
5.39,5.085116606118353,8.718722823842896,19.77413316472113,29.640775229932107
5.3950000000000005,5.267495491174211,9.032918927971057,19.732725808885917,29.640775229932107
5.4,5.4549304224287845,9.354988493436348,19.708166284790668,29.640775229932107
5.405,5.649525366076251,9.682610677803675,19.700541379451522,29.640775229932107
5.41,5.851893997906217,10.017345434713173,19.710977610514412,29.640775229932107
5.415,6.05988478162588,10.357975046268047,19.741435819575,29.640775229932107
5.42,6.274295510856427,10.704747309197256,19.793242952285254,29.640775229932107
5.425,6.495669770152841,11.0558476813311,19.865344410363992,29.640775229932107
5.43,6.724651501689229,11.413486007853892,19.959072769479178,29.640775229932107
5.4350000000000005,6.957730871136883,11.774961416517822,20.076144267958114,29.640775229932107
5.44,7.198612315570347,12.140454251686732,20.2175396121568,29.640775229932107
5.445,7.445828437983526,12.506780663870822,20.385746380580898,29.640775229932107
5.45,7.698452635863372,12.876210347832869,20.579130044940502,29.640775229932107
5.455,7.959148677879531,13.244981529148623,20.799472123756438,29.640775229932107
5.46,8.223777067138156,13.614253324001318,21.049284546507575,29.640775229932107
5.465,8.49220427212222,13.979458139917725,21.326975095128976,29.640775229932107
5.47,8.767279824172217,14.341122780825653,21.636398013085472,29.640775229932107
5.4750000000000005,9.046516250613045,14.697313353292287,21.976960153284757,29.640775229932107
5.48,9.329912268029346,15.04405055085783,22.34732689675406,29.640775229932107
5.485,9.614785777298058,15.381786561084674,22.75217627898864,29.640775229932107
5.49,9.903190588622572,15.706015533083585,23.18831928792558,29.640775229932107
5.495,10.194230554507833,16.014276979163927,23.65742566790171,29.640775229932107
5.5,10.48593022747597,16.304542545175472,24.15818282010808,29.640775229932107
5.505,10.776305932877332,16.57324292566274,24.69062982509117,29.640775229932107
5.51,11.065568907726723,16.81701358209687,25.253255486852186,29.640775229932107
5.515,11.353130267912594,17.032099967930023,25.84638800271502,29.640775229932107
5.5200000000000005,11.637853223232533,17.218140006263372,26.46901201039012,29.640775229932107
5.525,11.91684348125141,17.36985703230736,27.119279255151284,29.640775229932107
5.53,12.189109067199613,17.484976245587536,27.793169474909845,29.640775229932107
5.535,12.454013419109561,17.558953058930886,28.488273278521522,29.640775229932107
5.54,12.709275940070164,17.590691705211746,29.201896632086196,29.640775229932107
5.545,12.952662904632186,17.57541318632726,29.929856108143884,29.640775229932107
5.55,13.182969029287385,17.509800270502353,30.667801576228836,29.640775229932107
5.555,13.3991064418558,17.394146197788345,31.412321480944158,29.640775229932107
5.5600000000000005,13.60001803489833,17.226693757676944,32.15824972447065,29.640775229932107
5.565,13.781348448191489,17.006946001423575,32.900557501485956,29.640775229932107
5.57,13.943523565993258,16.732432581806766,33.63379832179585,29.640775229932107
5.575,14.082487380113166,16.403756184534956,34.351928408581344,29.640775229932107
5.58,14.198515494584882,16.021858063885848,35.04908088841831,29.640775229932107
5.585,14.289294846257409,15.589875574976368,35.718892407140885,29.640775229932107
5.59,14.354327757739656,15.1087948704386,36.35708533871235,29.640775229932107
5.595,14.39075293693519,14.581372394300692,36.95651704488011,29.640775229932107
5.6000000000000005,14.39951626986242,14.011087581859488,37.51245140654575,29.640775229932107
5.605,14.379755353360428,13.403595944312844,38.02142110445258,29.640775229932107
5.61,14.329550614954176,12.764011163570833,38.47980316922135,29.640775229932107
5.615,14.25107871756435,12.098570047148858,38.88073657077159,29.640775229932107
5.62,14.144087493831707,11.410932097434552,39.22484706775406,29.640775229932107
5.625,14.006226974267339,10.708364231023678,39.50857012271162,29.640775229932107
5.63,13.841060589433102,9.996415917541182,39.73216997194338,29.640775229932107
5.635,13.64761848765565,9.28158641477203,39.89454005835644,29.640775229932107
5.64,13.428899155230011,8.57194971502501,39.99731554941028,29.640775229932107
5.6450000000000005,13.185065978301049,7.873020358469277,40.0406389049538,29.640775229932107
5.65,12.918735677976409,7.18804624820977,40.02447358367714,29.640775229932107
5.655,12.631951412052864,6.523818939584624,39.956581124259365,29.640775229932107
5.66,12.32661133394977,5.884921909221297,39.83587352750417,29.640775229932107
5.665,12.004487470986085,5.273541127890235,39.667879781707065,29.640775229932107
5.67,11.666190695532249,4.695248926538721,39.45502580565881,29.640775229932107
5.675,11.317096516245249,4.150689480347331,39.203178284142275,29.640775229932107
5.68,10.959491993118391,3.6443747973357388,38.91469053766861,29.640775229932107
5.6850000000000005,10.593282592689992,3.1772523128041694,38.59479788735453,29.640775229932107
5.69,10.223399040277995,2.748272693165874,38.24894516048753,29.640775229932107
5.695,9.851064412626453,2.3579371844044092,37.88005013046341,29.640775229932107
5.7,9.476540318448619,2.0077742697000214,37.49027786594762,29.640775229932107
5.705,9.102229971445407,1.6958914265859808,37.08532162169822,29.640775229932107
5.71,8.732308153101211,1.4209568599048008,36.668166917248655,29.640775229932107
5.715,8.366422371914185,1.1833619647380171,36.24226555201881,29.640775229932107
5.72,8.007295906820099,0.9803989678371583,35.807837587406986,29.640775229932107
5.7250000000000005,7.656912865978712,0.8112074325610443,35.36944228746085,29.640775229932107
5.73,7.315226982543438,0.6743458119212526,34.929191620109314,29.640775229932107
5.735,6.981612350180164,0.5660291115975875,34.48744391565939,29.640775229932107
5.74,6.6611790783556195,0.4856944481439648,34.046610638088985,29.640775229932107
5.745,6.352223674250895,0.4305467029559644,33.60817235985929,29.640775229932107
5.75,6.055280158280654,0.3986613929200348,33.17344818222137,29.640775229932107
5.755,5.772257989007477,0.38744013292403834,32.744276357238725,29.640775229932107
5.76,5.502420631906034,0.39747233641691726,32.31755243516541,29.640775229932107
5.765,5.246714574603873,0.4241978890563637,31.897951085728913,29.640775229932107
5.7700000000000005,5.00534296643464,0.467329941546346,31.484458640380637,29.640775229932107
5.775,4.779012968621306,0.526747878383652,31.077970855041986,29.640775229932107
5.78,4.566731790237079,0.5987522716534439,30.67505493207993,29.640775229932107
5.785,4.369092130390963,0.6817047366790644,30.280799229403765,29.640775229932107
5.79,4.183967844369622,0.7777360790528786,29.89148163198121,29.640775229932107
5.795,4.014750307133344,0.8821408355349616,29.508935464044292,29.640775229932107
5.8,3.8594242559017986,0.9946712868742945,29.133253638901337,29.640775229932107
5.805,3.7175569764593526,1.1155156540631421,28.763392972216387,29.640775229932107
5.8100000000000005,3.585971042751668,1.2448707033498272,28.401519186890447,29.640775229932107
5.815,3.4690630855521056,1.3795340392179476,28.045249105200433,29.640775229932107
5.82,3.3642177607522132,1.5190562333656938,27.694072093204447,29.640775229932107
5.825,3.272418037408243,1.665085790699409,27.34878736728413,29.640775229932107
5.83,3.192851152591527,1.814700492550701,27.011529647382563,29.640775229932107
5.835,3.123850928102442,1.9711278588531262,26.680191739314076,29.640775229932107
5.84,3.0662673274809333,2.129912929413492,26.35498992201043,29.640775229932107
5.845,3.0189091665468597,2.2930410923216447,26.036114496179593,29.640775229932107
5.8500000000000005,2.9831636605309026,2.459897204809578,25.723225852974878,29.640775229932107
5.855,2.9576876797278544,2.629483246262914,25.417424396345503,-5.431415005418478
5.86,2.941751996345373,2.626962738113517,25.116800824305763,-5.431415005418478
5.865,2.9263044318770177,2.629166203913828,24.821113796785767,-5.431415005418478
5.87,2.9114870276681186,2.6365431292164137,24.52782073843766,-5.431415005418478
5.875,2.8970832850376764,2.6480076850805454,24.239160863693357,-5.431415005418478
5.88,2.885019047113364,2.6624865302187906,23.954625640880753,-5.431415005418478
5.885,2.873398979099688,2.680642263303749,23.67318642408441,-5.431415005418478
5.89,2.863653617008798,2.7018023069340766,23.39640882618415,-5.431415005418478
5.8950000000000005,2.8557429232865594,2.7274456975232106,23.123560972960295,-5.431415005418478
5.9,2.8498901930893625,2.756721135478856,22.85340513746948,-5.431415005418478
5.905,2.845078099787482,2.789202730585631,22.5883628276124,-5.431415005418478
5.91,2.8414365290407564,2.8253645085399577,22.32714492719167,-5.431415005418478
5.915,2.841422925133493,2.8644940666531395,22.069862757614008,-5.431415005418478
5.92,2.843056262516231,2.9072470197834113,21.815381186478174,-5.431415005418478
5.925,2.8467856924370283,2.95350459154808,21.565846973809084,-5.431415005418478
5.93,2.85332316402247,3.0020610183465224,21.320006644457344,-5.431415005418478
5.9350000000000005,2.861888041262173,3.0552198498770027,21.07752603047097,-5.431415005418478
5.94,2.870945887557509,3.1109687233200174,20.839465836710673,-5.431415005418478
5.945,2.8820369144538827,3.1699363791713187,20.606395145511218,-5.431415005418478
5.95,2.8961864064993406,3.2347267881023343,20.377559181082738,-5.431415005418478
5.955,2.9131008652724915,3.30306661492103,20.15224489145823,-5.431415005418478
5.96,2.932659918494883,3.3741847148370123,19.931356597138276,-5.431415005418478
5.965,2.954715842321684,3.4475560713094047,19.714759737088244,-5.431415005418478
5.97,2.9786491630315703,3.5254529894670195,19.502825890952632,-5.431415005418478
5.9750000000000005,3.0068289735671128,3.6078993919977105,19.294358769790506,-5.431415005418478
5.98,3.0381503994638006,3.6930914478951,19.090788421529968,-5.431415005418478
5.985,3.0708646211865958,3.782451983279432,18.892922569850917,-5.431415005418478
5.99,3.106192413533998,3.8763663170057163,18.700366877013757,-5.431415005418478
5.995,3.143742533311569,3.9747339816028044,18.510841626410354,-5.431415005418478
6.0,3.1846690525737467,4.076213932263238,18.326792182883974,-5.431415005418478
6.005,3.2289579117550122,4.1834483071574,18.146995837786676,-5.431415005418478
6.01,3.2763953717712693,4.293961744226558,17.972755133190145,-5.431415005418478
6.015000000000001,3.327280995846874,4.409426871572005,17.80331099720615,-5.431415005418478
6.0200000000000005,3.3804835497090986,4.530297160690039,17.639384647746695,-5.431415005418478
6.025,3.4389337691775803,4.655604077912284,17.48013174119372,-5.431415005418478
6.03,3.499583401269346,4.786755500779686,17.32655388083304,-5.431415005418478
6.035,3.563399547967981,4.922491374316889,17.178981906287767,-5.431415005418478
6.04,3.6304166960036968,5.063465201035669,17.03688665727593,-5.431415005418478
6.045,3.7030937930053427,5.2103024676833405,16.902182998789602,-5.431415005418478
6.05,3.7792117566604415,5.361185035668255,16.774307154858583,-5.431415005418478
6.055,3.8577812931615485,5.518753589312747,16.651377763590435,-5.431415005418478
6.0600000000000005,3.939878823954417,5.683289915562293,16.53502651178973,-5.431415005418478
6.065,4.026702882895416,5.854503947908301,16.426764762882108,-5.431415005418478
6.07,4.118996903686447,6.03175054521255,16.326230203710736,-5.431415005418478
6.075,4.2154175978250965,6.215395745918268,16.230860419168206,-5.431415005418478
6.08,4.316290882897775,6.406405387543558,16.14415723730209,-5.431415005418478
6.085,4.420478142141974,6.601662107768817,16.067080898717908,-5.431415005418478
6.09,4.529262519813238,6.805078367121688,16.000070828815584,-5.431415005418478
6.095,4.643247560788081,7.015318622474229,15.940404831695577,-5.431415005418478
6.1000000000000005,4.7615637681642715,7.234472535142672,15.890458390947833,-5.431415005418478
6.105,4.885061813789663,7.458817544412033,15.851876423889497,-5.431415005418478
6.11,5.013430574517343,7.691653566611285,15.823229909897558,-5.431415005418478
6.115,5.14806306893765,7.931115950338385,15.804013246830877,-5.431415005418478
6.12,5.288001209692758,8.177943008699668,15.798224486540155,-5.431415005418478
6.125,5.432948890384829,8.433306503137775,15.803905953957674,-5.431415005418478
6.13,5.583240289281362,8.694472794514686,15.823932640135451,-5.431415005418478
6.135,5.738766509937012,8.963447735399496,15.855101941549115,-5.431415005418478
6.140000000000001,5.900573729794736,9.239778842568198,15.899816195590427,-5.431415005418478
6.1450000000000005,6.066513881831412,9.522927030828797,15.96051037147998,-5.431415005418478
6.15,6.239026998040623,9.81365037562763,16.037722607074294,-5.431415005418478
6.155,6.418263742964077,10.111305782215505,16.130535538713158,-5.431415005418478
6.16,6.602952025095696,10.414107567938338,16.23969299233774,-5.431415005418478
6.165,6.794038754505086,10.723535849737464,16.366649868884945,-5.431415005418478
6.17,6.989765383797248,11.037623207850052,16.511904999017098,-5.431415005418478
6.175,7.1914798484468445,11.357013693890623,16.678040599700875,-5.431415005418478
6.18,7.399467055599855,11.6806311896254,16.864317682885552,-5.431415005418478
6.1850000000000005,7.613097147701106,12.00668496020812,17.07121582721107,-5.431415005418478
6.19,7.8326033575095355,12.335225373425066,17.301942384334758,-5.431415005418478
6.195,8.057246393364295,12.664933597524433,17.55346736583305,-5.431415005418478
6.2,8.287742520662903,12.9952691817412,17.830334710661727,-5.431415005418478
6.205,8.521963738495536,13.325341046166555,18.131160747543525,-5.431415005418478
6.21,8.761586247980803,13.653351381962421,18.455937949351085,-5.431415005418478
6.215,9.005329135396419,13.975997327108102,18.809070271472688,-5.431415005418478
6.22,9.252324179186056,14.292134636748711,19.187579780852435,-5.431415005418478
6.2250000000000005,9.504163425121494,14.601160099031278,19.592416433954057,-5.431415005418478
6.23,9.760190458913284,14.901283617971758,20.025010260280407,-5.431415005418478
6.235,10.018083656630647,15.18963234092571,20.483869515995476,-5.431415005418478
6.24,10.276898070301163,15.463170306879961,20.97172124251177,-5.431415005418478
6.245,10.536457865326136,15.718350476627258,21.48524272510713,-5.431415005418478
6.25,10.794905844710879,15.954739982154608,22.025927638001477,-5.431415005418478
6.255,11.052668245197973,16.169979699205484,22.5943761499958,-5.431415005418478
6.26,11.309406719698186,16.362210174242964,23.186930757895663,-5.431415005418478
6.265000000000001,11.562128819890154,16.52537889637801,23.80200434993511,-5.431415005418478
6.2700000000000005,11.811671000301507,16.658369598952962,24.439754071774228,-5.431415005418478
6.275,12.055668131072359,16.758042253538832,25.097067561998877,-5.431415005418478
6.28,12.290951348918666,16.821178028312296,25.773689963982378,-5.431415005418478
6.285,12.518795193566193,16.846414201952356,26.462807613622587,-5.431415005418478
6.29,12.735206462519761,16.83097121047671,27.163973780375617,-5.431415005418478
6.295,12.939123739938239,16.77286648362214,27.873535895723034,-5.431415005418478
6.3,13.131167539749276,16.669656674733726,28.587231386551984,-5.431415005418478
6.305,13.3087125517412,16.52087643919242,29.302284720001843,-5.431415005418478
6.3100000000000005,13.46920639474022,16.323672325609422,30.01045024785056,-5.431415005418478
6.315,13.610611910863707,16.080483572254145,30.710001582878753,-5.431415005418478
6.32,13.735605548036352,15.788258166690666,31.39416651115475,-5.431415005418478
6.325,13.837525664450746,15.448755376762977,32.06011986887297,-5.431415005418478
6.33,13.917903523774234,15.06229869117556,32.70144450976206,-5.431415005418478
6.335,13.974870628698874,14.631705584689227,33.313345953366756,-5.431415005418478
6.34,14.008470109810585,14.159957189625713,33.89256144503456,-5.431415005418478
6.345,14.015347382257028,13.649909144159428,34.432928530312566,-5.431415005418478
6.3500000000000005,13.997456634162335,13.103722743967406,34.93083331594696,-5.431415005418478
6.355,13.953311459271385,12.526113420098051,35.382377166813285,-5.431415005418478
6.36,13.881885136554294,11.921330581553098,35.78442569082891,-5.431415005418478
6.365,13.784422027739412,11.294927691556122,36.13527907757728,-5.431415005418478
6.37,13.659326065201325,10.649768468846123,36.43242587557937,-5.431415005418478
6.375,13.508850919113375,9.993369024528718,36.67496429879329,-5.431415005418478
6.38,13.332720595508865,9.330308760347405,36.860947365732066,-5.431415005418478
6.385,13.13092361368917,8.666082268219514,36.99090720862115,-5.431415005418478
6.390000000000001,12.908393917066054,8.005103200562331,37.06776110308422,-5.431415005418478
6.3950000000000005,12.663499033120791,7.352737388511803,37.09017032816222,-5.431415005418478
6.4,12.39755834829913,6.712664487765272,37.06163193009802,-5.431415005418478
6.405,12.11320599651688,6.090424517125967,36.98414830873656,-5.431415005418478
6.41,11.812722460314726,5.489149489357545,36.859789559735866,-5.431415005418478
6.415,11.49654932044951,4.911204286752044,36.69176063806741,-5.431415005418478
6.42,11.168034599809266,4.360640850693269,36.485780105697884,-5.431415005418478
6.425,10.827034787530183,3.83870395940437,36.243520986007155,-5.431415005418478
6.43,10.478181427937107,3.3465243555141666,35.967016241958305,-5.431415005418478
6.4350000000000005,10.121085064817361,2.8845971812850353,35.66312190301663,-5.431415005418478
6.44,9.758750707933318,2.454372098647693,35.33398419986307,-5.431415005418478
6.445,9.393420923144689,2.058639334238747,34.982576323224144,-5.431415005418478
6.45,9.02677727410588,1.6934541008050976,34.61217470058375,-5.431415005418478
6.455,8.660120502903023,1.360880792929665,34.22736178333485,-5.431415005418478
6.46,8.293926616880356,1.0571699144168372,33.83006031758976,-5.431415005418478
6.465,7.932449712159348,0.7835467709534931,33.42177806764297,-5.431415005418478
6.47,7.574845756910291,0.5357970189985958,33.006856516305,-5.431415005418478
6.4750000000000005,7.223072314062743,0.3160535939928469,32.58685839344743,-5.431415005418478
6.48,6.87741510023711,0.12126510578657582,32.16389090528232,-5.431415005418478
6.485,6.538584680533659,-0.0492874886022088,31.739461453354345,-5.431415005418478
6.49,6.208392404150794,-0.19724729174073496,31.314017251967837,-5.431415005418478
6.495,5.887927104164586,-0.32602374636764697,30.89112102180029,-5.431415005418478
6.5,5.578158398382215,-0.43699013746589355,30.469143895163388,-5.431415005418478
6.505,5.278078613038519,-0.5307997549047156,30.04833735496684,-5.431415005418478
6.51,4.9865384878250865,-0.6095951303460017,29.633671148236523,-5.431415005418478
6.515000000000001,4.707101553942171,-0.6745936565362889,29.223796998246893,-5.431415005418478
6.5200000000000005,4.438098983173871,-0.72797746109159,28.817507514700875,-5.431415005418478
6.525,4.179110209204781,-0.7689313890095495,28.417357562623966,-5.431415005418478
6.53,3.931950540871229,-0.8022263649673349,28.02204759141103,-5.431415005418478
6.535,3.6948834691190915,-0.8253780224209772,27.63146293323553,-5.431415005418478
6.54,3.4694727906806824,-0.8411600276485879,27.24771669282127,-5.431415005418478
6.545,3.254521248274204,-0.8519330286278126,26.86971003604697,-5.431415005418478
6.55,3.049761547529875,-0.8565393383583773,26.497126746469643,-5.431415005418478
6.555,2.8549880439175954,-0.8565783163301038,26.13050935445717,-5.431415005418478
6.5600000000000005,2.6688118304183184,-0.8520814253142525,25.769774419286414,-5.431415005418478
6.565,2.4921150029213055,-0.844293681706226,25.4157058306663,-5.431415005418478
6.57,2.3248116068626805,-0.835042540658406,25.066675873805337,-5.431415005418478
6.575,2.1671218910899364,-0.823250167330595,24.722614584315533,-5.431415005418478
6.58,2.0186212055982864,-0.8094241183330599,24.384301201020858,-5.431415005418478
6.585,1.8767348378147772,-0.7966381302014218,24.05104190211306,-5.431415005418478
6.59,1.7427228780081585,-0.7826705293280697,23.72270430799942,-5.431415005418478
6.595,1.61611059570552,-0.7686863888258879,23.400926637804897,-5.431415005418478
6.6000000000000005,1.4972533060691988,-0.7544196433482102,23.082203446734642,-5.431415005418478
6.605,1.3850558387769756,-0.7414472768810165,22.768120356918455,-5.431415005418478
6.61,1.2788800811653467,-0.7275670931409848,22.458907879401252,-5.431415005418478
6.615,1.1784803180994778,-0.7152608495930594,22.155198905895894,-5.431415005418478
6.62,1.0839440349258906,-0.7046147839040507,21.855320204074722,-5.431415005418478
6.625,0.9932966691672986,-0.6932672903364764,21.559567268157497,-5.431415005418478
6.63,0.9089428418907856,-0.6841768533669863,21.26851753451449,-5.431415005418478
6.635,0.8289837627203609,-0.6768601355031197,20.9811249597306,-5.431415005418478
6.640000000000001,0.7539513393216901,-0.6707038895991718,20.698653157736448,-5.431415005418478
6.6450000000000005,0.6821891931798153,-0.666514235567416,20.419928247511436,-5.431415005418478
6.65,0.6146105285009766,-0.6666295780040682,20.144599455877895,-5.431415005418478
6.655,0.551094751001318,-0.6660304146406749,19.873695832357196,-5.431415005418478
6.66,0.4907006003330867,-0.6672829147898577,19.606330045390813,-5.431415005418478
6.665,0.43420429652587944,-0.6691625255590388,19.343831829227188,-5.431415005418478
6.67,0.3792265412840454,-0.6746420200160105,19.085074542331967,-5.431415005418478
6.675,0.32633401874544904,-0.6805365552236203,18.82935233705651,-5.431415005418478
6.68,0.2754213817542478,-0.690311327860967,18.576563813652808,-5.431415005418478
6.6850000000000005,0.22682103922855298,-0.7010556395009746,18.328467694965962,-5.431415005418478
6.69,0.18079013691757903,-0.7140863784562382,18.08233504183731,-5.431415005418478
6.695,0.13606246985285836,-0.728203824604165,17.839597164394554,-5.431415005418478
6.7,0.0924545797853144,-0.7439939793681597,17.601638724385875,-5.431415005418478
6.705,0.05202332463341358,-0.7635504997241732,17.367482752085053,-5.431415005418478
6.71,0.012022225145645188,-0.7844620827380755,17.135710452332553,-5.431415005418478
6.715,-0.027751642409476328,-0.8074168425835678,16.907623202392827,-5.431415005418478
6.72,-0.06738328217650967,-0.8328567952498638,16.682677805445408,-5.431415005418478
6.7250000000000005,-0.10511888820042457,-0.859616617865592,16.46008344477922,-5.431415005418478
6.73,-0.14285947143065503,-0.8888855703948538,16.241068685356765,-5.431415005418478
6.735,-0.18029286380631993,-0.9189379094869417,16.024920040091427,-5.431415005418478
6.74,-0.21658457613007437,-0.9510643089286128,15.811942987472918,-5.431415005418478
6.745,-0.25389741032587987,-0.9866311170062216,15.602926362856328,-5.431415005418478
6.75,-0.2900964454196005,-1.0258625769245657,15.396296569143697,-5.431415005418478
6.755,-0.32714231659016724,-1.0660431364004084,15.192524665157917,-5.431415005418478
6.76,-0.363984758432958,-1.1078061671367907,14.99300614367062,-5.431415005418478
6.765000000000001,-0.4001075666411831,-1.1529870948764147,14.796029956880579,-5.431415005418478
6.7700000000000005,-0.4387788684308678,-1.201087762563998,14.60113285015225,-5.431415005418478
6.775,-0.47732340509977617,-1.2508269982198663,14.408991471820645,-5.431415005418478
6.78,-0.5160313979144907,-1.3036796088463576,14.220525326191389,-5.431415005418478
6.785,-0.5556719855424725,-1.36001718065179,14.033364183664514,-5.431415005418478
6.79,-0.5959079590078922,-1.4206746791707192,13.849927760471223,-5.431415005418478
6.795,-0.6384946838579164,-1.4825452127162781,13.668309495762625,-5.431415005418478
6.8,-0.6812752666954185,-1.5480041135973672,13.490473562197916,-5.431415005418478
6.805,-0.7229658705341536,-1.617317978670035,13.314625500963585,-5.431415005418478
6.8100000000000005,-0.7672580750285379,-1.6890301030310237,13.14354122001924,-5.431415005418478
6.815,-0.8124553494850004,-1.7645338505600392,12.973590456781686,-5.431415005418478
6.82,-0.8604186645873121,-1.8436520895200332,12.807147390203987,-5.431415005418478
6.825,-0.9098686072519745,-1.9275605619990523,12.643730814614909,-5.431415005418478
6.83,-0.9605219120824228,-2.0148625272611764,12.48392388145459,-5.431415005418478
6.835,-1.0125598284560373,-2.1068134272236367,12.327388144622944,-5.431415005418478
6.84,-1.0677245176443546,-2.2028223969111513,12.17397179158787,-5.431415005418478
6.845,-1.124908597831114,-2.3026298561403005,12.023452652953459,-5.431415005418478
6.8500000000000005,-1.1853059111752937,-2.4079582341739845,11.87495858706951,-5.431415005418478
6.855,-1.2452474537894218,-2.5193356815816776,11.731188886616186,-5.431415005418478
6.86,-1.310186951516363,-2.6344699003151253,11.591062418284281,-5.431415005418478
6.865,-1.3774399528933992,-2.75556381781028,11.45426242026893,-5.431415005418478
6.87,-1.4453903976463383,-2.8828838844380638,11.32122330705684,-5.431415005418478
6.875,-1.5172258219151604,-3.0153104734918683,11.19145970609681,-5.431415005418478
6.88,-1.5913977480637052,-3.1550709048236856,11.064593952060882,-5.431415005418478
6.885,-1.669457359146013,-3.3008245227334045,10.941545897415338,-5.431415005418478
6.890000000000001,-1.7505000287145822,-3.454143718340747,10.82231793136899,-5.431415005418478
6.8950000000000005,-1.8358163818041064,-3.6143883825841607,10.708766166935298,-5.431415005418478
6.9,-1.9246526889558115,-3.781223984920373,10.599120743074788,-5.431415005418478
6.905,-2.017478846605583,-3.9575070501952796,10.493471229159796,-5.431415005418478
6.91,-2.1137958182230836,-4.1398231774999275,10.393690812838358,-5.431415005418478
6.915,-2.215026317904948,-4.332438770014408,10.299469687064432,-5.431415005418478
6.92,-2.320395481628868,-4.533232134797901,10.210769569177659,-5.431415005418478
6.925,-2.4315254253187537,-4.745066117724356,10.126670123880224,-5.431415005418478
6.93,-2.546797460610441,-4.9665068954757015,10.048592739866024,-5.431415005418478
6.9350000000000005,-2.6680092814095557,-5.197135133554863,9.97812895657216,-5.431415005418478
6.94,-2.793813364674175,-5.4385444607702835,9.913401650713224,-5.431415005418478
6.945,-2.926879744165465,-5.690888782862849,9.856637754288446,-5.431415005418478
6.95,-3.0649390507777317,-5.955011345423751,9.80872151387736,-5.431415005418478
6.955,-3.209146201286354,-6.231556317455247,9.76845763648604,-5.431415005418478
6.96,-3.36151744415007,-6.519794085119291,9.738109662896408,-5.431415005418478
6.965,-3.519563097884942,-6.821050578372617,9.716980055366392,-5.431415005418478
6.97,-3.6844221255302028,-7.135580471464273,9.7070481480458,-5.431415005418478
6.9750000000000005,-3.8581047665273633,-7.463117800355027,9.708708040208958,-5.431415005418478
6.98,-4.038121040417133,-7.805439922073013,9.723332539042591,-5.431415005418478
6.985,-4.2270974953771985,-8.161994710563091,9.751120922890465,-5.431415005418478
6.99,-4.423561240587652,-8.535175192306736,9.792869112282371,-5.431415005418478
6.995,-4.629759459917902,-8.921585222796253,9.849559595830435,-5.431415005418478
7.0,-4.844441912441168,-9.325096537015044,9.925926100882686,-5.431415005418478
7.005,-5.067352233002871,-9.742977387936515,10.01842412150268,-5.431415005418478
7.01,-5.301795872162066,-10.178178890292134,10.131479927671911,-5.431415005418478
7.015000000000001,-5.545349595195007,-10.627908725304323,10.265520836550424,-5.431415005418478
7.0200000000000005,-5.800255265527168,-11.092768525242352,10.423642488510595,-5.431415005418478
7.025,-6.064554132218157,-11.574650550051663,10.605998531140926,-5.431415005418478
7.03,-6.3399630589328,-12.070786954610977,10.816493869497446,-5.431415005418478
7.035,-6.628085070441051,-12.58228352253677,11.053860424311805,-5.431415005418478
7.04,-6.925671864322303,-13.108000156573404,11.324262779033532,-5.431415005418478
7.045,-7.234131798289534,-13.647718647232258,11.627477625618258,-5.431415005418478
7.05,-7.5536426918519215,-14.19783915929596,11.9665799576519,-5.431415005418478
7.055,-7.884902788626123,-14.760179557826048,12.343718127472044,-5.431415005418478
7.0600000000000005,-8.228292359461811,-15.330755568126985,12.761844801644195,-5.431415005418478
7.065,-8.584493190794964,-15.90773031654957,13.222011173285585,-5.431415005418478
7.07,-8.950021545755176,-16.489106575923117,13.727333997614833,-5.431415005418478
7.075,-9.327663286401613,-17.071872233430145,14.282490981306387,-5.431415005418478
7.08,-9.715063071933807,-17.653436531487497,14.88909807814839,-5.431415005418478
7.085,-10.112353965523626,-18.229388741791553,15.549368814506323,-5.431415005418478
7.09,-10.517696300241397,-18.794433759846587,16.263313736628003,-5.431415005418478
7.095,-10.932673357215434,-19.344979753704845,17.034491255919054,-5.431415005418478
7.1000000000000005,-11.353099250070823,-19.873486760252963,17.865970052976817,-5.431415005418478
7.105,-11.779721886043223,-20.376477557824902,18.755420674347185,-5.431415005418478
7.11,-12.210032289784849,-20.845524838556162,19.706625469660697,-5.431415005418478
7.115,-12.641945327058753,-21.275144354332834,20.716436395113103,-5.431415005418478
7.12,-13.073588147235181,-21.656316944311474,21.78484650070276,-5.431415005418478
7.125,-13.504674107911274,-21.980760455449683,22.909620575277966,-5.431415005418478
7.13,-13.928726525835414,-22.24190941187188,24.0895821978315,-5.431415005418478
7.135,-14.343138276383096,-22.430522963564172,25.318866842204542,-5.431415005418478
7.140000000000001,-14.747988952484187,-22.538441351393228,26.58884836430876,-5.431415005418478
7.1450000000000005,-15.137978393144621,-22.557362939882676,27.896582852623126,-5.431415005418478
7.15,-15.50862017684644,-22.479664870559976,29.23242534877184,-5.431415005418478
7.155,-15.85692880275838,-22.29879930937808,30.58539942304941,-5.431415005418478
7.16,-16.179912151559392,-22.010735472313684,31.94495108735194,-5.431415005418478
7.165,-16.471985975882433,-21.608011129365305,33.301478250332906,-5.431415005418478
7.17,-16.727845041859585,-21.090433626716777,34.636722740630915,-5.431415005418478
7.175,-16.945981429607524,-20.45568100314768,35.939245651109196,-5.431415005418478
7.18,-17.12126366503919,-19.708936462811852,37.19371067528725,-5.431415005418478
7.1850000000000005,-17.25089194872516,-18.849440630906784,38.38425323613227,-5.431415005418478
7.19,-17.330423080783422,-17.886583077121742,39.4979812083359,-5.431415005418478
7.195,-17.3599618329435,-16.828318483239276,40.52137992580733,-5.431415005418478
7.2,-17.33224530204322,-15.683233437703691,41.44227996249311,-5.431415005418478
7.205,-17.249151627466016,-14.4663894563048,42.24918042802547,-5.431415005418478
7.21,-17.110149906928328,-13.191281861429788,42.933513761872305,-5.431415005418478
7.215,-16.913887955548034,-11.87543236869914,43.48904517801607,-5.431415005418478
7.22,-16.66294893018237,-10.533151051896816,43.91357651758305,-5.431415005418478
7.2250000000000005,-16.35582324614734,-9.181623954807167,44.20520039189087,-5.431415005418478
7.23,-15.997368051115624,-7.8370028837096175,44.365311693017375,-5.431415005418478
7.235,-15.590088621509013,-6.514627979230936,44.40150900895127,-5.431415005418478
7.24,-15.136318182933522,-5.231039995078984,44.31783473460692,-5.431415005418478
7.245,-14.642112140407258,-3.9976957812352816,44.124509059669975,-5.431415005418478
7.25,-14.110788044517566,-2.82349125691913,43.82925104693171,-5.431415005418478
7.255,-13.54771327692794,-1.7193227135579436,43.44399047217528,24.246877639940216
7.26,-12.955121961751471,-0.5437363928874319,42.9795815698013,24.246877639940216
7.265000000000001,-12.33383485038659,0.5504515067918214,42.4408946907107,24.246877639940216
7.2700000000000005,-11.689475823751508,1.5605854349463801,41.8410512767879,24.246877639940216
7.275,-11.027854766001054,2.4828586353669815,41.19195914508607,24.246877639940216
7.28,-10.352945869500036,3.319261660252182,40.5042342113877,24.246877639940216
7.285,-9.669192067364424,4.0720879500604354,39.79137800938698,24.246877639940216
7.29,-8.98148315466794,4.743377176769152,39.06347629527324,24.246877639940216
7.295,-8.296295297569895,5.337119743446615,38.328974354951605,24.246877639940216
7.3,-7.613950118080705,5.860939055566645,37.59621267951216,24.246877639940216
7.305,-6.941750489742844,6.319789145069413,36.87129527676606,24.246877639940216
7.3100000000000005,-6.2786509271501325,6.717205595530132,36.15972387583845,24.246877639940216
7.315,-5.629223542752202,7.06127464595099,35.46701031622501,24.246877639940216
7.32,-4.995537422043252,7.35744501729118,34.794948093748324,24.246877639940216
7.325,-4.379147283106448,7.6128862166849025,34.14757250882514,24.246877639940216
7.33,-3.7795741237853093,7.83074692748314,33.52542924365421,24.246877639940216
7.335,-3.2000183387053744,8.01722412458178,32.93206426173188,24.246877639940216
7.34,-2.6390302039510125,8.176346385795084,32.36557689433598,24.246877639940216
7.345,-2.0975180450913378,8.31468357321525,31.82657411748255,24.246877639940216
7.3500000000000005,-1.5771248765870083,8.435317282465917,31.31352318311964,24.246877639940216
7.355,-1.076732438509418,8.540398651715991,30.829806932392017,24.246877639940216
7.36,-0.5964085767662366,8.63464695904808,30.372019928812886,24.246877639940216
7.365,-0.1347299442732941,8.71999956403757,29.939723265220977,24.246877639940216
7.37,0.307332627192367,8.79994626246077,29.53431870134807,24.246877639940216
7.375,0.7318182086011261,8.875565058532215,29.15445972667692,24.246877639940216
7.38,1.1386382289392891,8.947422228396137,28.799208700707837,24.246877639940216
7.385,1.5291107572566787,9.018478199027687,28.468138161554123,24.246877639940216
7.390000000000001,1.9036061308325618,9.091601836456363,28.15762525495677,24.246877639940216
7.3950000000000005,2.262820524029956,9.166688587938673,27.868258924760344,24.246877639940216
7.4,2.6070599193503896,9.243654210959477,27.59996076928563,24.246877639940216
7.405,2.9382962588896007,9.324088387196051,27.35164406743976,24.246877639940216
7.41,3.2589624573121694,9.408052444230801,27.123533104615273,24.246877639940216
7.415,3.566396219163809,9.496858473439334,26.915234660842902,24.246877639940216
7.42,3.8615072243549893,9.590788646380519,26.726321545252347,24.246877639940216
7.425,4.148232193382862,9.688951482151163,26.555861467053912,24.246877639940216
7.43,4.424865017897492,9.791988324626738,26.40221948633885,24.246877639940216
7.4350000000000005,4.693745790996202,9.900892243678182,26.267205913891175,24.246877639940216
7.44,4.955408438736627,10.014164855571025,26.150642649371097,24.246877639940216
7.445,5.208316206484517,10.131349057979575,26.050399987471263,24.246877639940216
7.45,5.454320323054392,10.252372174904394,25.96775300591935,24.246877639940216
7.455,5.6926495583083225,10.377109615854906,25.902012741882338,24.246877639940216
7.46,5.926991414262273,10.505636975301323,25.85256611344147,24.246877639940216
7.465,6.155771553164614,10.638611816114919,25.819265024994795,24.246877639940216
7.47,6.381167662362008,10.772630864301181,25.80285940108592,24.246877639940216
7.4750000000000005,6.6005368637550195,10.910277622352663,25.80318355116565,24.246877639940216
7.48,6.8160862348263365,11.04840994939459,25.819600522247278,24.246877639940216
7.485,7.028549798718436,11.189163312217024,25.852107308754803,24.246877639940216
7.49,7.2362795019621124,11.328861971796703,25.900064428132016,24.246877639940216
7.495,7.442471549087035,11.469634630962936,25.966252669879356,24.246877639940216
7.5,7.643890756063804,11.60940852516317,26.04787184654241,24.246877639940216
7.505,7.841353668355898,11.747979436149965,26.143633985231627,24.246877639940216
7.51,8.037371357031175,11.88212116480491,26.255748673703877,24.246877639940216
7.515000000000001,8.228968816937309,12.014867427571643,26.383993108623404,24.246877639940216
7.5200000000000005,8.41834099633185,12.143387677813482,26.526944699930493,24.246877639940216
7.525,8.60413464373013,12.266726747904396,26.682934279448467,24.246877639940216
7.53,8.787942654177241,12.383117704215804,26.855311671721648,24.246877639940216
7.535,8.96896967108118,12.49144033705961,27.041872997463198,24.246877639940216
7.54,9.145816577156822,12.594018840358885,27.240393373508077,24.246877639940216
7.545,9.31980766306359,12.688334316093865,27.452764346729605,24.246877639940216
7.55,9.488492903051377,12.77195194003462,27.677908799639646,24.246877639940216
7.555,9.652927829769574,12.844241772041187,27.91361742020619,24.246877639940216
7.5600000000000005,9.813064954319268,12.906333743146622,28.161411907524126,24.246877639940216
7.565,9.966999354982327,12.954721708593931,28.418496215576234,24.246877639940216
7.57,10.116337316132956,12.99104268803962,28.686970546241422,24.246877639940216
7.575,10.258830485347834,13.012575045463958,28.961180724202347,24.246877639940216
7.58,10.395466603246613,13.019514559063147,29.24115343516502,24.246877639940216
7.585,10.52642077658926,13.011484507629914,29.527023998499608,24.246877639940216
7.59,10.650695791387811,12.987324767898277,29.817565532743462,24.246877639940216
7.595,10.7678339214685,12.945862471041242,30.111983641120094,24.246877639940216
7.6000000000000005,10.87637158956768,12.88873493383432,30.407663820090303,24.246877639940216
7.605,10.978432296167535,12.8146425202657,30.702531640129656,24.246877639940216
7.61,11.070277025606957,12.724459703216231,30.995999806808236,24.246877639940216
7.615,11.151915225281819,12.61718427591444,31.2863886619665,24.246877639940216
7.62,11.225053912153554,12.492808304144411,31.573600695672848,24.246877639940216
7.625,11.288269795142545,12.35138102551212,31.854319108450348,24.246877639940216
7.63,11.34075765264564,12.193605951688092,32.126769308115946,24.246877639940216
7.635,11.383389622920165,12.020476492749896,32.38949636623207,24.246877639940216
7.640000000000001,11.41495122224929,11.832654631291154,32.64319975122622,24.246877639940216
7.6450000000000005,11.436265652447025,11.630800077412378,32.88292046738837,24.246877639940216
7.65,11.446667065708949,11.414957282719843,33.10884148003498,24.246877639940216
7.655,11.445801885553058,11.186681025776402,33.32100337150799,24.246877639940216
7.66,11.43355583458787,10.948492384820023,33.51854628824069,24.246877639940216
7.665,11.407948216292562,10.699243322553714,33.69820074225993,24.246877639940216
7.67,11.3732219448696,10.44098327074374,33.858401820314825,24.246877639940216
7.675,11.325853591441993,10.17728720894151,33.999574190639684,24.246877639940216
7.68,11.268177546275044,9.907715862617078,34.12236522392836,24.246877639940216
7.6850000000000005,11.200539508765337,9.634984608150832,34.22599912460725,24.246877639940216
7.69,11.122949665763864,9.359340838542902,34.3086580752904,24.246877639940216
7.695,11.035211232770274,9.083067695389198,34.37049805818616,24.246877639940216
7.7,10.9379755499866,8.808312751991735,34.41258510893744,24.246877639940216
7.705,10.831473949713633,8.535459642581266,34.435691553465794,24.246877639940216
7.71,10.716097962427169,8.264564253687254,34.43895849607459,24.246877639940216
7.715,10.59343224239243,7.999082084093573,34.4235510343953,24.246877639940216
7.72,10.46273035314549,7.739831392806296,34.38721792858208,24.246877639940216
7.7250000000000005,10.32572739996343,7.486961356233193,34.33516718197385,24.246877639940216
7.73,10.183507517774013,7.244890467486753,34.26341285966523,24.246877639940216
7.735,10.036038144969025,7.011134270045716,34.17597713762627,24.246877639940216
7.74,9.886217913475079,6.788506118249877,34.07253103026702,24.246877639940216
7.745,9.731242696011439,6.576304828549179,33.954635894055755,24.246877639940216
7.75,9.573446529517291,6.3762591182675195,33.82191938300819,24.246877639940216
7.755,9.412814888119717,6.186071542480769,33.67636830704297,24.246877639940216
7.76,9.251114255446979,6.009184943900855,33.518000856210605,24.246877639940216
7.765000000000001,9.08919084886324,5.844489326607031,33.34937726600687,24.246877639940216
7.7700000000000005,8.926429280263502,5.69470558754795,33.17017998663626,24.246877639940216
7.775,8.763451339469514,5.55627538345075,32.9818899242636,24.246877639940216
7.78,8.60319496441912,5.431284849690112,32.78481113093853,24.246877639940216
7.785,8.445225393949128,5.318902104622371,32.58079168452372,24.246877639940216
7.79,8.288971727307604,5.220611675093,32.36980229602006,24.246877639940216
7.795,8.134898224636087,5.13485961654868,32.1549396983603,24.246877639940216
7.8,7.984220500242414,5.061437524143422,31.935248410271537,24.246877639940216
7.805000000000001,7.839011328110002,5.000720648883888,31.71246480258033,24.246877639940216
7.8100000000000005,7.698078234522774,4.951912147217512,31.4848499398782,24.246877639940216
7.815,7.560425426168306,4.914087811229461,31.256390798454223,24.246877639940216
7.82,7.427589095325381,4.887981161112695,31.026517770580853,24.246877639940216
7.825,7.301283400636411,4.870253295608135,30.793882666021016,24.246877639940216
7.83,7.179703717803746,4.8643032274649505,30.560914467484167,24.246877639940216
7.835,7.064127984247969,4.869258109011452,30.328612712959107,24.246877639940216
7.84,6.954841352716282,4.882924263632599,30.096196856356972,24.246877639940216
7.845,6.851896508716618,4.907072769475815,29.864620857530962,24.246877639940216
7.8500000000000005,6.755718129165757,4.940524779288721,29.63449524629594,24.246877639940216
7.855,6.664310410878443,4.982100158797961,29.406090466547276,24.246877639940216
7.86,6.5801850547042795,5.0316283956077426,29.18076298792332,24.246877639940216
7.865,6.502138848123543,5.088031800309694,28.95749505568723,24.246877639940216
7.87,6.430459545452278,5.152544120063713,28.73600167594082,24.246877639940216
7.875,6.365595308982766,5.224873496416764,28.518734516098256,24.246877639940216
7.88,6.3078441021776115,5.303365737803831,28.302728796965624,24.246877639940216
7.885,6.256759713996297,5.387332275078532,28.091912908518417,24.246877639940216
7.890000000000001,6.21326218243854,5.478102785734876,27.885665550917487,24.246877639940216
7.8950000000000005,6.175047038607572,5.574612568266011,27.68457615020311,24.246877639940216
7.9,6.144971817060448,5.677166455212994,27.487852531803043,24.246877639940216
7.905,6.121774355702766,5.786551710400106,27.296863767050223,24.246877639940216
7.91,6.105324781890153,5.900387448273344,27.11024135632553,24.246877639940216
7.915,6.094897368458159,6.018849599596606,26.929177053298357,24.246877639940216
7.92,6.091143694618945,6.143021405873768,26.753801969196154,24.246877639940216
7.925,6.094740546723653,6.271054526806057,26.583321659584758,24.246877639940216
7.930000000000001,6.103258891595281,6.403848155855308,26.418722229223604,24.246877639940216
7.9350000000000005,6.117479270819079,6.540424677876516,26.261788994388745,24.246877639940216
7.94,6.137660802185668,6.681945074304529,26.11136951959555,24.246877639940216
7.945,6.1645396811830215,6.828690575717693,25.96799889180627,24.246877639940216
7.95,6.19737635057529,6.978052915858951,25.832320650058506,24.246877639940216
7.955,6.236869755979292,7.13207927317183,25.704152573244276,24.246877639940216
7.96,6.282643175416301,7.289006683169987,25.582922157648493,24.246877639940216
7.965,6.333044040840552,7.4502267757379315,25.47064666630031,24.246877639940216
7.97,6.389938183273789,7.614070278823511,25.366833369643008,24.246877639940216
7.9750000000000005,6.449416924864687,7.781208121949883,25.27208690920291,24.246877639940216
7.98,6.515947028534745,7.950669079613155,25.18728259388124,24.246877639940216
7.985,6.587427349500128,8.124046688531648,25.11065197921899,24.246877639940216
7.99,6.663344373971285,8.299120242966923,25.043716759185756,24.246877639940216
7.995,6.744118587657006,8.477785492078917,24.986202145143725,24.246877639940216
8.0,6.830182793476898,8.658011462251993,24.939218510042814,24.246877639940216
8.005,6.922054595036068,8.841562113803404,24.902345978477683,24.246877639940216
8.01,7.018208573717999,9.026164445015533,24.875965409225646,24.246877639940216
8.015,7.119246385563068,9.211269996927244,24.861003300312355,24.246877639940216
8.02,7.22409850844966,9.39888019338512,24.857724414719264,24.246877639940216
8.025,7.332124749784978,9.585598228304246,24.86559660083403,24.246877639940216
8.03,7.4455022154150665,9.773676054595326,24.88594152473752,24.246877639940216
8.035,7.561565620164333,9.962661823416076,24.919325588185426,24.246877639940216
8.040000000000001,7.681390683349339,10.150500552870675,24.962826586553184,24.246877639940216
8.045,7.80533735877943,10.336983485054805,25.019521525667173,24.246877639940216
8.05,7.930709214883137,10.52239012303529,25.088214029727148,24.246877639940216
8.055,8.059339798738966,10.705972348675388,25.169444807692578,24.246877639940216
8.06,8.190774282447912,10.88760500840686,25.264726371092596,24.246877639940216
8.065,8.325504202312654,11.067154033001097,25.373061471249905,24.246877639940216
8.07,8.461969584778691,11.243082078907266,25.495057267499668,24.246877639940216
8.075,8.60082612370591,11.414035031549934,25.630587419981115,24.246877639940216
8.08,8.741403971348129,11.578854821739954,25.77842625247938,24.246877639940216
8.085,8.883106960962909,11.739613480007192,25.941094686385703,24.246877639940216
8.09,9.025261545116397,11.894560639012841,26.117446297893075,24.246877639940216
8.095,9.168625897577094,12.04207109441169,26.305860902374803,24.246877639940216
8.1,9.311335802460231,12.179804546235031,26.506243111331532,24.246877639940216
8.105,9.455226312996999,12.30928104745696,26.7196541533086,24.246877639940216
8.11,9.597572989230928,12.428485083862125,26.945788974485,24.246877639940216
8.115,9.738518869024842,12.53829878075982,27.18226737958985,24.246877639940216
8.120000000000001,9.879037548356372,12.636293244062042,27.43132553668606,24.246877639940216
8.125,10.017023216807171,12.720951512342932,27.690126755840964,24.246877639940216
8.13,10.152815707266749,12.79406258652003,27.95877037987322,24.246877639940216
8.135,10.284967039353699,12.852650133393935,28.23529512694777,24.246877639940216
8.14,10.412851539416122,12.89840044977273,28.51977349386633,24.246877639940216
8.145,10.53669620038468,12.92665057244059,28.811386828633218,24.246877639940216
8.15,10.65672991759464,12.942269300412722,29.108273629954518,24.246877639940216
8.155,10.771328808985109,12.940289119518651,29.40996991358512,24.246877639940216
8.16,10.878740748304052,12.920637564553749,29.71478417803049,24.246877639940216
8.165000000000001,10.981100356326792,12.883546015092824,30.02053389405071,24.246877639940216
8.17,11.077344568306255,12.82973790874049,30.328013687739098,24.246877639940216
8.175,11.165552293720438,12.756743843180772,30.634861857973455,24.246877639940216
8.18,11.24504662930554,12.666817863731723,30.939623484836442,24.246877639940216
8.185,11.315755541289755,12.560462271276766,31.237464472573496,24.246877639940216
8.19,11.378324982464436,12.436076864384022,31.530683117515636,24.246877639940216
8.195,11.4314106223141,12.294745572297268,31.81712105291373,24.246877639940216
8.2,11.474624600625061,12.13726823194677,32.095458303689405,24.246877639940216
8.205,11.506759916682805,11.962740135754505,32.36384157641838,24.246877639940216
8.21,11.530389812466213,11.773507002100532,32.62080354370218,24.246877639940216
8.215,11.543010861035985,11.56914206063495,32.86384374058307,24.246877639940216
8.22,11.544263785924215,11.352559876773192,33.092680692425475,24.246877639940216
8.225,11.5347142897077,11.123786118067576,33.306036771968536,24.246877639940216
8.23,11.514462767079168,10.88270180741872,33.50361755821888,24.246877639940216
8.235,11.482953155862816,10.633936700658875,33.68294274041716,24.246877639940216
8.24,11.441026861070942,10.376809873812302,33.84431727735631,24.246877639940216
8.245000000000001,11.387783142060425,10.110526580468335,33.98595370336308,24.246877639940216
8.25,11.324111503765645,9.839745175858452,34.10786639710143,24.246877639940216
8.255,11.250828233546061,9.566199278600804,34.209854617321184,24.246877639940216
8.26,11.16587315801134,9.28982646069382,34.29205070088472,24.246877639940216
8.265,11.073534143035346,9.013458283579176,34.353316760180206,24.246877639940216
8.27,10.970670863807378,8.738789428305259,34.393304643872035,24.246877639940216
8.275,10.85969764760956,8.46504746117115,34.41373369883837,24.246877639940216
8.28,10.741180981403936,8.196068670739667,34.414394265783585,24.246877639940216
8.285,10.614192306919673,7.931599475429195,34.395578083338556,24.246877639940216
8.290000000000001,10.48082450103971,7.675109374161785,34.35793306876859,24.246877639940216
8.295,10.340819041674937,7.423873775165709,34.302180769857806,24.246877639940216
8.3,10.19479328680121,7.1819746448815955,34.22922671775411,24.246877639940216
8.305,10.044622119668063,6.948963131881283,34.137760714975165,24.246877639940216
8.31,9.890061974385421,6.7276360890663,34.03194868282049,24.246877639940216
8.315,9.732184547943637,6.51622339007056,33.91111902875849,24.246877639940216
8.32,9.57098098627022,6.317499235926083,33.77485058750053,24.246877639940216
8.325,9.408143250773813,6.131475886766387,33.626661969341136,24.246877639940216
8.33,9.246212299187329,5.957716074520931,33.46591153383673,24.246877639940216
8.335,9.0814002712272,5.796256539242976,33.29608581846812,24.246877639940216
8.34,8.917324724449351,5.647326357205349,33.115502587393635,24.246877639940216
8.345,8.754255454565351,5.512100546825442,32.92675672634097,24.246877639940216
8.35,8.592155920149855,5.390097713248656,32.73025480627123,24.246877639940216
8.355,8.430951729190465,5.280653437457248,32.52632854510945,24.246877639940216
8.36,8.274793436245782,5.184082409301839,32.31587504211476,24.246877639940216
8.365,8.120826891283642,5.101334526174429,32.09828701446335,24.246877639940216
8.370000000000001,7.970450355580366,5.03002231425068,31.877061384918395,24.246877639940216
8.375,7.823412373434758,4.97234055791622,31.652841199655654,24.246877639940216
8.38,7.680791505894027,4.9251884251485265,31.42616989881022,24.246877639940216
8.385,7.54391997890805,4.890864277260035,31.196491408217653,24.246877639940216
8.39,7.411189283048316,4.86780329362138,30.966081040704076,24.246877639940216
8.395,7.284485368954407,4.854813926134576,30.73287947477992,24.246877639940216
8.4,7.16345393353947,4.853539046731764,30.500526678698545,24.246877639940216
8.405,7.047173425731643,4.8601915538832845,30.26647547553977,24.246877639940216
8.41,6.936986320350351,4.876218481161552,30.035193775107178,24.246877639940216
8.415000000000001,6.833564537906134,4.9021904935195995,29.802813306581818,24.246877639940216
8.42,6.7365811807223706,4.937580753634376,29.57181830331617,24.246877639940216
8.425,6.646963363865573,4.98184975310294,29.343471148800507,24.246877639940216
8.43,6.563549339402796,5.034120922573709,29.117363852422564,24.246877639940216
8.435,6.48744637091847,5.093663787472843,28.894235343945926,24.246877639940216
8.44,6.418060515426892,5.160681539915272,28.673617708437398,24.246877639940216
8.445,6.3560084272789945,5.2333161732665525,28.456807721101853,24.246877639940216
8.45,6.2995049226094135,5.314503712531466,28.24422703607062,24.246877639940216
8.455,6.24901660760146,5.4011607366916925,28.035477156478834,24.246877639940216
8.46,6.206795265779179,5.493870067818819,27.829418144102327,24.246877639940216
8.465,6.169657217848118,5.59393552890345,27.628273276084553,24.246877639940216
8.47,6.140234446424437,5.699634679264785,27.43311680027459,24.246877639940216
8.475,6.118596898183173,5.809427795276041,27.24306728941033,24.246877639940216
8.48,6.102564600977942,5.92455426009202,27.057990693284665,24.246877639940216
8.485,6.094911390314566,6.044491027798348,26.87878766908224,24.246877639940216
8.49,6.092892681066619,6.169631867075638,26.705404152024368,24.246877639940216
8.495000000000001,6.096680624144151,6.299891866480633,26.5372032219003,24.246877639940216
8.5,6.106519866393004,6.434581624675974,26.374594641776547,24.246877639940216
8.505,6.1229380657276815,6.57299945930182,26.21933468244903,24.246877639940216
8.51,6.146862195532573,6.713600336350088,26.07043193949616,24.246877639940216
8.515,6.175315261883376,6.860986498131052,25.92878244363519,24.246877639940216
8.52,6.209358643508018,7.011219668426535,25.795037456849904,24.246877639940216
8.525,6.249975927154227,7.16602073953028,25.67001847154791,24.246877639940216
8.53,6.296953057763301,7.323413524780989,25.552640120363666,24.246877639940216
8.535,6.347909039711045,7.485116225042138,25.4411937345262,24.246877639940216
8.540000000000001,6.404953708400045,7.650072892500012,25.34104426591473,24.246877639940216
8.545,6.467144368285382,7.817334315214659,25.247417115678616,24.246877639940216
8.55,6.534824818082985,7.987992773408956,25.163444900695506,24.246877639940216
8.555,6.6090150160655865,8.160603956536393,25.08884088569429,24.246877639940216
8.56,6.687262447068343,8.336480714474085,25.023705118999075,24.246877639940216
8.565,6.769944865481467,8.515475272707711,24.96867568948942,24.246877639940216
8.57,6.857574724578714,8.696513770215118,24.92350632660682,24.246877639940216
8.575000000000001,6.950777913733363,8.879929924668005,24.889627506530424,24.246877639940216
8.58,7.047664112511503,9.064631428778716,24.86546181341156,24.246877639940216
8.585,7.149422005490964,9.248677275655776,24.854125291979734,24.246877639940216
8.59,7.2549905377070285,9.43562137930215,24.85231425766457,24.246877639940216
8.595,7.364237015304245,9.623464537665683,24.865049629710597,24.246877639940216
8.6,7.476028482604934,9.81223348011855,24.888372326776015,24.246877639940216
8.605,7.593331199739617,9.999628436271756,24.922947380147566,24.246877639940216
8.61,7.7123095099779215,10.187738446089757,24.96993592070809,24.246877639940216
8.615,7.836038003121552,10.37511521181788,25.02993264398692,24.246877639940216
8.620000000000001,7.962012919663151,10.560300855015404,25.10303101816154,24.246877639940216
8.625,8.09189448273101,10.743450446517539,25.189074392861244,24.246877639940216
8.63,8.223984792001447,10.92496619946022,25.287423447347123,24.246877639940216
8.635,8.361856361510622,11.102862741248714,25.40026426260181,24.246877639940216
8.64,8.499645748298425,11.278130744483366,25.525616310139696,24.246877639940216
8.645,8.639097550170892,11.448802846985926,25.663281618038223,24.246877639940216
8.65,8.781060676277589,11.613198186694465,25.816183331935495,24.246877639940216
8.655,8.922429639539223,11.772012525441498,25.980625357623722,24.246877639940216
8.66,9.065050288692827,11.92408834616479,26.158259282652388,24.246877639940216
8.665000000000001,9.208086776519561,12.068687739883156,26.348763033125287,24.246877639940216
8.67,9.351098254697943,12.204960296818292,26.552659931537306,24.246877639940216
8.675,9.493624140967702,12.333043752468226,26.770136006090787,24.246877639940216
8.68,9.634934274828444,12.449908626233245,26.997901354087222,24.246877639940216
8.685,9.77522012573508,12.557060974226111,27.238328008967475,24.246877639940216
8.69,9.913319973980165,12.651848386243335,27.488534911854536,24.246877639940216
8.695,10.051120005346531,12.7362658673256,27.750160125316363,24.246877639940216
8.700000000000001,10.185255181173012,12.806332348868915,28.021260005903393,24.246877639940216
8.705,10.315698718705962,12.863489818484554,28.300363143544732,24.246877639940216
8.71,10.443136486557638,12.904492662870743,28.58680283031877,24.246877639940216
8.715,10.565233116418703,12.930290884816094,28.879293956888358,24.246877639940216
8.72,10.683087489444533,12.93887873827637,29.17624228673945,24.246877639940216
8.725,10.794893335766481,12.93405330551849,29.47738181561709,24.246877639940216
8.73,10.901804078926713,12.910767209499538,29.78226323470487,24.246877639940216
8.735,11.001898186776451,12.86962942816224,30.08891690264199,24.246877639940216
8.74,11.095584863319873,12.810898142960678,30.396551039925352,24.246877639940216
8.745000000000001,11.181428809952125,12.73398899443701,30.702116909377022,24.246877639940216
8.75,11.258762041867808,12.641298923558908,31.004726621754568,24.246877639940216
8.755,11.328993622494172,12.530149073457789,31.301759029507963,24.246877639940216
8.76,11.388198088459001,12.40198347412024,31.5947981108885,24.246877639940216
8.765,11.43781328886319,12.257039953067741,31.879955647701756,24.246877639940216
8.77,11.479445756322148,12.09478944863733,32.15624391364665,24.246877639940216
8.775,11.510768103888497,11.916843028378995,32.42173247927005,24.246877639940216
8.78,11.530395853236266,11.72405175220496,32.675710160461286,24.246877639940216
8.785,11.538643994907037,11.516407823756033,32.91465764862988,24.246877639940216
8.790000000000001,11.53688568417184,11.296357265373947,33.14009256182819,24.246877639940216
8.795,11.524659750061684,11.064681856889402,33.34902383097495,24.246877639940216
8.8,11.500467563428654,10.822261909423203,33.5412775769081,24.246877639940216
8.805,11.466928652899256,10.569782166920858,33.71575997562882,24.246877639940216
8.81,11.422413735599443,10.311957796019824,33.87141283206426,24.246877639940216
8.815,11.366659668527921,10.0470507028774,34.00900584615141,24.246877639940216
8.82,11.300513854202611,9.776901064150167,34.12692442729852,24.246877639940216
8.825000000000001,11.224245207542511,9.502724243484709,34.22435955935538,24.246877639940216
8.83,11.138137111131098,9.227433304671553,34.30066782360424,24.246877639940216
8.835,11.04220573131182,8.951760338360879,34.357843858797445,24.246877639940216
8.84,10.936734460613398,8.677776555515448,34.393637167967555,24.246877639940216
8.845,10.824128343557232,8.404963340482066,34.41038705868055,24.246877639940216
8.85,10.703427621533454,8.136214448320134,34.406630378825795,24.246877639940216
8.855,10.575222959698388,7.873988498626937,34.38371282847366,24.246877639940216
8.86,10.438630507163015,7.618075628508126,34.34114981761635,24.246877639940216
8.865,10.29769684594752,7.369084886550161,34.281534296408196,24.246877639940216
8.870000000000001,10.152867232297915,7.1300081667798265,34.2039266184552,24.246877639940216
8.875,10.002360416787221,6.901300806772482,34.109825248073605,24.246877639940216
8.88,9.848240196696175,6.683398206134589,34.0010073345841,24.246877639940216
8.885,9.690193679989255,6.476842037193245,33.87708493463184,24.246877639940216
8.89,9.52973491252479,6.282160416521695,33.73946589323579,24.246877639940216
8.895,9.366971230104054,6.099190936370124,33.58855662404587,24.246877639940216
8.9,9.204338830990519,5.927705317446872,33.42643893325188,24.246877639940216
8.905,9.04063519042662,5.770265853600849,33.252780502275016,24.246877639940216
8.91,8.875226106658056,5.625376441666226,33.07048322986363,24.246877639940216
8.915000000000001,8.713189429261167,5.494193687633924,32.87887669324578,24.246877639940216
8.92,8.552043565122412,5.375742732408268,32.67893934936737,24.246877639940216
8.925,8.392023512523599,5.271126443753125,32.473207506580806,24.246877639940216
8.93,8.236695915649753,5.178747875792446,32.26095295662105,24.246877639940216
8.935,8.08337337504651,5.098031758753699,32.04320285431086,24.246877639940216
8.94,7.934826780966154,5.030889086634505,31.821851812809197,24.246877639940216
8.945,7.790306555695264,4.975980905211165,31.597865410073123,24.246877639940216
8.950000000000001,7.649398080991625,4.932353754310306,31.370859668665513,24.246877639940216
8.955,7.512494039706053,4.899355779359876,31.142155315621466,24.246877639940216
8.96,7.382097037514457,4.8776413502060265,30.91044358365321,24.246877639940216
8.965,7.257386476101257,4.866814149478616,30.67819660963583,24.246877639940216
8.97,7.136559007563064,4.866260955997664,30.44574908868793,24.246877639940216
8.975,7.023122047120178,4.875530339854331,30.212763127597068,24.246877639940216
8.98,6.916102559090483,4.895359354305922,29.98084184575281,24.246877639940216
8.985,6.815431398700972,4.923629029024914,29.751632147923228,24.246877639940216
8.99,6.721586845078054,4.960434086580928,29.52189084542852,24.246877639940216
8.995000000000001,6.633560433353843,5.0065735788818655,29.294253428138877,24.246877639940216
9.0,6.552380372293511,5.058794627368752,29.070329304981637,24.246877639940216
9.005,6.477884803634347,5.120741806357706,28.847274299108765,24.246877639940216
9.01,6.410526914326727,5.188733040033883,28.627923682327655,24.246877639940216
9.015,6.349916445732189,5.264099232692442,28.414153247197486,24.246877639940216
9.02,6.295794391042279,5.345331445757778,28.202791232219727,24.246877639940216
9.025,6.247909021863211,5.433625809797703,27.995807870258275,24.246877639940216
9.03,6.20815385300061,5.526613881934049,27.791349090369796,24.246877639940216
9.035,6.17547964875469,5.626545876919063,27.592824336433054,24.246877639940216
9.040000000000001,6.148443175908307,5.732946069795918,27.39982712127913,24.246877639940216
9.045,6.1276201985256185,5.843728855428997,27.210735950128196,24.246877639940216
9.05,6.1140314514489225,5.9588552335237095,27.025394512137165,24.246877639940216
9.055,6.106465236690269,6.079216063008403,26.846013916870344,24.246877639940216
9.06,6.104712321798765,6.205024670319284,26.67335317562539,24.246877639940216
9.065,6.108961210829967,6.335438151647823,26.507430472254132,24.246877639940216
9.07,6.119666609682032,6.4710867278429305,26.345351579088508,24.246877639940216
9.075000000000001,6.135375690061163,6.610498814923165,26.19085355320708,24.246877639940216
9.08,6.15881879392492,6.754445771115191,26.044846878145112,24.246877639940216
9.085,6.188660447332257,6.9022868495320875,25.905681401777287,24.246877639940216
9.09,6.224009018603203,7.054305725240631,25.773487004049795,24.246877639940216
9.095,6.265315204300649,7.209248854886625,25.649191884416577,24.246877639940216
9.1,6.313075417987375,7.368447159161571,25.531651306055576,24.246877639940216
9.105,6.366436582236836,7.530958327075236,25.42427546043719,24.246877639940216
9.11,6.424479495813451,7.696515511739712,25.324720359338933,24.246877639940216
9.115,6.488367979150892,7.864980373181426,25.235283651114475,24.246877639940216
9.120000000000001,6.556993875558639,8.036251746045005,25.152764215248876,24.246877639940216
9.125,6.629252012398578,8.21050661747304,25.08246848395158,24.246877639940216
9.13,6.708491868224943,8.386204779266128,25.02017211945585,24.246877639940216
9.135,6.792523297297901,8.564873801387623,24.967031334372713,24.246877639940216
9.14,6.881069306214656,8.74666757506829,24.92643043162329,24.246877639940216
9.145,6.973491531125919,8.930647220294919,24.89516455949483,24.246877639940216
9.15,7.07161351919629,9.11527452295967,24.87464849096879,24.246877639940216
9.155,7.173965700404717,9.301379458605814,24.86513672144645,24.246877639940216
9.16,7.279431453431402,9.486492691130513,24.867547137520845,24.246877639940216
9.165000000000001,7.389376460161455,9.674608477842924,24.880706675247076,24.246877639940216
9.17,7.504274791494225,9.862985666483404,24.90654089471822,24.246877639940216
9.175,7.621656824539906,10.050878674249319,24.945094944353638,24.246877639940216
9.18,7.742392766910609,10.237689740054153,24.99568786898529,24.246877639940216
9.185,7.8668239562660585,10.424705368462512,25.05793897357488,24.246877639940216
9.19,7.994026105995401,10.60774388033812,25.13372207944366,24.246877639940216
9.195,8.12426952897969,10.790397307486849,25.22364053266405,24.246877639940216
9.200000000000001,8.256187827403746,10.970939990776088,25.32430675861594,24.246877639940216
9.205,8.391586246287748,11.148641720592734,25.43872080341094,24.246877639940216
9.21,8.529020557268495,11.319842338005813,25.565655673360148,24.246877639940216
9.215,8.668544521225083,11.48780877956684,25.70737173354322,24.246877639940216
9.22,8.809352693176873,11.651848303832892,25.863145893547074,24.246877639940216
9.225,8.951885476314283,11.80781245547691,26.03257129212739,24.246877639940216
9.23,9.094633338016486,11.958237288765028,26.21488540340366,24.246877639940216
9.235,9.237600905841632,12.101850054574598,26.40848659713474,24.246877639940216
9.24,9.380436733930667,12.236104905363286,26.615877803002682,24.246877639940216
9.245000000000001,9.522169052935967,12.360319279807959,26.83588500690111,24.246877639940216
9.25,9.662819250584665,12.47434351765039,27.065978898090478,24.246877639940216
9.255,9.803228650528915,12.577876054489066,27.307847118314857,24.246877639940216
9.26,9.941109811579127,12.669957363770225,27.560351512214442,24.246877639940216
9.265,10.077336267627185,12.750193033429992,27.822826947216793,24.246877639940216
9.27,10.211536671250935,12.816321464471532,28.094350584292627,24.246877639940216
9.275,10.340964497023505,12.868248747802607,28.37526673837983,24.246877639940216
9.28,10.468176428798705,12.90481223510512,28.661695176637885,24.246877639940216
9.285,10.588701627259216,12.925052493460434,28.955211268737365,24.246877639940216
9.290000000000001,10.705693383938218,12.932050228320753,29.25285699130462,24.246877639940216
9.295,10.816823907072852,12.92224107279259,29.55514077830622,24.246877639940216
9.3,10.923219832497985,12.895079427531748,29.859864203823285,24.246877639940216
9.305,11.022196550105747,12.850569953689488,30.164974183426423,24.246877639940216
9.31,11.113449537528393,12.787379761524685,30.46997219802199,24.246877639940216
9.315,11.197000240956934,12.70791863715841,30.77352888649688,24.246877639940216
9.32,11.274019356807763,12.61027820579398,31.074473403362493,24.246877639940216
9.325000000000001,11.341989184419486,12.49410647160425,31.370968920199807,24.246877639940216
9.33,11.400954731534052,12.362633600319642,31.661214041108465,24.246877639940216
9.335,11.449561267907637,12.21311764115659,31.94360492422171,24.246877639940216
9.34,11.488474791296445,12.047123656293287,32.21720669242337,24.246877639940216
9.345,11.516517343493824,11.866026089991799,32.47957142398555,24.246877639940216
9.35,11.534748156490817,11.669835041761507,32.73017695278839,24.246877639940216
9.355,11.539720457857905,11.459145364874708,32.96664298639329,24.246877639940216
9.36,11.537158101664776,11.237516062933489,33.18944961206052,24.246877639940216
9.365,11.521207841922937,11.003700021381883,33.39540549404991,24.246877639940216
9.370000000000001,11.49495836027014,10.758360361724222,33.58323085364196,24.246877639940216
9.375,11.457850118238968,10.50398846142917,33.75388039427408,24.246877639940216
9.38,11.410118047590908,10.240798400028247,33.90638605032431,24.246877639940216
9.385,11.351568858982423,9.974554834727915,34.03884567294721,24.246877639940216
9.39,11.284225901263703,9.703462110010195,34.1513603757787,24.246877639940216
9.395,11.20446247395344,9.427619082617952,34.24256180735223,24.246877639940216
9.4,11.116350578296945,9.151392219560263,34.31470518097814,24.246877639940216
9.405,11.018192227251054,8.87658327854339,34.36622132156478,24.246877639940216
9.41,10.910272484764654,8.603105286121783,34.39651774206194,24.246877639940216
9.415000000000001,10.795805531106891,8.331252323898138,34.40817155489322,24.246877639940216
9.42,10.67303742896018,8.066316972291613,34.39807025427293,24.246877639940216
9.425,10.541905344514392,7.805363174808896,34.37026203345144,24.246877639940216
9.43,10.405234276893674,7.5525442342243885,34.323673994986535,24.246877639940216
9.435,10.26209786622921,7.306846735210492,34.259937791801455,24.246877639940216
9.44,10.112859862407381,7.070265046944649,34.17715213147557,24.246877639940216
9.445,9.960350666357153,6.843637201161354,34.07889780741441,24.246877639940216
9.450000000000001,9.80614419028012,6.627754646517145,33.964873450470485,24.246877639940216
9.455,9.647451354823643,6.423224442349149,33.83645178267706,24.246877639940216
9.46,9.486497217196858,6.230425337479229,33.69506438722675,24.246877639940216
9.465,9.322847186838159,6.050874077723312,33.54038019843446,24.246877639940216
9.47,9.159210698973563,5.882564159208307,33.375599176844624,24.246877639940216
9.475,8.995679749135359,5.7275906925972455,33.201119549526396,24.246877639940216
9.48,8.83266066796966,5.58588510284645,33.01761634906083,24.246877639940216
9.485,8.670195951372584,5.458573240879205,32.82508427995414,24.246877639940216
9.49,8.508551720472926,5.343197587723227,32.62412329593918,24.246877639940216
9.495000000000001,8.350587054350171,5.241016316984403,32.41561528124405,24.246877639940216
9.5,8.194687662148379,5.153369689912085,32.20337915955603,24.246877639940216
9.505,8.043634735482751,5.076562774332248,31.986246627023984,24.246877639940216
9.51,7.896590630445885,5.01226906968311,31.7637018536619,24.246877639940216
9.515,7.753320454333928,4.960307243046958,31.537675096681564,24.246877639940216
9.52,7.6138749661148575,4.919053410333408,31.309692864000642,24.246877639940216
9.525,7.478816014156795,4.888432957852411,31.079949160214298,24.246877639940216
9.53,7.348900203819847,4.871056912207236,30.848634944432046,24.246877639940216
9.535,7.224048078356312,4.863985617990386,30.616045429160877,24.246877639940216
9.540000000000001,7.105061136256085,4.864960945450668,30.383527577149646,24.246877639940216
9.545,6.993751274454086,4.8770905377501315,30.150964474434073,24.246877639940216
9.55,6.889421652985613,4.899145993717726,29.920073336230725,24.246877639940216
9.555,6.790176098513804,4.929414260696461,29.689454836669693,24.246877639940216
9.56,6.697561370657136,4.968322272100612,29.461069396120898,24.246877639940216
9.565,6.610959309617883,5.015227248205119,29.235826787710756,24.246877639940216
9.57,6.532128422179891,5.0716167254662174,29.011841885424374,24.246877639940216
9.575000000000001,6.459051568840074,5.1339181769352855,28.791074398388627,24.246877639940216
9.58,6.392935292201878,5.203754069679046,28.574269398254984,24.246877639940216
9.585,6.332402709396625,5.279753270595276,28.36032906102528,24.246877639940216
9.59,6.278925815923511,5.3636602888806095,28.14862290409873,24.246877639940216
9.595,6.231468269091263,5.453081329428709,27.94165643310352,24.246877639940216
9.6,6.19392336534083,5.5497032782415605,27.73859050170678,24.246877639940216
9.605,6.162226081883369,5.6522577804333745,27.54041187635977,24.246877639940216
9.61,6.136403701508994,5.758588693424788,27.347342555878438,24.246877639940216
9.615,6.116829199988549,5.871151464368134,27.159043413854143,24.246877639940216
9.620000000000001,6.103897442688087,5.989631029360384,26.977177783469894,24.246877639940216
9.625,6.098704062100069,6.1118834603789844,26.800176600696105,24.246877639940216
9.63,6.1006148387812305,6.239938088281887,26.628590724110794,24.246877639940216
9.635,6.1083254110847705,6.3723929949842315,26.46399796758708,24.246877639940216
9.64,6.120797442553899,6.5086443855537555,26.30485749010266,24.246877639940216
9.645,6.139659906006359,6.648919993836449,26.15365064817262,24.246877639940216
9.65,6.165192340171408,6.793359421232088,26.008806873937264,24.246877639940216
9.655,6.196883993265265,6.943094849914471,25.870019146556228,24.246877639940216
9.66,6.2349302471480295,7.095263833811288,25.74096302064675,24.246877639940216
9.665000000000001,6.277567433541947,7.2516912182404125,25.618718145886376,-7.760078964105972
9.67,6.325183211836453,7.250705548790149,25.502422480841407,-7.760078964105972
9.675,6.372416874323595,7.254853185517729,25.39071738659945,-7.760078964105972
9.68,6.4171823567340205,7.262341890071422,25.282319952481412,-7.760078964105972
9.685,6.45949360523719,7.274787417162709,25.17713347443071,-7.760078964105972
9.69,6.500988374290663,7.2901181521104705,25.075724842396074,-7.760078964105972
9.695,6.541187720527422,7.309803273342046,24.97857536303235,-7.760078964105972
9.700000000000001,6.579126620368884,7.332959660613066,24.883813494181815,-7.760078964105972
9.705,6.61754912537494,7.361311833190774,24.793111642086135,-7.760078964105972
9.71,6.65318138854118,7.391990045162846,24.705880980270187,-7.760078964105972
9.715,6.690684978580126,7.425532229721114,24.623092004501107,-7.760078964105972
9.72,6.726324762862649,7.463234207033645,24.54465243269773,-7.760078964105972
9.725,6.7637253550482574,7.502662605049555,24.468574167173,-7.760078964105972
9.73,6.799661502659394,7.544320149331399,24.396334953632106,-7.760078964105972
9.735,6.836995444973631,7.590338925245637,24.32759839286937,-7.760078964105972
9.74,6.874640635705003,7.638863689924376,24.263134373167503,-7.760078964105972
9.745000000000001,6.91397709903598,7.691032990507898,24.202560604691705,-7.760078964105972
9.75,6.953410637491844,7.7464001496905235,24.146166817936326,-7.760078964105972
9.755,6.991452588282291,7.802793737738762,24.09338764556479,-7.760078964105972
9.76,7.031080350652495,7.862040676855924,24.04433779791874,-7.760078964105972
9.765,7.072177520248464,7.9242924512154005,24.001314097339975,-7.760078964105972
9.77,7.114967647283103,7.987121064525098,23.960703369698965,-7.760078964105972
9.775,7.158329652673215,8.053036915248919,23.925583172778417,-7.760078964105972
9.78,7.201497012712068,8.119544118808788,23.89506952370999,-7.760078964105972
9.785,7.246923467112654,8.188164081767171,23.86957723926084,-7.760078964105972
9.790000000000001,7.294370753861557,8.25821787730223,23.84782141165578,-7.760078964105972
9.795,7.342987560098052,8.329688346808222,23.830723989726938,-7.760078964105972
9.8,7.393265706064135,8.402720973702984,23.820074483770473,-7.760078964105972
9.805,7.444823112003739,8.47664040620254,23.81326166542218,-7.760078964105972
9.81,7.496314010685328,8.552688986635278,23.810796199478922,-7.760078964105972
9.815,7.54963519518796,8.628419469393538,23.813357822294297,-7.760078964105972
9.82,7.603178487572101,8.703554453284502,23.820233572969347,-7.760078964105972
9.825000000000001,7.657967008821156,8.779730737058683,23.834286961052147,-7.760078964105972
9.83,7.713410662597088,8.856934883138804,23.85245768839333,-7.760078964105972
9.835,7.771002733769508,8.93465473943497,23.87553776670273,-7.760078964105972
9.84,7.831086160459809,9.011744645316732,23.903886379600976,-7.760078964105972
9.845,7.889531853054909,9.087945192925762,23.93750196270886,-7.760078964105972
9.85,7.949989611477811,9.163679535018021,23.977135591530953,-7.760078964105972
9.855,8.010621175386092,9.239073101187023,24.02134454561033,-7.760078964105972
9.86,8.071927454608936,9.314531247635774,24.07193880332605,-7.760078964105972
9.865,8.13313494184504,9.388821866449238,24.126132702272496,-7.760078964105972
9.870000000000001,8.196080457725584,9.460262255572667,24.18563555768574,-7.760078964105972
9.875,8.260294884063537,9.529775872895701,24.250686373874483,-7.760078964105972
9.88,8.3239104362629,9.597287283852413,24.320761974899284,-7.760078964105972
9.885,8.387463967135012,9.663627541469692,24.39451802827441,-7.760078964105972
9.89,8.451629582006175,9.72915951678912,24.473779409685907,-7.760078964105972
9.895,8.515494263785076,9.789756489148623,24.55741268811833,-7.760078964105972
9.9,8.578587525128155,9.847457159315933,24.646898072546342,-7.760078964105972
9.905,8.64148133633046,9.904805592748353,24.74026674344844,-7.760078964105972
9.91,8.704965072745365,9.95722478623155,24.838473220383246,-7.760078964105972
9.915000000000001,8.766960847720648,10.00531483999022,24.940203419848487,-7.760078964105972
9.92,8.829230926905941,10.050498708836631,25.04693616014145,-7.760078964105972
9.925,8.89026282626153,10.090255627569643,25.156378538292046,-7.760078964105972
9.93,8.95005779255934,10.126748908591983,25.270171313246372,-7.760078964105972
9.935,9.009799467742235,10.160181341077115,25.387173136768276,-7.760078964105972
9.94,9.06681415315759,10.188495801677671,25.50683373855022,-7.760078964105972
9.945,9.122283921833167,10.210637729906768,25.630357447303176,-7.760078964105972
9.950000000000001,9.175943764845714,10.227534131606594,25.754109994581032,-7.760078964105972
9.955,9.228067943913992,10.239821399401519,25.879998607808886,-7.760078964105972
9.96,9.278646202787064,10.2489742681129,26.00757718987332,-7.760078964105972
9.965,9.326571829373199,10.25017908632925,26.13627563563055,-7.760078964105972
9.97,9.37222279752677,10.247799262302559,26.26487149018093,-7.760078964105972
9.975,9.415319152347596,10.23983954660981,26.395773775499443,-7.760078964105972
9.98,9.456048771141235,10.225622067959696,26.5260866593111,-7.760078964105972
9.985,9.495267519291916,10.205401489110406,26.655807090402895,-7.760078964105972
9.99,9.530873495232338,10.17991020682218,26.785562846642122,-7.760078964105972
9.995000000000001,9.563539950350371,10.147605528253491,26.91325747210818,-7.760078964105972
10.0,9.592876514405022,10.109755910674988,27.040664226435766,-7.760078964105972
10.005,9.618607503488727,10.066183830515493,27.16491125931207,-7.760078964105972
10.01,9.638373545637771,10.015458785336225,27.2872825216658,-7.760078964105972
10.015,9.65736181418278,9.960332265257069,27.406416355040715,-7.760078964105972
10.02,9.672800347621312,9.900033336041515,27.522188831289238,-7.760078964105972
10.025,9.684398980065515,9.835438850926627,27.634005312895063,-7.760078964105972
10.03,9.691573212051164,9.766176317028696,27.739956661528968,-7.760078964105972
10.035,9.694580619455776,9.691534442739417,27.842838149929257,-7.760078964105972
10.040000000000001,9.69401518337973,9.61190340758194,27.940146569972658,-7.760078964105972
10.045,9.68975025392106,9.527112437429262,28.033077379591028,-7.760078964105972
10.05,9.682707820889597,9.43835879306181,28.120499823424538,-7.760078964105972
10.055,9.671238124825985,9.346094189283228,28.20229731478093,-7.760078964105972
10.06,9.65488936978073,9.250997033379834,28.278328376965153,-7.760078964105972
10.065,9.635463760837112,9.151303941621332,28.348459042674868,-7.760078964105972
10.07,9.61082785577366,9.050528366997977,28.412526291150172,-7.760078964105972
10.075000000000001,9.582846717073675,8.945588655090058,28.468552920983186,-7.760078964105972
10.08,9.550897415179396,8.838764640070808,28.516942147466168,-7.760078964105972
10.085,9.514824159773417,8.730844374247546,28.559173625706034,-7.760078964105972
10.09,9.47561774891158,8.622795872556148,28.594690659666423,-7.760078964105972
10.095,9.43236414965712,8.511975057672107,28.623150730702648,-7.760078964105972
10.1,9.385278834808018,8.40187454789973,28.642001533663617,-7.760078964105972
10.105,9.336736378420513,8.291218195920901,28.656341794857543,-7.760078964105972
10.11,9.284203788409226,8.180008819194171,28.66082861029008,-7.760078964105972
10.115,9.22949820070267,8.070368292261213,28.657946753245106,-7.760078964105972
10.120000000000001,9.170099983985859,7.960922083962346,28.64606642309294,-7.760078964105972
10.125,9.10873040843112,7.852701115568517,28.62884805593785,-7.760078964105972
10.13,9.045651615934803,7.745538463850679,28.60368601047889,-7.760078964105972
10.135,8.980926088803873,7.640139594414124,28.57148920926709,-7.760078964105972
10.14,8.912085079503068,7.537692652144466,28.532939172106254,-7.760078964105972
10.145,8.842333225238692,7.438859713044947,28.488151826337894,-7.760078964105972
10.15,8.770689510669092,7.3413466331036155,28.43747472351501,-7.760078964105972
10.155,8.698368857071962,7.247113504119835,28.379193888215287,-7.760078964105972
10.16,8.625531735441763,7.155861473247128,28.315230690383572,-7.760078964105972
10.165000000000001,8.553545287718388,7.067759953061478,28.245765301618857,-7.760078964105972
10.17,8.478570647624991,6.981389919011907,28.170575492309684,-7.760078964105972
10.175,8.403689229688393,6.89970981130673,28.091367460882214,-7.760078964105972
10.18,8.327049029635628,6.823966699876731,28.00720820940157,-7.760078964105972
10.185,8.250865088985984,6.752116359572145,27.91663425605575,-7.760078964105972
10.19,8.175322732992631,6.682335858634617,27.82308780933926,-7.760078964105972
10.195,8.100236687920285,6.617617828317685,27.725585164558087,-7.760078964105972
10.200000000000001,8.026221613866065,6.557104707282776,27.62408329503892,-7.760078964105972
10.205,7.9526357156915015,6.500472152560997,27.51846398227618,-7.760078964105972
10.21,7.879765141628516,6.448671281773862,27.409328401990177,-7.760078964105972
10.215,7.807408204133489,6.400490114771213,27.298318117101402,-7.760078964105972
10.22,7.736452439017539,6.356102303376671,27.184731117524613,-7.760078964105972
10.225,7.667336631905885,6.317478629319396,27.06835472246279,-7.760078964105972
10.23,7.599051187058082,6.284275677479195,26.949642386822944,-7.760078964105972
10.235,7.533428045409498,6.254594346481096,26.828861662391798,-7.760078964105972
10.24,7.469831832475795,6.2277232169006105,26.70762950187732,-7.760078964105972
10.245000000000001,7.4078098519805495,6.205845681073191,26.583760168596427,-7.760078964105972
10.25,7.346679488849512,6.188266580533748,26.459561393350317,-7.760078964105972
10.255,7.289362906467834,6.175668948206276,26.33230293473426,-7.760078964105972
10.26,7.233115103091621,6.166062303449764,26.206245389401154,-7.760078964105972
10.265,7.1810011322216445,6.161172988504359,26.080510147550946,-7.760078964105972
10.27,7.130006343380646,6.162597839462136,25.955182633848263,-7.760078964105972
10.275,7.081294654828275,6.166196559041041,25.82903871020667,-7.760078964105972
10.28,7.036500886096419,6.173424654194966,25.703528931588085,-7.760078964105972
10.285,6.993729367795829,6.184752180731136,25.57849269049809,-7.760078964105972
10.290000000000001,6.9528315909295255,6.199960534934126,25.453785538738277,-7.760078964105972
10.295,6.915434589520836,6.217951312189859,25.33021850952057,-7.760078964105972
10.3,6.880615651657717,6.240361843367826,25.207324847571886,-7.760078964105972
10.305,6.848903903242719,6.265862068817901,25.08524692949391,-7.760078964105972
10.31,6.8209552042212405,6.294800352280439,24.96662750047637,-7.760078964105972
10.315,6.795427210813396,6.326973316955083,24.84746942895386,-7.760078964105972
10.32,6.7723204732044024,6.363418041544586,24.729456787882768,-7.760078964105972
10.325000000000001,6.751803700337562,6.404140552789063,24.614797560033097,-7.760078964105972
10.33,6.734152160077172,6.446862627054693,24.502440936132633,-7.760078964105972
10.335,6.720923971104785,6.495025231858398,24.392754756078528,-7.760078964105972
10.34,6.709700449524975,6.545231607573426,24.285512822699374,-7.760078964105972
10.345,6.700870230490088,6.598238811712896,24.1822980762553,-7.760078964105972
10.35,6.695407056356034,6.653475779122527,24.0802705474317,-7.760078964105972
10.355,6.691723160685091,6.71327855796346,23.982033804755318,-7.760078964105972
10.36,6.693849476819323,6.774938903683728,23.886068055274134,-7.760078964105972
10.365,6.695490152954806,6.840738695101561,23.794723108681048,-7.760078964105972
10.370000000000001,6.7031219606386765,6.9076692863816955,23.705992881739192,-7.760078964105972
10.375,6.713395801697956,6.978590483384845,23.622758772137303,-7.760078964105972
10.38,6.726955793284369,7.05107647107594,23.541662189810825,-7.760078964105972
10.385,6.743100262322175,7.128635948613643,23.46430280547764,-7.760078964105972
10.39,6.761819717846766,7.2070432161036315,23.39147393257515,-7.760078964105972
10.395,6.7837620587777145,7.2889732939527025,23.322777154561773,-7.760078964105972
10.4,6.809380299055902,7.3725618625678875,23.258708627020233,-7.760078964105972
10.405,6.83811596562948,7.459370954073356,23.2002778727645,-7.760078964105972
10.41,6.868810663142476,7.546953789178092,23.146956449091363,-7.760078964105972
10.415000000000001,6.902952956790866,7.6364669628997905,23.097259971934303,-7.760078964105972
10.42,6.938614910754448,7.729044360473696,23.05294252892887,-7.760078964105972
10.425,6.978666471886192,7.821710372625695,23.01330546537988,-7.760078964105972
10.43,7.020240468304935,7.918126262676266,22.98057230233386,-7.760078964105972
10.435,7.06450903154533,8.014690766380795,22.951168870413994,-7.760078964105972
10.44,7.11185814982694,8.11305416171954,22.928144848976608,-7.760078964105972
10.445,7.1614810114855985,8.213304349680158,22.91166649979582,-7.760078964105972
10.450000000000001,7.212944262829789,8.314049176487163,22.90019969677424,-7.760078964105972
10.455,7.268371600201059,8.41691392999763,22.894465426100467,-7.760078964105972
10.46,7.32662732733255,8.522033575672058,22.895513057907614,-7.760078964105972
10.465,7.386996077212157,8.628276783933078,22.903393226970746,-7.760078964105972
10.47,7.449309881666942,8.734303731922864,22.916510470547337,-7.760078964105972
10.475,7.513570252111197,8.841218286387214,22.93549924053163,-7.760078964105972
10.48,7.580674806158888,8.94785882431239,22.962470570063104,-7.760078964105972
10.485,7.648946791106974,9.054306153439839,22.993850339446713,-7.760078964105972
10.49,7.718394985975266,9.160182069447972,23.0337782444225,-7.760078964105972
10.495000000000001,7.790256179754215,9.266071373187673,23.07938877557899,-7.760078964105972
10.5,7.864206767731547,9.373455635879903,23.13150907703027,-7.760078964105972
10.505,7.938767691668295,9.479660268964942,23.19111409487815,-7.760078964105972
10.51,8.016271448085979,9.585939334090195,23.25831185520643,-7.760078964105972
10.515,8.093253908566775,9.689008423066607,23.331842270964128,-7.760078964105972
10.52,8.172767741571663,9.790030846629664,23.412220046908217,-7.760078964105972
10.525,8.25341597555571,9.888407727829229,23.50126803792367,-7.760078964105972
10.53,8.335133808815915,9.984078988325047,23.59538307548723,-7.760078964105972
10.535,8.417106118820836,10.079458503486997,23.697173930755763,-7.760078964105972
10.540000000000001,8.501616341805464,10.172540578222002,23.804612336000154,-7.760078964105972
10.545,8.585083714204169,10.260463294548654,23.919387030518262,-7.760078964105972
10.55,8.66837805029921,10.345052752055734,24.04173533415655,-7.760078964105972
10.555,8.752083841778552,10.427731214787686,24.169426721714743,-7.760078964105972
10.56,8.836234931297687,10.50428427127925,24.303134134476323,-7.760078964105972
10.565,8.918546624785936,10.577008471506158,24.443297994987212,-7.760078964105972
10.57,9.001824452117468,10.644796301801424,24.589179776634374,-7.760078964105972
10.575000000000001,9.08368371628232,10.706534261754799,24.741142120764213,-7.760078964105972
10.58,9.165352999200946,10.76333117810939,24.897280081934255,-7.760078964105972
10.585,9.245711681198395,10.81365045332306,25.05864136205554,-7.760078964105972
10.59,9.324003326475685,10.856830383531598,25.224440268833252,-7.760078964105972
10.595,9.40058442608291,10.893918236929728,25.39324661533357,-7.760078964105972
10.6,9.47488414178641,10.924001086134549,25.56650318855342,-7.760078964105972
10.605,9.547249136048904,10.94633780154263,25.742627592474495,-7.760078964105972
10.61,9.616912636348479,10.960225705692292,25.92221288289653,-7.760078964105972
10.615,9.68581549226314,10.966448835727498,26.10312575816071,-7.760078964105972
10.620000000000001,9.750945816619495,10.964392851970892,26.287540666925135,-7.760078964105972
10.625,9.811509185223931,10.954458592746299,26.47139000511595,-7.760078964105972
10.63,9.868214383962648,10.936251269722744,26.656319344255177,-7.760078964105972
10.635,9.921734638206054,10.909072850774352,26.84026428600455,-7.760078964105972
10.64,9.969925857391626,10.874165271283118,27.024301110281396,-7.760078964105972
10.645,10.015095177970588,10.829081431113016,27.20662700926261,-7.760078964105972
10.65,10.055967356173246,10.775426513311851,27.38619198805069,-7.760078964105972
10.655,10.092197549283577,10.713290122254888,27.562424542769907,-7.760078964105972
10.66,10.124655603053494,10.641862283518838,27.734927303546733,-7.760078964105972
10.665000000000001,10.15054690426923,10.563586069695761,27.902689558877718,-7.760078964105972
10.67,10.170926373576057,10.476962512161561,28.065888291677574,-7.760078964105972
10.675,10.18695393573853,10.382519090493728,28.22420577504689,-7.760078964105972
10.68,10.19565015040969,10.280514912902595,28.376317053858944,-7.760078964105972
10.685,10.200565638919066,10.170860523694635,28.521469914643976,-7.760078964105972
10.69,10.199673802978822,10.055892104982401,28.659312162484955,-7.760078964105972
10.695,10.192381851634494,9.932393968503105,28.790124670651746,-7.760078964105972
10.700000000000001,10.178888145100768,9.802864023212795,28.911854925348052,-7.760078964105972
10.705,10.159491205431525,9.66855534185538,29.025292564962438,-7.760078964105972
10.71,10.134898556606334,9.528832996792524,29.130202545246437,-7.760078964105972
10.715,10.105341717027107,9.384745772000384,29.224660935229277,-7.760078964105972
10.72,10.06835066980537,9.237222880946273,29.310339352904894,-7.760078964105972
10.725,10.026831204547227,9.08694927171172,29.384646096870316,-7.760078964105972
10.73,9.980976698219381,8.933750858163851,29.447655846179682,-7.760078964105972
10.735,9.928413640018803,8.77893718214292,29.50134351105887,-7.760078964105972
10.74,9.871118897844859,8.620169706036407,29.544318371388105,-7.760078964105972
10.745000000000001,9.80827821187226,8.46224181155635,29.57641439486483,-7.760078964105972
10.75,9.741638263565587,8.304938377427892,29.595853175990086,-7.760078964105972
10.755,9.669629374727663,8.148506040827714,29.605349523212666,-7.760078964105972
10.76,9.59357691850718,7.990303927815332,29.605102141908695,-7.760078964105972
10.765,9.514333210388694,7.8339156722208845,29.593135872853836,-7.760078964105972
10.77,9.42990334007365,7.679305302523564,29.573128229935687,-7.760078964105972
10.775,9.342438799544064,7.528010692389007,29.541563068310165,-7.760078964105972
10.78,9.251572738540837,7.379917857814734,29.499662325511608,-7.760078964105972
10.785,9.157385561289773,7.235076110918284,29.447259328396697,-7.760078964105972
10.790000000000001,9.061372411313325,7.095577690721677,29.38620238774718,-7.760078964105972
10.795,8.964284408286689,6.959769732089439,29.316312420464566,-7.760078964105972
10.8,8.863521211629307,6.826970318338971,29.236215414031317,-7.760078964105972
10.805,8.762217607096591,6.699438647988559,29.148310993697336,-7.760078964105972
10.81,8.658236752281972,6.576445999145061,29.053391816701975,-7.760078964105972
10.815,8.553390583351344,6.45811467934209,28.94963553846031,-7.760078964105972
10.82,8.449512496981873,6.347427688261557,28.839279799309235,-7.760078964105972
10.825000000000001,8.344999371897826,6.240035651951247,28.722484823441057,-7.760078964105972
10.83,8.240243361438326,6.140309255605954,28.60018054438239,-7.760078964105972
10.835,8.134756330605404,6.046200601877342,28.47263376970961,-7.760078964105972
10.84,8.0287226158565,5.957682193815301,28.339512177113374,-7.760078964105972
10.845,7.924866042376997,5.875370302991698,28.200179107390067,-7.760078964105972
10.85,7.822736004338182,5.79866860837138,28.0585260149708,-7.760078964105972
10.855,7.722382885665332,5.727983123368563,27.91153325859809,-7.760078964105972
10.86,7.621393133892651,5.664790099464985,27.760293610924464,-7.760078964105972
10.865,7.52322184923302,5.605796971564654,27.60645278936955,-7.760078964105972
10.870000000000001,7.4276903363467435,5.552824541291078,27.449039050365386,-7.760078964105972
10.875,7.333175329790969,5.5067974722374,27.28849647226591,-7.760078964105972
10.88,7.24196913173699,5.466229076655509,27.125729460535226,-7.760078964105972
10.885,7.152627022537482,5.431453738339973,26.962830755475167,-7.760078964105972
10.89,7.065905926050631,5.401903865504881,26.79795574156703,-7.760078964105972
10.895,6.983340376515104,5.377090170853592,26.632839430737725,-7.760078964105972
10.9,6.903120708748676,5.358659130776604,26.464711338887383,-7.760078964105972
10.905,6.82474734918478,5.345194221566298,26.29620519562644,-7.760078964105972
10.91,6.750253001562663,5.3378651588179045,26.12721861651765,-7.760078964105972
10.915000000000001,6.678027474430464,5.335359479583013,25.95874716541175,-7.760078964105972
10.92,6.610147951594579,5.338277096017084,25.790474843237156,-7.760078964105972
10.925,6.546766033147632,5.346776154742678,25.622372697075665,-7.760078964105972
10.93,6.488255663081554,5.359708002431656,25.45537054685064,-7.760078964105972
10.935,6.431414303293668,5.377269655227824,25.290347562614535,-7.760078964105972
10.94,6.379299164361785,5.398322100233644,25.126765534303207,-7.760078964105972
10.945,6.329599620904195,5.425221108039051,24.963500952542653,-7.760078964105972
10.950000000000001,6.283908986691798,5.4552195800984675,24.802858972969283,-7.760078964105972
10.955,6.24151963052287,5.490066048020092,24.643034261391833,-7.760078964105972
10.96,6.204098948686818,5.527864867791581,24.484970570108597,-7.760078964105972
10.965,6.171870502769648,5.57128374302157,24.329837154481012,-7.760078964105972
10.97,6.142132469694511,5.618150943367291,24.178383301440636,-7.760078964105972
10.975,6.116187106758955,5.668157757080517,24.029114117641452,-7.760078964105972
10.98,6.092575951681035,5.722119405088564,23.883036708122486,-7.760078964105972
10.985,6.0744158372932775,5.779435972445857,23.73889866347153,-7.760078964105972
10.99,6.058880813861969,5.841138492222134,23.597227331582992,-7.760078964105972
10.995000000000001,6.047008541461569,5.9064477240806275,23.45935639374054,-7.760078964105972
11.0,6.040725839856634,5.974571355739059,23.325808634767196,-7.760078964105972
11.005,6.036966969954212,6.047305525168046,23.195920077755055,-7.760078964105972
11.01,6.036072453073848,6.123313085208043,23.069724899838157,-7.760078964105972
11.015,6.040341374147591,6.2026698990595275,22.946647577757236,-7.760078964105972
11.02,6.049199076489146,6.2855292081999155,22.82755892967012,-7.760078964105972
11.025,6.060771588580079,6.372838092701286,22.713991243301997,-7.760078964105972
11.03,6.07760150243964,6.462324201509532,22.605623346083302,-7.760078964105972
11.035,6.0954692025106105,6.555730528608548,22.501425759254065,-7.760078964105972
11.040000000000001,6.117045105149752,6.651484566064021,22.400718917497908,-7.760078964105972
11.045,6.145077359027298,6.7499096232110745,22.303935948314127,-7.760078964105972
11.05,6.175406434765443,6.852077921796635,22.213304109978232,-7.760078964105972
11.055,6.209185983210491,6.958181294667849,22.128996737763284,-7.760078964105972
11.06,6.24723268514371,7.066416788136608,22.04963197431505,-7.760078964105972
11.065,6.2886890356258665,7.177607663997772,21.976706547468005,-7.760078964105972
11.07,6.333207777901446,7.29192404826584,21.909514521011744,-7.760078964105972
11.075000000000001,6.380757052276198,7.409686029131866,21.848164246251766,-7.760078964105972
11.08,6.433513928207962,7.530441884650231,21.791938433788534,-7.760078964105972
11.085,6.48769220582475,7.653072476987357,21.744381633354855,-7.760078964105972
11.09,6.546408189712487,7.778245855780557,21.703406492451048,-7.760078964105972
11.095,6.607532044588118,7.9063802787690705,21.668398481808758,-7.760078964105972
11.1,6.671931573243648,8.037026351792884,21.63978168042699,-7.760078964105972
11.105,6.741248572881437,8.170354309050323,21.61969219731253,-7.760078964105972
11.11,6.812448127455781,8.30573667614269,21.60687247184243,-7.760078964105972
11.115,6.887733173729318,8.443581933839443,21.60179668093203,-7.760078964105972
11.120000000000001,6.964726311566481,8.582999883011997,21.606596718724887,-7.760078964105972
11.125,7.044962062797255,8.723148101175884,21.617546418190095,-7.760078964105972
11.13,7.127962084583603,8.864967454559492,21.636782058145496,-7.760078964105972
11.135,7.215193371238772,9.008686138519618,21.665832976568296,-7.760078964105972
11.14,7.304617907179736,9.153910645946311,21.701663976182076,-7.760078964105972
11.145,7.3968179243820344,9.29953536053212,21.747843457118673,-7.760078964105972
11.15,7.4920757919953305,9.445378633432396,21.80186967035855,-7.760078964105972
11.155,7.588001413832372,9.591409914519478,21.864716141245523,-7.760078964105972
11.16,7.687332075055017,9.73817331748836,21.936996134770823,-7.760078964105972
11.165000000000001,7.790223516689865,9.88357301880223,22.01941478049743,-7.760078964105972
11.17,7.8947317567847435,10.027068857104327,22.11061691724751,-7.760078964105972
11.175,8.001294376983262,10.170875215589184,22.212573645766355,-7.760078964105972
11.18,8.111093534372127,10.311729674851538,22.322831541097422,-7.760078964105972
11.185,8.220057202782936,10.452549733649132,22.444075701432354,-7.760078964105972
11.19,8.332331376062154,10.590291461130684,22.574912028687105,-7.760078964105972
11.195,8.445849206730555,10.725204768108597,22.712953191767124,-7.760078964105972
11.200000000000001,8.559221391479127,10.855028559663085,22.861258910664155,-7.760078964105972
11.205,8.674253434667897,10.980711690825284,23.019769400421893,-7.760078964105972
11.21,8.789202092524095,11.10408853637853,23.18943227794539,-7.760078964105972
11.215,8.904770511682882,11.221833287285035,23.36838043739703,-7.760078964105972
11.22,9.019862075478155,11.333074773407311,23.557368980073047,-7.760078964105972
11.225,9.135308772809566,11.437670013621787,23.754691987123316,-7.760078964105972
11.23,9.250912275974446,11.536004726747864,23.960130996817455,-7.760078964105972
11.235,9.365283986716463,11.626058852428558,24.17344029889156,-7.760078964105972
11.24,9.479162670388188,11.708168906791597,24.394686860086683,-7.760078964105972
11.245000000000001,9.591963381307721,11.7818493558705,24.624295723329887,-7.760078964105972
11.25,9.700952363095578,11.846055856609222,24.861357837981704,-7.760078964105972
11.255,9.809565555483617,11.900370612020321,25.10296750010528,-7.760078964105972
11.26,9.91444985619932,11.943960867057065,25.351804516228075,-7.760078964105972
11.265,10.016347209795123,11.977401396246563,25.60555664458553,-7.760078964105972
11.27,10.114843469763043,11.998221835402061,25.865211582071147,-7.760078964105972
11.275,10.209078647247239,12.00626377782648,26.12642567906831,-7.760078964105972
11.28,10.298817362082485,12.001548232141355,26.39033374584482,-7.760078964105972
11.285,10.385038583888653,11.985758186816923,26.655633806198505,-7.760078964105972
11.290000000000001,10.46523837863294,11.95578369806897,26.92195977912842,-7.760078964105972
11.295,10.540450997450884,11.913286826972914,27.189196827128594,-7.760078964105972
11.3,10.609347874596999,11.858244357065876,27.45364897410712,-7.760078964105972
11.305,10.671249653824475,11.789021057643561,27.71613081216165,-7.760078964105972
11.31,10.726596721506995,11.706558147537775,27.974690932068466,-7.760078964105972
11.315,10.776758633736721,11.610260910702117,28.22991697585779,-7.760078964105972
11.32,10.82013504817762,11.502922875622362,28.47965985115926,-7.760078964105972
11.325000000000001,10.854517672043091,11.37928242016479,28.722140557231636,-7.760078964105972
11.33,10.881184671579373,11.244817107610752,28.956872894615927,-7.760078964105972
11.335,10.900628802327441,11.097435890310628,29.182656937943374,-7.760078964105972
11.34,10.910029892855706,10.938429591247731,29.397824776822063,-7.760078964105972
11.345,10.911788877367641,10.768701407860705,29.60154671246314,-7.760078964105972
11.35,10.903756928079488,10.589755224915045,29.79359600569697,-7.760078964105972
11.355,10.886968504867172,10.400375977785432,29.973506142026153,-7.760078964105972
11.36,10.861445808176923,10.202961571181353,30.139181620268026,-7.760078964105972
11.365,10.827654604614274,9.996620003185855,30.291519477927867,-7.760078964105972
11.370000000000001,10.785764285227723,9.783096364155218,30.42934135673294,-7.760078964105972
11.375,10.734377220412249,9.5645584240938,30.551362029026084,-7.760078964105972
11.38,10.675314805115995,9.3401242330107,30.657412397622494,-7.760078964105972
11.385,10.608411158902268,9.113875454926589,30.744992650619565,-7.760078964105972
11.39,10.53413031063332,8.883717801994298,30.817769692929478,-7.760078964105972
11.395,10.45162521881952,8.651796850407065,30.87527676841432,-7.760078964105972
11.4,10.361927212324108,8.418822126752644,30.914711806435285,-7.760078964105972
11.405,10.265652055966479,8.1894943039839,30.938772428222833,-7.760078964105972
11.41,10.162741427138359,7.958583443822149,30.94669465856737,-7.760078964105972
11.415000000000001,10.053172847614562,7.729390418710511,30.937627563314333,-7.760078964105972
11.42,9.936128737338171,7.505462181454503,30.91455617731335,-7.760078964105972
11.425,9.814352062996214,7.284577936523522,30.875775411757544,-7.760078964105972
11.43,9.686838132555675,7.067816168110268,30.82114947094495,-7.760078964105972
11.435,9.554781070718725,6.85663725893877,30.75295862173009,-7.760078964105972
11.44,9.420404387196395,6.652210625433698,30.670102910828337,-7.760078964105972
11.445,9.282012993630811,6.45477228925928,30.574798106941476,-7.760078964105972
11.450000000000001,9.141606617274913,6.263704011219111,30.46713101192137,-7.760078964105972
11.455,8.997225928373497,6.0818448759436095,30.34643669669557,-7.760078964105972
11.46,8.849441505822206,5.907177618613005,30.215602066898683,-7.760078964105972
11.465,8.701535227565913,5.740256804437392,30.073215971580254,-7.760078964105972
11.47,8.55403331862656,5.582597529533397,29.922615587302833,-7.760078964105972
11.475,8.406078828105022,5.4334078084828725,29.76219817929064,-7.760078964105972
11.48,8.255854953407132,5.293891919226829,29.59364050602519,-7.760078964105972
11.485,8.10657486543277,5.161439080219997,29.41581524483591,-7.760078964105972
11.49,7.959479126229015,5.039652639191281,29.23306006261304,-7.760078964105972
11.495000000000001,7.813413000362304,4.926790435940725,29.04330969143496,-7.760078964105972
11.5,7.669137516516019,4.823116173384779,28.8491304963742,-7.760078964105972
11.505,7.528820131177375,4.727047638698263,28.647637196815037,-7.760078964105972
11.51,7.388868099170203,4.639720759401796,28.443275512661234,-7.760078964105972
11.515,7.251217321071932,4.561729908667868,28.23624396779511,-7.760078964105972
11.52,7.117054224357553,4.490760681674418,28.025387470558123,-7.760078964105972
11.525,6.985539700545727,4.427894293659421,27.811384753764425,-7.760078964105972
11.53,6.856750089709427,4.37359551605706,27.595318334982448,-7.760078964105972
11.535,6.731723973193205,4.326643841527652,27.377492127898392,-7.760078964105972
11.540000000000001,6.611114772784109,4.287105948302054,27.157777487703783,-7.760078964105972
11.545,6.494235188294048,4.254888398954025,26.9376860910725,-7.760078964105972
11.55,6.3814189399150045,4.228679073835373,26.715745113759112,-7.760078964105972
11.555,6.274191722963213,4.2107454742587835,26.494858429778887,-7.760078964105972
11.56,6.171636891615073,4.197744512688508,26.27360673801843,-7.760078964105972
11.565,6.072704582085523,4.192085018348553,26.051808657158237,-7.760078964105972
11.57,5.9789614655129935,4.190800316031561,25.832382774037022,-7.760078964105972
11.575000000000001,5.8910148018462385,4.196473016356002,25.612871149247372,-7.760078964105972
11.58,5.806158616344639,4.206907430715993,25.39433046030634,-7.760078964105972
11.585,5.725615682771557,4.2229637577536705,25.17807157267008,-7.760078964105972
11.59,5.651530296944682,4.243689245064315,24.963315478060736,-7.760078964105972
11.595,5.580579860445539,4.269043190768929,24.75005172921275,-7.760078964105972
11.6,5.515260909767199,4.300011232602615,24.539611656602066,-7.760078964105972
11.605,5.454452641046864,4.3357066551161445,24.331429569921646,-7.760078964105972
11.61,5.398738877688151,4.375528323200393,24.124073760833003,-7.760078964105972
11.615,5.348222021914386,4.419705568388799,23.921190399658524,-7.760078964105972
11.620000000000001,5.301829756694307,4.467548857256286,23.720197017330303,-7.760078964105972
11.625,5.25987267339773,4.5192797624553664,23.522395919270647,-7.760078964105972
11.63,5.221779548966072,4.575932969986586,23.327142780894796,-7.760078964105972
11.635,5.18831659592563,4.636735055677082,23.13561007275022,-7.760078964105972
11.64,5.1614892074618375,4.700326549534466,22.946684922370842,-7.760078964105972
11.645,5.1380508306770905,4.768150118691313,22.762430426211075,-7.760078964105972
11.65,5.120023499172773,4.840854963564111,22.58158006409033,-7.760078964105972
11.655,5.105764760045367,4.915557741193605,22.404599016497365,-7.760078964105972
11.66,5.096911176955962,4.9951389965704145,22.23198651870709,-7.760078964105972
11.665000000000001,5.0925970336792625,5.077056816683759,22.06284308016041,-7.760078964105972
11.67,5.090740869680133,5.163285022999848,21.898098259263207,-7.760078964105972
11.675,5.094271235529988,5.252910808189287,21.737556457433683,-7.760078964105972
11.68,5.101932918582319,5.346972219799919,21.58073719041842,-7.760078964105972
11.685,5.114796190979075,5.444889928735703,21.429154144227002,-7.760078964105972
11.69,5.131404344510422,5.54658086060397,21.28179680462037,-7.760078964105972
11.695,5.151196861576394,5.652322301172002,21.14126396256061,-7.760078964105972
11.700000000000001,5.175851737720456,5.762389765053218,21.004594373892836,-7.760078964105972
11.705,5.204401346355096,5.874740201147851,20.873829176094493,-7.760078964105972
11.71,5.2384115166638345,5.992953691111995,20.748016248674997,-7.760078964105972
11.715,5.276598032605338,6.113519508398807,20.626920228022247,-7.760078964105972
11.72,5.319280576759424,6.239726693586391,20.51351076666371,-7.760078964105972
11.725,5.36687172575679,6.369015493537715,20.406397702285084,-7.760078964105972
11.73,5.415823781155822,6.5014409408065825,20.30546411098714,-7.760078964105972
11.735,5.4707384242701025,6.638663347743841,20.211754543474346,-7.760078964105972
11.74,5.528447297689046,6.77978418662417,20.124843445750404,-7.760078964105972
11.745000000000001,5.591182351085992,6.924656167793436,20.04330646177983,-7.760078964105972
11.75,5.657818922234472,7.074855555038511,19.968296183774783,-7.760078964105972
11.755,5.727952681497831,7.2289611255480555,19.901925801371334,-7.760078964105972
11.76,5.8034105894122225,7.387661775296776,19.842632204111208,-7.760078964105972
11.765,5.882279250405965,7.549039093321176,19.791863955602295,-7.760078964105972
11.77,5.965830293040486,7.713551930674893,19.749202318890806,-7.760078964105972
11.775,6.054173507387323,7.883212717961187,19.716134979972157,-7.760078964105972
11.78,6.144047199179817,8.055991111474608,19.691378990270948,-7.760078964105972
11.785,6.240373142700446,8.231568390139632,19.676429061168577,-7.760078964105972
11.790000000000001,6.339396842862234,8.413048639361287,19.67078591870194,-7.760078964105972
11.795,6.442649107841995,8.596365970337118,19.67355404958465,-7.760078964105972
11.8,6.550903178851991,8.782524361523423,19.687543224822104,-7.760078964105972
11.805,6.661769245102946,8.971347811886075,19.712818949729474,-7.760078964105972
11.81,6.776861126597907,9.163172758091537,19.748858508710438,-7.760078964105972
11.815,6.896802645299803,9.35843144824017,19.796516494435366,-7.760078964105972
11.82,7.019374133937893,9.555395921619224,19.854064360993036,-7.760078964105972
11.825000000000001,7.14514801167856,9.753966060073092,19.925543321579426,-7.760078964105972
11.83,7.276628261925014,9.95557457685008,20.007304807596466,-7.760078964105972
11.835,7.410729941614439,10.157654996672516,20.103072103390883,12.89866704289286
11.84,7.548151554587285,10.463237973410271,20.211143807669306,12.89866704289286
11.845,7.69395865670861,10.768831378947688,20.336658692469676,12.89866704289286
11.85,7.848539233442278,11.073578353182905,20.479921765343796,12.89866704289286
11.855,8.009251343010002,11.378524594237522,20.640939498620728,12.89866704289286
11.86,8.176562361358345,11.682543179984444,20.822415723506623,12.89866704289286
11.865,8.352113026996072,11.981912132997982,21.022610529467766,12.89866704289286
11.870000000000001,8.534313940767328,12.277874784597612,21.24138336382615,12.89866704289286
11.875,8.720865124967187,12.569913188190261,21.483383397540873,12.89866704289286
11.88,8.912590252880271,12.856121331282573,21.74547908958672,12.89866704289286
11.885,9.10936015903442,13.134702639652048,22.028540209643086,12.89866704289286
11.89,9.311607881778572,13.404899863135231,22.333460789506276,12.89866704289286
11.895,9.516187845474855,13.665076502225682,22.66127094703645,12.89866704289286
11.9,9.723694710956702,13.915534354355122,23.00763436574874,12.89866704289286
11.905,9.933291794732968,14.152268925597179,23.37776368632302,12.89866704289286
11.91,10.144409838689663,14.376067353615136,23.769538052149652,12.89866704289286
11.915000000000001,10.356086614085429,14.582194238642137,24.181974774557602,12.89866704289286
11.92,10.566335135761271,14.77205157176619,24.614281359295372,12.89866704289286
11.925,10.776418884380377,14.942937583606774,25.06523709302992,12.89866704289286
11.93,10.984345055384527,15.091770316227647,25.537402230217214,12.89866704289286
11.935,11.19048421895833,15.21649531496262,26.026050682491007,12.89866704289286
11.94,11.392247780214763,15.315676214568278,26.530432382622955,12.89866704289286
11.945,11.589211244231377,15.387619574488848,27.047609756245418,12.89866704289286
11.950000000000001,11.780649724164856,15.428469279979891,27.579551156532286,12.89866704289286
11.955,11.963739431648715,15.439819613190513,28.121224850737292,12.89866704289286
11.96,12.13740798173647,15.418999753233884,28.66990336315869,12.89866704289286
11.965,12.301836092260558,15.365321099586271,29.223880363303394,12.89866704289286
11.97,12.453522626603178,15.276729357437638,29.780414497822363,12.89866704289286
11.975,12.59482836428044,15.153700155746835,30.33472202172846,12.89866704289286
11.98,12.722090607066914,14.994974946353901,30.88465061185863,12.89866704289286
11.985,12.835086986314732,14.80173311029562,31.426129852873142,12.89866704289286
11.99,12.93286607005253,14.572591681462299,31.956633071842887,12.89866704289286
11.995000000000001,13.014675354314068,14.309532379314666,32.473515162110495,12.89866704289286
12.0,13.079315697508905,14.011220295988911,32.97182084456041,12.89866704289286
12.005,13.125565811667348,13.681382569326551,33.45015775990106,12.89866704289286
12.01,13.1519884137821,13.319452807862705,33.901935076207074,12.89866704289286
12.015,13.160496566332379,12.93023498789508,34.32495005846998,12.89866704289286
12.02,13.148820622291776,12.513608082688311,34.71724244242892,12.89866704289286
12.025,13.117927997974608,12.074185143322481,35.07692327731065,12.89866704289286
12.030000000000001,13.065267437084227,11.613692427701128,35.40113614874029,12.89866704289286
12.035,12.992679664023019,11.13714951569637,35.68810623684687,12.89866704289286
12.040000000000001,12.900740363351133,10.647654978371111,35.93522905243601,12.89866704289286
12.045,12.788074144122852,10.146841615787263,36.143812739264625,12.89866704289286
12.05,12.655425266522482,9.640187271207607,36.31116976262526,12.89866704289286
12.055,12.504397662350907,9.129163168915225,36.435888249953535,12.89866704289286
12.06,12.336053120044237,8.620067181614957,36.52062296109391,12.89866704289286
12.065,12.150932604166822,8.11591060138161,36.56500842006992,12.89866704289286
12.07,11.948585398679803,7.619706599252247,36.570348024235194,12.89866704289286
12.075000000000001,11.732228199377651,7.134250840162366,36.53777054971408,12.89866704289286
12.08,11.501978491534768,6.661834529661521,36.469185538307755,12.89866704289286
12.085,11.260473365472203,6.205659906512944,36.3656909549813,12.89866704289286
12.09,11.00756649029213,5.769134247366926,36.230799365387966,12.89866704289286
12.095,10.74641572017253,5.351635716575453,36.06489433410236,12.89866704289286
12.1,10.475772137004155,4.956370103921726,35.8732223075889,12.89866704289286
12.105,10.199808312810408,4.582983401705064,35.654773414719976,12.89866704289286
12.11,9.91921909190507,4.235539960875239,35.41392339440199,12.89866704289286
12.115,9.635203670808892,3.910573092355194,35.1505810018293,12.89866704289286
12.120000000000001,9.348773167642774,3.6123273469074433,34.87015495202334,12.89866704289286
12.125,9.062105328503428,3.3374165701999523,34.574116406649786,12.89866704289286
12.13,8.775369370718527,3.086494300534733,34.26450262162441,12.89866704289286
12.135,8.490454523817942,2.8591316919242185,33.94372252790295,12.89866704289286
12.14,8.209978327161963,2.656811287545801,33.61165166919992,12.89866704289286
12.145,7.932829483952352,2.477257913262819,33.272873206291536,12.89866704289286
12.15,7.6603214518899625,2.3193212874772207,32.92867052359303,12.89866704289286
12.155000000000001,7.392757595891862,2.1839398783146264,32.578927544439175,12.89866704289286
12.16,7.132701688608604,2.0687156921959504,32.22653487671945,12.89866704289286
12.165000000000001,6.879311006616741,1.9713389722736028,31.87102063748446,12.89866704289286
12.17,6.634354926642126,1.8919402192842993,31.513011900741514,12.89866704289286
12.175,6.39793907553971,1.8304199609484115,31.154096720499265,12.89866704289286
12.18,6.1701382483230445,1.7839866231064434,30.796259000922227,12.89866704289286
12.185,5.951325998621878,1.7527810178828862,30.4417657801412,12.89866704289286
12.19,5.741270137855967,1.7364335012877878,30.08733123217476,12.89866704289286
12.195,5.540557037760168,1.7313971826909644,29.73568220278693,12.89866704289286
12.200000000000001,5.35062370236246,1.7385557888304153,29.38738548385179,12.89866704289286
12.205,5.1695337307318905,1.757114773292688,29.044252483707314,12.89866704289286
12.21,4.999099497596553,1.7859819139344384,28.703578360377904,12.89866704289286
12.215,4.8379370000512765,1.8230415472780044,28.36441629898284,12.89866704289286
12.22,4.688216242549338,1.8701008668340056,28.03032541107419,12.89866704289286
12.225,4.5472591641488584,1.9253454687786506,27.70008575339878,12.89866704289286
12.23,4.416551462395246,1.987061254084025,27.37471411465193,12.89866704289286
12.235,4.295372695608273,2.0546666714137656,27.05356779173157,12.89866704289286
12.24,4.182957658209876,2.127886951151325,26.73844395747052,12.89866704289286
12.245000000000001,4.080953102142778,2.2076677790050967,26.426099697194076,12.89866704289286
12.25,3.9877441346688487,2.293559979618343,26.118922668418666,12.89866704289286
12.255,3.9025878070562485,2.3841280977179626,25.816224028861235,12.89866704289286
12.26,3.8264701849466727,2.4780267803683076,25.519717453259204,12.89866704289286
12.265,3.758799536563908,2.576999994044651,25.22729573613491,12.89866704289286
12.27,3.6996881065881513,2.6803668782834684,24.939132918033973,12.89866704289286
12.275,3.6483586721277437,2.787420902109794,24.65591918371923,12.89866704289286
12.280000000000001,3.604583610004668,2.8994538429335193,24.378105765812684,12.89866704289286
12.285,3.5699668655706196,3.0142757199598647,24.10620317511179,12.89866704289286
12.290000000000001,3.5414894111896222,3.133275603880895,23.8384607758454,12.89866704289286
12.295,3.5206713824415163,3.2551118516497914,23.576820339236253,12.89866704289286
12.3,3.5090719202764564,3.3799066134267477,23.319712809257343,12.89866704289286
12.305,3.5015895997173594,3.5096240185786476,23.06744565770666,12.89866704289286
12.31,3.502506532666606,3.6431997355407084,22.821431285886472,12.89866704289286
12.315,3.5101536523357217,3.7804422639898547,22.58157567991874,12.89866704289286
12.32,3.5222137757651684,3.9197592816745472,22.34748430355953,12.89866704289286
12.325000000000001,3.541355962998327,4.063866291888849,22.118824977288284,12.89866704289286
12.33,3.568168300608277,4.2113773886100505,21.895860130517512,12.89866704289286
12.335,3.59870448416303,4.363134828753752,21.679653085747947,12.89866704289286
12.34,3.6372696236910693,4.518955102639084,21.4696606549952,12.89866704289286
12.345,3.68152509198665,4.680030703556276,21.265693749436934,12.89866704289286
12.35,3.7317769142177655,4.8442469038826355,21.068907951117755,12.89866704289286
12.355,3.7882256782308468,5.01410511487875,20.878226105951846,12.89866704289286
12.36,3.8491986682604202,5.18822361476797,20.696165037855536,12.89866704289286
12.365,3.915609393527335,5.366838556426276,20.51990305281397,12.89866704289286
12.370000000000001,3.9891716620688635,5.5496063219120035,20.351494586466355,12.89866704289286
12.375,4.066627175653567,5.739256654188249,20.190071883993564,12.89866704289286
12.38,4.150639123082735,5.93440796996527,20.037263046396024,12.89866704289286
12.385,4.240157619751911,6.134967997968413,19.892988736580428,12.89866704289286
12.39,4.334517292659514,6.341036026680717,19.75798296548795,12.89866704289286
12.395,4.43456189799326,6.553727060138917,19.631120012323205,12.89866704289286
12.4,4.540512709136798,6.771544937254999,19.514319787469596,12.89866704289286
12.405000000000001,4.651552050646045,6.994340373285489,19.407600023574894,12.89866704289286
12.41,4.768102028285051,7.223586881157938,19.311576494225722,12.89866704289286
12.415000000000001,4.891915927657635,7.457833437198322,19.226992680724102,12.89866704289286
12.42,5.019658282710892,7.699964482680039,19.152966198644638,12.89866704289286
12.425,5.153150977483643,7.94756591190961,19.09087894302425,12.89866704289286
12.43,5.292460666798171,8.201727435468497,19.0410133526221,12.89866704289286
12.435,5.437329857479779,8.462809408408809,19.003748866827078,12.89866704289286
12.44,5.58872444930956,8.729057110494713,18.98127669971533,12.89866704289286
12.445,5.745193178603028,9.002539624491812,18.971969039021186,12.89866704289286
12.450000000000001,5.907958038173497,9.280246728610754,18.977208672428894,12.89866704289286
12.455,6.076721115140572,9.563008384786535,18.99902236787158,12.89866704289286
12.46,6.2511713679343766,9.853637178073868,19.03574901926979,12.89866704289286
12.465,6.431917430158752,10.149784584723989,19.090136388429336,12.89866704289286
12.47,6.61855423646079,10.449836141603287,19.16167170252919,12.89866704289286
12.475,6.809738233147674,10.75642137775191,19.252821215473567,12.89866704289286
12.48,7.006938963666025,11.065574003924933,19.363213400930807,12.89866704289286
12.485,7.2102422804771855,11.377064784154806,19.49281955093636,12.89866704289286
12.49,7.4185514458339155,11.69175534962834,19.64266529591136,12.89866704289286
12.495000000000001,7.632538414160882,12.0090836404628,19.81393423880735,12.89866704289286
12.5,7.851429061464432,12.326016286416422,20.007406771507252,12.89866704289286
12.505,8.074215842036825,12.642515396761276,20.223658473412538,12.89866704289286
12.51,8.30329678727649,12.958030503383801,20.463229706551868,12.89866704289286
12.515,8.535424451998981,13.271827595551716,20.728344220872494,12.89866704289286
12.52,8.770894462514365,13.58028188792526,21.018382882675578,12.89866704289286
12.525,9.011007491883962,13.883267742535317,21.333617870897193,12.89866704289286
12.530000000000001,9.253615675173885,14.179175264154036,21.6739341767614,12.89866704289286
12.535,9.5003338286759,14.46556020487238,22.041724877804114,12.89866704289286
12.540000000000001,9.747670154288327,14.740673210714021,22.436708968675127,12.89866704289286
12.545,9.996888260086815,15.004403878894395,22.855146272379873,12.89866704289286
12.55,10.24709024302933,15.25156987433433,23.29894036173444,12.89866704289286
12.555,10.496991012270433,15.480876317594392,23.769111491096893,12.89866704289286
12.56,10.745588998775792,15.689170220154715,24.26495054493117,12.89866704289286
12.565,10.993192121593086,15.875545037710658,24.78488329616284,12.89866704289286
12.57,11.236601297817906,16.038982883444035,25.326804709601394,12.89866704289286
12.575000000000001,11.476123739696524,16.17220905285374,25.890712033864922,12.89866704289286
12.58,11.71120495143104,16.27856077008486,26.47211391902257,12.89866704289286
12.585,11.938168516490656,16.3521301227376,27.07350974343789,12.89866704289286
12.59,12.159539800148256,16.389382208191453,27.688369328294723,12.89866704289286
12.595,12.370841150104765,16.38985706833437,28.315141502837726,12.89866704289286
12.6,12.571946073899992,16.353394291185275,28.95177781226325,12.89866704289286
12.605,12.760747453433343,16.275978334166055,29.592530744399134,12.89866704289286
12.61,12.936295402532812,16.156281103055687,30.23570415234253,12.89866704289286
12.615,13.09627612194148,15.995043953602904,30.877848072154734,12.89866704289286
12.620000000000001,13.241122598477023,15.791672581220983,31.51405818325982,12.89866704289286
12.625,13.368553972193434,15.544892100279444,32.139654240298974,12.89866704289286
12.63,13.477582268863115,15.254137158192705,32.75085645338099,12.89866704289286
12.635,13.567247456888746,14.921482952565915,33.3425211638968,12.89866704289286
12.64,13.63469784392555,14.549607198350909,33.91015138366888,12.89866704289286
12.645,13.679777553955395,14.137126088312176,34.45112376902028,12.89866704289286
12.65,13.703241986538508,13.688486828489554,34.95942926832489,12.89866704289286
12.655000000000001,13.702327329042346,13.207095741099412,35.43110309971542,12.89866704289286
12.66,13.678248744624586,12.696116059484055,35.864625817796295,12.89866704289286
12.665000000000001,13.629610849827655,12.15929497060211,36.25408644347666,12.89866704289286
12.67,13.557027562451502,11.602232553035378,36.59958463232042,12.89866704289286
12.675,13.458268080814776,11.02685339977695,36.89816589379861,12.89866704289286
12.68,13.336065020429922,10.43786374025412,37.14736632814137,12.89866704289286
12.685,13.190672233648508,9.839494814424324,37.34676812982738,12.89866704289286
12.69,13.023160212941619,9.237763768727655,37.49761324142406,12.89866704289286
12.695,12.833965799178163,8.637627784883612,37.59991030896099,12.89866704289286
12.700000000000001,12.622926831126533,8.040907768927537,37.65324728388185,12.89866704289286
12.705,12.392583169843384,7.454766042769052,37.65795081614544,12.89866704289286
12.71,12.146364565797736,6.882897376289046,37.617777588870204,12.89866704289286
12.715,11.884098762668273,6.329110019970438,37.534357304172936,12.89866704289286
12.72,11.605050389753359,5.79607657620171,37.41009137393122,12.89866704289286
12.725,11.316202581209058,5.285026155475929,37.24772454337773,12.89866704289286
12.73,11.014049033061676,4.800620217407569,37.05039644837338,12.89866704289286
12.735,10.702166406890408,4.341903085557985,36.82184054103189,12.89866704289286
12.74,10.385328733444382,3.9120100336928045,36.56245767611216,12.89866704289286
12.745000000000001,10.061143210498056,3.5116803407478114,36.2777488048964,12.89866704289286
12.75,9.73422438431242,3.1436586469922934,35.97234197217751,12.89866704289286
12.755,9.40444076197419,2.804208009705003,35.64541827465355,12.89866704289286
12.76,9.075158975365603,2.4948855450226333,35.302333566382615,12.89866704289286
12.765,8.745854877138973,2.2149357926523603,34.94572829740914,12.89866704289286
12.77,8.417768492041118,1.9648821198539226,34.575952483687416,12.89866704289286
12.775,8.095385246226238,1.7422465984058546,34.19724742893675,12.89866704289286
12.780000000000001,7.777530512574702,1.5469247355443447,33.8115433878883,12.89866704289286
12.785,7.466799249929792,1.3775351925583301,33.420986497366144,12.89866704289286
12.790000000000001,7.163689835122334,1.2319313174901156,33.02794528660288,12.89866704289286
12.795,6.866568034453764,1.1099299905011877,32.63174743157553,12.89866704289286
12.8,6.578998345945232,1.0111190711122957,32.234747558408294,12.89866704289286
12.805,6.300462727203921,0.9299153023237957,31.83735685987598,12.89866704289286
12.81,6.031368120237098,0.8696664360064367,31.443719930331298,12.89866704289286
12.815,5.773532431419379,0.8261265691371127,31.051081110769864,12.89866704289286
12.82,5.526811949523902,0.7989595175626611,30.661474194792735,12.89866704289286
12.825000000000001,5.291021074735838,0.7851204986277085,30.273693028823047,12.89866704289286
12.83,5.065950151751434,0.7851520631138106,29.890387758773425,12.89866704289286
12.835,4.851568083146888,0.7978880820777419,29.511681013719137,12.89866704289286
12.84,4.648021156623437,0.8223681111429751,29.137834400348655,12.89866704289286
12.845,4.4567325220069085,0.8552584736360989,28.769740959149942,12.89866704289286
12.85,4.276062996412237,0.8983941366766348,28.404370415258896,12.89866704289286
12.855,4.107709144181731,0.9496643043126771,28.04477445099772,12.89866704289286
12.86,3.9492699259390327,1.008710271383073,27.69143179157257,12.89866704289286
12.865,3.8011779026752417,1.073928481827445,27.341005303517704,12.89866704289286
12.870000000000001,3.6651485409786626,1.1461950702252433,26.995850443737705,12.89866704289286
12.875,3.5393005104343396,1.2228691644752543,26.656896162398947,12.89866704289286
12.88,3.4233682021697462,1.3041947071775344,26.32382660823858,12.89866704289286
12.885,3.318394947347717,1.390157911496848,25.99562895831954,12.89866704289286
12.89,3.221597798608578,1.4815724044138803,25.672037091730203,12.89866704289286
12.895,3.1344939506847362,1.5745353704164806,25.353254061633418,12.89866704289286
12.9,3.055819411339155,1.672296785138295,25.03806580170528,12.89866704289286
12.905000000000001,2.986394218504568,1.7725118510859974,24.72960223403149,12.89866704289286
12.91,2.925079569738517,1.8774062727294112,24.427421082963807,12.89866704289286
12.915000000000001,2.8718629759568297,1.985027502810526,24.12963599121775,12.89866704289286
12.92,2.8272389683310273,2.0959293939770696,23.837746760814547,12.89866704289286
12.925,2.7896984565471317,2.20957934605758,23.548852742800417,12.89866704289286
12.93,2.7614406711294976,2.325013518712334,23.26598850004406,12.89866704289286
12.935,2.7390479863618773,2.4430740258611228,22.987949500330238,12.89866704289286
12.94,2.7226171747761088,2.563637820543496,22.71502350117196,12.89866704289286
12.945,2.7143631343686145,2.687625563516328,22.447639631456752,12.89866704289286
12.950000000000001,2.7127213431132726,2.813239759993821,22.185461014484858,12.89866704289286
12.955,2.7171125174331654,2.9423804186473843,21.927689208553847,12.89866704289286
12.96,2.7295257727346782,3.0752116811103805,21.67471135931522,12.89866704289286
12.965,2.7464534112935115,3.210306292935591,21.428445126916753,12.89866704289286
12.97,2.7699756422300257,3.3489126119850434,21.187210674731002,12.89866704289286
12.975,2.7989765188505027,3.4901636652775903,20.950571759405523,12.89866704289286
12.98,2.833497446734205,3.636547671902779,20.71937031755364,12.89866704289286
12.985,2.8737202499836445,3.786044649490771,20.49425954861982,12.89866704289286
12.99,2.918665499147953,3.9397900185346613,20.275108188996587,12.89866704289286
12.995000000000001,2.9696447029322357,4.095950307296046,20.062027674988844,12.89866704289286
13.0,3.0248848786228426,4.258547085992807,19.855698807979344,12.89866704289286
13.005,3.0868555515013485,4.424119355075062,19.654811395718234,12.89866704289286
13.01,3.152813072652141,4.595147195821631,19.460589589547062,12.89866704289286
13.015,3.2243381254109096,4.771733186887342,19.27506161843479,12.89866704289286
13.02,3.3011018015733824,4.953932796579717,19.093731381940184,12.89866704289286
13.025,3.38466612255319,5.141027813875812,18.921191880162333,12.89866704289286
13.030000000000001,3.473038315508496,5.33311119009661,18.75567520865909,12.89866704289286
13.035,3.566261354256363,5.53169992230829,18.598089361579586,12.89866704289286
13.040000000000001,3.6637314278213036,5.736307924761193,18.449399688465178,12.89866704289286
13.045,3.7666394784477637,5.946572425467725,18.310247682322508,12.89866704289286
13.05,3.8767492872463394,6.163873955281408,18.177355868874145,12.89866704289286
13.055,3.991968493507396,6.387736811060415,18.054340536541044,12.89866704289286
13.06,4.111337421719481,6.619046172217999,17.940684585559705,12.89866704289286
13.065,4.23710049299148,6.857205455537027,17.837327151087447,12.89866704289286
13.07,4.369924561790504,7.102599069787444,17.743365187702416,12.89866704289286
13.075000000000001,4.50745941684397,7.355482168399057,17.662144075745267,12.89866704289286
13.08,4.650712374888483,7.616010725994513,17.591835324403647,12.89866704289286
13.085,4.797766234162122,7.883962158475621,17.534419297390752,12.89866704289286
13.09,4.953026834892272,8.160856272476439,17.48985373628452,12.89866704289286
13.095,5.11510444821451,8.445338609325317,17.45835065699956,12.89866704289286
13.1,5.281423412072627,8.737265697041396,17.442281454187313,12.89866704289286
13.105,5.454332701907085,9.037366757827249,17.439407852673828,12.89866704289286
13.11,5.633274218776911,9.344255641149978,17.4537827123546,12.89866704289286
13.115,5.819524488737527,9.660645638162414,17.4839244160706,12.89866704289286
13.120000000000001,6.011261161574246,9.983160699893789,17.53190258233357,12.89866704289286
13.125,6.208880355780148,10.312258600686432,17.599274492301554,12.89866704289286
13.13,6.413581767640104,10.647984113344405,17.684878291951687,12.89866704289286
13.135,6.6252270805142786,10.989330551326251,17.790350671802983,12.89866704289286
13.14,6.843324334126823,11.336908235235432,17.916120734820492,12.89866704289286
13.145,7.068395275288886,11.691430293633971,18.064375810491743,12.89866704289286
13.15,7.299626536179704,12.048793186417871,18.23523749470305,12.89866704289286
13.155000000000001,7.536771962379271,12.409932071254934,18.43194140497943,12.89866704289286
13.16,7.779205755515273,12.773625262498143,18.653753237357517,12.89866704289286
13.165000000000001,8.028828433072128,13.137794952962233,18.902026997993563,12.89866704289286
13.17,8.284288269069071,13.502402159037064,19.178115154619654,12.89866704289286
13.175,8.54555661469838,13.865260891221869,19.481095253542133,12.89866704289286
13.18,8.810629431153089,14.224767277221437,19.813609563586756,12.89866704289286
13.185,9.081933842621925,14.578546059857842,20.176189968666076,12.89866704289286
13.19,9.357619015742026,14.924968096235723,20.568163444093553,12.89866704289286
13.195,9.636291287633664,15.262234459315005,20.991527894935697,12.89866704289286
13.200000000000001,9.91716797893591,15.587691820471159,21.446929053850045,12.89866704289286
13.205,10.201142708727374,15.898707748718657,21.934871877894746,12.89866704289286
13.21,10.485941674950768,16.193559158587252,22.451909154053844,12.89866704289286
13.215,10.773139542521065,16.46969782945165,23.0008275743882,12.89866704289286
13.22,11.059055492162678,16.721670071417915,23.580323021061798,12.89866704289286
13.225,11.342922863608155,16.947142627961053,24.189483879964545,12.89866704289286
13.23,11.62292071274953,17.143664788479196,24.827820977803857,12.89866704289286
13.235,11.900295447759861,17.306597144358584,25.493528866721288,12.89866704289286
13.24,12.171099076453938,17.433310563860886,26.183529530193322,12.89866704289286
13.245000000000001,12.434121878399132,17.519872742357826,26.896041930057496,12.89866704289286
13.25,12.688933911491892,17.566453727149987,27.6276330537378,12.89866704289286
13.255,12.93290681102336,17.566744942868258,28.373229714880516,12.89866704289286
13.26,13.163114990518926,17.51969270569049,29.129721593640415,12.89866704289286
13.265,13.381789981231329,17.422806773668928,29.89377302773544,12.89866704289286
13.27,13.582826078701675,17.273663046908197,30.661307243536154,12.89866704289286
13.275,13.76844483990282,17.071233510445655,31.425152437207593,12.89866704289286
13.280000000000001,13.934177850929236,16.81530130393728,32.1805945245311,12.89866704289286
13.285,14.07723140681897,16.5047478497261,32.92317549514261,12.89866704289286
13.290000000000001,14.19727701006498,16.14018324958394,33.64553078749919,12.89866704289286
13.295,14.294053160694634,15.723785245180744,34.34424269577165,12.89866704289286
13.3,14.364784626640267,15.25626860869071,35.009246383429144,12.89866704289286
13.305,14.408556951775687,14.741571772573534,35.64049526643503,12.89866704289286
13.31,14.426362470115473,14.182774047533218,36.22792629190248,12.89866704289286
13.315,14.413408190961198,13.581985694277106,36.76784705151487,12.89866704289286
13.32,14.370702994620137,12.946651853972893,37.25603220161951,12.89866704289286
13.325000000000001,14.29947316792774,12.282297724028247,37.69000091692862,12.89866704289286
13.33,14.197842590824623,11.592352462479809,38.06492822171276,12.89866704289286
13.335,14.068637289312868,10.884416837466114,38.38027428467711,12.89866704289286
13.34,13.909498893801238,10.16432432126601,38.633669079499185,12.89866704289286
13.345,13.72279540580249,9.438326873801753,38.82577899703757,12.89866704289286
13.35,13.508027377950572,8.712774311179757,38.95513045366576,12.89866704289286
13.355,13.267761757591881,7.993756985731493,39.025245069463885,12.89866704289286
13.36,13.003289518647867,7.287353144173872,39.03467735828026,12.89866704289286
13.365,12.717696328894547,6.59732442863289,38.98791968955809,12.89866704289286
13.370000000000001,12.411345218087828,5.929048117061763,38.886248162740024,12.89866704289286
13.375,12.087592050340733,5.2872696448375835,38.736665668892115,12.89866704289286
13.38,11.747058832374126,4.675222926381011,38.539325130194044,12.89866704289286
13.385,11.392419867391796,4.097332297031716,38.30050512696261,12.89866704289286
13.39,11.026194047465488,3.553752882666286,38.02260917402452,12.89866704289286
13.395,10.653488495696616,3.0479121690903375,37.711462688593976,12.89866704289286
13.4,10.27322131698054,2.579713214239874,37.37018167986956,12.89866704289286
13.405000000000001,9.888761974595585,2.149559794628868,37.004965912044746,12.89866704289286
13.41,9.502778361129907,1.7595528612837033,36.617179184370094,12.89866704289286
13.415000000000001,9.114911944152857,1.4064117383899686,36.21314259793103,12.89866704289286
13.42,8.728363967257357,1.0891520690137366,35.79412017390985,12.89866704289286
13.425,8.347417193913524,0.8093789101188454,35.3642741794545,12.89866704289286
13.43,7.970785775387741,0.5623214294785147,34.926409324428526,12.89866704289286
13.435,7.600151814734663,0.3473911579347274,34.48329238315754,12.89866704289286
13.44,7.237356098594632,0.16473971843856844,34.03619116261252,12.89866704289286
13.445,6.883077401854702,0.010024250742845381,33.588156638881195,12.89866704289286
13.450000000000001,6.538035743264816,-0.11743068668632373,33.141061259180404,12.89866704289286
13.455,6.205959844632465,-0.2200116537953207,32.69623320844883,12.89866704289286
13.46,5.885604709673825,-0.3008187984339217,32.253648548535544,12.89866704289286
13.465,5.576134181731516,-0.3609347934532068,31.815134422905803,12.89866704289286
13.47,5.2788251353446976,-0.4008499849524947,31.380285858233908,12.89866704289286
13.475,4.993514591711504,-0.4236936335458536,30.950373343187668,12.89866704289286
13.48,4.722660118104858,-0.430263394191277,30.52790413219879,12.89866704289286
13.485,4.465204126592335,-0.4233115015560918,30.1112119545078,12.89866704289286
13.49,4.2199201292476225,-0.4043645964911393,29.699477002322045,12.89866704289286
13.495000000000001,3.9885527670704137,-0.37367464963239616,29.294289594812845,12.89866704289286
13.5,3.76944572895796,-0.33228092043532964,28.89567606218571,12.89866704289286
13.505,3.5648622206297986,-0.2832686345784683,28.505117944711312,12.89866704289286
13.51,3.372390739081661,-0.22734341408074954,28.120559508651965,12.89866704289286
13.515,3.191274302049634,-0.16376704976375855,27.74249692598821,12.89866704289286
13.52,3.024208623290772,-0.09513245369579058,27.370952074386928,12.89866704289286
13.525,2.867083023891978,-0.021398446778847904,27.00503020687683,12.89866704289286
13.530000000000001,2.721526472671737,0.05802292826983893,26.643462847324592,12.89866704289286
13.535,2.587621357278206,0.1392598921285948,26.28868704074579,12.89866704289286
13.540000000000001,2.4642454527236444,0.22544556914346597,25.94024815536133,12.89866704289286
13.545,2.3531955159776823,0.3158585783259022,25.596205431723313,12.89866704289286
13.55,2.2518579349800967,0.40719481149888204,25.25843739618595,12.89866704289286
13.555,2.1605577594397163,0.499771245615081,24.927001538871757,12.89866704289286
13.56,2.079360893926719,0.5950682158342668,24.600621920529107,12.89866704289286
13.565,2.005069250639735,0.6932080059512419,24.278275478881312,12.89866704289286
13.57,1.9388526984966672,0.7908720126430224,23.961355704037455,12.89866704289286
13.575000000000001,1.8810205298022957,0.8910710830833345,23.649990302102438,12.89866704289286
13.58,1.8320479253840967,0.9922322962180076,23.3424653175488,12.89866704289286
13.585,1.7906095847683585,1.0948554285100713,23.041412127410045,12.89866704289286
13.59,1.756285422446324,1.1988528063132362,22.744774006192657,12.89866704289286
13.595,1.726991950771083,1.3038384200830064,22.453372591817335,12.89866704289286
13.6,1.7056666817257797,1.4092093725581423,22.164966466883158,12.89866704289286
13.605,1.6910586285910247,1.5160994314820553,21.880860441565666,12.89866704289286
13.61,1.6826202883712476,1.6240923037185033,21.60101769076741,12.89866704289286
13.615,1.679961127903835,1.7335839392398633,21.32682546991006,12.89866704289286
13.620000000000001,1.6828345898257517,1.845436627391878,21.057352929180052,12.89866704289286
13.625,1.6907237994060684,1.9600757654694603,20.793054199396735,12.89866704289286
13.63,1.7036824472039087,2.0763851132095956,20.53168802721059,12.89866704289286
13.635,1.7221539720848489,2.194351449186505,20.276604830349875,12.89866704289286
13.64,1.745608719401878,2.3145275291178575,20.02633414183661,12.89866704289286
13.645,1.774948577434344,2.4364011283081717,19.779304483702088,12.89866704289286
13.65,1.8086371893740192,2.561871575281233,19.53628642004186,12.89866704289286
13.655000000000001,1.8453068818351808,2.689080041045341,19.298383586872763,12.89866704289286
13.66,1.885967415965607,2.819951987121543,19.065667079052954,12.89866704289286
13.665000000000001,1.9316271596168342,2.955119250072184,18.83809868759312,12.89866704289286
13.67,1.9840460919579586,3.0933976119709614,18.616612896639545,12.89866704289286
13.675,2.0396848021369123,3.2352339311661087,18.398839366735874,12.89866704289286
13.68,2.0992398459887887,3.3821394593266274,18.18592110330109,12.89866704289286
13.685,2.1646259981113865,3.533293799444147,17.97828761679219,12.89866704289286
13.69,2.2333677950295696,3.6882603517052206,17.776505780545932,12.89866704289286
13.695,2.3052338918451842,3.8477312858569968,17.58102264583271,12.89866704289286
13.700000000000001,2.381929397030794,4.01446847182992,17.390841427001778,12.89866704289286
13.705,2.4637775725000495,4.184468494339231,17.20698428748244,12.89866704289286
13.71,2.5507240529332167,4.3620604104283816,17.027799439149018,12.89866704289286
13.715,2.6404482717412017,4.543953836144312,16.855234724478116,12.89866704289286
13.72,2.73657301362081,4.732724821890516,16.691148216091822,12.89866704289286
13.725,2.835576226867191,4.928003066613866,16.53346567206133,12.89866704289286
13.73,2.940503324820768,5.130462000778415,16.382619239256087,12.89866704289286
13.735,3.048777517173062,5.338838187680089,16.238872225107958,12.89866704289286
13.74,3.164156766753767,5.556660635249319,16.102822850704325,12.89866704289286
13.745000000000001,3.284277732222088,5.781961056945364,15.97609898259173,12.89866704289286
13.75,3.4094676442181617,6.015881225460152,15.858681436968093,12.89866704289286
13.755,3.5409031516511518,6.257535138268755,15.749575378043081,12.89866704289286
13.76,3.6776909506709594,6.5069443219558565,15.650790503407084,12.89866704289286
13.765,3.817816904693145,6.7663125865074205,15.561398338556486,12.89866704289286
13.77,3.9655760289642314,7.033367855828703,15.482946951866086,12.89866704289286
13.775,4.118749288249267,7.310779268261311,15.415990989427963,12.89866704289286
13.780000000000001,4.277074147319592,7.599082747139541,15.360394930749436,12.89866704289286
13.785,4.442188598095698,7.897239840969628,15.31694077947814,12.89866704289286
13.790000000000001,4.615695055515299,8.203938708583943,15.286969732266776,12.89866704289286
13.795,4.794989754542298,8.51922764841104,15.272601417307483,12.89866704289286
13.8,4.982502310587329,8.846448946449485,15.272871477851536,12.89866704289286
13.805,5.175800901046168,9.184079506207569,15.29029146613677,12.89866704289286
13.81,5.3755498183884,9.53272297017363,15.324602919919501,12.89866704289286
13.815,5.583467116400377,9.891189392106353,15.375736066969948,12.89866704289286
13.82,5.800446899988945,10.257563589561334,15.447301183455853,12.89866704289286
13.825000000000001,6.023172496614326,10.635586789338742,15.538461987221071,12.89866704289286
13.83,6.253349613818906,11.02179496986392,15.651175658651228,12.89866704289286
13.835,6.491041249909097,11.417526557749852,15.787613060184729,12.89866704289286
13.84,6.737863003565354,11.821438158589693,15.947762038420171,12.89866704289286
13.845,6.990899815751081,12.232894034854814,16.133318930539467,12.89866704289286
13.85,7.251570806088586,12.650619176404826,16.3449318951187,12.89866704289286
13.855,7.521127785731882,13.075291074860736,16.58559005739071,12.89866704289286
13.86,7.797183571762728,13.50377325955325,16.856465709787262,12.89866704289286
13.865,8.081860086250746,13.936428066407906,17.157507480212196,16.312919170795944
13.870000000000001,8.374866450413972,14.385894271295333,17.492240404275364,16.312919170795944
13.875,8.675564121953625,14.835867027794025,17.860851873015932,16.312919170795944
13.88,8.982487482458033,15.283939094095993,18.26460412472643,16.312919170795944
13.885,9.297329915843848,15.726487456930446,18.707467208571025,16.312919170795944
13.89,9.61847199285151,16.16066608082666,19.18914218154435,16.312919170795944
13.895,9.94599673795928,16.58545836931657,19.711007080884027,16.312919170795944
13.9,10.278533550279665,16.996273355966004,20.27301828305831,16.312919170795944
13.905000000000001,10.61436204958749,17.38970921648706,20.877019606581953,16.312919170795944
13.91,10.95244674290259,17.763293150877992,21.52177174000329,16.312919170795944
13.915000000000001,11.293075958285945,18.111001444956543,22.2066455571421,16.312919170795944
13.92,11.633455224008573,18.428922362427937,22.932670154464404,16.312919170795944
13.925,11.973205382758534,18.71264429782506,23.69850812036361,16.312919170795944
13.93,12.310146686016136,18.95874947699253,24.502210619991512,16.312919170795944
13.935,12.642271376876737,19.1619743327081,25.341609129814277,16.312919170795944
13.94,12.968288657926845,19.31642606792116,26.216003120427057,16.312919170795944
13.945,13.285218133959912,19.41638690977517,27.118935592235594,16.312919170795944
13.950000000000001,13.592231622667459,19.45974020311179,28.046783763272746,16.312919170795944
13.955,13.886125764357505,19.441050959050255,28.994276082600486,16.312919170795944
13.96,14.165107668592633,19.357596249421,29.95739402379499,16.312919170795944
13.965,14.424710340674821,19.204100705712595,30.929460761156193,16.312919170795944
13.97,14.664355296090859,18.97869344055156,31.902071101640697,16.312919170795944
13.975,14.879681190261495,18.6792643868262,32.868497448803296,16.312919170795944
13.98,15.068918295444373,18.304829145638944,33.82039001319918,16.312919170795944
13.985,15.230844258078934,17.85625903748517,34.74955847673723,16.312919170795944
13.99,15.361470014124833,17.33471565679667,35.64579519120217,16.312919170795944
13.995000000000001,15.461650244812677,16.743592222500435,36.502242661341405,16.312919170795944
14.0,15.525655472526243,16.083606247459286,37.3089530022041,16.312919170795944
14.005,15.55432613319727,15.361677667314481,38.06056406438592,16.312919170795944
14.01,15.544424818863872,14.58426557204707,38.74719002566301,16.312919170795944
14.015,15.496688181851567,13.758627300837189,39.3651772051384,16.312919170795944
14.02,15.410873672523564,12.89045394553154,39.903780029051035,16.312919170795944
14.025,15.285213690924806,11.992273876370485,40.36656357454806,16.312919170795944
14.030000000000001,15.120498044575838,11.068695430560924,40.74570966710167,16.312919170795944
14.035,14.918432466031822,10.132568135271628,41.03943166338605,16.312919170795944
14.040000000000001,14.679904751530643,9.190897115317952,41.24775600840718,16.312919170795944
14.045,14.406302344444452,8.254961895098537,41.373053507793166,16.312919170795944
14.05,14.100072013146375,7.332428698430306,41.41524115418547,16.312919170795944
14.055,13.761365089591973,6.431311184553648,41.379896186515914,16.312919170795944
14.06,13.396110199768968,5.559452857275017,41.26984250313347,16.312919170795944
14.065,13.005214882125259,4.723096104194193,41.09236827253765,16.312919170795944
14.07,12.590619981673111,3.9282359604817203,40.85146007199159,16.312919170795944
14.075000000000001,12.15837641690935,3.1807942858857703,40.55426225083263,16.312919170795944
14.08,11.708548006859935,2.484118846875205,40.208230956443835,16.312919170795944
14.085,11.247131371886908,1.8372353655470635,39.818770622000756,16.312919170795944
14.09,10.77746082550061,1.2432767175766006,39.39090647371342,16.312919170795944
14.095,10.301151170820328,0.7049765680881966,38.93309908891161,16.312919170795944
14.1,9.822009543601093,0.22078482240975866,38.44873752153219,16.312919170795944
14.105,9.341935527593828,-0.2113417392907989,37.94593500365342,16.312919170795944
14.11,8.865307018340905,-0.5933489004869896,37.43064465613115,16.312919170795944
14.115,8.393068036348431,-0.9277380601813268,36.90470691151732,16.312919170795944
14.120000000000001,7.926989674671472,-1.2151151884600062,36.37425344577852,16.312919170795944
14.125,7.47097914072288,-1.459680777701356,35.8394856389008,16.312919170795944
14.13,7.024484401063946,-1.6635629844094575,35.30693059438087,16.312919170795944
14.135,6.590177593742961,-1.8300743214845328,34.777185045965886,16.312919170795944
14.14,6.169681172630773,-1.963330432195244,34.25244035046245,16.312919170795944
14.145,5.762681869101202,-2.0651449715141283,33.73638324127582,16.312919170795944
14.15,5.371364259125891,-2.138863795464973,33.227415222763526,16.312919170795944
14.155000000000001,4.993991404879039,-2.1868959862117787,32.72684126815968,16.312919170795944
14.16,4.633646970047498,-2.2131229486280914,32.23573329130142,16.312919170795944
14.165000000000001,4.291382105845179,-2.217568841384446,31.755015258127266,16.312919170795944
14.17,3.966761522658683,-2.206312026326553,31.28338995761603,16.312919170795944
14.175,3.658300303646832,-2.1790058630516054,30.8219172435041,16.312919170795944
14.18,3.366795107993263,-2.1380563606774334,30.371273756360324,16.312919170795944
14.185,3.0909411784873653,-2.084577418453131,29.929919635882843,16.312919170795944
14.19,2.8323426100707563,-2.0225427514453105,29.49768579799146,16.312919170795944
14.195,2.5905179279032127,-1.9531887646620212,29.075169267889624,16.312919170795944
14.200000000000001,2.363375751110019,-1.8761468971811912,28.661447890762787,16.312919170795944
14.205,2.1513966187323543,-1.7922014990428068,28.257011880524043,16.312919170795944
14.21,1.9546279331975334,-1.7058194118583865,27.860915982076882,16.312919170795944
14.215,1.7725485832022274,-1.6157176392913364,27.472449876162607,16.312919170795944
14.22,1.602469651241491,-1.5213697385533165,27.09051089275556,16.312919170795944
14.225,1.4457581184274355,-1.4254043882778622,26.71621654435821,16.312919170795944
14.23,1.30304114380874,-1.3282135469478888,26.35040508067095,16.312919170795944
14.235,1.171625867554931,-1.229842937954475,25.99000571365626,16.312919170795944
14.24,1.05042804979173,-1.1303054741393845,25.635540728132558,16.312919170795944
14.245000000000001,0.9408870935352048,-1.0300701291599639,25.287026478621378,16.312919170795944
14.25,0.8421939529766918,-0.9307508535127489,24.94500301113495,16.312919170795944
14.255,0.7533038491373415,-0.8314901074938243,24.607987510326428,16.312919170795944
14.26,0.6733634090383812,-0.7332671151066664,24.277573928846543,16.312919170795944
14.265,0.6032699131795659,-0.635500747553455,23.95090032099759,16.312919170795944
14.27,0.5408958635209258,-0.5375088506519661,23.628731058926856,16.312919170795944
14.275,0.48849939917659313,-0.4406673547655671,23.31220108075688,16.312919170795944
14.280000000000001,0.4418035237071315,-0.3459121426108015,22.999982006232575,16.312919170795944
14.285,0.4023165229385869,-0.25071239453071925,22.69332780977505,16.312919170795944
14.290000000000001,0.3708028695478855,-0.15651415460676865,22.391339122080396,16.312919170795944
14.295,0.34355056444588034,-0.06303040940408573,22.092143561477723,16.312919170795944
14.3,0.32335117559977533,0.029671686388535345,21.797543069221952,16.312919170795944
14.305,0.3097324662102011,0.12066654441850737,21.507586454566255,16.312919170795944
14.31,0.3002436994549717,0.21104332556847363,21.22038157009137,16.312919170795944
14.315,0.294882931832544,0.3012796202515931,20.937683489035184,16.312919170795944
14.32,0.2954842339737975,0.3918070934552304,20.659172914987188,16.312919170795944
14.325000000000001,0.30030133160580047,0.4828351947903182,20.384932202922208,16.312919170795944
14.33,0.31032663954618384,0.5737824596176406,20.114913842855728,16.312919170795944
14.335,0.3223217880137157,0.664427043975234,19.847078390151864,16.312919170795944
14.34,0.34025958831659986,0.7552301500497179,19.583629433407125,16.312919170795944
14.345,0.36182504912250457,0.8462481559975,19.325260482665964,16.312919170795944
14.35,0.38585252409978044,0.940350015013893,19.069458698577726,16.312919170795944
14.355,0.412508980412478,1.0343808496140299,18.816932303301705,16.312919170795944
14.36,0.4439776278588892,1.1295739185680067,18.568750707337287,16.312919170795944
14.365,0.4780775169163251,1.2271208117484202,18.322878988348048,16.312919170795944
14.370000000000001,0.5151528406412583,1.3257746694039532,18.08161517241242,16.312919170795944
14.375,0.5563798711896154,1.4258409195598043,17.844457042807992,16.312919170795944
14.38,0.5990981455802533,1.5273543153851585,17.61204430866067,16.312919170795944
14.385,0.6457357817404789,1.6340819577274681,17.381662142837612,16.312919170795944
14.39,0.6946411398674134,1.7414621294410033,17.15562523231113,16.312919170795944
14.395,0.7479641895013212,1.8512772450348238,16.932135584861822,16.312919170795944
14.4,0.8019812346666517,1.9657483229832662,16.712928702839815,16.312919170795944
14.405000000000001,0.8597288603456363,2.0827365003795424,16.498108451995595,16.312919170795944
14.41,0.9209472129216504,2.203345463775451,16.28717850417133,16.312919170795944
14.415000000000001,0.9855051114336594,2.3279742401010117,16.08052271405613,16.312919170795944
14.42,1.052387205503225,2.457373414829522,15.877584376155925,16.312919170795944
14.425,1.1224713274095066,2.589193565132415,15.679199034012342,16.312919170795944
14.43,1.1962109353679926,2.7269191921593867,15.485580774455384,16.312919170795944
14.435,1.2724790103908379,2.867955194128448,15.294518665282826,16.312919170795944
14.44,1.353639124937543,3.0166859120566585,15.110036202319847,16.312919170795944
14.445,1.43671097529411,3.1709970553163873,14.929550473628785,16.312919170795944
14.450000000000001,1.5230824164828216,3.3303452087408276,14.75222186178383,16.312919170795944
14.455,1.6137591910850912,3.4964739507328546,14.581445609026565,16.312919170795944
14.46,1.7066570970017607,3.6695137705178316,14.415614472311075,16.312919170795944
14.465,1.8036998164908995,3.8488103110541685,14.255099563005688,16.312919170795944
14.47,1.9066720294922115,4.035009954816916,14.09899967638705,16.312919170795944
14.475,2.013232720454385,4.230313767948732,13.948476783810705,16.312919170795944
14.48,2.123557904005593,4.430861481205911,13.805504060855714,16.312919170795944
14.485,2.238413161910477,4.640881084067354,13.668490828832118,16.312919170795944
14.49,2.3584415305307824,4.860337164826331,13.538282949306659,16.312919170795944
14.495000000000001,2.4834722046985886,5.087981672095137,13.41559696149405,16.312919170795944
14.5,2.6141690826136874,5.3261029000769975,13.299907933037199,16.312919170795944
14.505,2.7501530671676018,5.573936777115026,13.191658697366474,16.312919170795944
14.51,2.891617114399281,5.8310885762010765,13.093123770803343,16.312919170795944
14.515,3.0388796023249856,6.099352895871663,13.002778794304957,16.312919170795944
14.52,3.1920383540719808,6.379440451130284,12.921297770825015,16.312919170795944
14.525,3.3520318604235464,6.66938907413244,12.850566077113797,16.312919170795944
14.530000000000001,3.5173806363607802,6.971683702291549,12.790855494112321,16.312919170795944
14.535,3.6913513186763636,7.2842226587684005,12.742858350092208,16.312919170795944
14.540000000000001,3.870499110699651,7.609237742937675,12.707322224433906,16.312919170795944
14.545,4.057210882366004,7.948512864257439,12.684932862065164,16.312919170795944
14.55,4.2513494234412335,8.300229530012974,12.676385475218508,16.312919170795944
14.555,4.453760004237187,8.666399313557346,12.684556724725198,16.312919170795944
14.56,4.66524663645008,9.045776488413786,12.70793618816587,16.312919170795944
14.565,4.883463030020102,9.43880145668674,12.749079858008535,16.312919170795944
14.57,5.11057037901148,9.845717072529357,12.810189157180481,16.312919170795944
14.575000000000001,5.346821356448645,10.26628086563262,12.89126815636906,16.312919170795944
14.58,5.591396004931578,10.701409455224672,12.994742853878194,16.312919170795944
14.585,5.845861263514657,11.148414723485452,13.120338004767216,16.312919170795944
14.59,6.110242898840381,11.609508154277862,13.270449433481316,16.312919170795944
14.595,6.384832980026458,12.083701360912933,13.447330310540217,16.312919170795944
14.6,6.670514908465558,12.56929704246779,13.654780472689344,16.312919170795944
14.605,6.965229699373106,13.067328672153042,13.891439450669655,16.312919170795944
14.61,7.2691356691522655,13.574730414910704,14.162237270804836,16.312919170795944
14.615,7.585435889012894,14.091547162852919,14.4665553399101,16.312919170795944
14.620000000000001,7.910735147492691,14.615269519953591,14.808845787765904,16.312919170795944
14.625,8.246386434323513,15.145164849841462,15.189964413861837,16.312919170795944
14.63,8.591444521416452,15.680564347721567,15.612489451778572,16.312919170795944
14.635,8.945462458025252,16.216438499349717,16.07833439514925,16.312919170795944
14.64,9.309077588866149,16.750769756193776,16.589983161599022,16.312919170795944
14.645,9.68207607986678,17.277575598251374,17.14865252980041,16.312919170795944
14.65,10.062388099873916,17.797913419143345,17.755865278485647,16.312919170795944
14.655000000000001,10.4504951716379,18.305683911200408,18.414255674161378,9.534729317322236
14.66,10.843219640577301,18.76246228063938,19.12650629246868,9.534729317322236
14.665000000000001,11.239437401025576,19.19693132684302,19.888742577713533,9.534729317322236
14.67,11.637416193348765,19.604440311394697,20.702919673010765,9.534729317322236
14.675,12.035309157331925,19.977954866157702,21.566873867084787,9.534729317322236
14.68,12.432845621405447,20.312857165224358,22.48071330660463,9.534729317322236
14.685,12.827396970721614,20.60207544659774,23.444010868831086,9.534729317322236
14.69,13.216311198851974,20.83933248798274,24.451963133168338,9.534729317322236
14.695,13.597550857672216,21.017246921074374,25.504073853520644,9.534729317322236
14.700000000000001,13.969196676636917,21.13001665181316,26.593506664618133,9.534729317322236
14.705,14.326049981350947,21.17051730016873,27.714877107063494,9.534729317322236
14.71,14.668667556921607,21.13227821501768,28.862670762299523,9.534729317322236
14.715,14.991533920148555,21.01086993100107,30.02820583610312,9.534729317322236
14.72,15.292721648444154,20.802155981882887,31.20320497408199,9.534729317322236
14.725,15.568733170569288,20.499682808104826,32.37820487908805,9.534729317322236
14.73,15.814931093943004,20.104154036227378,33.542072512417995,9.534729317322236
14.735,16.029925197922463,19.612610883444695,34.68560995145778,9.534729317322236
14.74,16.208799983761555,19.026354114956792,35.7943566293549,9.534729317322236
14.745000000000001,16.349057386444688,18.346459614349317,36.85894882505381,9.534729317322236
14.75,16.449302303475164,17.578689749980615,37.866192158644914,9.534729317322236
14.755,16.50518811152946,16.726956764591492,38.80746760398627,9.534729317322236
14.76,16.51407161570624,15.798687187359432,39.67095725862134,9.534729317322236
14.765,16.478730300056174,14.804750361878954,40.446817269024784,9.534729317322236
14.77,16.393951743751423,13.75217598553071,41.12628646113855,9.534729317322236
14.775,16.262453478010315,12.656097014168454,41.70523895976217,9.534729317322236
14.780000000000001,16.08253221246389,11.526203480502678,42.17875270555294,9.534729317322236
14.785,15.8539105803273,10.375146557863216,42.541353283268194,9.534729317322236
14.790000000000001,15.578679935710012,9.218300214844069,42.79564173283089,9.534729317322236
14.795,15.261324239304257,8.065797833617886,42.942688702320126,9.534729317322236
14.8,14.90248586910706,6.9323361417879275,42.9847507415064,9.534729317322236
14.805,14.504852438937998,5.828211959303928,42.92765520465032,9.534729317322236
14.81,14.070864269445696,4.762896848689824,42.77827912575918,9.534729317322236
14.815,13.605784599761668,3.744865992090663,42.54288495237448,9.534729317322236
14.82,13.112836167217461,2.783675619926459,42.23090732423769,9.534729317322236
14.825000000000001,12.596215048857593,1.8845946713832507,41.85154736405982,9.534729317322236
14.83,12.061059854681298,1.0510025777158176,41.41192518866047,9.534729317322236
14.835,11.511295086729984,0.28411225103908433,40.92303258792318,9.534729317322236
14.84,10.950423544837582,-0.4130917064100591,40.39299707531865,9.534729317322236
14.845,10.380671796933775,-1.0410398315112772,39.83278553855064,9.534729317322236
14.85,9.809735850579806,-1.6027424655005582,39.24743667281101,9.534729317322236
14.855,9.239325325204183,-2.0973291098926277,38.644487583878615,9.534729317322236
14.86,8.671874607754136,-2.5312070959362036,38.031156004406284,9.534729317322236
14.865,8.112290426013846,-2.9065395692056786,37.41499924254006,9.534729317322236
14.870000000000001,7.562612364389951,-3.226089654610844,36.79834990784672,9.534729317322236
14.875,7.023760817766433,-3.4944757928342804,36.18630068147311,9.534729317322236
14.88,6.497788751194893,-3.7169011434703085,35.58134680260164,9.534729317322236
14.885,5.987444399530774,-3.896990685497422,34.984492564703075,9.534729317322236
14.89,5.492780704915757,-4.037891884958328,34.40171935688888,9.534729317322236
14.895,5.015868843681121,-4.145831254750013,33.83071630991835,9.534729317322236
14.9,4.556484302311751,-4.223204360330867,33.27618342872061,9.534729317322236
14.905000000000001,4.1169043996018955,-4.2744407765586105,32.735057412095145,9.534729317322236
14.91,3.6966556682284906,-4.302473803746644,32.21127017728142,9.534729317322236
14.915000000000001,3.2967897733388196,-4.311425919308829,31.7024314918954,9.534729317322236
14.92,2.9163390341770663,-4.303461623103753,31.20897628605948,9.534729317322236
14.925,2.556071537756937,-4.282149763058966,30.72922943026625,9.534729317322236
14.93,2.2145406874364615,-4.248561429271123,30.264635346167065,9.534729317322236
14.935,1.8927283492139342,-4.204133117446214,29.81284439619481,9.534729317322236
14.94,1.5878720538012323,-4.151688091835934,29.375107739581985,9.534729317322236
14.945,1.301097152269569,-4.094168291249284,28.950557966061975,9.534729317322236
14.950000000000001,1.0297814980804585,-4.032374791580485,28.538463146979502,9.534729317322236
14.955,0.7767259630923451,-3.9671393137944944,28.13816481348059,9.534729317322236
14.96,0.5391060789773068,-3.9002861206305215,27.747628452879447,9.534729317322236
14.965,0.3166770633192619,-3.8321951627808266,27.366553873918104,9.534729317322236
14.97,0.10903451812053216,-3.7643835417517875,26.995721510559434,9.534729317322236
14.975,-0.08454141371841914,-3.697167727071387,26.63303888362626,9.534729317322236
14.98,-0.2653330776145235,-3.6319168128301915,26.27868460531768,9.534729317322236
14.985,-0.4341142056666465,-3.568271992327623,25.93183734660822,9.534729317322236
14.99,-0.5909825967610416,-3.507781705997197,25.593631460973146,9.534729317322236
14.995000000000001,-0.7348189477283815,-3.449209524362512,25.262602294266635,9.534729317322236
15.0,-0.8698011280577466,-3.394772111815809,24.93837670023838,9.534729317322236
15.005,-0.9955423144817426,-3.3424735914641537,24.621236847304907,9.534729317322236
15.01,-1.1120013821273405,-3.2950088586022606,24.30951058054223,9.534729317322236
15.015,-1.2194869030921587,-3.2516449228906916,24.002436125318656,9.534729317322236
15.02,-1.3216164852916918,-3.211226547342654,23.70168761716723,9.534729317322236
15.025,-1.4156570464407747,-3.1760440572701674,23.406424574263525,9.534729317322236
15.030000000000001,-1.5035420853947556,-3.1453512212587005,23.1183843416916,9.534729317322236
15.035,-1.587464747411633,-3.1187097216519217,22.834203513111316,9.534729317322236
15.040000000000001,-1.6641215402040705,-3.094869207666425,22.553912692365724,9.534729317322236
15.045,-1.7361492857679566,-3.0767596665736945,22.279167174294916,9.534729317322236
15.05,-1.8046925004289476,-3.063159614896558,22.009151010980137,9.534729317322236
15.055,-1.8684604509689569,-3.054611206488835,21.74320836645289,9.534729317322236
15.06,-1.9275773542311812,-3.0505095571197476,21.48180910715659,9.534729317322236
15.065,-1.9829593959376874,-3.0495720682700718,21.224612512571586,9.534729317322236
15.07,-2.0362169924919415,-3.0546251913297913,20.971974928176248,9.534729317322236
15.075000000000001,-2.0867332531505665,-3.063702184618051,20.722483764227928,9.534729317322236
15.08,-2.1353876569514325,-3.076232455857816,20.478191829212424,9.534729317322236
15.085,-2.1819978515586964,-3.0935172077636865,20.238397014499956,9.534729317322236
15.09,-2.227878269048526,-3.114725988339782,20.00327525423956,9.534729317322236
15.095,-2.272647175408283,-3.1401454144141967,19.771419618957296,9.534729317322236
15.1,-2.3149900301915656,-3.1719836122574203,19.54427102134777,9.534729317322236
15.105,-2.358431039589478,-3.2071999509731275,19.320210699837713,9.534729317322236
15.11,-2.4012639262984505,-3.245164256734584,19.100599496137498,9.534729317322236
15.115,-2.4427398247234566,-3.289305749933607,18.88435361784088,9.534729317322236
15.120000000000001,-2.4836810987107696,-3.3365903363776135,18.671406111883705,9.534729317322236
15.125,-2.5262121139027567,-3.388364753125186,18.46505067546602,9.534729317322236
15.13,-2.5695654330921798,-3.443558092610033,18.26000759166277,9.534729317322236
15.135,-2.6131927222249343,-3.5044489324502255,18.061168717820657,9.534729317322236
15.14,-2.6567802403887892,-3.5688292173122145,17.86555373984215,9.534729317322236
15.145,-2.7031693698006656,-3.6391844377079607,17.67506064798303,9.534729317322236
15.15,-2.750710146744317,-3.7129286631525824,17.489043748487035,9.534729317322236
15.155000000000001,-2.799060266424242,-3.7905782687435354,17.30761192354972,9.534729317322236
15.16,-2.8489173589616557,-3.874456849779137,17.129125588576812,9.534729317322236
15.165000000000001,-2.9001580037115757,-3.9608067689468287,16.956289252487004,9.534729317322236
15.17,-2.9531591334618668,-4.052754837372039,16.787378209219774,9.534729317322236
15.175,-3.009238096568262,-4.150584848423419,16.624149179087734,9.534729317322236
15.18,-3.066400859672296,-4.252872623898143,16.464098105278723,9.534729317322236
15.185,-3.124972278352363,-4.36112460908696,16.310004122771236,9.534729317322236
15.19,-3.1873369117417876,-4.47458821885039,16.16028195099589,9.534729317322236
15.195,-3.2521673274239453,-4.593691744202561,16.01651106114144,9.534729317322236
15.200000000000001,-3.3188621979557755,-4.718895347179052,15.877323963332005,9.534729317322236
15.205,-3.388951048506979,-4.848396194308082,15.742982377460104,9.534729317322236
15.21,-3.461474916598912,-4.984390587366799,15.615317537418838,9.534729317322236
15.215,-3.5370246789535082,-5.126190869599841,15.492862100132484,9.534729317322236
15.22,-3.616460984907453,-5.274295342892855,15.376431134858429,9.534729317322236
15.225,-3.6995372537487703,-5.428376678399559,15.266678923856416,9.534729317322236
15.23,-3.78569897380054,-5.589514123552777,15.16267758567682,9.534729317322236
15.235,-3.8757577342506013,-5.757126403214249,15.066285961733412,9.534729317322236
15.24,-3.969791123319153,-5.9313117512131175,14.97617435299294,9.534729317322236
15.245000000000001,-4.068111134205772,-6.1129941774596395,14.893526802794343,9.534729317322236
15.25,-4.170322198360843,-6.301187568262273,14.818562691126699,9.534729317322236
15.255,-4.276533271320319,-6.496661560099159,14.751651140067882,9.534729317322236
15.26,-4.387076190783221,-6.699621459243932,14.693076177808237,9.534729317322236
15.265,-4.502366413195542,-6.909126133458841,14.643243795452028,9.534729317322236
15.27,-4.622586661579662,-7.126453538639276,14.603477488775964,9.534729317322236
15.275,-4.749151731176109,-7.351469308453563,14.573077595929105,9.534729317322236
15.280000000000001,-4.8796916409655084,-7.585279794818243,14.553304828352582,9.534729317322236
15.285,-5.01427717661136,-7.827901783263562,14.543962170452703,9.534729317322236
15.290000000000001,-5.1548155241489235,-8.077375852816736,14.5464259430407,9.534729317322236
15.295,-5.300568889319755,-8.335926482392255,14.561896323160155,9.534729317322236
15.3,-5.452854766151707,-8.602533064621106,14.588155854045684,9.534729317322236
15.305,-5.610359542897994,-8.877992893657517,14.62911506316492,9.534729317322236
15.31,-5.773556013393005,-9.160916599234204,14.683873739284913,9.534729317322236
15.315,-5.944286442184473,-9.450722346294931,14.753051213214396,9.534729317322236
15.32,-6.120208287811302,-9.749551737611723,14.837795514602263,9.534729317322236
15.325000000000001,-6.301862648334109,-10.054860550563772,14.936689588575222,9.534729317322236
15.33,-6.490081986453308,-10.3694407975412,15.053792933075771,9.534729317322236
15.335,-6.684557391489334,-10.690673439782003,15.189063116425121,9.534729317322236
15.34,-6.883833855893875,-11.017673000823628,15.343708636421995,9.534729317322236
15.345,-7.091216039319574,-11.351611007782541,15.516920290298984,9.534729317322236
15.35,-7.304748990820198,-11.690041560000656,15.71130077930413,9.534729317322236
15.355,-7.523015975998204,-12.032963661463064,15.92852998262564,9.534729317322236
15.36,-7.748112750999857,-12.378742755203415,16.168591937225454,9.534729317322236
15.365,-7.980683716968516,-12.727510033097872,16.43222606281323,9.534729317322236
15.370000000000001,-8.218184852616112,-13.077660183884264,16.72160871660562,9.534729317322236
15.375,-8.46100044878853,-13.427221787697052,17.034774723084745,9.534729317322236
15.38,-8.709789210353641,-13.77633151337875,17.37593050513291,9.534729317322236
15.385,-8.963454174746943,-14.123250367339931,17.74415300142422,9.534729317322236
15.39,-9.220078613323931,-14.46497723983836,18.140991061969277,9.534729317322236
15.395,-9.483399709358581,-14.79914952111797,18.56653691048322,9.534729317322236
15.4,-9.750509772026696,-15.123993253523956,19.020017910570296,9.534729317322236
15.405000000000001,-10.01795319729394,-15.437965921549457,19.5040824196925,9.534729317322236
15.41,-10.290049920820666,-15.738428802698854,20.017575277272222,9.534729317322236
15.415000000000001,-10.561420578115298,-16.021940403142995,20.559564336186174,9.534729317322236
15.42,-10.83464138782863,-16.287976592640696,21.130984503028163,9.534729317322236
15.425,-11.107513810347369,-16.53095110604682,21.731924132346,9.534729317322236
15.43,-11.380831291796405,-16.747690610766373,22.359410613432292,9.534729317322236
15.435,-11.648257165885752,-16.93811779322946,23.01333934997233,9.534729317322236
15.44,-11.911899728998362,-17.095627202733265,23.693662526211387,9.534729317322236
15.445,-12.171741923899908,-17.22020397140886,24.394715465558466,9.534729317322236
15.450000000000001,-12.424088886776973,-17.305934347619143,25.117495071779103,9.534729317322236
15.455,-12.667417985552438,-17.35134560415938,25.858533222677476,9.534729317322236
15.46,-12.902011399892599,-17.35264889099572,26.613185757931724,9.534729317322236
15.465,-13.125546000065274,-17.308265213247335,27.377035832210172,9.534729317322236
15.47,-13.334840278593676,-17.214778261665025,28.147646045114357,9.534729317322236
15.475,-13.52824040779033,-17.070463006581413,28.921007278907624,9.534729317322236
15.48,-13.704526847733767,-16.874490369626628,29.690128764414684,9.534729317322236
15.485000000000001,-13.863763425703063,-16.626787721060676,30.450860176113686,9.534729317322236
15.49,-14.001795183427513,-16.325975061248666,31.199005405027002,9.534729317322236
15.495000000000001,-14.117432361410593,-15.972502138881461,31.926119787674146,9.534729317322236
15.5,-14.209224279819091,-15.568081019001779,32.628136399298825,9.534729317322236
15.505,-14.278289693054303,-15.113497387175498,33.29979594642393,9.534729317322236
15.51,-14.320942997140236,-14.612689949637517,33.93598867423548,9.534729317322236
15.515,-14.335243124533712,-14.067626636487365,34.530636557965344,9.534729317322236
15.52,-14.321597068565115,-13.481496702490073,35.07822527481043,9.534729317322236
15.525,-14.279466492589545,-12.859196240348982,35.5771838577145,9.534729317322236
15.530000000000001,-14.208037330484462,-12.206610165170328,36.02036292391601,9.534729317322236
15.535,-14.108650261711398,-11.528458289612912,36.407515375403165,9.534729317322236
15.540000000000001,-13.979923462204933,-10.82912677801918,36.735287096529674,9.534729317322236
15.545,-13.821725570342442,-10.115705161371856,37.002492893457074,9.534729317322236
15.55,-13.635182988031495,-9.395318863065203,37.20862844626041,9.534729317322236
15.555,-13.423885839681587,-8.67211714730464,37.3529337920705,9.534729317322236
15.56,-13.187360418803447,-7.953074054111104,37.4384326175139,9.534729317322236
15.565,-12.924866367403535,-7.2432980049827025,37.46383299224356,9.534729317322236
15.57,-12.639546795393516,-6.547220252968039,37.43275237765257,9.534729317322236
15.575000000000001,-12.33667187555965,-5.871003250865572,37.34803670828809,9.534729317322236
15.58,-12.013619420695354,-5.217744702093176,37.212794738294775,9.534729317322236
15.585,-11.674852056162193,-4.591736260584771,37.02999549517155,9.534729317322236
15.59,-11.319872515326203,-3.9940270005567786,36.80374353604789,9.534729317322236
15.595,-10.954452523614618,-3.427655057060584,36.53930136422152,9.534729317322236
15.6,-10.577968761515596,-2.8950711169855596,36.23981623880738,9.534729317322236
15.605,-10.193538619795879,-2.395877901386688,35.909710034951004,9.534729317322236
15.610000000000001,-9.803640538314529,-1.9333276332123746,35.55430665808093,9.534729317322236
15.615,-9.4103183044411,-1.506946563976783,35.174233537058356,9.534729317322236
15.620000000000001,-9.01474273956043,-1.1150949883924695,34.77614599637744,9.534729317322236
15.625,-8.619356687920646,-0.755579122558131,34.362638694018514,9.534729317322236
15.63,-8.225214829216473,-0.4298975135663221,33.93754328645269,9.534729317322236
15.635,-7.8360216830230405,-0.13534913866045312,33.502947007945195,9.534729317322236
15.64,-7.451607423285024,0.12883511664004643,33.061841475941996,9.534729317322236
15.645,-7.071898538437126,0.3642459963935599,32.61581434796385,9.534729317322236
15.65,-6.700363007913419,0.5735060013494628,32.16900148158653,9.534729317322236
15.655000000000001,-6.336269347825764,0.7584537967790226,31.720380676024714,9.534729317322236
15.66,-5.98278780880144,0.9204337056630743,31.27343443856047,9.534729317322236
15.665000000000001,-5.637999601774408,1.0623368986883401,30.829122140977443,9.534729317322236
15.67,-5.301997694741673,1.1849940355793063,30.387991952648065,9.534729317322236
15.675,-4.977777467332191,1.2904297169234118,29.953530512526967,9.534729317322236
15.68,-4.664395710600694,1.3812036187580345,29.521650236125247,9.534729317322236
15.685,-4.362142803975914,1.457040605497506,29.095679070066083,9.534729317322236
15.69,-4.07129221907805,1.521149359492202,28.67623133732983,9.534729317322236
15.695,-3.792199783824911,1.5755048180917104,28.263600717644795,9.534729317322236
15.700000000000001,-3.5233368738151727,1.6203235004530574,27.856653021518618,9.534729317322236
15.705,-3.264721502553145,1.6577871236963988,27.456484700389336,9.534729317322236
15.71,-3.018700763707831,1.6867459818566923,27.063266071238278,9.534729317322236
15.715,-2.782627497707217,1.7120277998021536,26.67664406482356,9.534729317322236
15.72,-2.5582195368911607,1.7327163777564816,26.297651604564503,9.534729317322236
15.725,-2.3430167039549143,1.7502093534571168,25.925056954996254,9.534729317322236
15.73,-2.1383756502412274,1.7660669982802633,25.558411042395466,9.534729317322236
15.735000000000001,-1.942735235273962,1.7775542849310457,25.198907754614428,9.534729317322236
15.74,-1.75640171806105,1.7892563363326488,24.843630804440618,9.534729317322236
15.745000000000001,-1.5786958176459647,1.8003357920140146,24.497453228357887,9.534729317322236
15.75,-1.4099236898643905,1.811187844390601,24.155907692875818,9.534729317322236
15.755,-1.2488291346767377,1.823651537616794,23.82118221334963,9.534729317322236
15.76,-1.09459128724058,1.8360997901466647,23.49250674998432,9.534729317322236
15.765,-0.9474571732341837,1.8508088406380687,23.168594967227026,9.534729317322236
15.77,-0.8073421854989709,1.8663694852179904,22.84979258935414,9.534729317322236
15.775,-0.6739399923410645,1.884149983526248,22.53655771249132,9.534729317322236
15.780000000000001,-0.5474184222804952,1.903798408880548,22.230189606496204,9.534729317322236
15.785,-0.42537811365008943,1.926379761977739,21.93002592470249,9.534729317322236
15.790000000000001,-0.30879557317371664,1.9509330458886363,21.634095132437004,9.534729317322236
15.795,-0.19561881717472684,1.9792854395845971,21.3441402882204,9.534729317322236
15.8,-0.08813838545392293,2.0099304469253743,21.05735131782794,9.534729317322236
15.805,0.017324188043198754,2.0453262234753384,20.77506294834677,9.534729317322236
15.81,0.11847967003480205,2.0844821113693666,20.498178236727416,9.534729317322236
15.815,0.2177266501520926,2.1266485075287753,20.225600494351035,9.534729317322236
15.82,0.31289635269818267,2.1727828521551977,19.95759613004549,9.534729317322236
15.825000000000001,0.40690855125764935,2.2218378074529377,19.69358639490735,9.534729317322236
15.83,0.4975199124655174,2.2746203564669156,19.437237529657782,9.534729317322236
15.835,0.5870417688797942,2.3321037463364402,19.183070872225848,9.534729317322236
15.84,0.6746151835843021,2.3949159368978443,18.934309926471844,9.534729317322236
15.845,0.759885535554957,2.461259581862174,18.689547806141558,9.534729317322236
15.85,0.8444088999180133,2.5327533184773574,18.448665105437705,9.534729317322236
15.855,0.9278720940800618,2.6090409480564576,18.21396445482905,9.534729317322236
15.860000000000001,1.0115031287393985,2.689262622766603,17.982373947095052,9.534729317322236
15.865,1.09599920437519,2.7736439392616714,17.75599817524267,9.534729317322236
15.870000000000001,1.179792250734131,2.8633464162647075,17.53550766894624,9.534729317322236
15.875,1.2629669029521953,2.9583684099081085,17.31899436033869,9.534729317322236
15.88,1.3476786196284753,3.059141755052364,17.106648312298177,9.534729317322236
15.885,1.4327395022048273,3.1655923044609513,16.89832766088227,9.534729317322236
15.89,1.519112209091804,3.2770283646648948,16.69572429516128,9.534729317322236
15.895,1.6075855270860233,3.3944593390637454,16.497757594462897,9.534729317322236
15.9,1.6965843470199635,3.517390612563598,16.30483569888423,9.534729317322236
15.905000000000001,1.7869163277124747,3.6459471500761236,16.117895819333047,9.534729317322236
15.91,1.8795807898230537,3.7821397875708103,15.936069875452853,9.534729317322236
15.915000000000001,1.974577092930018,3.925044646085423,15.758751346951296,9.534729317322236
15.92,2.0721599692438106,4.074116480439276,15.587314902100118,9.534729317322236
15.925,2.1716878949888216,4.230543774257544,15.421038588412863,9.534729317322236
15.93,2.2742729507811097,4.393219375743995,15.261169692453903,9.534729317322236
15.935,2.3806145792766644,4.564093693202571,15.10680866399411,9.534729317322236
15.94,2.4886795072026806,4.742085390335286,14.959662746266838,9.534729317322236
15.945,2.6012479953709837,4.92817124397842,14.81672216856231,9.534729317322236
15.950000000000001,2.7173085848225385,5.122626429974863,14.682567746516128,9.534729317322236
15.955,2.8371886147865446,5.324829615716064,14.555963924464427,9.534729317322236
15.96,2.9616252819446096,5.536997880078951,14.437395985031383,9.534729317322236
15.965,3.089963575984992,5.757421940791603,14.326603511944143,9.534729317322236
15.97,3.223712840169593,5.986891392901306,14.225668251979993,9.534729317322236
15.975,3.3631412297944276,6.227179420734374,14.131993879353562,9.534729317322236
15.98,3.506366881867718,6.476135935029215,14.050114034259694,9.534729317322236
15.985000000000001,3.6544969473665283,6.73698652171903,13.975815824158234,9.534729317322236
15.99,3.8084348479819323,7.00712484607605,13.912438377800243,9.534729317322236
15.995000000000001,3.969025588832353,7.287846491026477,13.860109416470621,9.534729317322236
16.0,4.134702821370736,7.579234062702535,13.820106812998816,9.534729317322236
16.005,4.307462392625112,7.881919213787675,13.793216469307687,9.534729317322236
16.01,4.4862305600093455,8.196023635788638,13.778524552787891,9.534729317322236
16.015,4.6734076740370805,8.521536757651006,13.778278773710486,9.534729317322236
16.02,4.865121459310987,8.859054856071094,13.793946389095423,9.534729317322236
16.025,5.065631487117716,9.208173893201241,13.825725237331287,9.534729317322236
16.03,5.2725708940033,9.57100337147667,13.874341272119983,9.534729317322236
16.035,5.486973177452861,9.943880556640067,13.94163032083213,9.534729317322236
16.04,5.710213853785963,10.326844454342874,14.029334804044867,9.534729317322236
16.045,5.9405226961861715,10.723326483744081,14.138577075289643,9.534729317322236
16.05,6.180110331992143,11.129529778722196,14.268215135833845,9.534729317322236
16.055,6.428168793897752,11.546415129667137,14.421747480356746,9.534729317322236
16.06,6.68341992449561,11.972052033701374,14.59919843256387,9.534729317322236
16.065,6.948911839140914,12.40849904446577,14.804984036226871,9.534729317322236
16.07,7.221720689165167,12.852275493912856,15.038544271801003,9.534729317322236
16.075,7.5037060702244425,13.302254743185008,15.302604996306679,9.534729317322236
16.080000000000002,7.793935766296738,13.75844197489697,15.596876635223444,9.534729317322236
16.085,8.091654825080088,14.221050999674725,15.924679081049147,9.534729317322236
16.09,8.398030940498495,14.686036444724447,16.287157311588288,9.534729317322236
16.095,8.712692823476297,15.152522354763777,16.686360106109195,9.534729317322236
16.1,9.033577956256961,15.61638452804825,17.122608111226857,9.534729317322236
16.105,9.363619595848931,16.076567050955234,17.601030798981622,9.534729317322236
16.11,9.699185579757879,16.530859134441112,18.118577220229653,9.534729317322236
16.115000000000002,10.04188696255577,16.97500783313079,18.67885037240112,9.534729317322236
16.12,10.389623232925906,17.405561558344605,19.282816481168876,9.534729317322236
16.125,10.7396779697786,17.81836116082364,19.929174509962934,9.534729317322236
16.13,11.094196405884672,18.20939812413705,20.620222003238442,9.534729317322236
16.135,11.45004796205337,18.575629544391767,21.354738317214338,9.534729317322236
16.14,11.805758265607059,18.911509727375144,22.134151036377677,9.534729317322236
16.145,12.160400644551387,19.211591975744856,22.955673582345085,9.534729317322236
16.15,12.512035630551361,19.470733163341222,23.816732272016168,9.534729317322236
16.155,12.860416151997809,19.682735655122762,24.716893216422047,9.534729317322236
16.16,13.201827347383004,19.843441601447957,25.654231844547148,9.534729317322236
16.165,13.534403485882208,19.946078460145667,26.622552990331638,9.534729317322236
16.17,13.855740752938306,19.98613583867322,27.617874589488473,9.534729317322236
16.175,14.161888822443522,19.96086261904248,28.634197629638134,9.534729317322236
16.18,14.452699353485578,19.864406116362353,29.66585022356444,9.534729317322236
16.185,14.721827190245062,19.69125259548634,30.705184860696804,9.534729317322236
16.19,14.969988519481912,19.441022882036123,31.744461659384715,9.534729317322236
16.195,15.194384011492511,19.11125059102256,32.77678982025836,9.534729317322236
16.2,15.389648652368493,18.698940108419077,33.79111141173798,9.534729317322236
16.205000000000002,15.555712686376859,18.208422012974406,34.778852676817074,9.534729317322236
16.21,15.688644935510625,17.63776109679843,35.731730758654535,9.534729317322236
16.215,15.78636050626929,16.991317002077892,36.63788093798991,9.534729317322236
16.22,15.847088546984198,16.273031673785944,37.489574419911705,9.534729317322236
16.225,15.868433536959744,15.48823530867656,38.27897159438903,9.534729317322236
16.23,15.84981587881324,14.642704262165413,38.998132899309965,9.534729317322236
16.235,15.788211729621706,13.745995384635437,39.63949870108899,9.534729317322236
16.240000000000002,15.686630149130053,12.80539019421734,40.19547397703051,9.534729317322236
16.245,15.542431310703133,11.833124528264364,40.66335314811645,9.534729317322236
16.25,15.356712267103259,10.838216533055656,41.04111544918502,9.534729317322236
16.255,15.131168278070806,9.830569579482649,41.325286720395205,9.534729317322236
16.26,14.866483232030587,8.820565175965456,41.51901012925674,9.534729317322236
16.265,14.564385162532915,7.819844334818366,41.621436338254846,9.534729317322236
16.27,14.228311713283743,6.836642794583232,41.63649644740976,9.534729317322236
16.275,13.85815399752724,5.879659513585001,41.568329711307015,9.534729317322236
16.28,13.459406850904896,4.958951134410536,41.42097784068665,9.534729317322236
16.285,13.03599720871269,4.078575787509921,41.20144380808199,9.534729317322236
16.29,12.587411640384241,3.2468999653976356,40.91843696767563,9.534729317322236
16.295,12.120717826081407,2.464470551472995,40.57614523943331,9.534729317322236
16.3,11.638750488786336,1.7365237649489749,40.1853985963915,9.534729317322236
16.305,11.143209434490878,1.065977385007455,39.7497085553363,9.534729317322236
16.31,10.64007928959957,0.45283713488652877,39.27811214747673,9.534729317322236
16.315,10.130689328317684,-0.10227266664759282,38.779228234092095,9.534729317322236
16.32,9.62102807938533,-0.6007423183155767,38.25669617707704,9.534729317322236
16.325,9.110155073910914,-1.0433295764475714,37.718199930099765,9.534729317322236
16.330000000000002,8.602567482452834,-1.4328489585406512,37.167033673164276,9.534729317322236
16.335,8.102533318554217,-1.7715137444884377,36.60899563718046,9.534729317322236
16.34,7.607828602547104,-2.0642257103995645,36.048269597781,9.534729317322236
16.345,7.12449996980835,-2.311883668000909,35.4879907719422,9.534729317322236
16.35,6.652488482416736,-2.518534713401404,34.932059441005514,9.534729317322236
16.355,6.192799872332181,-2.6891058236936365,34.382681423418745,9.534729317322236
16.36,5.7471823351834415,-2.8248023325014415,33.84189579550763,9.534729317322236
16.365000000000002,5.317677853675876,-2.931487489623003,33.31042571392754,9.534729317322236
16.37,4.9054838715336375,-3.0095297281460383,32.788901290733186,9.534729317322236
16.375,4.509946043785224,-3.0628730780988755,32.278587576718195,9.534729317322236
16.38,4.130367214883795,-3.0973099254588,31.779228078166756,9.534729317322236
16.385,3.769353620975023,-3.112302011884852,31.292103517521458,9.534729317322236
16.39,3.424156606723051,-3.111101794855744,30.81604937492223,9.534729317322236
16.395,3.0974271843012864,-3.0962033378865073,30.35328445270308,9.534729317322236
16.4,2.7877757169103843,-3.070015221810971,29.901613141287303,9.534729317322236
16.405,2.4947228521429645,-3.032871461554342,29.459877304235256,9.534729317322236
16.41,2.218288526750464,-2.9876419541141233,29.029030989423855,9.534729317322236
16.415,1.9572686727736492,-2.938087035294866,28.60916177651003,9.534729317322236
16.42,1.7128701215995736,-2.881185118394437,28.19822852940658,9.534729317322236
16.425,1.483689274299836,-2.820198804763201,27.796881997844096,9.534729317322236
16.43,1.267372283259615,-2.7564827394226263,27.403185138250162,9.534729317322236
16.435,1.0682695365134172,-2.691365296950978,27.02203584813936,9.534729317322236
16.44,0.8793287270103489,-2.6247799811752346,26.64767640534004,9.534729317322236
16.445,0.7041772051077323,-2.5585789223466784,26.281294816906154,9.534729317322236
16.45,0.5421670123912365,-2.4933114729277843,25.92115396561378,9.534729317322236
16.455000000000002,0.390102789590684,-2.427078751867716,25.56868740932056,9.534729317322236
16.46,0.24958742428758476,-2.363272635136038,25.222653235998386,9.534729317322236
16.465,0.11924327712453936,-2.3020939943880774,24.883614541344038,9.534729317322236
16.47,-0.0016300993013863008,-2.2409655593598794,24.549981689440116,9.534729317322236
16.475,-0.11463818845890089,-2.18284443861668,24.222287907178238,9.534729317322236
16.48,-0.21716498861355937,-2.126502160099085,23.900958982970277,9.534729317322236
16.485,-0.3133342439421316,-2.0726224247034355,23.585028640247348,9.534729317322236
16.490000000000002,-0.4017446763419886,-2.0211238634636537,23.273674032657105,9.534729317322236
16.495,-0.48302475154105173,-1.9724975263946114,22.96668432214186,9.534729317322236
16.5,-0.5572925570642709,-1.927234346967468,22.664220508441918,9.534729317322236
16.505,-0.6269760581944607,-1.8855423839014518,22.36781979600084,9.534729317322236
16.51,-0.689901510620125,-1.8460184053394675,22.075594690093016,9.534729317322236
16.515,-0.7466692748335999,-1.8085480352703633,21.787605858951814,9.534729317322236
16.52,-0.800268996876807,-1.77550056291224,21.504048246975447,9.534729317322236
16.525,-0.8477255504460549,-1.7450477802548068,21.223769669952915,9.534729317322236
16.53,-0.8923557910589042,-1.7170151767813102,20.94781350095034,9.534729317322236
16.535,-0.9335814195556357,-1.6923659898612684,20.67726879519771,9.534729317322236
16.54,-0.9718058866084145,-1.670898392768835,20.40895293016959,9.534729317322236
16.545,-1.0069467981001394,-1.6510096509791024,20.145143676481695,9.534729317322236
16.55,-1.0391728203270933,-1.6345937857259967,19.884594035774803,9.534729317322236
16.555,-1.0688322899278988,-1.6214471838745566,19.62624781075122,9.534729317322236
16.56,-1.0960559543346835,-1.6095173146477522,19.374935112191334,9.534729317322236
16.565,-1.1225721891957388,-1.6007752034671285,19.125482019414722,9.534729317322236
16.57,-1.1465629270109423,-1.5943055364525132,18.880897045375445,9.534729317322236
16.575,-1.1692650590262845,-1.5905158972733022,18.638582387811873,9.534729317322236
16.580000000000002,-1.1909588901705686,-1.5904080952586008,18.40075571503403,9.534729317322236
16.585,-1.211343019981629,-1.5916254852659362,18.16463897505489,9.534729317322236
16.59,-1.230196511746309,-1.5949974008599626,17.931737520520187,9.534729317322236
16.595,-1.2476386395968595,-1.600862448862725,17.701447280164036,9.534729317322236
16.6,-1.2649663570208365,-1.609827377732735,17.475760649215243,9.534729317322236
16.605,-1.2815490316343272,-1.6214032928098598,17.253274200205965,9.534729317322236
16.61,-1.2973500331262167,-1.6345672442461512,17.03336919344588,9.534729317322236
16.615000000000002,-1.3150339496578112,-1.6496734436044147,16.816361001080914,9.534729317322236
16.62,-1.3309917974771301,-1.6674788605328528,16.602826129453053,9.534729317322236
16.625,-1.3475837999927052,-1.6870427205587792,16.391434786580902,9.534729317322236
16.63,-1.3643482618743419,-1.7090074428010318,16.184397152235576,9.534729317322236
16.635,-1.3801350196578064,-1.734044586499133,15.979859674149518,9.534729317322236
16.64,-1.3971590952804418,-1.7613684738219884,15.777754121809181,9.534729317322236
16.645,-1.4154616486173661,-1.7901045601787577,15.579563104943546,9.534729317322236
16.65,-1.435042124017382,-1.8220626660891528,15.384145811224517,9.534729317322236
16.655,-1.4537679741981493,-1.8550670666800804,15.193040399505435,9.534729317322236
16.66,-1.4732810465972268,-1.8911542060026678,15.005078399307047,9.534729317322236
16.665,-1.4952598880987302,-1.9308459900123305,14.818614386247384,9.534729317322236
16.67,-1.517420558665299,-1.9724154738205233,14.635937632361918,9.534729317322236
16.675,-1.539925182826848,-2.0168484715452974,14.455926471308018,9.534729317322236
16.68,-1.5638046269558967,-2.0627162060783397,14.278606471595241,9.534729317322236
16.685,-1.5895656246580196,-2.110786938377126,14.104458140373167,9.534729317322236
16.69,-1.6156835719374567,-2.164027826608969,13.932879699179388,9.534729317322236
16.695,-1.6445904471517163,-2.218750004498456,13.764515721096352,9.534729317322236
16.7,-1.6741043527205042,-2.2765644116602175,13.601006292733723,9.534729317322236
16.705000000000002,-1.7044512565068501,-2.3383723082807992,13.437709186995047,9.534729317322236
16.71,-1.7365836263078456,-2.4013707595136533,13.27911701443277,9.534729317322236
16.715,-1.7697747724834323,-2.469868734277911,13.123007109456017,9.534729317322236
16.72,-1.8048485543591528,-2.5400189446747263,12.968686494750024,9.534729317322236
16.725,-1.842165680468607,-2.6141038877885925,12.8189835736267,9.534729317322236
16.73,-1.8819234009484147,-2.693700816224329,12.670432926245322,9.534729317322236
16.735,-1.922046002181902,-2.7761569254087957,12.52707964428926,9.534729317322236
16.740000000000002,-1.9645935513352695,-2.8626387660009067,12.387476793250663,9.534729317322236
16.745,-2.0083218869358688,-2.9534039424865477,12.250161167846656,9.534729317322236
16.75,-2.0549216809555126,-3.0491102779041293,12.11591849631135,9.534729317322236
16.755,-2.1043068879974904,-3.1487325105869663,11.985705948428595,9.534729317322236
16.76,-2.1561100748339155,-3.253827913653963,11.859103469362866,9.534729317322236
16.765,-2.2106955069228893,-3.3625415749913055,11.735959351164206,9.534729317322236
16.77,-2.2684361013203254,-3.477921623158541,11.617242241503387,9.534729317322236
16.775,-2.3299849828071424,-3.598612838502316,11.501569853271748,9.534729317322236
16.78,-2.392572724002359,-3.725550179683898,11.389810211763024,9.534729317322236
16.785,-2.4584453842964016,-3.85688908408866,11.28242560951818,9.534729317322236
16.79,-2.5287842000926495,-3.9959790356106355,11.179247051132469,9.534729317322236
16.795,-2.602052214714365,-4.141427316011606,11.08062238054949,9.534729317322236
16.8,-2.6786585677026453,-4.2928410922832905,10.987016906518889,9.534729317322236
16.805,-2.758097794433801,-4.4515838957644895,10.898221354980873,9.534729317322236
16.81,-2.8438743836549243,-4.616890638219747,10.814128158935963,9.534729317322236
16.815,-2.932553151906555,-4.790301611394741,10.734782144019661,9.534729317322236
16.82,-3.026028332401667,-4.970788859837334,10.660738657895397,9.534729317322236
16.825,-3.1246536868371058,-5.1611225029372685,10.593816952350036,9.534729317322236
16.830000000000002,-3.22648957781817,-5.359208477737268,10.531898515895067,9.534729317322236
16.835,-3.3331007157707266,-5.565583448399339,10.477797806671992,9.534729317322236
16.84,-3.4439900569542337,-5.781519819170443,10.430687981954064,9.534729317322236
16.845,-3.5615435650806986,-6.006370913403819,10.391770771620795,9.534729317322236
16.85,-3.6831986879105605,-6.241213282439326,10.360940566425402,9.534729317322236
16.855,-3.811024552282222,-6.487152218911895,10.337931012528886,9.534729317322236
16.86,-3.9450941953718384,-6.7441312050220645,10.322830533785782,9.534729317322236
16.865000000000002,-4.085237100563992,-7.011217066846809,10.317762215094858,9.534729317322236
16.87,-4.230716216305657,-7.2877033330174985,10.322837786064646,9.534729317322236
16.875,-4.384405061991972,-7.577903663109685,10.33979630159346,9.534729317322236
16.88,-4.544865387311086,-7.878775518799411,10.367939430042128,9.534729317322236
16.885,-4.71174058167784,-8.1919309864175,10.408614006250898,9.534729317322236
16.89,-4.885780235892361,-8.517054137505584,10.462411622881422,9.534729317322236
16.895,-5.0663703338797745,-8.856692018767806,10.53041894367098,9.534729317322236
16.9,-5.255111166065051,-9.206972481838223,10.613941695924451,9.534729317322236
16.905,-5.452234401180823,-9.568680871739907,10.714436188797391,9.534729317322236
16.91,-5.657760096952902,-9.944005266384181,10.832934119302031,9.534729317322236
16.915,-5.8736166268485395,-10.332957235229964,10.969059567494408,9.534729317322236
16.92,-6.096223705135968,-10.734267941379496,11.126698550809628,9.534729317322236
16.925,-6.326848356617744,-11.147432598584052,11.304995534843947,9.534729317322236
16.93,-6.567850219696439,-11.572617228617437,11.507043908797872,9.534729317322236
16.935,-6.815820659163205,-12.00867259569335,11.732628186104947,9.534729317322236
16.94,-7.07518248419825,-12.455090477697638,11.985233699811031,9.534729317322236
16.945,-7.3441971550649825,-12.91166158570783,12.265842706613817,9.534729317322236
16.95,-7.62116659145902,-13.376159058532089,12.57636428120103,9.534729317322236
16.955000000000002,-7.909403088915323,-13.849758227127476,12.917998789118483,9.534729317322236
16.96,-8.206063813640228,-14.328380526264214,13.291986706491342,9.534729317322236
16.965,-8.513258348949073,-14.811229239420173,13.702333254810002,9.534729317322236
16.97,-8.828378768978013,-15.299485819005683,14.149944605562961,9.534729317322236
16.975,-9.152551023339669,-15.78646551466614,14.637952436609124,9.534729317322236
16.98,-9.48367920530873,-16.272048915919658,15.165201292727962,9.534729317322236
16.985,-9.824425123450741,-16.752291999983672,15.735959693854694,9.534729317322236
16.990000000000002,-10.170975022801656,-17.22405487655586,16.34933411620135,9.534729317322236
16.995,-10.5243107976853,-17.682359894571363,17.0062503419197,9.534729317322236
17.0,-10.881223058919453,-18.124520691785627,17.711297738617915,9.534729317322236
17.005,-11.24278542821155,-18.545666261141097,18.459907143411773,9.534729317322236
17.01,-11.60903526875797,-18.94174374965609,19.25724068168671,9.534729317322236
17.015,-11.975107311446102,-19.30630490996026,20.100662788619637,9.534729317322236
17.02,-12.34148644261683,-19.634644285870266,20.98887791572997,9.534729317322236
17.025,-12.706592255169706,-19.921367974325136,21.920079076064646,9.534729317322236
17.03,-13.067133613407435,-20.160026746276586,22.894103278659816,9.534729317322236
17.035,-13.420801269908361,-20.34515724582728,23.906575768458445,9.534729317322236
17.04,-13.766522066221079,-20.470244173095377,24.95371679705113,9.534729317322236
17.045,-14.100516393905478,-20.530031556559933,26.030369470434913,9.534729317322236
17.05,-14.421081409012807,-20.517929321948134,27.130638825734405,9.534729317322236
17.055,-14.726917177692394,-20.430624496558384,28.247875168973362,9.534729317322236
17.06,-15.011545406385867,-20.26218929641662,29.375588058891296,9.534729317322236
17.065,-15.273720302547659,-20.01073514172812,30.504730467323768,9.534729317322236
17.07,-15.510895197556923,-19.672401753273114,31.626203840955753,9.534729317322236
17.075,-15.718492337412512,-19.244830395374795,32.72880773852579,9.534729317322236
17.080000000000002,-15.894823387776402,-18.72862806955275,33.80551953807759,9.534729317322236
17.085,-16.0361856282591,-18.125481818463673,34.842279485716595,9.534729317322236
17.09,-16.140349230634175,-17.43768401908325,35.83023081469305,9.534729317322236
17.095,-16.204907750033247,-16.67056142593424,36.7593134154306,9.534729317322236
17.1,-16.227848054778686,-15.829069341893147,37.62034797588529,9.534729317322236
17.105,-16.207824048368064,-14.921253450844473,38.402859434707345,9.534729317322236
17.11,-16.143993127570518,-13.954987805800956,39.099411728055095,9.534729317322236
17.115000000000002,-16.033330522018368,-12.941051115919956,39.70401324529504,9.534729317322236
17.12,-15.879245947822637,-11.890157210397971,40.21055492703666,9.534729317322236
17.125,-15.6780525028241,-10.813171083684976,40.61773724452106,9.534729317322236
17.13,-15.434869498038976,-9.722481474759364,40.924070463309086,9.534729317322236
17.135,-15.149041190376012,-8.629814650784713,41.12958835097049,9.534729317322236
17.14,-14.823038082399393,-7.546150519795588,41.233299809184906,9.534729317322236
17.145,-14.459498767071596,-6.479241197898005,41.243307109932786,9.534729317322236
17.150000000000002,-14.05911270814446,-5.441780301207727,41.16231671009697,9.534729317322236
17.155,-13.628425337195957,-4.441736424573246,40.99685605740592,9.534729317322236
17.16,-13.168929651649911,-3.4858524394003703,40.753575030037005,9.534729317322236
17.165,-12.684295490951138,-2.5799717680318017,40.44038195274061,9.534729317322236
17.17,-12.179639241816925,-1.7308671375504847,40.06571302146855,9.534729317322236
17.175,-11.657184018211945,-0.939123506329255,39.636206380544174,9.534729317322236
17.18,-11.121197605819198,-0.20918156495364493,39.1629559692681,9.534729317322236
17.185,-10.575091287968382,0.4598126179689761,38.6532862775693,9.534729317322236
17.19,-10.02304948200791,1.0668336442240067,38.11378979415698,9.534729317322236
17.195,-9.468933498014005,1.615163662427356,37.553016924736944,9.534729317322236
17.2,-8.915088415162312,2.1082773503076724,36.97441161647293,9.534729317322236
17.205000000000002,-8.36233331491712,2.5440807887681576,36.38755995840772,9.534729317322236
17.21,-7.817371306910301,2.9301472768228307,35.79676609550028,9.534729317322236
17.215,-7.2802297531967035,3.268473634392077,35.20515438885632,9.534729317322236
17.22,-6.752270614346899,3.5625317622991193,34.61607949012414,9.534729317322236
17.225,-6.235704556055119,3.8169280659848357,34.03454948276571,9.534729317322236
17.23,-5.733674109846962,4.034481067175207,33.460838621344905,9.534729317322236
17.235,-5.245225626011177,4.218877308406793,32.898196899396886,9.534729317322236
17.240000000000002,-4.771640070594479,4.37263671142551,32.348793224317546,9.534729317322236
17.245,-4.314726626694661,4.502266253134934,31.81332986448792,9.534729317322236
17.25,-3.873981866091635,4.609306201989824,31.292786244921633,9.534729317322236
17.255,-3.449661603593304,4.698018676946466,30.785551553239834,9.534729317322236
17.26,-3.0422229352708654,4.770435984880292,30.293424441073277,9.534729317322236
17.265,-2.651088256139974,4.828934870104797,29.817019982847683,9.534729317322236
17.27,-2.276623535299265,4.876597498054293,29.35408276185906,9.534729317322236
17.275000000000002,-1.9182293854685528,4.9155602115814805,28.90606328275602,9.534729317322236
17.28,-1.576839693565238,4.94829104197048,28.474333750642092,9.534729317322236
17.285,-1.249522978334265,4.973809619035758,28.055341906316936,9.534729317322236
17.29,-0.9387822261092844,4.996094590623356,27.650270056186258,9.534729317322236
17.295,-0.6421678920227132,5.017101831601925,27.25744212179586,9.534729317322236
17.3,-0.36049089269560425,5.037725601481122,26.879116712983347,9.534729317322236
17.305,-0.09075849365407485,5.058177965981062,26.510750985941996,9.534729317322236
17.31,0.16676999703463996,5.079918579172103,26.15454635486811,9.534729317322236
17.315,0.41169757928992473,5.103947404272232,25.810650527324118,9.534729317322236
17.32,0.6458681995823552,5.12968304134487,25.477590861989913,9.534729317322236
17.325,0.8710264612583487,5.159977698715068,25.15445134273779,9.534729317322236
17.330000000000002,1.08552648653459,5.192481493521464,24.841160948997175,9.534729317322236
17.335,1.2919664109939646,5.230722175738344,24.53824913515164,9.534729317322236
17.34,1.4907051772817286,5.274240490351006,24.245251444672206,9.534729317322236
17.345,1.6792572916010493,5.323827218777968,23.96129250487505,9.534729317322236
17.35,1.860914076299143,5.37905284206414,23.686841013255787,9.534729317322236
17.355,2.038049048496194,5.439666319742786,23.4211416576963,9.534729317322236
17.36,2.20762373886283,5.507182628822887,23.16510968788131,9.534729317322236
17.365000000000002,2.37183492068719,5.5819464274852315,22.918039121437083,9.534729317322236
17.37,2.5325151653858136,5.662008220363681,22.678597007874565,9.534729317322236
17.375,2.68892596148564,5.748926945844638,22.449113872555234,9.534729317322236
17.38,2.842800228645955,5.8412065777215005,22.226741867305556,9.534729317322236
17.385,2.9914314795928276,5.941228502983207,22.013186494777617,9.534729317322236
17.39,3.138486413833595,6.048100490928951,21.80823063088214,9.534729317322236
17.395,3.2837570024578246,6.163089780533946,21.611887132575887,9.534729317322236
17.400000000000002,3.4274855334886842,6.28439045197603,21.425268148807394,9.534729317322236
17.405,3.5706584804354704,6.41335272594839,21.246907884690124,9.534729317322236
17.41,3.712486579935439,6.549497242407042,21.078862197577557,9.534729317322236
17.415,3.854818362980925,6.691846106253883,20.918803193072023,9.534729317322236
17.42,3.9980598023102876,6.84222643698349,20.767795887975282,9.534729317322236
17.425,4.1393307024276105,6.9990413086880015,20.62785219517512,9.534729317322236
17.43,4.281031574836664,7.164853460914181,20.497900401552766,9.534729317322236
17.435,4.425824928806,7.337595345612299,20.378000406799266,9.534729317322236
17.44,4.571071469805802,7.517509230044845,20.268526971354834,9.534729317322236
17.445,4.719031545450711,7.70275829720613,20.17032934744835,9.534729317322236
17.45,4.8677898104633845,7.8976048942000485,20.082101029224074,9.534729317322236
17.455000000000002,5.019992526169622,8.097935279019003,20.006121828999724,9.534729317322236
17.46,5.175034249063534,8.306072227690942,19.942988715221556,9.534729317322236
17.465,5.33131626321644,8.520611532514048,19.891666474771572,9.534729317322236
17.47,5.489825758934128,8.741682873524983,19.853731453268328,9.534729317322236
17.475,5.65294345875334,8.969165070323307,19.828057654942832,9.534729317322236
17.48,5.818203251950499,9.202825260377427,19.816995882516924,9.534729317322236
17.485,5.987252360064971,9.441796560504363,19.821339951113494,9.534729317322236
17.490000000000002,6.159712980716802,9.68704678296881,19.839159686799587,9.534729317322236
17.495,6.336022985449016,9.9387439409213,19.87270855961153,9.534729317322236
17.5,6.516317578068463,10.194216170608989,19.922997007347455,9.534729317322236
17.505,6.7001278179660195,10.45387084857819,19.989193628395213,9.534729317322236
17.51,6.887289837186742,10.718084941980555,20.07321783179078,9.534729317322236
17.515,7.079426647883887,10.984127817922287,20.1740915772788,9.534729317322236
17.52,7.273348749407564,11.254728954800258,20.29424280504944,9.534729317322236
17.525000000000002,7.471600541163964,11.526969736856868,20.43356706584181,9.534729317322236
17.53,7.673027639868983,11.801463199581761,20.592560385205676,9.534729317322236
17.535,7.879783287364036,12.07354385418696,20.77086669297417,9.534729317322236
17.54,8.090769719188275,12.34647565541106,20.970358277090977,9.534729317322236
17.545,8.302747713113183,12.61602452104287,21.189531740778033,9.534729317322236
17.55,8.518028947186314,12.883613858262528,21.43065131503045,9.534729317322236
17.555,8.736302426673912,13.144797271323027,21.692791026914918,9.534729317322236
17.56,8.956609128412843,13.400371293795516,21.977696152532413,9.534729317322236
17.565,9.178678398837777,13.650088219148108,22.286118245859793,9.534729317322236
17.57,9.40285364706255,13.891601315577754,22.614911912038067,-4.35351983877895
17.575,9.626966489531144,14.052636343393765,22.96563178814201,-4.35351983877895
17.580000000000002,9.846756820800492,14.201303143263589,23.335321767403734,-4.35351983877895
17.585,10.065110617966273,14.338437904200092,23.72386101709039,-4.35351983877895
17.59,10.278184821099067,14.460405173687203,24.12924370686965,-4.35351983877895
17.595,10.48730080255362,14.564051670198449,24.55159018391546,-4.35351983877895
17.6,10.691369240557744,14.649994266563041,24.98841569247298,-4.35351983877895
17.605,10.888721956527085,14.715443078508109,25.438758020647487,-4.35351983877895
17.61,11.081066861027985,14.759323254108775,25.90020688656861,-4.35351983877895
17.615000000000002,11.263764640492024,14.779791564582874,26.371990330607055,-4.35351983877895
17.62,11.440851055441646,14.776333052114921,26.853529835313385,-4.35351983877895
17.625,11.607990060571687,14.746368155585117,27.341280845056346,-4.35351983877895
17.63,11.763788410203553,14.688894806200288,27.83386908644619,-4.35351983877895
17.635,11.908148535588415,14.603645250779204,28.32705151272935,-4.35351983877895
17.64,12.04313357683172,14.48906585579747,28.817857879217225,-4.35351983877895
17.645,12.164701118172625,14.346048044830697,29.30543732178255,-4.35351983877895
17.650000000000002,12.273530334885717,14.17428531001885,29.786499066870928,-4.35351983877895
17.655,12.36925550334899,13.969876213512979,30.25875238585544,-4.35351983877895
17.66,12.448794752370793,13.738288230847246,30.719051173570783,-4.35351983877895
17.665,12.51443856721925,13.477793219393192,31.164221582032074,-4.35351983877895
17.67,12.5625915477214,13.191201714019114,31.591700558101493,-4.35351983877895
17.675,12.594505943854557,12.877831790153099,31.999921901526335,-4.35351983877895
17.68,12.60958894555033,12.54086563077131,32.383869202191484,-4.35351983877895
17.685,12.60566507900229,12.181339632074001,32.7426482012689,11.403423233696879
17.69,12.584230153002279,11.879755459474108,33.07368305160548,11.403423233696879
17.695,12.547764900357825,11.557280402959062,33.379982005882624,11.403423233696879
17.7,12.497355567406654,11.220121462152752,33.660870129194244,11.403423233696879
17.705000000000002,12.434073251547886,10.867028639619004,33.91263546160125,11.403423233696879
17.71,12.355343175735216,10.502381916787087,34.13628845289951,11.403423233696879
17.715,12.263792837924209,10.129040300773728,34.33068468338913,11.403423233696879
17.72,12.156855163269258,9.747678394325686,34.49465006882926,11.403423233696879
17.725,12.036042057217069,9.360856132792856,34.62645554848613,11.403423233696879
17.73,11.90334060928038,8.973785407027892,34.728084769684834,11.403423233696879
17.735,11.757362116602698,8.58600924210885,34.798907566380535,11.403423233696879
17.740000000000002,11.600401362265545,8.201125545753522,34.840046541849986,11.403423233696879
17.745,11.429591260525326,7.820243134147577,34.851348109796724,11.403423233696879
17.75,11.249099078153733,7.44706060823932,34.833502204784395,11.403423233696879
17.755,11.058355847739662,7.082555564221715,34.78737768041168,11.403423233696879
17.76,10.859339118590897,6.728835584830149,34.71477149879077,11.403423233696879
17.765,10.652288865402474,6.387815392267095,34.617401697715664,11.403423233696879
17.77,10.438729949366136,6.05867316914039,34.49645513226026,11.403423233696879
17.775000000000002,10.219807157044382,5.746571918793406,34.351423216054606,11.403423233696879
17.78,9.996221754602873,5.450436978126305,34.18577637632323,11.403423233696879
17.785,9.769365075359774,5.171313836925897,34.00395942763563,11.403423233696879
17.79,9.538960115089322,4.9093313092087705,33.80380528589701,11.403423233696879
17.795,9.30695973711199,4.664881495102801,33.58690755485615,11.403423233696879
17.8,9.074389639011555,4.43871830707353,33.35655305963298,11.403423233696879
17.805,8.841516555402448,4.229493657410182,33.11326022109675,11.403423233696879
17.81,8.610671285687282,4.038667955179136,32.859469652952114,11.403423233696879
17.815,8.38209704499678,3.8661345481903022,32.59422041470016,11.403423233696879
17.82,8.155554363152456,3.71082588916523,32.32182543126932,11.403423233696879
17.825,7.934343818664058,3.572724054526849,32.042772520929425,11.403423233696879
17.830000000000002,7.7172888463668246,3.4526048419384803,31.75763174901877,11.403423233696879
17.835,7.503427047393619,3.3469965427387742,31.46769935210283,11.403423233696879
17.84,7.295908274229355,3.25620531956768,31.174372648968003,11.403423233696879
17.845,7.093054992459048,3.1809366332226605,30.876668565676358,11.403423233696879
17.85,6.897423520346427,3.119155562041478,30.577771918065284,11.403423233696879
17.855,6.709323090015978,3.071471700447192,30.278238718769003,11.403423233696879
17.86,6.528639442007279,3.037654903737804,29.97821474860144,11.403423233696879
17.865000000000002,6.355478262050605,3.0154623451863487,29.678334575169682,11.403423233696879
17.87,6.188058208249264,3.0041109869028375,29.379174449977874,11.403423233696879
17.875,6.0282584009573394,3.0032098220059646,29.079310887938156,11.403423233696879
17.88,5.877201310675843,3.0121716731461468,28.78211424266028,11.403423233696879
17.885,5.733489407387032,3.0315759367569255,28.488726373353867,11.403423233696879
17.89,5.599131159195242,3.0601440647801827,28.196445094596534,11.403423233696879
17.895,5.472248827055997,3.097720086111007,27.905993052362767,11.403423233696879
17.900000000000002,5.354003227537127,3.141695122264381,27.619549029469805,11.403423233696879
17.905,5.243662406692632,3.192130292104218,27.334853461280595,11.403423233696879
17.91,5.140556317838294,3.251159072681612,27.054887238041296,11.403423233696879
17.915,5.044506845234369,3.3153440270232046,26.776537092327562,11.403423233696879
17.92,4.957517852353197,3.3873832283050254,26.50368808443558,11.403423233696879
17.925,4.879293237369762,3.4645241583770927,26.233199337773172,11.403423233696879
17.93,4.807858222210332,3.5471590735164065,25.969268673570316,11.403423233696879
17.935,4.7441638881061,3.63415348874615,25.70903864805037,11.403423233696879
17.94,4.688770852512501,3.7269661168997232,25.452285774141654,11.403423233696879
17.945,4.639550691602176,3.8249877663301053,25.20084465245761,11.403423233696879
17.95,4.5987053975625845,3.929011432380467,24.95387684557643,11.403423233696879
17.955000000000002,4.563369718496323,4.037191401666131,24.711513917629965,11.403423233696879
17.96,4.536145589028722,4.149730018752772,24.473814019495485,11.403423233696879
17.965,4.516620775214156,4.2657520736689465,24.24131386877679,11.403423233696879
17.97,4.50389953063252,4.386018461488906,24.01476366175767,11.403423233696879
17.975,4.498360521972027,4.510811032787893,23.792230729489905,11.403423233696879
17.98,4.498714712923895,4.639367409374847,23.575524336690872,11.403423233696879
17.985,4.504458934747398,4.771867709450517,23.36538344395077,11.403423233696879
17.990000000000002,4.517963681691053,4.909545440783092,23.161007556184856,11.403423233696879
17.995,4.537581410130287,5.05031843510042,22.962869419520526,11.403423233696879
18.0,4.562973647677084,5.196848955789147,22.7721829395306,11.403423233696879
18.005,4.594564301638116,5.348564155518954,22.587179006927887,11.403423233696879
18.01,4.632397568785208,5.503448998704337,22.407972545004846,11.403423233696879
18.015,4.676091233802355,5.662063878354792,22.237230099833344,11.403423233696879
18.02,4.726155829026949,5.82684730677938,22.07341074555575,11.403423233696879
18.025000000000002,4.782074942690268,5.994734766448933,21.917443947748886,11.403423233696879
18.03,4.84216184254982,6.169067862137409,21.768790539588814,11.403423233696879
18.035,4.908928705593973,6.346837749998522,21.62936068730877,11.403423233696879
18.04,4.980381089813167,6.527990185926421,21.49745616169645,11.403423233696879
18.045,5.05791803047863,6.714276901419739,21.373707190323504,11.403423233696879
18.05,5.140342890144713,6.905058385701364,21.25892635308495,11.403423233696879
18.055,5.227283516070178,7.10103422141396,21.153941367598875,11.403423233696879
18.06,5.32001702094283,7.301135628397973,21.05728632943302,11.403423233696879
18.065,5.419297934514285,7.507465371236176,20.972082513988635,11.403423233696879
18.07,5.524980367699798,7.716934811341483,20.894933379603774,11.403423233696879
18.075,5.6343925280732705,7.931227080442011,20.82940757225122,11.403423233696879
18.080000000000002,5.74952750448746,8.150477114871105,20.77461679915069,11.403423233696879
18.085,5.869715175534982,8.375296237866408,20.73201440006824,-14.278377544616877
18.09,5.995103721162726,8.47510438348807,20.70095642335552,-14.278377544616877
18.095,6.119076741668428,8.579821856340105,20.679803238848628,-14.278377544616877
18.1,6.242526404024596,8.689888169099882,20.665335216004085,-14.278377544616877
18.105,6.365038299183887,8.803821226495826,20.66079183233722,-14.278377544616877
18.11,6.486543058704935,8.92232629653821,20.664875634219076,-14.278377544616877
18.115000000000002,6.6086857909831185,9.044346501633498,20.677672220057048,-14.278377544616877
18.12,6.729715920847138,9.169291543587825,20.701177514928084,-14.278377544616877
18.125,6.850363647325131,9.297642351134598,20.73342542601012,-14.278377544616877
18.13,6.972730868070638,9.42879311404944,20.77619014983041,-14.278377544616877
18.135,7.0952452670360655,9.56225078228245,20.82831357080978,-14.278377544616877
18.14,7.218623376100962,9.69854502667321,20.889859089874374,-14.278377544616877
18.145,7.343186176536758,9.834363309526571,20.960614562967315,-14.278377544616877
18.150000000000002,7.467925822656566,9.972340126220951,21.04147614620032,-14.278377544616877
18.155,7.592815217735361,10.110385927908656,21.133272061267675,-14.278377544616877
18.16,7.717937533937298,10.247874746138114,21.23565904130757,-14.278377544616877
18.165,7.844946006422999,10.385725289694575,21.34697273497912,-14.278377544616877
18.17,7.971500994338105,10.522834056186195,21.470648432024472,-14.278377544616877
18.175,8.098483694705065,10.659144395814351,21.604133114123453,-14.278377544616877
18.18,8.227033768336106,10.791912856257026,21.748267320765102,-14.278377544616877
18.185,8.35522542608877,10.92449188592474,21.90190104225739,-14.278377544616877
18.19,8.48301256744231,11.05264581710212,22.066059280427964,-14.278377544616877
18.195,8.611798275374971,11.177879537983996,22.23969951537941,-14.278377544616877
18.2,8.739962729821052,11.297258652028361,22.423980847986126,-14.278377544616877
18.205000000000002,8.867997611788144,11.413757146404334,22.619678206306425,-14.278377544616877
18.21,8.995140471303852,11.52374158629858,22.82537192840856,-14.278377544616877
18.215,9.121493542993713,11.627815119225055,23.03977354481436,-14.278377544616877
18.22,9.24627680697665,11.723037851229078,23.262654733079366,-14.278377544616877
18.225,9.371226910743276,11.811703641732974,23.493464557714194,-14.278377544616877
18.23,9.493146175550937,11.89238310476279,23.733460235333578,-14.278377544616877
18.235,9.612873280816686,11.965025013078757,23.981981938734137,-14.278377544616877
18.240000000000002,9.730594920614479,12.028378041835143,24.23851784208836,-14.278377544616877
18.245,9.844777054323641,12.079199454139465,24.50109207087902,-14.278377544616877
18.25,9.95629482618437,12.119785341971433,24.769806347292242,-14.278377544616877
18.255,10.06498772358357,12.14806467933747,25.04343828231384,-14.278377544616877
18.26,10.170885970720965,12.16442986103893,25.32033278810697,-14.278377544616877
18.265,10.269527268478608,12.167869891163084,25.600902130371004,-14.278377544616877
18.27,10.363499616653517,12.158547721383176,25.88469060019723,-14.278377544616877
18.275000000000002,10.452341832769802,12.136479118868547,26.170386271371573,-14.278377544616877
18.28,10.537666254554978,12.09917935735274,26.45536095394809,-14.278377544616877
18.285,10.616600370597117,12.0496082505279,26.740919590968787,-14.278377544616877
18.29,10.688558715096972,11.985533852627496,27.024391443636738,-14.278377544616877
18.295,10.752521601981623,11.90616223318234,27.305197945421558,-14.278377544616877
18.3,10.809829819564367,11.813282221962117,27.582014230626854,-14.278377544616877
18.305,10.859613683644401,11.706000469620832,27.852001121851632,-14.278377544616877
18.31,10.90058206690302,11.583252949409538,28.11562575736179,-14.278377544616877
18.315,10.93431792234003,11.446762391304832,28.37251556018634,-14.278377544616877
18.32,10.960675382436838,11.298052491238245,28.62056032390965,-14.278377544616877
18.325,10.97869880507495,11.135794060910452,28.858297019804215,-14.278377544616877
18.330000000000002,10.986715554015678,10.961803693850133,29.08365705122313,-14.278377544616877
18.335,10.984375787535633,10.77647225057603,29.29859121837819,-14.278377544616877
18.34,10.973257537109278,10.579743557068936,29.50049768841211,-14.278377544616877
18.345,10.954254547517657,10.372899838202601,29.686080437606027,-14.278377544616877
18.35,10.924310945434513,10.156812403448084,29.856348192892476,-14.278377544616877
18.355,10.886008287455908,9.93414842480861,30.014508652060023,-14.278377544616877
18.36,10.83888826895854,9.702775894415241,30.15538007003522,-14.278377544616877
18.365000000000002,10.781845753827406,9.466569489367977,30.278791848012894,-14.278377544616877
18.37,10.715792006228554,9.224079494793452,30.386709917784835,-14.278377544616877
18.375,10.640699356319109,8.979225489725533,30.476641159188755,-14.278377544616877
18.38,10.557654735006953,8.730593515319471,30.547357023338233,-14.278377544616877
18.385,10.466118563066656,8.482365891534183,30.60070824862335,-14.278377544616877
18.39,10.36723309817936,8.233147359823235,30.6354581030884,-14.278377544616877
18.395,10.260762335440281,7.98391945284062,30.654578588944478,-14.278377544616877
18.400000000000002,10.14695607908657,7.7371663940841815,30.65626581149862,-14.278377544616877
18.405,10.02638865882365,7.491902737272374,30.638646302576824,-14.278377544616877
18.41,9.899110640845707,7.250708607077347,30.604855531925526,-14.278377544616877
18.415,9.767850908625308,7.013850432934888,30.554069622754614,-14.278377544616877
18.42,9.63049675934101,6.782820215065361,30.48937837309955,-14.278377544616877
18.425,9.488411187919704,6.557124066287947,30.409749444109455,-14.278377544616877
18.43,9.342781898430209,6.338016103878558,30.315933573470776,-14.278377544616877
18.435,9.193435697228153,6.127066996825569,30.20764498877294,-14.278377544616877
18.44,9.041099060071124,5.92300613522481,30.087092683567572,-14.278377544616877
18.445,8.884794432319826,5.726578634634088,29.953776449719417,-14.278377544616877
18.45,8.726237912714788,5.538210084117273,29.809102063595155,-14.278377544616877
18.455000000000002,8.567383015975524,5.359956806536073,29.653250714917924,-14.278377544616877
18.46,8.406493296108334,5.190133482726079,29.487327340538606,-14.278377544616877
18.465,8.245455990068107,5.029839942229849,29.31153262693627,-14.278377544616877
18.47,8.084658545151154,4.878676236219836,29.128501233443277,-14.278377544616877
18.475,7.9235434987575575,4.737900221669701,28.936350005049224,-14.278377544616877
18.48,7.764564584529508,4.6056096725408855,28.738728464397667,-14.278377544616877
18.485,7.607113671542341,4.4815475934378926,28.53418952169558,-14.278377544616877
18.490000000000002,7.452392811088172,4.367047398796383,28.324711949486066,-14.278377544616877
18.495,7.297113825919394,4.262348679962338,28.11052525908711,-14.278377544616877
18.5,7.145109850903232,4.1650568757217155,27.8909132183581,-14.278377544616877
18.505,6.996488009294052,4.075757925649085,27.667356491489787,-14.278377544616877
18.51,6.849147182899531,3.995687153798224,27.441055004154197,-14.278377544616877
18.515,6.705168321367975,3.9230471270095473,27.212379199098038,-14.278377544616877
18.52,6.564861550234225,3.8579729743831086,26.9808394661025,-14.278377544616877
18.525000000000002,6.428601080448273,3.800261462836899,26.748429167402293,-14.278377544616877
18.53,6.296601586674592,3.7507594609212274,26.514095033796167,-14.278377544616877
18.535,6.1686836809933645,3.707976640008316,26.278871725365683,-14.278377544616877
18.54,6.045614866877502,3.669839421560617,26.042729502120874,-14.278377544616877
18.545,5.927148757140502,3.640816298797296,25.80688976859117,-14.278377544616877
18.55,5.812884239936165,3.61588906724593,25.570445358977828,-14.278377544616877
18.555,5.703491263912194,3.597586067437349,25.334708281107872,-14.278377544616877
18.56,5.5977157593899864,3.5836321533903774,25.09805213212227,-14.278377544616877
18.565,5.495946266124088,3.573381427140158,24.863510649602443,-14.278377544616877
18.57,5.401296804999211,3.570504067336576,24.631615175454115,-14.278377544616877
18.575,5.309345947671159,3.5721333595285296,24.397639784799743,-14.278377544616877
18.580000000000002,5.223407869884944,3.577576976406473,24.166899177433557,-14.278377544616877
18.585,5.141733869908236,3.5882336096826424,23.939642102221093,-14.278377544616877
18.59,5.0641211361152285,3.6034383282421794,23.71251204450479,-14.278377544616877
18.595,4.989912356454366,3.621967515408178,23.48674990802161,-14.278377544616877
18.6,4.922377191514834,3.644729523395305,23.264166931360748,-14.278377544616877
18.605,4.859172793388943,3.6704512065970802,23.042668964933423,-14.278377544616877
18.61,4.799835969024764,3.702033550266014,22.824350280166968,-14.278377544616877
18.615000000000002,4.745618543772933,3.736152586724179,22.609168511435204,-14.278377544616877
18.62,4.695579317935352,3.7747152537613333,22.39525021576525,-14.278377544616877
18.625,4.64978173034226,3.8173937321569866,22.18537618728058,-14.278377544616877
18.63,4.608151286135353,3.861166198771372,21.978940731867116,-14.278377544616877
18.635,4.569709278975734,3.9087648063261082,21.77518002416135,-14.278377544616877
18.64,4.537048831498501,3.959100967883246,21.575911773399845,-14.278377544616877
18.645,4.507416618794859,4.013541838896987,21.377794907067564,-14.278377544616877
18.650000000000002,4.482602924826433,4.069546928552625,21.18296398195314,-14.278377544616877
18.655,4.461910657773227,4.129508178286159,20.991396577672873,-14.278377544616877
18.66,4.445322320430952,4.19411974668278,20.803394953949297,-14.278377544616877
18.665,4.433027207970613,4.262332656804017,20.619442416318556,-14.278377544616877
18.67,4.425095016525505,4.333060632058495,20.43752370526077,-14.278377544616877
18.675,4.420514619731441,4.407194485780915,20.260698384919902,-14.278377544616877
18.68,4.419168064608299,4.484954328285824,20.088285743984887,-14.278377544616877
18.685,4.421866443999793,4.565034068006256,19.920120220884943,-14.278377544616877
18.69,4.4297146358441655,4.649476391897705,19.754516109347875,-14.278377544616877
18.695,4.440974851823319,4.736841876910926,19.593603837175284,-14.278377544616877
18.7,4.456138751772682,4.828933247370165,19.43759961433048,-14.278377544616877
18.705000000000002,4.4750226705047575,4.924137243160455,19.287309130687948,-14.278377544616877
18.71,4.497409133942979,5.024150721561489,19.140018951722997,-14.278377544616877
18.715,4.52400527461781,5.128296415362757,18.99756274979819,-14.278377544616877
18.72,4.555095413698963,5.234855523215958,18.86001819681145,-14.278377544616877
18.725,4.58928073007783,5.345272912147236,18.727964540549735,-14.278377544616877
18.73,4.626310678381073,5.460103960611851,18.600841607165307,-14.278377544616877
18.735,4.668617662791883,5.578939759012579,18.478941970606805,-14.278377544616877
18.740000000000002,4.713952139457553,5.700925031973098,18.36249369170933,-14.278377544616877
18.745,4.763833458601184,5.82764243753131,18.253111470859366,-14.278377544616877
18.75,4.817168830688881,5.958836010382639,18.149850187230932,-14.278377544616877
18.755,4.873322301588891,6.094319069370475,18.05037575010583,-14.278377544616877
18.76,4.9347643658561795,6.234959402381784,17.957348622806947,-14.278377544616877
18.765,5.000153936433777,6.379305904943305,17.872016644328045,-14.278377544616877
18.77,5.069215210827702,6.53022954330975,17.794342226181136,-14.278377544616877
18.775000000000002,5.1424681929857075,6.686075972539613,17.72266999921206,-14.278377544616877
18.78,5.220139148673097,6.844886924245608,17.656969951659704,-14.278377544616877
18.785,5.302417249774611,7.009700728696211,17.601000699565166,-14.278377544616877
18.79,5.3876522769004405,7.1784844595660875,17.551609374768923,-14.278377544616877
18.795,5.477255218030093,7.35296547881087,17.510700839690433,-14.278377544616877
18.8,5.572009875847648,7.532089249816245,17.478317386140873,-14.278377544616877
18.805,5.668939236723434,7.716758158936834,17.4554520745642,-14.278377544616877
18.81,5.770730995243764,7.9057369715057995,17.441158237619668,-14.278377544616877
18.815,5.8773757846209165,8.099050419474906,17.438202462093912,-14.278377544616877
18.82,5.988490993321315,8.29738008427349,17.443846794467632,-14.278377544616877
18.825,6.103950254816124,8.50065260531889,17.45857230102131,-14.278377544616877
18.830000000000002,6.223289284328574,8.707386336499432,17.48624339664245,-14.278377544616877
18.835,6.347617571325433,8.919112650181779,17.5240024906047,-14.278377544616877
18.84,6.476113974226105,9.134171532535966,17.571902202095956,-14.278377544616877
18.845,6.6095436328420645,9.354863300102496,17.634113760587784,-14.278377544616877
18.85,6.746677567574496,9.57820979293108,17.708190279746077,-14.278377544616877
18.855,6.889495725345491,9.805837706524901,17.795646102599303,-14.278377544616877
18.86,7.035237827292696,10.03641456906519,17.8965665961072,-14.278377544616877
18.865000000000002,7.185284155724873,10.27088431627941,18.01121083717617,-14.278377544616877
18.87,7.340104253140976,10.50632490348551,18.140382024220667,-14.278377544616877
18.875,7.497490405086655,10.745002762192408,18.283412432813854,-14.278377544616877
18.88,7.66018569008006,10.98464702251258,18.44239493468813,-14.278377544616877
18.885,7.826709620854461,11.224245536730121,18.616659652766145,-14.278377544616877
18.89,7.9975528213315625,11.46343569181525,18.806166900749073,-14.278377544616877
18.895,8.171508386843069,11.701184905814836,19.012678830954115,-14.278377544616877
18.900000000000002,8.348039237790415,11.938331599593528,19.238009701889762,-14.278377544616877
18.905,8.528162211034568,12.17308392008324,19.48020139201464,-14.278377544616877
18.91,8.710878509914355,12.404990578022385,19.738414331576877,-14.278377544616877
18.915,8.895421304203413,12.631311729396558,20.015576603520064,-14.278377544616877
18.92,9.082750077949617,12.852365327728686,20.310274033156844,-14.278377544616877
18.925,9.272171407848058,13.06482015990645,20.62243178840149,-14.278377544616877
18.93,9.46216195177794,13.270518562590995,20.95261835481675,-14.278377544616877
18.935,9.652626250029037,13.464994781490898,21.30181203610581,-14.278377544616877
18.94,9.843304061259683,13.649596348292688,21.66808199992534,-14.278377544616877
18.945,10.033301067754019,13.821402670007739,22.04988460789832,-14.278377544616877
18.95,10.222825850864902,13.979410488675459,22.44892359261203,-14.278377544616877
18.955000000000002,10.411441314724774,14.121087030345056,22.863334399503724,-14.278377544616877
18.96,10.59726792225328,14.246624551827134,23.293125237780007,-14.278377544616877
18.965,10.779719883244072,14.353788462429288,23.737963331127883,-14.278377544616877
18.97,10.958298653154154,14.441776985748284,24.193878230185238,-14.278377544616877
18.975,11.13256090100143,14.506388513470197,24.664970370141308,-14.278377544616877
18.98,11.300916360624088,14.546103590646043,25.143875553312963,-14.278377544616877
18.985,11.463637252685773,14.56397519893778,25.630416162607858,-14.278377544616877
18.990000000000002,11.617757605036214,14.556350294371791,26.12354271277504,-14.278377544616877
18.995,11.76539317762784,14.52214462445059,26.622223122789812,-14.278377544616877
19.0,11.902043697561892,14.460207739803057,27.121059370049807,-14.278377544616877
19.005,12.029960835460093,14.369345784432042,27.61948668068315,-14.278377544616877
19.01,12.147244698432017,14.249080172503858,28.115411460426447,-14.278377544616877
19.015,12.252378770364956,14.099098640090363,28.606304596210624,-14.278377544616877
19.02,12.346057361851166,13.921065221719395,29.08873020635245,-14.278377544616877
19.025000000000002,12.42469616951293,13.711116796365475,29.561827509069825,-14.278377544616877
19.03,12.489517122709158,13.474060283653241,30.018861461873268,-14.278377544616877
19.035,12.538839360652752,13.20854982423642,30.460210630599036,-14.278377544616877
19.04,12.571686498998083,12.91654087682157,30.881336635256922,-14.278377544616877
19.045,12.588003295413554,12.600732403427214,31.280627619906056,-14.278377544616877
19.05,12.587692167885084,12.25892424556385,31.656474922631254,-14.278377544616877
19.055,12.570997935150535,11.89667164098955,32.00539285367385,-14.278377544616877
19.06,12.53611171488105,11.514084249690407,32.326663513617724,-14.278377544616877
19.065,12.485603633307253,11.114021828417464,32.61649599816845,-14.278377544616877
19.07,12.417970209582244,10.697730998085873,32.8757320510189,-14.278377544616877
19.075,12.33154296052213,10.270333300479745,33.101200691197874,-14.278377544616877
19.080000000000002,12.2276079136382,9.83385471608586,33.291942253609484,-14.278377544616877
19.085,12.10790664459825,9.388828431762125,33.44922944312271,-14.278377544616877
19.09,11.971845631665685,8.940156933941765,33.57226350013449,-14.278377544616877
19.095,11.820339878753959,8.491649539110798,33.66054855638568,-14.278377544616877
19.1,11.655717278590679,8.043579747677782,33.714188244300146,-14.278377544616877
19.105,11.475107749255162,7.598996984382074,33.73445616685489,-14.278377544616877
19.11,11.2803033073132,7.160481049025951,33.72001473978384,-14.278377544616877
19.115000000000002,11.073815303347786,6.73046656889649,33.674001392904096,-14.278377544616877
19.12,10.857068639075544,6.311364916013822,33.595921700914616,-14.278377544616877
19.125,10.629335083583443,5.904938676595896,33.491112327015756,-14.278377544616877
19.13,10.3934364236164,5.5120194529018525,33.358003802121374,-14.278377544616877
19.135,10.15009506754138,5.1345536293773835,33.20041338440919,-14.278377544616877
19.14,9.898797306559924,4.773956626848004,33.01741941194531,-14.278377544616877
19.145,9.641267588247054,4.431028509995266,32.813231166537705,-14.278377544616877
19.150000000000002,9.381679766943385,4.104727292435272,32.59037690093002,-14.278377544616877
19.155,9.118053987695635,3.7957885458646357,32.34877544080547,-14.278377544616877
19.16,8.851799178591085,3.5070424120245693,32.090066560302944,-14.278377544616877
19.165,8.585053767048505,3.2374325731090936,31.816965189371242,-14.278377544616877
19.17,8.31789740429388,2.9866610710714743,31.532404568561105,-14.278377544616877
19.175,8.052435263494232,2.753634482162218,31.235166722999963,-14.278377544616877
19.18,7.788975530455903,2.5378249901487804,30.930358793856136,-14.278377544616877
19.185,7.526843879858864,2.3388052746988683,30.61679599170527,-14.278377544616877
19.19,7.266933906011929,2.156321210351385,30.296775995353766,-14.278377544616877
19.195,7.010147301771931,1.9904243736853489,29.970781001714194,-14.278377544616877
19.2,6.759192394239104,1.839333399882545,29.641007816186313,-14.278377544616877
19.205000000000002,6.513321944273809,1.7027402182983509,29.305862641810116,-14.278377544616877
19.21,6.273067332845535,1.581271050942221,28.968951257022606,-14.278377544616877
19.215,6.038430769527004,1.471963579023783,28.631665960318863,-14.278377544616877
19.22,5.81039735578967,1.3733151943336177,28.29381085512953,-14.278377544616877
19.225,5.588606149501871,1.2863395672996718,27.95442455431101,-14.278377544616877
19.23,5.374005708751396,1.20918555163717,27.61835512164088,-14.278377544616877
19.235,5.165181852936463,1.141560327467039,27.283802586637222,-14.278377544616877
19.240000000000002,4.965360285401046,1.0830193684649936,26.949515099375386,-14.278377544616877
19.245,4.77015029082542,1.0320286739889117,26.61635844215447,-14.278377544616877
19.25,4.583093350527166,0.9878539044378046,26.28602947165418,-14.278377544616877
19.255,4.4048437765367625,0.9508323647397672,25.957975468092926,-14.278377544616877
19.26,4.232418781273259,0.9197516331863264,25.633457741325753,-14.278377544616877
19.265,4.06762258207227,0.8937713779336429,25.311423528005648,-14.278377544616877
19.27,3.90877633021479,0.8734131805883336,24.991662022923535,-14.278377544616877
19.275000000000002,3.756210275028679,0.8556666575142337,24.675632898027036,-14.278377544616877
19.28,3.6116798090646562,0.842296325413133,24.363811291861754,-14.278377544616877
19.285,3.473312289936596,0.8317208994195523,24.05371310039508,-14.278377544616877
19.29,3.3414979899316783,0.8243847493784916,23.74683656167981,-14.278377544616877
19.295,3.2149010814445016,0.8208184997890795,23.444560141496158,-14.278377544616877
19.3,3.094428671720859,0.818540455605385,23.145150703412977,-14.278377544616877
19.305,2.9807812304222354,0.8178342785652406,22.84722405651806,-14.278377544616877
19.31,2.872851184742448,0.8193540448835913,22.55454591252035,-14.278377544616877
19.315,2.7700638070296524,0.8231614496405929,22.2650653284695,-14.278377544616877
19.32,2.6708742243657317,0.8265184577330731,21.979676123303737,-14.278377544616877
19.325,2.5787913032727316,0.8305297425945035,21.698665623039535,-14.278377544616877
19.330000000000002,2.4916384588791693,0.8358533608967729,21.420562069367694,-14.278377544616877
19.335,2.408705282994323,0.8422382774661497,21.144662375207787,-14.278377544616877
19.34,2.330633954338441,0.8489192174098221,20.873209523483574,-14.278377544616877
19.345,2.2571009313735093,0.8554566952732406,20.604861459811705,-14.278377544616877
19.35,2.187081788579064,0.8641794646833695,20.339386457423892,-14.278377544616877
19.355,2.12089370454016,0.8713184707401248,20.07761575268142,-14.278377544616877
19.36,2.0562106322496376,0.8795454595206025,19.81889793339006,-14.278377544616877
19.365000000000002,1.9970851788059412,0.8882778204100481,19.563884089914815,-14.278377544616877
19.37,1.940624632417653,0.8975789192933028,19.311789728654258,-14.278377544616877
19.375,1.888312886312192,0.9075399864889703,19.062936934065277,-14.278377544616877
19.38,1.8395128854770462,0.9162711603439725,18.816966988758264,-14.278377544616877
19.385,1.7946645009346958,0.9261834723097939,18.575188130586334,-14.278377544616877
19.39,1.750568218669033,0.9360107543527504,18.335139830259674,-14.278377544616877
19.395,1.7098344174497817,0.9443028683834436,18.098456989082226,-14.278377544616877
19.400000000000002,1.672153762091278,0.95239366126872,17.864555064585335,-14.278377544616877
19.405,1.6357493980246518,0.9614661754735163,17.634343918910353,-14.278377544616877
19.41,1.6021914343841965,0.9697731279509672,17.406353675443523,-14.278377544616877
19.415,1.5709808883913907,0.9781024043496239,17.182295476385175,-14.278377544616877
19.42,1.5426313698836034,0.9856343296149028,16.961488594478187,-14.278377544616877
19.425,1.5146928279476912,0.9932276377739029,16.7422127133359,-14.278377544616877
19.43,1.4890468964731542,1.0027293758864673,16.526177735812862,-14.278377544616877
19.435,1.4649268822069077,1.0106821629117066,16.314396430361022,-14.278377544616877
19.44,1.4415255386235906,1.019622668018024,16.10390925029909,-14.278377544616877
19.445,1.420042686381556,1.029655384524942,15.895749657950816,-14.278377544616877
19.45,1.3993885345152686,1.0384219421301342,15.690251592368847,-14.278377544616877
19.455000000000002,1.3815306887605547,1.0489866107697652,15.48899708726645,-14.278377544616877
19.46,1.3643182516232362,1.0594333139221888,15.290210176010355,-14.278377544616877
19.465,1.348795600333765,1.0701778279574754,15.093617514004759,-14.278377544616877
19.47,1.3341408930692513,1.080890100521935,14.899831331685686,-14.278377544616877
19.475,1.3213472076838428,1.091412521693526,14.709666987012017,-14.278377544616877
19.48,1.310200110357107,1.1027430995427445,14.520348755317203,-14.278377544616877
19.485,1.299322776028733,1.114102207798562,14.334830975000413,-14.278377544616877
19.490000000000002,1.290725872173592,1.1253858483974557,14.150991387177593,-14.278377544616877
19.495,1.2832031891179254,1.139163547174139,13.969166827113103,-14.278377544616877
19.5,1.2760339225469228,1.1513951687142903,13.790310851641468,-14.278377544616877
19.505,1.2700782901929726,1.1644324821705956,13.612988567978181,-14.278377544616877
19.51,1.2646444345667374,1.1787727047475038,13.438640874250929,-14.278377544616877
19.515,1.2610484628482594,1.192999846536269,13.266568109432434,-14.278377544616877
19.52,1.2580022400971405,1.2080310758372703,13.096772919835773,-14.278377544616877
19.525000000000002,1.2560485168425997,1.2239871285126145,12.930175493410022,-14.278377544616877
19.53,1.2537534764375111,1.240303582634417,12.766273144157497,-14.278377544616877
19.535,1.2539700479050004,1.2580811387385653,12.6037179594749,-14.278377544616877
19.54,1.2543776732392016,1.276220941924423,12.444373431281099,-14.278377544616877
19.545,1.2562276471112526,1.296354684907858,12.28706376704622,-14.278377544616877
19.55,1.2578140814623298,1.3164762820161753,12.131890946666614,-14.278377544616877
19.555,1.2608080356969553,1.3374291532928553,11.97811180908836,-14.278377544616877
19.56,1.2645551167843758,1.3601383625125796,11.827495967762522,-14.278377544616877
19.565,1.2690295290563864,1.3839351303428802,11.678403365139788,-14.278377544616877
19.57,1.2746242647538037,1.408892382481567,11.531635272076453,-14.278377544616877
19.575,1.2804372304160296,1.4341512791071225,11.387716124729183,-14.278377544616877
19.580000000000002,1.288949729597409,1.4619313356149208,11.24456996382077,-14.278377544616877
19.585,1.2983510472116009,1.4910206957706094,11.104067344215048,-14.278377544616877
19.59,1.3086160757882281,1.5213946294832121,10.965787053008011,-14.278377544616877
19.595,1.3195523565877794,1.5534369350636001,10.829768890758551,-14.278377544616877
19.6,1.3298730256392912,1.5873489452303942,10.695134781958872,-14.278377544616877
19.605,1.3425008224769572,1.6221462309913652,10.562726288529314,-14.278377544616877
19.61,1.356691217494243,1.6598176362799864,10.433542870814346,-14.278377544616877
19.615000000000002,1.3723130916069322,1.6999907379545185,10.306631239774594,-14.278377544616877
19.62,1.3887439151412762,1.740769636004129,10.180992153213104,-14.278377544616877
19.625,1.4070928593828302,1.7855051352576514,10.056004426882993,-14.278377544616877
19.63,1.4258468970602058,1.8302564318101058,9.933560222470266,-14.278377544616877
19.635,1.4464656103416251,1.879132384795579,9.814426287248457,-14.278377544616877
19.64,1.4678043597585864,1.930321298758841,9.696281692063632,-14.278377544616877
19.645,1.4898373197943537,1.9828604041152276,9.581653166807843,-14.278377544616877
19.650000000000002,1.5153960701038032,2.038953184386838,9.470159164047898,-14.278377544616877
19.655,1.5419411139420602,2.097741503205219,9.359535098031293,-14.278377544616877
19.66,1.5702669179241837,2.159195870548185,9.251527553544491,-14.278377544616877
19.665,1.6012412968425762,2.2238876097838816,9.145326931220827,-14.278377544616877
19.67,1.6307447099241437,2.2927995456823846,9.041506117811705,-14.278377544616877
19.675,1.6640461125280455,2.3635814148506733,8.939771208812244,-14.278377544616877
19.68,1.6999837376359164,2.4390576285260357,8.841585313654218,-14.278377544616877
19.685,1.7367308415514084,2.5170440476481986,8.745140985444486,-14.278377544616877
19.69,1.776660541173702,2.60006837214382,8.651286384862354,-14.278377544616877
19.695,1.8174094097554212,2.6863809451377683,8.558106411294341,-14.278377544616877
19.7,1.8605086994089657,2.777571398318822,8.46861540969817,-14.278377544616877
19.705000000000002,1.9065212789878099,2.873715162379644,8.38141666092691,-14.278377544616877
19.71,1.954194610743599,2.9749732445561787,8.295984100529367,-14.278377544616877
19.715,2.005049006417655,3.0811977235789594,8.214488558357356,-14.278377544616877
19.72,2.059124285484745,3.1929036357415357,8.13574659154439,-14.278377544616877
19.725,2.1163652380123548,3.3098457162827195,8.059768487063643,-14.278377544616877
19.73,2.175476081409261,3.4317707977775727,7.987545413672053,-14.278377544616877
19.735,2.238190216885012,3.560852620894658,7.917308539235913,-14.278377544616877
19.740000000000002,2.304245059990117,3.6957954648767544,7.851646381153277,-14.278377544616877
19.745,2.373890085145677,3.8387478841305436,7.789396281351881,-14.278377544616877
19.75,2.4484220856361514,3.989122082799785,7.732270172757605,-14.278377544616877
19.755,2.525155772632578,4.14554560622804,7.678861477476484,-14.278377544616877
19.76,2.606233188501433,4.309977702626211,7.63037288859319,-14.278377544616877
19.765,2.69108217905104,4.483034814454598,7.5849359550975,-14.278377544616877
19.77,2.7793084646231785,4.664944980065703,7.544705898097867,-14.278377544616877
19.775000000000002,2.8739053088980335,4.853968075669429,7.508981137461978,-14.278377544616877
19.78,2.972147059550795,5.052968296579645,7.4797441870638615,-14.278377544616877
19.785,3.0765302517160222,5.260729678470539,7.454694624968467,-14.278377544616877
19.79,3.186084289097584,5.4791490860568794,7.435843754555487,-14.278377544616877
19.795,3.299979200910561,5.7076566097015995,7.4243100883878395,-14.278377544616877
19.8,3.420679492355109,5.946269409958455,7.419539244253573,-14.278377544616877
19.805,3.5471942565172117,6.197790044683484,7.42182610475432,-14.278377544616877
19.81,3.6812864500622853,6.459865366710835,7.431758307540569,-14.278377544616877
19.815,3.8206311817346563,6.734337138520689,7.451545220473315,-14.278377544616877
19.82,3.9662739509879397,7.0219428077937645,7.479631227413054,-14.278377544616877
19.825,4.119675410342995,7.32349742080708,7.517954105523509,-14.278377544616877
19.830000000000002,4.2788289326074285,7.6368746544085,7.568650280117391,-14.278377544616877
19.835,4.4468705457809765,7.96492561885432,7.631270752751078,-14.278377544616877
19.84,4.621705625256265,8.306622651532395,7.7064625277675045,-14.278377544616877
19.845,4.805754368663428,8.663371491948448,7.795220565976719,-14.278377544616877
19.85,4.999377249041992,9.03360472648948,7.89904909750593,-14.278377544616877
19.855,5.203118601873226,9.4191209646482,8.019545793997514,-14.278377544616877
19.86,5.413564767415685,9.821101982782453,8.158527349003295,-14.278377544616877
19.865000000000002,5.633906050482559,10.23848244378172,8.315231575025386,-14.278377544616877
19.87,5.864220732659557,10.669893713201411,8.49264519890253,-14.278377544616877
19.875,6.103956083392596,11.117161617886259,8.692445151388632,-14.278377544616877
19.88,6.354283276444892,11.579189972444382,8.91552124117638,-14.278377544616877
19.885,6.6156015669180706,12.056228587238056,9.163403733283715,-14.278377544616877
19.89,6.887795498490912,12.547730625695294,9.43891536597155,-14.278377544616877
19.895,7.170428255118209,13.052510237244098,9.744361044945807,-14.278377544616877
19.900000000000002,7.464987860959455,13.570378758870396,10.082694270614668,-14.278377544616877
19.905,7.7706473932660085,14.100342167825477,10.453528416633402,-14.278377544616877
19.91,8.087120939636778,14.641196028002607,10.860575325223957,-14.278377544616877
19.915,8.413923804053564,15.190069446053545,11.307865953847346,-14.278377544616877
19.92,8.752124710709065,15.744516944173128,11.796539228812222,-14.278377544616877
19.925,9.102047429275029,16.302488164820126,12.327050109066574,-14.278377544616877
19.93,9.46336179546329,16.863309713362373,12.90425527134785,-14.278377544616877
19.935,9.833300975678464,17.421980112298137,13.530589997025164,-14.278377544616877
19.94,10.212202969650223,17.975253104288562,14.206624637416624,-14.278377544616877
19.945,10.601372111881274,18.51677794310721,14.934192345091118,-14.278377544616877
19.95,10.995719468146117,19.04626943687131,15.717192097346333,-14.278377544616877
19.955000000000002,11.397637330039421,19.554832935916004,16.554487496643624,-14.278377544616877
19.96,11.804354509956404,20.037908414793637,17.447910517981192,-14.278377544616877
19.965,12.21715901082288,20.488528857235497,18.398812381317818,-14.278377544616877
19.97,12.63053645724516,20.902306558841197,19.40354020946359,-14.278377544616877
19.975,13.043383308392926,21.26933492047763,20.464625899014763,-14.278377544616877
19.98,13.454997645148064,21.582486165336828,21.579068751414372,-14.278377544616877
19.985,13.861115309908504,21.834439942034507,22.742661195476852,-14.278377544616877
19.990000000000002,14.261182931848131,22.0179947820357,23.95163122647513,-14.278377544616877
19.995,14.648799663910165,22.12590720615111,25.20323172202173,-14.278377544616877
20.0,15.02364022236218,22.14856659612838,26.487341893384784,-14.278377544616877
20.005,15.380097555773121,22.08078720155902,27.797760413268488,-14.278377544616877
20.01,15.716171510312865,21.91501921133003,29.125017918425904,-14.278377544616877
20.015,16.02663478933756,21.645846307131585,30.45980818955097,-14.278377544616877
20.02,16.308675815774887,21.26710539880095,31.7872034860263,-14.278377544616877
20.025000000000002,16.557303737456742,20.780678404083154,33.09827572030267,-14.278377544616877
20.03,16.768661939364968,20.1836438195142,34.37685887321627,-14.278377544616877
20.035,16.93909263502509,19.475763110599168,35.61033263442298,-14.278377544616877
20.04,17.06650107571122,18.661885051633234,36.78519729841637,-14.278377544616877
20.045,17.1477433317773,17.74735522608602,37.88645594925923,-14.278377544616877
20.05,17.176862930849126,16.739620123076694,38.9037816873317,-14.278377544616877
20.055,17.154666680918282,15.648111300545356,39.8223336240768,-14.278377544616877
20.06,17.07998615025255,14.48419655816377,40.6326461344099,-14.278377544616877
20.065,16.950329187109617,13.261105851569095,41.328166498333594,-14.278377544616877
20.07,16.766570313626733,11.993911280515896,41.90092977091379,-14.278377544616877
20.075,16.52673183131544,10.697082155790532,42.347390515962445,-14.278377544616877
20.080000000000002,16.234430501013403,9.385420517551589,42.666840660877114,-14.278377544616877
20.085,15.892800484063885,8.076487909925318,42.85998781064034,-14.278377544616877
20.09,15.502325920270003,6.784731459879185,42.932490512122,-14.278377544616877
20.095,15.064793659169133,5.521592086944244,42.885470418881674,-14.278377544616877
20.1,14.587562875386576,4.301019010424686,42.729509011289274,-14.278377544616877
20.105,14.073065153025988,3.1323969045936364,42.47341184550914,-14.278377544616877
20.11,13.525282036862349,2.0280558170968868,42.127494852071095,-14.278377544616877
20.115000000000002,12.950504619433191,0.9922021609940064,41.70286124127123,-14.278377544616877
20.12,12.352109253599915,0.028719743902332118,41.210553791402646,-14.278377544616877
20.125,11.73647631240635,-0.8585447231668852,40.6624566184523,-14.278377544616877
20.13,11.106020893312854,-1.6689784971420352,40.06981044384518,-14.278377544616877
20.135,10.46781924223681,-2.4034177882424665,39.44240833382161,-14.278377544616877
20.14,9.82380011338795,-3.061755019651324,38.78999173985726,-14.278377544616877
20.145,9.180450598568436,-3.647555216583523,38.12300747019819,-14.278377544616877
20.150000000000002,8.538382594526887,-4.165308868531424,37.447288672715686,25.481961715947662
20.155,7.903441645974316,-4.420379657238747,36.769583292397044,25.481961715947662
20.16,7.2862221457449055,-4.618014728531661,36.10388545225916,25.481961715947662
20.165,6.6911264640194705,-4.763055586391318,35.45333181457243,25.481961715947662
20.17,6.117822417957492,-4.861340464669812,34.8210418549287,25.481961715947662
20.175,5.5685594103156175,-4.918623349261827,34.20737845421602,25.481961715947662
20.18,5.045196371837154,-4.9385577649903185,33.615730357940286,25.481961715947662
20.185,4.546428921631841,-4.928793855593109,33.041866388520745,25.481961715947662
20.19,4.0727836125247805,-4.891422264952578,32.48985745231108,25.481961715947662
20.195,3.6245956530318613,-4.831170593181431,31.957209513551508,25.481961715947662
20.2,3.2016461038376405,-4.7501242562723895,31.44476975389178,25.481961715947662
20.205000000000002,2.8033208858051224,-4.654179229197909,30.94915066865292,25.481961715947662
20.21,2.430540239705644,-4.544750358755742,30.471048737352856,25.481961715947662
20.215,2.0817486573004125,-4.424309024001611,30.01007337747884,25.481961715947662
20.22,1.75630655517573,-4.296346246882293,29.564476973455285,25.481961715947662
20.225,1.4532017315807761,-4.1606204419777555,29.133087541465592,25.481961715947662
20.23,1.1721002686925739,-4.020899544777383,28.7148445849417,25.481961715947662
20.235,0.9126940047237435,-3.8774045428650568,28.308374172258844,25.481961715947662
20.240000000000002,0.6732713571485704,-3.7345853552243766,27.912226106149543,25.481961715947662
20.245,0.4526984281033888,-3.5872399923453333,27.527957597161524,25.481961715947662
20.25,0.24937141893471845,-3.4405405671526244,27.15324596086623,25.481961715947662
20.255,0.06413546244074753,-3.2958293364099207,26.787228208146487,25.481961715947662
20.26,-0.10446849053619825,-3.1503776311378666,26.42919958477543,25.481961715947662
20.265,-0.2571704998042642,-3.0076086463752163,26.078426018782842,25.481961715947662
20.27,-0.39570381324289694,-2.866939036031574,25.734852919243682,25.481961715947662
20.275000000000002,-0.5187126425222236,-2.7288165205406396,25.39635102654357,25.481961715947662
20.28,-0.6284589262302507,-2.5939749508160665,25.064290249202614,25.481961715947662
20.285,-0.7267830134819709,-2.4626609019526926,24.73892436453243,25.481961715947662
20.29,-0.8129590623702357,-2.33536652427135,24.418250935606153,25.481961715947662
20.295,-0.8888103714894877,-2.210568303562773,24.100900093270848,25.481961715947662
20.3,-0.9561339866061895,-2.090338174334537,23.78896944408768,25.481961715947662
20.305,-1.0124470287596903,-1.9727122018428265,23.481891710016033,25.481961715947662
20.31,-1.0613046433038331,-1.8589784492014567,23.179375679090825,25.481961715947662
20.315,-1.1010751271888803,-1.747497312672046,22.87970691505298,25.481961715947662
20.32,-1.133977883064621,-1.6392356895868205,22.584666249756165,25.481961715947662
20.325,-1.1588379593720797,-1.53610158043469,22.29396002782481,25.481961715947662
20.330000000000002,-1.177907275178541,-1.4335503629338133,22.005781627905044,25.481961715947662
20.335,-1.1920739868687624,-1.335250156667275,21.721695976748162,25.481961715947662
20.34,-1.1998761603547443,-1.2384501530226208,21.440081393359005,25.481961715947662
20.345,-1.2006643941635875,-1.143865883822149,21.161685342944242,25.481961715947662
20.35,-1.197365316604021,-1.0532315723396604,20.887346863421822,25.481961715947662
20.355,-1.1901087638333299,-0.9634446939887229,20.615230924628733,25.481961715947662
20.36,-1.1774612871822507,-0.8757692947631062,20.346485356714428,25.481961715947662
20.365000000000002,-1.16319793511667,-0.7883572488500556,20.079185580977548,25.481961715947662
20.37,-1.1452518876485878,-0.7030882543282331,19.817227683273234,25.481961715947662
20.375,-1.1223372771904292,-0.6195118722965344,19.55747909708659,25.481961715947662
20.38,-1.0970343825731752,-0.5365030730521643,19.30066916497201,25.481961715947662
20.385,-1.0685752493627387,-0.4550758023771486,19.046885442903886,25.481961715947662
20.39,-1.0379341295924664,-0.3741798359470796,18.794030385373794,25.481961715947662
20.395,-1.0047395585777252,-0.29199623745910097,18.544811461109923,25.481961715947662
20.400000000000002,-0.9690716993530976,-0.21129596810468088,18.300582343500057,25.481961715947662
20.405,-0.9311572844932802,-0.13028495317906957,18.057469785101098,25.481961715947662
20.41,-0.8921281311891727,-0.049274312734483725,17.817025008536902,25.481961715947662
20.415,-0.8509329078053262,0.03255101386061793,17.58144934684455,25.481961715947662
20.42,-0.8075966568062256,0.1155166710657047,17.346770626543734,25.481961715947662
20.425,-0.7610972416087761,0.20001694330149355,17.114842795428444,25.481961715947662
20.43,-0.714068555451834,0.28320706228732934,16.8857650343461,25.481961715947662
20.435,-0.6638796094230696,0.3681780996070946,16.659118148564506,25.481961715947662
20.44,-0.6117749639129164,0.45603586785596145,16.43538921806659,25.481961715947662
20.445,-0.5579197617340517,0.5455443807486255,16.21469588110562,25.481961715947662
20.45,-0.502589477913761,0.638687401577604,15.99703252427393,25.481961715947662
20.455000000000002,-0.4467295222801483,0.7325774015582167,15.782748360009576,25.481961715947662
20.46,-0.3872988703103817,0.8289440449265139,15.569927816618128,25.481961715947662
20.465,-0.32648011495607976,0.9285825935745047,15.360476099730022,25.481961715947662
20.47,-0.26419934762990477,1.0312249369775097,15.153419306905569,25.481961715947662
20.475,-0.20029565567100716,1.1364384940309145,14.95021390288512,25.481961715947662
20.48,-0.132787755673266,1.2451335298946358,14.749934140506959,25.481961715947662
20.485,-0.06470153831956173,1.3576211414681278,14.551448294070548,25.481961715947662
20.490000000000002,0.006759190505223112,1.4740501244174278,14.357569028730088,25.481961715947662
20.495,0.0797358526613258,1.5954282595209786,14.163637026990072,25.481961715947662
20.5,0.15570332634540318,1.7199743339185904,13.975079590750545,25.481961715947662
20.505,0.23260578002987015,1.8501410438717678,13.788750590490356,25.481961715947662
20.51,0.31331287703700184,1.984815853717535,13.607637152273812,25.481961715947662
20.515,0.3958104562883239,2.1257724464666663,13.430661786971097,25.481961715947662
20.52,0.48150712296199,2.2725456216793196,13.25632029359415,25.481961715947662
20.525000000000002,0.5700076600388231,2.423826508053018,13.084956911502768,25.481961715947662
20.53,0.6628020337434629,2.5806794134436384,12.918495954199638,25.481961715947662
20.535,0.7592439174901862,2.744696853366532,12.755743377096742,25.481961715947662
20.54,0.8577371422559115,2.916602764321347,12.596679730165757,25.481961715947662
20.545,0.9594545184866407,3.0958679935515683,12.441257634283458,25.481961715947662
20.55,1.0670300763785414,3.2836554870023327,12.288656020167336,25.481961715947662
20.555,1.1784074256590304,3.47898112111679,12.14166435062308,25.481961715947662
20.56,1.2933774208382642,3.681228195955519,11.999575865722543,25.481961715947662
20.565,1.412657505670236,3.8949284484509366,11.863236658576541,25.481961715947662
20.57,1.5367538448001243,4.118119737448461,11.732888299680093,25.481961715947662
20.575,1.6666846856015223,4.3497200258929585,11.60776963141964,25.481961715947662
20.580000000000002,1.8009532422330061,4.590627387854955,11.489655768220324,25.481961715947662
20.585,1.9408106671865812,4.843909560484896,11.377083450177102,25.481961715947662
20.59,2.0857599849886164,5.10799202523216,11.273706006617273,25.481961715947662
20.595,2.237631120107434,5.383532492153991,11.176672904743581,25.481961715947662
20.6,2.3946476449717813,5.672390464516356,11.087193513976773,25.481961715947662
20.605,2.558523455966195,5.973272243276542,11.006645692503882,25.481961715947662
20.61,2.728826996564273,6.288141084555438,10.936274549424256,25.481961715947662
20.615000000000002,2.907537812917054,6.616305741230532,10.87677737377479,25.481961715947662
20.62,3.0931355245320318,6.959247370077537,10.827077206075893,25.481961715947662
20.625,3.2863467247768563,7.317141589867633,10.790716272659106,25.481961715947662
20.63,3.4892279686529504,7.69106591106089,10.767439838603627,25.481961715947662
20.635,3.6989438251450313,8.080817369220158,10.757516407218048,25.481961715947662
20.64,3.918937511658888,8.487567680880659,10.762823490890453,25.481961715947662
20.645,4.14692886746948,8.91095128376692,10.785979258403824,25.481961715947662
20.650000000000002,4.384777832181752,9.351157496054757,10.827383631928422,25.481961715947662
20.655,4.632827858623716,9.807652071870372,10.887106140291898,25.481961715947662
20.66,4.891441966165187,10.282618333388092,10.968919513831654,25.481961715947662
20.665,5.159875499501079,10.77464006883018,11.074187499938272,25.481961715947662
20.67,5.441084148240999,11.284644915651313,11.203777286049538,25.481961715947662
20.675,5.733669321565121,11.813501634591875,11.360303515968829,25.481961715947662
20.68,6.03732402235744,12.359292485175374,11.549090620988206,25.481961715947662
20.685,6.354102781275625,12.921840472011603,11.767601575381345,25.481961715947662
20.69,6.681661450083472,13.501706181591555,12.02074237908159,25.481961715947662
20.695,7.023571657231377,14.09683444699711,12.312225631580779,25.481961715947662
20.7,7.3782383344351805,14.704667927900685,12.641345090318271,25.481961715947662
20.705000000000002,7.7446892408936465,15.32509332681106,13.01495477795142,25.481961715947662
20.71,8.124303054941013,15.955610978975766,13.433325757042953,25.481961715947662
20.715,8.515761170012867,16.593736856020506,13.902074472578128,25.481961715947662
20.72,8.919870344363657,17.238826620236022,14.423527593780722,25.481961715947662
20.725,9.336924473015593,17.88426992207547,14.999439061680981,25.481961715947662
20.73,9.764249620476784,18.52901610226239,15.634500399486928,25.481961715947662
20.735,10.203200421030445,19.16819545859639,16.33070733687711,25.481961715947662
20.740000000000002,10.651630013871994,19.79451151917767,17.09181394532574,25.481961715947662
20.745,11.10943704672548,20.403431454828716,17.91896537951905,25.481961715947662
20.75,11.573520849779896,20.988642126211182,18.81246053697589,25.481961715947662
20.755,12.044693699477664,21.543263346085823,19.776431128358173,25.481961715947662
20.76,12.517994307250607,22.0585068050413,20.809635104128876,25.481961715947662
20.765,12.994899830767048,22.525832001182767,21.913279012080253,25.481961715947662
20.77,13.471296149350822,22.93588506569552,23.08292928429097,25.481961715947662
20.775000000000002,13.94286403921149,23.279524659063007,24.319982272579207,25.481961715947662
20.78,14.409932034212003,23.547234929121274,25.619234518575517,25.481961715947662
20.785,14.867150782617205,23.728018117243078,26.97532236382175,25.481961715947662
20.79,15.309014116564223,23.812461670327494,28.380494975615555,25.481961715947662
20.795,15.734538074118134,23.791491044431215,29.82571635549995,25.481961715947662
20.8,16.136953778533208,23.65587580800667,31.300219888412062,25.481961715947662
20.805,16.513669859154756,23.397520411951263,32.79212495524694,25.481961715947662
20.81,16.85767688355623,23.012021310577413,34.2883394512369,25.481961715947662
20.815,17.166408083368832,22.49439187416794,35.769927782561325,25.481961715947662
20.82,17.433258850229542,21.84219593330198,37.224534712507335,25.481961715947662
20.825,17.65438640638411,21.05656218235874,38.63041894795931,25.481961715947662
20.830000000000002,17.825608109955866,20.13995461921268,39.97365499023256,25.481961715947662
20.835,17.941672846106986,19.09933595384576,41.23629792670749,25.481961715947662
20.84,18.000451361671388,17.943987432142784,42.39877086433832,25.481961715947662
20.845,17.99691785622391,16.68499471558976,43.44930265063643,25.481961715947662
20.85,17.93017268645366,15.339509498919815,44.371233938615106,25.481961715947662
20.855,17.800216803341268,13.922307576177834,45.15465756456443,25.481961715947662
20.86,17.607671886610994,12.452472672195045,45.79062075444204,25.481961715947662
20.865000000000002,17.34945924575069,10.951516983305602,46.276098105724806,25.481961715947662
20.87,17.028678949284593,9.439898352967582,46.61000849252549,25.481961715947662
20.875,16.649321598036572,7.935865741959989,46.79297200580567,25.481961715947662
20.88,16.21425657686111,6.459226622299133,46.83005350017355,25.481961715947662
20.885,15.72643793817528,5.028748972745029,46.7296875241247,25.481961715947662
20.89,15.191945791342654,3.659939137159944,46.50223979462648,25.481961715947662
20.895,14.614800746107417,2.3638110183155687,46.159972676204866,25.481961715947662
20.900000000000002,14.002344023635803,1.1519664186692367,45.7167829395661,25.481961715947662
20.905,13.35897025760207,0.034975026978108614,45.18766482056626,25.481961715947662
20.91,12.69303966143281,-0.9857220889847924,44.58743152302521,25.481961715947662
20.915,12.009378811311185,-1.9067705642307282,43.93105855129881,25.481961715947662
20.92,11.314549602306538,-2.7267623648170494,43.23014896822645,25.481961715947662
20.925,10.611895128110445,-3.447004883987214,42.50046894197602,25.481961715947662
20.93,9.908447860341889,-4.07207353081064,41.75084792731336,25.481961715947662
20.935,9.209949428136655,-4.605450934394886,40.99356798921012,25.481961715947662
20.94,8.518771078731286,-5.053041030505995,40.23400937361294,25.481961715947662
20.945,7.841572141702267,-5.421409046520301,39.48142744085968,25.481961715947662
20.95,7.177292637860632,-5.716059574685433,38.74227727858935,25.481961715947662
20.955000000000002,6.533005004885009,-5.946562510494061,38.01987027928088,25.481961715947662
20.96,5.908415143170098,-6.11627525810899,37.31912822500391,25.481961715947662
20.965,5.307884580943147,-6.23336786503413,36.64129276672091,25.481961715947662
20.97,4.730950668638105,-6.305200390992094,35.987515537465,25.481961715947662
20.975,4.179673938447078,-6.33479621833683,35.35944980465622,25.481961715947662
20.98,3.653747083030589,-6.330283603983058,34.75528808207365,25.481961715947662
20.985,3.1551026791940666,-6.2943532053742555,34.175974182849906,25.481961715947662
20.990000000000002,2.684389393235393,-6.233283327030817,33.62131081641857,25.481961715947662
20.995,2.2377790329517966,-6.149662213038863,33.09028809255011,25.481961715947662
21.0,1.8185970801429694,-6.048507969586387,32.58135649197463,25.481961715947662
21.005,1.4251603248135665,-5.9330808714048064,32.09141626592532,25.481961715947662
21.01,1.0573719734960154,-5.804280484342718,31.6215620045534,25.481961715947662
21.015,0.7136129804964126,-5.666616541613011,31.169878021522447,25.481961715947662
21.02,0.39492125394702754,-5.521670697082824,30.733863803873053,25.481961715947662
21.025000000000002,0.0986682384877558,-5.372537347554348,30.31341800631223,25.481961715947662
21.03,-0.17477569516629132,-5.219232034403385,29.906800343489163,25.481961715947662
21.035,-0.42518458850721164,-5.06428320211411,29.5130265040179,25.481961715947662
21.04,-0.657916064239494,-4.908069888145388,29.128971625456852,25.481961715947662
21.045,-0.8693185659769436,-4.753082544690574,28.756118036602192,25.481961715947662
21.05,-1.0643572010593312,-4.598646098912108,28.392887710768004,25.481961715947662
21.055,-1.2405091710300662,-4.445878656454269,28.038762733208127,25.481961715947662
21.06,-1.4016903936859375,-4.295969845551201,27.692351015716753,25.481961715947662
21.065,-1.546435977712032,-4.150184048719601,27.352614648691763,25.481961715947662
21.07,-1.6760353348802624,-4.0054868174269656,27.019527319732628,25.481961715947662
21.075,-1.7919670871974172,-3.8657830711889423,26.691723632573833,25.481961715947662
21.080000000000002,-1.8951247669859896,-3.73054340599238,26.370092807907696,25.481961715947662
21.085,-1.9871005111944082,-3.5998170331853094,26.054025498531274,25.481961715947662
21.09,-2.0679692983803815,-3.4731735630564633,25.743771228447248,25.481961715947662
21.095,-2.139027119123464,-3.350698810728821,25.436732985877125,25.481961715947662
21.1,-2.199367278736799,-3.2343767828593935,25.13430759522946,25.481961715947662
21.105,-2.2518489227558076,-3.121632847637715,24.83536124241925,25.481961715947662
21.11,-2.2939091217366663,-3.014021005892307,24.539515271886838,25.481961715947662
21.115000000000002,-2.3305784083300507,-2.91086282499393,24.247352156144373,25.481961715947662
21.12,-2.3594812382712256,-2.8114512736556727,23.95771750371561,25.481961715947662
21.125,-2.382528918386667,-2.717265912579743,23.67164180123425,25.481961715947662
21.13,-2.3996363176760114,-2.6272719945381975,23.387698763042266,25.481961715947662
21.135,-2.4108561318243957,-2.5414043523266896,23.10854169076389,25.481961715947662
21.14,-2.417634411036698,-2.459310270338449,22.831701162435106,25.481961715947662
21.145,-2.4182734206453578,-2.3814999234840184,22.556396067230324,25.481961715947662
21.150000000000002,-2.4159167022743477,-2.3072230378002963,22.284580889702656,25.481961715947662
21.155,-2.41064123535978,-2.2366494491052102,22.014288321017883,25.481961715947662
21.16,-2.4016150588729284,-2.170203050057668,21.747951814600885,25.481961715947662
21.165,-2.391939171898771,-2.107122394423669,21.484846159670987,25.481961715947662
21.17,-2.3781221520962146,-2.0462986135884336,21.223640707695907,25.481961715947662
21.175,-2.3606981508974623,-1.989262428104397,20.9655342120162,25.481961715947662
21.18,-2.3419895309179757,-1.9361573973641868,20.709963754125834,25.481961715947662
21.185,-2.3217970226411433,-1.88441550552481,20.456177570429865,25.481961715947662
21.19,-2.300450093507363,-1.835333842100471,20.204991277225332,25.481961715947662
21.195,-2.2770037302339783,-1.786778227534368,19.955991422415945,25.481961715947662
21.2,-2.252721920442825,-1.741496864179638,19.710654717113528,25.481961715947662
21.205000000000002,-2.226474506968904,-1.6992144758746948,19.467667431141457,25.481961715947662
21.21,-2.2003566005312596,-1.6578825411292748,19.227278053395434,25.481961715947662
21.215,-2.1739003125052556,-1.6174487684283616,18.98943169198497,25.481961715947662
21.22,-2.145050574932688,-1.5790918279555473,18.754241778412393,25.481961715947662
21.225,-2.1173963457633165,-1.5428228607921137,18.52013050129065,25.481961715947662
21.23,-2.0881857817159135,-1.507153066418534,18.28856170689822,25.481961715947662
21.235,-2.058642746614325,-1.4740087488395788,18.06031789288119,25.481961715947662
21.240000000000002,-2.0304399732875917,-1.441813734860644,17.834652023458876,25.481961715947662
21.245,-2.001583685692777,-1.410037298163691,17.611790322731036,25.481961715947662
21.25,-1.9712104911758144,-1.3801981108853583,17.39169433794831,25.481961715947662
21.255,-1.942362472156163,-1.34984736927614,17.172897544110135,25.481961715947662
21.26,-1.9133381172658956,-1.3209919190604602,16.957902729047728,25.481961715947662
21.265,-1.8847779345842275,-1.2935658849919978,16.74491308336927,25.481961715947662
21.27,-1.8559575793388252,-1.2657675121220198,16.533124106717672,25.481961715947662
21.275000000000002,-1.8259204608107942,-1.2387130821900987,16.324749286173155,25.481961715947662
21.28,-1.798103437566429,-1.2120425141723161,16.118917934639086,25.481961715947662
21.285,-1.7680902276413777,-1.184223069715318,15.914513506467786,25.481961715947662
21.29,-1.7391370163724682,-1.1570018229389722,15.711665985726748,25.481961715947662
21.295,-1.7101082219175727,-1.1300588943984158,15.512642100175235,25.481961715947662
21.3,-1.6806392157670154,-1.104332587836419,15.315669904563986,25.481961715947662
21.305,-1.6529165651466635,-1.0783718327788798,15.122299186297758,25.481961715947662
21.31,-1.6230237604963187,-1.0527093915190264,14.930215160247677,25.481961715947662
21.315,-1.5940368166823908,-1.0255217001782284,14.738736760418918,25.481961715947662
21.32,-1.566482214880046,-0.9984373003441472,14.550238304092789,25.481961715947662
21.325,-1.5385307663651742,-0.9718112113684492,14.364437510226887,25.481961715947662
21.330000000000002,-1.5103097116626671,-0.943308874352309,14.18067366434487,25.481961715947662
21.335,-1.4809117052490557,-0.9166182100020678,13.997848577659752,25.481961715947662
21.34,-1.4521070252339665,-0.88777469478983,13.819095940734844,25.481961715947662
21.345,-1.4241011765143976,-0.8581346585175854,13.641323900932852,25.481961715947662
21.35,-1.3961863483736228,-0.8276860084006332,13.465990993806745,25.481961715947662
21.355,-1.3685616967605307,-0.7985641808865107,13.291779493745054,25.481961715947662
21.36,-1.3410799175414456,-0.769164826506865,13.120823975151806,25.481961715947662
21.365000000000002,-1.3128145753234137,-0.7386445608033623,12.950737514822869,25.481961715947662
21.37,-1.2848162511146615,-0.7067394745982563,12.78299688111293,25.481961715947662
21.375,-1.255949750904621,-0.6741129467558878,12.617102662402726,25.481961715947662
21.38,-1.2273113053750622,-0.6396584138242019,12.452475507569273,25.481961715947662
21.385,-1.199376499616249,-0.6057704871056654,12.290689146694467,25.481961715947662
21.39,-1.169360869385095,-0.5682321912230142,12.130897259291853,25.481961715947662
21.395,-1.138212383953507,-0.5304458964024568,11.972579805241962,25.481961715947662
21.400000000000002,-1.1084825877902476,-0.49144921931584895,11.815632077758723,25.481961715947662
21.405,-1.077804819787505,-0.45100815714299963,11.661760009511417,25.481961715947662
21.41,-1.047380326128611,-0.4097412058778284,11.50735037447022,25.481961715947662
21.415,-1.0152307414686912,-0.3665369650715197,11.355998180210538,25.481961715947662
21.42,-0.9828116417304815,-0.3216226760463585,11.20610896012108,25.481961715947662
21.425,-0.9499865500855644,-0.27412580519674606,11.057633284061174,25.481961715947662
21.43,-0.9162791690713441,-0.22517421100428364,10.911049350955116,25.481961715947662
21.435,-0.8809387855780058,-0.1745245529949203,10.766588367606323,25.481961715947662
21.44,-0.8442193299240062,-0.12238997894075804,10.623031645976292,25.481961715947662
21.445,-0.809367499854201,-0.06753846395067012,10.480347279660796,25.481961715947662
21.45,-0.7727068499105588,-0.011377907587139177,10.341191949567891,25.481961715947662
21.455000000000002,-0.7333377901571687,0.04780657325716386,10.202800241186637,25.481961715947662
21.46,-0.6951997573381357,0.11041592467516975,10.065545292307116,25.481961715947662
21.465,-0.6551242649837468,0.17401344774423247,9.929829292614668,25.481961715947662
21.47,-0.6135051266567046,0.24124456743435874,9.797324136024343,25.481961715947662
21.475,-0.5712535454826074,0.3122440830269641,9.666402587531454,25.481961715947662
21.48,-0.5271830504523292,0.38558086699100486,9.536714242254764,25.481961715947662
21.485,-0.4811889558666558,0.46225675581533743,9.407832073980993,25.481961715947662
21.490000000000002,-0.43460763529657465,0.5436793520957162,9.280833288732126,25.481961715947662
21.495,-0.38560831737103374,0.6267187113095023,9.156094625882657,25.481961715947662
21.5,-0.3347045024108624,0.7143175303997694,9.034172197173177,25.481961715947662
21.505,-0.28410445179397537,0.806984214850186,8.91134950426665,25.481961715947662
21.51,-0.23105438781247334,0.9022098228772131,8.791727717704873,25.481961715947662
21.515,-0.17377150123744345,1.0023107199744767,8.673755247322744,25.481961715947662
21.52,-0.11454268657664354,1.1078347343579977,8.55682367890599,25.481961715947662
21.525000000000002,-0.05214691709460606,1.218444563832515,8.44207405331754,25.481961715947662
21.53,0.010667737315271583,1.334760590617314,8.330058279843259,25.481961715947662
21.535,0.07666754173752806,1.4566586293962025,8.217922072451067,25.481961715947662
21.54,0.14478315102941688,1.5838559536745735,8.109026484479097,25.481961715947662
21.545,0.21753687715477288,1.7185551688198784,8.001288142564126,25.481961715947662
21.55,0.29198253946078156,1.858298908816562,7.896375182714345,25.481961715947662
21.555,0.3706895112704449,2.0064278883200655,7.7954475693431045,25.481961715947662
21.56,0.4532832052594253,2.161426244348705,7.693993736298945,25.481961715947662
21.565,0.5381498741111741,2.324457071452086,7.596802562564765,25.481961715947662
21.57,0.6282237075105556,2.4940509844416985,7.501350597384886,25.481961715947662
21.575,0.7227758764214174,2.673662279792365,7.410474281646526,25.481961715947662
21.580000000000002,0.8204094104015558,2.8622276431191844,7.3211491440038605,25.481961715947662
21.585,0.9228440021330335,3.060669657548037,7.234438800078277,25.481961715947662
21.59,1.0294125727773473,3.268887115829591,7.15204367111832,25.481961715947662
21.595,1.1416057862025173,3.486204132297726,7.073444809296983,25.481961715947662
21.6,1.260243216101721,3.715592876496219,6.998931413952198,25.481961715947662
21.605,1.3830873613320884,3.9566416772179953,6.9287436875559765,25.481961715947662
21.61,1.5127453035373626,4.210640811356062,6.863512898601631,25.481961715947662
21.615000000000002,1.6475658766404961,4.476061957036675,6.803292793859953,25.481961715947662
21.62,1.7902628293299634,4.755533852163507,6.74932066316895,25.481961715947662
21.625,1.9382774257706674,5.049195373029479,6.703216869542015,25.481961715947662
21.63,2.09401626248236,5.357433627123343,6.66257245589067,25.481961715947662
21.635,2.257640348945647,5.681015262083151,6.628006166705959,25.481961715947662
21.64,2.4288917054015418,6.021898134804136,6.6049414440024705,25.481961715947662
21.645,2.6074425160764316,6.378713168447696,6.589476616894864,25.481961715947662
21.650000000000002,2.7972170639978957,6.7539076261073445,6.584160938569172,25.481961715947662
21.655,2.995394483338316,7.145964507562032,6.5908115143643204,25.481961715947662
21.66,3.203619647990443,7.556872622774801,6.609196663394753,25.481961715947662
21.665,3.4220660990910092,7.9881867896169245,6.642197414216994,25.481961715947662
21.67,3.6501457829150374,8.440970248983966,6.68975861249834,25.481961715947662
21.675,3.891020744509409,8.915649944735664,6.753972470120634,25.481961715947662
21.68,4.141548606557772,9.410624225468215,6.837058173038157,25.481961715947662
21.685,4.404463403229085,9.930116008212199,6.941956084199742,25.481961715947662
21.69,4.6801170059068165,10.471974395279384,7.069306597022263,25.481961715947662
21.695,4.969380429861155,11.036380870909182,7.218408086723425,25.481961715947662
21.7,5.273482108549995,11.625305876112602,7.395393839320563,25.481961715947662
21.705000000000002,5.589104217259372,12.23807515853353,7.60354893627188,25.481961715947662
21.71,5.921899910646721,12.873474148610246,7.845020981148009,25.481961715947662
21.715,6.27019231500534,13.534258925376518,8.121602171834924,25.481961715947662
21.72,6.633832170442708,14.216995083073675,8.437770740403877,25.481961715947662
21.725,7.0136149918986295,14.921285729848789,8.796663694841797,-0.29025284534401674
21.73,7.408232046853603,15.51900713591347,9.203179945475831,-0.29025284534401674
21.735,7.814540965518793,16.136263381519996,9.65532524840015,-0.29025284534401674
21.740000000000002,8.230550587605782,16.771458439771518,10.156038853438227,-0.29025284534401674
21.745,8.657888379580804,17.419169138996995,10.709628304864793,-0.29025284534401674
21.75,9.095650433308615,18.079976981313575,11.32055731139158,-0.29025284534401674
21.755,9.544769467475424,18.746636403229473,11.99201199667908,-0.29025284534401674
21.76,10.004939491313175,19.415167295879034,12.725466424266399,-0.29025284534401674
21.765,10.47402450489181,20.08194665534739,13.527077814420872,-0.29025284534401674
21.77,10.954469233609604,20.739297208336275,14.3979509169431,-0.29025284534401674
21.775000000000002,11.44368550216651,21.37841025527641,15.342034135993085,-0.29025284534401674
21.78,11.94082993619223,21.993952445632964,16.359295032333236,-0.29025284534401674
21.785,12.44410714603874,22.577096345195677,17.453184115363264,-0.29025284534401674
21.79,12.949697305756088,23.11941846089164,18.625371198549008,-0.29025284534401674
21.795,13.458583622717224,23.609911672079054,19.87423589193514,-0.29025284534401674
21.8,13.96554351050874,24.036492208883445,21.196776246185703,-0.29025284534401674
21.805,14.468954826450982,24.388958991178676,22.591152353370298,-0.29025284534401674
21.81,14.965649524366745,24.657325637818253,24.054111569711587,-0.29025284534401674
21.815,15.449539896319632,24.828738302658625,25.577923945815453,-0.29025284534401674
21.82,15.917904943205665,24.891195906896286,27.15518577769976,-0.29025284534401674
21.825,16.366308799249005,24.83361342545189,28.7735054568741,-0.29025284534401674
21.830000000000002,16.79009442821816,24.64529562403771,30.421335196498173,-0.29025284534401674
21.835,17.18226468856783,24.317732266849642,32.08418673893121,-0.29025284534401674
21.84,17.539136425312,23.842728233005698,33.745517457876765,-0.29025284534401674
21.845,17.854016230478738,23.217460413231883,35.3863183263161,-0.29025284534401674
21.85,18.121448934106144,22.440331194996418,36.9871475194563,-0.29025284534401674
21.855,18.33789530407356,21.51135937224692,38.52602922325279,-0.29025284534401674
21.86,18.496360648460715,20.436812464547316,39.984051055506484,-0.29025284534401674
21.865000000000002,18.59353570164849,19.22322216818089,41.34094234461848,-0.29025284534401674
21.87,18.625915184088353,17.886103574193804,42.57608739721804,-0.29025284534401674
21.875,18.588347946691318,16.438554141199035,43.67330333020793,-0.29025284534401674
21.88,18.480088652660136,14.898722939659365,44.61862232810547,-0.29025284534401674
21.885,18.300956334045065,13.28634743837567,45.400730016583594,-0.29025284534401674
21.89,18.050415165895267,11.626293915986267,46.011289779192026,-0.29025284534401674
21.895,17.729897981685852,9.942043354343092,46.44789340329853,-0.29025284534401674
21.900000000000002,17.33995406701818,8.254977540846518,46.71000551724012,-0.29025284534401674
21.905,16.885452421412165,6.588635905182565,46.80263271928807,-0.29025284534401674
21.91,16.37124712575566,4.966857289180843,46.73556781428995,-0.29025284534401674
21.915,15.801546661786173,3.4075494178118273,46.51899000125062,-0.29025284534401674
21.92,15.181715569490612,1.9248217362500022,46.167976206177045,-0.29025284534401674
21.925,14.518627197073094,0.5338298950529519,45.69916047927706,-0.29025284534401674
21.93,13.819737122006488,-0.7542735234270335,45.12791048092992,-0.29025284534401674
21.935,13.090961524694281,-1.9359772957482637,44.47551725947859,-0.29025284534401674
21.94,12.338960125266189,-3.005618590648852,43.75498854762725,-0.29025284534401674
21.945,11.571029377233666,-3.964319564626317,42.98665021882309,-0.29025284534401674
21.95,10.794686057483256,-4.812040922565594,42.18479164861722,-0.29025284534401674
21.955000000000002,10.014421538836169,-5.553658304353142,41.362412388127545,-0.29025284534401674
21.96,9.236694848567604,-6.197206097416468,40.53157618084809,-0.29025284534401674
21.965,8.463519021968528,-6.746007861798097,39.70474743073567,-0.29025284534401674
21.97,7.702862588285487,-7.209177094968286,38.88948263703119,-0.29025284534401674
21.975,6.957461214716696,-7.594144501747357,38.09360613325318,-0.29025284534401674
21.98,6.231662252113383,-7.910245129033449,37.32328930843114,-0.29025284534401674
21.985,5.524422973929216,-8.16208315402401,36.579910264557554,-0.29025284534401674
21.990000000000002,4.84109833114374,-8.359554495904739,35.86773668734687,-0.29025284534401674
21.995,4.181148059675278,-8.50901221039375,35.187836653191745,-0.29025284534401674
22.0,3.545684257180879,-8.61768083667656,34.54131205330314,-0.29025284534401674
22.005,2.9370103828587775,-8.691843321923193,33.92825922299223,-0.29025284534401674
22.01,2.3568810490343424,-8.736752593619626,33.34783077442841,-0.29025284534401674
22.015,1.8020826140067396,-8.75724622491987,32.80114839011254,-0.29025284534401674
22.02,1.2735455120859285,-8.757983723635661,32.283494199506436,-0.29025284534401674
22.025000000000002,0.7714170740444617,-8.742131475663264,31.79768274612422,-0.29025284534401674
22.03,0.29637240344093013,-8.715432107453932,31.339751569534858,-0.29025284534401674
22.035,-0.15460839207623106,-8.677689825546956,30.90878067844373,-0.29025284534401674
22.04,-0.5808071945955258,-8.633191564619425,30.502951797262792,-0.29025284534401674
22.045,-0.9834935402345061,-8.584057971580815,30.121006112502926,-0.29025284534401674
22.05,-1.364270579737049,-8.532154702803416,29.761168243510642,-0.29025284534401674
22.055,-1.7238471810593068,-8.479349830435066,29.422068282934223,-0.29025284534401674
22.06,-2.0610239099614294,-8.427048616980453,29.103015588268963,-0.29025284534401674
22.065,-2.38009059987134,-8.375610194521153,28.800896325279815,-0.29025284534401674
22.07,-2.67935032749238,-8.32506855648194,28.516354160336714,-0.29025284534401674
22.075,-2.9619277051733466,-8.27775040959001,28.2471211239253,-0.29025284534401674
22.080000000000002,-3.226073243049177,-8.23379930718804,27.993719483483066,-0.29025284534401674
22.085,-3.4761389895444244,-8.194225205214416,27.75204618413319,-0.29025284534401674
22.09,-3.712191949705441,-8.1590838914645,27.52468053052719,-0.29025284534401674
22.095,-3.935303891761324,-8.128256865400346,27.30977649105521,-0.29025284534401674
22.1,-4.145578907140843,-8.101371684482356,27.10535998330291,-0.29025284534401674
22.105,-4.342600782046669,-8.079947702319183,26.912139817707995,-0.29025284534401674
22.11,-4.5303303229244145,-8.064534023097165,26.728662749648723,-0.29025284534401674
22.115000000000002,-4.706849813456155,-8.054861857865584,26.55522299048559,-0.29025284534401674
22.12,-4.874114310506061,-8.050188801418138,26.39176708082204,-0.29025284534401674
22.125,-5.032727548527258,-8.050435669106657,26.2359811325369,-0.29025284534401674
22.13,-5.183239786208395,-8.05675628864617,26.08814414636294,-0.29025284534401674
22.135,-5.326507834251876,-8.066849716234081,25.94940955307457,-0.29025284534401674
22.14,-5.463514006319339,-8.081366743937146,25.81935891387314,-0.29025284534401674
22.145,-5.594378678351504,-8.10190157658848,25.69505107491285,-0.29025284534401674
22.150000000000002,-5.720999864782101,-8.127024547223028,25.578585673034794,-0.29025284534401674
22.155,-5.840009564393625,-8.157421868433119,25.470332376661066,-0.29025284534401674
22.16,-5.95717674625771,-8.191681398369022,25.369172869195147,-0.29025284534401674
22.165,-6.067948334002471,-8.230359404329144,25.274524332645278,-0.29025284534401674
22.17,-6.17567904235272,-8.273652764935377,25.18688769160445,-0.29025284534401674
22.175,-6.280870361394423,-8.32096917035243,25.10764108691087,-0.29025284534401674
22.18,-6.382542073425496,-8.37079828333928,25.03463010192974,-0.29025284534401674
22.185,-6.48227618793552,-8.423166904164411,24.967175460222872,-0.29025284534401674
22.19,-6.57940144044262,-8.480462500813744,24.907072240124833,-0.29025284534401674
22.195,-6.674238023702031,-8.541825581813812,24.852314928921395,-0.29025284534401674
22.2,-6.767951730895678,-8.603931640521282,24.806319029237258,-0.29025284534401674
22.205000000000002,-6.858989118949356,-8.670588867060342,24.767187715049833,-0.29025284534401674
22.21,-6.948968777479363,-8.739430337849385,24.733101936825143,-0.29025284534401674
22.215,-7.037550315310747,-8.810842513443466,24.70731361003443,-0.29025284534401674
22.22,-7.126773775229298,-8.884306405566466,24.687985043813,-0.29025284534401674
22.225,-7.21296028294596,-8.959653301647215,24.676128053162007,-0.29025284534401674
22.23,-7.298918190424764,-9.036890025159508,24.66824881763253,-0.29025284534401674
22.235,-7.38552646758853,-9.114375199525634,24.667914808041896,-0.29025284534401674
22.240000000000002,-7.4726978908727295,-9.193545870269217,24.675078721625106,-0.29025284534401674
22.245,-7.558623376879882,-9.272805912788169,24.690090219188736,-0.29025284534401674
22.25,-7.643591216051693,-9.353684905541549,24.71242014983532,-0.29025284534401674
22.255,-7.72830579174131,-9.433853803777302,24.739800052708095,-0.29025284534401674
22.26,-7.8140061318613805,-9.514436270922678,24.77409802590156,-0.29025284534401674
22.265,-7.898392833804032,-9.594176489254611,24.816363155390206,-0.29025284534401674
22.27,-7.984441618062469,-9.674334281835874,24.865228563314314,-0.29025284534401674
22.275000000000002,-8.06809094320144,-9.753584032384595,24.919953046247713,-0.29025284534401674
22.28,-8.151625836269085,-9.830030855116012,24.98110634617775,-0.29025284534401674
22.285,-8.234902926781519,-9.904899523836717,25.04839908111501,-0.29025284534401674
22.29,-8.319259886670467,-9.977814677824371,25.123238045330446,-0.29025284534401674
22.295,-8.402452486886112,-10.049069376727925,25.203726335146264,-0.29025284534401674
22.3,-8.484305453468286,-10.118442290983014,25.28943520497604,-0.29025284534401674
22.305,-8.566514173716289,-10.1848867947047,25.381740375244775,-0.29025284534401674
22.31,-8.646456356055923,-10.247007545043525,25.480034098579225,-0.29025284534401674
22.315,-8.725703372655337,-10.306047352550848,25.581946992640173,-0.29025284534401674
22.32,-8.803676040519214,-10.360417089823674,25.69113023277681,-0.29025284534401674
22.325,-8.882218465817663,-10.410198545814964,25.80466090467146,-0.29025284534401674
22.330000000000002,-8.957869456642436,-10.457064466763201,25.9222351198744,-0.29025284534401674
22.335,-9.031504506192341,-10.49922752597322,26.04441795824373,-0.29025284534401674
22.34,-9.105842782714152,-10.536489470076397,26.171277650377284,-0.29025284534401674
22.345,-9.176223637586629,-10.56879372518355,26.302229040480075,-0.29025284534401674
22.35,-9.245541224955529,-10.595316744806498,26.436861641057536,-0.29025284534401674
22.355,-9.313012679849207,-10.614980846248445,26.574699017439617,-0.29025284534401674
22.36,-9.378976260626146,-10.629806084386987,26.714366709401993,-0.29025284534401674
22.365000000000002,-9.440654092372963,-10.63882122157933,26.8565913077297,-0.29025284534401674
22.37,-9.499611964418103,-10.640568552093013,27.000427762201067,-0.29025284534401674
22.375,-9.556384787693764,-10.637362417939379,27.14527622425319,-0.29025284534401674
22.38,-9.609683389030451,-10.626853399618874,27.291382364442065,-0.29025284534401674
22.385,-9.661331560245094,-10.608941501107509,27.439337725244776,-0.29025284534401674
22.39,-9.709195002048103,-10.58489629513363,27.586151281568277,-0.29025284534401674
22.395,-9.753948068109873,-10.553251861052754,27.73212825102873,-0.29025284534401674
22.400000000000002,-9.79319886576376,-10.515618338528396,27.876177910201985,-0.29025284534401674
22.405,-9.828119565450152,-10.469237284094024,28.018947904167174,-0.29025284534401674
22.41,-9.860073766849668,-10.419149525657184,28.16081394601469,-0.29025284534401674
22.415,-9.887430159787387,-10.360560526345303,28.29773252162083,-0.29025284534401674
22.42,-9.910500859955048,-10.29582561860404,28.433087282963807,-0.29025284534401674
22.425,-9.929280623764786,-10.223470883830952,28.564109471216376,-0.29025284534401674
22.43,-9.944455928716465,-10.145628781778989,28.690104358442564,-0.29025284534401674
22.435,-9.953955955337744,-10.060443826625063,28.81290384172627,-0.29025284534401674
22.44,-9.95883016082775,-9.970699534728148,28.929859861992774,-0.29025284534401674
22.445,-9.960440026127172,-9.875874289430536,29.040224126132145,-0.29025284534401674
22.45,-9.956333126485882,-9.775059456014896,29.144447755263386,-0.29025284534401674
22.455000000000002,-9.946754704231028,-9.671153148392131,29.24316966147338,-0.29025284534401674
22.46,-9.93209098803694,-9.562544062802415,29.334255197517038,-0.29025284534401674
22.465,-9.914518051534655,-9.450076481035232,29.41780898095698,-0.29025284534401674
22.47,-9.892216448118914,-9.33406385192431,29.493815637711155,-0.29025284534401674
22.475,-9.86451144595651,-9.214441660651994,29.56132702997257,-0.29025284534401674
22.48,-9.831692703448379,-9.092439440849589,29.621254476414308,-0.29025284534401674
22.485,-9.795190452016055,-8.96736303259664,29.67322313218753,-0.29025284534401674
22.490000000000002,-9.752403794881454,-8.842172700384532,29.717291794736894,-0.29025284534401674
22.495,-9.707809784896082,-8.71638587718482,29.752274627650966,-0.29025284534401674
22.5,-9.658031488820903,-8.58922045755322,29.7790806802096,-0.29025284534401674
22.505,-9.605407787374432,-8.462221548863338,29.796872644780652,-0.29025284534401674
22.51,-9.547846254144208,-8.334930049898313,29.80702781314413,-0.29025284534401674
22.515,-9.487563172251356,-8.208573102702559,29.805916041811564,-0.29025284534401674
22.52,-9.42371276369048,-8.083566745358773,29.797327903062982,-0.29025284534401674
22.525000000000002,-9.355705957483739,-7.959079552790966,29.780087819717895,-0.29025284534401674
22.53,-9.286230681632395,-7.838019233539848,29.755014944545632,-0.29025284534401674
22.535,-9.214619125227918,-7.720417615336814,29.72306874746904,-0.29025284534401674
22.54,-9.139719385154395,-7.603532544697338,29.68286711099928,-0.29025284534401674
22.545,-9.06168928542169,-7.490842105110157,29.634793569217,-0.29025284534401674
22.55,-8.983766256466346,-7.380466987583442,29.578355477323704,-0.29025284534401674
22.555,-8.90443712036961,-7.27364301430169,29.515696745442114,-0.29025284534401674
22.56,-8.822416488775879,-7.17112206233415,29.445470216980556,-0.29025284534401674
22.565,-8.73965455329153,-7.074068480098247,29.368674481574896,-0.29025284534401674
22.57,-8.656852288888054,-6.980157215725088,29.286278431859188,-0.29025284534401674
22.575,-8.573393361665703,-6.89021083563156,29.19859783574502,-0.29025284534401674
22.580000000000002,-8.49059295181075,-6.807593877841168,29.105412196908254,-0.29025284534401674
22.585,-8.406169299358067,-6.728380889063255,29.005981173897883,-0.29025284534401674
22.59,-8.322483410597107,-6.653134744466582,28.9006445465292,-0.29025284534401674
22.595,-8.239911603291736,-6.583777465997665,28.792245526098355,-0.29025284534401674
22.6,-8.157075100637792,-6.520042320024379,28.679336783168026,-0.29025284534401674
22.605,-8.075023555872846,-6.461412947539792,28.563323912110004,-0.29025284534401674
22.61,-7.994360202062069,-6.4077555813205,28.443199771416975,-0.29025284534401674
22.615000000000002,-7.915513665006737,-6.358696448068879,28.319841167100357,-0.29025284534401674
22.62,-7.837679118921127,-6.316627109014294,28.193117448561722,-0.29025284534401674
22.625,-7.761762628688855,-6.278526933963563,28.065610716797607,-0.29025284534401674
22.63,-7.687560256827544,-6.246948942648682,27.935807517928705,-0.29025284534401674
22.635,-7.615145695174752,-6.219852485806442,27.80359131726978,-0.29025284534401674
22.64,-7.546064699225764,-6.197889982402852,27.670002233785073,-0.29025284534401674
22.645,-7.479150536988564,-6.180088106453084,27.535698478287625,-0.29025284534401674
22.650000000000002,-7.411932997346643,-6.169697797915992,27.400034480144047,-0.29025284534401674
22.655,-7.350093597852698,-6.161676806077963,27.26359118479233,-0.29025284534401674
22.66,-7.28940533957675,-6.159093274362332,27.126703989871665,-0.29025284534401674
22.665,-7.233364707542428,-6.161684552067122,26.98871869590002,-0.29025284534401674
22.67,-7.179001185913574,-6.1687448715939945,26.851467897719413,-0.29025284534401674
22.675,-7.12886048641048,-6.1810028135366615,26.71583914649704,-0.29025284534401674
22.68,-7.08102363603579,-6.196474244728407,26.58054661428102,-0.29025284534401674
22.685,-7.03665668127965,-6.217432995358611,26.445746899974104,-0.29025284534401674
22.69,-6.99540097578791,-6.24243754173174,26.31076706389801,-0.29025284534401674
22.695,-6.959960235358648,-6.272042918842405,26.177434712926306,-0.29025284534401674
22.7,-6.925992720731187,-6.304601885656377,26.047418526901062,-0.29025284534401674
22.705000000000002,-6.894752589432448,-6.3421681387210125,25.91758615644736,-0.29025284534401674
22.71,-6.8669028391424805,-6.384953194293181,25.789669761826097,-0.29025284534401674
22.715,-6.842728323171661,-6.431381628676066,25.666177840538985,-0.29025284534401674
22.72,-6.821917305582717,-6.480126908388011,25.543540257548166,-0.29025284534401674
22.725,-6.805459232860021,-6.534220622650594,25.422048592020033,-0.29025284534401674
22.73,-6.791724824696001,-6.590191404701924,25.305566390151153,-0.29025284534401674
22.735,-6.780939318928395,-6.649043479152493,25.192145831184945,-0.29025284534401674
22.740000000000002,-6.774340666057613,-6.713039086902036,25.081118561496776,-0.29025284534401674
22.745,-6.77172065441603,-6.779505592010082,24.97407741301036,-0.29025284534401674
22.75,-6.772534244133553,-6.849304421157842,24.870894428963016,-0.29025284534401674
22.755,-6.7771378015570525,-6.92324005673549,24.772405448249145,-0.29025284534401674
22.76,-6.784128431827549,-6.999214744867073,24.677820830736582,-0.29025284534401674
22.765,-6.794730208247169,-7.078904839835921,24.58665787522103,-0.29025284534401674
22.77,-6.808592437011553,-7.159073791675509,24.500298289986112,-0.29025284534401674
22.775000000000002,-6.826001457448708,-7.243079086838041,24.41687583852356,-0.29025284534401674
22.78,-6.846273924768129,-7.329451709469201,24.340288642204424,-0.29025284534401674
22.785,-6.869897411179298,-7.41964136452082,24.267432462464768,-0.29025284534401674
22.79,-6.89781162526722,-7.512258674381907,24.199442192996926,-0.29025284534401674
22.795,-6.928749462363861,-7.6074085790976165,24.135894684689756,-0.29025284534401674
22.8,-6.962884120441778,-7.705954965114832,24.077182277306264,-0.29025284534401674
22.805,-7.000816113080457,-7.8050980586354495,24.023107993167905,-0.29025284534401674
22.81,-7.041212148452755,-7.907906306520965,23.975621368338167,-0.29025284534401674
22.815,-7.085499390006473,-8.012599077023982,23.9341226304945,-0.29025284534401674
22.82,-7.1312761740247,-8.11838125424438,23.89861884100477,-0.29025284534401674
22.825,-7.179995212401656,-8.225135621610063,23.869226604843032,-0.29025284534401674
22.830000000000002,-7.2326377459964935,-8.333667856006775,23.846217639557207,-0.29025284534401674
22.835,-7.288807943500918,-8.44307106646554,23.82902777374005,-0.29025284534401674
22.84,-7.346633737294019,-8.55388008408229,23.81900229659794,-0.29025284534401674
22.845,-7.407593758780733,-8.667342211872445,23.81600476788351,-0.29025284534401674
22.85,-7.470729618198334,-8.780606867863645,23.819466399738456,-0.29025284534401674
22.855,-7.536813694579607,-8.895430816941168,23.829793914083385,-0.29025284534401674
22.86,-7.604287317933492,-9.010001836440772,23.845885051579593,-0.29025284534401674
22.865000000000002,-7.675067036039505,-9.124192965478592,23.871071687904454,-0.29025284534401674
22.87,-7.747982751404411,-9.238512509730446,23.90270425548708,-0.29025284534401674
22.875,-7.823980370090606,-9.352720372011047,23.941556823118738,-0.29025284534401674
22.88,-7.900483234920976,-9.466443236540623,23.988621589465115,-0.29025284534401674
22.885,-7.978848448247179,-9.578707260634637,24.04276703404579,-0.29025284534401674
22.89,-8.05850453728359,-9.68909851374635,24.104964829150575,-0.29025284534401674
22.895,-8.139683198502786,-9.798509962960482,24.174002179439224,-0.29025284534401674
22.900000000000002,-8.222912466882633,-9.907403372539797,24.25078144158477,-0.29025284534401674
22.905,-8.306556961309338,-10.014173659491421,24.334390582627528,-0.29025284534401674
22.91,-8.392096136874125,-10.11730548895857,24.426261310623975,-0.29025284534401674
22.915,-8.478082701663617,-10.218678380939968,24.525662055828963,-0.29025284534401674
22.92,-8.565833621453214,-10.316318982785598,24.631792233066296,-0.29025284534401674
22.925,-8.653480216630104,-10.40994126431482,24.744012905481963,-0.29025284534401674
22.93,-8.741536366280084,-10.501021093390584,24.864247581653675,-0.29025284534401674
22.935,-8.828707822683132,-10.587116410628312,24.991263177339157,-0.29025284534401674
22.94,-8.915824669948876,-10.668181343647984,25.126096098714125,-0.29025284534401674
22.945,-9.003010786365664,-10.745173487026822,25.267029538152194,-0.29025284534401674
22.95,-9.08939836020318,-10.815437698495474,25.414576671101294,-0.29025284534401674
22.955000000000002,-9.175842377780661,-10.880125215820433,25.566122482033723,-0.29025284534401674
22.96,-9.262285013438088,-10.938629417557156,25.72418209042609,-0.29025284534401674
22.965,-9.345449050242241,-10.989971316074483,25.887949422647786,-0.29025284534401674
22.97,-9.426742002222896,-11.034933564660106,26.056651202679376,-0.29025284534401674
22.975,-9.508013664397668,-11.07207318743264,26.228979535182013,-0.29025284534401674
22.98,-9.588652996997078,-11.102768459739298,26.406427517122747,-0.29025284534401674
22.985,-9.664635478143817,-11.123501697714895,26.585868555887032,-0.29025284534401674
22.990000000000002,-9.737896869007319,-11.139049017525803,26.769658167020097,-0.29025284534401674
22.995,-9.807999237866968,-11.145805559799587,26.95508407746517,-0.29025284534401674
23.0,-9.874837312147893,-11.141768837876041,27.143165186098603,-0.29025284534401674
23.005,-9.93800545159981,-11.129922523857985,27.331299171956097,-0.29025284534401674
23.01,-9.997726058316717,-11.109295209632757,27.5193870571062,-0.29025284534401674
23.015,-10.053828524184892,-11.078663265400937,27.708861277570033,-0.29025284534401674
23.02,-10.105532445504334,-11.040019921444811,27.896744856576206,-0.29025284534401674
23.025000000000002,-10.152016853294345,-10.991096337425272,28.081673894578934,-0.29025284534401674
23.03,-10.194212711036842,-10.934528586319798,28.265858189400202,-0.29025284534401674
23.035,-10.231733272936935,-10.868467865254818,28.44682364981401,-0.29025284534401674
23.04,-10.263653255593393,-10.79305662818228,28.62425463530547,-0.29025284534401674
23.045,-10.290263583543116,-10.709720873772905,28.796690583473268,-0.29025284534401674
23.05,-10.311332471682556,-10.61643140232564,28.962685620898625,-0.29025284534401674
23.055,-10.327299649933929,-10.516101620969042,29.123663974020598,-0.29025284534401674
23.06,-10.337484024891033,-10.40729489934936,29.278422266230454,-0.29025284534401674
23.065,-10.342352690975517,-10.290871792037096,29.42780565912023,-0.29025284534401674
23.07,-10.339155061930336,-10.167838016387332,29.567623981085063,-0.29025284534401674
23.075,-10.33019852417611,-10.037753741020142,29.70024025791674,-0.29025284534401674
23.080000000000002,-10.314921020968466,-9.902505374799796,29.822544955921117,-0.29025284534401674
23.085,-10.293855545538207,-9.759787434977302,29.93648389509993,-0.29025284534401674
23.09,-10.268625044259695,-9.612981102330613,30.039578608259287,-0.29025284534401674
23.095,-10.234464733608986,-9.461993994033465,30.132243524703732,-0.29025284534401674
23.1,-10.19563836222265,-9.306820499533806,30.21490128273302,-6.73093429396366
23.105,-10.150804977132315,-9.181666462309268,30.28568158574639,-6.73093429396366
23.11,-10.102962209762733,-9.052503538065816,30.34737413778402,-6.73093429396366
23.115000000000002,-10.049880048458611,-8.922456425091054,30.39933516979407,-6.73093429396366
23.12,-9.992217916938994,-8.79211111632514,30.44208458706173,-6.73093429396366
23.125,-9.93142957345367,-8.658918178218984,30.474880707418876,-6.73093429396366
23.13,-9.868504712176158,-8.526166487699845,30.498123199963132,-6.73093429396366
23.135,-9.800750422698032,-8.393584695828983,30.512775684786426,-6.73093429396366
23.14,-9.72999167498452,-8.260907472777836,30.51761271976325,-6.73093429396366
23.145,-9.656860931744465,-8.130835459570045,30.512623225081338,-6.73093429396366
23.150000000000002,-9.58136733572964,-8.00118406326555,30.49777294848762,-6.73093429396366
23.155,-9.502590847621121,-7.874629746181705,30.47489011893242,-6.73093429396366
23.16,-9.421362104184462,-7.751944024800826,30.441984679611828,-6.73093429396366
23.165,-9.33901330915105,-7.633319341181888,30.399618442243888,-6.73093429396366
23.17,-9.254517016902504,-7.517198757147684,30.35024533565301,-6.73093429396366
23.175,-9.168143894716449,-7.4055262347256505,30.29304570727073,-6.73093429396366
23.18,-9.078767864987196,-7.297221702416336,30.229350203730846,-6.73093429396366
23.185,-8.989283395001072,-7.193725671971529,30.1575249186793,-6.73093429396366
23.19,-8.898553480615124,-7.094037031443652,30.07881083368493,-6.73093429396366
23.195,-8.80930233526681,-6.999585171751753,29.992902867851406,-6.73093429396366
23.2,-8.718645265674752,-6.911293761040522,29.90143375894206,-6.73093429396366
23.205000000000002,-8.62962181178799,-6.82694931016131,29.80338244780866,-6.73093429396366
23.21,-8.540296904971989,-6.748150971663312,29.701376630794297,-6.73093429396366
23.215,-8.451030953073424,-6.674509486050283,29.593025796600525,-6.73093429396366
23.22,-8.362873928984033,-6.606516511355187,29.480006140436206,-6.73093429396366
23.225,-8.274955369297903,-6.5442735623203205,29.363456559541945,-6.73093429396366
23.23,-8.187583753053323,-6.4893951472603595,29.2423081429558,-6.73093429396366
23.235,-8.102335454180972,-6.4400475116940115,29.117526406870766,-6.73093429396366
23.240000000000002,-8.018540918505309,-6.397551588495173,28.990279010191973,-6.73093429396366
23.245,-7.936078859028181,-6.360607910789982,28.8604643930239,-6.73093429396366
23.25,-7.857218956099573,-6.329022792024729,28.728668628359312,-6.73093429396366
23.255,-7.7813729841815995,-6.302810871192137,28.59584824495293,-6.73093429396366
23.26,-7.70770797618458,-6.281323998644539,28.45960298479215,-6.73093429396366
23.265,-7.634750056864087,-6.265664015480451,28.32193908277623,-6.73093429396366
23.27,-7.565039872376018,-6.256044391947785,28.183849915765517,-6.73093429396366
23.275000000000002,-7.4997563425787686,-6.251800353961562,28.045297770034228,-6.73093429396366
23.28,-7.436891501587102,-6.253033382003335,27.906462984035336,-6.73093429396366
23.285,-7.376410125251961,-6.259407183386389,27.768446742986683,-6.73093429396366
23.29,-7.320275899300235,-6.2706066941646235,27.62851043997322,-6.73093429396366
23.295,-7.268921073250038,-6.286539962015052,27.490533860103692,-6.73093429396366
23.3,-7.220542356634279,-6.307957661640643,27.352222897856024,-6.73093429396366
23.305,-7.174939052767792,-6.332814461976128,27.215611387787394,-6.73093429396366
23.31,-7.1340420409063166,-6.362078058983497,27.081125965969512,-6.73093429396366
23.315,-7.095137774220587,-6.397550978298064,26.94671273999701,-6.73093429396366
23.32,-7.060140705941875,-6.436494697308704,26.81390998710199,-6.73093429396366
23.325,-7.029193332371048,-6.479973811057195,26.68458329247429,-6.73093429396366
23.330000000000002,-7.0010994076084705,-6.528034342381809,26.55607525853995,-6.73093429396366
23.335,-6.977032587242666,-6.579576712217046,26.430788454201938,-6.73093429396366
23.34,-6.957473196257757,-6.634821923583597,26.308657553499355,-6.73093429396366
23.345,-6.940721302145413,-6.693426685264495,26.188345708980723,-6.73093429396366
23.35,-6.9280392567241815,-6.756261874469943,26.07103592101344,-6.73093429396366
23.355,-6.920743011013607,-6.823321042194389,25.957507005154167,-6.73093429396366
23.36,-6.916802485233768,-6.893203917400443,25.847582497174347,-6.73093429396366
23.365000000000002,-6.915480225718203,-6.966787101037552,25.740468387900023,-6.73093429396366
23.37,-6.918273022559699,-7.043107671298901,25.638844692827565,-6.73093429396366
23.375,-6.924293036504415,-7.121986770552764,25.540907285664854,-6.73093429396366
23.38,-6.934423660587644,-7.205154349053457,25.44709462349887,-6.73093429396366
23.385,-6.94845213138462,-7.2904408259804265,25.357219727913915,-6.73093429396366
23.39,-6.964843875142379,-7.379049277969352,25.271642975096583,-6.73093429396366
23.395,-6.986013395447322,-7.470741756374055,25.191334266862743,-6.73093429396366
23.400000000000002,-7.011107483319628,-7.566432868397237,25.117007570509596,-6.73093429396366
23.405,-7.039020679090833,-7.664011198643783,25.048018987275416,-6.73093429396366
23.41,-7.067234392980996,-7.763624385302417,24.98315500182671,-6.73093429396366
23.415,-7.1010448667786195,-7.865084667119435,24.924693533629924,-6.73093429396366
23.42,-7.138977179579217,-7.969875270776147,24.87132840427385,-6.73093429396366
23.425,-7.180152472113936,-8.076346713166547,24.824716650861912,-6.73093429396366
23.43,-7.224295239633101,-8.183106766732323,24.78282951841128,-6.73093429396366
23.435,-7.272508355472858,-8.292102135328449,24.747929847613392,-6.73093429396366
23.44,-7.325148952673011,-8.402516348713197,24.7197793415307,-6.73093429396366
23.445,-7.377514998004911,-8.515588869975954,24.696244199581347,-6.73093429396366
23.45,-7.433823244148587,-8.628149114414311,24.680414669836644,-6.73093429396366
23.455000000000002,-7.4933981794318125,-8.741981902002333,24.672930188463447,-6.73093429396366
23.46,-7.556574541823487,-8.857671415658018,24.671772862770904,-6.73093429396366
23.465,-7.622231291620538,-8.973732880379494,24.678151304214733,-6.73093429396366
23.47,-7.689932682824889,-9.090171220098878,24.690382461517878,-6.73093429396366
23.475,-7.760980684184589,-9.205359992925484,24.711303444721906,-6.73093429396366
23.48,-7.833444136743233,-9.321375042574985,24.73833240097095,-6.73093429396366
23.485,-7.907153713811314,-9.43470017771088,24.772865943003556,-6.73093429396366
23.490000000000002,-7.983426949539008,-9.550051286195835,24.8158650443686,-6.73093429396366
23.495,-8.06250342033451,-9.662581032786349,24.86620313921332,-6.73093429396366
23.5,-8.142475073068256,-9.77518101981237,24.923943890497178,-6.73093429396366
23.505,-8.22425543569227,-9.885477197974605,24.99060147342922,-6.73093429396366
23.51,-8.308313278356993,-9.993861489776114,25.06407061864494,-6.73093429396366
23.515,-8.392149744498639,-10.099317246847495,25.14342445949174,-6.73093429396366
23.52,-8.476993975304516,-10.203500650907394,25.23122387480449,-6.73093429396366
23.525000000000002,-8.563573390939,-10.303130914363571,25.328237041492702,-6.73093429396366
23.53,-8.650739769417797,-10.398849282374695,25.431480309812848,-6.73093429396366
23.535,-8.738408629621794,-10.491094071507701,25.54203676667444,-6.73093429396366
23.54,-8.826590713444553,-10.578982439210773,25.659667048080816,-6.73093429396366
23.545,-8.915790333125694,-10.662550187337544,25.783827828831903,-6.73093429396366
23.55,-9.00270828579976,-10.74084355215795,25.915925305442787,-6.73093429396366
23.555,-9.088986892232533,-10.815003843042541,26.054161911024963,-6.73093429396366
23.56,-9.175441153583927,-10.882139479012714,26.19883257455868,-6.73093429396366
23.565,-9.261929815029193,-10.943236532108335,26.349479408180294,-6.73093429396366
23.57,-9.345722763951002,-10.99877544985027,26.506063016235004,-6.73093429396366
23.575,-9.429053490600063,-11.047741829822387,26.666228564580173,-6.73093429396366
23.580000000000002,-9.51028526903448,-11.088703740850224,26.831313392211232,-6.73093429396366
23.585,-9.589186808896839,-11.121174714732755,26.99952381790939,-6.73093429396366
23.59,-9.66594436250194,-11.146597878332143,27.172654636225086,-6.73093429396366
23.595,-9.740743960237968,-11.165156477765342,27.349392050758535,-6.73093429396366
23.6,-9.812335564054786,-11.174141845988164,27.528872837252344,-6.73093429396366
23.605,-9.880431693589106,-11.175676396255058,27.710286340811038,-6.73093429396366
23.61,-9.945138628787898,-11.167797374232427,27.892916817600078,-6.73093429396366
23.615000000000002,-10.00529371972572,-11.151358981483906,28.075759367782073,-6.73093429396366
23.62,-10.062889652380298,-11.12597687573812,28.259283637032784,-6.73093429396366
23.625,-10.115623254689735,-11.089081510859643,28.441703204029924,-6.73093429396366
23.63,-10.165297041541052,-11.044908188361337,28.623199969835902,-6.73093429396366
23.635,-10.210437783089754,-10.992461893977358,28.801475178939512,-6.73093429396366
23.64,-10.24788377757445,-10.931127782335043,28.979719886554246,-6.73093429396366
23.645,-10.282633846318936,-10.86007910562301,29.153283110140478,-6.73093429396366
23.650000000000002,-10.312737963487908,-10.779252827134377,29.322791126234204,-6.73093429396366
23.655,-10.336511262492344,-10.689521978964162,29.487185747502764,-6.73093429396366
23.66,-10.354741661487248,-10.59354032157939,29.646134122179987,-6.73093429396366
23.665,-10.366987506172228,-10.489234431066231,29.79818760464889,-6.73093429396366
23.67,-10.373623747984638,-10.376436610517816,29.944341431776845,-6.73093429396366
23.675,-10.372849200619711,-10.256743577121464,30.08274734547279,-6.73093429396366
23.68,-10.366470196314,-10.131347100563056,30.21397698923302,-6.73093429396366
23.685,-10.355844994626485,-9.999746237706693,30.335139777221098,-6.73093429396366
23.69,-10.338404185678225,-9.862407010705887,30.44816138842159,-6.73093429396366
23.695,-10.314169539709448,-9.720063511408831,30.55247591739051,-6.73093429396366
23.7,-10.284608127971927,-9.573742894840844,30.64625668086624,-6.73093429396366
23.705000000000002,-10.250455945063473,-9.423427992719084,30.729916484816158,-6.73093429396366
23.71,-10.210445332953684,-9.269531049087298,30.80432778288763,-6.73093429396366
23.715,-10.16209860248423,-9.114582497308373,30.868011260501973,-6.73093429396366
23.72,-10.109451048284809,-8.957148066845852,30.920066833558383,-6.73093429396366
23.725,-10.052831133347889,-8.798517514674892,30.96167532996388,-6.73093429396366
23.73,-9.990611294009652,-8.639577060258816,30.990761773042124,-6.73093429396366
23.735,-9.923536292015411,-8.48115537091598,31.008707233777102,-6.73093429396366
23.740000000000002,-9.851690387869473,-8.32426699316445,31.015140795838317,-6.73093429396366
23.745,-9.776289135382795,-8.169020171121968,31.01168765139753,-6.73093429396366
23.75,-9.6960548126506,-8.015080554166277,30.99737919354005,-6.73093429396366
23.755,-9.611995329541358,-7.863892930511133,30.972682308509423,-6.73093429396366
23.76,-9.524106464292712,-7.715309235275056,30.938154711396805,-6.73093429396366
23.765,-9.434863722758134,-7.571524730848816,30.89240355950787,-6.73093429396366
23.77,-9.341470677701578,-7.432646446908522,30.837343453013077,-6.73093429396366
23.775000000000002,-9.245991854731018,-7.296719457103215,30.773243503635,-6.73093429396366
23.78,-9.14871597639875,-7.166094744581543,30.700367006319606,-6.73093429396366
23.785,-9.049967536305516,-7.039160021877911,30.618765661887856,-6.73093429396366
23.79,-8.948788236688843,-6.9206504547086345,30.529063391786725,-6.73093429396366
23.795,-8.848044942004838,-6.806361126413293,30.431844772418806,-6.73093429396366
23.8,-8.745661185718461,-6.698440398343986,30.327208034676573,-6.73093429396366
23.805,-8.642663698003402,-6.59710058854416,30.2157890100536,-6.73093429396366
23.81,-8.54097063550194,-6.5013734654787765,30.097712219497613,-6.73093429396366
23.815,-8.438112415396198,-6.41363905192412,29.97425206074203,-6.73093429396366
23.82,-8.336032990184487,-6.3313078997063394,29.845758931003758,-6.73093429396366
23.825,-8.235460966179334,-6.2570116206717605,29.713202594858103,-6.73093429396366
23.830000000000002,-8.136633265078993,-6.187886808920555,29.575059646465,-6.73093429396366
23.835,-8.038061552998544,-6.126153233717906,29.43253462255358,-6.73093429396366
23.84,-7.9418345728765996,-6.071206172562297,29.28666447242403,-6.73093429396366
23.845,-7.848497678624195,-6.023864226022817,29.138218889467165,-6.73093429396366
23.85,-7.758700119908981,-5.983935014370816,28.986324230787066,-6.73093429396366
23.855,-7.669052405183622,-5.949691232045037,28.832695174392338,-6.73093429396366
23.86,-7.583550882534454,-5.922212864129308,28.675780376614487,-6.73093429396366
23.865000000000002,-7.501709817724704,-5.900759162084012,28.51794412134428,-6.73093429396366
23.87,-7.4208351823070435,-5.885114596750275,28.3592096910775,-6.73093429396366
23.875,-7.344231386361754,-5.876716316709557,28.20020387974078,-6.73093429396366
23.88,-7.2712455051164335,-5.8741279510476385,28.041294756101266,-6.73093429396366
23.885,-7.20082140292883,-5.875468448112886,27.881574810109107,-6.73093429396366
23.89,-7.133614004353703,-5.883073048386679,27.72017069920307,-6.73093429396366
23.895,-7.071982571246193,-5.897112203486655,27.560441283871608,-6.73093429396366
23.900000000000002,-7.013208883777716,-5.916729904729463,27.40183151257108,-6.73093429396366
23.905,-6.959228411904193,-5.941432602677969,27.244040483957882,-6.73093429396366
23.91,-6.908896391926561,-5.970799104450919,27.087130146479822,-6.73093429396366
23.915,-6.862208687028718,-6.006383293205857,26.932067790096262,-6.73093429396366
23.92,-6.819872374122421,-6.045970532593681,26.77953255349108,-6.73093429396366
23.925,-6.781662596566869,-6.09193363632867,26.628370211033292,-6.73093429396366
23.93,-6.745601822081178,-6.140837786310288,26.479394942439978,-6.73093429396366
23.935000000000002,-6.715129880812996,-6.193825423816276,26.332465468875125,-6.73093429396366
23.94,-6.689291568911247,-6.252723375355206,26.188335056749025,-6.73093429396366
23.945,-6.668340468236694,-6.314927663928007,26.047302515787145,-6.73093429396366
23.95,-6.65097560094833,-6.382464775582809,25.91020010797539,-6.73093429396366
23.955000000000002,-6.636066798162051,-6.453524614339337,25.77863275160439,-6.73093429396366
23.96,-6.626690313374692,-6.528362467448315,25.647778416131494,-6.73093429396366
23.965,-6.6214591793964255,-6.6067566670753965,25.52246717185107,-6.73093429396366
23.97,-6.61974237027006,-6.689945239630112,25.401225162467323,-6.73093429396366
23.975,-6.624042486071338,-6.776502525103586,25.28415043316552,-6.73093429396366
23.98,-6.631620613613099,-6.865871652693912,25.171430234876116,-6.73093429396366
23.985,-6.643965591289854,-6.958907615813559,25.063520803253468,-6.73093429396366
23.990000000000002,-6.659595815025954,-7.055720757382536,24.961200112728655,-6.73093429396366
23.995,-6.679217572840851,-7.154349621428656,24.86330158885496,-6.73093429396366
24.0,-6.7024007750052,-7.257442932482745,24.771218450254214,-6.73093429396366
24.005,-6.729619614703549,-7.36358613206763,24.683793242811998,19.690871415737487
24.01,-6.7609672579179305,-7.339900667365771,24.603189947730947,19.690871415737487
24.015,-6.788813677979722,-7.319829691909064,24.52368885303563,19.690871415737487
24.02,-6.814463923814411,-7.303587312031721,24.44397768591519,19.690871415737487
24.025000000000002,-6.838970936087769,-7.291013372765382,24.366988990626314,19.690871415737487
24.03,-6.861373762144767,-7.280184499220944,24.290697929887838,19.690871415737487
24.035,-6.881579683658138,-7.27124287035749,24.216346782542285,19.690871415737487
24.04,-6.900385792543085,-7.267198038229169,24.143448666167604,19.690871415737487
24.045,-6.919082036455972,-7.264937486823571,24.07235665664402,19.690871415737487
24.05,-6.9373869104167625,-7.265346027392854,24.001917114066234,19.690871415737487
24.055,-6.953444734445396,-7.269295779055508,23.93269385703245,19.690871415737487
24.060000000000002,-6.967777312304467,-7.276378493178296,23.86656096353413,19.690871415737487
24.065,-6.983794543807212,-7.2852929949017895,23.800886846981477,19.690871415737487
24.07,-6.997633865097644,-7.295783247976519,23.738384952419025,19.690871415737487
24.075,-7.012730226706714,-7.310780507258808,23.677524532281105,19.690871415737487
24.080000000000002,-7.029319392538269,-7.3264733142882905,23.61808893515664,19.690871415737487
24.085,-7.044452165176049,-7.3453702572670725,23.559761486643453,19.690871415737487
24.09,-7.058710349556346,-7.365843322088286,23.504213138954476,19.690871415737487
24.095,-7.074527714875442,-7.389444687690925,23.44945704037349,19.690871415737487
24.1,-7.090077454977196,-7.413611912640357,23.398525541955696,19.690871415737487
24.105,-7.1076464040059255,-7.440852614743489,23.349026980989166,19.690871415737487
24.11,-7.124627892652594,-7.470032980297475,23.302433425667783,19.690871415737487
24.115000000000002,-7.142971585992789,-7.500248425735382,23.257478818322664,19.690871415737487
24.12,-7.160872756017645,-7.532746501453958,23.215341610132278,19.690871415737487
24.125,-7.1797740486557,-7.567695216231872,23.17475997965764,19.690871415737487
24.13,-7.199412181643432,-7.60518415353131,23.136452357000483,19.690871415737487
24.135,-7.219955027731908,-7.644588794692823,23.102343583345956,19.690871415737487
24.14,-7.240729769046337,-7.684560689790813,23.070704026420387,19.690871415737487
24.145,-7.26218271194983,-7.726374257846106,23.040869929726824,19.690871415737487
24.150000000000002,-7.286141292746383,-7.770467611114937,23.013998483906068,19.690871415737487
24.155,-7.310497456223091,-7.813923359262714,22.990828395739157,19.690871415737487
24.16,-7.3350782913908406,-7.8588244750399365,22.969929908022998,19.690871415737487
24.165,-7.360509327359571,-7.9071007371970845,22.952105370957437,19.690871415737487
24.17,-7.388250364293349,-7.954506460992396,22.937479357453682,19.690871415737487
24.175,-7.41687664240877,-8.004776131824853,22.924736637130888,19.690871415737487
24.18,-7.446237701476394,-8.05492418580391,22.917015280316836,19.690871415737487
24.185000000000002,-7.47645007318327,-8.10529228581902,22.910968052629528,19.690871415737487
24.19,-7.507505389691385,-8.156238381129281,22.909633959745605,19.690871415737487
24.195,-7.54038251361199,-8.207487437609307,22.910513446510663,19.690871415737487
24.2,-7.57288836060174,-8.260832964969683,22.914853309165906,19.690871415737487
24.205000000000002,-7.607709556932686,-8.313497622321107,22.921587782257678,19.690871415737487
24.21,-7.642454588972266,-8.3667246452425,22.93143297329857,19.690871415737487
24.215,-7.67944057850296,-8.419234851703033,22.944847544116584,19.690871415737487
24.22,-7.717153953208406,-8.472128686872905,22.961471373259656,19.690871415737487
24.225,-7.754554827723962,-8.524737534349212,22.98180680132363,19.690871415737487
24.23,-7.79345177403648,-8.577270456131657,23.00661913681445,19.690871415737487
24.235,-7.8323444466048855,-8.63024544998913,23.03407691016311,19.690871415737487
24.240000000000002,-7.872729525089159,-8.683422411993282,23.066488210332146,19.690871415737487
24.245,-7.913507495300474,-8.736334047980439,23.099966064912714,19.690871415737487
24.25,-7.953893441936986,-8.787921466487587,23.13749883169091,19.690871415737487
24.255,-7.995229129155224,-8.839108094821313,23.17907172521531,19.690871415737487
24.26,-8.037104118407099,-8.889138632478895,23.224141592746218,19.690871415737487
24.265,-8.080439702113992,-8.937450946637744,23.27256943146034,19.690871415737487
24.27,-8.122325423446762,-8.985790500619752,23.323989283414292,19.690871415737487
24.275000000000002,-8.165331499626204,-9.031495601560444,23.378622245635537,19.690871415737487
24.28,-8.209422823566278,-9.076866771005239,23.435160031200713,19.690871415737487
24.285,-8.254432402922832,-9.120026131548496,23.493984603627236,19.690871415737487
24.29,-8.298577014034313,-9.160510373394157,23.55602233877188,19.690871415737487
24.295,-8.34202742136072,-9.19949015075234,23.620660611094987,19.690871415737487
24.3,-8.384931915282348,-9.237564460836655,23.68964511118403,19.690871415737487
24.305,-8.427735021561396,-9.273557519150351,23.762168384974117,19.690871415737487
24.310000000000002,-8.470511480163275,-9.307458744131315,23.837239013147652,19.690871415737487
24.315,-8.512472308533699,-9.339605351021437,23.914266788902527,19.690871415737487
24.32,-8.554260948958403,-9.367749610257079,23.99285995117598,19.690871415737487
24.325,-8.593685931729436,-9.39322132833206,24.073397328803125,19.690871415737487
24.330000000000002,-8.633254180336694,-9.416974532836019,24.15651150931341,19.690871415737487
24.335,-8.672058268617121,-9.437164911243457,24.242121394196076,19.690871415737487
24.34,-8.709994963499762,-9.45356392691065,24.326907031344987,19.690871415737487
24.345,-8.747129285366318,-9.467632879705887,24.41352507841477,19.690871415737487
24.35,-8.783258547806623,-9.479920370877945,24.50099451318482,19.690871415737487
24.355,-8.816835642875047,-9.487667392043857,24.591092807705696,19.690871415737487
24.36,-8.849395465974286,-9.491879863920934,24.68038220377015,19.690871415737487
24.365000000000002,-8.880903017676163,-9.49270733888843,24.771318059571804,19.690871415737487
24.37,-8.91128489273689,-9.490600132482957,24.86299419240244,19.690871415737487
24.375,-8.941389440522974,-9.484811899558933,24.953702197344747,19.690871415737487
24.38,-8.968175637030358,-9.475218116683568,25.04486917332039,19.690871415737487
24.385,-8.992771478169052,-9.461410388444726,25.135676079024034,19.690871415737487
24.39,-9.016230042280174,-9.444548766473387,25.22773206266254,19.690871415737487
24.395,-9.03816337019933,-9.424593697380582,25.31621776886122,19.690871415737487
24.400000000000002,-9.057922830125305,-9.400706367041536,25.405237855541245,19.690871415737487
24.405,-9.074077149194528,-9.372766208087564,25.49235720701898,19.690871415737487
24.41,-9.089778183154909,-9.341109459543135,25.577519067952487,19.690871415737487
24.415,-9.103359502850019,-9.307280799749114,25.660886344947563,19.690871415737487
24.42,-9.113313882232115,-9.269137716416635,25.742878023076663,19.690871415737487
24.425,-9.120512185814214,-9.227981391205399,25.82199004936185,19.690871415737487
24.43,-9.12549587120311,-9.18363554193596,25.898463010213185,19.690871415737487
24.435000000000002,-9.129106048981262,-9.135744253220109,25.972722306370425,19.690871415737487
24.44,-9.128212470139335,-9.084989358924101,26.043146335374956,19.690871415737487
24.445,-9.126503322392693,-9.029058193195718,26.11033924732751,19.690871415737487
24.45,-9.121264621270841,-8.970873119560965,26.17424407269803,19.690871415737487
24.455000000000002,-9.11390692722563,-8.912230151134683,26.234654136079428,19.690871415737487
24.46,-9.103417711801658,-8.849197371116901,26.291440063669636,19.690871415737487
24.465,-9.090044973553738,-8.78352442689956,26.34350459036043,19.690871415737487
24.47,-9.075166278817752,-8.716266186262665,26.39029978618993,19.690871415737487
24.475,-9.05739268451447,-8.647382481897939,26.434338378331525,19.690871415737487
24.48,-9.03694730726865,-8.576235778146104,26.47394203746606,19.690871415737487
24.485,-9.014245679229862,-8.504015546344139,26.506575984306984,19.690871415737487
24.490000000000002,-8.989263684639061,-8.430688551393716,26.535971356869666,19.690871415737487
24.495,-8.961194531601818,-8.355839550722044,26.56123491031667,19.690871415737487
24.5,-8.930134602002708,-8.280950148925385,26.582006141668614,19.690871415737487
24.505,-8.898309883287617,-8.205688980744299,26.59864814018937,19.690871415737487
24.51,-8.86285369101709,-8.12844314744166,26.60940928163119,19.690871415737487
24.515,-8.825434482308992,-8.051872374461562,26.614519347970262,19.690871415737487
24.52,-8.787552481942276,-7.973832832731659,26.61482670932727,19.690871415737487
24.525000000000002,-8.745714343373375,-7.896769915729848,26.610532249203285,19.690871415737487
24.53,-8.703428631140229,-7.819582105511574,26.601333018550914,19.690871415737487
24.535,-8.660866755867065,-7.743833102726291,26.586083768011672,19.690871415737487
24.54,-8.6142869052167,-7.668304207190076,26.566714480782505,19.690871415737487
24.545,-8.56740549375708,-7.593364230763416,26.542936381412506,19.690871415737487
24.55,-8.519293986408336,-7.519382039423783,26.515665828988805,19.690871415737487
24.555,-8.470337719328917,-7.446760839544986,26.48184382481666,19.690871415737487
24.560000000000002,-8.41918508300062,-7.375728950458345,26.4437391543605,19.690871415737487
24.565,-8.366490342995501,-7.30490575970093,26.40113688234606,19.690871415737487
24.57,-8.313745028307732,-7.2358900940916335,26.355902625720383,19.690871415737487
24.575,-8.260802173489227,-7.169561120963508,26.305143930075687,19.690871415737487
24.580000000000002,-8.20536448419871,-7.1052609939520375,26.250531188884327,19.690871415737487
24.585,-8.151858438388908,-7.043868768702617,26.191161242156845,19.690871415737487
24.59,-8.097711502466815,-6.983394139615761,26.128411243739258,19.690871415737487
24.595,-8.041283118945621,-6.926224745332628,26.062030892240458,19.690871415737487
24.6,-7.984072537257665,-6.870243413819256,25.99266647977524,19.690871415737487
24.605,-7.928766001957177,-6.816960674930236,25.920652938938094,19.690871415737487
24.61,-7.873816988110342,-6.767809145827972,25.84553763216174,19.690871415737487
24.615000000000002,-7.817627965832547,-6.719471337947085,25.76736839862863,19.690871415737487
24.62,-7.762928943981754,-6.674551180493822,25.685208178571468,19.690871415737487
24.625,-7.707557947881456,-6.632252237738689,25.600759088383995,19.690871415737487
24.63,-7.653976471539923,-6.593244807488617,25.51492898796488,19.690871415737487
24.635,-7.6004784861271295,-6.557650135338315,25.428309500945602,19.690871415737487
24.64,-7.54872244371406,-6.5232155870596475,25.338955323702784,19.690871415737487
24.645,-7.498651261068092,-6.493244081570691,25.245871027781277,19.690871415737487
24.650000000000002,-7.447840277416705,-6.465056943845815,25.152404394496084,19.690871415737487
24.655,-7.398356396341191,-6.43985017136412,25.057341754282447,19.690871415737487
24.66,-7.35072937477108,-6.418376187664576,24.961187495723372,19.690871415737487
24.665,-7.303759089066044,-6.399007129834309,24.864840167090193,19.690871415737487
24.67,-7.2583357140750815,-6.382320168578714,24.766538580023624,19.690871415737487
24.675,-7.214367710872936,-6.369402236130281,24.669112236277762,19.690871415737487
24.68,-7.1724119230865035,-6.359212945664618,24.5702586323838,19.690871415737487
24.685000000000002,-7.130358420220331,-6.3518032264459565,24.471224044727037,19.690871415737487
24.69,-7.090650215248164,-6.346498801585882,24.370399285656624,19.690871415737487
24.695,-7.051729907957481,-6.344911931208265,24.270538517214856,19.690871415737487
24.7,-7.017060157379826,-6.347349047368075,24.17185780521597,19.690871415737487
24.705000000000002,-6.9840203112415296,-6.352588566819005,24.07116582097799,19.690871415737487
24.71,-6.952974142107052,-6.359704087750453,23.970737728820804,19.690871415737487
24.715,-6.922812531155893,-6.36987484287765,23.872203753583065,19.690871415737487
24.72,-6.8956349519060165,-6.380983771988505,23.774068832300905,19.690871415737487
24.725,-6.8700347471263425,-6.395937913767332,23.677355172420704,19.690871415737487
24.73,-6.847299853119656,-6.41291459254935,23.581630417468215,19.690871415737487
24.735,-6.82603779182039,-6.433343502731877,23.485044937403597,19.690871415737487
24.740000000000002,-6.805400517196323,-6.4566608664804015,23.391987310863,19.690871415737487
24.745,-6.785856255915773,-6.482810641775649,23.30015746806837,19.690871415737487
24.75,-6.770295874582691,-6.510471947854015,23.20891245458232,19.690871415737487
24.755,-6.758039427163474,-6.541002475673411,23.1196664563765,19.690871415737487
24.76,-6.747182899724722,-6.574434599028418,23.031011183020624,19.690871415737487
24.765,-6.738355239940138,-6.611719404932205,22.945912435200064,19.690871415737487
24.77,-6.7330388936719645,-6.649959320681759,22.862782645470247,19.690871415737487
24.775000000000002,-6.729509640212332,-6.690885589010414,22.781191050126772,19.690871415737487
24.78,-6.727164147212798,-6.733426825688683,22.703085427759447,19.690871415737487
24.785,-6.728825682340332,-6.779519305082597,22.626368647569656,19.690871415737487
24.79,-6.732954509007373,-6.8280355704880575,22.552699989503157,19.690871415737487
24.795,-6.737066999158778,-6.879677169933077,22.481176607748647,19.690871415737487
24.8,-6.743095575671635,-6.932567487656904,22.412561141740685,19.690871415737487
24.805,-6.752484435230609,-6.987756667735809,22.347209633286678,19.690871415737487
24.810000000000002,-6.765447476190502,-7.045998552013397,22.28516901693678,19.690871415737487
24.815,-6.780117858991858,-7.104248252448066,22.226622480972384,19.690871415737487
24.82,-6.7958627044970195,-7.16667431985136,22.170872629338888,19.690871415737487
24.825,-6.8137505009067505,-7.2303636777473566,22.119152395425434,19.690871415737487
24.830000000000002,-6.8356313721668664,-7.295898591196926,22.070838802232014,19.690871415737487
24.835,-6.859330018384765,-7.363276217563441,22.02428172340796,19.690871415737487
24.84,-6.884701640113817,-7.43372686082327,21.98302649858276,19.690871415737487
24.845,-6.9138102101824215,-7.504720725815761,21.94665383716177,19.690871415737487
24.85,-6.943808470874707,-7.578407636018914,21.913489887442424,19.690871415737487
24.855,-6.974946438634024,-7.652253402233971,21.885045028472202,19.690871415737487
24.86,-7.008052372961116,-7.7274321088995706,21.859819599974056,19.690871415737487
24.865000000000002,-7.045911295096145,-7.805592888654549,21.838797420167662,19.690871415737487
24.87,-7.084787064946185,-7.884608162149094,21.822420117292626,19.690871415737487
24.875,-7.125347315632117,-7.9654382863899995,21.81117061533599,19.690871415737487
24.88,-7.167985720357046,-8.047757799223335,21.80396174561145,19.690871415737487
24.885,-7.210641740112464,-8.130893512196588,21.803684638975973,19.690871415737487
24.89,-7.2581919781524125,-8.21528576576923,21.806632750454554,19.690871415737487
24.895,-7.306230329760818,-8.299961010191947,21.815454341469668,19.690871415737487
24.900000000000002,-7.355827971732993,-8.38629600895576,21.827635863328933,19.690871415737487
24.905,-7.408099500878624,-8.472887810628695,21.844676702723806,19.690871415737487
24.91,-7.461685937707234,-8.55955693231694,21.86787488502778,19.690871415737487
24.915,-7.516222734091931,-8.647658479483585,21.895367352990892,19.690871415737487
24.92,-7.572673039994694,-8.736385761501644,21.928865710034625,19.690871415737487
24.925,-7.631300637300287,-8.824718286862005,21.966961999602834,19.690871415737487
24.93,-7.691238580361803,-8.912053777589534,22.010531392429094,19.690871415737487
24.935000000000002,-7.752710783255816,-8.999375423951514,22.06008181133791,19.690871415737487
24.94,-7.815328507521012,-9.085235752758516,22.115463181638837,19.690871415737487
24.945,-7.880143535060294,-9.171590035168188,22.17479250954506,19.690871415737487
24.95,-7.94463738401907,-9.256909336706292,22.240423441806932,19.690871415737487
24.955000000000002,-8.011440984094667,-9.340957626266615,22.312738360188085,19.690871415737487
24.96,-8.078193422255989,-9.422740539451897,22.3906224105657,19.690871415737487
24.965,-8.145545318735584,-9.504044084247553,22.473458427223633,19.690871415737487
24.97,-8.213681198203325,-9.582535982085014,22.560633496112608,19.690871415737487
24.975,-8.28152908094752,-9.65950543088067,22.653445599501968,19.690871415737487
24.98,-8.351507823966559,-9.73505133536992,22.751473893118288,19.690871415737487
24.985,-8.421499144988577,-9.805954968404627,22.855629094540035,19.690871415737487
24.990000000000002,-8.491299755558966,-9.875011650615662,22.96225296640118,19.690871415737487
24.995,-8.560018427247485,-9.940979261190712,23.075753115180284,19.690871415737487
25.0,-8.62928326786637,-10.002940668111096,23.193596002373575,19.690871415737487
25.005,-8.69833606947672,-10.062356066355285,23.317025649357152,19.690871415737487
25.01,-8.767125874113038,-10.11759913223115,23.444542701455983,19.690871415737487
25.015,-8.834102914741742,-10.167768684033113,23.575535993878464,19.690871415737487
25.02,-8.900553708544548,-10.215478400591671,23.710657088645085,19.690871415737487
25.025000000000002,-8.966166972683945,-10.256879299896287,23.84828482322295,19.690871415737487
25.03,-9.030816588290044,-10.293569005992174,23.990060466146993,19.690871415737487
25.035,-9.094605833020164,-10.324958227710288,24.1352607438135,19.690871415737487
25.04,-9.15548432541405,-10.350141359314154,24.282926198974575,19.690871415737487
25.045,-9.214109036647605,-10.370448130091594,24.433161055170256,19.690871415737487
25.05,-9.271008741779854,-10.385233125727547,24.586040608663197,19.690871415737487
25.055,-9.326073144259352,-10.392243496399896,24.74007744704406,19.690871415737487
25.060000000000002,-9.3792237574101,-10.394097242581934,24.89514179759908,19.690871415737487
25.065,-9.429439823039354,-10.389938938617851,25.049896027039438,19.690871415737487
25.07,-9.47704245327358,-10.377884628120647,25.20504728775576,19.690871415737487
25.075,-9.522358867914392,-10.360637033824293,25.36081829098709,19.690871415737487
25.080000000000002,-9.566059293826344,-10.336222823041032,25.51624403640655,19.690871415737487
25.085,-9.604628837959945,-10.305494358628195,25.670049943922482,19.690871415737487
25.09,-9.640569069776756,-10.267560628203416,25.823134470425003,19.690871415737487
25.095,-9.672597179446582,-10.221699971050517,25.97352521855895,19.690871415737487
25.1,-9.698439840093306,-10.169496830007583,26.120906319294402,19.690871415737487
25.105,-9.722660603372507,-10.11246467885049,26.265625632605108,19.690871415737487
25.11,-9.743092990972011,-10.046857150704021,26.406876073262183,19.690871415737487
25.115000000000002,-9.759157113390103,-9.975586060746805,26.544833068194304,19.690871415737487
25.12,-9.769675756395662,-9.898813236178148,26.67765484154379,19.690871415737487
25.125,-9.777815706437822,-9.815445370834233,26.80507473876355,19.690871415737487
25.13,-9.781144838916918,-9.72502984846413,26.925861298159525,19.690871415737487
25.135,-9.778408405567172,-9.630104630175522,27.042733261428648,19.690871415737487
25.14,-9.77128127514073,-9.529952123502873,27.154047266072332,19.690871415737487
25.145,-9.759080526412083,-9.423926245631938,27.258874228777835,19.690871415737487
25.150000000000002,-9.741537996979265,-9.314367567420474,27.354884372631872,19.690871415737487
25.155,-9.720335500777638,-9.200830206458217,27.44389627984035,19.690871415737487
25.16,-9.694571650377794,-9.084487510338601,27.524970265373003,19.690871415737487
25.165,-9.664067487899297,-8.963459119316694,27.598328807482055,19.690871415737487
25.17,-9.628371791976079,-8.839952464289544,27.66341671438658,19.690871415737487
25.175,-9.588869537558397,-8.712969084038692,27.72089737891777,19.690871415737487
25.18,-9.544524472364145,-8.583069597630798,27.77018717983275,19.690871415737487
25.185000000000002,-9.495437434556887,-8.453663837268609,27.809113802972867,19.690871415737487
25.19,-9.443458511888162,-8.321549197956793,27.83989117342869,19.690871415737487
25.195,-9.386635650834474,-8.189359563270097,27.86180554563508,19.690871415737487
25.2,-9.326782797950067,-8.05712855355757,27.874340995820248,19.690871415737487
25.205000000000002,-9.26277658785635,-7.923428804845578,27.87929504972469,19.690871415737487
25.21,-9.195322718202602,-7.7911555106684895,27.874915698030986,19.690871415737487
25.215,-9.125148814709165,-7.660195350455811,27.862055028579228,19.690871415737487
25.22,-9.05306776686343,-7.528668808775594,27.840961605983427,19.690871415737487
25.225,-8.97547027058369,-7.39968931280195,27.811392578093677,19.690871415737487
25.23,-8.897300980083054,-7.2729787897381275,27.772076920106326,19.690871415737487
25.235,-8.814503433218853,-7.148140919198691,27.725784600521155,19.690871415737487
25.240000000000002,-8.73176265259165,-7.025629757891273,27.67041218820437,19.690871415737487
25.245,-8.64621214918689,-6.906669506488562,27.60927509542293,19.690871415737487
25.25,-8.559107583422406,-6.792294266904067,27.540392550868482,19.690871415737487
25.255,-8.471703326544029,-6.6796037624823414,27.46347581793478,19.690871415737487
25.26,-8.382261503746108,-6.5697819361957706,27.37985476106638,19.690871415737487
25.265,-8.291119715032805,-6.4638748693105965,27.290438210391613,19.690871415737487
25.27,-8.199389674965314,-6.362732212169766,27.194658253769013,19.690871415737487
25.275000000000002,-8.107104612494911,-6.266212334258465,27.093279446170314,19.690871415737487
25.28,-8.014297522094232,-6.1723003317670555,26.985663889202335,19.690871415737487
25.285,-7.922520728035131,-6.082130805291974,26.8727032456414,19.690871415737487
25.29,-7.82990667108121,-5.997667914542013,26.75570694607493,19.690871415737487
25.295,-7.738239137877699,-5.919128423118838,26.633379650598517,19.690871415737487
25.3,-7.64642427732905,-5.842713174590824,26.50588738760129,19.690871415737487
25.305,-7.555696655075485,-5.772032424279047,26.37554185126054,19.690871415737487
25.310000000000002,-7.465688001757575,-5.705276552512169,26.24116384663665,19.690871415737487
25.315,-7.377487953487822,-5.643900933999088,26.10422135816277,19.690871415737487
25.32,-7.290129286833689,-5.587559748711696,25.964662510274106,19.690871415737487
25.325,-7.203915393077172,-5.53533338688314,25.823158511358308,19.690871415737487
25.330000000000002,-7.120031264860493,-5.487390448058712,25.677083799279966,19.690871415737487
25.335,-7.037204565595103,-5.443862234213323,25.530129940623542,19.690871415737487
25.34,-6.95762394453072,-5.405421414925875,25.380993376115615,19.690871415737487
25.345,-6.88032722652478,-5.370738290957334,25.231753798155033,19.690871415737487
25.35,-6.80383585559887,-5.339759409491488,25.079276549583064,19.690871415737487
25.355,-6.731236770877443,-5.313897004346736,24.927258174962667,19.690871415737487
25.36,-6.65932354128429,-5.292097138250986,24.772732672163503,19.690871415737487
25.365000000000002,-6.591521314045626,-5.2741410265157365,24.618426013148646,19.690871415737487
25.37,-6.524463868574852,-5.261382265952011,24.464660341297897,19.690871415737487
25.375,-6.461489138581,-5.252541592996693,24.310285103660814,19.690871415737487
25.38,-6.400352274624213,-5.246488428548327,24.15616377943972,19.690871415737487
25.385,-6.341501519411663,-5.245518481289736,24.002449097705565,19.690871415737487
25.39,-6.2868405482119964,-5.246570778947263,23.84833199238681,19.690871415737487
25.395,-6.234925426189436,-5.252591775657443,23.69475772694625,19.690871415737487
25.400000000000002,-6.18530867700731,-5.262091326270916,23.543661759312187,19.690871415737487
25.405,-6.139545558055023,-5.273950165829169,23.39335779789532,19.690871415737487
25.41,-6.096152477038245,-5.291118877095186,23.242830865634414,19.690871415737487
25.415,-6.05661421647559,-5.309848149349277,23.092371527250354,19.690871415737487
25.42,-6.018566667225079,-5.332888302037969,22.945467052379364,19.690871415737487
25.425,-5.983367368019972,-5.360907146580549,22.798757422377555,19.690871415737487
25.43,-5.95331876353565,-5.392242050820175,22.65602678204534,19.690871415737487
25.435000000000002,-5.925525848250766,-5.425856004297054,22.514684361021512,19.690871415737487
25.44,-5.900135789121833,-5.462598819150226,22.37651848218408,19.690871415737487
25.445,-5.878176689855555,-5.503780510274154,22.239185921606726,19.690871415737487
25.45,-5.85991633994684,-5.545547255055369,22.105894050566143,19.690871415737487
25.455000000000002,-5.843913409543961,-5.593265420213513,21.9728436664047,19.690871415737487
25.46,-5.8318772920103275,-5.6427936378402945,21.84408014347696,19.690871415737487
25.465,-5.8236392488365984,-5.694756063939203,21.717834111873053,19.690871415737487
25.47,-5.8176086161412845,-5.750892045022002,21.59426003178642,19.690871415737487
25.475,-5.814426345834613,-5.809585915468676,21.473487280889373,19.690871415737487
25.48,-5.815160474742106,-5.871646164601371,21.355351751783548,19.690871415737487
25.485,-5.817271141635648,-5.93754320643948,21.240847471266715,19.690871415737487
25.490000000000002,-5.822694181331039,-6.0067434228531695,21.130676984124733,19.690871415737487
25.495,-5.832139984774322,-6.07790055249256,21.023990006627372,19.690871415737487
25.5,-5.844714596244323,-6.152619312073674,20.920317479317628,19.690871415737487
25.505,-5.861104501852161,-6.231052836052793,20.8202755235923,19.690871415737487
25.51,-5.879337556051533,-6.312364961416243,20.724767974974696,19.690871415737487
25.515,-5.900494281143839,-6.394219604194153,20.63332624356343,19.690871415737487
25.52,-5.9251669936669815,-6.481457626862356,20.54629029212613,19.690871415737487
25.525000000000002,-5.953296354242526,-6.568860599596432,20.463574045308395,19.690871415737487
25.53,-5.9833744684781704,-6.6624276346191005,20.386335468956226,19.690871415737487
25.535,-6.0177620357731,-6.757872866338897,20.31398937955398,19.690871415737487
25.54,-6.054305249372374,-6.856220520073302,20.24594943152076,19.690871415737487
25.545,-6.094741225036278,-6.958037813975581,20.184168594112997,19.690871415737487
25.55,-6.137568626868892,-7.062904388571214,20.126589336814742,19.690871415737487
25.555,-6.183460508096044,-7.169639722749907,20.074682413026554,19.690871415737487
25.560000000000002,-6.232280920309947,-7.280972479553505,20.029413222406667,19.690871415737487
25.565,-6.284117083718938,-7.396072598096755,19.98969110777563,19.690871415737487
25.57,-6.339516492308567,-7.5122592728939575,19.95411322901339,19.690871415737487
25.575,-6.397667563753493,-7.631035122071059,19.92600444516301,19.690871415737487
25.580000000000002,-6.4590408573184845,-7.752294811030133,19.90439232688768,19.690871415737487
25.585,-6.524039410661176,-7.876122919824096,19.888965895906125,19.690871415737487
25.59,-6.590738771867624,-8.002847118143622,19.881505768957954,19.690871415737487
25.595,-6.6612871759789485,-8.133073655033373,19.880829675604794,19.690871415737487
25.6,-6.735083381475565,-8.263178412776242,19.886480101774463,19.690871415737487
25.605,-6.812611486882255,-8.397987714543095,19.89957772618383,19.690871415737487
25.61,-6.890305889660435,-8.532524392666426,19.920266199001382,19.690871415737487
25.615000000000002,-6.972909676320835,-8.668494114751152,19.94840471475248,19.690871415737487
25.62,-7.058678011713452,-8.808172838320116,19.986088045463465,19.690871415737487
25.625,-7.1468144746565105,-8.948728041439105,20.03042444619739,19.690871415737487
25.63,-7.238047927812762,-9.090757871271672,20.082637060534996,19.690871415737487
25.635,-7.33135730560036,-9.233966733066906,20.144177587811495,19.690871415737487
25.64,-7.426677774907471,-9.377846532551978,20.214514772011164,19.690871415737487
25.645,-7.524545915178472,-9.520358083441277,20.293821393605356,19.690871415737487
25.650000000000002,-7.622969656763016,-9.66424580876038,20.38231842684512,19.690871415737487
25.655,-7.72511123913476,-9.808162407793931,20.47989594836215,19.690871415737487
25.66,-7.8295851310231575,-9.951611945201023,20.584220130223965,19.690871415737487
25.665,-7.935221409506091,-10.093954864872966,20.699743757575156,19.690871415737487
25.67,-8.04321968912815,-10.234352926074605,20.82412379680511,19.690871415737487
25.675,-8.15253065538638,-10.373488320286707,20.95861306371237,19.690871415737487
25.68,-8.263246706788358,-10.510075984989658,21.101495398613768,19.690871415737487
25.685000000000002,-8.375122537516729,-10.643855210311106,21.251986615225,19.690871415737487
25.69,-8.488872602681303,-10.775488244869987,21.415876152967996,19.690871415737487
25.695,-8.603073005105903,-10.903661400767973,21.586554881056134,19.690871415737487
25.7,-8.717313464779307,-11.025628207677979,21.76816504267034,19.690871415737487
25.705000000000002,-8.832332797988862,-11.142582828278474,21.957943180843415,19.690871415737487
25.71,-8.947353198840226,-11.254943458116088,22.158253923576833,19.690871415737487
25.715,-9.063405973656117,-11.361869968413723,22.365372602182187,19.690871415737487
25.72,-9.179110924179865,-11.462555252564158,22.58278522832619,19.690871415737487
25.725,-9.293758720674271,-11.554912238741542,22.807440610766065,19.690871415737487
25.73,-9.40684623371381,-11.638779932874833,23.040435475610494,19.690871415737487
25.735,-9.516666427691643,-11.716284725612471,23.28097548639077,19.690871415737487
25.740000000000002,-9.627048221855798,-11.783205949583227,23.52863811767237,19.690871415737487
25.745,-9.736183312533305,-11.842143129307425,23.782223053183923,19.690871415737487
25.75,-9.841725656974653,-11.890032720861022,24.04205576695035,19.690871415737487
25.755,-9.943595547931741,-11.927278494158797,24.306158703999245,19.690871415737487
25.76,-10.043532617801382,-11.953974016831912,24.574863131563657,19.690871415737487
25.765,-10.139216002742332,-11.967420530045972,24.849349515716153,19.690871415737487
25.77,-10.230556879560808,-11.969132615859536,25.124080604173276,19.690871415737487
25.775000000000002,-10.317463630775935,-11.95899147683601,25.401727399677107,19.690871415737487
25.78,-10.399181624575276,-11.934347530980716,25.67959209913799,19.690871415737487
25.785,-10.476609765985208,-11.897675925900224,25.95809577443393,19.690871415737487
25.79,-10.546974752493627,-11.846898753290647,26.235029868374532,19.690871415737487
25.795,-10.613088793870482,-11.783497871609274,26.50898195173855,19.690871415737487
25.8,-10.670867330410331,-11.705726722507855,26.781293467030256,19.690871415737487
25.805,-10.723804240218689,-11.613463514522907,27.047527766555945,19.690871415737487
25.810000000000002,-10.769097907160157,-11.508033319983367,27.308095759083635,19.690871415737487
25.815,-10.806279750931045,-11.390908034877732,27.564507292929147,19.690871415737487
25.82,-10.834922389751807,-11.258247457514086,27.812817888856987,19.690871415737487
25.825,-10.856754269600525,-11.112385415175492,28.051335261024278,19.690871415737487
25.830000000000002,-10.868955089995753,-10.956741011122164,28.280940977501462,19.690871415737487
25.835,-10.872917229781763,-10.786839345298345,28.49962007360008,19.690871415737487
25.84,-10.868306024795585,-10.607627792232813,28.70667324797157,19.690871415737487
25.845,-10.8549127804105,-10.417388301820045,28.89996382127727,19.690871415737487
25.85,-10.834419369089199,-10.218305193429645,29.080807122844984,19.690871415737487
25.855,-10.802276428963056,-10.009226528535745,29.246442904607402,19.690871415737487
25.86,-10.763229270609921,-9.793954804964876,29.39713989674953,19.690871415737487
25.865000000000002,-10.714293845109996,-9.57175058867202,29.53203472068681,19.690871415737487
25.87,-10.656798537137565,-9.344268577286725,29.651531363613753,19.690871415737487
25.875,-10.590564101090903,-9.111085168227483,29.75527080252901,19.690871415737487
25.88,-10.517202122195368,-8.873916463197212,29.840555891485682,19.690871415737487
25.885,-10.434851792726937,-8.634758709559259,29.90825080037325,19.690871415737487
25.89,-10.344411908096015,-8.393575562570732,29.959472751170757,19.690871415737487
25.895,-10.248239751189585,-8.151677699887308,29.994257874450366,19.690871415737487
25.900000000000002,-10.14383477952963,-7.909009336426321,30.011224726024967,19.690871415737487
25.905,-10.031787744204815,-7.669010682308181,30.01165985470789,19.690871415737487
25.91,-9.912996713092989,-7.431536947672122,29.99617497242614,19.690871415737487
25.915,-9.788608747165435,-7.196271326317499,29.96517063173149,19.690871415737487
25.92,-9.659065622874769,-6.966483677062599,29.91827361379499,19.690871415737487
25.925,-9.523395414077166,-6.740659284386512,29.855868754015255,19.690871415737487
25.93,-9.384902237548017,-6.5200801584682315,29.779953524428908,19.690871415737487
25.935000000000002,-9.241495983700888,-6.305677197520644,29.68897916241615,19.690871415737487
25.94,-9.094290935808303,-6.098738444816331,29.58498202607121,19.690871415737487
25.945,-8.942433305385604,-5.897543118335734,29.469108854367303,19.690871415737487
25.95,-8.791400560115536,-5.703842666272161,29.33914604809381,19.690871415737487
25.955000000000002,-8.636807798843472,-5.51818191847234,29.197283583849085,19.690871415737487
25.96,-8.480327721982931,-5.339839884845675,29.045078406132102,19.690871415737487
25.965,-8.32331417795443,-5.1705068859125225,28.88363170411795,19.690871415737487
25.97,-8.166321984069121,-5.008933933538677,28.714497775101893,19.690871415737487
25.975,-8.009983802117015,-4.855850782515433,28.53571509148524,19.690871415737487
25.98,-7.852651564218953,-4.712737385782697,28.348190064682825,19.690871415737487
25.985,-7.694973475854785,-4.577415724694451,28.153961695036582,19.690871415737487
25.990000000000002,-7.538680197432695,-4.450585894562504,27.953736827479606,19.690871415737487
25.995,-7.38406925849297,-4.331740271596274,27.74952338686163,19.690871415737487
26.0,-7.230470577003343,-4.221281036818389,27.538385154307704,19.690871415737487
26.005,-7.079822406156755,-4.118022981458468,27.32413842568657,19.690871415737487
26.01,-6.930671113694524,-4.0231088576469345,27.10580523974652,19.690871415737487
26.015,-6.785329039256462,-3.936373347645439,26.883213423848698,19.690871415737487
26.02,-6.641433367706792,-3.855538647860436,26.658560727797312,19.690871415737487
26.025000000000002,-6.501073646737397,-3.78239344627768,26.430905059968566,19.690871415737487
26.03,-6.365097351492446,-3.7153040719929806,26.202030026814,19.690871415737487
26.035,-6.2322737616872,-3.654219760957862,25.971368239874735,19.690871415737487
26.04,-6.103336645829119,-3.600809400310984,25.738492578118027,19.690871415737487
26.045,-5.978651225241861,-3.5531754841805463,25.50509500190712,19.690871415737487
26.05,-5.858334238001215,-3.51232434144721,25.27089714654793,19.690871415737487
26.055,-5.740599996492816,-3.477032540242549,25.035496345421308,19.690871415737487
26.060000000000002,-5.627492796677612,-3.445224316963574,24.801149203035283,19.690871415737487
26.065,-5.518954440519347,-3.4191990313268263,24.56748528551991,19.690871415737487
26.07,-5.413434621939114,-3.39852376302308,24.33407175540494,19.690871415737487
26.075,-5.312144762159712,-3.3828160173583184,24.101589646606435,19.690871415737487
26.080000000000002,-5.21516541066691,-3.3712302977271165,23.870441183403226,19.690871415737487
26.085,-5.122702395544079,-3.3640582906404313,23.640109592731886,19.690871415737487
26.09,-5.034307629371677,-3.3607025612709656,23.410969555117145,19.690871415737487
26.095,-4.949710675087943,-3.3607237226967333,23.183195141469824,19.690871415737487
26.1,-4.8707210160765975,-3.3641036554810366,22.957543059948684,19.690871415737487
26.105,-4.794901709000406,-3.371182567859415,22.732969418116333,19.690871415737487
26.11,-4.723387575271504,-3.381560182561962,22.51119044059926,19.690871415737487
26.115000000000002,-4.655427484202187,-3.3955131395684313,22.2904766617581,19.690871415737487
26.12,-4.592487691940535,-3.412961760453644,22.072194866116252,19.690871415737487
26.125,-4.532903790673103,-3.4336147473539613,21.85668186644461,19.690871415737487
26.13,-4.477368959963035,-3.4571823626487572,21.64330148122133,19.690871415737487
26.135,-4.425994553897119,-3.484109009201716,21.43219548491021,19.690871415737487
26.14,-4.37984112560853,-3.5138003262121047,21.223477674121018,19.690871415737487
26.145,-4.336302708811451,-3.54641629482237,21.016664542748803,19.690871415737487
26.150000000000002,-4.2964478470738685,-3.581162655539019,20.812888336420638,19.690871415737487
26.155,-4.260052935027735,-3.619020523914084,20.61194064006452,19.690871415737487
26.16,-4.226812205519648,-3.659742478435845,20.414384803142536,19.690871415737487
26.165,-4.198617283860161,-3.7028646788824795,20.218349047659828,19.690871415737487
26.17,-4.173832318868159,-3.7483168266520273,20.02620139866402,19.690871415737487
26.175,-4.15206018683948,-3.7973973993850443,19.83759418681486,19.690871415737487
26.18,-4.134002935396925,-3.8482111616664527,19.64998480045603,19.690871415737487
26.185000000000002,-4.120071298237326,-3.9040843921282526,19.466771135990598,19.690871415737487
26.19,-4.108881796889647,-3.961013914692743,19.28822477082071,19.690871415737487
26.195,-4.100218314023908,-4.023025126092099,19.112985809482726,19.690871415737487
26.2,-4.096995626684638,-4.087484700681017,18.940440104005454,19.690871415737487
26.205000000000002,-4.094875561962627,-4.154572397091609,18.77243544918647,19.690871415737487
26.21,-4.0990944320987674,-4.224510944858318,18.606401779787316,19.690871415737487
26.215,-4.1059395983286,-4.296134806839364,18.444367374916457,19.690871415737487
26.22,-4.115822940011521,-4.371947270699259,18.28690553926249,18.676755812709633
26.225,-4.128787415389772,-4.456947446408744,18.133184495121043,18.676755812709633
26.23,-4.1456770439147395,-4.544458972513576,17.984276455416595,18.676755812709633
26.235,-4.165713599338307,-4.636227647644459,17.839567860096576,18.676755812709633
26.240000000000002,-4.188759999208005,-4.730912469308042,17.697812983350463,18.676755812709633
26.245,-4.216719947878655,-4.829435837812684,17.560520444409608,18.676755812709633
26.25,-4.246884718903446,-4.931691459268059,17.42946468016834,18.676755812709633
26.255,-4.2805288313292476,-5.038225712992297,17.301494077736127,18.676755812709633
26.26,-4.31790185539711,-5.150761490138303,17.178085215498324,18.676755812709633
26.265,-4.358643670283957,-5.265291658518999,17.05996614010919,18.676755812709633
26.27,-4.404627857973051,-5.383960964385273,16.946578737744016,18.676755812709633
26.275000000000002,-4.455564515646229,-5.507130923666047,16.839190064490772,18.676755812709633
26.28,-4.5075794825112006,-5.635233432022721,16.737071213932754,18.676755812709633
26.285,-4.562896822741683,-5.767203707107564,16.639186189403386,18.676755812709633
26.29,-4.622269228545824,-5.904983409047911,16.549564827420483,18.676755812709633
26.295,-4.685297596350771,-6.046724740954211,16.464252059485858,18.676755812709633
26.3,-4.754393944199033,-6.192857695491344,16.3853899513291,18.676755812709633
26.305,-4.826700293866987,-6.345390243619812,16.313531957170355,18.676755812709633
26.310000000000002,-4.902098501447751,-6.502458135688136,16.250551192980137,18.676755812709633
26.315,-4.983323885016145,-6.663650159798333,16.194046581943834,18.676755812709633
26.32,-5.066720852777071,-6.831293728304797,16.144584708373127,18.676755812709633
26.325,-5.154279244298445,-7.00431768395829,16.103575546409587,18.676755812709633
26.330000000000002,-5.248229470156231,-7.182863923562896,16.06827972491816,18.676755812709633
26.335,-5.344460886026052,-7.367323820625759,16.043585090370737,18.676755812709633
26.34,-5.44667437286226,-7.557003843030709,16.025012522032203,18.676755812709633
26.345,-5.552494543608518,-7.752117589264505,16.017300673297648,18.676755812709633
26.35,-5.662420864707584,-7.953628075483391,16.02009092626185,18.676755812709633
26.355,-5.777057622907024,-8.160180293174562,16.032270876165615,18.676755812709633
26.36,-5.89623295293832,-8.373129026496601,16.053265608861793,18.676755812709633
26.365000000000002,-6.0200566504154915,-8.589477235334162,16.086248163737864,18.676755812709633
26.37,-6.149274250134326,-8.812442274978277,16.130624014623052,18.676755812709633
26.375,-6.281717448399855,-9.040156675622129,16.186905742017426,18.676755812709633
26.38,-6.419350751702657,-9.271633500873962,16.25430008007259,18.676755812709633
26.385,-6.561979865106106,-9.508950216567406,16.33579425623435,18.676755812709633
26.39,-6.708964228212802,-9.751215175486566,16.429812924033218,18.676755812709633
26.395,-6.86195760738274,-9.997697646068392,16.538740565668128,18.676755812709633
26.400000000000002,-7.01924225173557,-10.246816521239214,16.66111873836403,18.676755812709633
26.405,-7.181625674453389,-10.49968353581913,16.79808151257276,18.676755812709633
26.41,-7.347241909367699,-10.757033632161487,16.951681120497373,18.676755812709633
26.415,-7.517462732624058,-11.01496382266425,17.121525479609364,18.676755812709633
26.42,-7.69199077156628,-11.276042014274594,17.305847344797485,18.676755812709633
26.425,-7.87083017671412,-11.537142305708596,17.50843693523916,18.676755812709633
26.43,-8.054965482115945,-11.7979025827931,17.72970053458221,18.676755812709633
26.435000000000002,-8.241372802425785,-12.059645263293215,17.968673061076217,18.676755812709633
26.44,-8.431042276195155,-12.31943083194366,18.225921158772238,18.676755812709633
26.445,-8.625036461032156,-12.57865473385273,18.50215305994708,18.676755812709633
26.45,-8.82223789172978,-12.831210362360737,18.798554869247656,18.676755812709633
26.455000000000002,-9.023593648434625,-13.079262937453976,19.114845624515315,18.676755812709633
26.46,-9.225941686695025,-13.323394791447367,19.450273073789464,18.676755812709633
26.465,-9.429812834805402,-13.557828468175414,19.80617527559902,18.676755812709633
26.47,-9.636293110043887,-13.783803346153666,20.17972854290891,18.676755812709633
26.475,-9.844861201785454,-13.998183893177456,20.575169234055625,18.676755812709633
26.48,-10.05310857333704,-14.200043847118842,20.990637443092602,18.676755812709633
26.485,-10.26145695105722,-14.388451625282501,21.423889029840158,18.676755812709633
26.490000000000002,-10.468589315731034,-14.560297454470833,21.876816802784138,18.676755812709633
26.495,-10.673272954060582,-14.714584566571556,22.34646048659282,18.676755812709633
26.5,-10.874248944956543,-14.849871658052095,22.834130063709956,18.676755812709633
26.505,-11.072561804357557,-14.96265164669371,23.33688641184252,18.676755812709633
26.51,-11.26709099944152,-15.052505012655304,23.853884963752783,18.676755812709633
26.515,-11.456110722321439,-15.116863289549135,24.38405501679076,18.676755812709633
26.52,-11.638283723349167,-15.154726462481586,24.924323141657293,18.676755812709633
26.525000000000002,-11.81542046848942,-15.163968928700914,25.47332198090128,18.676755812709633
26.53,-11.981920171465527,-15.143971570944624,26.02890838599194,18.676755812709633
26.535,-12.13923276108136,-15.093107739179525,26.589520130562995,18.676755812709633
26.54,-12.286868531985359,-15.009875183105793,27.151552098589054,18.676755812709633
26.545,-12.42260058354105,-14.892205898181505,27.71199731988101,18.676755812709633
26.55,-12.54526873182425,-14.743118022001589,28.268748123176447,18.676755812709633
26.555,-12.655512454551005,-14.559363272949108,28.81723497888943,18.676755812709633
26.560000000000002,-12.751410390883398,-14.341352554990943,29.354348214280844,18.676755812709633
26.565,-12.831400071340648,-14.090023553165723,29.87625684186968,18.676755812709633
26.57,-12.894527731550323,-13.805973034722301,30.382794590039776,18.676755812709633
26.575,-12.939615240100476,-13.489591565358898,30.86833309987298,18.676755812709633
26.580000000000002,-12.966939449058682,-13.143209833380672,31.328801590585066,18.676755812709633
26.585,-12.975899812930066,-12.769378999314696,31.76284184833886,18.676755812709633
26.59,-12.965427373450872,-12.367630764082193,32.16834317973451,18.676755812709633
26.595,-12.93568367344263,-11.942064926467639,32.54115303873169,18.676755812709633
26.6,-12.886332518790104,-11.493682236447809,32.8810728306241,18.676755812709633
26.605,-12.816811451643895,-11.029205485598903,33.18383322894258,18.676755812709633
26.61,-12.727924663351075,-10.548704102506498,33.44833637221244,18.676755812709633
26.615000000000002,-12.618671838495125,-10.055672733157879,33.674178661353366,18.676755812709633
26.62,-12.49226466675385,-9.55393559008524,33.860292667700314,18.676755812709633
26.625,-12.345073108184225,-9.046679459301465,34.00614354561832,18.676755812709633
26.63,-12.179858662113352,-8.537013281285795,34.111528639134356,18.676755812709633
26.635,-11.998794684308118,-8.028724781591603,34.17662929648954,18.676755812709633
26.64,-11.800965905495712,-7.525223361406748,34.20287164981083,18.676755812709633
26.645,-11.587478163862642,-7.027937519052405,34.19027370478103,18.676755812709633
26.650000000000002,-11.360785851296274,-6.540157263235535,34.14216270678604,18.676755812709633
26.655,-11.120588577886865,-6.065124464626782,34.05951913247198,18.676755812709633
26.66,-10.869078484775157,-5.603122259248221,33.94202810405918,18.676755812709633
26.665,-10.605826509885972,-5.159528111395777,33.79441122113532,18.676755812709633
26.67,-10.332909837266952,-4.732778786808018,33.61855538349128,18.676755812709633
26.675,-10.05243638734372,-4.325270142931705,33.413384374786936,18.676755812709633
26.68,-9.7668247936172,-3.93900824815543,33.18517443131523,18.676755812709633
26.685000000000002,-9.47465275210576,-3.5732667891421497,32.93605799162685,18.676755812709633
26.69,-9.178631257660081,-3.2279251824150386,32.66564397426007,18.676755812709633
26.695,-8.881260939468865,-2.9044593998845776,32.378924012747625,18.676755812709633
26.7,-8.582466423444199,-2.6022946383971925,32.07660267954531,18.676755812709633
26.705000000000002,-8.28254184437179,-2.3204395408879956,31.761025507995672,18.676755812709633
26.71,-7.98384240397999,-2.0583482179023935,31.434462485035777,18.676755812709633
26.715,-7.688122890142741,-1.8176144455502934,31.097513515013034,18.676755812709633
26.72,-7.3948626706794025,-1.5955427101728588,30.753089340906637,18.676755812709633
26.725,-7.105583119891566,-1.3927924938704535,30.402085576941708,18.676755812709633
26.73,-6.819228187408591,-1.2066149479508714,30.04558631279439,18.676755812709633
26.735,-6.538319178550496,-1.0374390669281945,29.686754104740267,18.676755812709633
26.740000000000002,-6.26325527349722,-0.8838017741178672,29.32517923755547,18.676755812709633
26.745,-5.994718133399799,-0.7441486615457958,28.960959824231086,18.676755812709633
26.75,-5.731977107851658,-0.6191101259293625,28.5966542072605,18.676755812709633
26.755,-5.4778315077084425,-0.5057690769475043,28.233622191346043,18.676755812709633
26.76,-5.229065671047593,-0.4034809668182427,27.871741424209045,18.676755812709633
26.765,-4.98803360538418,-0.31117329579818725,27.510625982517745,18.676755812709633
26.77,-4.75411270716222,-0.22742408152128543,27.150366649328603,18.676755812709633
26.775000000000002,-4.52864037591017,-0.1522461829924379,26.79257401501175,18.676755812709633
26.78,-4.30988612941874,-0.08497003947307134,26.438210165891412,18.676755812709633
26.785,-4.099207341255136,-0.02516640715054435,26.087154531773333,18.676755812709633
26.79,-3.8960195835156255,0.030062803677012334,25.740390450480543,18.676755812709633
26.795,-3.6999130862738605,0.07950852892567259,25.395281631993033,18.676755812709633
26.8,-3.5104157738517676,0.12369980642918907,25.054955787480665,18.676755812709633
26.805,-3.3294422314394616,0.16517127192090625,24.7187161270174,18.676755812709633
26.810000000000002,-3.15453795382205,0.20277354935935152,24.387176024462526,18.676755812709633
26.815,-2.986804145611969,0.2371923315185711,24.058391676514066,18.676755812709633
26.82,-2.825261874925717,0.2711080916998787,23.734611940562047,18.676755812709633
26.825,-2.671006666585476,0.30291077536483785,23.41402659885878,18.676755812709633
26.830000000000002,-2.523122918399437,0.3334307426644375,23.09780775681901,18.676755812709633
26.835,-2.378133104713798,0.3653070770073291,22.78635351654271,18.676755812709633
26.84,-2.241943420723604,0.39537477387041114,22.4776272659512,18.676755812709633
26.845,-2.110124895883872,0.42518370465589445,22.17356405115,18.676755812709633
26.85,-1.9834034138518077,0.4550783167708245,21.87209756991188,18.676755812709633
26.855,-1.8617425162837609,0.48413550106380854,21.577488257351046,18.676755812709633
26.86,-1.744164777842006,0.516269230037297,21.285027768957097,18.676755812709633
26.865000000000002,-1.6315860810843124,0.5479850941489736,20.996880747021674,18.676755812709633
26.87,-1.5215734574644322,0.581071623336863,20.713514136705612,18.676755812709633
26.875,-1.4171785796810235,0.6150126127908511,20.43403197947635,18.676755812709633
26.88,-1.3154040645836411,0.6524480669594048,20.157510613032027,18.676755812709633
26.885,-1.2170517909865894,0.6903929328511701,19.885085585704125,18.676755812709633
26.89,-1.1205178166683756,0.7315729928701532,19.61617540773333,18.676755812709633
26.895,-1.0282387277547693,0.7737121508804897,19.35037106836751,18.676755812709633
26.900000000000002,-0.9375466492654534,0.8183225927952273,19.087923432459483,18.676755812709633
26.905,-0.8492165674276366,0.8653879184736363,18.829871552275723,18.676755812709633
26.91,-0.7637872915949043,0.9162048650334138,18.575220377559198,18.676755812709633
26.915,-0.6793725190843771,0.9695936834311684,18.323285052340786,18.676755812709633
26.92,-0.5973237262705169,1.0263648672377563,18.075521119927842,18.676755812709633
26.925,-0.5164449766634759,1.0841447496729884,17.830353221442923,18.676755812709633
26.93,-0.4354693159679521,1.1462635714064766,17.58911097497654,18.676755812709633
26.935000000000002,-0.3560744205826645,1.2124158755942815,17.3515678485041,18.676755812709633
26.94,-0.27816570061032125,1.2815207425122952,17.117647941963142,18.676755812709633
26.945,-0.1994303479068267,1.3536066552131165,16.886979873320644,18.676755812709633
26.95,-0.1216779103172686,1.429938768229208,16.661719360889506,18.676755812709633
26.955000000000002,-0.0435333187326712,1.5100678751762027,16.438860051805573,18.676755812709633
26.96,0.033725038376203886,1.5941251365711397,16.220060373225138,18.676755812709633
26.965,0.11149447572732335,1.6805595884493751,16.004400430824706,18.676755812709633
26.97,0.1904455431431294,1.7724920124671286,15.791606301747672,18.676755812709633
26.975,0.26926309208571075,1.870749878421909,15.583278760351226,18.676755812709633
26.98,0.3502762579371802,1.9711330433718732,15.37837344170149,18.676755812709633
26.985,0.4314264685629001,2.0761196643216557,15.1764944406376,18.676755812709633
26.990000000000002,0.5144733818527149,2.1857472014196184,14.976947368614532,18.676755812709633
26.995,0.5979440452765524,2.3002983123442116,14.781972605141291,18.676755812709633
27.0,0.6821995485642494,2.4223103691487418,14.592033945695446,18.676755812709633
27.005,0.7697364150430256,2.548262987834927,14.405345728400052,18.676755812709633
27.01,0.8597641010660847,2.6810943603597104,14.224031449354815,18.676755812709633
27.015,0.9507978087061774,2.821289261370093,14.045117135387649,18.676755812709633
27.02,1.0437857636045833,2.967172361289687,13.870813699448686,18.676755812709633
27.025000000000002,1.1395035581691235,3.1189127482954397,13.70083298595897,18.676755812709633
27.03,1.2383928244308524,3.2792845277347555,13.53596157030141,18.676755812709633
27.035,1.3408714404790183,3.445659817913766,13.374248801186305,18.676755812709633
27.04,1.4459535336514673,3.619315958875419,13.218136171189318,18.676755812709633
27.045,1.5549548848922559,3.802345294173387,13.065273619574938,18.676755812709633
27.05,1.6675554760797666,3.9917219207468455,12.921381382562325,18.676755812709633
27.055,1.7844026333089857,4.192207708906133,12.784313266740561,18.676755812709633
27.060000000000002,1.9046633678950051,4.400003722464112,12.652256787544845,18.676755812709633
27.065,2.0284809293000974,4.618432840145689,12.525405191830428,18.676755812709633
27.07,2.1575753458121874,4.8468010651324365,12.405759821835371,18.676755812709633
27.075,2.292717528376012,5.0841676365694335,12.292940653103242,18.676755812709633
27.080000000000002,2.430998328983254,5.331324574156028,12.186694547620375,18.676755812709633
27.085,2.5761191090337885,5.589658090591907,12.089205604672916,18.676755812709633
27.09,2.726583571476498,5.859391412028206,11.999500978429985,18.676755812709633
27.095,2.882457580103989,6.141971318908499,11.919188447474959,18.676755812709633
27.1,3.045859667394212,6.436669207822285,11.848574734706292,18.676755812709633
27.105,3.2136322896953606,6.743740986829224,11.788425617830898,18.676755812709633
27.11,3.39006506143083,7.06419999302079,11.738600270112775,18.676755812709633
27.115000000000002,3.5742181661852555,7.397520992362017,11.70146553413449,18.676755812709633
27.12,3.7647699236250496,7.744899709441955,11.677108224493566,18.676755812709633
27.125,3.9634839857966986,8.106806097124682,11.66712560224564,18.676755812709633
27.13,4.170268691143015,8.4837680307285,11.671595286101944,18.676755812709633
27.135,4.387139577092316,8.87500670429747,11.692038481267478,18.676755812709633
27.14,4.611193116449472,9.281982402161661,11.73079974765707,18.676755812709633
27.145,4.8448217218566665,9.704234780142906,11.788351338074667,18.676755812709633
27.150000000000002,5.087799063308275,10.143527097684622,11.866653105148451,18.676755812709633
27.155,5.340379266900228,10.59689901899939,11.967617937333442,18.676755812709633
27.16,5.602332217898427,11.064293222182165,12.091205390439141,18.676755812709633
27.165,5.87634834883076,11.547787213518205,12.240024552152784,18.676755812709633
27.17,6.1603259026472,12.046859255308021,12.417165669568027,18.676755812709633
27.175,6.454703989939415,12.559285856346486,12.622227633101444,18.676755812709633
27.18,6.7601013510974735,13.084777228963416,12.85867378355654,18.676755812709633
27.185000000000002,7.076278965852085,13.626093749661614,13.129330458124997,18.676755812709633
27.19,7.4051342493221615,14.175754239806487,13.436009989348,18.676755812709633
27.195,7.743897998859292,14.737418008532474,13.780863087855868,18.676755812709633
27.2,8.09439590788115,15.307093714146516,14.166651369987756,18.676755812709633
27.205000000000002,8.455566890160773,15.883117278996856,14.597246034145185,18.676755812709633
27.21,8.826781655671875,16.464347016684183,15.073103300942712,18.676755812709633
27.215,9.208773839423223,17.045364313036387,15.598278341229053,18.676755812709633
27.22,9.600869581329958,17.623962224747938,16.174934315171534,18.676755812709633
27.225,10.00185954958083,18.1972271291046,16.8054936335034,18.676755812709633
27.23,10.410632941468196,18.758218492134887,17.49179374630446,18.676755812709633
27.235,10.828335589336518,19.30494225861044,18.234758016220407,18.676755812709633
27.240000000000002,11.25152200351604,19.830166953919797,19.035297990330747,18.676755812709633
27.245,11.680726235726194,20.32885032337521,19.898056942543032,18.676755812709633
27.25,12.11340645484423,20.79255101848076,20.81982887739666,18.676755812709633
27.255,12.546767610190587,21.217081645348024,21.80145125277815,18.676755812709633
27.26,12.980346546904011,21.594084384537943,22.84256380800316,18.676755812709633
27.265,13.410761952527,21.9140847010965,23.940436799960885,18.676755812709633
27.27,13.835111417650774,22.171268803963567,25.09098398991853,18.676755812709633
27.275000000000002,14.251736839556402,22.354310346576774,26.288990428750633,18.676755812709633
27.28,14.657781174699151,22.457817505689153,27.531205696477436,18.676755812709633
27.285,15.04856292103632,22.474149213154202,28.809490215809628,18.676755812709633
27.29,15.417955243650077,22.39504891399193,30.115633071506252,18.676755812709633
27.295,15.766966547622763,22.213959332172625,31.44094047722984,18.676755812709633
27.3,16.08929584042301,21.925633242481684,32.773167053343265,18.676755812709633
27.305,16.38091178932923,21.52550465269353,34.09951518353631,18.676755812709633
27.310000000000002,16.637045846585895,21.011362212546725,35.408013695934365,18.676755812709633
27.315,16.856300064945618,20.383543080186797,36.6825905511459,18.676755812709633
27.32,17.03286777655953,19.642867949017543,37.911727308165695,18.676755812709633
27.325,17.163136154120757,18.794904587991034,39.079537672191975,18.676755812709633
27.330000000000002,17.246090057754717,17.84318528949321,40.17020891706703,18.676755812709633
27.335,17.276766522830215,16.79865452105762,41.17454296997212,18.676755812709633
27.34,17.252193899536287,15.669231796023036,42.076264239194145,18.676755812709633
27.345,17.173725821632903,14.469924022260289,42.86641181842766,18.676755812709633
27.35,17.039341151622885,13.214435838917286,43.53830210976022,18.676755812709633
27.355,16.84822864916078,11.918124992703,44.08473581954804,18.676755812709633
27.36,16.601418166602155,10.596739101861186,44.50086647383737,18.676755812709633
27.365000000000002,16.302073561212282,9.26770379289777,44.78713590044213,18.676755812709633
27.37,15.950313860843492,7.946559586448586,44.94553542341688,18.676755812709633
27.375,15.550194671462018,6.647948354745276,44.979594532163475,18.676755812709633
27.38,15.104709997758501,5.388836008423087,44.896710467316225,18.676755812709633
27.385,14.618965292345774,4.179576268333115,44.704117535532376,18.676755812709633
27.39,14.097044246598742,3.0328678326392478,44.413315938446615,18.676755812709633
27.395,13.543987765510826,1.9544554902027307,44.034406597700716,18.676755812709633
27.400000000000002,12.965554090515287,0.9518140260387546,43.578291950455665,18.676755812709633
27.405,12.364183269608624,0.029564661901939182,43.05978338827321,18.676755812709633
27.41,11.746466198835897,-0.8081393264696176,42.4872071273517,18.676755812709633
27.415,11.119368148285332,-1.5602286040760647,41.87348039186427,18.676755812709633
27.42,10.485551010415872,-2.2295681661330495,41.228778421346135,18.676755812709633
27.425,9.850740823649124,-2.8170626452652816,40.561900718659544,18.676755812709633
27.43,9.217320825869145,-3.328737998284388,39.882445398781755,18.676755812709633
27.435000000000002,8.589747141913215,-3.7668647885393858,39.198762069923404,18.676755812709633
27.44,7.971868771775706,-4.13549057409451,38.51476246489686,18.676755812709633
27.445,7.367279178929693,-4.441040428469684,37.835129772545095,18.676755812709633
27.45,6.776174797657412,-4.688334186705217,37.167237353863385,18.676755812709633
27.455000000000002,6.203356050726532,-4.881526199027066,36.512962421451675,18.676755812709633
27.46,5.649206436217514,-5.02737470426409,35.872994081996644,18.676755812709633
27.465,5.116053936082302,-5.131532789183257,35.252606090786195,18.676755812709633
27.47,4.603632850689379,-5.197273800866652,34.65139921781018,18.676755812709633
27.475,4.114602156131709,-5.231028972009176,34.06975000217491,18.676755812709633
27.48,3.646432941683005,-5.236188832146621,33.50850189292407,18.676755812709633
27.485,3.2022535393725557,-5.216703829456981,32.965891885586416,18.676755812709633
27.490000000000002,2.7821495324771703,-5.178163560973071,32.44281445457613,18.676755812709633
27.495,2.3848272283351575,-5.120767841438923,31.936540728558388,18.676755812709633
27.5,2.009112683456321,-5.049256273937337,31.449335442451208,18.676755812709633
27.505,1.6562162412062587,-4.9657654299390925,30.978237600317275,18.676755812709633
27.51,1.3249566665860837,-4.872622767820062,30.525465821409007,18.676755812709633
27.515,1.0153110996806696,-4.7722544757296435,30.085436938090766,18.676755812709633
27.52,0.7266869605261719,-4.666082092466619,29.661394531671483,18.676755812709633
27.525000000000002,0.4577101710796106,-4.555293853378992,29.248515981362036,18.676755812709633
27.53,0.20742655847949493,-4.441605049573062,28.84963144665314,18.676755812709633
27.535,-0.024504667971881777,-4.3274262149731895,28.461187307352446,18.676755812709633
27.54,-0.24005098898458735,-4.2110739322790876,28.082870335784825,18.676755812709633
27.545,-0.43885045225807506,-4.096219794321645,27.713840366217756,18.676755812709633
27.55,-0.6220955925461688,-3.9834926574836977,27.354152107370062,18.676755812709633
27.555,-0.7892610738038761,-3.8719523800849416,27.001005889933186,18.676755812709633
27.560000000000002,-0.9446749775268167,-3.7633347944233857,26.655250094858886,18.676755812709633
27.565,-1.0852838643763305,-3.657922142596907,26.317345808725495,18.676755812709633
27.57,-1.21496242586918,-3.5545062311964872,25.98695061553713,18.676755812709633
27.575,-1.3330984875640854,-3.4564292374020793,25.66253247500253,18.676755812709633
27.580000000000002,-1.4396344174723776,-3.361498490410231,25.34249267872332,18.676755812709633
27.585,-1.5365879686040493,-3.2702445557972237,25.029240243148045,18.676755812709633
27.59,-1.6227701852104892,-3.1843066235703494,24.719962702986592,18.676755812709633
27.595,-1.7008216919839323,-3.1010408842201405,24.416243958816136,18.676755812709633
27.6,-1.7711299941352112,-3.0231742790861866,24.116712188599248,18.676755812709633
27.605,-1.8348504646607056,-2.947719399031854,23.82157344235166,18.676755812709633
27.61,-1.8901138580806387,-2.8781528621375365,23.53088942759995,18.676755812709633
27.615000000000002,-1.93944554985865,-2.813080453688652,23.243850181078336,18.676755812709633
27.62,-1.9826213607981702,-2.7516509462987395,22.962079415511234,18.676755812709633
27.625,-2.021695487806354,-2.693734107632374,22.68308906405525,18.676755812709633
27.63,-2.0533540358089866,-2.6398665106741492,22.40699896971001,18.676755812709633
27.635,-2.082576546530522,-2.5909563306229035,22.135593581672403,18.676755812709633
27.64,-2.1068368724022353,-2.545574076035321,21.867752689999055,18.676755812709633
27.645,-2.1286236971679457,-2.5046338384285782,21.603087415247987,18.676755812709633
27.650000000000002,-2.146810476446278,-2.4659849302602255,21.342244936342073,8.035704804528054
27.655,-2.1629084348439562,-2.4841019185889617,21.083337515534467,8.035704804528054
27.66,-2.1777423715857376,-2.5051884821024935,20.829578583357332,8.035704804528054
27.665,-2.194285015728014,-2.529188513396073,20.578208446942103,8.035704804528054
27.67,-2.2118248059773418,-2.558483589475941,20.331583900445175,8.035704804528054
27.675,-2.228764214202551,-2.5899998756031968,20.08889069188502,8.035704804528054
27.68,-2.248067714605064,-2.624773121659215,19.849205082409288,8.035704804528054
27.685000000000002,-2.266987487628101,-2.6628773978167235,19.61361956492031,8.035704804528054
27.69,-2.2882887466165305,-2.705174217949892,19.382833334828877,8.035704804528054
27.695,-2.3091506848870327,-2.749216318283319,19.154820201927958,8.035704804528054
27.7,-2.330287536062745,-2.797354275045264,18.93072615728101,8.035704804528054
27.705000000000002,-2.353845739710097,-2.8483944541194766,18.70932819395811,8.035704804528054
27.71,-2.3785419314970087,-2.9025884688153076,18.49301065165241,8.035704804528054
27.715,-2.4049948333182676,-2.960481480463173,18.280550210879316,8.035704804528054
27.72,-2.431802441722061,-3.022203838928545,18.07306130509161,8.035704804528054
27.725,-2.462684653712403,-3.0873126595943576,17.869587276605817,8.035704804528054
27.73,-2.494211459191003,-3.1573630382360967,17.66845416866994,8.035704804528054
27.735,-2.527487265061349,-3.2305046132830713,17.473019569093815,8.035704804528054
27.740000000000002,-2.5622497786964082,-3.3069253581133937,17.281135564957143,8.035704804528054
27.745,-2.598250361749579,-3.3888633275970768,17.092006078856905,8.035704804528054
27.75,-2.637740674593623,-3.4726932751196626,16.908108280341896,8.035704804528054
27.755,-2.678907883361766,-3.5605618033993256,16.73031652644359,8.035704804528054
27.76,-2.724117250671689,-3.6546047430046236,16.554668729015635,8.035704804528054
27.765,-2.770072164517108,-3.753456988969232,16.382772166870534,8.035704804528054
27.77,-2.8196968534669855,-3.8546514820053126,16.217073524673,8.035704804528054
27.775000000000002,-2.871597334401758,-3.9602305072154325,16.055767576496102,8.035704804528054
27.78,-2.926449648035281,-4.071466935800479,15.899578222280969,8.035704804528054
27.785,-2.9843181653266018,-4.189120154115637,15.748493121343794,8.035704804528054
27.79,-3.043490431104318,-4.309810808037457,15.601200745559895,8.035704804528054
27.795,-3.107215721208611,-4.436780767659847,15.458952642773294,8.035704804528054
27.8,-3.17471053286283,-4.57049841452315,15.32110951249741,8.035704804528054
27.805,-3.2451790267113,-4.708575076890807,15.190997264295614,8.035704804528054
27.810000000000002,-3.3182797268396715,-4.852194367700513,15.064953695216575,8.035704804528054
27.815,-3.3963889577241555,-5.002497336900185,14.943659775945832,8.035704804528054
27.82,-3.4762862808669017,-5.1599968305313455,14.829977058281656,8.035704804528054
27.825,-3.5603972856968484,-5.323156048152982,14.72215374799319,8.035704804528054
27.830000000000002,-3.648670760734426,-5.492413484132444,14.621388037182552,8.035704804528054
27.835,-3.7396748416001286,-5.667408777712642,14.526057019052894,8.035704804528054
27.84,-3.8350518621167504,-5.850577385554594,14.438905364956351,8.035704804528054
27.845,-3.9349413246941594,-6.040102838280057,14.357856261877785,8.035704804528054
27.85,-4.038838334702141,-6.237411903340618,14.28440462479663,8.035704804528054
27.855,-4.148323485291548,-6.442212502625016,14.219772921588046,8.035704804528054
27.86,-4.263367678680668,-6.655509814034443,14.164248371824058,8.035704804528054
27.865000000000002,-4.382788773255047,-6.876434547712693,14.117024277654835,8.035704804528054
27.87,-4.508953419239811,-7.105928983982421,14.079436243136655,8.035704804528054
27.875,-4.640362374503685,-7.344342587295206,14.051458814508424,8.035704804528054
27.88,-4.774816138305086,-7.592639330626791,14.035325421905362,8.035704804528054
27.885,-4.91647005809242,-7.84740882060476,14.028992110121582,8.035704804528054
27.89,-5.062932636397563,-8.112092905744886,14.036234129804198,8.035704804528054
27.895,-5.215666712204057,-8.384529085832522,14.053760976662677,8.035704804528054
27.900000000000002,-5.374585992550526,-8.665955701924503,14.084062435149665,8.035704804528054
27.905,-5.5392982707176,-8.957223570068843,14.129604784969073,8.035704804528054
27.91,-5.710842518020167,-9.25655306302943,14.188206864833177,8.035704804528054
27.915,-5.88881695168162,-9.563794005258263,14.26354313290142,8.035704804528054
27.92,-6.072085189254855,-9.881691604083844,14.355381211268,8.035704804528054
27.925,-6.262968623493495,-10.206401559651447,14.464568486870807,8.035704804528054
27.93,-6.4595130259758555,-10.53889439599716,14.590582000617676,8.035704804528054
27.935000000000002,-6.663260574548195,-10.879043045957324,14.73736305578964,8.035704804528054
27.94,-6.873944809550716,-11.227041712326768,14.902707614841015,8.035704804528054
27.945,-7.0928749746486375,-11.580355738064082,15.090499727822948,-22.428142367868702
27.95,-7.317728571409802,-12.092584468554541,15.300348809424502,-22.428142367868702
27.955000000000002,-7.557016344026166,-12.607794622177774,15.5384478127651,-22.428142367868702
27.96,-7.80882676136143,-13.126880275051098,15.807900493407034,-22.428142367868702
27.965,-8.074752885400269,-13.649805739610148,16.1100131205683,-22.428142367868702
27.97,-8.353925838722471,-14.173737032206832,16.448223172414508,-22.428142367868702
27.975,-8.644105329358517,-14.697489708306465,16.8198516573906,-22.428142367868702
27.98,-8.946105345511674,-15.219892417241795,17.23111397199658,-22.428142367868702
27.985,-9.260788805560443,-15.737004562915914,17.681482656066112,-22.428142367868702
27.990000000000002,-9.584652069775549,-16.24931025184162,18.174547380369752,-22.428142367868702
27.995,-9.918756093972474,-16.75138428076761,18.71123235908608,-22.428142367868702
28.0,-10.25914508470419,-17.242587421350475,19.292895966314315,-22.428142367868702
28.005,-10.60780230871709,-17.71479698952002,19.92172002562667,-22.428142367868702
28.01,-10.963249298070332,-18.165908876810036,20.595698086657933,-22.428142367868702
28.015,-11.322777976458607,-18.593119814084723,21.317413443646775,-22.428142367868702
28.02,-11.686896167016442,-18.990133247363584,22.085149861575832,-22.428142367868702
28.025000000000002,-12.051867486668629,-19.353389566555204,22.90014663402524,-22.428142367868702
28.03,-12.418096560917277,-19.675923335597528,23.761149137955805,-22.428142367868702
28.035,-12.781361680353774,-19.95245960212607,24.66609260144032,-22.428142367868702
28.04,-13.139802252428474,-20.177400527793328,25.613334350762543,-22.428142367868702
28.045,-13.49211456893136,-20.344945113391418,26.59895873365087,-22.428142367868702
28.05,-13.835061042655438,-20.449912985570258,27.6179614124515,-22.428142367868702
28.055,-14.16511523484413,-20.485839886112828,28.664059479879974,-22.428142367868702
28.060000000000002,-14.480967820082077,-20.44820072857898,29.73236059176917,-22.428142367868702
28.065,-14.78006424249243,-20.33281240364489,30.817213714693533,-22.428142367868702
28.07,-15.057224722642156,-20.13524761478177,31.90933873561433,-22.428142367868702
28.075,-15.310607941255265,-19.85125421417797,32.99992913520888,-22.428142367868702
28.080000000000002,-15.538004036375964,-19.48162517092933,34.07961099053378,-22.428142367868702
28.085,-15.735321384842388,-19.02376266456672,35.13746313155545,-22.428142367868702
28.09,-15.898775930398129,-18.47945112859557,36.16551292590443,-22.428142367868702
28.095,-16.027977204289165,-17.849165453956495,37.1513030707513,-22.428142367868702
28.1,-16.119290081022033,-17.138630135288025,38.0872057340775,-22.428142367868702
28.105,-16.170396339330736,-16.352965215174343,38.960619781352314,-22.428142367868702
28.11,-16.179681478613887,-15.496061098112909,39.76498830763728,-22.428142367868702
28.115000000000002,-16.14543452650714,-14.578002263829735,40.48709475192058,-22.428142367868702
28.12,-16.067945003016643,-13.609348914400307,41.1246992367866,-22.428142367868702
28.125,-15.945390915199548,-12.600931582331754,41.67053226162017,-22.428142367868702
28.13,-15.777795650892521,-11.5599141510232,42.11816173235191,-22.428142367868702
28.135,-15.566496412050059,-10.500876241175327,42.469159538618605,-22.428142367868702
28.14,-15.313811273705825,-9.433692868401332,42.720057454777304,-22.428142367868702
28.145,-15.021426903013463,-8.372345932543755,42.87189308670014,-22.428142367868702
28.150000000000002,-14.6884098745804,-7.324751264365427,42.92864733318477,-22.428142367868702
28.155,-14.32037237854269,-6.303994618506649,42.894174638928284,-22.428142367868702
28.16,-13.92013105761043,-5.318538629963222,42.773499296835375,-22.428142367868702
28.165,-13.488538963218147,-4.374033628199,42.572233485089356,-22.428142367868702
28.17,-13.032894604418278,-3.4817310124015384,42.29964510021066,-22.428142367868702
28.175,-12.554499588672144,-2.644083680546289,41.962844864955954,-22.428142367868702
28.18,-12.058819047139849,-1.8667848661982338,41.56956148466026,-22.428142367868702
28.185000000000002,-11.549629776989626,-1.1511841202134074,41.12697619924981,-22.428142367868702
28.19,-11.030534297388298,-0.49936642766307415,40.64601501658732,-22.428142367868702
28.195,-10.505494476976587,0.08815163707733786,40.130999135628,-22.428142367868702
28.2,-9.97653333020006,0.6130532912743767,39.59064492699242,-22.428142367868702
28.205000000000002,-9.448796077998487,1.0753704693787942,39.03184245528891,-22.428142367868702
28.21,-8.92350800671473,1.4801600755887692,38.458983326403285,-22.428142367868702
28.215,-8.403575103843668,1.8261356194120737,37.87986014840824,-22.428142367868702
28.22,-7.891932253499186,2.1201399738939077,37.29962501374296,-22.428142367868702
28.225,-7.391310820770237,2.3631342486209994,36.72000082443483,-22.428142367868702
28.23,-6.902973805363523,2.560604775051081,36.14381982467399,-22.428142367868702
28.235,-6.430450485253691,2.716514366791151,35.573485970445006,-22.428142367868702
28.240000000000002,-5.973105700088498,2.834111103800709,35.011690210925565,-22.428142367868702
28.245,-5.533457764127462,2.9162516761330664,34.46031150104737,-22.428142367868702
28.25,-5.11082841086538,2.967808523638279,33.92103350724282,-22.428142367868702
28.255,-4.7065941423808875,2.9917827434757083,33.39309179734093,-22.428142367868702
28.26,-4.322783138142098,2.991633831240612,32.8775373367324,-22.428142367868702
28.265,-3.956776839024742,2.969269441717032,32.37325656284611,-22.428142367868702
28.27,-3.6112489457120156,2.9290563849062248,31.883796060749752,-22.428142367868702
28.275000000000002,-3.2843279625036064,2.872507899264796,31.40662308910439,-22.428142367868702
28.28,-2.9769498614479897,2.8008327943523046,30.941553262666257,-22.428142367868702
28.285,-2.687227700674283,2.7181436098295113,30.485409117143636,-22.428142367868702
28.29,-2.4159328798791697,2.6273026961734525,30.04358183877781,-22.428142367868702
28.295,-2.164066318298514,2.527317496695491,29.611840511657118,-22.428142367868702
28.3,-1.9303170121302657,2.420792393967986,29.190594082164175,-22.428142367868702
28.305,-1.713308198037726,2.3083914297123163,28.778137824132525,-22.428142367868702
28.310000000000002,-1.511507594141092,2.190437615445082,28.37360002115572,-22.428142367868702
28.315,-1.3267988638948558,2.0704315002568663,27.979117110997343,-22.428142367868702
28.32,-1.1567310091584613,1.9472982561011842,27.59240981802431,-22.428142367868702
28.325,-1.0010826939090998,1.8237877040694859,27.21311086297464,-22.428142367868702
28.330000000000002,-0.860078410690658,1.6981763656579738,26.84054925893744,-22.428142367868702
28.335,-0.7319831256125284,1.5730173972400334,26.47435496870513,-22.428142367868702
28.34,-0.6175548625329026,1.4474450666610656,26.11451430866851,-22.428142367868702
28.345,-0.5147280332509678,1.3220663214010728,25.76173841514727,-22.428142367868702
28.35,-0.42284856125927367,1.1979667911609522,25.414304761050463,-22.428142367868702
28.355,-0.3417464905722749,1.0736192172038455,25.073974583464345,-22.428142367868702
28.36,-0.27176055966996654,0.9498523717880528,24.738281884859767,-22.428142367868702
28.365000000000002,-0.21033809104827456,0.8290320433186986,24.40695221940319,-22.428142367868702
28.37,-0.15815722257581316,0.7096331416476073,24.079929089702105,-22.428142367868702
28.375,-0.11471030807146923,0.5902586452867242,23.758448783652412,-22.428142367868702
28.38,-0.07845720009644011,0.47315896884774966,23.44042644828969,-22.428142367868702
28.385,-0.05019897897595384,0.35702033137168143,23.126540608980754,-22.428142367868702
28.39,-0.03022285552387862,0.240423508755154,22.817762523103795,-22.428142367868702
28.395,-0.016588382788776744,0.12611805991733105,22.512668043547613,-22.428142367868702
28.400000000000002,-0.009297190978069109,0.012588344222030437,22.213635343408978,-22.428142367868702
28.405,-0.008212927654016988,-0.10048476459987199,21.917347508376718,-22.428142367868702
28.41,-0.012136267108591697,-0.21304150731402882,21.625642066762822,-22.428142367868702
28.415,-0.021996367821361752,-0.32433060757180265,21.33696430378399,-22.428142367868702
28.42,-0.037589261392935266,-0.435005341571411,21.05256424059073,-22.428142367868702
28.425,-0.05711145062612909,-0.5460357448765847,20.77137045643054,-22.428142367868702
28.43,-0.0806964197664766,-0.6576522884816143,20.495449098644425,-22.428142367868702
28.435000000000002,-0.10941146193555135,-0.7702048089885881,20.222129707747957,-22.428142367868702
28.44,-0.14269149896378025,-0.8835047665483052,19.953662530972913,-22.428142367868702
28.445,-0.17966396228710124,-0.9970924797560714,19.687110647442562,-22.428142367868702
28.45,-0.22086347373359874,-1.1119945898847154,19.425585677422063,-22.428142367868702
28.455000000000002,-0.2647446896431315,-1.2294211921160096,19.166411498885925,-22.428142367868702
28.46,-0.3135578424894274,-1.3461214205112968,18.912337644856684,-22.428142367868702
28.465,-0.3664839367919668,-1.4651476558837948,18.66208584853288,-22.428142367868702
28.47,-0.4220491459070601,-1.5864847890538565,18.415459145345263,-22.428142367868702
28.475,-0.47907428032407384,-1.710866594695453,18.17271907532757,-22.428142367868702
28.48,-0.5411952935346475,-1.8368107539796632,17.93448093293845,-22.428142367868702
28.485,-0.6077398987044897,-1.9668847707929555,17.70021408200682,-22.428142367868702
28.490000000000002,-0.676712376670207,-2.1004653481225457,17.469800012024745,-22.428142367868702
28.495,-0.7476940386178319,-2.2385085728293306,17.242359882825287,-22.428142367868702
28.5,-0.8233186925317405,-2.3800663910184,17.020959912705692,-22.428142367868702
28.505,-0.9007264313683533,-2.5260905842504275,16.80287892993678,-22.428142367868702
28.51,-0.9833392675903605,-2.6753554616419506,16.589915134212003,-22.428142367868702
28.515,-1.0691009099719186,-2.829879653917188,16.381180681896605,-22.428142367868702
28.52,-1.1568867329443038,-2.9908463275322252,16.17776784788032,-22.428142367868702
28.525000000000002,-1.2480163711191203,-3.157396896165686,15.979627264522996,-22.428142367868702
28.53,-1.3437613066528398,-3.32804717390974,15.785962248001804,-22.428142367868702
28.535,-1.4438863735057612,-3.5060543036364082,15.597870082589823,-22.428142367868702
28.54,-1.5479038635269264,-3.6897402526879346,15.414786763087994,-22.428142367868702
28.545,-1.6558702494394026,-3.8818369180463397,15.236670575184265,-22.428142367868702
28.55,-1.7666335577391215,-4.079977210845651,15.066008314646712,-22.428142367868702
28.555,-1.883222391517469,-4.285958759478296,14.901163101116493,-22.428142367868702
28.560000000000002,-2.003830597192779,-4.500645245320607,14.742563968934546,-22.428142367868702
28.565,-2.128083097926045,-4.7236550870850005,14.590724790478863,-22.428142367868702
28.57,-2.2574942623968455,-4.955088195377046,14.445536498015215,-22.428142367868702
28.575,-2.392581424645184,-5.194975117670569,14.308696700709715,-22.428142367868702
28.580000000000002,-2.5330748401917402,-5.444001152195891,14.180335427752569,-22.428142367868702
28.585,-2.6778807254055157,-5.7035567665097435,14.060117198638778,-22.428142367868702
28.59,-2.8294456818226035,-5.973383868603156,13.949090302082848,-22.428142367868702
28.595,-2.9877033990642654,-6.2557111593348536,13.846558689756241,-22.428142367868702
28.6,-3.1512522362987316,-6.548759720007277,13.754683219040311,-22.428142367868702
28.605,-3.3213310440236192,-6.852596779495302,13.672225818951427,-22.428142367868702
28.61,-3.4975833697747496,-7.1677961150220275,13.604366429723953,-22.428142367868702
28.615000000000002,-3.681189728678929,-7.494706426437394,13.547469830454494,-22.428142367868702
28.62,-3.8707711149711668,-7.834937730321944,13.50356609893719,-22.428142367868702
28.625,-4.06877703846683,-8.189566405124976,13.475343487318737,-22.428142367868702
28.63,-4.274577935149412,-8.556447878675796,13.461656801372687,-22.428142367868702
28.635,-4.490624672054909,-8.936918901956277,13.46538918201097,-22.428142367868702
28.64,-4.712577640814224,-9.331233747196954,13.487215191617185,-22.428142367868702
28.645,-4.943423674546943,-9.739234550614887,13.527651341894513,-22.428142367868702
28.650000000000002,-5.1837389877035065,-10.159928841575862,13.587141170031522,-22.428142367868702
28.655,-5.432071640678469,-10.595127774749104,13.669050627526968,-22.428142367868702
28.66,-5.689540662011401,-11.043315831723845,13.774146611779333,-22.428142367868702
28.665,-5.957040780162567,-11.505007245759664,13.90452198537224,-22.428142367868702
28.67,-6.234043256027581,-11.978735844320067,14.061498018797284,-22.428142367868702
28.675,-6.520740200786929,-12.465061330992887,14.247616780826268,-22.428142367868702
28.68,-6.817714984509323,-12.963857868382917,14.46272081609151,-22.428142367868702
28.685000000000002,-7.124433487689789,-13.472516666336114,14.711681610909169,-22.428142367868702
28.69,-7.440870713905055,-13.990266699910181,14.99595786338636,-22.428142367868702
28.695,-7.768935321819797,-14.517659201423356,15.318147833139959,-22.428142367868702
28.7,-8.106259295356546,-15.05022854784818,15.677196085030062,-22.428142367868702
28.705000000000002,-8.453099168728807,-15.587305124354408,16.077836959914364,-22.428142367868702
28.71,-8.809841153572792,-16.12579964198969,16.522100758742383,-22.428142367868702
28.715,-9.176479331948647,-16.662956400894053,17.011328840387996,-22.428142367868702
28.72,-9.550905500516379,-17.195023772968348,17.549305270523735,-22.428142367868702
28.725,-9.933139543565721,-17.720392174944774,18.13761893738537,-22.428142367868702
28.73,-10.323166628694153,-18.233972410612797,18.77648916962337,-22.428142367868702
28.735,-10.718492366494047,-18.73128121930384,19.466449879566763,-22.428142367868702
28.740000000000002,-11.11905730600388,-19.208028636392775,20.209903806957975,-22.428142367868702
28.745,-11.522722825269009,-19.6579695678657,21.00739789149534,-22.428142367868702
28.75,-11.928668802846957,-20.07479061335584,21.85920579227346,-22.428142367868702
28.755,-12.33572689633655,-20.453470167547632,22.76475863740032,-22.428142367868702
28.76,-12.742001833157943,-20.785433059624324,23.721929725729215,-22.428142367868702
28.765,-13.144576754126364,-21.06513094602859,24.728842110008927,-22.428142367868702
28.77,-13.541821753392663,-21.28703523900618,25.783512787183195,-22.428142367868702
28.775000000000002,-13.929352076352036,-21.443573933072553,26.88142899357343,-22.428142367868702
28.78,-14.306639789623873,-21.52505702917415,28.01659712666163,-22.428142367868702
28.785,-14.667121108327885,-21.52776318920807,29.18158423637494,-22.428142367868702
28.79,-15.009692367748896,-21.446335296410155,30.369709356763458,-22.428142367868702
28.795,-15.330791224936954,-21.273766583485376,31.572587602882766,-22.428142367868702
28.8,-15.628320775085884,-21.006641220065706,32.781598469875306,-22.428142367868702
28.805,-15.896434709415706,-20.64078508869482,33.986755604253794,-22.428142367868702
28.810000000000002,-16.13289920485517,-20.175288777050504,35.17429557113005,-22.428142367868702
28.815,-16.335328402282098,-19.607546576762516,36.333142230620695,-22.428142367868702
28.82,-16.498337522062517,-18.9417648022952,37.449536974115155,-22.428142367868702
28.825,-16.619553079982197,-18.17988750808469,38.51265629156199,-22.428142367868702
28.830000000000002,-16.697217185234585,-17.328206662435715,39.51014193836258,-22.428142367868702
28.835,-16.729273233125543,-16.392070457786193,40.429676446007726,-22.428142367868702
28.84,-16.711514853019224,-15.382281461525913,41.26214982148635,-22.428142367868702
28.845,-16.644821323849676,-14.310247829722801,41.99764591743801,-22.428142367868702
28.85,-16.529069817722544,-13.186010300039626,42.62783189637026,-22.428142367868702
28.855,-16.36090265627921,-12.021650951296742,43.150976645918995,-22.428142367868702
28.86,-16.143807003798106,-10.834332163588984,43.55854749174416,-22.428142367868702
28.865000000000002,-15.877672181580783,-9.636663091929247,43.85231381034159,-22.428142367868702
28.87,-15.564769704836344,-8.443701524867437,44.03322668669638,-22.428142367868702
28.875,-15.208565372186818,-7.265784762390719,44.10314602964373,-22.428142367868702
28.88,-14.811368628978627,-6.116701622665297,44.06789904887133,-22.428142367868702
28.885,-14.376653931470276,-5.008654015116476,43.93338599748526,-22.428142367868702
28.89,-13.908331966497741,-3.9494345821629513,43.707705718999776,-22.428142367868702
28.895,-13.410144892573241,-2.950035931592869,43.39901420159535,-22.428142367868702
28.900000000000002,-12.886672135392217,-2.014888353118919,43.01752338474433,-22.428142367868702
28.905,-12.342849060193945,-1.1492075110095277,42.57324300915889,-22.428142367868702
28.91,-11.785160767573164,-0.35637970041278555,42.07770318575191,-22.428142367868702
28.915,-11.213095470313528,0.36339411899460217,41.5379338723241,-22.428142367868702
28.92,-10.634480612120898,1.0079053849647406,40.964408556486035,-22.428142367868702
28.925,-10.052770689622012,1.5801824774024453,40.36396947137216,-22.428142367868702
28.93,-9.471660759125538,2.082119931947095,39.74658821128805,-22.428142367868702
28.935000000000002,-8.894451866369522,2.515555305269143,39.11748448470427,-22.428142367868702
28.94,-8.325015586810578,2.885716370116277,38.48378629171765,-22.428142367868702
28.945,-7.7641125372312585,3.1964048844940516,37.85076886718864,-22.428142367868702
28.95,-7.215853352412903,3.4518720913068583,37.22095762587883,-22.428142367868702
28.955000000000002,-6.684231184618696,3.655153079547389,36.60014287990337,-22.428142367868702
28.96,-6.167434218130521,3.8112885010733146,35.990580397459084,-22.428142367868702
28.965,-5.669192278126928,3.9267422188266132,35.39239268432981,-22.428142367868702
28.97,-5.189253972750413,4.00321307271784,34.80958616743786,-22.428142367868702
28.975,-4.729567940950021,4.048755546800994,34.241814840337035,-22.428142367868702
28.98,-4.290830178610973,4.063801282170955,33.69069726904209,-22.428142367868702
28.985,-3.8722719335324802,4.053231806747191,33.15507458600483,-22.428142367868702
28.990000000000002,-3.4769404368929155,4.018998908615689,32.635047781744575,-22.428142367868702
28.995,-3.1006531988386667,3.9670021688767574,32.129568611495074,-22.428142367868702
29.0,-2.7465998127228795,3.8990827168573183,31.63955270482913,-22.428142367868702
29.005,-2.414498321462081,3.8173628978521754,31.163860632282702,-22.428142367868702
29.01,-2.1020874406646737,3.7246346429574606,30.702306209343835,-22.428142367868702
29.015,-1.8100952689881695,3.6236110075646555,30.253178204062944,-22.428142367868702
29.02,-1.5375693144671205,3.513764009543802,29.816082151923595,-22.428142367868702
29.025000000000002,-1.2857412063833533,3.397361470642631,29.391029807004628,-22.428142367868702
29.03,-1.0524778408128497,3.2760296351010267,28.978832200574463,-22.428142367868702
29.035,-0.8369126165058018,3.1521903946337586,28.575666517931715,-22.428142367868702
29.04,-0.6371814009957688,3.0269455698585137,28.181474382706686,-22.428142367868702
29.045,-0.4538010903801348,2.8999356578826934,27.796381342734637,-22.428142367868702
29.05,-0.2864523484106614,2.7734300150574605,27.41912785685069,-22.428142367868702
29.055,-0.1330176043137371,2.6474354842553254,27.04945810959191,-22.428142367868702
29.060000000000002,0.0056312607001917925,2.520130834282042,26.68636034378852,-22.428142367868702
29.065,0.1336504558973028,2.3952874908050434,26.32970043685637,-22.428142367868702
29.07,0.2467887453990935,2.271413146082273,25.980495490148446,-22.428142367868702
29.075,0.34859733403401527,2.1503316211523464,25.6381097767508,-22.428142367868702
29.080000000000002,0.4380231580426609,2.0320990369045138,25.298910097765944,-22.428142367868702
29.085,0.5172382733282429,1.9168383769058388,24.96697245788033,-22.428142367868702
29.09,0.5885368297386213,1.8032736729498688,24.638909792262304,19.0697516369507
29.095,0.649808763449979,1.8988142723204702,24.31624690277544,19.0697516369507
29.1,0.7120805043273022,1.996514677544456,23.99810120882084,19.0697516369507
29.105,0.7760641950430208,2.096721003119512,23.685152475788694,19.0697516369507
29.11,0.8421837576834631,2.197866793256147,23.37693835708076,19.0697516369507
29.115000000000002,0.9084344630570634,2.301622187694887,23.07470330470158,19.0697516369507
29.12,0.9781816841519287,2.408768430658866,22.779062254577187,19.0697516369507
29.125,1.0489031708847625,2.5176441227030013,22.48737419534822,19.0697516369507
29.13,1.1231050854731688,2.629317519399572,22.20058883581344,19.0697516369507
29.135,1.199620632964074,2.742618277312767,21.919233606268822,19.0697516369507
29.14,1.276120877843541,2.8598621413587075,21.643967433352152,19.0697516369507
29.145,1.3564974661042377,2.981655536964647,21.372722448708032,19.0697516369507
29.150000000000002,1.4361323089504516,3.1078646966518453,21.107302102043036,19.0697516369507
29.155,1.5203156669436504,3.2376504954431202,20.84836054472069,19.0697516369507
29.16,1.6050521181661568,3.3702133318031713,20.595213078648516,19.0697516369507
29.165,1.694430905619072,3.508524647083719,20.347651910570356,19.0697516369507
29.17,1.7852500568552534,3.6516148515436533,20.104402193032204,19.0697516369507
29.175,1.8782540724572598,3.7995131229536776,19.86872929278451,19.0697516369507
29.18,1.9744746970906062,3.9511504319141393,19.63961678534033,19.0697516369507
29.185000000000002,2.073400903070783,4.110341942517459,19.41697009272251,19.0697516369507
29.19,2.1758541860834266,4.273528047591516,19.200182627113072,19.0697516369507
29.195,2.2814997601039666,4.441916751016878,18.99113138866225,19.0697516369507
29.2,2.3898311874211746,4.618063575628751,18.789192147462916,19.0697516369507
29.205000000000002,2.501630979939809,4.800542820181631,18.594427360881642,19.0697516369507
29.21,2.6169873832587442,4.990403566091979,18.407193091023565,19.0697516369507
29.215,2.7344844100539953,5.186404874143061,18.226485473253106,19.0697516369507
29.22,2.85709600821179,5.38920322707547,18.054921402680844,19.0697516369507
29.225,2.9832607917792444,5.599687343590194,17.891590635973227,19.0697516369507
29.23,3.1158613567239275,5.81727783741552,17.7361376718931,19.0697516369507
29.235,3.2513536965832555,6.041791509012717,17.590214900018893,19.0697516369507
29.240000000000002,3.390727555163434,6.275379538360662,17.453796220726858,19.0697516369507
29.245,3.5356571558261223,6.517707323932244,17.327381672123952,19.0697516369507
29.25,3.6853572522670555,6.7678599325902615,17.211625414656947,19.0697516369507
29.255,3.8401623435507872,7.029389833433827,17.106881907386686,19.0697516369507
29.26,4.000324689160159,7.299274767265827,17.013949016943126,19.0697516369507
29.265,4.165012471506271,7.57676210015117,16.93316873754478,19.0697516369507
29.27,4.336749422299463,7.864174142748597,16.867165735005013,19.0697516369507
29.275000000000002,4.51366271367542,8.16066304073968,16.812852210871498,19.0697516369507
29.28,4.695347190930521,8.466966225703304,16.772002236185795,19.0697516369507
29.285,4.883251133235483,8.783847623891589,16.74697476260983,19.0697516369507
29.29,5.078512422018546,9.109705044178044,16.737278118083417,19.0697516369507
29.295,5.279827138844329,9.445141192400275,16.74476333537533,19.0697516369507
29.3,5.489330081800665,9.789821862205834,16.771460374469207,19.0697516369507
29.305,5.704028416334898,10.144323785510215,16.81607766115435,19.0697516369507
29.310000000000002,5.925453022100485,10.507845890744585,16.88223268329875,19.0697516369507
29.315,6.153865980600949,10.880224060938392,16.9686199372864,19.0697516369507
29.32,6.389814656426484,11.259950450514967,17.077548153568774,19.0697516369507
29.325,6.632607214004966,11.648250458655571,17.209799067399732,19.0697516369507
29.330000000000002,6.8845110544286365,12.043546677999256,17.36682099816378,19.0697516369507
29.335,7.141938969239827,12.444057961567523,17.549068647980498,19.0697516369507
29.34,7.406762941886035,12.852097280026657,17.75953542944955,19.0697516369507
29.345,7.679439577617275,13.2620634204137,17.9986277822417,19.0697516369507
29.35,7.957735193430083,13.674584813380864,18.267812847455158,19.0697516369507
29.355,8.24377993788606,14.087578729566273,18.567002613505103,19.0697516369507
29.36,8.535889743937657,14.5012692819586,18.899965007157288,19.0697516369507
29.365000000000002,8.835042021264547,14.912290298302514,19.26763881551631,19.0697516369507
29.37,9.138383347153402,15.319234072337743,19.668513180993582,19.0697516369507
29.375,9.447142288888621,15.719714469767771,20.106849894395328,19.0697516369507
29.38,9.761198569132493,16.108812193193927,20.581824745194005,19.0697516369507
29.385,10.079774223324824,16.48641956923201,21.09368394681329,19.0697516369507
29.39,10.400570481894933,16.84725796979105,21.641832140726834,19.0697516369507
29.395,10.72310658775294,17.189174345409413,22.231257876308977,19.0697516369507
29.400000000000002,11.047049976134534,17.507633642043444,22.855924923586578,19.0697516369507
29.405,11.368795063598037,17.799956037935452,23.517141401879968,19.0697516369507
29.41,11.690531756856318,18.061923614668626,24.214989390211574,19.0697516369507
29.415,12.007052807370671,18.290739014922764,24.94886217429318,19.0697516369507
29.42,12.321826886569296,18.478166432572756,25.714194961164782,19.0697516369507
29.425,12.6295161724388,18.62249568874254,26.509805093501917,19.0697516369507
29.43,12.929324543477383,18.71880970225637,27.33193561868922,19.0697516369507
29.435000000000002,13.217350948323704,18.764239490686187,28.178447019678835,19.0697516369507
29.44,13.494836732120508,18.754571343648276,29.042034905881202,19.0697516369507
29.445,13.758003787496357,18.68809645648572,29.92052468348499,19.0697516369507
29.45,14.004326975368322,18.557459630740976,30.807686615336504,19.0697516369507
29.455000000000002,14.232075302887836,18.363121888312904,31.69653346665952,19.0697516369507
29.46,14.43778456552778,18.104808089537265,32.581244046582064,19.0697516369507
29.465,14.621415915298034,17.77933041758667,33.45206392965185,19.0697516369507
29.47,14.779045038033766,17.387567349776816,34.30576592524376,19.0697516369507
29.475,14.908408990538879,16.930560416549806,35.133021025983496,19.0697516369507
29.48,15.008854703371385,16.40906561158006,35.92629793958229,19.0697516369507
29.485,15.07884280161153,15.82699314130465,36.67921298203415,19.0697516369507
29.490000000000002,15.117452037750942,15.189696412790582,37.38315289540594,19.0697516369507
29.495,15.120914450924856,14.499265713522789,38.03259707020338,19.0697516369507
29.5,15.090559663147497,13.762918195584902,38.621895670083816,19.0697516369507
29.505,15.023737693817385,12.987328465268698,39.14436434728882,19.0697516369507
29.51,14.921629788872558,12.181199537115834,39.59843992196155,19.0697516369507
29.515,14.784203969062187,11.350836077687168,39.97911125586659,19.0697516369507
29.52,14.612134184853883,10.503430020311388,40.285335717391504,19.0697516369507
29.525000000000002,14.406566097814041,9.648733334660163,40.51473078107257,19.0697516369507
29.53,14.168775298360915,8.795167401745639,40.670106602857025,19.0697516369507
29.535,13.900673599661582,7.948205431668814,40.75053771855554,19.0697516369507
29.54,13.603079020953707,7.118562945765653,40.76009000261281,19.0697516369507
29.545,13.280474948570342,6.310695807019263,40.70148459649013,19.0697516369507
29.55,12.932869635058024,5.530409872348185,40.577895491636625,19.0697516369507
29.555,12.561895329735373,4.7843249632235985,40.393546134139356,19.0697516369507
29.560000000000002,12.172230401392447,4.077163194342556,40.153867023858204,19.0697516369507
29.565,11.766925775964497,3.4133213809575556,39.86674073885234,19.0697516369507
29.57,11.348833216871972,2.793098243570429,39.53672597807323,19.0697516369507
29.575,10.919785563200472,2.220267706355806,39.16818470802588,19.0697516369507
29.580000000000002,10.483875452125087,1.6956101965666535,38.76742614565546,19.0697516369507
29.585,10.045539122652034,1.2179003600517395,38.339491689594844,19.0697516369507
29.59,9.605228591571645,0.7877804158933416,37.88954538274906,19.0697516369507
29.595,9.163410103823198,0.40355780031953614,37.42236089337656,19.0697516369507
29.6,8.724793375326204,0.06505745132379231,36.9429337553101,19.0697516369507
29.605,8.291359223013405,-0.23074616655705282,36.453578145430455,19.0697516369507
29.61,7.866053523271276,-0.48644866753561433,35.9569709994622,19.0697516369507
29.615000000000002,7.448023335327276,-0.7007731752319961,35.45813703828662,19.0697516369507
29.62,7.04117958484661,-0.8803026248523194,34.959477312637304,19.0697516369507
29.625,6.645061208877681,-1.0262483320394096,34.46231891899656,19.0697516369507
29.63,6.2620322838091464,-1.1409717463512907,33.96855939667214,19.0697516369507
29.635,5.891794558415113,-1.2274067195772356,33.479976001840164,19.0697516369507
29.64,5.536978510033266,-1.2872428438282075,32.997392279110734,19.0697516369507
29.645,5.196069326737941,-1.3230040906915477,32.521572434201886,19.0697516369507
29.650000000000002,4.870387157248638,-1.3386478545020744,32.05279640822803,19.0697516369507
29.655,4.558123927241536,-1.3345769621033008,31.5914990834743,19.0697516369507
29.66,4.264048610171599,-1.315761040882777,31.13962742914087,19.0697516369507
29.665,3.9857634132030624,-1.2813403432212582,30.69728991915458,19.0697516369507
29.67,3.7225039309485695,-1.233518768580522,30.26187745860739,19.0697516369507
29.675,3.4742939774593857,-1.1739252643958444,29.835535885882912,19.0697516369507
29.68,3.2420030148731755,-1.1047604018085193,29.418224936287434,19.0697516369507
29.685000000000002,3.02656372102445,-1.026600987115667,29.009650023048845,19.0697516369507
29.69,2.8242383883385354,-0.9415889253054934,28.6095430370971,19.0697516369507
29.695,2.636727161946574,-0.8500727138864758,28.21351179447509,19.0697516369507
29.7,2.462457490274048,-0.7526006985451622,27.82493069397639,19.0697516369507
29.705000000000002,2.300480073258885,-0.6512044522904672,27.444839705859195,19.0697516369507
29.71,2.1529123308163176,-0.5440983895950331,27.071235300295438,19.0697516369507
29.715,2.0180323652917065,-0.43549318564333106,26.703469016776218,19.0697516369507
29.72,1.895575450806834,-0.3258993118114708,26.34274810101426,19.0697516369507
29.725,1.7843724653795032,-0.2123337941464037,25.98795731347026,19.0697516369507
29.73,1.6845860095078344,-0.09805575511026209,25.639335430335006,19.0697516369507
29.735,1.5953429808738457,0.016883802894054875,25.295915825947905,19.0697516369507
29.740000000000002,1.5153698976277252,0.13297687250808793,24.957825943886323,19.0697516369507
29.745,1.4457413245494373,0.24958970338222708,24.626995216418546,19.0697516369507
29.75,1.3864509263148075,0.3680297112429812,24.29941211142817,19.0697516369507
29.755,1.3362522904154444,0.4865373816822211,23.97796520415378,19.0697516369507
29.76,1.293366216289493,0.6072814938080453,23.661808027871835,19.0697516369507
29.765,1.2581889254742287,0.7287318073590987,23.350680213931593,19.0697516369507
29.77,1.2330613249667235,0.8495720970112821,23.045831655958477,19.0697516369507
29.775000000000002,1.2134349149781558,0.9724798571189874,22.74365361335295,19.0697516369507
29.78,1.2012979256358305,1.0945609377315018,22.446032575069953,19.0697516369507
29.785,1.1957761008561032,1.2167678628008052,22.153682708450404,19.0697516369507
29.79,1.1966826922577494,1.3407295682038178,21.8654875101691,19.0697516369507
29.795,1.204815009874215,1.4661685060223204,21.582012012936367,19.0697516369507
29.8,1.2189095217613737,1.5940985658801865,21.30227947013699,19.0697516369507
29.805,1.2386139161249863,1.7232600862086522,21.02938726177328,19.0697516369507
29.810000000000002,1.2611727270602973,1.851809109863188,20.75935838090942,19.0697516369507
29.815,1.2901520221852072,1.9835422201277242,20.494835795142624,19.0697516369507
29.82,1.325385246485284,2.1181534074817323,20.234445040203106,19.0697516369507
29.825,1.3653434802143927,2.254822196116289,19.978923518508005,19.0697516369507
29.830000000000002,1.4100202540923594,2.392737179169502,19.727070042613903,19.0697516369507
29.835,1.458900430058528,2.536213495788301,19.48057054386479,19.0697516369507
29.84,1.5130877034065355,2.6820518660743513,19.23818693346855,19.0697516369507
29.845,1.5718145008563793,2.8302721841903464,19.001786987546602,19.0697516369507
29.85,1.634739733993281,2.98324936167548,18.7702022646085,19.0697516369507
29.855,1.7031595357851128,3.1396123878547972,18.545616845413107,19.0697516369507
29.86,1.774952283756629,3.300284775726575,18.323722577040144,19.0697516369507
29.865000000000002,1.8517496305706762,3.4644558998230313,18.10882488086625,19.0697516369507
29.87,1.9337675716847156,3.633623638951875,17.899578894369803,19.0697516369507
29.875,2.0185165870325563,3.808005495527254,17.695855735148086,19.0697516369507
29.88,2.107433908781828,3.9890904206483278,17.49757288884093,19.0697516369507
29.885,2.2019248037702264,4.175357658882085,17.30629973960015,19.0697516369507
29.89,2.3001056922028353,4.367874856778843,17.120321877414167,19.0697516369507
29.895,2.4035034951469445,4.565962125934158,16.94144106518503,19.0697516369507
29.900000000000002,2.5126472308675907,4.771780516633154,16.769879764203235,19.0697516369507
29.905,2.6252874978214082,4.984859554825827,16.606175934854512,19.0697516369507
29.91,2.7432177723577826,5.206200657999285,16.451983816388722,19.0697516369507
29.915,2.8673882958926895,5.432599135857683,16.30396759731223,19.0697516369507
29.92,2.996274672241556,5.6686667124707295,16.163932908545505,19.0697516369507
29.925,3.129937243286755,5.913350817816095,16.0337594554472,19.0697516369507
29.93,3.269554480757968,6.166925881040816,15.912730692207893,19.0697516369507
29.935000000000002,3.4143810279265714,6.428508912148133,15.801988114879464,19.0697516369507
29.94,3.5656097794635864,6.700307623418378,15.70092075930824,19.0697516369507
29.945,3.7225004917567404,6.981916396095208,15.610835653477823,19.0697516369507
29.95,3.8855672547206392,7.273250458198142,15.533386633939221,19.0697516369507
29.955000000000002,4.054646257227331,7.574560307883891,15.466430070789215,19.0697516369507
29.96,4.230380834840664,7.8860942900341975,15.414829385700523,19.0697516369507
29.965,4.412457946518014,8.20704725940535,15.377280640137162,19.0697516369507
29.97,4.602231917829394,8.54055632190858,15.353548063784887,19.0697516369507
29.975,4.800199916551454,8.884954710543472,15.34494138511154,19.0697516369507
29.98,5.00486014388026,9.23904262114317,15.354209336263766,19.0697516369507
29.985,5.217411373660395,9.60489979141345,15.380742977029456,19.0697516369507
29.990000000000002,5.437322773745551,9.980309350713263,15.426345264507477,19.0697516369507
29.995,5.663736517488175,10.367524842328901,15.491389424899,19.0697516369507
30.0,5.8995432754351045,10.765176508596438,15.57795804297959,19.0697516369507
30.005,6.14330928634758,11.172993474503807,15.68740914213005,19.0697516369507
30.01,6.394052707395689,11.590585921830503,15.820983585657148,19.0697516369507
30.015,6.653163457917477,12.016542074120368,15.979800662224331,19.0697516369507
30.02,6.921071841201002,12.450757648196758,16.16647088600769,19.0697516369507
30.025000000000002,7.198064955505257,12.89315174609998,16.3826188510087,19.0697516369507
30.03,7.482326169126738,13.342825050171378,16.62653536836557,19.0697516369507
30.035,7.776126546634349,13.796553936890765,16.903561358336972,19.0697516369507
30.04,8.075601314724047,14.254033371475085,17.215705878221062,19.0697516369507
30.045,8.384971010999909,14.71380319232019,17.561896669481513,19.0697516369507
30.05,8.701684705035156,15.174440693832047,17.944697540628084,19.0697516369507
30.055,9.025421960392812,15.630067682040368,18.365853696617013,19.0697516369507
30.060000000000002,9.354537017090351,16.0806637164187,18.82744314767718,19.0697516369507
30.065,9.690496082385415,16.525467756677276,19.32802192443957,19.0697516369507
30.07,10.032462199475752,16.958295968814525,19.870171934129726,19.0697516369507
30.075,10.37888039215573,17.377206754548293,20.455333356496805,19.0697516369507
30.080000000000002,10.727843292444806,17.776905623606957,21.084031621663378,19.0697516369507
30.085,11.079535773075058,18.154254870356475,21.755832994910453,19.0697516369507
30.09,11.433919480275852,18.504865777816352,22.471819762038493,19.0697516369507
30.095,11.78763602474715,18.822913790251445,23.229213503277105,19.0697516369507
30.1,12.140289676981727,19.104793877357896,24.029488497543124,19.0697516369507
30.105,12.4892227435197,19.34619465788447,24.868833256677316,19.0697516369507
30.11,12.831991032035432,19.539771420857587,25.74577692283974,19.0697516369507
30.115000000000002,13.166885009001874,19.68150671207122,26.65635583386443,19.0697516369507
30.12,13.49231408869223,19.76731732343958,27.59598594527956,19.0697516369507
30.125,13.805825065058412,19.79078507633992,28.56212446299602,19.0697516369507
30.13,14.105354963710687,19.74906285243328,29.546805823763396,19.0697516369507
30.135,14.38833126472864,19.63672380196866,30.545699271721784,19.0697516369507
30.14,14.64905802309397,19.450283904727847,31.550571846560736,19.0697516369507
30.145,14.888695928000173,19.188785647447574,32.55393450606057,19.0697516369507
30.150000000000002,15.104341547484246,18.848894677439656,33.54863515023,19.0697516369507
30.155,15.291336515830862,18.429598341269056,34.524088778006416,19.0697516369507
30.16,15.446734827321645,17.934366685632614,35.47257325984483,19.0697516369507
30.165,15.571414527461062,17.362485297249744,36.38693125742721,19.0697516369507
30.17,15.661568405808042,16.71725782095911,37.25383632045316,19.0697516369507
30.175,15.714768476200002,16.00471625479315,38.066502177486036,19.0697516369507
30.18,15.729124453190348,15.229665021893371,38.81570973407382,19.0697516369507
30.185000000000002,15.704354838060649,14.397665986607851,39.495034654799404,19.0697516369507
30.19,15.640074114387085,13.518759129676859,40.098944858902136,19.0697516369507
30.195,15.53258861497835,12.599236654603047,40.6230196862175,19.0697516369507
30.2,15.386869500274889,11.65196446854803,41.06051240661206,19.0697516369507
30.205000000000002,15.200365433980627,10.685840864803481,41.40930443301534,19.0697516369507
30.21,14.97494506088334,9.70940774249078,41.66890949991087,19.0697516369507
30.215,14.71161568196412,8.7321300035987,41.83970060376141,19.0697516369507
30.22,14.413003091915261,7.765575089797831,41.92499407862301,19.0697516369507
30.225,14.079947865301733,6.818474378320649,41.92493234685708,19.0697516369507
30.23,13.718305393540158,5.899961321623093,41.845492398747226,19.0697516369507
30.235,13.328064101293155,5.015061668573333,41.69354836238781,19.0697516369507
30.240000000000002,12.912602243253904,4.172576544848966,41.47230221913066,19.0697516369507
30.245,12.476035421674661,3.3765846824561807,41.18910492946442,19.0697516369507
30.25,12.020664299044212,2.631985689454151,40.85020366138058,19.0697516369507
30.255,11.551174064035832,1.9417348270795243,40.46361635361024,19.0697516369507
30.26,11.070624872974724,1.3070959813800833,40.03656899837706,19.0697516369507
30.265,10.582202596956561,0.7283686740595072,39.574566260602836,19.0697516369507
30.27,10.089201570338457,0.20787884974565995,39.08572446477803,19.0697516369507
30.275000000000002,9.595506564048875,-0.257092653325777,38.57440138514328,19.0697516369507
30.28,9.102783344052563,-0.6679551829926467,38.04681181231809,19.0697516369507
30.285,8.614411146887951,-1.0271684748486618,37.50912418673405,19.0697516369507
30.29,8.132248702846171,-1.3365214802329695,36.966380371771486,19.0697516369507
30.295,7.659248060859561,-1.5990539209989496,36.42008555100128,19.0697516369507
30.3,7.1958278832879845,-1.8172917899361138,35.87333106772232,19.0697516369507
30.305,6.743864344585166,-1.9960622404512425,35.329015814655335,19.0697516369507
30.310000000000002,6.3065126529156466,-2.137617909170803,34.79167037328087,19.0697516369507
30.315,5.884668949283592,-2.2447548974489537,34.25973929707001,19.0697516369507
30.32,5.478020016359132,-2.3223513835924576,33.73659405682746,19.0697516369507
30.325,5.087056205204201,-2.37189446083522,33.22463871943597,19.0697516369507
30.330000000000002,4.714100900164087,-2.3976752767361695,32.72085915482361,19.0697516369507
30.335,4.35825826486612,-2.4013414849241554,32.22871885908829,19.0697516369507
30.34,4.020209387989886,-2.386501242424319,31.746537634379816,19.0697516369507
30.345,3.7010270175135016,-2.3541991431352316,31.276445962445106,19.0697516369507
30.35,3.399046655488588,-2.3078709357971556,30.81570435729901,19.0697516369507
30.355,3.114091856097579,-2.2491006036978196,30.366223132605473,19.0697516369507
30.36,2.8458455508571117,-2.1786814291470167,29.925528432216332,19.0697516369507
30.365000000000002,2.59655591875037,-2.0995032572864463,29.49504744440516,19.0697516369507
30.37,2.361692589275926,-2.012164611772157,29.07533156038096,19.0697516369507
30.375,2.142230839740027,-1.919684619670704,28.66391365753128,19.0697516369507
30.38,1.9382369301769549,-1.8219108710024252,28.26168088552095,19.0697516369507
30.385,1.74972369729773,-1.7193449913735301,27.867993088665887,19.0697516369507
30.39,1.5780461098328393,-1.6143212876624542,27.480650431580397,19.0697516369507
30.395,1.4189339486376134,-1.5068107983285466,27.101253095420848,19.0697516369507
30.400000000000002,1.2731089873404493,-1.3990877187103956,26.72933156505242,19.0697516369507
30.405,1.139624646111002,-1.2877159052664138,26.363883461803077,19.0697516369507
30.41,1.0181298904633957,-1.1766466713927717,26.00499016862769,19.0697516369507
30.415,0.9080654943995692,-1.0661452129791726,25.652367267802322,19.0697516369507
30.42,0.8091841591004638,-0.9557513282767436,25.305090583477558,19.0697516369507
30.425,0.7212021761732145,-0.8456771068292245,24.963577997747944,19.0697516369507
30.43,0.6429217565595882,-0.7342478827835779,24.62761409117314,19.0697516369507
30.435000000000002,0.5740217515267406,-0.6233225752122649,24.297719407218523,19.0697516369507
30.44,0.5139628445368118,-0.5153222711455471,23.972932823580663,19.0697516369507
30.445,0.46248156216539227,-0.4066710401352051,23.65168594758903,19.0697516369507
30.45,0.41817071206207407,-0.29909489370316134,23.336451276756748,19.0697516369507
30.455000000000002,0.38281151084695375,-0.19359190008052346,23.022823334623816,19.0697516369507
30.46,0.35322810256246623,-0.08867920106270478,22.71537812821393,19.0697516369507
30.465,0.3315348206025775,0.01681703451928622,22.41148734294835,19.0697516369507
30.47,0.3158047288329038,0.12187109236969701,22.111104997896348,19.0697516369507
30.475,0.306889133948061,0.22476535044415574,21.81652534936441,19.0697516369507
30.48,0.30372847268470515,0.32810615801882115,21.526969184409992,19.0697516369507
30.485,0.3051761082090569,0.43063790483290626,21.240293430355663,19.0697516369507
30.490000000000002,0.3119368427665465,0.5336339979314494,20.957254891619442,19.0697516369507
30.495,0.32349521749146043,0.6370006365749709,20.678104895431,19.0697516369507
30.5,0.3393568377492041,0.7404188610428296,20.403685370965132,19.0697516369507
30.505,0.35808795536396815,0.8449925155825009,20.1333019644218,19.0697516369507
30.51,0.38225997943651124,0.9506304649978843,19.86639762816835,19.0697516369507
30.515,0.41127299244415183,1.055743341578954,19.603142430727768,19.0697516369507
30.52,0.4431497755832394,1.1636471923046063,19.343136682050908,19.0697516369507
30.525000000000002,0.4782736318061827,1.2723048862845365,19.088252291449603,19.0697516369507
30.53,0.517941458021056,1.3827286761462259,18.835987869286626,19.0697516369507
30.535,0.5621086240517377,1.4945132537721453,18.588281185035598,19.0697516369507
30.54,0.6087169105059784,1.6092172765090296,18.34475466068926,19.0697516369507
30.545,0.6588182148828025,1.7253353142824368,18.10560410833817,19.0697516369507
30.55,0.7126306769682921,1.8446484167888542,17.869628851776934,19.0697516369507
30.555,0.7685795760094633,1.9673435366451981,17.638122331557017,19.0697516369507
30.560000000000002,0.8276553108824082,2.0932464595131894,17.41050991492272,19.0697516369507
30.565,0.8910187404841768,2.2217256565971604,17.186934862312757,19.0697516369507
30.57,0.9558769763175848,2.3547402190153797,16.968682837551004,19.0697516369507
30.575,1.0255806003795984,2.4908647715773813,16.754281445456737,19.0697516369507
30.580000000000002,1.100059270788829,2.6300665886043357,16.543140717315197,19.0697516369507
30.585,1.176476072316555,2.7754177699674343,16.337415341120458,19.0697516369507
30.59,1.2575953826822688,2.9261143168743127,16.135082798886437,19.0697516369507
30.595,1.3410541156541238,3.0817297086334086,15.939660424277372,19.0697516369507
30.6,1.42807995463452,3.242449565709791,15.749311092469666,19.0697516369507
30.605,1.5184301357055074,3.4093619012163368,15.562666820094,19.0697516369507
30.61,1.6138036247331606,3.58271039432363,15.381404605352946,19.0697516369507
30.615000000000002,1.7122246636558507,3.761512184522729,15.205600726654987,19.0697516369507
30.62,1.813849120681486,3.9468164151056224,15.03542721784587,19.0697516369507
30.625,1.9202348275422547,4.138797260305053,14.870992955555097,19.0697516369507
30.63,2.0294398518793773,4.338299109917784,14.712168284241393,19.0697516369507
30.635,2.1452017736724818,4.547392866781402,14.559757454102957,19.0697516369507
30.64,2.2663787873099284,4.7641994465283615,14.41454333406466,19.0697516369507
30.645,2.3914847207363956,4.9903681453545365,14.276694304095022,19.0697516369507
30.650000000000002,2.52156669793249,5.2241153971729,14.14619680495395,19.0697516369507
30.655,2.657435897555493,5.467930342516405,14.023012920411874,19.0697516369507
30.66,2.797994241674121,5.72188860605559,13.906959102513085,19.0697516369507
30.665,2.9432129790504846,5.986377450228752,13.801422227049827,19.0697516369507
30.67,3.096057080494219,6.261134401942452,13.706290957105194,19.0697516369507
30.675,3.2549183627576457,6.54458222028771,13.619714803016727,19.0697516369507
30.68,3.4188632948731725,6.841854909639759,13.543805588832145,19.0697516369507
30.685000000000002,3.5897034654103637,7.1507768024491964,13.479675714962346,19.0697516369507
30.69,3.7675703277590618,7.471514059399087,13.427588030899209,19.0697516369507
30.695,3.9530357013119257,7.803029913115241,13.389291362139351,19.0697516369507
30.7,4.1458901982078284,8.148041351889617,13.366392556681499,19.0697516369507
30.705000000000002,4.345584056734684,8.506197068001727,13.35710363243986,19.0697516369507
30.71,4.553095187310531,8.87784217150248,13.363419906427902,19.0697516369507
30.715,4.769651674374142,9.26267041620147,13.387448411526615,-10.382736455714713
30.72,4.993642846787379,9.513088920406526,13.429062343954604,-10.382736455714713
30.725,5.218805211446189,9.776432394828023,13.487993589920919,-10.382736455714713
30.73,5.44681636264987,10.055229967620358,13.56278661031465,-10.382736455714713
30.735,5.677443502541326,10.345547995769932,13.65598296270485,-10.382736455714713
30.740000000000002,5.911252370215817,10.649005164482793,13.767543868374883,-10.382736455714713
30.745,6.1476458653022155,10.964470506451649,13.898488798787081,-10.382736455714713
30.75,6.388896136038053,11.291421078871222,14.049371546074527,-10.382736455714713
30.755,6.6335173509185985,11.62896664114831,14.22228646695878,-10.382736455714713
30.76,6.882244279320073,11.975857841919636,14.419018237926494,-10.382736455714713
30.765,7.13719759085734,12.330414689543824,14.640042116406391,-10.382736455714713
30.77,7.396795187774327,12.694261323197942,14.884236044365384,-10.382736455714713
30.775000000000002,7.66155616299101,13.06364015639691,15.154917057600887,-10.382736455714713
30.78,7.932038729645189,13.439467823337173,15.453628843372398,-10.382736455714713
30.785,8.207393574554137,13.817152220449591,15.780628180993823,-10.382736455714713
30.79,8.487569659172632,14.196258940651997,16.137597214965165,-10.382736455714713
30.795,8.7729492212712,14.576860770870415,16.52548387274698,-10.382736455714713
30.8,9.062848442062098,14.955774551504874,16.943471125509642,-10.382736455714713
30.805,9.356609601663058,15.331359966798217,17.395829310123325,-10.382736455714713
30.810000000000002,9.656209167080188,15.698406862927504,17.880845823701677,-10.382736455714713
30.815,9.959051591153651,16.05589169749744,18.4001370801067,-10.382736455714713
30.82,10.264432174204886,16.402143254417087,18.95315822395584,-10.382736455714713
30.825,10.571979807666496,16.73235908150418,19.542077231773142,-10.382736455714713
30.830000000000002,10.879498822386665,17.043435846191393,20.166583687909405,-10.382736455714713
30.835,11.188826259963017,17.332879429367882,20.823633089591006,-10.382736455714713
30.84,11.495762403452584,17.597189630949636,21.51384190654977,-10.382736455714713
30.845000000000002,11.800901213923296,17.830054412653755,22.238052866935828,-10.382736455714713
30.85,12.102149122813596,18.028601665690385,22.995021376580322,-10.382736455714713
30.855,12.39778238481034,18.189978200970277,23.779734300878495,-10.382736455714713
30.86,12.687376149677513,18.309265365356964,24.589305658320733,-10.382736455714713
30.865000000000002,12.969924650587696,18.382491370780762,25.422190814353122,-10.382736455714713
30.87,13.240294304561312,18.405991738814215,26.274350059606004,-10.382736455714713
30.875,13.49930181000109,18.37665710037701,27.142598797772997,-10.382736455714713
30.88,13.743204492457199,18.290119337185654,28.02223360759266,-10.382736455714713
30.885,13.969513391363611,18.145315298031782,28.905077137286874,-10.382736455714713
30.89,14.178683334809834,17.938176556355266,29.788097619542125,-10.382736455714713
30.895,14.367343042328105,17.66907915078001,30.662639947961008,-10.382736455714713
30.900000000000002,14.533028642312809,17.338593548474407,31.523044860615887,-10.382736455714713
30.905,14.674187909020873,16.94448394817452,32.36229575573498,-10.382736455714713
30.91,14.788774840395444,16.4871213660229,33.173707005742465,-10.382736455714713
30.915,14.872890105763046,15.96920971310038,33.95096269419596,-10.382736455714713
30.92,14.927869996510656,15.395398293778888,34.686546189819815,-10.382736455714713
30.925,14.950827617136325,14.767033184049348,35.37478202067567,-10.382736455714713
30.93,14.942723726307154,14.089603447087319,36.00734832962936,-10.382736455714713
30.935000000000002,14.899118695339666,13.369614699611525,36.581001744963004,-10.382736455714713
30.94,14.821534881396166,12.611810489773822,37.08962075801202,-10.382736455714713
30.945,14.71049735678965,11.822124141931068,37.529890089916805,-10.382736455714713
30.95,14.566913162557569,11.008182963338973,37.900754649146315,-10.382736455714713
30.955000000000002,14.388703647581387,10.178742254878689,38.19765619200752,-10.382736455714713
30.96,14.178400761493966,9.339840059025727,38.420775606453205,-10.382736455714713
30.965,13.937052822297137,8.502440153473406,38.57083249998018,-10.382736455714713
30.970000000000002,13.665807227350372,7.671467448247776,38.65030940475516,-10.382736455714713
30.975,13.36547916973783,6.852165576474981,38.65833106114644,-10.382736455714713
30.98,13.039378886037989,6.054782568983174,38.60035218792843,-10.382736455714713
30.985,12.6909998919573,5.280802685124044,38.479522134151246,-10.382736455714713
30.990000000000002,12.320057209543041,4.537951117605914,38.3002302268956,-10.382736455714713
30.995,11.931464460067387,3.8271807407815586,38.068827183175166,-10.382736455714713
31.0,11.52570399403541,3.1555030517304576,37.79002234032879,-10.382736455714713
31.005,11.108378258573177,2.522893293856408,37.46681312848455,-10.382736455714713
31.01,10.679280251705723,1.9324369888989708,37.10813199773569,-10.382736455714713
31.015,10.241677754408748,1.3836258808242434,36.715910892562604,-10.382736455714713
31.02,9.798164840649115,0.8775039324673839,36.29560384238653,-10.382736455714713
31.025000000000002,9.352640847784357,0.4163494140873697,35.85526156988909,-10.382736455714713
31.03,8.906782143170819,-0.00480011964968341,35.394889011136264,-10.382736455714713
31.035,8.460514446924194,-0.3849866822826462,34.92414746290012,-10.382736455714713
31.04,8.018370929290764,-0.7278691035119036,34.44012956411032,-10.382736455714713
31.045,7.5808437754095435,-1.0341526498751876,33.95149667427403,-10.382736455714713
31.05,7.149892382194025,-1.3067026586898631,33.45908499803815,-10.382736455714713
31.055,6.727187612035429,-1.5461589416630124,32.96475445863001,-10.382736455714713
31.060000000000002,6.31390836480876,-1.7576898529489604,32.47310285739692,-10.382736455714713
31.065,5.910826174714188,-1.9424195391235974,31.984196754790204,-10.382736455714713
31.07,5.5182198270666865,-2.1032042853272728,31.500119667373248,-10.382736455714713
31.075,5.135820545751693,-2.24060948172706,31.021438307527188,-10.382736455714713
31.080000000000002,4.766764910434512,-2.3612700915419405,30.550271636336387,-10.382736455714713
31.085,4.409570335122721,-2.4623282488071134,30.086127244703817,-10.382736455714713
31.09,4.065743116773887,-2.5475390466851584,29.628023038959753,-10.382736455714713
31.095000000000002,3.7349829781446306,-2.6186789646126196,29.18002475004926,-10.382736455714713
31.1,3.4175977226084413,-2.6788244527407135,28.7417967322189,-10.382736455714713
31.105,3.1125438301969917,-2.7292716125341405,28.31326644270759,-10.382736455714713
31.11,2.820427895256793,-2.772182205165253,27.892407287728712,-10.382736455714713
31.115000000000002,2.539262814220027,-2.807564380840787,27.482161856107442,-10.382736455714713
31.12,2.27266886752314,-2.8397719587619767,27.079770522753467,-10.382736455714713
31.125,2.0169802173423865,-2.867251274525389,26.68620497439968,-10.382736455714713
31.13,1.7732347900266185,-2.890731937230208,26.300996112677133,-10.382736455714713
31.135,1.5399579760338789,-2.912415286832263,25.925000688677905,-10.382736455714713
31.14,1.317571966336084,-2.9347900973468395,25.556675200379097,-10.382736455714713
31.145,1.1041409144242782,-2.9548116538236964,25.19622674844206,-10.382736455714713
31.150000000000002,0.9017435962640645,-2.9769429267288623,24.844222510514804,-10.382736455714713
31.155,0.7077366035755064,-2.999461408985657,24.498674380794,-10.382736455714713
31.16,0.5223329003520935,-3.023361306750033,24.161776609371422,-10.382736455714713
31.165,0.344567515690136,-3.050425375026264,23.83189763621207,-10.382736455714713
31.17,0.174313836439254,-3.080614251239837,23.508245194642083,-10.382736455714713
31.175,0.011987150339617059,-3.1125052648491223,23.191331298067745,-10.382736455714713
31.18,-0.1432697051033611,-3.147632074420893,22.882422475159004,-10.382736455714713
31.185000000000002,-0.2940583115620159,-3.1875918608568443,22.57950667012922,-10.382736455714713
31.19,-0.43891401432070515,-3.232442997555,22.28369833772097,-10.382736455714713
31.195,-0.5788310040899962,-3.2809276028821976,21.993038599942516,-10.382736455714713
31.2,-0.7137953560625572,-3.3342065847961466,21.70803948906699,-10.382736455714713
31.205000000000002,-0.8448699094128802,-3.3919372429960046,21.430990608453584,-10.382736455714713
31.21,-0.9717876119076335,-3.455683490795948,21.159672993571522,-10.382736455714713
31.215,-1.0962464940805399,-3.5234492158169743,20.89500261300725,-10.382736455714713
31.220000000000002,-1.2183304865595503,-3.594833193225249,20.635845709265354,-10.382736455714713
31.225,-1.3373713389421018,-3.6737530395571296,20.38354750491199,-10.382736455714713
31.23,-1.4534380296288507,-3.75791227958647,20.136822348844092,-10.382736455714713
31.235,-1.5677553120794587,-3.8476289511164694,19.896060591179523,-10.382736455714713
31.240000000000002,-1.6819237978299715,-3.94320138689749,19.65926636283867,-10.382736455714713
31.245,-1.795838518005608,-4.045724932637352,19.42988041276185,-10.382736455714713
31.25,-1.9079896819451727,-4.1551112050603765,19.206496501038245,-10.382736455714713
31.255,-2.020752320336957,-4.270214320380249,18.990789518012885,-10.382736455714713
31.26,-2.131897391237452,-4.390554484446798,18.780724467301592,-10.382736455714713
31.265,-2.244627474034056,-4.518253836562987,18.577688636062003,-10.382736455714713
31.27,-2.357767365634554,-4.653500061792506,18.379955872124455,-10.382736455714713
31.275000000000002,-2.4727745920244444,-4.795700309057487,18.189361270227103,-10.382736455714713
31.28,-2.588835129545752,-4.945192468619471,18.006492345088034,-10.382736455714713
31.285,-2.70619741510713,-5.102086307044211,17.830726382174795,-10.382736455714713
31.29,-2.82538604001819,-5.266683240544653,17.662081336240455,-10.382736455714713
31.295,-2.947238281038998,-5.4389550500915425,17.50053444845542,-10.382736455714713
31.3,-3.0709621122406627,-5.618037260536143,17.347504076341394,-10.382736455714713
31.305,-3.1996543647543985,-5.806664519811338,17.201639113135425,-10.382736455714713
31.310000000000002,-3.3304298843135203,-6.001601394569415,17.066215825337647,-10.382736455714713
31.315,-3.4649741132321528,-6.20487303108493,16.93966456415171,-10.382736455714713
31.32,-3.6029655681163715,-6.416440556579163,16.821190264671944,-10.382736455714713
31.325,-3.7438608115787577,-6.638106674559083,16.71197124004823,-10.382736455714713
31.330000000000002,-3.888826936269031,-6.867405857671435,16.610957210172668,-10.382736455714713
31.335,-4.037908258238885,-7.105509073899535,16.523739412214933,-10.382736455714713
31.34,-4.191284537661444,-7.353250238180636,16.446404515663712,-10.382736455714713
31.345000000000002,-4.349364375189327,-7.610331204286933,16.38207351657549,-10.382736455714713
31.35,-4.51229036912976,-7.878018619019477,16.329909627552738,-10.382736455714713
31.355,-4.679677701028553,-8.153876686916925,16.28939652827624,-10.382736455714713
31.36,-4.852922759571398,-8.43893009105467,16.262656746884183,-10.382736455714713
31.365000000000002,-5.03291371422192,-8.732200966271845,16.250787170462655,-10.382736455714713
31.37,-5.217598441714959,-9.036822432220804,16.254024795575315,-10.382736455714713
31.375,-5.40742673226563,-9.350035537317389,16.273258149137863,-10.382736455714713
31.38,-5.605868147339641,-9.669864267728528,16.308117678503457,-10.382736455714713
31.385,-5.80690123876817,-10.001775836875854,16.362063045299703,-10.382736455714713
31.39,-6.017357531043103,-10.341487949632082,16.43465566705588,-10.382736455714713
31.395,-6.233253303661842,-10.689557850232498,16.52703444523522,-10.382736455714713
31.400000000000002,-6.455800096525778,-11.044969162363325,16.63987370269053,-10.382736455714713
31.405,-6.685216250529675,-11.409405239939442,16.774943244818957,-10.382736455714713
31.41,-6.9200910685326384,-11.780591155463455,16.932339676450784,-10.382736455714713
31.415,-7.163737576330149,-12.15688475498602,17.114756423272887,-10.382736455714713
31.42,-7.413473527008876,-12.540315350386777,17.32209700184617,-10.382736455714713
31.425,-7.66990790383412,-12.925004440815377,17.556527026000552,-10.382736455714713
31.43,-7.93230058620349,-13.314004202886796,17.817877620367987,-10.382736455714713
31.435000000000002,-8.202208988701694,-13.703187867320638,18.10768930028932,-10.382736455714713
31.44,-8.477593228475254,-14.09188619179389,18.42742688488487,-10.382736455714713
31.445,-8.758668205413223,-14.478790087686704,18.778321491726967,-10.382736455714713
31.45,-9.043630634835804,-14.861378151219796,19.162320104188105,-10.382736455714713
31.455000000000002,-9.334467690397428,-15.238349515263902,19.57805371172956,-10.382736455714713
31.46,-9.629322149805885,-15.60756470306478,20.027833830780075,-10.382736455714713
31.465,-9.928347068892975,-15.965421510638562,20.51328598900177,-10.382736455714713
31.470000000000002,-10.229109161462306,-16.3095054682679,21.032220952864957,-10.382736455714713
31.475,-10.53354647869751,-16.63588600694127,21.58663303850197,-10.382736455714713
31.48,-10.838156272885591,-16.94292388938175,22.173592961743307,-10.382736455714713
31.485,-11.142978740740693,-17.226330048705886,22.7952722190328,-10.382736455714713
31.490000000000002,-11.447205246518207,-17.48159555938354,23.450609189989056,-10.382736455714713
31.495,-11.749305752960023,-17.705466449625565,24.139237510308956,-10.382736455714713
31.5,-12.047014187311888,-17.893871044291384,24.857210103374968,-10.382736455714713
31.505,-12.339037662259681,-18.04603365648461,25.603854389778636,-10.382736455714713
31.51,-12.626104253691347,-18.15569595980349,26.375534979310675,-10.382736455714713
31.515,-12.902054139740315,-18.219414257113655,27.170498532800927,-10.382736455714713
31.52,-13.168692258521528,-18.233908798796946,27.98242528904362,-10.382736455714713
31.525000000000002,-13.420580490933482,-18.19504234510347,28.81045939616612,-10.382736455714713
31.53,-13.660329997544007,-18.101573153634707,29.647385767053425,-10.382736455714713
31.535,-13.882990138449147,-17.950215110378593,30.487981467842573,-10.382736455714713
31.54,-14.086447240066178,-17.739135883055248,31.32702755125436,-10.382736455714713
31.545,-14.268473430656837,-17.468598858694364,32.15838647995581,-2.592152654444053
31.55,-14.429576367244064,-17.09650208167438,32.97557691040035,-2.592152654444053
31.555,-14.563001260147997,-16.66548097134198,33.76896545476058,-2.592152654444053
31.560000000000002,-14.667605962646082,-16.174368627904986,34.53131150892418,-2.592152654444053
31.565,-14.74270710058585,-15.627740254557073,35.25772312963398,-2.592152654444053
31.57,-14.788435926748317,-15.027355121592207,35.9385694278997,-2.592152654444053
31.575,-14.79949922741886,-14.37836655439993,36.57153558889929,-2.592152654444053
31.580000000000002,-14.778082479267475,-13.686235448190999,37.14818968491016,-2.592152654444053
31.585,-14.723073510872931,-12.956125922928148,37.664752891635764,-2.592152654444053
31.59,-14.634650345616311,-12.19132923273264,38.11607618061565,-2.592152654444053
31.595000000000002,-14.512494594858483,-11.403153735598615,38.500055817963215,-2.592152654444053
31.6,-14.357028353304358,-10.597394765261308,38.81417668094036,-2.592152654444053
31.605,-14.168790934222955,-9.781915134707813,39.05771541484244,-2.592152654444053
31.61,-13.94945524618462,-8.963042877259882,39.22970280480437,-2.592152654444053
31.615000000000002,-13.700903086695542,-8.149146975280631,39.332097583707345,-2.592152654444053
31.62,-13.42307817475172,-7.34564879498247,39.36590103305016,-2.592152654444053
31.625,-13.119491107071198,-6.558705113324725,39.334815867861344,-2.592152654444053
31.63,-12.791972404788897,-5.795047899819147,39.24030288033081,-2.592152654444053
31.635,-12.442032346959833,-5.060675030150512,39.08776680534233,-2.592152654444053
31.64,-12.073186710092743,-4.358096615142672,38.88122752037513,-2.592152654444053
31.645,-11.687412384088239,-3.691426894642494,38.626877754578395,-2.592152654444053
31.650000000000002,-11.286251110792435,-3.064723166139195,38.327654275389264,-2.592152654444053
31.655,-10.874850368656034,-2.4789507165543503,37.99034114266334,-2.592152654444053
31.66,-10.454274106789128,-1.935506483398889,37.61753740751452,-2.592152654444053
31.665,-10.030033571622036,-1.4351562370978326,37.21791587524885,-2.592152654444053
31.67,-9.598935860288542,-0.9785104856029213,36.793112653751834,-2.592152654444053
31.675,-9.168165838201517,-0.5644218896005275,36.350336649878834,-2.592152654444053
31.68,-8.7359240841605,-0.19272008246357403,35.891788459875784,-2.592152654444053
31.685000000000002,-8.307517113678028,0.1415211296639391,35.421568048628195,-2.592152654444053
31.69,-7.885335686197114,0.4369524971516078,34.94516892972266,-2.592152654444053
31.695,-7.469650651103814,0.6955612979960599,34.460872826092476,-2.592152654444053
31.7,-7.0607894571633985,0.9215471984227221,33.97410534695584,-2.592152654444053
31.705000000000002,-6.661854579981449,1.1152079188426245,33.48827233429992,-2.592152654444053
31.71,-6.272861043723942,1.279954496572054,33.00349185420556,-2.592152654444053
31.715,-5.8942283851092565,1.416207767370889,32.5227703399913,-2.592152654444053
31.720000000000002,-5.52910211772037,1.529291308409971,32.04653971440213,-2.592152654444053
31.725,-5.176925033425888,1.619357019933362,31.577425730890287,-2.592152654444053
31.73,-4.837566843826218,1.6905808684548813,31.115039224912696,-2.592152654444053
31.735,-4.511604506379644,1.7457290803915415,30.66026418830957,-2.592152654444053
31.740000000000002,-4.19688781331564,1.7835784750990205,30.211648193342796,-2.592152654444053
31.745,-3.896759578259128,1.8073777807273443,29.771827713857515,-2.592152654444053
31.75,-3.610968117313618,1.8194699301296378,29.33961567549721,-2.592152654444053
31.755,-3.3404553505586603,1.8209956673321155,28.91439647070681,-2.592152654444053
31.76,-3.0820918227764773,1.8140009851941026,28.4980437898527,-2.592152654444053
31.765,-2.8370107446255646,1.8000314498935823,28.09147344386082,-2.592152654444053
31.77,-2.604221772533093,1.7795535409492964,27.692066849408853,-2.592152654444053
31.775000000000002,-2.385031948449738,1.7535752613153561,27.300255486236907,-2.592152654444053
31.78,-2.178511989330713,1.72395340892699,26.91582210369807,-2.592152654444053
31.785,-1.9818828682177432,1.6905508890681094,26.538138679154866,-2.592152654444053
31.79,-1.7987693500583175,1.6544993622961661,26.168301226405465,-2.592152654444053
31.795,-1.6257663772089466,1.6183368232415376,25.80502591943685,-2.592152654444053
31.8,-1.4630214414799985,1.5789373639097306,25.447221444280608,-2.592152654444053
31.805,-1.312343903101582,1.539540489374889,25.095357893679395,-2.592152654444053
31.810000000000002,-1.1703955586327799,1.498862456890872,24.750710015225483,-2.592152654444053
31.815,-1.0363733249007037,1.4585217510446264,24.411347103638576,-2.592152654444053
31.82,-0.9117017393865815,1.4199412065408938,24.07874237143789,-2.592152654444053
31.825,-0.7956660679443437,1.3819717293990477,23.750613661993864,-2.592152654444053
31.830000000000002,-0.6872305777132052,1.344078525172549,23.42901001389757,-2.592152654444053
31.835,-0.5872640196324198,1.3086235212748285,23.111654648749784,-2.592152654444053
31.84,-0.49233492661655476,1.2734396731879172,22.800545915117898,-2.592152654444053
31.845000000000002,-0.40307782608596443,1.2432408267062343,22.493749618140328,-2.592152654444053
31.85,-0.32110376680759883,1.2139812368676337,22.191189562020114,-2.592152654444053
31.855,-0.24633055016371624,1.1861896914941776,21.893394618825518,-2.592152654444053
31.86,-0.1744207448704995,1.1605689891367614,21.59957351717736,-2.592152654444053
31.865000000000002,-0.10655242535682417,1.1361201261784368,21.310143960466814,-2.592152654444053
31.87,-0.044152896558979936,1.1144986588565342,21.024960267693377,-2.592152654444053
31.875,0.014335712707518572,1.0948023247580037,20.745512115683265,-2.592152654444053
31.88,0.06819250566592817,1.076972555092512,20.468549972213843,-2.592152654444053
31.885,0.1203229048577448,1.0619670412783706,20.195922350371198,-2.592152654444053
31.89,0.16744272547719397,1.0485047141844355,19.926825214219804,-2.592152654444053
31.895,0.21128690072608552,1.0364859209098716,19.661499376050948,-2.592152654444053
31.900000000000002,0.2523065634293058,1.0261727254381545,19.40196269086683,-2.592152654444053
31.905,0.29120627834285256,1.020077153541933,19.143984055788184,-2.592152654444053
31.91,0.3281450703599631,1.0144959336704102,18.89079033567601,-2.592152654444053
31.915,0.3616311001930601,1.0109850438380428,18.639200666480548,-2.592152654444053
31.92,0.39325590990152454,1.0097691281076384,18.39227012476359,-2.592152654444053
31.925,0.42398400048001766,1.0100522857572742,18.149130766893546,-2.592152654444053
31.93,0.4536520448888747,1.0136524199448407,17.91032325613571,-2.592152654444053
31.935000000000002,0.4816521142923529,1.01867516809355,17.67297739647666,-2.592152654444053
31.94,0.5080597152320278,1.0255458110963078,17.439970349704357,-2.592152654444053
31.945,0.5344163675049617,1.0341208891242093,17.2102745674802,-2.592152654444053
31.95,0.5588886253989633,1.0450386107972423,16.982616416029988,-2.592152654444053
31.955000000000002,0.5827394841172472,1.0572035338309898,16.758866341940806,-2.592152654444053
31.96,0.6066684237531406,1.071807627155924,16.5388707876472,-2.592152654444053
31.965,0.6306023342816114,1.0887968916508772,16.32186830655341,-2.592152654444053
31.970000000000002,0.652428500836401,1.106298668091017,16.107954827593414,-2.592152654444053
31.975,0.674578777587244,1.1254202594395373,15.897977758879072,-2.592152654444053
31.98,0.6971263677699395,1.1476387329078204,15.689208881809067,-2.592152654444053
31.985,0.7188496247126641,1.171511775084157,15.484782070591908,-2.592152654444053
31.990000000000002,0.7421916399764509,1.197388755335539,15.28218555695796,-2.592152654444053
31.995,0.764208767833841,1.2237644355074928,15.08159034260332,-2.592152654444053
32.0,0.7864258290597231,1.254731589096885,14.885808043146978,-2.592152654444053
32.005,0.8102209569840342,1.2869979130247526,14.69249299597112,-2.592152654444053
32.01,0.8338943674178031,1.321661154430606,14.50111455040061,-2.592152654444053
32.015,0.8569917447917228,1.3586979511605084,14.312848264283454,-2.592152654444053
32.02,0.8833231951821446,1.397112550977127,14.12826504884283,-2.592152654444053
32.025,0.9085082345780771,1.4386689159092572,13.948079488043312,-2.592152654444053
32.03,0.9344440023371521,1.4824090932361522,13.76830377245149,-2.592152654444053
32.035000000000004,0.961620033164701,1.529124446301261,13.592178989040514,-2.592152654444053
32.04,0.9907776717869308,1.5781637481787365,13.416843811302332,-2.592152654444053
32.045,1.0211052388261845,1.630661479261421,13.244483880953256,-2.592152654444053
32.05,1.050510431479688,1.685167155542199,13.076146498948603,-2.592152654444053
32.055,1.0819012414026583,1.7420915117894407,12.909288963345116,-2.592152654444053
32.06,1.1139622969365763,1.802311073348751,12.74604642899889,-2.592152654444053
32.065,1.147328800220385,1.8645562235865678,12.58615196185464,-2.592152654444053
32.07,1.184274949925265,1.930806325955485,12.429220041161193,-2.592152654444053
32.075,1.2220923439699802,2.0003987180725624,12.276013198220166,-2.592152654444053
32.08,1.26152130843853,2.0734649387972293,12.124934766607598,-2.592152654444053
32.085,1.3019739784674806,2.1500747905714177,11.977824937815422,-2.592152654444053
32.09,1.3434901655866651,2.230576257623345,11.832669894290156,-2.592152654444053
32.095,1.388564956526978,2.315873544706124,11.689579806773802,-2.592152654444053
32.1,1.4332495481003455,2.404565145487064,11.549571074992702,-2.592152654444053
32.105000000000004,1.4817106034509357,2.498928526842815,11.411516535306577,-2.592152654444053
32.11,1.532511654925758,2.595499778300874,11.276888312943347,-2.592152654444053
32.115,1.5850939752627902,2.6986388012412905,11.146475696568732,-2.592152654444053
32.12,1.6406269321473197,2.807228915788977,11.020102005360872,-2.592152654444053
32.125,1.6980864346012818,2.919168962388786,10.89645789532122,-2.592152654444053
32.13,1.7592967564982178,3.036159617523052,10.774743213183177,-2.592152654444053
32.135,1.822599864157249,3.158489112954584,10.656719729902818,-2.592152654444053
32.14,1.8898342518808378,3.287878338278542,10.544362539705102,-2.592152654444053
32.145,1.960054377006565,3.423575596041971,10.43371473857585,-2.592152654444053
32.15,2.0333939596831447,3.565500827831164,10.32750383409114,-2.592152654444053
32.155,2.1093676583850614,3.7147682440369554,10.226165983341078,-2.592152654444053
32.160000000000004,2.189871096219543,3.870973160483002,10.129367993923891,-2.592152654444053
32.165,2.275325156797229,4.034232663866659,10.03631313717998,-2.592152654444053
32.17,2.363502612302428,4.205974971765643,9.948308755366664,-2.592152654444053
32.175,2.4551643179592078,4.3859330531580705,9.864789604107411,-2.592152654444053
32.18,2.5513250827611746,4.573202237276188,9.788372511209046,-2.592152654444053
32.185,2.653842667692823,4.769594381958352,9.716586321122545,-2.592152654444053
32.19,2.758957034160566,4.974442614566086,9.650178721763599,-2.592152654444053
32.195,2.8680439726623326,5.189937994706975,9.590805328773353,-2.592152654444053
32.2,2.9841813335817524,5.414969913060788,9.536316324960554,-2.592152654444053
32.205,3.105913317697929,5.650391534128186,9.490151437860412,-2.592152654444053
32.21,3.2331579308265077,5.896902933464486,9.452083620448764,-2.592152654444053
32.215,3.366668668952899,6.154793726208208,9.422415150852562,-2.592152654444053
32.22,3.5045985119468885,6.422612103481557,9.400815409095621,-2.592152654444053
32.225,3.6501181285078244,6.703661446049089,9.387412341111592,-2.592152654444053
32.230000000000004,3.8020470683233123,6.997740736811379,9.384772995930458,-2.592152654444053
32.235,3.961600116846856,7.304567539231318,9.394207886130522,-2.592152654444053
32.24,4.128546060861791,7.6233005564175516,9.413515731289317,-2.592152654444053
32.245,4.302793842462642,7.95573159197532,9.444664119344232,-2.592152654444053
32.25,4.484403891024041,8.30081190684279,9.490050402534127,-2.592152654444053
32.255,4.676139545221157,8.66109835947672,9.54978285352343,-2.592152654444053
32.26,4.874684466713853,9.036445336738304,9.625062667802046,-2.592152654444053
32.265,5.08309696852749,9.424722853113972,9.716872593651882,-2.592152654444053
32.27,5.299179497016123,9.829770092630762,9.827756063151492,-2.592152654444053
32.275,5.525746493545802,10.249617793460498,9.956958475249898,-2.592152654444053
32.28,5.762002727261551,10.684320475849786,10.106163208323192,-2.592152654444053
32.285000000000004,6.006789665929868,11.132327188206494,10.27922216469029,-2.592152654444053
32.29,6.262396080463297,11.59625106908388,10.4769368189607,-2.592152654444053
32.295,6.529076817778381,12.074888948106913,10.700425646619285,-2.592152654444053
32.3,6.807827035145393,12.566694079089888,10.951652777277056,-2.592152654444053
32.305,7.09527829351122,13.072401401347877,11.23417369125259,-2.592152654444053
32.31,7.395377518769632,13.58928148218852,11.548422819144378,-2.592152654444053
32.315,7.704882510474115,14.11646396911001,11.897802701911914,-2.592152654444053
32.32,8.025824362537197,14.65190162551252,12.283687691812258,-2.592152654444053
32.325,8.357494867772752,15.195790585398173,12.708398116576062,-2.592152654444053
32.33,8.699343955674202,15.745644360977439,13.175042039769828,-2.592152654444053
32.335,9.051238473540893,16.298997097864422,13.684670507804798,-2.592152654444053
32.34,9.414095752619811,16.85217021041902,14.240615069692913,-2.592152654444053
32.345,9.78641656748511,17.402441103616983,14.843282029364406,-2.592152654444053
32.35,10.166514698052943,17.945545232864642,15.497154296889882,-2.592152654444053
32.355000000000004,10.554415681392468,18.47749170256422,16.202287229488512,-2.592152654444053
32.36,10.950036449442438,18.99369214695327,16.960750121888555,-2.592152654444053
32.365,11.351411387794421,19.489440342476623,17.775221962165208,-2.592152654444053
32.37,11.757436952357311,19.959560383489706,18.64386488674989,-2.592152654444053
32.375,12.167202413120702,20.397005958487686,19.56894651897642,-2.592152654444053
32.38,12.577900510821797,20.796313996953387,20.54806415763911,-2.592152654444053
32.385,12.988490689683372,21.147907557062386,21.581781633809175,-2.592152654444053
32.39,13.39693269739983,21.445508014413768,22.667560546324452,-2.592152654444053
32.395,13.800532207884366,21.681383296790408,23.802109916765914,-2.592152654444053
32.4,14.194005330343645,21.850196042125685,24.98143036138199,-2.592152654444053
32.405,14.577245105159253,21.940874436495946,26.199747029306668,-2.592152654444053
32.410000000000004,14.947296758604983,21.949522406799204,27.44921500866706,-2.592152654444053
32.415,15.298573836240227,21.867570417986208,28.722953270736713,-2.592152654444053
32.42,15.626624440687468,21.689399065136286,30.012442745249544,-2.592152654444053
32.425,15.92978459373971,21.411045750805517,31.30745260240984,-2.592152654444053
32.43,16.204728424996635,21.02668219466524,32.595692070264235,-2.592152654444053
32.435,16.446320481600328,20.537374243620185,33.86498050060447,-2.592152654444053
32.44,16.650756023859383,19.93989740797237,35.10306307242373,-2.592152654444053
32.445,16.814541684003913,19.233678309071305,36.294678367109654,-2.592152654444053
32.45,16.93527081400435,18.427448444162707,37.427740495870445,-2.592152654444053
32.455,17.01014750715765,17.52481423603693,38.48934534229793,-2.592152654444053
32.46,17.035986698136604,16.531399443498398,39.46690587261915,-2.592152654444053
32.465,17.009454544778222,15.459309874938004,40.34832586090341,-2.592152654444053
32.47,16.932494923555403,14.318679254242952,41.124987829885505,-2.592152654444053
32.475,16.80157531519702,13.12317876846032,41.788571100914965,-2.592152654444053
32.480000000000004,16.618028692134548,11.886190471227014,42.3346408997845,-2.592152654444053
32.485,16.381145969718403,10.62326898992911,42.75784022003091,-2.592152654444053
32.49,16.094229157799155,9.34835681838664,43.05746923122701,-2.592152654444053
32.495,15.756183050141757,8.075664358764719,43.235674862666244,-2.592152654444053
32.5,15.37150213792001,6.821826355594275,43.29537324373355,-2.592152654444053
32.505,14.943698752150995,5.600791680827009,43.24264655666923,-2.592152654444053
32.51,14.47685621905399,4.421622358482188,43.083950763978244,-2.592152654444053
32.515,13.974433031696545,3.295395097184352,42.82865979093828,-2.592152654444053
32.52,13.44136729429938,2.229789865774503,42.48785560993832,-2.592152654444053
32.525,12.881701522810827,1.2316321439424949,42.071962795911,-2.592152654444053
32.53,12.299282715240244,0.30664228624860224,41.59118574190193,-2.592152654444053
32.535000000000004,11.699416344730253,-0.5423919384339759,41.05546799070478,-2.592152654444053
32.54,11.08776553752849,-1.315401749616461,40.476133525064164,-2.592152654444053
32.545,10.467635335780086,-2.015035418542489,39.863379153912966,-2.592152654444053
32.55,9.843748571325799,-2.6378434276463594,39.22716638383956,-2.592152654444053
32.555,9.219480005113676,-3.189957400397269,38.57419618028818,-2.592152654444053
32.56,8.59799842396447,-3.674078162703679,37.91369262230156,-2.592152654444053
32.565,7.985393170563189,-4.093636022369148,37.250112850313435,-2.592152654444053
32.57,7.382589532118592,-4.4560320788855154,36.5894540994723,-2.592152654444053
32.575,6.7918211782035005,-4.763592326566131,35.93770652008684,-2.592152654444053
32.58,6.2131502384834425,-5.022238204348284,35.29683532926194,-2.592152654444053
32.585,5.651190569476619,-5.237303159402903,34.669424594629504,-2.592152654444053
32.59,5.106137767344654,-5.4127009781720545,34.060492019532326,-2.592152654444053
32.595,4.580452383362222,-5.553898495036734,33.46679736202026,-2.592152654444053
32.6,4.0742389645364865,-5.66495598392978,32.89458555182622,-2.592152654444053
32.605000000000004,3.5878269374718803,-5.750146312690429,32.34135111000666,-2.592152654444053
32.61,3.1215707271369286,-5.81158280841563,31.806983928568638,-2.592152654444053
32.615,2.675149679565835,-5.85568514567162,31.291336818715386,-2.592152654444053
32.62,2.2491512791657993,-5.882928621500778,30.795306115187373,-2.592152654444053
32.625,1.8434439417559878,-5.898447725241933,30.318250950320017,-2.592152654444053
32.63,1.4563278473542143,-5.904094458063178,29.860341276398948,-2.592152654444053
32.635,1.0888821011922356,-5.901371233371677,29.41897061759804,-2.592152654444053
32.64,0.73856293496113,-5.890338530081563,28.994959685306092,-2.592152654444053
32.645,0.4075218371422497,-5.877983778447027,28.585735693715215,-2.592152654444053
32.65,0.09299584710911013,-5.862128875098715,28.1913884965958,-2.592152654444053
32.655,-0.20432464649411747,-5.8445213701432595,27.813380135511675,-2.592152654444053
32.660000000000004,-0.48642051076164505,-5.827616147017817,27.448260482994773,-2.592152654444053
32.665,-0.7535020779327406,-5.811836749407226,27.097811245821052,-2.592152654444053
32.67,-1.0057185669801836,-5.798616851097219,26.757622685284385,-2.592152654444053
32.675,-1.2455209088126964,-5.789378132770832,26.429790495792933,-2.592152654444053
32.68,-1.4726544628445097,-5.7835218668795765,26.112247311909872,-2.592152654444053
32.685,-1.6883328270391875,-5.78083818127294,25.80749530011807,-2.592152654444053
32.69,-1.8933191289117202,-5.782216704848693,25.512274903969416,-2.592152654444053
32.695,-2.0879749752784793,-5.790061664402134,25.2250387434162,-2.592152654444053
32.7,-2.2737869107535564,-5.803517765911075,24.94981093471217,-2.592152654444053
32.705,-2.4499268512567887,-5.822998266657596,24.68283771880886,-2.592152654444053
32.71,-2.6183730020347338,-5.847443779974991,24.424576358784375,-2.592152654444053
32.715,-2.780185140649489,-5.878498081428036,24.175611716227113,-2.592152654444053
32.72,-2.9340186916151225,-5.915508759776241,23.936235439800555,-2.592152654444053
32.725,-3.083073699187712,-5.95844887045045,23.702251716888174,-2.592152654444053
32.730000000000004,-3.2269887423450854,-6.008272882461014,23.479029936456794,-2.592152654444053
32.735,-3.3658628105968433,-6.065104976116204,23.262876540604385,-2.592152654444053
32.74,-3.500183014765876,-6.126990819371592,23.055013724114055,-2.592152654444053
32.745,-3.631533962990341,-6.195359787816455,22.854917200083285,-2.592152654444053
32.75,-3.759275532456185,-6.270524660334281,22.661975748818623,-2.592152654444053
32.755,-3.884107125041117,-6.352924912751608,22.47697582490631,-2.592152654444053
32.76,-4.008481161148641,-6.441260200872139,22.301142720535612,-2.592152654444053
32.765,-4.1306713623341125,-6.536826190498429,22.133343212927077,-2.592152654444053
32.77,-4.250973210972865,-6.638249858367191,21.974515488755564,-2.592152654444053
32.775,-4.370270776323805,-6.745822950245376,21.82181836166857,-2.592152654444053
32.78,-4.489301850524531,-6.860996953955919,21.67861016602442,-2.592152654444053
32.785000000000004,-4.608544949924201,-6.981236123281643,21.542625013380345,-2.592152654444053
32.79,-4.726593333659659,-7.107030610716353,21.41614056846564,-2.592152654444053
32.795,-4.845246335359319,-7.240473976574841,21.29883097014819,-2.592152654444053
32.8,-4.963857752313699,-7.378843010322415,21.19130813099579,-2.592152654444053
32.805,-5.084071517773542,-7.524175858970963,21.091090306552967,-2.592152654444053
32.81,-5.205767272312732,-7.674738344235319,21.000423892038373,-2.592152654444053
32.815,-5.330038795200622,-7.8318757885420975,20.91935346559598,-2.592152654444053
32.82,-5.455313545925176,-7.9933228049655645,20.84881657446379,-2.592152654444053
32.825,-5.5820763360759145,-8.160883933311823,20.78716788889514,-2.592152654444053
32.83,-5.712150087066168,-8.333634547423783,20.737888126304192,-2.592152654444053
32.835,-5.844502463958991,-8.512841080721621,20.700150461497753,-2.592152654444053
32.84,-5.976741368727246,-8.695941334215771,20.67329010963861,-2.592152654444053
32.845,-6.113253039431241,-8.88383938119532,20.656641297573614,-2.592152654444053
32.85,-6.252186202006717,-9.077736147698232,20.652547251910086,-2.592152654444053
32.855000000000004,-6.393167825803267,-9.276437480287182,20.660787227746116,-2.592152654444053
32.86,-6.536927057586008,-9.477861644988813,20.68165027883667,-2.592152654444053
32.865,-6.6843210097208585,-9.682139258006163,20.715539696211824,-2.592152654444053
32.87,-6.833859531776468,-9.88943622985496,20.763501757738165,-2.592152654444053
32.875,-6.986875752468546,-10.100250780800016,20.824434400277955,-2.592152654444053
32.88,-7.143381323447513,-10.312013647360775,20.8986629786531,-2.592152654444053
32.885,-7.301970647786304,-10.526349516109786,20.987521383860486,-2.592152654444053
32.89,-7.463016621050579,-10.742828369129873,21.091714234907293,-2.592152654444053
32.895,-7.6263273580410775,-10.95892823318057,21.21207841821112,-2.592152654444053
32.9,-7.794428740291455,-11.176921464572361,21.346737354304203,-2.592152654444053
32.905,-7.963384751038066,-11.392358425233397,21.49789493825444,-2.592152654444053
32.910000000000004,-8.135504281888595,-11.606325372735434,21.664814999441422,-2.592152654444053
32.915,-8.308551304517069,-11.81837113475522,21.847641444908703,-2.592152654444053
32.92,-8.483023289071918,-12.029561678257512,22.046945288511566,-2.592152654444053
32.925,-8.659627726176156,-12.236012579773021,22.263224843502847,-2.592152654444053
32.93,-8.83843560773057,-12.4368136546497,22.49680517416904,-2.592152654444053
32.935,-9.017451641794887,-12.631578804414575,22.746901783520272,-2.592152654444053
32.94,-9.197137914083545,-12.819017509356229,23.013026848728124,-2.592152654444053
32.945,-9.378519919782851,-12.997076636176086,23.295643224997033,-2.592152654444053
32.95,-9.559852009266987,-13.165042145782703,23.593937091442516,-2.592152654444053
32.955,-9.739733360115837,-13.323523875291588,23.908328430344085,-2.592152654444053
32.96,-9.91933012099764,-13.469954064871079,24.238685395913144,-2.592152654444053
32.965,-10.096504936382,-13.601159112723332,24.583955343262648,-2.592152654444053
32.97,-10.27358721057636,-13.717155039731388,24.942650765468297,-2.592152654444053
32.975,-10.445285407999055,-13.81964916723911,25.315467246545825,-2.592152654444053
32.980000000000004,-10.612867985003406,-13.903637078864424,25.70007579364897,-2.592152654444053
32.985,-10.778039847924187,-13.968752543487751,26.096280858021615,-2.592152654444053
32.99,-10.938990165133593,-14.014995802440602,26.50031223830512,-2.592152654444053
32.995,-11.09337441505181,-14.039640154594586,26.913708422655304,-2.592152654444053
33.0,-11.239795746675041,-14.042868033916804,27.33296300175894,-2.592152654444053
33.005,-11.378859747094328,-14.023311854036079,27.755954397030973,-2.592152654444053
33.01,-11.510310431981765,-13.97994329470179,28.183825901897446,-2.592152654444053
33.015,-11.634708655842468,-13.913827723801747,28.61344759893765,-2.592152654444053
33.02,-11.748347218247757,-13.821651368949508,29.04162793008414,-2.592152654444053
33.025,-11.85121689764173,-13.704756620193091,29.466467384320175,14.437676262925994
33.03,-11.942749332068512,-13.478063529647894,29.885647121672186,14.437676262925994
33.035000000000004,-12.019775058080565,-13.226046680625812,30.289662464340566,14.437676262925994
33.04,-12.079617011092127,-12.95106606838421,30.680712621366375,14.437676262925994
33.045,-12.12266508530233,-12.652045909443657,31.05357661709466,14.437676262925994
33.05,-12.150120931030324,-12.331486117052767,31.406127634089795,14.437676262925994
33.055,-12.159012499766554,-11.99021648241273,31.737392945131568,14.437676262925994
33.06,-12.152095079040969,-11.630610961764674,32.042405497254215,14.437676262925994
33.065,-12.126186380391756,-11.253559850919263,32.32229235122506,14.437676262925994
33.07,-12.082333157878775,-10.862437259341096,32.5729090965946,14.437676262925994
33.075,-12.021505166344113,-10.459141034320746,32.79608185446422,14.437676262925994
33.08,-11.94372424275468,-10.046415522834614,32.98645741895891,14.437676262925994
33.085,-11.849187424243643,-9.626955445735263,33.146511920993944,14.437676262925994
33.09,-11.738634051205876,-9.201841672389154,33.27561462392337,14.437676262925994
33.095,-11.61137123131499,-8.7727412852164,33.37263428316727,14.437676262925994
33.1,-11.468545862739157,-8.344161344974948,33.4373145222107,14.437676262925994
33.105000000000004,-11.311651619998832,-7.9178139848976645,33.46984766724848,14.437676262925994
33.11,-11.14290143501426,-7.497577325285583,33.471633559754075,14.437676262925994
33.115,-10.960378225577044,-7.083685461020671,33.442235281987074,14.437676262925994
33.12,-10.766829388161497,-6.6777283368205484,33.3851787219275,14.437676262925994
33.125,-10.562390020995826,-6.282230306871978,33.300358134229086,14.437676262925994
33.13,-10.348500840395408,-5.899271781849617,33.18808080432948,14.437676262925994
33.135,-10.1249195850109,-5.5272612295318915,33.05045139239213,14.437676262925994
33.14,-9.895040546245156,-5.170253925413682,32.89046212834031,14.437676262925994
33.145,-9.656779473036723,-4.830417246834513,32.707339441770664,14.437676262925994
33.15,-9.414405382502373,-4.5060343516842725,32.50374526809767,14.437676262925994
33.155,-9.169270384187703,-4.200957451304202,32.28175211946924,14.437676262925994
33.160000000000004,-8.921243667638738,-3.9100657635249836,32.04355833208088,14.437676262925994
33.165,-8.671031626282833,-3.6370971566995793,31.790713241208614,14.437676262925994
33.17,-8.418489068357484,-3.380721239544443,31.52430533059239,14.437676262925994
33.175,-8.166106802354424,-3.1430307899140133,31.246372905462945,14.437676262925994
33.18,-7.914357998470734,-2.9224714709399233,30.9570874295333,14.437676262925994
33.185,-7.663806023477993,-2.719236734345753,30.65989663691068,14.437676262925994
33.19,-7.416314190392028,-2.532365941128521,30.35560877119787,14.437676262925994
33.195,-7.170975268623039,-2.3604434707482493,30.046083990840106,14.437676262925994
33.2,-6.931339917433798,-2.2028716317237076,29.729711586786646,14.437676262925994
33.205,-6.69374749404167,-2.0596442528086354,29.410130710621118,14.437676262925994
33.21,-6.461976332306272,-1.9296454782684866,29.086438699402454,14.437676262925994
33.215,-6.235097530115175,-1.8135649203702127,28.760041324754166,14.437676262925994
33.22,-6.014571442681747,-1.7088907278077965,28.43281139986055,14.437676262925994
33.225,-5.798818149729186,-1.6159321523312886,28.104316504013156,14.437676262925994
33.230000000000004,-5.590151765899292,-1.5328554906783765,27.775856554094624,14.437676262925994
33.235,-5.3879893629191615,-1.4594401052792998,27.448689861783432,14.437676262925994
33.24,-5.191530731484092,-1.3951011573049714,27.12213288723131,14.437676262925994
33.245,-5.001960414964386,-1.3376079091216917,26.797878874630737,14.437676262925994
33.25,-4.818818321108635,-1.287673967974282,26.473486882244913,14.437676262925994
33.255,-4.643200343574343,-1.2459286038417747,26.151529982708713,14.437676262925994
33.26,-4.473473272837191,-1.209358655462075,25.833266961676063,14.437676262925994
33.265,-4.3100530513922,-1.1785671949848018,25.516328464608467,14.437676262925994
33.27,-4.152316540331021,-1.1530367936210744,25.20092074034035,14.437676262925994
33.275,-4.003706884489274,-1.1330016088162929,24.889515619518505,14.437676262925994
33.28,-3.860891515805804,-1.1195740891909036,24.580038671114867,14.437676262925994
33.285000000000004,-3.7243675847861604,-1.107116997549273,24.273373433153996,14.437676262925994
33.29,-3.594173350683101,-1.0973927576921358,23.969625874180835,14.437676262925994
33.295,-3.4681694718060254,-1.092027407714373,23.670861321391325,14.437676262925994
33.3,-3.3484729375972373,-1.0895548131973072,23.373885242797183,14.437676262925994
33.305,-3.2356414728477594,-1.0890664469855416,23.08099501689068,14.437676262925994
33.31,-3.128417445988382,-1.090864054648938,22.789374629313958,14.437676262925994
33.315,-3.0264691861795647,-1.0941001365575138,22.50333965102512,14.437676262925994
33.32,-2.9294736772880285,-1.0993346331245681,22.221245653251877,14.437676262925994
33.325,-2.8381143774955504,-1.1071610230912745,21.941674981222334,14.437676262925994
33.33,-2.7512558074079703,-1.1141437787698454,21.664767175707542,14.437676262925994
33.335,-2.6687680292955362,-1.1230740146098044,21.39000262914389,14.437676262925994
33.34,-2.591554166499149,-1.1339077926775425,21.119990913392108,14.437676262925994
33.345,-2.5182674394515323,-1.144935243424816,20.853646062479317,14.437676262925994
33.35,-2.4493214452391623,-1.156020380826177,20.589432058262407,14.437676262925994
33.355000000000004,-2.3852176866407335,-1.1700910658737271,20.328893941337647,14.437676262925994
33.36,-2.3242643330640305,-1.1832992308442996,20.07225825989615,14.437676262925994
33.365,-2.266998992303505,-1.198471940264609,19.817753517459508,14.437676262925994
33.37,-2.2131865523318552,-1.2126351779504834,19.566158505376123,14.437676262925994
33.375,-2.1631200624022173,-1.227745551683939,19.319093810891843,14.437676262925994
33.38,-2.1165186515021714,-1.2433182957760636,19.075003364753545,14.437676262925994
33.385,-2.073319693290311,-1.258915577701527,18.833827468493364,14.437676262925994
33.39,-2.032483905579305,-1.2753192476488207,18.596326396461667,14.437676262925994
33.395,-1.995195081752559,-1.2916819845322278,18.360467936876304,14.437676262925994
33.4,-1.9602445121522956,-1.3091552973508815,18.127921722638607,14.437676262925994
33.405,-1.9264207472594337,-1.327471699956745,17.898912026326038,14.437676262925994
33.410000000000004,-1.8964565162777296,-1.3457492721927602,17.672774565867684,14.437676262925994
33.415,-1.8686524118392833,-1.3639408758424896,17.450373679012632,14.437676262925994
33.42,-1.842959023429802,-1.3840225799355477,17.230627950854473,14.437676262925994
33.425,-1.8202992814810652,-1.4042530831963098,17.014008655061854,14.437676262925994
33.43,-1.8008181673840846,-1.4249172360607911,16.799657985273694,14.437676262925994
33.435,-1.781495994042743,-1.4467434581927445,16.588024776939147,14.437676262925994
33.44,-1.7656853514106718,-1.4689956281443466,16.378537841736723,14.437676262925994
33.445,-1.750302234288528,-1.491776906022943,16.172442113340352,14.437676262925994
33.45,-1.7378284740058116,-1.515982326329864,15.970210750639351,14.437676262925994
33.455,-1.7275737395356736,-1.5404362985165494,15.770024199710607,14.437676262925994
33.46,-1.718131412408018,-1.5668684842930283,15.572826120280537,14.437676262925994
33.465,-1.7093074214977904,-1.5939102570982744,15.378222935800439,14.437676262925994
33.47,-1.7037159277694203,-1.6213085216962468,15.186676223818935,14.437676262925994
33.475,-1.6992817334370003,-1.650756135019219,14.99992182548545,14.437676262925994
33.480000000000004,-1.6965089081953735,-1.6807941462959881,14.81342721263563,14.437676262925994
33.485,-1.6961795766564711,-1.711357076192311,14.629018022853286,14.437676262925994
33.49,-1.6965394902441258,-1.744444552987021,14.448086501678475,14.437676262925994
33.495,-1.699102586008972,-1.7795299477832902,14.270707154865836,14.437676262925994
33.5,-1.703175801783694,-1.8146992410213423,14.096104328857388,14.437676262925994
33.505,-1.7084700157683232,-1.8519237781875584,13.923464318973934,14.437676262925994
33.51,-1.7166468579419525,-1.8898327759720677,13.752744160937365,14.437676262925994
33.515,-1.7263760211752899,-1.9303501746166798,13.586423149625038,14.437676262925994
33.52,-1.7370534627563645,-1.9725233694483313,13.42230569171701,14.437676262925994
33.525,-1.7486903349775815,-2.0169472498755945,13.260666183073601,14.437676262925994
33.53,-1.7617189704022276,-2.064293744849105,13.101332755949166,14.437676262925994
33.535000000000004,-1.7772023644197623,-2.1129460292905837,12.945630922067393,14.437676262925994
33.54,-1.7938811898580533,-2.1634386058319803,12.791088092340633,14.437676262925994
33.545,-1.8110338962657322,-2.216450486753096,12.640395702206803,14.437676262925994
33.55,-1.8309330146547007,-2.2725857562880134,12.491599083202248,14.437676262925994
33.555,-1.852839036721756,-2.3316566266810277,12.346372627077056,14.437676262925994
33.56,-1.877516567986126,-2.393024867432342,12.20423327286326,14.437676262925994
33.565,-1.90416638721573,-2.458204876168174,12.06357625958176,14.437676262925994
33.57,-1.9324969457762244,-2.5254618330902225,11.927048129652949,14.437676262925994
33.575,-1.9625928856927488,-2.595588402234093,11.791943196939243,14.437676262925994
33.58,-1.9936594116478286,-2.6703866062410024,11.661514261458041,14.437676262925994
33.585,-2.027863574755881,-2.748401165611874,11.532647033498758,14.437676262925994
33.59,-2.06353991682101,-2.8303902138315835,11.406598106808621,14.437676262925994
33.595,-2.101144542855729,-2.9145348485808387,11.28274349173396,14.437676262925994
33.6,-2.1416600767296066,-3.00336665771196,11.163467588089542,14.437676262925994
33.605000000000004,-2.185036965108213,-3.0977682764639995,11.045682549201986,14.437676262925994
33.61,-2.2303853084339935,-3.1970132102791546,10.93305661427824,14.437676262925994
33.615,-2.276704881404942,-3.2981987429189012,10.823605760720373,14.437676262925994
33.62,-2.3284471499293264,-3.4037804280219692,10.71789607645759,14.437676262925994
33.625,-2.383095950670035,-3.5155130468894322,10.614588268245997,14.437676262925994
33.63,-2.439701432889374,-3.6333182564478346,10.514741257042099,14.437676262925994
33.635,-2.499331834759528,-3.754886459195009,10.419201215331231,14.437676262925994
33.64,-2.5617932127394827,-3.8832846351425276,10.3275424168066,14.437676262925994
33.645,-2.6275629880416607,-4.019586106955206,10.239641525681394,14.437676262925994
33.65,-2.6969218712340477,-4.161265505278,10.156689327300437,14.437676262925994
33.655,-2.770845040305681,-4.309356347195138,10.078254614510962,14.437676262925994
33.660000000000004,-2.84785154666233,-4.464564569016058,10.0037455947378,14.437676262925994
33.665,-2.927939343425205,-4.626793978835344,9.934985105858503,14.437676262925994
33.67,-3.013177084144315,-4.795448355525056,9.870279314467373,14.437676262925994
33.675,-3.1025247791476436,-4.971193216112476,9.811786332845898,14.437676262925994
33.68,-3.1958387118030323,-5.156749539205661,9.75921813658919,14.437676262925994
33.685,-3.292867183361504,-5.349126305856132,9.712455720352859,14.437676262925994
33.69,-3.3959620171364198,-5.550380420378495,9.670989277234701,14.437676262925994
33.695,-3.5044005221450623,-5.762905235258081,9.638149582020517,14.437676262925994
33.7,-3.6165804186255253,-5.9831685647166015,9.610641220338799,14.437676262925994
33.705,-3.736385121670028,-6.214584898378843,9.591554792175737,14.437676262925994
33.71,-3.859156113347877,-6.455348793533383,9.580766065397782,14.437676262925994
33.715,-3.9882522699168335,-6.706986811613483,9.57812385060353,14.437676262925994
33.72,-4.123653603694311,-6.968764071527483,9.583995604713476,14.437676262925994
33.725,-4.2673355911340485,-7.2418319830946505,9.600025508852397,14.437676262925994
33.730000000000004,-4.417421010742796,-7.526404200004332,9.626801608105811,14.437676262925994
33.735,-4.572033058736796,-7.822226880667468,9.664342790884072,14.437676262925994
33.74,-4.733621343169544,-8.130500204076913,9.714677921628542,14.437676262925994
33.745,-4.903822727274495,-8.44980924520044,9.777923373788076,14.437676262925994
33.75,-5.080742609608736,-8.7831400857045,9.85536715434131,14.437676262925994
33.755,-5.2662038871236225,-9.128693403089773,9.947275569844551,14.437676262925994
33.76,-5.4599016202313235,-9.48510221751125,10.054119734207562,14.437676262925994
33.765,-5.661142210782129,-9.856043673423196,10.179274277708126,14.437676262925994
33.77,-5.870519251501797,-10.23913137869638,10.323088776009252,14.437676262925994
33.775,-6.08884892392639,-10.634830583809672,10.485622859389535,14.437676262925994
33.78,-6.315176399197662,-11.042581680951665,10.670216043839051,14.437676262925994
33.785000000000004,-6.551806779279279,-11.462550334047018,10.876462991246818,14.437676262925994
33.79,-6.797921626543141,-11.893703191889093,11.106767879515841,14.437676262925994
33.795,-7.052450223069481,-12.336106214451181,11.363244516985922,14.437676262925994
33.8,-7.316072014811123,-12.788345211093908,11.648100936429486,14.437676262925994
33.805,-7.589260127859455,-13.250705975090154,11.960032719299347,14.437676262925994
33.81,-7.871374479141237,-13.720420862750037,12.302968572186485,14.437676262925994
33.815,-8.164880324881388,-14.196722779917623,12.678827516691378,14.437676262925994
33.82,-8.465768084965289,-14.679388322680046,13.0884753860631,14.437676262925994
33.825,-8.775453839215785,-15.164750556937502,13.53541397323302,14.437676262925994
33.83,-9.095738354631,-15.65217823841391,14.02072673993043,14.437676262925994
33.835,-9.423496654650467,-16.137463372201136,14.54559116159487,14.437676262925994
33.84,-9.758719822138637,-16.617657508708447,15.111268207579585,14.437676262925994
33.845,-10.10165808327641,-17.09206843996571,15.72152685920782,14.437676262925994
33.85,-10.451535111160496,-17.55359330024194,16.37455179647715,14.437676262925994
33.855000000000004,-10.808061135447806,-18.00088984024684,17.074427901513292,14.437676262925994
33.86,-11.167506488275604,-18.428857315683526,17.81967982893864,14.437676262925994
33.865,-11.531310207834112,-18.83342617181546,18.612096297814613,14.437676262925994
33.87,-11.897282509730356,-19.208959361764084,19.44875599793665,14.437676262925994
33.875,-12.263087646540846,-19.549041833234078,20.33210845608274,14.437676262925994
33.88,-12.628328559755182,-19.84848247447827,21.259248283557543,14.437676262925994
33.885,-12.990735868302577,-20.10232970830116,22.229083186616403,14.437676262925994
33.89,-13.345506332502158,-20.30547028657299,23.238724302490095,14.437676262925994
33.895,-13.692050160141273,-20.44852011945468,24.284077066723423,14.437676262925994
33.9,-14.030667349907006,-20.528896463709167,25.36064744852977,14.437676262925994
33.905,-14.355416404143908,-20.539176500932086,26.46158087071578,14.437676262925994
33.910000000000004,-14.66477663963165,-20.4745979361408,27.58274294226323,14.437676262925994
33.915,-14.954998622057206,-20.330564362025793,28.716591384987133,14.437676262925994
33.92,-15.224579065055659,-20.10310759211775,29.854681975820416,14.437676262925994
33.925,-15.468303205950198,-19.789331181208876,30.98711631615108,14.437676262925994
33.93,-15.685102512427441,-19.386155871395815,32.10463269300753,14.437676262925994
33.935,-15.869514322581916,-18.894815724533093,33.19699191671867,14.437676262925994
33.94,-16.020315967078336,-18.315909880000227,34.25316071409279,14.437676262925994
33.945,-16.13469463570817,-17.65168419533407,35.26416862765756,14.437676262925994
33.95,-16.209857182238263,-16.90675748321567,36.21744772369065,14.437676262925994
33.955,-16.243506520006637,-16.0835598658726,37.10531137849704,14.437676262925994
33.96,-16.23419417071659,-15.190128011489337,37.916546848213486,14.437676262925994
33.965,-16.180997880176786,-14.237158153291606,38.64545333982033,14.437676262925994
33.97,-16.084161108586443,-13.231337587133453,39.28207976389902,14.437676262925994
33.975,-15.941052177387197,-12.185378873762,39.82200109903026,14.437676262925994
33.980000000000004,-15.751501060730329,-11.108868696185501,40.26161913742422,14.437676262925994
33.985,-15.51871039443687,-10.01554754367006,40.59921176996108,14.437676262925994
33.99,-15.243298762504413,-8.917267614550363,40.83478578903803,14.437676262925994
33.995,-14.927384209096964,-7.821874487595112,40.970220557642364,14.437676262925994
34.0,-14.570830159171328,-6.743136937681563,41.00706376567885,14.437676262925994
34.005,-14.180193561963106,-5.689011313208344,40.95077960753405,14.437676262925994
34.01,-13.755568917117563,-4.668793382521237,40.80835300555215,14.437676262925994
34.015,-13.300651582317858,-3.6912399569215997,40.584331419122016,14.437676262925994
34.02,-12.819300661920144,-2.7646221751285758,40.288303131490075,14.437676262925994
34.025,-12.316676497729054,-1.890239431003623,39.92773916209748,14.437676262925994
34.03,-11.795281307727544,-1.0744638958372095,39.51165837412577,14.437676262925994
34.035000000000004,-11.259489902540107,-0.31766801549552215,39.047114144324986,14.437676262925994
34.04,-10.711807925861212,0.37785495495934474,38.54319755670723,14.437676262925994
34.045,-10.15679620109936,1.0118044566807138,38.0084650489084,14.437676262925994
34.05,-9.598909104260114,1.5861268392934451,37.44961223356423,14.437676262925994
34.055,-9.039730515542555,2.1045311363550634,36.87600549232087,14.437676262925994
34.06,-8.481453111188145,2.568081256179455,36.289596987804195,14.437676262925994
34.065,-7.929219913155487,2.9794758935696817,35.6980599004133,14.437676262925994
34.07,-7.383122985104187,3.3412195276555785,35.10450131579986,14.437676262925994
34.075,-6.847057920353205,3.659118404557457,34.51289092136339,14.437676262925994
34.08,-6.322542474462876,3.9354443533750176,33.92673117890372,14.437676262925994
34.085,-5.809540986209057,4.174987131278542,33.34971496693972,14.437676262925994
34.09,-5.310016321653367,4.383215489516021,32.783428436446314,14.437676262925994
34.095,-4.826857483544704,4.5608022880811205,32.23115645525174,14.437676262925994
34.1,-4.357672635859602,4.712997813412965,31.69134645874748,14.437676262925994
34.105000000000004,-3.904211061100855,4.8411608187407715,31.165280493517642,14.437676262925994
34.11,-3.4666445827397823,4.949470691555749,30.656980520402286,14.437676262925994
34.115,-3.0461048981405208,5.043392272847728,30.1625635909437,14.437676262925994
34.12,-2.6424928993115375,5.122470732399203,29.683398746468146,14.437676262925994
34.125,-2.2533923052798466,5.191952839700251,29.219971744061095,14.437676262925994
34.13,-1.88157128844626,5.252215426225774,28.770995576873542,14.437676262925994
34.135,-1.5243038989609876,5.304633888917775,28.338135719130147,14.437676262925994
34.14,-1.183386508836484,5.353471854905276,27.92063745561972,14.437676262925994
34.145,-0.8567099177314439,5.3984079133847525,27.517100786660837,14.437676262925994
34.15,-0.5447387709837063,5.441486694144619,27.128060239042618,14.437676262925994
34.155,-0.2458389028777051,5.483350462353062,26.75148913265353,14.437676262925994
34.160000000000004,0.040321973834279545,5.525434603155176,26.387022950857205,14.437676262925994
34.165,0.31301540701974834,5.569882157024433,26.034976895166743,-19.176703200225855
34.17,0.576561831892834,5.44851806079079,25.695739637244962,-19.176703200225855
34.175000000000004,0.8192088563298066,5.332323656310008,25.368490514450514,-19.176703200225855
34.18,1.0456533218277848,5.220426218623528,25.052100227517005,-19.176703200225855
34.185,1.2550710012147697,5.114464491138215,24.744814969044228,-19.176703200225855
34.19,1.4480292582850167,5.013826608222554,24.447633457851666,-19.176703200225855
34.195,1.6277990071436896,4.918725427444501,24.157370909127422,-19.176703200225855
34.2,1.7915317347777975,4.829555767595161,23.874575877626054,-19.176703200225855
34.205,1.9437325258657978,4.746259027749626,23.599039236533837,-19.176703200225855
34.21,2.0832712534151447,4.668476881364338,23.3304948636087,-19.176703200225855
34.215,2.212104245950778,4.597668332562699,23.0674344359738,-19.176703200225855
34.22,2.332135654947899,4.532992167308169,22.81131480884383,-19.176703200225855
34.225,2.441920922951635,4.4751615948738515,22.55994086857635,-19.176703200225855
34.230000000000004,2.5436023086735755,4.424066872953397,22.313238160625286,-19.176703200225855
34.235,2.636675407850457,4.377014929368003,22.07180891431543,-19.176703200225855
34.24,2.7228086759198793,4.337557073891375,21.83682478506976,-19.176703200225855
34.245,2.8033438213976285,4.3034612974034205,21.60441077347134,-19.176703200225855
34.25,2.8786866237850353,4.276404711012158,21.375832235114313,-19.176703200225855
34.255,2.948641252200106,4.254785323725512,21.15191057878796,-19.176703200225855
34.26,3.0147143239854097,4.237823042115034,20.932668567857327,-19.176703200225855
34.265,3.0759974221998925,4.2258715076189715,20.717867588099097,-19.176703200225855
34.27,3.1339506566940862,4.2202666721193,20.50674595231535,-19.176703200225855
34.275,3.1876533840766994,4.220456493363345,20.298987826985634,-19.176703200225855
34.28,3.238985116563726,4.2258287999536615,20.09439276233181,-19.176703200225855
34.285000000000004,3.2881686830767256,4.236557946786634,19.89369040491863,-19.176703200225855
34.29,3.3353317889715464,4.2520455359079286,19.698688502348247,-19.176703200225855
34.295,3.3809994173306515,4.273811974007582,19.507547477710002,-19.176703200225855
34.300000000000004,3.426058412267297,4.3001815261761385,19.318981347466607,-19.176703200225855
34.305,3.4702231656432274,4.331552922089384,19.136108815624468,-19.176703200225855
34.31,3.5120589266006172,4.367772236398625,18.95642692136567,-19.176703200225855
34.315,3.555125876570959,4.407907452755399,18.779996276256608,-19.176703200225855
34.32,3.5970866314064276,4.454749143451396,18.607651034747864,-19.176703200225855
34.325,3.640369390246523,4.504169375250397,18.43887901840113,-19.176703200225855
34.33,3.68337982609194,4.559135508693403,18.275094207731282,-19.176703200225855
34.335,3.7273584878923303,4.618337465902778,18.114975899851938,-19.176703200225855
34.34,3.7703593084699176,4.685261231087733,17.959281314042723,-19.176703200225855
34.345,3.8171494112300905,4.754329437222145,17.809492962796327,-19.176703200225855
34.35,3.8638762178431496,4.828799753928549,17.663231936559857,-19.176703200225855
34.355000000000004,3.9128773639427443,4.908752259780764,17.520468638940123,-19.176703200225855
34.36,3.9634562114920286,4.994120666247468,17.384401456097315,-19.176703200225855
34.365,4.015150828367391,5.084365968203157,17.251738734991743,-19.176703200225855
34.37,4.069569724639099,5.179082104755163,17.12275531825113,-19.176703200225855
34.375,4.1263579200765745,5.278739376136379,16.999952348722225,-19.176703200225855
34.38,4.1837629561317495,5.383486918593188,16.88230824860396,-19.176703200225855
34.385,4.243784733435098,5.492901331288122,16.769803916673382,-19.176703200225855
34.39,4.305866809680155,5.608273937296443,16.661782858237427,-19.176703200225855
34.395,4.36983953154619,5.728985795395888,16.56085117214047,-19.176703200225855
34.4,4.437582782125554,5.855157187245664,16.464118536551613,-19.176703200225855
34.405,4.508964516709715,5.9866689235166435,16.37466889955989,-19.176703200225855
34.410000000000004,4.582121550670831,6.123216115491684,16.291201215779562,-19.176703200225855
34.415,4.659249584512215,6.2658585985304835,16.214339036078776,-19.176703200225855
34.42,4.740039718945864,6.4127816350861915,16.145003049703707,-19.176703200225855
34.425000000000004,4.8229867920808,6.566049369328595,16.08225631205956,-19.176703200225855
34.43,4.909495222186922,6.724719002753556,16.026700843159922,-19.176703200225855
34.435,5.000070710815611,6.889477776059858,15.977316756566852,-19.176703200225855
34.44,5.094283522454654,7.0609969749264145,15.936304647861478,-19.176703200225855
34.445,5.193214085313372,7.237335201058032,15.903568195810653,-19.176703200225855
34.45,5.296360363328044,7.418901721796063,15.880061756861512,-19.176703200225855
34.455,5.403696261670902,7.605934267677354,15.865489881215488,-19.176703200225855
34.46,5.514264774674323,7.800135438726315,15.859532359836475,-19.176703200225855
34.465,5.627801251193354,7.99898635313399,15.86172797825148,-19.176703200225855
34.47,5.747170307630603,8.20406475473661,15.875422547458372,-19.176703200225855
34.475,5.869568388417744,8.415708275393811,15.899638596370318,-19.176703200225855
34.480000000000004,5.997885317515117,8.633006291287401,15.934623722173352,-19.176703200225855
34.485,6.129421078155048,8.854849080266783,15.980083515674432,-19.176703200225855
34.49,6.264907132081406,9.083771690644431,16.03914174793375,-19.176703200225855
34.495,6.404536420981747,9.317509427691961,16.108804121165857,-19.176703200225855
34.5,6.551017826413287,9.554685691313816,16.19317330484498,-19.176703200225855
34.505,6.701336633346315,9.797519054411428,16.28903667103449,-19.176703200225855
34.51,6.855384439226704,10.04596090142742,16.399500144079337,-19.176703200225855
34.515,7.014469460880221,10.29739975058404,16.525731327979557,-19.176703200225855
34.52,7.180144063124875,10.551751651800599,16.666053001829543,-19.176703200225855
34.525,7.34841278260836,10.81072316011248,16.82217921064748,-19.176703200225855
34.53,7.521955282326002,11.071795942261446,16.995593510022303,-19.176703200225855
34.535000000000004,7.699073479620002,11.334063652657536,17.18630816893508,-19.176703200225855
34.54,7.881546820947211,11.597730439011858,17.39250939180655,-19.176703200225855
34.545,8.068429225274302,11.861779833327953,17.617819686415853,-19.176703200225855
34.550000000000004,8.256805252635214,12.124873579320669,17.861565027477457,-19.176703200225855
34.555,8.450419825605225,12.387077656507456,18.124676109211975,-19.176703200225855
34.56,8.64620801833183,12.647311323338634,18.405781656815357,-19.176703200225855
34.565,8.84661687222036,12.90313661482908,18.70691997087379,-19.176703200225855
34.57,9.048940160749629,13.15459911364012,19.028180156403057,-19.176703200225855
34.575,9.254827064427435,13.398669652822477,19.368965699035353,-19.176703200225855
34.58,9.461359949822466,13.634623477976703,19.732088422919034,-19.176703200225855
34.585,9.67017586317739,13.86245615905108,20.11381548843164,-19.176703200225855
34.59,9.879866655150833,14.077728337943487,20.516005401934684,-19.176703200225855
34.595,10.08994881707681,14.280310229506915,20.9382870443639,-19.176703200225855
34.6,10.299416528692236,14.470039190709457,21.37947120402284,-19.176703200225855
34.605000000000004,10.508116685715835,14.644150805318668,21.839582922173996,-19.176703200225855
34.61,10.713360405206364,14.797314638345929,22.31682560808516,-19.176703200225855
34.615,10.91698580394829,14.93175381703615,22.812594950820234,-19.176703200225855
34.62,11.118366492174813,15.043537571810392,23.323215463310213,-19.176703200225855
34.625,11.31388788770819,15.132473924908442,23.84903707771551,-19.176703200225855
34.63,11.50449828706354,15.195545099930216,24.386296283153154,-19.176703200225855
34.635,11.688995818255762,15.23307636733448,24.93528039090687,-19.176703200225855
34.64,11.867512836897514,15.240316103758982,25.493201755517195,-19.176703200225855
34.645,12.035776443965577,15.217489424414989,26.058226935180222,-19.176703200225855
34.65,12.193164836569684,15.162382002996132,26.62663269598778,-19.176703200225855
34.655,12.340661453233285,15.074860082198642,27.195910066291425,-19.176703200225855
34.660000000000004,12.477853527416372,14.953460299469441,27.763895693167946,-19.176703200225855
34.665,12.602534852167487,14.799374662634976,28.32758361045328,-19.176703200225855
34.67,12.711574093351452,14.607814291732637,28.880797683710266,-19.176703200225855
34.675000000000004,12.806778306275667,14.38325017426651,29.42332405142847,-19.176703200225855
34.68,12.884941292102196,14.124498645888588,29.951480585676965,-19.176703200225855
34.685,12.948322344903305,13.832376966540906,30.46200872707793,-19.176703200225855
34.69,12.992274170726628,13.50750416235208,30.951167772989105,-19.176703200225855
34.695,13.018457038556235,13.152760659846248,31.416926227752818,-19.176703200225855
34.7,13.025120372074667,12.769973543561383,31.85404443241838,-19.176703200225855
34.705,13.011618749081242,12.358462405935967,32.260572757039526,-19.176703200225855
34.71,12.979708426054366,11.922511843467992,32.63400932234045,-19.176703200225855
34.715,12.925507898925238,11.46657011408945,32.9736591243458,-19.176703200225855
34.72,12.851701051318933,10.992271266093967,33.27475392618371,-19.176703200225855
34.725,12.759127561409386,10.501655119505344,33.53746648894332,-19.176703200225855
34.730000000000004,12.647904685656345,10.000177255679278,33.761361269826324,-19.176703200225855
34.735,12.515597850009488,9.489758628344553,33.94309177707423,-19.176703200225855
34.74,12.364943786863732,8.974664478839557,34.083809968876075,-19.176703200225855
34.745,12.195585202272136,8.457824020416178,34.18459414798481,-19.176703200225855
34.75,12.00987222322935,7.942799828167888,34.245181507208414,-19.176703200225855
34.755,11.805989209630003,7.4321660906299405,34.26440446607465,-19.176703200225855
34.76,11.586832539610276,6.93010870679709,34.24674307658861,-19.176703200225855
34.765,11.353468026019225,6.438452033313849,34.19191241405966,-19.176703200225855
34.77,11.106972509117114,5.95818531998893,34.10079641536953,-19.176703200225855
34.775,10.849522660518838,5.493251957827359,33.97675572767361,-19.176703200225855
34.78,10.581972317374307,5.045932344359688,33.821772729102754,-19.176703200225855
34.785000000000004,10.30607846861855,4.616091423438508,33.63791015044668,-19.176703200225855
34.79,10.021517358537203,4.2065522609207235,33.42734637789352,-19.176703200225855
34.795,9.732225568300716,3.8182073356428012,33.19229073570347,-19.176703200225855
34.800000000000004,9.437898819764074,3.451350552691087,32.935783904079074,-19.176703200225855
34.805,9.138541971290124,3.1042835774893254,32.65986855108648,-19.176703200225855
34.81,8.838720927890073,2.779512799834842,32.366339232475305,-19.176703200225855
34.815,8.537250035651173,2.477192789153113,32.05844772696534,-19.176703200225855
34.82,8.23452557900223,2.1959005156403837,31.73639479573009,-19.176703200225855
34.825,7.9320767046729515,1.9356063480000285,31.403119983979643,-19.176703200225855
34.83,7.630916895411504,1.693541167179162,31.061623773085007,-19.176703200225855
34.835,7.333696364948469,1.4709273101832152,30.711795702081595,-19.176703200225855
34.84,7.040011723440853,1.2667903058195091,30.355596843894116,-19.176703200225855
34.845,6.752198371881927,1.0814215883218288,29.995043663070597,-19.176703200225855
34.85,6.467716687060334,0.9132164264219681,29.63096486786369,-19.176703200225855
34.855000000000004,6.189829610746586,0.7596884340211557,29.26408905293038,-19.176703200225855
34.86,5.916710308718377,0.6217722456985051,28.89582423187627,-19.176703200225855
34.865,5.651572906691238,0.49639386512785744,28.529463475801688,-19.176703200225855
34.87,5.393858978673423,0.38377488969334933,28.163304867422685,-19.176703200225855
34.875,5.143654063909548,0.28146363722693524,27.797783293843246,-19.176703200225855
34.88,4.90060621115304,0.19022930893872408,27.434372012515798,-19.176703200225855
34.885,4.664758877192731,0.10696282911378127,27.073116594218025,-19.176703200225855
34.89,4.437013242430468,0.031803849532307776,26.714904899863424,-19.176703200225855
34.895,4.216183625181139,-0.03564618500906115,26.358579554394474,-19.176703200225855
34.9,4.0030116182977835,-0.09664429207370605,26.006240333312903,-19.176703200225855
34.905,3.7985783103706754,-0.15132723795344288,25.655874095097374,-19.176703200225855
34.910000000000004,3.6009324903912976,-0.20216838589015945,25.311856299766177,-19.176703200225855
34.915,3.4102624137017465,-0.24832495155180334,24.968887274732566,-19.176703200225855
34.92,3.2268369763993183,-0.29133982416618237,24.63071715634023,-19.176703200225855
34.925000000000004,3.050034294643636,-0.33095889985832677,24.297387905489146,-19.176703200225855
34.93,2.8808704013818187,-0.3684415326132464,23.96944077320008,-19.176703200225855
34.935,2.718702813873578,-0.4034251316103654,23.644399489737975,-19.176703200225855
34.94,2.562832276444464,-0.4373955315475801,23.32307855033341,-19.176703200225855
34.945,2.413088142674379,-0.4715089379689922,23.006718427480106,-19.176703200225855
34.95,2.2690255657087137,-0.5052167374070549,22.69412863342627,-19.176703200225855
34.955,2.131001840453773,-0.5386932484461966,22.384431473705884,-19.176703200225855
34.96,1.9975089489191507,-0.5740775888243201,22.079815366772202,-19.176703200225855
34.965,1.8681732142428442,-0.6086431071028315,21.778619584569594,-19.176703200225855
34.97,1.7445872723139118,-0.6432404091938198,21.481541888092696,-19.176703200225855
34.975,1.6255220933090118,-0.6794602907076793,21.189100886184136,-19.176703200225855
34.980000000000004,1.5102273268341306,-0.7173142044606827,20.90148383683063,-19.176703200225855
34.985,1.398959201388558,-0.7567617663380064,20.61777691102782,-19.176703200225855
34.99,1.2927502038710885,-0.7962909208200092,20.337476463219485,-19.176703200225855
34.995,1.1888461038389182,-0.8384512376685377,20.061502580649815,-19.176703200225855
35.0,1.0860124770144017,-0.8832758473597451,19.789138084261786,-19.176703200225855
35.005,0.9877247261257218,-0.9293128203659791,19.520142394444072,-19.176703200225855
35.01,0.8919523792185153,-0.978501572002823,19.255335475377635,-19.176703200225855
35.015,0.7982745306191131,-1.0297902880045473,18.995049980258813,-19.176703200225855
35.02,0.7055872089218462,-1.0855064950380733,18.73646789323026,-19.176703200225855
35.025,0.6159274312670927,-1.1425788866695832,18.4816456698703,-19.176703200225855
35.03,0.5278657794607579,-1.2033167485941219,18.23087221420324,-19.176703200225855
35.035000000000004,0.441105911720889,-1.2656937582334955,17.985299767677333,-19.176703200225855
35.04,0.3552855379267963,-1.3337345615463474,17.74222952026288,-19.176703200225855
35.045,0.2694347587915927,-1.4054957528568566,17.503576117641014,-19.176703200225855
35.050000000000004,0.1859969570104954,-1.4812031338624159,17.268712267125657,-19.176703200225855
35.055,0.10287659947731283,-1.560013446558613,17.037198302492243,-19.176703200225855
35.06,0.01919364825024504,-1.6425654863030401,16.809148479306597,-19.176703200225855
35.065,-0.06383531917930753,-1.7299631867499892,16.58518966690745,-19.176703200225855
35.07,-0.14633475859117573,-1.8206867254973431,16.364983120663073,-19.176703200225855
35.075,-0.22941197195194088,-1.9161424967981757,16.14813625753989,-19.176703200225855
35.08,-0.31380401848452866,-2.015338056272718,15.935656074832117,-19.176703200225855
35.085,-0.3984692733973655,-2.1208470492713793,15.725125843798565,-19.176703200225855
35.09,-0.4840004075476151,-2.2302114747932884,15.519912177006399,-19.176703200225855
35.095,-0.5721966675620942,-2.3447438963439975,15.318141614452275,-19.176703200225855
35.1,-0.6604313889027276,-2.4639671112996777,15.12099360751322,-19.176703200225855
35.105000000000004,-0.7512228667301926,-2.590741011921615,14.92785301117647,-19.176703200225855
35.11,-0.8431402336271083,-2.722481044814474,14.738242612451876,-19.176703200225855
35.115,-0.9378899485148893,-2.8596784413761114,14.55193819913851,-19.176703200225855
35.12,-1.0348136354668123,-3.004422113106061,14.37105202426582,-19.176703200225855
35.125,-1.1333961823163197,-3.155267357876241,14.194782498330285,-19.176703200225855
35.13,-1.2349637066018093,-3.3137941494944125,14.023535299224061,-19.176703200225855
35.135,-1.338733459569177,-3.4781246990369095,13.856282816458485,-19.176703200225855
35.14,-1.4454949040111125,-3.650320624994684,13.694565674958412,-19.176703200225855
35.145,-1.5567538662948597,-3.830372538184318,13.539289890640969,-19.176703200225855
35.15,-1.6698825641195705,-4.019100665118703,13.388689360565927,-19.176703200225855
35.155,-1.786751865812385,-4.2159279465683825,13.243498165149088,-19.176703200225855
35.160000000000004,-1.9074975651805388,-4.421085343845383,13.105395636677729,-19.176703200225855
35.165,-2.0338607233180697,-4.636665164910893,12.973824603024081,-19.176703200225855
35.17,-2.163843030971694,-4.861053051206836,12.847023517497883,-19.176703200225855
35.175000000000004,-2.3002509687778816,-5.096187770007068,12.727993422061521,-19.176703200225855
35.18,-2.439093011719661,-5.343269733261906,12.616879312349315,-19.176703200225855
35.185,-2.583937925049924,-5.599933105770981,12.512809324494187,-19.176703200225855
35.19,-2.734749780472841,-5.867926717091871,12.419698703872038,-19.176703200225855
35.195,-2.8908512052918116,-6.147437055072919,12.3334807713668,-19.176703200225855
35.2,-3.0550255848166525,-6.439230567780237,12.257825623575206,-19.176703200225855
35.205,-3.2240460249157037,-6.743093858802867,12.192749996482927,-19.176703200225855
35.21,-3.3987175610935054,-7.060907899582085,12.139230717354994,-19.176703200225855
35.215,-3.5820054724855486,-7.390771250542878,12.096983601095882,-19.176703200225855
35.22,-3.773855710137825,-7.733600777166702,12.068037631068623,-19.176703200225855
35.225,-3.971669404612823,-8.090919163966865,12.053120177449605,-19.176703200225855
35.230000000000004,-4.1776766650153165,-8.462222061553764,12.052189320872843,-19.176703200225855
35.235,-4.393065494051095,-8.849564759149287,12.069093807613097,-19.176703200225855
35.24,-4.615392010588662,-9.251710481045587,12.102847180658433,-19.176703200225855
35.245,-4.846563485517362,-9.667297526108579,12.15722920024241,-19.176703200225855
35.25,-5.087985452884668,-10.098503890127908,12.22820317719519,-19.176703200225855
35.255,-5.338153825643455,-10.545091980600935,12.32274485382572,-19.176703200225855
35.26,-5.59889569311615,-11.007440677868388,12.440147366017902,-19.176703200225855
35.265,-5.869154593144559,-11.484499753541392,12.581689427878057,-19.176703200225855
35.27,-6.149297423814113,-11.97609168327938,12.751317897489166,-19.176703200225855
35.275,-6.4402715730648135,-12.480201286577968,12.950479097965275,-19.176703200225855
35.28,-6.743494445522239,-12.998640332819024,13.180017788958745,-19.176703200225855
35.285000000000004,-7.056407033626219,-13.529874298616775,13.441263401460045,-19.176703200225855
35.29,-7.379745601154982,-14.072496693060877,13.739126980277684,-19.176703200225855
35.295,-7.714580032502177,-14.623612395165566,14.074778267178251,-19.176703200225855
35.300000000000004,-8.060663277119756,-15.185923254948339,14.450385447891891,-19.176703200225855
35.305,-8.415797030997444,-15.750915590544814,14.868678201299371,-19.176703200225855
35.31,-8.782748559442858,-16.318969889962357,15.333986799924295,-19.176703200225855
35.315,-9.159339015495378,-16.888777777927732,15.847178968243602,-19.176703200225855
35.32,-9.545902101130846,-17.456926378077583,16.40885528906486,-19.176703200225855
35.325,-9.941604346000089,-18.018398725686943,17.022836594947318,-19.176703200225855
35.33,-10.344962970078583,-18.568961066476245,17.692652597750207,-19.176703200225855
35.335,-10.755586277303069,-19.10366725919263,18.416568704057873,-19.176703200225855
35.34,-11.1719238201997,-19.619743565466553,19.19819353329207,-19.176703200225855
35.345,-11.59346805460792,-20.108897440000458,20.038459892444788,-19.176703200225855
35.35,-12.018789446647261,-20.565350038984207,20.937772505892568,-19.176703200225855
35.355000000000004,-12.446005947309658,-20.98241787375357,21.894487191437122,-19.176703200225855
35.36,-12.872596418542098,-21.35255529756635,22.906810380192326,-19.176703200225855
35.365,-13.296157417046016,-21.668792273675393,23.9752250809521,-19.176703200225855
35.37,-13.714094017997294,-21.925136890395077,25.095669535768614,-19.176703200225855
35.375,-14.124475652933137,-22.109746545558142,26.26476648957506,-19.176703200225855
35.38,-14.523974016434888,-22.216562462453034,27.475626849186458,-19.176703200225855
35.385,-14.908448322396245,-22.23829427917658,28.724345018736077,-19.176703200225855
35.39,-15.274411246653603,-22.1696757065167,29.997613408068073,-19.176703200225855
35.395,-15.619332447009846,-22.003173148921338,31.291380735766126,-19.176703200225855
35.4,-15.938119580905173,-21.731934446494904,32.59160124187206,-19.176703200225855
35.405,-16.226763733359412,-21.353744716568777,33.8881496820807,-19.176703200225855
35.410000000000004,-16.482040173918527,-20.863765153908766,35.168313766907914,-19.176703200225855
35.415,-16.70157587005338,-20.265236922509114,36.41784633997313,-19.176703200225855
35.42,-16.880337342698756,-19.557268201017827,37.62510730004895,-19.176703200225855
35.425000000000004,-17.01349089545803,-18.743163954970573,38.77177981522483,-19.176703200225855
35.43,-17.09948836279046,-17.828801581273222,39.84936368484432,-19.176703200225855
35.435,-17.13617002211412,-16.82327747617313,40.8438699942256,-19.176703200225855
35.44,-17.121142143553133,-15.734402443591172,41.74195342573176,-19.176703200225855
35.445,-17.05261668518185,-14.575182936676237,42.532546933897166,-19.176703200225855
35.45,-16.928291048984853,-13.358598977391873,43.20869838154923,-19.176703200225855
35.455,-16.749914787193983,-12.100364163176044,43.762551884868486,-19.176703200225855
35.46,-16.516699986285744,-10.816110035493788,44.19287689513384,-19.176703200225855
35.465,-16.231118793518437,-9.520346896807656,44.498223437685155,-19.176703200225855
35.47,-15.896085664270439,-8.229497266813363,44.67701612660213,-19.176703200225855
35.475,-15.512309293119683,-6.958859897509065,44.73473007421555,-19.176703200225855
35.480000000000004,-15.085640425390437,-5.7210942213314,44.678654211935964,-19.176703200225855
35.485,-14.616720388213016,-4.53011970908564,44.51424911523901,-19.176703200225855
35.49,-14.111003147806162,-3.3977149670483096,44.25192623477457,-19.176703200225855
35.495,-13.575464080289297,-2.330287800528853,43.900665143610574,-19.176703200225855
35.5,-13.013413196078776,-1.33527876174806,43.473216786824544,-19.176703200225855
35.505,-12.428974507634289,-0.4185922119642441,42.98025987791239,-19.176703200225855
35.51,-11.828254590065619,0.418283882468354,42.43293713168615,-19.176703200225855
35.515,-11.215738902720362,1.1738924254515302,41.841006708905034,-19.176703200225855
35.52,-10.596802414401848,1.8472470779941599,41.217525712251955,-19.176703200225855
35.525,-9.973392073412558,2.4429847541086898,40.57064359168448,-19.176703200225855
35.53,-9.35287642803463,2.962493485577489,39.90832637459105,-19.176703200225855
35.535000000000004,-8.736095349388323,3.410103206533144,39.23706243833306,-19.176703200225855
35.54,-8.128815422139049,3.7872068865936175,38.56596943151614,-19.176703200225855
35.545,-7.532998885809941,4.10332769472934,37.896954398233476,-19.176703200225855
35.550000000000004,-6.950629194184528,4.359429460505313,37.23779900194706,-19.176703200225855
35.555,-6.386064226378494,4.563501316228946,36.590004379660016,-19.176703200225855
35.56,-5.839190006699487,4.7194075626209475,35.95566121913004,-19.176703200225855
35.565,-5.310967268457741,4.832156063499677,35.337964955028006,-19.176703200225855
35.57,-4.802515771572583,4.908756186935895,34.73869092226584,-19.176703200225855
35.575,-4.316153484181637,4.949343451930049,34.157180675152354,-19.176703200225855
35.58,-3.853480509960981,4.961709386870166,33.59524035852698,-19.176703200225855
35.585,-3.412924283779934,4.948946236907536,33.05278133430966,-19.176703200225855
35.59,-2.995065400879181,4.914765148538814,32.526050524256405,-19.176703200225855
35.595,-2.6001698259168435,4.862356672736125,32.01921716787359,-19.176703200225855
35.6,-2.2262264894876003,4.795474921220439,31.52731921819094,-19.176703200225855
35.605000000000004,-1.8753361365574808,4.71564973389152,31.054924774085215,-19.176703200225855
35.61,-1.545064282071801,4.624815532599346,30.59643720821905,-19.176703200225855
35.615,-1.2369382256081893,4.524880733451151,30.15343775760315,-19.176703200225855
35.62,-0.9494366732978687,4.4191044598239175,29.72355744235108,-19.176703200225855
35.625,-0.6800080183260786,4.309066956605205,29.30702885298743,-19.176703200225855
35.63,-0.42931485597619584,4.196034131961615,28.902473848121062,-19.176703200225855
35.635,-0.1989713215598678,4.081353417127597,28.50759759737062,-19.176703200225855
35.64,0.016562155619369162,3.965147719966451,28.12221487187757,-19.176703200225855
35.645,0.21417343679417838,3.849424433767322,27.74873408400184,-19.176703200225855
35.65,0.3969974276021738,3.7335761536330336,27.382634952070216,-19.176703200225855
35.655,0.5632284610290539,3.61943739037163,27.02513745041324,-19.176703200225855
35.660000000000004,0.7168465012152321,3.507999168539645,26.67699812290662,-19.176703200225855
35.665,0.8569111620803956,3.3984971258481234,26.333713498164485,-19.176703200225855
35.67,0.9840786101609001,3.2928069535469016,25.99628276189872,-19.176703200225855
35.675000000000004,1.0993773663919912,3.1904663257825487,25.66409943205451,-19.176703200225855
35.68,1.2024547500898422,3.090514632858109,25.33940673606184,-19.176703200225855
35.685,1.295867838813107,2.9958771199510346,25.020429517277467,-19.176703200225855
35.69,1.3808554634808132,2.9055412568964405,24.70412648838227,-19.176703200225855
35.695,1.456475767649994,2.8188781569305634,24.394734560567965,-19.176703200225855
35.7,1.5227671803594511,2.7344909296517184,24.08899386519597,-19.176703200225855
35.705,1.582766625896734,2.654158255108815,23.787357241439192,-19.176703200225855
35.71,1.6370829356476722,2.5779327723625105,23.49238914252011,-19.176703200225855
35.715,1.685372113869459,2.505612286838837,23.200102629753893,-19.176703200225855
35.72,1.726736684351974,2.438059142578256,22.912152549887914,-19.176703200225855
35.725,1.762025852576044,2.373504514504331,22.62688930274616,-19.176703200225855
35.730000000000004,1.7927328703071672,2.3133794896872515,22.345788336750825,-19.176703200225855
35.735,1.8198478143548837,2.2578248282852367,22.067935621337828,-19.176703200225855
35.74,1.8429720087565546,2.20355437108591,21.792653945503275,-19.176703200225855
35.745,1.8601612779491894,2.1538705573119694,21.52253952247955,-19.176703200225855
35.75,1.8739953090734878,2.1075494930997123,21.25509964763831,-19.176703200225855
35.755,1.8863379376627485,2.064567289285908,20.990833453891778,-19.176703200225855
35.76,1.894396807904973,2.024773703121233,20.7302530140665,-19.176703200225855
35.765,1.9005289349062862,1.9879522502654898,20.473366289445075,-19.176703200225855
35.77,1.9047420690941503,1.9539040458094918,20.219328079810687,-19.176703200225855
35.775,1.9066572799177115,1.922788648815402,19.966957963084884,-19.176703200225855
35.78,1.907435728877881,1.894689401004956,19.718705710158673,-19.176703200225855
35.785000000000004,1.907527140102507,1.8683353005175167,19.47359980761057,-19.176703200225855
35.79,1.9053193362792025,1.845241728578245,19.23111244541214,-19.176703200225855
35.795,1.902357716962109,1.823643281712387,18.993038193549342,-19.176703200225855
35.800000000000004,1.897974204504659,1.804451044572165,18.756542547460135,-19.176703200225855
35.805,1.8940929707795915,1.7869523627038177,18.52555542398339,-19.176703200225855
35.81,1.8880096239644033,1.7722346086690433,18.296564948361308,-19.176703200225855
35.815,1.8823995307878731,1.7586778036147783,18.06902706715234,-19.176703200225855
35.82,1.8753935637120176,1.749001527118593,17.8458733568578,-19.176703200225855
35.825,1.8694933558003806,1.7382831136653611,17.623383057591496,-19.176703200225855
35.83,1.8635520595528174,1.7308951118493763,17.40295905309602,-19.176703200225855
35.835,1.8577308264672925,1.72466836006117,17.18628750253336,-19.176703200225855
35.84,1.850254014398989,1.7207261065539392,16.972111960494512,-19.176703200225855
35.845,1.842641459079389,1.7176951452281333,16.761893825130272,-19.176703200225855
35.85,1.8359991467136445,1.7168419476125447,16.55481470725136,-19.176703200225855
35.855000000000004,1.8302660936811277,1.717712781158311,16.349944114501763,-19.176703200225855
35.86,1.8240203382286522,1.7201414765646552,16.146844620421906,-19.176703200225855
35.865,1.819205984900865,1.7253127070130838,15.948694893387525,-19.176703200225855
35.87,1.811976958306492,1.7305800123848403,15.750986320455208,-19.176703200225855
35.875,1.8087219683670386,1.7381733965109782,15.555812483061084,-19.176703200225855
35.88,1.8054887709997056,1.7452427607132908,15.364972014609727,-19.176703200225855
35.885,1.8029682100261675,1.754187008306377,15.176062349529467,-19.176703200225855
35.89,1.7999182263357831,1.7657451019293757,14.989177150754303,-19.176703200225855
35.895,1.7987695047016405,1.7784047056149859,14.80538712793822,-19.176703200225855
35.9,1.7977887833809854,1.7934333606051807,14.623475806842032,-19.176703200225855
35.905,1.7989385152213075,1.8085299284917287,14.444486202721905,-19.176703200225855
35.910000000000004,1.7992126513794964,1.8255561725610072,14.267591978229099,-19.176703200225855
35.915,1.80012952128127,1.8444055048419097,14.093693217167482,-19.176703200225855
35.92,1.8020464883932643,1.863997650670814,13.922510239648378,-19.176703200225855
35.925000000000004,1.805862880659742,1.884579377683201,13.752510291681139,-19.176703200225855
35.93,1.8094931345441623,1.9082557924426105,13.586978390652284,-19.176703200225855
35.935,1.8141167624199614,1.9333394409619193,13.423569185847684,-19.176703200225855
35.94,1.8204567668749116,1.960180271129623,13.263347614144957,-19.176703200225855
35.945,1.8285082832863113,1.9886916870388387,13.104171625141245,-19.176703200225855
35.95,1.8375461820665107,2.019399216671916,12.949248463578822,-19.176703200225855
35.955,1.8464002939059323,2.050693931722366,12.795143830019832,-19.176703200225855
35.96,1.8563266942285575,2.0852543858667105,12.642854638037731,-19.176703200225855
35.965,1.8654387704401127,2.1215246838133335,12.494028246665383,-19.176703200225855
35.97,1.8777131702378447,2.1595480655763595,12.346824598782923,-19.176703200225855
35.975,1.8933542814676216,2.2000895006441263,12.203156994708594,-19.176703200225855
35.980000000000004,1.9087928254614,2.242406466557198,12.062723321750115,-19.176703200225855
35.985,1.9262479118905447,2.2878453971477963,11.922850790107228,-19.176703200225855
35.99,1.9435752625720997,2.334607104659141,11.784625778101171,-19.176703200225855
35.995,1.9641638859883956,2.3843779398953178,11.649648251143319,-19.176703200225855
36.0,1.9851791382017496,2.4363913856005803,11.518607174605973,-19.176703200225855
36.005,2.007466309267658,2.4906509110570223,11.388989027245305,-19.176703200225855
36.01,2.031207305077842,2.5485630178182506,11.263458489459099,-19.176703200225855
36.015,2.0569674334712564,2.6094693791674786,11.139460810128393,-19.176703200225855
36.02,2.084710483826223,2.6747792063295144,11.017521777702944,-19.176703200225855
36.025,2.114070732726284,2.7433742027934986,10.899126244685219,-19.176703200225855
36.03,2.1460944531124286,2.8145032064140674,10.782347588878494,-19.176703200225855
36.035000000000004,2.179998841040347,2.8891938835192046,10.667385882535731,-19.176703200225855
36.04,2.215519732416113,2.966863869061822,10.556329299159414,-19.176703200225855
36.045,2.2526791374381547,3.0479473957498078,10.448440299547938,-19.176703200225855
36.050000000000004,2.2921473080439,3.134466221379069,10.343762099462046,-19.176703200225855
36.055,2.3350050094382153,3.224003140735573,10.24215263276933,-19.176703200225855
36.06,2.3796311732902296,3.3196856415044493,10.142794823931265,-19.176703200225855
36.065,2.4258918576192032,3.419689867628531,10.047558513775334,-19.176703200225855
36.07,2.4757288201525753,3.525041301257992,9.954140598170781,-19.176703200225855
36.075,2.527786028951567,3.6338818517472316,9.865544014533139,-19.176703200225855
36.08,2.5840981340088307,3.748572483553297,9.779322285599134,-19.176703200225855
36.085,2.6418904188083365,3.867598100237381,9.697782658008284,-19.176703200225855
36.09,2.7039724532487766,3.9945686033933927,9.620663665383168,-19.176703200225855
36.095,2.7691476893380975,4.127180061713967,9.545770572941112,-19.176703200225855
36.1,2.8377800730960576,4.266587093014577,9.475643129482819,-19.176703200225855
36.105000000000004,2.9100915825418583,4.411796964676919,9.409920043100694,-19.176703200225855
36.11,2.9844625038510206,4.564573652795439,9.347742795242304,-19.176703200225855
36.115,3.0637431829924515,4.724325949817821,9.291596555644785,-19.176703200225855
36.12,3.145869487308715,4.892033723022228,9.239598150688913,-19.176703200225855
36.125,3.2328322841199584,5.065711748201149,9.19371945708057,-19.176703200225855
36.13,3.325358313183267,5.249449426004299,9.153623804161617,-19.176703200225855
36.135,3.4213893355958915,5.44031547726177,9.118322100758325,-19.176703200225855
36.14,3.522567030600012,5.640109648835054,9.089794205078094,-19.176703200225855
36.145,3.627300042676004,5.849517236781511,9.067715322514966,-19.176703200225855
36.15,3.7384528796221703,6.068012314097016,9.05249330312372,-19.176703200225855
36.155,3.854128953800539,6.297139217624101,9.043749434957295,-19.176703200225855
36.160000000000004,3.9759141937542988,6.5349198415051735,9.044255262248898,-19.176703200225855
36.165,4.103476322476767,6.783375937786213,9.053621939210998,-19.176703200225855
36.17,4.239746270971354,7.041389672286782,9.072896660623051,-19.176703200225855
36.175000000000004,4.380169011576834,7.311533543066754,9.10090332121736,-19.176703200225855
36.18,4.525939595233748,7.59349305384735,9.138211458273435,-19.176703200225855
36.185,4.6777699728239845,7.885887653322976,9.187898187479865,-19.176703200225855
36.19,4.83830899198351,8.191434719118268,9.249528366102107,-19.176703200225855
36.195,5.00578426818874,8.50815876136578,9.322676080970565,-19.176703200225855
36.2,5.181088528461993,8.836695555940167,9.411210922308449,-19.176703200225855
36.205,5.363607345294273,9.177991600594725,9.513729430294239,-19.176703200225855
36.21,5.555060649423318,9.532297718312137,9.634037457823727,-19.176703200225855
36.215,5.7537366541358885,9.8979448513941,9.770308697461866,-19.176703200225855
36.22,5.96025972835305,10.275816355370543,9.92385640670039,-19.176703200225855
36.225,6.176005534658836,10.66668927172896,10.097409107551162,-19.176703200225855
36.230000000000004,6.3997829172486504,11.070460934724512,10.291784800277942,-19.176703200225855
36.235,6.633690305155276,11.486659296900877,10.507978694570479,-19.176703200225855
36.24,6.874997908110935,11.913563307057775,10.748341498813904,-19.176703200225855
36.245,7.127301694582884,12.349800961077026,11.013874848090552,-19.176703200225855
36.25,7.387424116334231,12.79694270262279,11.305394198466198,-19.176703200225855
36.255,7.658563541099712,13.253759904341472,11.62799573921159,-19.176703200225855
36.26,7.937663224078262,13.71803665943466,11.981172801392907,-19.176703200225855
36.265,8.22679053967969,14.189716963144027,12.365310985228412,-19.176703200225855
36.27,8.524894162811124,14.666058060867684,12.78489234910405,-19.176703200225855
36.275,8.832155655879182,15.145828586925205,13.239109582884845,-19.176703200225855
36.28,9.147639556236438,15.626647865663767,13.731895868288174,-19.176703200225855
36.285000000000004,9.471341558749648,16.105940858126853,14.263508176361688,-19.176703200225855
36.29,9.80310004282881,16.580383430813487,14.836722915485915,-19.176703200225855
36.295,10.141424258405525,17.047181862910172,15.453196355337147,-19.176703200225855
36.300000000000004,10.487728612070752,17.502590632765312,16.111948500830977,-19.176703200225855
36.305,10.837766603213975,17.942429132240072,16.814845990169005,-19.176703200225855
36.31,11.193185247593172,18.362233742724914,17.563483754752415,-19.176703200225855
36.315,11.551654939132035,18.758603664639672,18.356823316807105,-19.176703200225855
36.32,11.911728507828162,19.12591025109735,19.196389767111928,-19.176703200225855
36.325,12.273980164830196,19.459368494403815,20.079102126909824,-19.176703200225855
36.33,12.63355101586799,19.75321670619451,21.006735310357815,-19.176703200225855
36.335,12.989564731642785,19.999661329745784,21.974036367173454,-19.176703200225855
36.34,13.340841914485438,20.195105336497058,22.979081229473184,-19.176703200225855
36.345,13.684880977996707,20.33428846800962,24.01954925521795,-19.176703200225855
36.35,14.016554137804949,20.40898747091167,25.08989871934577,-19.176703200225855
36.355000000000004,14.335950750638958,20.414649102813225,26.185404403349445,-19.176703200225855
36.36,14.639467655782582,20.348392892322533,27.29979767627711,-19.176703200225855
36.365,14.924809351945783,20.200772852205194,28.424905144076742,-19.176703200225855
36.37,15.188537459701449,19.97311062010264,29.55229362238603,-19.176703200225855
36.375,15.427742227600874,19.658859866323933,30.67500656857978,-19.176703200225855
36.38,15.640326140876873,19.259131662916307,31.78282489944551,-19.176703200225855
36.385,15.820540595875654,18.771777912569636,32.865223292298765,-19.176703200225855
36.39,15.96808982188017,18.197765247666144,33.91231581037739,-19.176703200225855
36.395,16.078905285092638,17.538815069845835,34.912248545505705,-19.176703200225855
36.4,16.15182364455443,16.798637744915357,35.85577565278316,-19.176703200225855
36.405,16.184710130584996,15.983414384771587,36.73337537560695,-19.176703200225855
36.410000000000004,16.17494129559948,15.101329220560142,37.537733940112055,-19.176703200225855
36.415,16.120729319802134,14.158283460167452,38.258323458666425,-19.176703200225855
36.42,16.022297892043905,13.164852109083366,38.8893868629615,-19.176703200225855
36.425000000000004,15.879847369899466,12.129900075133879,39.42582709305165,-19.176703200225855
36.43,15.691804548231406,11.06671436067211,39.863111709015485,-19.176703200225855
36.435,15.459288210460944,9.985582364959178,40.20019152833525,-19.176703200225855
36.44,15.18545997932311,8.89655414595603,40.43706507865451,-19.176703200225855
36.445,14.872104882647664,7.812472022073288,40.575391550855386,-19.176703200225855
36.45,14.519499607995042,6.743626608745447,40.616330723656766,-19.176703200225855
36.455,14.130846022205136,5.698056890045314,40.56416013376436,-19.176703200225855
36.46,13.7087774741344,4.68671532736316,40.42529998166027,-19.176703200225855
36.465,13.257571306293565,3.716116322410741,40.20851963054002,-19.176703200225855
36.47,12.780461294861373,2.79150852058091,39.91888425916921,-19.176703200225855
36.475,12.280289928208386,1.9189171693530729,39.56415702604869,-19.176703200225855
36.480000000000004,11.761181728748669,1.1048846633876335,39.15430147878448,23.206846087709295
36.485,11.228892776211623,0.5593565947161779,38.6965461675418,23.206846087709295
36.49,10.695266057790628,0.0712889201887813,38.212846832959684,23.206846087709295
36.495,10.164933616418383,-0.35855724860063287,37.70726177622573,23.206846087709295
36.5,9.637767452239201,-0.7343952831750737,37.18634788377013,23.206846087709295
36.505,9.1190315328513,-1.0576826663761556,36.65550631862293,23.206846087709295
36.51,8.611447907471193,-1.3314437687517318,36.118246339124894,23.206846087709295
36.515,8.114472481905409,-1.5586664761126885,35.57919358104647,23.206846087709295
36.52,7.630700120959503,-1.7422723486415725,35.04083034617782,23.206846087709295
36.525,7.161512614215948,-1.8857601141036546,34.506795229613786,23.206846087709295
36.53,6.709592150461465,-1.993197354431372,33.98025965816427,23.206846087709295
36.535000000000004,6.274556685446406,-2.0681655027292445,33.46148137498091,23.206846087709295
36.54,5.857865353122192,-2.113167465459319,32.95141709134683,23.206846087709295
36.545,5.459446101791936,-2.131439835271519,32.4511453060567,23.206846087709295
36.550000000000004,5.079679448025674,-2.1267490115634113,31.96084767351185,23.206846087709295
36.555,4.719720319828822,-2.10030822429128,31.48009600773571,23.206846087709295
36.56,4.378622807494949,-2.0560780209576452,31.010963984975024,23.206846087709295
36.565,4.057432785961828,-1.9964905756612246,30.552133504561247,23.206846087709295
36.57,3.7546620375740973,-1.922191861860568,30.104623111426196,23.206846087709295
36.575,3.4708404403418953,-1.8364331759820105,29.666255332575236,23.206846087709295
36.58,3.205724399981757,-1.7386636056660096,29.23830168376822,23.206846087709295
36.585,2.9597510584205393,-1.6350159435111138,28.8193464100083,23.206846087709295
36.59,2.729782914363052,-1.5234410996837742,28.41028346062052,23.206846087709295
36.595,2.51748518127467,-1.4049414713777657,28.011203572957548,23.206846087709295
36.6,2.320666082609115,-1.2828429902102885,27.619465765964748,23.206846087709295
36.605000000000004,2.1410556560524117,-1.1562901807931116,27.235804186924327,23.206846087709295
36.61,1.9762451631563707,-1.0273911397198856,26.860386730111628,23.206846087709295
36.615,1.826239587997461,-0.894981669830924,26.492558061406868,23.206846087709295
36.62,1.6907799774393757,-0.7613528723046523,26.13078797299827,23.206846087709295
36.625,1.5682995277861533,-0.6255881861302977,25.77570989323761,23.206846087709295
36.63,1.4591696488399453,-0.4889524009105709,25.42661675735586,23.206846087709295
36.635,1.3611743124554014,-0.3501543362972926,25.084183550407904,23.206846087709295
36.64,1.2757313199830098,-0.21189183250858779,24.74717765831432,23.206846087709295
36.645,1.2020888800693168,-0.07547347931351076,24.41505062172363,23.206846087709295
36.65,1.137981362318884,0.06110429269025208,24.089713583002375,23.206846087709295
36.655,1.0845588859743232,0.20016359037994633,23.768063289473194,23.206846087709295
36.660000000000004,1.0407049890757964,0.3379224405519569,23.45139713125694,23.206846087709295
36.665,1.005559520919014,0.4759882097881293,23.1392670095923,23.206846087709295
36.67,0.9787822918266956,0.6135859828702738,22.83362401335984,23.206846087709295
36.675000000000004,0.9598577140982875,0.7516306986517884,22.53181694202217,23.206846087709295
36.68,0.9505966600913749,0.8902830480667618,22.234356632342166,23.206846087709295
36.685,0.9463341140424646,1.02991525113123,21.94194913638735,23.206846087709295
36.69,0.9511641976311124,1.1696713354854884,21.654538585667687,23.206846087709295
36.695,0.9613131441533289,1.3106543692868182,21.37241005010973,23.206846087709295
36.7,0.9784584499161065,1.4526952176970591,21.093945312039803,23.206846087709295
36.705,1.0022656522437527,1.5950467990222457,20.81914811869358,23.206846087709295
36.71,1.0325274600129224,1.7393303183001692,20.548789971783187,23.206846087709295
36.715,1.067759437254564,1.8831833429178675,20.283099528051014,23.206846087709295
36.72,1.1078117141176773,2.031144010438996,20.021702080331092,23.206846087709295
36.725,1.1544664618442917,2.181801528937947,19.765722393603628,23.206846087709295
36.730000000000004,1.2053105300086009,2.3338052937686187,19.516114198398263,23.206846087709295
36.735,1.261806744043057,2.489264478049891,19.270324289875823,23.206846087709295
36.74,1.3245921227113024,2.647834647472034,19.028249440579554,23.206846087709295
36.745,1.392004028154246,2.811313377176365,18.792413062364286,23.206846087709295
36.75,1.460562679462178,2.976971959248527,18.560833751072085,23.206846087709295
36.755,1.5379822564245633,3.146912279223132,18.335119383673312,23.206846087709295
36.76,1.6183046528919294,3.3213655619552114,18.114254395393996,23.206846087709295
36.765,1.703939404291112,3.5006210223242062,17.900180763789724,23.206846087709295
36.77,1.7958745692154392,3.685441541590632,17.69074459304622,23.206846087709295
36.775,1.8909106097354298,3.8748339254203454,17.48772957640028,23.206846087709295
36.78,1.9896735122825464,4.069745310271507,17.2921517300266,23.206846087709295
36.785000000000004,2.0922282371190297,4.271692906160918,17.102400755023663,23.206846087709295
36.79,2.1998988353357998,4.478843287264445,16.919925646553363,23.206846087709295
36.795,2.31415561911482,4.693747549659568,16.743121608617397,23.206846087709295
36.800000000000004,2.433106773740947,4.9172006327146915,16.57481467589544,23.206846087709295
36.805,2.557944364215857,5.148974609367819,16.413704772504143,23.206846087709295
36.81,2.6868051630935805,5.386682472495037,16.260710797970425,23.206846087709295
36.815,2.8220742967287418,5.632945890441938,16.117383704383066,23.206846087709295
36.82,2.9630848755130192,5.888101945838539,15.981734053410689,23.206846087709295
36.825,3.1086718821039265,6.1532076132594895,15.85596050026717,23.206846087709295
36.83,3.2601765952310693,6.4258468730164795,15.740911562284722,23.206846087709295
36.835,3.4192819183527723,6.709803018508193,15.635452379255403,23.206846087709295
36.84,3.5839304842578397,7.002224095441967,15.542712705290185,23.206846087709295
36.845,3.755127348955723,7.306770519755351,15.460668527060921,23.206846087709295
36.85,3.9323175848175334,7.6224020482351245,15.391064147848065,23.206846087709295
36.855000000000004,4.116578294020916,7.949571084558946,15.335764371366947,23.206846087709295
36.86,4.3088866318714665,8.286637730125584,15.29432696569618,23.206846087709295
36.865,4.507734691429967,8.635920007743941,15.269926223378205,23.206846087709295
36.87,4.71493777090989,8.9963085294276,15.260531288110661,23.206846087709295
36.875,4.929780116224381,9.367999348876547,15.269821622515728,23.206846087709295
36.88,5.152062156633189,9.751791692152947,15.297056882876731,23.206846087709295
36.885,5.381933068239804,10.146379915383427,15.343767841036321,23.206846087709295
36.89,5.619979135128655,10.553488042117124,15.411240154917744,23.206846087709295
36.895,5.866341434191318,10.969390184201806,15.501650025152108,23.206846087709295
36.9,6.121533301938218,11.397599853506593,15.61652894129257,23.206846087709295
36.905,6.3869468137559915,11.83435727059543,15.757618733785225,23.206846087709295
36.910000000000004,6.659354343868443,12.281556859220904,15.92534306332715,23.206846087709295
36.915,6.940904032184773,12.739468154371844,16.12235976250279,23.206846087709295
36.92,7.2285873298091925,13.204014115548397,16.34984362972445,23.206846087709295
36.925000000000004,7.526270638779708,13.674608316452462,16.608144565337838,23.206846087709295
36.93,7.834430544217955,14.151459885725732,16.901639537604822,23.206846087709295
36.935,8.150973745842277,14.631742520919023,17.231478408435784,23.206846087709295
36.94,8.475943826274811,15.113434320430041,17.597492196703918,23.206846087709295
36.945,8.807568942268176,15.595050559747488,18.003829426748602,23.206846087709295
36.95,9.147371899613795,16.074474652244493,18.451144011616154,23.206846087709295
36.955,9.493261613640163,16.545939628725623,18.938980299322417,23.206846087709295
36.96,9.845941717138865,17.009869306026665,19.472194297363508,23.206846087709295
36.965,10.204266314518849,17.46108683947794,20.04965956218051,23.206846087709295
36.97,10.566852294525003,17.894009556936926,20.67294694702127,23.206846087709295
36.975,10.93263789831036,18.30741632445573,21.341829268503226,23.206846087709295
36.980000000000004,11.301186483784413,18.694925317170732,22.058902366618877,23.206846087709295
36.985,11.671247606430503,19.05265078949308,22.821154366557504,23.206846087709295
36.99,12.039466618477118,19.376008418409857,23.629241795473547,23.206846087709295
36.995,12.40545508291438,19.658456502081087,24.48092349440425,23.206846087709295
37.0,12.767735502644253,19.894723993512855,25.37494557484026,23.206846087709295
37.005,13.12394416004237,20.078676928917467,26.305560025745645,23.206846087709295
37.01,13.471680492725152,20.20525136027109,27.271789285347488,23.206846087709295
37.015,13.808557457617729,20.269144464384663,28.269777850931646,23.206846087709295
37.02,14.132384280321443,20.26538052861621,29.29155304556815,23.206846087709295
37.025,14.440097676350954,20.18933703446704,30.333914473027164,23.206846087709295
37.03,14.72794783822222,20.036127149188275,31.3866358457632,23.206846087709295
37.035000000000004,14.994238060820958,19.803095184406597,32.44280950987856,23.206846087709295
37.04,15.233422299642616,19.485788321787904,33.49406444732991,23.206846087709295
37.045,15.44620015421807,19.08635253901516,34.53141429590823,23.206846087709295
37.050000000000004,15.628663643710883,18.60239696781771,35.54417437990916,23.206846087709295
37.055,15.776211523532574,18.036112572369557,36.52427488634168,23.206846087709295
37.06,15.889490368980645,17.390161984000777,37.45930109639894,23.206846087709295
37.065,15.964449406241608,16.668020854747997,38.34078900280252,23.206846087709295
37.07,15.998996793208995,15.876575494604623,39.16088244833796,23.206846087709295
37.075,15.992985387433748,15.021561243725651,39.90896534273089,23.206846087709295
37.08,15.945692904937415,14.111153652783946,40.57886100278373,23.206846087709295
37.085,15.854503708840388,13.15320832982061,41.164008353926285,23.206846087709295
37.09,15.718339644330987,12.159077666908887,41.65866886050925,23.206846087709295
37.095,15.540573306061932,11.140550970095637,42.05951987326227,23.206846087709295
37.1,15.321439344336426,10.108861830491762,42.36565305257884,23.206846087709295
37.105000000000004,15.060377655145693,9.072032298731111,42.57536281430161,23.206846087709295
37.11,14.760622623082428,8.044399316376424,42.69160102080686,23.206846087709295
37.115,14.426080820041038,7.0352495402702715,42.716960150943585,23.206846087709295
37.12,14.0571755071537,6.054163704518722,42.65518255357209,23.206846087709295
37.125,13.657785527298586,5.1092091085370885,42.51285382990303,23.206846087709295
37.13,13.231720790445012,4.209178639816621,42.295094858734224,23.206846087709295
37.135,12.779995145577837,3.358802763252598,42.008994349779606,23.206846087709295
37.14,12.30841856710799,2.5627339875720967,41.66396479944131,23.206846087709295
37.145,11.82035074097212,1.825116122704502,41.264313770136454,23.206846087709295
37.15,11.321264452194093,1.148968630826352,40.82282274083645,23.206846087709295
37.155,10.813603163176072,0.5333157328260114,40.34225168797694,23.206846087709295
37.160000000000004,10.29987660856169,-0.02016813845979404,39.83320768860671,23.206846087709295
37.165,9.783855817230847,-0.5130380948324379,39.301282076020016,23.206846087709295
37.17,9.268269445862046,-0.9475587391752036,38.75325365935463,23.206846087709295
37.175000000000004,8.755982938236265,-1.324487172625312,38.19320803430402,23.206846087709295
37.18,8.252520733166161,-1.648593705720368,37.62586756318136,23.206846087709295
37.185,7.758076261538065,-1.921416773425237,37.05642592480842,23.206846087709295
37.19,7.274087755596669,-2.1461145725034823,36.48841679130448,23.206846087709295
37.195,6.80435639464463,-2.3298717414784273,35.92360111417456,23.206846087709295
37.2,6.348036272901574,-2.471073157338608,35.36441650033885,23.206846087709295
37.205,5.907715434618247,-2.5772379547933864,34.81325167561404,23.206846087709295
37.21,5.483334678851709,-2.649351088922233,34.27180198780109,23.206846087709295
37.215,5.076039146445137,-2.6917213052388407,33.742112558195835,23.206846087709295
37.22,4.687550866327661,-2.7079521289994903,33.223116402146076,23.206846087709295
37.225,4.31804364395075,-2.7002136671182693,32.71688343710585,23.206846087709295
37.230000000000004,3.966056850463884,-2.671644961739711,32.222548345415206,23.206846087709295
37.235,3.634209347416874,-2.626233266644322,31.739395719181346,23.206846087709295
37.24,3.32178730357429,-2.565535440681909,31.268161623415377,23.206846087709295
37.245,3.0272749366669425,-2.4915386427022237,30.807310581793544,23.206846087709295
37.25,2.7508542438528276,-2.4049152998007655,30.359276856612563,23.206846087709295
37.255,2.4944074824183744,-2.3092105483876653,29.920960314990012,23.206846087709295
37.26,2.254503534813511,-2.2054570452245112,29.493588892822224,23.206846087709295
37.265,2.0326547528337904,-2.095450834320435,29.074945282965984,23.206846087709295
37.27,1.826417076574543,-1.9797473977295248,28.66584970617253,23.206846087709295
37.275,1.6379612867464455,-1.8599804295315594,28.26494939749534,23.206846087709295
37.28,1.4632527642240294,-1.736951691923975,27.87218855520071,23.206846087709295
37.285000000000004,1.3028473942147893,-1.611127598407246,27.486871991276775,23.206846087709295
37.29,1.1578592412434308,-1.482304419088301,27.109818207339902,23.206846087709295
37.295,1.026116825940098,-1.353603233788131,26.740791442856946,23.206846087709295
37.300000000000004,0.906386005228589,-1.2239558037793419,26.377598520687165,23.206846087709295
37.305,0.8000935618215961,-1.0943549362404612,26.020179985382438,23.206846087709295
37.31,0.7047998199273362,-0.9657751583065384,25.668894109678657,23.206846087709295
37.315,0.6204781810967543,-0.8358662939346463,25.32294135321772,23.206846087709295
37.32,0.548480498500208,-0.7068210671939044,24.982649284110465,23.206846087709295
37.325,0.4862768795815181,-0.5786685353455737,24.647970306837777,23.206846087709295
37.33,0.43307135499583466,-0.45260276446850134,24.319264362462132,23.206846087709295
37.335,0.3887170141885148,-0.32647839435741266,23.99412274787844,23.206846087709295
37.34,0.3534574132059838,-0.2015848308046504,23.673832337192184,23.206846087709295
37.345,0.32601595129410527,-0.076673713275374,23.357850181178744,23.206846087709295
37.35,0.306597666670285,0.04749378081044528,23.045918276121107,23.206846087709295
37.355000000000004,0.29254450299348894,0.17168320535192477,22.73826377768997,23.206846087709295
37.36,0.28588960579585354,0.29420730509278387,22.43509043611006,23.206846087709295
37.365,0.28619350889106016,0.4170348955532176,22.137077637509943,23.206846087709295
37.37,0.2932383543990402,0.5387823372249074,21.842530541235753,23.206846087709295
37.375,0.30615897929876806,0.6613205117772919,21.55181456618495,23.206846087709295
37.38,0.3231561708272753,0.7839661387246374,21.26551498240068,23.206846087709295
37.385,0.3466476879704096,0.9063400890592759,20.983550179918115,23.206846087709295
37.39,0.37560569283166895,1.029676276448226,20.70472269524368,23.206846087709295
37.395,0.4087280148239457,1.1539362903466,20.431185785559816,23.206846087709295
37.4,0.4461145749850834,1.2790597442989506,20.16025703604298,23.206846087709295
37.405,0.48812214434540324,1.406934962629058,19.895557727263252,23.206846087709295
37.410000000000004,0.5336960354811636,1.5358203709156086,19.633566485877076,23.206846087709295
37.415,0.5856559538080146,1.665661695251805,19.374947836175892,23.206846087709295
37.42,0.6395731763666573,1.7983159120230459,19.121522453066735,23.206846087709295
37.425000000000004,0.6980399609674863,1.9335123076277168,18.87201853118793,23.206846087709295
37.43,0.7586661977043014,2.070640614665168,18.627412442177132,23.206846087709295
37.435,0.8246216627972153,2.211824482977637,18.3863500007676,23.206846087709295
37.44,0.8935987717203006,2.357118495074933,18.150744654663256,23.206846087709295
37.445,0.9667995927336357,2.503996978340745,17.91923146956461,23.206846087709295
37.45,1.043583943229277,2.6567856225470505,17.692523692391095,23.206846087709295
37.455,1.1249391994101907,2.8126791200061554,17.469205674165615,23.206846087709295
37.46,1.2086825508823518,2.974245404853628,17.25222624795957,23.206846087709295
37.465,1.2972409127750173,3.140483333514178,17.04020387902612,23.206846087709295
37.47,1.3900628929037262,3.3112730243722672,16.83426886108884,23.206846087709295
37.475,1.487050431735477,3.487450134365515,16.6331289117586,23.206846087709295
37.480000000000004,1.5867046989056655,3.6698908310184257,16.436707325605724,23.206846087709295
37.485,1.6905549761919596,3.8598682880607655,16.24553091068233,23.206846087709295
37.49,1.7984831824233907,4.056046533349115,16.06184910717849,23.206846087709295
37.495,1.909981866168295,4.260250006286135,15.884148778101743,23.206846087709295
37.5,2.027534600620784,4.470335158732857,15.712640429119634,23.206846087709295
37.505,2.1496351895638224,4.689636508086752,15.548656279783444,23.206846087709295
37.51,2.275959089224055,4.916931138213232,15.390621248709735,23.206846087709295
37.515,2.406827189889801,5.151958463755857,15.24130013495914,23.206846087709295
37.52,2.544183404098503,5.396032623104397,15.100123094436494,23.206846087709295
37.525,2.6865763084542813,5.649383953333085,14.966477882454468,23.206846087709295
37.53,2.8356767095953734,5.912642252044699,14.84251258412083,23.206846087709295
37.535000000000004,2.989363980875846,6.186648744388754,14.728475299955536,23.206846087709295
37.54,3.1490173270388615,6.469473173643883,14.624767051726376,23.206846087709295
37.545,3.31411482694152,6.764526256258124,14.53255719026655,23.206846087709295
37.550000000000004,3.486042859714682,7.069121239459738,14.451147139830008,23.206846087709295
37.555,3.6646002615867137,7.385755254433223,14.382404912074644,23.206846087709295
37.56,3.851503068100998,7.714070165909282,14.325050824958367,23.206846087709295
37.565,4.043651395671754,8.05421915102209,14.282638800069567,23.206846087709295
37.57,4.243462584555559,8.40732921505123,14.25554911165105,23.206846087709295
37.575,4.451167593558779,8.772705282471643,14.24404440059957,23.206846087709295
37.58,4.666749249906769,9.151104271482318,14.249321786890592,23.206846087709295
37.585,4.890542424618132,9.541609406292425,14.273428079400547,23.206846087709295
37.59,5.122723489147071,9.94571214975297,14.3162469889794,23.206846087709295
37.595,5.364815927041312,10.363155975294717,14.380063670000082,23.206846087709295
37.6,5.615489039954761,10.79215148767783,14.466348576908997,23.206846087709295
37.605000000000004,5.874104480357701,11.233730675731586,14.57692518349428,23.206846087709295
37.61,6.141742897429458,11.68798759328475,14.712906294347299,23.206846087709295
37.615,6.419966672758935,12.153577559205395,14.874846161661333,23.206846087709295
37.62,6.707640966203089,12.63036112948106,15.066777069086628,23.206846087709295
37.625,7.004691270524001,13.117547155766395,15.289163687046297,23.206846087709295
37.63,7.310198233963437,13.613865130606309,15.544436839550702,23.206846087709295
37.635,7.625652732880622,14.116651981605754,15.833771262859715,23.206846087709295
37.64,7.949433191193671,14.626044703723897,16.160531149837063,23.206846087709295
37.645,8.284184606210228,15.138782827783176,16.525337825943886,23.206846087709295
37.65,8.626687228220554,15.655382481375442,16.93283636056095,23.206846087709295
37.655,8.976805220239065,16.17014596090143,17.38277061186527,23.206846087709295
37.660000000000004,9.334782717181913,16.682168575055833,17.876810533070852,23.206846087709295
37.665,9.700085813909386,17.18849656766596,18.416942427932135,23.206846087709295
37.67,10.075123957948826,17.6829060363058,19.005000680472666,23.206846087709295
37.675000000000004,10.455558167369412,18.16312727671884,19.641976045851766,23.206846087709295
37.68,10.841227274207379,18.624899320006417,20.330862978475732,23.206846087709295
37.685,11.230024836137206,19.06421807058109,21.069482244338236,23.206846087709295
37.69,11.62079963818441,19.47330323622884,21.85800220195057,23.206846087709295
37.695,12.014201703874727,19.84858098385912,22.698267071821405,23.206846087709295
37.7,12.405659297637511,20.18324114833206,23.588752755074935,23.206846087709295
37.705,12.794585306630433,20.472558812533794,24.52569843553147,23.206846087709295
37.71,13.177915285642827,20.70898643141792,25.508525285089906,23.206846087709295
37.715,13.553636238231817,20.885910781301806,26.532214841131278,23.206846087709295
37.72,13.920859122644517,20.99727765417379,27.594555701215395,23.206846087709295
37.725,14.274378020039936,21.036918864189875,28.68693916375003,23.206846087709295
37.730000000000004,14.612881523258908,20.999431751499166,29.80609201049694,23.206846087709295
37.735,14.931118410697213,20.879971324054754,30.943402653492843,23.206846087709295
37.74,15.229911443051858,20.671513892946784,32.0902749119472,23.206846087709295
37.745,15.501944088715327,20.373303933191792,33.23672114386836,23.206846087709295
37.75,15.745628482961031,19.981041415876163,34.371671185203496,23.206846087709295
37.755,15.95739086703871,19.49506863755921,35.486095857931,23.206846087709295
37.76,16.13401061951377,18.91537815124632,36.568087002642855,23.206846087709295
37.765,16.273046083362743,18.2454178611025,37.605983373072675,23.206846087709295
37.77,16.37190957617044,17.487754083771478,38.5882367800718,23.206846087709295
37.775,16.427311158605722,16.649016400278796,39.504080825235974,23.206846087709295
37.78,16.438328592995216,15.738059707706404,40.344939727238916,23.206846087709295
37.785000000000004,16.40264458330233,14.760621450868666,41.10013572504631,23.206846087709295
37.79,16.320359115665614,13.728089134540177,41.76192460644073,23.206846087709295
37.795,16.190066642469553,12.652097470843996,42.32589235394743,23.206846087709295
37.800000000000004,16.01333148871097,11.545412686384475,42.785003388274745,23.206846087709295
37.805,15.789794630969599,10.419469014780233,43.13892670827781,23.206846087709295
37.81,15.521992703799256,9.288217635079267,43.385902271183575,23.206846087709295
37.815,15.210537603214778,8.164448621517495,43.52907828019305,23.206846087709295
37.82,14.858750888584908,7.059257660977497,43.570154113935395,23.206846087709295
37.825,14.46864716702581,5.982854250256179,43.512708017931935,23.206846087709295
37.83,14.04374226704145,4.947124449423454,43.36589918311398,23.206846087709295
37.835,13.590334333461529,3.9595979170818305,43.1345749081323,23.206846087709295
37.84,13.107894378038665,3.0280324456924967,42.827846482986494,23.206846087709295
37.845,12.60415110215827,2.1566202586115493,42.45514463519925,23.206846087709295
37.85,12.081729597233867,1.3495725049111365,42.024027595390315,23.206846087709295
37.855000000000004,11.546287730728777,0.6128800338495642,41.54550082467056,23.206846087709295
37.86,10.999732139210098,-0.05601163666732989,41.02683101087756,23.206846087709295
37.865,10.447569815343043,-0.6573107140018905,40.476873916640336,23.206846087709295
37.87,9.892382435720677,-1.191094492698153,39.90404312736345,23.206846087709295
37.875,9.338142959663044,-1.6579596958855334,39.31426312502658,23.206846087709295
37.88,8.789307615690756,-2.0610099053225674,38.71224256424775,23.206846087709295
37.885,8.246448671296989,-2.405623379816,38.10504515865162,23.206846087709295
37.89,7.713126466353992,-2.6943707297189357,37.497419630567784,23.206846087709295
37.895,7.192968318684521,-2.9294110002648903,36.893415831138604,23.206846087709295
37.9,6.686822540050255,-3.118714388431713,36.29742937893348,23.206846087709295
37.905,6.195055511847778,-3.264063337302681,35.7090983068672,23.206846087709295
37.910000000000004,5.721441822192755,-3.3709389515570676,35.13130831317364,23.206846087709295
37.915,5.267136923079771,-3.4418907052448837,34.56600834388989,23.206846087709295
37.92,4.8306399625114995,-3.4816155411326792,34.01404208555333,23.206846087709295
37.925000000000004,4.415180874693565,-3.493630627905561,33.47633038864507,23.206846087709295
37.93,4.019276033459116,-3.479960117268612,32.9518187679721,23.206846087709295
37.935,3.645490294453772,-3.445062112304468,32.44327668819749,23.206846087709295
37.94,3.2900197289962634,-3.393151565746994,31.94702085177943,23.206846087709295
37.945,2.956904726217974,-3.324223550330603,31.464601166298756,23.206846087709295
37.95,2.644197836019983,-3.2428531963147953,30.996717245548535,23.206846087709295
37.955,2.3498341575706387,-3.1503508626617163,30.54089363260664,23.206846087709295
37.96,2.075655625817964,-3.048577096397689,30.096486112352604,23.206846087709295
37.965,1.818786887664666,-2.9383811971280616,29.664275445609995,23.206846087709295
37.97,1.5814855883640382,-2.8218947817498985,29.24201538810675,23.206846087709295
37.975,1.359672649287426,-2.700271594805829,28.829742975938295,23.206846087709295
37.980000000000004,1.1574203173773745,-2.576271302826404,28.426815945271915,23.206846087709295
37.985,0.9714445223245886,-2.4500467432236186,28.033788701743436,23.206846087709295
37.99,0.7998803984750685,-2.3222548446031146,27.649262767186123,23.206846087709295
37.995,0.6430926803501154,-2.192628094731437,27.271241368706143,23.206846087709295
38.0,0.5002049677710287,-2.063618964536022,26.900483209162662,23.206846087709295
38.005,0.37161184351270987,-1.934168902752717,26.537102528261457,23.206846087709295
38.01,0.25657534593902903,-1.8068998361193354,26.179721963028296,23.206846087709295
38.015,0.15291599499006797,-1.6798087259548238,25.828444932423608,23.206846087709295
38.02,0.06060598953767293,-1.5532118689575625,25.482374542788396,23.206846087709295
38.025,-0.021214202897678613,-1.4276293552847017,25.142962757965314,23.206846087709295
38.03,-0.09199773093262754,-1.3045323447309596,24.808674926058234,23.206846087709295
38.035000000000004,-0.15136609882900115,-1.183267789872468,24.47831736897771,23.206846087709295
38.04,-0.20350985453729012,-1.0639343853604093,24.152623678151595,23.206846087709295
38.045,-0.24705188583520368,-0.9461037466464228,23.831910333645457,23.206846087709295
38.050000000000004,-0.2815672611075506,-0.8306929572258077,23.51421009434317,23.206846087709295
38.055,-0.30804382407124026,-0.7172576101741897,23.20259382568786,23.206846087709295
38.06,-0.32890880510915516,-0.6049817175424955,22.895206962338776,23.206846087709295
38.065,-0.34333492244165,-0.4943089836671597,22.591584939074757,23.206846087709295
38.07,-0.3506490460792276,-0.38498424102531104,22.291630157702613,23.206846087709295
38.075,-0.3528975392360419,-0.2763066683435431,21.994750201037114,23.206846087709295
38.08,-0.34723828861015366,-0.17058047267904586,21.7037929907839,23.206846087709295
38.085,-0.3381428179968443,-0.06487445455807465,21.41456843479472,23.206846087709295
38.09,-0.32525653787447534,0.040166411506428704,21.1294165397351,23.206846087709295
38.095,-0.3066851853454701,0.14377677816944368,20.84810237032373,23.206846087709295
38.1,-0.28409535904226174,0.24816885719005569,20.56964893851244,23.206846087709295
38.105000000000004,-0.2581772208558719,0.35226285316792116,20.294347908120752,23.206846087709295
38.11,-0.227186932159624,0.4573183402336871,20.02276087998198,23.206846087709295
38.115,-0.19205943206173975,0.5618821670119396,19.756305232575766,23.206846087709295
38.12,-0.15505391832617682,0.6659977417720346,19.49206570931944,23.206846087709295
38.125,-0.11379682417706037,0.7730691083305059,19.231328463271588,23.206846087709295
38.13,-0.06850177379924857,0.881665318016853,18.974756381913444,23.206846087709295
38.135,-0.0210516438758602,0.9910995760747523,18.721535808237387,23.206846087709295
38.14,0.028628401472828427,1.1003791491027193,18.471617166854664,23.206846087709295
38.145,0.08297937061102265,1.2115722677469805,18.225596733366178,23.206846087709295
38.15,0.13905874517633585,1.3254438990671784,17.983347014958674,23.206846087709295
38.155,0.19914902693372627,1.440676284075521,17.744474034675264,23.206846087709295
38.160000000000004,0.26191465308074374,1.5603206768045532,17.509460366636723,23.206846087709295
38.165,0.3253385779068751,1.6818698704426887,17.278220863015214,23.206846087709295
38.17,0.3923600957725643,1.8071075702526427,17.05083328504912,23.206846087709295
38.175000000000004,0.46354850893604677,1.935698182957327,16.82768802369024,23.206846087709295
38.18,0.5377297154847043,2.067657629295155,16.60858807069077,23.206846087709295
38.185,0.6150929931580432,2.2045345765193742,16.39137385261245,23.206846087709295
38.19,0.6941596608535037,2.3458214021829122,16.17947622449546,23.206846087709295
38.195,0.7759268256466992,2.491882794433573,15.971096362411844,23.206846087709295
38.2,0.8612761039444157,2.6415524345352286,15.766895725151048,23.206846087709295
38.205,0.9489805657943827,2.797387768566011,15.567916249134107,23.206846087709295
38.21,1.0415188563698559,2.9604021475959823,15.373338348662381,23.206846087709295
38.215,1.1373835637152285,3.1260060604107185,15.183039619135913,23.206846087709295
38.22,1.2372747219147158,3.2988098051494252,14.99744074853535,23.206846087709295
38.225,1.3393885340880665,3.478700568949915,14.817046707391118,23.206846087709295
38.230000000000004,1.4472864474449372,3.6654224032678178,14.641675260550054,23.206846087709295
38.235,1.558747226343019,3.860286749911991,14.472470279346132,23.206846087709295
38.24,1.6736968407153707,4.062647363727453,14.310228572857477,23.206846087709295
38.245,1.7931810853074333,4.273812931889347,14.15309696904692,23.206846087709295
38.25,1.9179396117127605,4.492162837014504,14.003001674042498,23.206846087709295
38.255,2.0467953148179476,4.7210770001404825,13.858329656564806,23.206846087709295
38.26,2.1819320369452537,4.957687531642636,13.721359039009702,23.206846087709295
38.265,2.3204989754170984,5.205137854972793,13.592815789959138,23.206846087709295
38.27,2.4636786121084002,5.461509985930339,13.472129015558073,23.206846087709295
38.275,2.612719904453348,5.729328389649063,13.359580240573692,23.206846087709295
38.28,2.767712984668858,6.0064660688277005,13.256255769142035,23.206846087709295
38.285000000000004,2.929520022641455,6.296324655729501,13.163573225125477,23.206846087709295
38.29,3.0984688909345297,6.598896744788711,13.080659284833306,23.206846087709295
38.295,3.2727609843319705,6.911553270696256,13.008274044088061,23.206846087709295
38.300000000000004,3.454928308483778,7.2385737173682765,12.94873069930383,23.206846087709295
38.305,3.643637608933639,7.577158655468086,12.901153022170007,23.206846087709295
38.31,3.840516141990956,7.931377691256984,12.866099012331413,23.206846087709295
38.315,4.044429276470406,8.297745071049688,12.846238873704836,23.206846087709295
38.32,4.2576087098036615,8.678461530491715,12.84279979960806,23.206846087709295
38.325,4.480037173678898,9.074151948347954,12.857314129304763,23.206846087709295
38.33,4.70985398562102,9.483432776038155,12.88856140765234,23.206846087709295
38.335,4.948339802794529,9.90797869243082,12.939675995973529,23.206846087709295
38.34,5.195969952582393,10.346631663220613,13.012167685201604,23.206846087709295
38.345,5.452196870226359,10.800313122812026,13.108030255502365,23.206846087709295
38.35,5.7205448704326445,11.268103768013578,13.227542327987384,23.206846087709295
38.355000000000004,5.997969016113039,11.750829422510954,13.373877648864132,23.206846087709295
38.36,6.285581156066315,12.246938487118621,13.548509115369132,23.206846087709295
38.365,6.582398561642252,12.755840541191688,13.752725122391873,23.206846087709295
38.37,6.8901955706765285,13.276681707034554,13.988796581326557,23.206846087709295
38.375,7.209784594586622,13.808281376103022,14.26007639243332,23.206846087709295
38.38,7.5410568853250455,14.351260253821513,14.568531736608598,23.206846087709295
38.385,7.882972438370957,14.902471977242477,14.915268858293176,23.206846087709295
38.39,8.23394579372795,15.459995857841998,15.304522653494782,23.206846087709295
38.395,8.595255467027927,16.020137748629512,15.738090669276142,23.206846087709295
38.4,8.96678761918961,16.583236469403666,16.216282144460962,23.206846087709295
38.405,9.34710350104554,17.14457708806488,16.744186432129496,23.206846087709295
38.410000000000004,9.736981520104386,17.700082168888557,17.321828279424324,23.206846087709295
38.415,10.134277486502468,18.24696883891304,17.952754403638767,23.206846087709295
38.42,10.539796382308369,18.78055620861235,18.637827677224898,23.206846087709295
38.425000000000004,10.951448263985112,19.29647078716999,19.378949330942532,23.206846087709295
38.43,11.367590593137951,19.78835337638372,20.177545776855,23.206846087709295
38.435,11.788312861109741,20.24970792260088,21.03270995258779,23.206846087709295
38.44,12.211237829402316,20.674649267188485,21.94657236108699,23.206846087709295
38.445,12.633819303624549,21.057162600809534,22.916010756588957,23.206846087709295
38.45,13.05532709062368,21.390629617105464,23.94161642148059,23.206846087709295
38.455,13.471284365344488,21.663786482912794,25.01858843197144,23.206846087709295
38.46,13.879033053304674,21.873456750253773,26.143444197873492,23.206846087709295
38.465,14.280022725270337,22.009277864955557,27.313905412927944,23.206846087709295
38.47,14.666414164471071,22.064801383220722,28.521289796281835,23.206846087709295
38.475,15.035876239905088,22.033293048535675,29.758510402517242,23.206846087709295
38.480000000000004,15.386706067082137,21.9053410469579,31.017760287722602,23.206846087709295
38.485,15.712549461244683,21.67891018134807,32.28926465482614,23.206846087709295
38.49,16.010449275295365,21.349870735148244,33.560734315907226,23.206846087709295
38.495,16.278325087459674,20.913518106199508,34.82263801808229,23.206846087709295
38.5,16.511710859661044,20.3696227128065,36.061250244616986,23.206846087709295
38.505,16.704427351255678,19.717828616041658,37.26026012287313,23.206846087709295
38.51,16.855375070661744,18.961894962993288,38.41041231979394,23.206846087709295
38.515,16.96001256421038,18.10485983127623,39.496934164655926,23.206846087709295
38.52,17.01690831695589,17.155697591984534,40.504943493149185,23.206846087709295
38.525,17.02307405354982,16.122502828945407,41.4256935393841,23.206846087709295
38.53,16.97768402359779,15.015188636112788,42.244731615751235,23.206846087709295
38.535000000000004,16.88003813318748,13.846612371939345,42.95458678627495,23.206846087709295
38.54,16.729389543719524,12.63224319448631,43.550865850473876,23.206846087709295
38.545,16.52565521563414,11.38343034089333,44.02689786854077,23.206846087709295
38.550000000000004,16.26958398372949,10.117883488825228,44.38059206456228,23.206846087709295
38.555,15.962148816845808,8.850803281900784,44.61222114953387,23.206846087709295
38.56,15.606093878122282,7.59790994121723,44.72377578575265,23.206846087709295
38.565,15.204941268981868,6.370864061809802,44.71987651540373,23.206846087709295
38.57,14.763866746224064,5.183726633650641,44.60770241328612,23.206846087709295
38.575,14.284570760530709,4.047059582362444,44.394303526658916,23.206846087709295
38.58,13.771905716388092,2.971642327976963,44.08953511950743,23.206846087709295
38.585,13.231464911864597,1.9665455971702992,43.70590100466993,23.206846087709295
38.59,12.668313342362191,1.0331797496416104,43.254281581925845,23.206846087709295
38.595,12.086702373613406,0.17904051866343007,42.74250810784957,23.206846087709295
38.6,11.490500965260786,-0.5968733899689154,42.18302673672631,23.206846087709295
38.605000000000004,10.886765243125755,-1.2923497620843227,41.58492170787446,23.206846087709295
38.61,10.277793627031862,-1.9093374138731827,40.96062261025646,23.206846087709295
38.615,9.667378308994747,-2.449367334025291,40.31577768477656,23.206846087709295
38.62,9.06269659693214,-2.9158055519017707,39.65938129357714,23.206846087709295
38.625,8.463403172558223,-3.312690713883764,38.99864285823576,23.206846087709295
38.63,7.87489206938416,-3.6454227841843387,38.33798197767697,23.206846087709295
38.635,7.299098866733141,-3.9182860152074865,37.683392932758224,23.206846087709295
38.64,6.740517603377303,-4.136036361106504,37.03888532348571,23.206846087709295
38.645,6.197217806709233,-4.303829422201074,36.40558931174477,23.206846087709295
38.65,5.672554854881449,-4.427383541770198,35.7871748553258,23.206846087709295
38.655,5.1671897128378195,-4.509745042897203,35.185308551826445,23.206846087709295
38.660000000000004,4.682954413446861,-4.556965068461325,34.59996225995983,23.206846087709295
38.665,4.220185192794192,-4.5723411625577635,34.031467894581155,23.206846087709295
38.67,3.7812743016277417,-4.561045241433189,33.48110706883318,23.206846087709295
38.675000000000004,3.363767338899187,-4.5250418255886515,32.948629605811746,23.206846087709295
38.68,2.968973667355459,-4.469891940362586,32.43510110798656,23.206846087709295
38.685,2.5970079328252345,-4.397931331164287,31.936147988865372,23.206846087709295
38.69,2.247189257026288,-4.310357567747469,31.453805291684915,23.206846087709295
38.695,1.9199821061699,-4.211796724554949,30.986356946726755,23.206846087709295
38.7,1.6125306346687454,-4.102089076677225,30.53313018453561,23.206846087709295
38.705,1.327229351471571,-3.9863258245843882,30.092918363717526,23.206846087709295
38.71,1.0617214981565999,-3.8653983263222216,29.665448018843723,23.206846087709295
38.715,0.8169194181201225,-3.7383143040481546,29.250374261357845,23.206846087709295
38.72,0.5905393858856611,-3.608296046997621,28.844853398204904,23.206846087709295
38.725,0.3812870039190307,-3.4768732034615684,28.448999055380035,23.206846087709295
38.730000000000004,0.18944323203277522,-3.344792748382462,28.06236105843514,23.206846087709295
38.735,0.012610063107080377,-3.2118032358455877,27.683697105675,23.206846087709295
38.74,-0.14826232839928544,-3.0792064912330197,27.314073188843697,23.206846087709295
38.745,-0.29626287286937936,-2.9480267268136875,26.951729963092127,23.206846087709295
38.75,-0.4291521408814635,-2.819305162574554,26.596681272375356,23.206846087709295
38.755,-0.5480887407067414,-2.691652329046999,26.249277568455778,23.206846087709295
38.76,-0.6544999663674389,-2.568171840567763,25.907012623421313,23.206846087709295
38.765,-0.75026906869692,-2.4454083358109604,25.569340244930522,23.206846087709295
38.77,-0.8359549392714558,-2.3257891323278215,25.237586618515188,23.206846087709295
38.775,-0.9098888785362724,-2.209935225326987,24.910213768800194,23.206846087709295
38.78,-0.9751406765897,-2.096541967684268,24.587662430914463,23.206846087709295
38.785000000000004,-1.030638335441088,-1.9870937247548888,24.269464061643397,23.206846087709295
38.79,-1.0791757854397153,-1.8805254522701091,23.956538334584415,23.206846087709295
38.795,-1.1203154949847587,-1.7769711295613195,23.648323053599118,23.206846087709295
38.800000000000004,-1.1525749535901078,-1.6760513923044176,23.341968473573957,23.206846087709295
38.805,-1.1787111695522576,-1.5792576844611363,23.041923486657762,23.206846087709295
38.81,-1.1986824607861222,-1.4837117548939114,22.74522900274217,23.206846087709295
38.815,-1.212631216629117,-1.3913466705041115,22.44992800232748,23.206846087709295
38.82,-1.2214691752167965,-1.3020872641092318,22.157944880542168,23.206846087709295
38.825,-1.2248506039933051,-1.2144801998957853,21.870670764744737,23.206846087709295
38.83,-1.2249753453020187,-1.1310379028902247,21.587724009259606,23.206846087709295
38.835,-1.2193833751836105,-1.0477452269031429,21.30810879770687,23.206846087709295
38.84,-1.209842129997918,-0.9667701358811479,21.030229071793336,23.206846087709295
38.845,-1.1976259214651919,-0.8867603685795933,20.755782517919013,23.206846087709295
38.85,-1.1829241847949454,-0.8086096584148178,20.484257864812168,23.206846087709295
38.855000000000004,-1.1647371883420612,-0.7329300566222107,20.21516464713563,23.206846087709295
38.86,-1.1444475301230799,-0.6584396119412467,19.950133642827456,23.206846087709295
38.865,-1.1192984832244255,-0.5853290879527795,19.68773686391035,23.206846087709295
38.87,-1.0935644389453916,-0.5122885772546715,19.428827256408965,23.206846087709295
38.875,-1.063581277652919,-0.44036427350349605,19.17238042061903,23.206846087709295
38.88,-1.0309778712723887,-0.3706120110565488,18.918450726210757,23.206846087709295
38.885,-0.9964015751243278,-0.29842869399383953,18.668688909806583,23.206846087709295
38.89,-0.9618176509107376,-0.22827711763060055,18.420770331151164,23.206846087709295
38.895,-0.9242860472637469,-0.15750378948015187,18.174939139417106,23.206846087709295
38.9,-0.8858735601919647,-0.08629099001303053,17.93367736369262,23.206846087709295
38.905,-0.8459239723522264,-0.01422652533528769,17.69552942703634,23.206846087709295
38.910000000000004,-0.8049204745366874,0.058715379198437695,17.459434758750312,23.206846087709295
38.915,-0.7612178053947439,0.13194862541421376,17.225734643014977,23.206846087709295
38.92,-0.7162225064820349,0.2075842632751423,16.99644463762693,23.206846087709295
38.925000000000004,-0.6701834782790282,0.2827794465439179,16.769134569434538,23.206846087709295
38.93,-0.6209584911158061,0.3584507327886799,16.544613030970744,23.206846087709295
38.935,-0.571924166351168,0.4360808855005903,16.323924722338834,23.206846087709295
38.94,-0.5230088593314105,0.5162844367188854,16.10553841385908,23.206846087709295
38.945,-0.47004409171590494,0.5985715501777765,15.890080204673882,23.206846087709295
38.95,-0.4163748167743476,0.6827007064703052,15.677454377474698,23.206846087709295
38.955,-0.3610653335373999,0.7698525915652235,15.46609567467776,23.206846087709295
38.96,-0.3049286844026039,0.8586304220786916,15.257997705913777,23.206846087709295
38.965,-0.24697854717319775,0.951053765308388,15.05352232583518,23.206846087709295
38.97,-0.1874020412451659,1.0460143356775782,14.852304289792047,23.206846087709295
38.975,-0.12491550873514629,1.1438448767259868,14.653795693372142,23.206846087709295
38.980000000000004,-0.062411962910125685,1.2457510208418883,14.457164818519407,23.206846087709295
38.985,0.0026721347055466,1.3512615140127155,14.263443461241463,23.206846087709295
38.99,0.06974493429668013,1.4617727350007053,14.073033632978495,23.206846087709295
38.995,0.13809920619959254,1.5759820145624936,13.885683258459974,23.206846087709295
39.0,0.21124153254424327,1.6929141966153132,13.700412624828465,23.206846087709295
39.005,0.28458442368423587,1.8161249849284347,13.520064718423509,23.206846087709295
39.01,0.3619549408581957,1.9437115004513412,13.342577390944866,23.206846087709295
39.015,0.4409812806790432,2.0757417501744575,13.167683185896284,23.206846087709295
39.02,0.5232991976430839,2.2135643816862243,12.997395775419886,23.206846087709295
39.025,0.6087780479405657,2.3584936608092106,12.830390567795934,23.206846087709295
39.03,0.6955556408738219,2.5088904919864308,12.666150926490078,23.206846087709295
39.035000000000004,0.7863597697507023,2.665894914301615,12.50655512145724,23.206846087709295
39.04,0.8808819225932348,2.8296662042296097,12.34915477959624,23.206846087709295
39.045,0.9789552125673475,3.001884358859748,12.194028820427866,23.206846087709295
39.050000000000004,1.0798631545042436,3.1797094422470993,12.046897676116247,23.206846087709295
39.055,1.1869164938590768,3.3654360112236406,11.903708254721506,23.206846087709295
39.06,1.2961955507432867,3.5590251162473794,11.764439768312512,23.206846087709295
39.065,1.4093891642809018,3.7625460832368183,11.630085853710154,23.206846087709295
39.07,1.527907121745612,3.9748788412731915,11.49996863128198,23.206846087709295
39.075,1.6501789014040313,4.197204497751785,11.37580214241272,23.206846087709295
39.08,1.7786760786099727,4.4289795399929215,11.258782210121964,23.206846087709295
39.085,1.9127758968709352,4.67189112984563,11.149738163890088,23.206846087709295
39.09,2.0504898844535595,4.926415612016403,11.046475012819549,23.206846087709295
39.095,2.1943656698392884,5.19103294946333,10.949383186088879,23.206846087709295
39.1,2.34399384089937,5.4684869508609335,10.858598413826137,23.206846087709295
39.105000000000004,2.500664199871452,5.756893062595042,10.778567869013674,23.206846087709295
39.11,2.6636644056736998,6.059057429208167,10.706127648683001,23.206846087709295
39.115,2.833056522918971,6.3752337402285235,10.644295722055837,23.206846087709295
39.12,3.010515889044264,6.704198216064011,10.591595046259606,23.206846087709295
39.125,3.1954696901933484,7.048420267809471,10.552112580068268,23.206846087709295
39.13,3.3858666871472742,7.4074480760706285,10.522723491517333,23.206846087709295
39.135,3.586556864102743,7.782883043691068,10.506379775916004,23.206846087709295
39.14,3.7953531655981863,8.174001222496216,10.50633911444155,23.206846087709295
39.145,4.014333222078815,8.580774735277181,10.522394651872098,23.206846087709295
39.15,4.2432506858129075,9.005298817024675,10.553808578316387,23.206846087709295
39.155,4.480608399368242,9.445118761399904,10.60386769098057,23.206846087709295
39.160000000000004,4.730301856774157,9.90368481943814,10.674213288309089,23.206846087709295
39.165,4.989239787907617,10.380105724937225,10.766530419772641,23.206846087709295
39.17,5.258340509488408,10.87362630022164,10.882354401128236,23.206846087709295
39.175000000000004,5.538599908720613,11.385121380430748,11.023047450218897,23.206846087709295
39.18,5.831610085158043,11.914040104387302,11.192044518890707,23.206846087709295
39.185,6.136002822036091,12.462149487344785,11.38992627191976,23.206846087709295
39.19,6.4528805544613155,13.02544297794138,11.621511932304127,23.206846087709295
39.195,6.780271544899403,13.605098390380379,11.885930534348477,23.206846087709295
39.2,7.122489693549617,14.19949657840902,12.189166250398122,23.206846087709295
39.205,7.476996305368373,14.807314642006036,12.53144699294165,23.206846087709295
39.21,7.843203246101512,15.428844743915722,12.91823422226992,23.206846087709295
39.215,8.222493991096467,16.05919684112829,13.350744076353072,23.206846087709295
39.22,8.615154126770475,16.696653854517518,13.833590602934857,23.206846087709295
39.225,9.019119376942367,17.338224511728743,14.367569027519085,23.206846087709295
39.230000000000004,9.435423321148017,17.983171109861583,14.958545150135684,23.206846087709295
39.235,9.86369168241469,18.62485527905036,15.607262709634393,23.206846087709295
39.24,10.301651339095935,19.25879229358148,16.316622782492157,23.206846087709295
39.245,10.750294139319529,19.880496157035356,17.091072590746606,23.206846087709295
39.25,11.20631961368611,20.482194850100164,17.93239021796608,23.206846087709295
39.255,11.671739176573055,21.059632723595715,18.840202188553107,23.206846087709295
39.26,12.140885259851009,21.604843738992727,19.818137642835136,23.206846087709295
39.265,12.615193320943662,22.109090955382197,20.865732048126812,23.206846087709295
39.27,13.090442429744428,22.565538982424236,21.981863048806336,23.206846087709295
39.275,13.564201833963754,22.96301453092664,23.1654864604523,23.206846087709295
39.28,14.035762837850701,23.290725228277356,24.41317025766553,23.206846087709295
39.285000000000004,14.49839381056675,23.542316373524844,25.721126024586226,23.206846087709295
39.29,14.95097581204261,23.705187659645315,27.084478952486585,23.206846087709295
39.295,15.389080682836578,23.770814787873544,28.49440210703543,23.206846087709295
39.300000000000004,15.807734481122468,23.729806969050152,29.944905993268833,23.206846087709295
39.305,16.202970769840743,23.573626746725452,31.42003312120864,23.206846087709295
39.31,16.5721336333415,23.294519407660143,32.909618967662055,23.206846087709295
39.315,16.90951658937506,22.88644115149872,34.40002388129339,23.206846087709295
39.32,17.20762220276772,22.346651759125045,35.876314791569364,23.206846087709295
39.325,17.464707745012777,21.67247586369377,37.32043454231287,23.206846087709295
39.33,17.675387379157854,20.866533444509848,38.71494764613824,23.206846087709295
39.335,17.835435361653936,19.930373719763473,40.04275484693153,23.206846087709295
39.34,17.93908897370945,18.87339588005295,41.2877008646591,23.206846087709295
39.345,17.986548091785192,17.703103672510306,42.43018511874283,23.206846087709295
39.35,17.971748370991154,16.43320427094359,43.45619136693044,23.206846087709295
39.355000000000004,17.894106459744293,15.077709532303956,44.35333872225861,23.206846087709295
39.36,17.753739402024586,13.656475667938702,45.11160645138438,23.206846087709295
39.365,17.54871903123163,12.18568797518365,45.72245129642866,23.206846087709295
39.37,17.28026912472472,10.68591662565629,46.182806363413725,23.206846087709295
39.375,16.950412832408247,9.178047865378776,46.490108989062904,23.206846087709295
39.38,16.56092549224783,7.681111921373617,46.64763055248484,23.206846087709295
39.385,16.1173454120428,6.214504606178952,46.66268354208502,23.206846087709295
39.39,15.620959001107384,4.796497271178389,46.54026270878084,23.206846087709295
39.395,15.08027598094786,3.4416731487886736,46.29538201676841,23.206846087709295
39.4,14.49689039684343,2.1611720082372505,45.938280015619355,-16.467250634675626
39.405,13.879957155437138,0.7663032180533087,45.48182818138033,-16.467250634675626
39.410000000000004,13.22421148162524,-0.5340839415368781,44.92910100159506,-16.467250634675626
39.415,12.535976756171703,-1.733098669515718,44.29513241861217,-16.467250634675626
39.42,11.821452485720375,-2.828706129995129,43.59621712073602,-16.467250634675626
39.425000000000004,11.088937656501601,-3.8183697974165733,42.847382373983386,-16.467250634675626
39.43,10.343670210474242,-4.704993448513628,42.06552310930481,-16.467250634675626
39.435,9.591339666215273,-5.491450807769197,41.261840683425774,-16.467250634675626
39.44,8.836307410710791,-6.181320418391994,40.448881067545635,-16.467250634675626
39.445,8.084897305682649,-6.782113038494902,39.63504234796696,-16.467250634675626
39.45,7.34139961177956,-7.300258892271124,38.832498547341686,-16.467250634675626
39.455,6.609074577632331,-7.743285036124403,38.04706744602649,-16.467250634675626
39.46,5.89156342180897,-8.118653202704461,37.28352830563572,-16.467250634675626
39.465,5.192107191215643,-8.435772370909064,36.547399108404015,-16.467250634675626
39.47,4.509793424172985,-8.698111322775224,35.841331936633246,-16.467250634675626
39.475,3.8497605885506108,-8.913813328153191,35.16697365423655,-16.467250634675626
39.480000000000004,3.2110053172086643,-9.089257698122452,34.52654076747852,-16.467250634675626
39.485,2.595888562040592,-9.231418995806429,33.919499937011146,-16.467250634675626
39.49,2.0035217211872274,-9.34419135589096,33.346958031237605,-16.467250634675626
39.495,1.435841910695044,-9.433758637273476,32.807593923940274,-16.467250634675626
39.5,0.8911738147147646,-9.50396419096339,32.302079508962905,-16.467250634675626
39.505,0.3707149818104454,-9.55833576065169,31.82913662422793,-16.467250634675626
39.51,-0.12553288685705938,-9.60005690364982,31.386344891849728,-16.467250634675626
39.515,-0.5989964505986355,-9.632498815836797,30.97356496407392,-16.467250634675626
39.52,-1.050664084367104,-9.658975264156114,30.590135597104172,-16.467250634675626
39.525,-1.4808386301023768,-9.677697740047094,30.232193528903817,-16.467250634675626
39.53,-1.89118039429112,-9.695548708134753,29.899402795543526,-16.467250634675626
39.535000000000004,-2.2815141249554562,-9.710922711851687,29.592362817655044,-16.467250634675626
39.54,-2.652216067348443,-9.725993625827137,29.30813940514366,-16.467250634675626
39.545,-3.0061596169759257,-9.742932763819061,29.045593709500647,-16.467250634675626
39.550000000000004,-3.3425349971183596,-9.760497998480643,28.805631851361227,-16.467250634675626
39.555,-3.663430787546982,-9.780918417167902,28.58430025484825,-16.467250634675626
39.56,-3.9706678521003598,-9.803052643613375,28.382770666714904,-16.467250634675626
39.565,-4.26281414378071,-9.830074561787372,28.199292792524485,-16.467250634675626
39.57,-4.541077173051397,-9.858524376973053,28.03288941656522,-16.467250634675626
39.575,-4.805942223669808,-9.891319208430383,27.882659217495426,-16.467250634675626
39.58,-5.060402346465331,-9.927365067331205,27.747883985796612,-16.467250634675626
39.585,-5.303729295567531,-9.966479482503125,27.629925656060987,-16.467250634675626
39.59,-5.536589211587499,-10.009444557372712,27.527037659666266,-16.467250634675626
39.595,-5.76013417844174,-10.056159875412675,27.437043728589593,-16.467250634675626
39.6,-5.974104167029707,-10.104732870542328,27.36140621989893,-16.467250634675626
39.605000000000004,-6.179929058207546,-10.155447794432376,27.29997153048421,-16.467250634675626
39.61,-6.3790091164159834,-10.210022359836017,27.250728585641873,-16.467250634675626
39.615,-6.570706085966287,-10.265657467774629,27.214631000513606,-16.467250634675626
39.62,-6.754125883998517,-10.321074076468966,27.189300539635465,-16.467250634675626
39.625,-6.9319758414974375,-10.379568079874169,27.17502030043527,-16.467250634675626
39.63,-7.10342377646804,-10.43832715884311,27.172911219994827,-16.467250634675626
39.635,-7.2712293042034855,-10.497751919433101,27.18087055481069,-16.467250634675626
39.64,-7.432365939072206,-10.55744279275953,27.19971318826762,-16.467250634675626
39.645,-7.5893898647779094,-10.617162155777283,27.230216418634953,-16.467250634675626
39.65,-7.741477790542739,-10.67604287292369,27.268861710045538,-16.467250634675626
39.655,-7.88795297700221,-10.734012209997621,27.318647080553063,-16.467250634675626
39.660000000000004,-8.02983322485149,-10.790770048956885,27.377850438934082,-16.467250634675626
39.665,-8.167993162867417,-10.84399207111099,27.445012025123386,-16.467250634675626
39.67,-8.301766442675794,-10.89555928514056,27.52187544100716,-16.467250634675626
39.675000000000004,-8.432983678191604,-10.942831617756822,27.60771527297129,-16.467250634675626
39.68,-8.558440969543389,-10.98776116110491,27.7009476440333,-16.467250634675626
39.685,-8.679992983368045,-11.02858608851985,27.80213707226185,-16.467250634675626
39.69,-8.797134631504868,-11.065104641437141,27.909978360212335,-16.467250634675626
39.695,-8.910519763300599,-11.095487862989629,28.02452511339915,-16.467250634675626
39.7,-9.020154904908013,-11.121222391286718,28.146045072672326,-16.467250634675626
39.705,-9.125233108083494,-11.141268428635088,28.27274805727287,-16.467250634675626
39.71,-9.226259178247416,-11.155508047620614,28.404670277392704,-16.467250634675626
39.715,-9.322692124711278,-11.163790202022248,28.540497971789595,-16.467250634675626
39.72,-9.414677122614952,-11.164694300038208,28.67975582867205,-16.467250634675626
39.725,-9.503261128385853,-11.159031375553859,28.822603054728724,-16.467250634675626
39.730000000000004,-9.585365921734308,-11.145892500917977,28.96738105733636,-16.467250634675626
39.735,-9.664464051557513,-11.125726411628932,29.114537389556386,-16.467250634675626
39.74,-9.73708073409107,-11.098779163631807,29.264927432540848,-16.467250634675626
39.745,-9.803353075625479,-11.064754604417903,29.41472259914277,-16.467250634675626
39.75,-9.866913757082601,-11.022545134957337,29.56552285905686,-16.467250634675626
39.755,-9.924956042604977,-10.972503455007175,29.714530692131365,-16.467250634675626
39.76,-9.976610956400156,-10.915540412645608,29.86174779192215,-16.467250634675626
39.765,-10.022782383826025,-10.85154073636749,30.007689314689795,-16.467250634675626
39.77,-10.063558322477249,-10.77970502629325,30.1500260200809,-16.467250634675626
39.775,-10.0990612466464,-10.699992723857996,30.291386710619914,-16.467250634675626
39.78,-10.129330752972203,-10.613310302643292,30.426782186914007,-16.467250634675626
39.785000000000004,-10.152533935568416,-10.520229469853092,30.558465156416357,-16.467250634675626
39.79,-10.17063829877226,-10.420147724287974,30.685933413317198,-16.467250634675626
39.795,-10.183700974376547,-10.314097978071207,30.806465921212215,-16.467250634675626
39.800000000000004,-10.190167271103274,-10.202193630821888,30.921575020734906,-16.467250634675626
39.805,-10.190342192847057,-10.084394340455166,31.0308943345078,-16.467250634675626
39.81,-10.184743670481264,-9.961355473789089,31.132007614675643,-16.467250634675626
39.815,-10.172774603615892,-9.83363206628746,31.223315882762794,-16.467250634675626
39.82,-10.157047610891341,-9.702736921658424,31.305441186953168,-16.467250634675626
39.825,-10.134635590293746,-9.569057506501126,31.381604879499154,-16.467250634675626
39.83,-10.10648190203006,-9.431690216784,31.44779850307565,-16.467250634675626
39.835,-10.07349505874477,-9.292640960186763,31.504884107408955,-16.467250634675626
39.84,-10.034582335065751,-9.153118803242105,31.554250907432703,-16.467250634675626
39.845,-9.98985812769274,-9.011471608684646,31.593540654603817,-16.467250634675626
39.85,-9.939927568081957,-8.869524080395971,31.622023902211954,-16.467250634675626
39.855000000000004,-9.886775577857914,-8.727246764230967,31.641125802415207,-16.467250634675626
39.86,-9.828268400258748,-8.586915214711913,31.650316917781538,-16.467250634675626
39.865,-9.766339755416077,-8.446193128208545,31.650302209100523,-16.467250634675626
39.87,-9.700543084178866,-8.308204133508228,31.64005398635752,-16.467250634675626
39.875,-9.630733680194387,-8.171923250287355,31.621032760727257,-21.349752941084322
39.88,-9.558464583171252,-8.06343135098323,31.593475664808544,-21.349752941084322
39.885,-9.485086277547431,-7.957392255418639,31.55774941053744,-21.349752941084322
39.89,-9.408991890125378,-7.856330559637192,31.514770821683943,-21.349752941084322
39.895,-9.331876986574315,-7.7578617047826635,31.465131670823883,-21.349752941084322
39.9,-9.253322430129781,-7.664438970874949,31.407790877734836,-21.349752941084322
39.905,-9.174695463528145,-7.574196750560935,31.343188555429595,-21.349752941084322
39.910000000000004,-9.095266047853203,-7.489318477359503,31.272449897728546,-21.349752941084322
39.915,-9.013699133309808,-7.41071041819219,31.19484936630779,-21.349752941084322
39.92,-8.933407832641587,-7.33578105880297,31.113490450813305,-21.349752941084322
39.925000000000004,-8.853455786494425,-7.267536916827166,31.02623050567813,-21.349752941084322
39.93,-8.774501829514131,-7.203588148312693,30.93534901866863,-21.349752941084322
39.935,-8.696368528177429,-7.145503743749713,30.839116656071383,-21.349752941084322
39.94,-8.617737949960443,-7.092621591652995,30.73889794019039,-21.349752941084322
39.945,-8.540177496193836,-7.046292911255253,30.63466630010147,-21.349752941084322
39.95,-8.465841456836847,-7.006132569641981,30.526738989116698,-21.349752941084322
39.955,-8.393597632810678,-6.968605099956758,30.41555259610748,-21.349752941084322
39.96,-8.323603043167155,-6.939969271932805,30.302538939298515,-21.349752941084322
39.965,-8.255022885429268,-6.915909605691445,30.188352365633435,-21.349752941084322
39.97,-8.188401478111281,-6.897627972616911,30.072003602479995,-21.349752941084322
39.975,-8.123939064864324,-6.884675356528567,29.95263251747129,-21.349752941084322
39.980000000000004,-8.062478065348891,-6.878111332667223,29.832264117962985,-21.349752941084322
39.985,-8.003944290718273,-6.8774440519143925,29.711029467910972,-21.349752941084322
39.99,-7.946973202969997,-6.881901635164906,29.59000565325959,-21.349752941084322
39.995,-7.8940269552017375,-6.892109320475134,29.468316694414682,-21.349752941084322
40.0,-7.843540270272034,-6.905322181387127,29.34817906369418,-21.349752941084322
40.005,-7.796565500212664,-6.924277491236705,29.227012004964323,-21.349752941084322
40.01,-7.753732650762307,-6.948688138165142,29.106693247692963,-21.349752941084322
40.015,-7.713862122098942,-6.978652560604086,28.98925373536578,-21.349752941084322
40.02,-7.67605811346507,-7.012292546021912,28.8706285245731,-21.349752941084322
40.025,-7.642876637416024,-7.0500529350951915,28.755559060098182,-21.349752941084322
40.03,-7.614614962226943,-7.092924241163452,28.642804059597367,-21.349752941084322
40.035000000000004,-7.5886742204134965,-7.1392284416532945,28.531722919011166,-21.349752941084322
40.04,-7.567053739324914,-7.190349830973563,28.422722977063994,-21.349752941084322
40.045,-7.547940118415691,-7.243828852384111,28.315598418199528,-21.349752941084322
40.050000000000004,-7.533428323951885,-7.30354779491728,28.2117031213148,-21.349752941084322
40.055,-7.522339110494067,-7.364843670158119,28.110728020939018,-21.349752941084322
40.06,-7.514509687053924,-7.431023359978442,28.012926753787198,-21.349752941084322
40.065,-7.511216019269306,-7.499590677373861,27.919324014656528,-21.349752941084322
40.07,-7.510020786042739,-7.5723672552345365,27.828817522966173,-21.349752941084322
40.075,-7.513106144677933,-7.647834308318995,27.74192024512867,-21.349752941084322
40.08,-7.520180194484139,-7.725609765604269,27.658919571780586,-21.349752941084322
40.085,-7.528621395153509,-7.806943491223427,27.580862503602905,-21.349752941084322
40.09,-7.543171650749435,-7.890527437253352,27.506912414601555,-21.349752941084322
40.095,-7.560861070714706,-7.975884561141743,27.43840498853891,-21.349752941084322
40.1,-7.581507380212539,-8.064150633445944,27.375364555118544,-21.349752941084322
40.105000000000004,-7.605099090402993,-8.153712052800307,27.31530136325453,-21.349752941084322
40.11,-7.633112880322336,-8.244148767730671,27.261961133813127,-21.349752941084322
40.115,-7.663590712822187,-8.338917835952785,27.211895213115227,-21.349752941084322
40.12,-7.696319770247723,-8.432991866707946,27.168032237512904,-21.349752941084322
40.125,-7.732545224433599,-8.529568347292557,27.129936091791183,-21.349752941084322
40.13,-7.772575336142768,-8.628026768650338,27.099175915152113,-21.349752941084322
40.135,-7.815121833975108,-8.725682721181007,27.07396170326502,-21.349752941084322
40.14,-7.8610066259830385,-8.825224861430426,27.05319396914539,-21.349752941084322
40.145,-7.9097729230938745,-8.925582169043379,27.038355339904424,-21.349752941084322
40.15,-7.959913359209231,-9.027027057044238,27.031323280012607,-21.349752941084322
40.155,-8.013874055265095,-9.127597518126198,27.029325046837535,-21.349752941084322
40.160000000000004,-8.070057741045963,-9.227134324151063,27.03342975421593,-21.349752941084322
40.165,-8.128333472803076,-9.327260355098364,27.044800620227235,-21.349752941084322
40.17,-8.188151479967345,-9.426660402338648,27.064071145641307,-21.349752941084322
40.175000000000004,-8.2502167690413,-9.525217066032061,27.089134721103253,-21.349752941084322
40.18,-8.31435196895421,-9.62219442198979,27.121319600729237,-21.349752941084322
40.185,-8.379312991876436,-9.717151460971841,27.158658010745302,-21.349752941084322
40.19,-8.44761822412431,-9.811640786564617,27.203643863150866,-21.349752941084322
40.195,-8.515596570075816,-9.90335308604359,27.254655443321454,-21.349752941084322
40.2,-8.5850619804407,-9.991511841788006,27.313249492029684,-21.349752941084322
40.205,-8.65539313295312,-10.078077563759495,27.378934477623286,-21.349752941084322
40.21,-8.725242139259782,-10.160804680135527,27.449691322024837,-21.349752941084322
40.215,-8.796774543267745,-10.240479500138672,27.52708668695659,-21.349752941084322
40.22,-8.868772076305959,-10.316725103837816,27.610064624072738,-21.349752941084322
40.225,-8.93926340174268,-10.388760931720235,27.699412962542546,-21.349752941084322
40.230000000000004,-9.011395346425797,-10.457796655156708,27.793640493120193,-21.349752941084322
40.235,-9.084014509896665,-10.520671235732236,27.89505763854245,-21.349752941084322
40.24,-9.1563194864659,-10.580169814177822,28.00062266274872,-21.349752941084322
40.245,-9.228052548859074,-10.633101885387713,28.111173470533004,-21.349752941084322
40.25,-9.298982324210984,-10.681381539964462,28.22611000751859,-21.349752941084322
40.255,-9.367662689765265,-10.723405834158568,28.347121497210658,-21.349752941084322
40.26,-9.436096225420593,-10.760305743917746,28.471168232693472,-21.349752941084322
40.265,-9.50166063360681,-10.790911694628766,28.60029475453206,-21.349752941084322
40.27,-9.567794051706745,-10.813978105270397,28.731030857193318,-21.349752941084322
40.275,-9.630128926577317,-10.831078888036796,28.865543618996792,-21.349752941084322
40.28,-9.689606928134289,-10.84315561386044,29.002764052313378,-21.349752941084322
40.285000000000004,-9.747534292304543,-10.8471269273489,29.142251774016017,-21.349752941084322
40.29,-9.80099400595165,-10.84332369519571,29.28223527531536,-21.349752941084322
40.295,-9.853671855533445,-10.832789430022556,29.423270152743118,-21.349752941084322
40.300000000000004,-9.90212151419331,-10.815195646842298,29.565285890764727,-21.349752941084322
40.305,-9.946868861303878,-10.790142323219744,29.70747317464611,-21.349752941084322
40.31,-9.988507117324335,-10.75753004267325,29.848357985102734,-21.349752941084322
40.315,-10.027846307503989,-10.71903667232784,29.986742738616897,-21.349752941084322
40.32,-10.062716310185564,-10.673447294054393,30.12397130145529,-21.349752941084322
40.325,-10.094246719898594,-10.62009307659835,30.25948481936134,-21.349752941084322
40.33,-10.120523024964406,-10.558532082910382,30.39197187092955,-21.349752941084322
40.335,-10.143009909702366,-10.491745819669884,30.520025773753666,-21.349752941084322
40.34,-10.161360746681302,-10.418334806686858,30.645259537936234,-21.349752941084322
40.345,-10.174797553544217,-10.338784526748963,30.765638945224897,-21.349752941084322
40.35,-10.18257556736674,-10.252675297316422,30.880845734280534,-21.349752941084322
40.355000000000004,-10.184846157232137,-10.16088303195021,30.990677329757897,-21.349752941084322
40.36,-10.1835272584412,-10.063221899843947,31.0949413929021,-21.349752941084322
40.365,-10.176056405559045,-9.962256176907943,31.19408033401117,-21.349752941084322
40.37,-10.165844158218043,-9.857535633129272,31.28542435458979,-21.349752941084322
40.375,-10.150077072360993,-9.748310910152332,31.370490680544787,-21.349752941084322
40.38,-10.1302361843731,-9.635932965322194,31.446650222210934,-21.349752941084322
40.385,-10.10641237082971,-9.52064945145558,31.515385504911677,-21.349752941084322
40.39,-10.077768254455151,-9.401394896950922,31.577752440378905,-21.349752941084322
40.395,-10.04325465266081,-9.280281317474943,31.630681940635895,-21.349752941084322
40.4,-10.004941276520636,-9.15820376339219,31.67415646671988,-21.349752941084322
40.405,-9.962594548434584,-9.036132325426653,31.70932277076389,-21.349752941084322
40.410000000000004,-9.91600508290644,-8.913074862920586,31.736929703020582,-21.349752941084322
40.415,-9.865738809162632,-8.791384749522676,31.755246556586307,-21.349752941084322
40.42,-9.812458288382748,-8.668660115954669,31.76567635305728,-21.349752941084322
40.425000000000004,-9.755708397365822,-8.548070257051775,31.767540709436172,-21.349752941084322
40.43,-9.695703105218408,-8.429064681241117,31.760972048161044,-21.349752941084322
40.435,-9.634282446782825,-8.309545477140029,31.74608450707193,-21.349752941084322
40.44,-9.568096931318076,-8.19381507100242,31.723195834055982,-21.349752941084322
40.445,-9.500510620996407,-8.08152249634935,31.692870348086213,-21.349752941084322
40.45,-9.429088071581567,-7.973174349398173,31.654115740154957,-21.349752941084322
40.455,-9.355122292817027,-7.867750037215346,31.607209506476305,-21.349752941084322
40.46,-9.280564919948056,-7.767504017188376,31.55506479550763,-21.349752941084322
40.465,-9.205618188700482,-7.6700869872341855,31.495858211841597,-21.349752941084322
40.47,-9.12850339041673,-7.5777534417550205,31.4286954785457,-21.349752941084322
40.475,-9.050038414141378,-7.490237933566632,31.355833988080768,-21.349752941084322
40.480000000000004,-8.97141155535907,-7.40758278475713,31.277016100048268,-21.349752941084322
40.485,-8.892211688206277,-7.329766391441716,31.192740230404638,-21.349752941084322
40.49,-8.814112861612896,-7.257402173068133,31.102465877636277,-21.349752941084322
40.495,-8.736488880501325,-7.189274408636658,31.008056205889837,-21.349752941084322
40.5,-8.65954605582566,-7.128617963151217,30.908326378437934,-21.349752941084322
40.505,-8.582159436660765,-7.073646673465157,30.804921033282127,-21.349752941084322
40.51,-8.505406316312119,-7.023874229683199,30.697712493971416,-21.349752941084322
40.515,-8.430958731930488,-6.981851393460322,30.586792629754438,-21.349752941084322
40.52,-8.358329653042897,-6.9441468918048175,30.471831799672355,-21.349752941084322
40.525,-8.28645019535982,-6.912507528243611,30.356216921114566,-21.349752941084322
40.53,-8.216135638372428,-6.885727811283939,30.238407834414684,-21.349752941084322
40.535000000000004,-8.149658358959675,-6.8665393134224635,30.117883861126234,-21.349752941084322
40.54,-8.084538633490387,-6.853468306580847,29.99624076260878,-21.349752941084322
40.545,-8.022472546703522,-6.845665244024865,29.872930559427868,-21.349752941084322
40.550000000000004,-7.963755671858521,-6.842268483908305,29.748871337153997,-21.349752941084322
40.555,-7.907769658796636,-6.8461706503872755,29.624310438935584,-21.349752941084322
40.56,-7.8538478945651535,-6.854697957364064,29.499100922649962,-21.349752941084322
40.565,-7.804184898300578,-6.868024859347372,29.373831958785193,-21.349752941084322
40.57,-7.757256836296902,-6.885326089293662,29.250951490009147,-21.349752941084322
40.575,-7.714495729847174,-6.908891466587793,29.126993045964078,-21.349752941084322
40.58,-7.6745084533038535,-6.938131516244621,29.00437550585496,-21.349752941084322
40.585,-7.637666526056719,-6.971153927776432,28.885427122044625,-21.349752941084322
40.59,-7.603999316496627,-7.010573262713192,28.76703731678231,-21.349752941084322
40.595,-7.572697175903577,-7.052217001294607,28.64951237439371,-21.349752941084322
40.6,-7.546187592566593,-7.09924814077063,28.534974292240598,-21.349752941084322
40.605000000000004,-7.524176509943353,-7.151072129445703,28.422029345217588,-21.349752941084322
40.61,-7.50389574595454,-7.205842216325332,28.31186998521621,-21.349752941084322
40.615,-7.488129884522962,-7.265131018899533,28.204477248541533,-21.349752941084322
40.62,-7.47760923798857,-7.328284389495266,28.10040246317491,-21.349752941084322
40.625,-7.470751977464027,-7.39484838825569,27.999713886475682,-21.349752941084322
40.63,-7.46608600065576,-7.46431027912785,27.90290103867653,-21.349752941084322
40.635,-7.465791587217761,-7.536540059402263,27.80933866082042,-21.349752941084322
40.64,-7.469386261353398,-7.6123508093845675,27.719130413134376,-21.349752941084322
40.645,-7.4771368865532395,-7.690555305432396,27.63321678493357,-21.349752941084322
40.65,-7.4868213773477335,-7.772302649671689,27.55240929823113,-21.349752941084322
40.655,-7.500844207966824,-7.855709227138541,27.475781626470724,-21.349752941084322
40.660000000000004,-7.518595007323528,-7.942689177548501,27.40362361784466,-21.349752941084322
40.665,-7.540400268088655,-8.031642641427494,27.336513704918268,-21.349752941084322
40.67,-7.564580837891807,-8.122971505790002,27.27371435574393,-21.349752941084322
40.675000000000004,-7.592955545807112,-8.216573487131352,27.218060242955538,-21.349752941084322
40.68,-7.624358772446178,-8.311776477055068,27.166670632503642,-21.349752941084322
40.685,-7.659529708461128,-8.409942663536691,27.120081358909115,-21.349752941084322
40.69,-7.697374794108873,-8.509576135933143,27.081136099418384,-21.349752941084322
40.695,-7.737872304542915,-8.60804357563557,27.04769445731549,-21.349752941084322
40.7,-7.7816450486509865,-8.708612448790648,27.01975619781011,-21.349752941084322
40.705,-7.82730846669664,-8.809483785895782,26.99837862489026,-21.349752941084322
40.71,-7.876164372702997,-8.910849102216414,26.983405752222076,-21.349752941084322
40.715,-7.926633942869869,-9.013889261039964,26.973876327404305,-21.349752941084322
40.72,-7.9820850074304,-9.11592339842214,26.971717437799064,-21.349752941084322
40.725,-8.040286050377926,-9.218554856295972,26.975891160984798,-21.349752941084322
40.730000000000004,-8.099917552588593,-9.320498443703874,26.986027449832267,-21.349752941084322
40.735,-8.16050053896673,-9.421054867627634,27.004389785905264,-21.349752941084322
40.74,-8.222703382936833,-9.521673932398869,27.028986326801277,-21.349752941084322
40.745,-8.28712820873047,-9.620654534562632,27.059811493017612,-21.349752941084322
40.75,-8.355692720578917,-9.717214298137938,27.097104825721587,-21.349752941084322
40.755,-8.42337107059427,-9.813641778101651,27.142168370472145,-21.349752941084322
40.76,-8.49303207087536,-9.905721118209131,27.193331772439496,-21.349752941084322
40.765,-8.562514420910185,-9.997599201071369,27.2516515280931,-21.349752941084322
40.77,-8.63386139176926,-10.086408826348794,27.315190105535653,-21.349752941084322
40.775,-8.7067299538401,-10.171634100375238,27.38634808537956,-21.349752941084322
40.78,-8.779085660757197,-10.253157275684796,27.463097727061392,-21.349752941084322
40.785000000000004,-8.85232519818411,-10.332376319532445,27.54655190625239,-21.349752941084322
40.79,-8.926224418796842,-10.408300624654839,27.63776915425244,-21.349752941084322
40.795,-9.001779644395826,-10.479681695699913,27.73402167567288,-21.349752941084322
40.800000000000004,-9.075943604630908,-10.546270966149148,27.835518668318688,-21.349752941084322
40.805,-9.149465568396382,-10.607750184928664,27.941871348614587,-21.349752941084322
40.81,-9.22221902415328,-10.663937711939488,28.05447158239497,-21.349752941084322
40.815,-9.296081604990016,-10.713562679168636,28.172220055248815,-21.349752941084322
40.82,-9.367306308211601,-10.759201792641345,28.293670038065237,-21.349752941084322
40.825,-9.436119117108657,-10.798092255348427,28.420704265498006,-21.349752941084322
40.83,-9.503928761753963,-10.83088892195384,28.551225290219552,-21.349752941084322
40.835,-9.570355650208027,-10.857318280034926,28.685139122873682,-21.349752941084322
40.84,-9.63446528254757,-10.876993912774237,28.82250326370635,-21.349752941084322
40.845,-9.695587350283072,-10.889367057033487,28.96153429045809,-21.349752941084322
40.85,-9.754360552090395,-10.894870829936401,29.103676355227467,-21.349752941084322
40.855000000000004,-9.812401877959553,-10.894329578823347,29.246049536337715,-21.349752941084322
40.86,-9.866442050804748,-10.884021518427831,29.390805854764928,-21.349752941084322
40.865,-9.918570670092846,-10.867513301750119,29.53556767428859,-21.349752941084322
40.87,-9.966790106813587,-10.843851943811442,29.680484121858857,-21.349752941084322
40.875,-10.010111589196894,-10.811544625005544,29.82592008632973,-21.349752941084322
40.88,-10.049550243037425,-10.773150469873524,29.96927955823234,-21.349752941084322
40.885,-10.085941183420852,-10.726481982792327,30.1105228446879,-21.349752941084322
40.89,-10.11831263571048,-10.673522709683548,30.249357170943565,-21.349752941084322
40.895,-10.144946956585413,-10.613021011646394,30.386052042601786,-21.349752941084322
40.9,-10.16818457351207,-10.545275893203364,30.519448076076138,-21.349752941084322
40.905,-10.18691715856881,-10.470763488499948,30.648557868433404,-21.349752941084322
40.910000000000004,-10.201693887478024,-10.390445189069307,30.774590128890413,-21.349752941084322
40.915,-10.210198304242084,-10.302840258234948,30.893991577822728,-21.349752941084322
40.92,-10.214573729851734,-10.210020182900019,31.00739021258056,-21.349752941084322
40.925000000000004,-10.214327603393487,-10.11323778802352,31.114855938611953,-21.349752941084322
40.93,-10.20953822893519,-10.008842136086448,31.215482981631876,-21.349752941084322
40.935,-10.199690070212093,-9.901632566990028,31.30890507772943,-21.349752941084322
40.94,-10.184094982874242,-9.789846897096195,31.3956127985721,-21.349752941084322
40.945,-10.165963290447833,-9.675119323110628,31.475211684243753,-21.349752941084322
40.95,-10.14174066394889,-9.557268210188258,31.547191573468183,-11.699881867899949
40.955,-10.112443785581922,-9.38914390405218,31.612696151911123,-11.699881867899949
40.96,-10.07688359763539,-9.217189259394546,31.665389654106715,-11.699881867899949
40.965,-10.034441956554964,-9.044980876998967,31.707680246414583,-11.699881867899949
40.97,-9.98602733394857,-8.870610453087892,31.73842294727808,-11.699881867899949
40.975,-9.928977541748898,-8.698078533677347,31.75762194880567,-11.699881867899949
40.980000000000004,-9.868740410141033,-8.5263060113394,31.766250966053125,-11.699881867899949
40.985,-9.802464775377018,-8.356369621751682,31.763452745096153,-11.699881867899949
40.99,-9.729692589400766,-8.189305913394257,31.751342339266653,-11.699881867899949
40.995,-9.653884548278565,-8.023964760248429,31.725651309588347,-11.699881867899949
41.0,-9.571586853061332,-7.863898767443407,31.689146926044327,-11.699881867899949
41.005,-9.48723081963826,-7.705511618732639,31.642480712861357,-11.699881867899949
41.01,-9.398432573136148,-7.5544355966543835,31.585940734641735,-11.699881867899949
41.015,-9.307028218987812,-7.407907999353551,31.519576250223718,-11.699881867899949
41.02,-9.212487539911791,-7.265657551673574,31.442962980781722,-11.699881867899949
41.025,-9.114314394428895,-7.129946446855379,31.357990543274628,-11.699881867899949
41.03,-9.014181926607286,-6.998717212286158,31.265026073201607,-11.699881867899949
41.035000000000004,-8.913169111261737,-6.875470155551916,31.163825304243915,-11.699881867899949
41.04,-8.811364738762807,-6.759038774891825,31.05419479288209,-11.699881867899949
41.045,-8.708288409545899,-6.649939503861226,30.93795782149532,-11.699881867899949
41.050000000000004,-8.605789060226813,-6.546855573324999,30.815465133509562,-11.699881867899949
41.055,-8.502213513246557,-6.450412880182541,30.685923206980817,-11.699881867899949
41.06,-8.399550530867474,-6.362962672582135,30.550704949369685,-11.699881867899949
41.065,-8.297877989423537,-6.283977358257567,30.41106741461937,-11.699881867899949
41.07,-8.19751155484335,-6.21016688602778,30.26565777684257,-11.699881867899949
41.075,-8.098381751611631,-6.144113164223125,30.115641607717784,-11.699881867899949
41.08,-8.00177228777143,-6.085665249055725,29.96253341452615,-11.699881867899949
41.085,-7.905808357303847,-6.0357679215857445,29.807513460370085,-11.699881867899949
41.09,-7.811748299654446,-5.993168520612411,29.649621178348234,-11.699881867899949
41.095,-7.7211380132999015,-5.957797788749164,29.488373541471308,-11.699881867899949
41.1,-7.633370365371811,-5.9288749242193015,29.325921900904167,-11.699881867899949
41.105000000000004,-7.547692580231979,-5.907912995279837,29.160885586759008,-11.699881867899949
41.11,-7.465784271423288,-5.89234100651456,28.994335548960233,-11.699881867899949
41.115,-7.387422765212271,-5.884852947291792,28.82751756221432,-11.699881867899949
41.12,-7.311473402888791,-5.88425991525075,28.66092087461407,-11.699881867899949
41.125,-7.240924571758116,-5.889188571011595,28.49359349847286,-11.699881867899949
41.13,-7.173111801234001,-5.901477622589344,28.327209700957567,-11.699881867899949
41.135,-7.110347561450712,-5.919151927174816,28.16100573223811,-11.699881867899949
41.14,-7.0517022754786085,-5.943019037815897,27.995884087054616,-11.699881867899949
41.145,-6.997013074513994,-5.971054129036869,27.83112517131048,-11.699881867899949
41.15,-6.945828719339251,-6.005473264246536,27.668850675989713,-11.699881867899949
41.155,-6.898354499646105,-6.045115799413591,27.50696198388643,-11.699881867899949
41.160000000000004,-6.854571785093964,-6.091216516480382,27.34846650583274,-11.699881867899949
41.165,-6.815242400982297,-6.140731545660056,27.193264090993686,-11.699881867899949
41.17,-6.781458345405121,-6.195746401500575,27.04083645654381,-11.699881867899949
41.175000000000004,-6.751660818749477,-6.255093440699456,26.89033739032668,-11.699881867899949
41.18,-6.726822323184999,-6.321262673768198,26.741599201239943,-11.699881867899949
41.185,-6.706670136018218,-6.390145926093736,26.5968088548423,-11.699881867899949
41.19,-6.690609056404626,-6.464586129052641,26.456527308692124,-11.699881867899949
41.195,-6.6798804147859245,-6.541972033248277,26.32006707901544,-11.699881867899949
41.2,-6.67432497371376,-6.623953000859063,26.18871559478189,-11.699881867899949
41.205,-6.6709145444228115,-6.710086574034341,26.06099831056053,-11.699881867899949
41.21,-6.673543399172536,-6.799704059196856,25.93683492152725,-11.699881867899949
41.215,-6.679571711557816,-6.8939625338027986,25.81723769008149,-11.699881867899949
41.22,-6.6903584566607766,-6.9914241054047634,25.702212889925153,-11.699881867899949
41.225,-6.706939586265007,-7.092165216075326,25.59361027905444,-11.699881867899949
41.230000000000004,-6.724953522951282,-7.194067138735056,25.49035755318483,-11.699881867899949
41.235,-6.748235485125539,-7.300840295936667,25.390879845795226,-11.699881867899949
41.24,-6.776133298310351,-7.410776317059806,25.298273525650508,-11.699881867899949
41.245,-6.808158044889516,-7.523940113773041,25.212042350646065,-11.699881867899949
41.25,-6.844573714759013,-7.638807840118042,25.13145703696723,-11.699881867899949
41.255,-6.884288376846399,-7.757202667219119,25.057677357046465,-11.699881867899949
41.26,-6.92730731780359,-7.878571635866426,24.99058298887331,-11.699881867899949
41.265,-6.976088647021164,-8.001053861496448,24.929288160893698,-11.699881867899949
41.27,-7.02733281160859,-8.127369992101343,24.87533159226905,-11.699881867899949
41.275,-7.08300859092054,-8.255124673929997,24.827772150391667,-11.699881867899949
41.28,-7.142399248251369,-8.384114098200486,24.789221196925798,-11.699881867899949
41.285000000000004,-7.203102803103967,-8.514874776396587,24.756235510188873,-11.699881867899949
41.29,-7.270091221465673,-8.6469736240011,24.73330919521787,-11.699881867899949
41.295,-7.340766349034778,-8.780509451551854,24.717379816692368,-11.699881867899949
41.300000000000004,-7.412140814433441,-8.91531680530449,24.709373695223608,-11.699881867899949
41.305,-7.486735711736785,-9.05208762190891,24.71031957370218,-11.699881867899949
41.31,-7.565703343550247,-9.188867030544714,24.719417129185146,-11.699881867899949
41.315,-7.646634027247824,-9.326207833036726,24.7375783597969,-11.699881867899949
41.32,-7.730023082466844,-9.461667821380594,24.763110115860673,-11.699881867899949
41.325,-7.815968402360166,-9.597924216035423,24.798262140105845,-11.699881867899949
41.33,-7.905521609528713,-9.732798016635229,24.84292817307872,-11.699881867899949
41.335,-7.995511109405351,-9.867605110992224,24.89582446023134,-11.699881867899949
41.34,-8.08887213252771,-10.000621452188877,24.958486323552243,-11.699881867899949
41.345,-8.18434170746826,-10.132312699665139,25.02915750281307,-11.699881867899949
41.35,-8.281852892420835,-10.26218680179851,25.109454764475355,-11.699881867899949
41.355000000000004,-8.380850189798068,-10.389723779992242,25.199609550394594,-11.699881867899949
41.36,-8.481908816848614,-10.51315978494803,25.29875271769218,-11.699881867899949
41.365,-8.5837265115505,-10.634328627610612,25.406836071370066,-11.699881867899949
41.37,-8.686710429828706,-10.750661490490653,25.523973251662202,-11.699881867899949
41.375,-8.790133115380772,-10.862220439125423,25.649926046705787,-11.699881867899949
41.38,-8.892154069564903,-10.970515540534148,25.78604334796288,-11.699881867899949
41.385,-8.99458220622355,-11.072160979627844,25.92964617663024,-11.699881867899949
41.39,-9.098884683094903,-11.169218813717087,26.08189489653932,-11.699881867899949
41.395,-9.201968791872888,-11.260059907810174,26.24213811548015,-11.699881867899949
41.4,-9.305248435946686,-11.343104313614079,26.410104866886073,-11.699881867899949
41.405,-9.407610346415073,-11.416259987225986,26.585038363998656,-11.699881867899949
41.410000000000004,-9.507408817859169,-11.484685122498616,26.767387631614373,-11.699881867899949
41.415,-9.606491186132535,-11.545517294634623,26.95637764920999,-11.699881867899949
41.42,-9.704550663643001,-11.597058431769804,27.152867400510168,-11.699881867899949
41.425000000000004,-9.797624673164771,-11.637502857165241,27.35363115523269,-11.699881867899949
41.43,-9.889352984930522,-11.668854178374815,27.558847502582474,-11.699881867899949
41.435,-9.977538596475469,-11.692342085212584,27.767440999548512,-11.699881867899949
41.44,-10.06243735124751,-11.703800872520954,27.982017308599232,-11.699881867899949
41.445,-10.143130643175846,-11.704614317539464,28.198031492219076,-11.699881867899949
41.45,-10.220880198721002,-11.694646036993259,28.414891173932432,-11.699881867899949
41.455,-10.296894467827236,-11.673538077622355,28.632704964575627,-11.699881867899949
41.46,-10.36525855506886,-11.640684738487268,28.852162560865192,-11.699881867899949
41.465,-10.42807524358182,-11.59831811528838,29.07038504166719,-11.699881867899949
41.47,-10.485879739488722,-11.542544192664309,29.287701858492003,-11.699881867899949
41.475,-10.538235801144367,-11.47668300423518,29.503341779920422,-11.699881867899949
41.480000000000004,-10.58400808939636,-11.398317238193034,29.71419851234577,-11.699881867899949
41.485,-10.625504370618314,-11.310258263600641,29.920018573844306,-11.699881867899949
41.49,-10.660184028228148,-11.210178170286975,30.12102232497082,-11.699881867899949
41.495,-10.688173437685967,-11.100060551586965,30.31722985931244,-11.699881867899949
41.5,-10.708538605993002,-10.978388813265424,30.507421081930094,-11.699881867899949
41.505,-10.722255695324465,-10.847786154138554,30.688272484578572,-11.699881867899949
41.51,-10.72805099123842,-10.707763906909276,30.860714748994262,-11.699881867899949
41.515,-10.72788522154893,-10.559823501531088,31.02431254551861,-11.699881867899949
41.52,-10.720155859043498,-10.403371739871353,31.176616192498557,-11.699881867899949
41.525,-10.705399683819222,-10.23987712304278,31.317218740103677,-11.699881867899949
41.53,-10.681792007364782,-10.06895911594481,31.44656916854847,-11.699881867899949
41.535000000000004,-10.651734316117873,-9.893621851476768,31.56525325001773,-11.699881867899949
41.54,-10.613997977415039,-9.71258800261568,31.671418492481653,-11.699881867899949
41.545,-10.569714960107778,-9.527712920188865,31.763290081564,-11.699881867899949
41.550000000000004,-10.517160427541347,-9.339461488454095,31.84159769889718,-11.699881867899949
41.555,-10.457887238106201,-9.149541510440876,31.90864824152108,-11.699881867899949
41.56,-10.392862312207608,-8.958164832006911,31.961974797788606,-11.699881867899949
41.565,-10.320546684932587,-8.765956495559038,32.00150615944123,-11.699881867899949
41.57,-10.243622743922362,-8.574634922715292,32.02783224212838,-11.699881867899949
41.575,-10.161751860918594,-8.382361666213173,32.04106493121334,-11.699881867899949
41.58,-10.073306223483275,-8.19398811795635,32.04030547872339,-11.699881867899949
41.585,-9.97925260780987,-8.007600985462464,32.025682674581084,-11.699881867899949
41.59,-9.880207472337242,-7.825172691286745,31.99669405622817,-11.699881867899949
41.595,-9.77875947407418,-7.647060549577329,31.95602565952214,-11.699881867899949
41.6,-9.67134169048037,-7.473732240233908,31.90261318213398,-11.699881867899949
41.605000000000004,-9.561330847039743,-7.306053729727525,31.837804522118294,-11.699881867899949
41.61,-9.44910787330348,-7.145041683020851,31.76186258779903,-11.699881867899949
41.615,-9.334510049099002,-6.990229906150325,31.676206167316177,-11.699881867899949
41.62,-9.217439667226015,-6.841652955783559,31.5794800811513,-11.699881867899949
41.625,-9.09686885989608,-6.7010206935803645,31.473643043317793,-11.699881867899949
41.63,-8.976400922908267,-6.5673444407965915,31.357584213466243,-11.699881867899949
41.635,-8.856437162914107,-6.442252674946572,31.2340993981232,-11.699881867899949
41.64,-8.735991271374287,-6.3249415699880895,31.10281218430382,-11.699881867899949
41.645,-8.616019525820539,-6.216781480021056,30.964806699146216,-11.699881867899949
41.65,-8.496315764657771,-6.117225764637029,30.818837786386705,-11.699881867899949
41.655,-8.37666818264773,-6.025484379851367,30.667143571396117,-11.699881867899949
41.660000000000004,-8.25984327634433,-5.941544317551939,30.509779580217156,-11.699881867899949
41.665,-8.14361211288201,-5.866137848918772,30.34898559353761,-11.699881867899949
41.67,-8.028989868088585,-5.800302276547704,30.182860211420603,-11.699881867899949
41.675000000000004,-7.916904767956522,-5.742120062424007,30.01278701314313,-11.699881867899949
41.68,-7.809528178526131,-5.6926110685787465,29.840003493679554,-11.699881867899949
41.685,-7.702820251871495,-5.651900425950734,29.663898094406406,-11.699881867899949
41.69,-7.601448833850856,-5.6176832693833205,29.485109888108994,-11.699881867899949
41.695,-7.501625307035435,-5.591264208655049,29.306268138233477,-11.699881867899949
41.7,-7.406823516290916,-5.5734099312898016,29.12464205500528,-11.699881867899949
41.705,-7.315276092724986,-5.561175983375439,28.94225333440616,-11.699881867899949
41.71,-7.228105821204044,-5.556588373811578,28.75991485507152,-11.699881867899949
41.715,-7.145598147052844,-5.557770205954686,28.577451191160417,-11.699881867899949
41.72,-7.0664672569163285,-5.567102045499642,28.395797062728672,-11.699881867899949
41.725,-6.991280789184788,-5.58306866786374,28.213160763340017,-11.699881867899949
41.730000000000004,-6.921202443857026,-5.605083294708759,28.032238502638396,-11.699881867899949
41.735,-6.8546002610722585,-5.63430622874128,27.852513821482795,-11.699881867899949
41.74,-6.7929309345695135,-5.66975637888249,27.673103142911547,-11.699881867899949
41.745,-6.737498308905388,-5.711240906183994,27.495990882703264,-11.699881867899949
41.75,-6.686405318359954,-5.7576919569818426,27.321476444291275,-11.699881867899949
41.755,-6.638964006029007,-5.80976362651781,27.149825668617723,-11.699881867899949
41.76,-6.596317995026944,-5.867900913519014,26.98017492122631,-11.699881867899949
41.765,-6.560740746917118,-5.931499459997984,26.81480971174664,-11.699881867899949
41.77,-6.528777100171773,-5.999127598508359,26.652542155263784,-27.99032117189064
41.775,-6.502280964876757,-6.151378911495944,26.49286907631152,-27.99032117189064
41.78,-6.484226219940554,-6.308845467680051,26.340919464962138,-27.99032117189064
41.785000000000004,-6.473685138897543,-6.471149324273036,26.19372339722913,-27.99032117189064
41.79,-6.474305985324167,-6.636957259432487,26.052701333195998,-27.99032117189064
41.795,-6.482174234251782,-6.807076522812722,25.91997229226158,-27.99032117189064
41.800000000000004,-6.498687561108331,-6.979770167106799,25.793458935289166,-27.99032117189064
41.805,-6.523743919589744,-7.155267515292931,25.676689740263722,-27.99032117189064
41.81,-6.554929439437434,-7.33326030205207,25.567994100509726,-27.99032117189064
41.815,-6.593762312374628,-7.516606919408116,25.467425393553526,-27.99032117189064
41.82,-6.639209007241281,-7.702603174206628,25.374773055480116,-27.99032117189064
41.825,-6.6926605460398,-7.89180774443209,25.29148411402811,-27.99032117189064
41.83,-6.753002745173357,-8.0835810658806,25.21819704347846,-27.99032117189064
41.835,-6.8187143902082425,-8.276874137846256,25.155251289274485,-27.99032117189064
41.84,-6.8919604937102585,-8.47190113614178,25.10188826340929,-27.99032117189064
41.845,-6.971645929557195,-8.667961252116914,25.0595466832038,-27.99032117189064
41.85,-7.055751797778301,-8.866743225333213,25.02735484628771,-27.99032117189064
41.855000000000004,-7.14582613446118,-9.067819571680928,25.00689159893696,-27.99032117189064
41.86,-7.2422583116974435,-9.270303208232622,24.997240765314892,-27.99032117189064
41.865,-7.344386103687908,-9.471604869390688,24.998783521748397,-27.99032117189064
41.87,-7.449928287760713,-9.675201022024694,25.012273230085324,-27.99032117189064
41.875,-7.560653714086799,-9.877371031069247,25.03977969388151,-27.99032117189064
41.88,-7.676024295384591,-10.079332278716732,25.07885993958137,-27.99032117189064
41.885,-7.797385004526076,-10.280002778422348,25.132194950988623,-27.99032117189064
41.89,-7.921422417258943,-10.48038304563031,25.19781056016522,-27.99032117189064
41.895,-8.050058918242296,-10.679532302404558,25.276929998163588,-27.99032117189064
41.9,-8.18082664894164,-10.875249683459117,25.36920315305062,-27.99032117189064
41.905,-8.31709653323064,-11.06959795017225,25.476769896374833,-27.99032117189064
41.910000000000004,-8.454750630278406,-11.259296069344193,25.597426897577385,-27.99032117189064
41.915,-8.595099246976194,-11.44262629541041,25.732055715713418,-27.99032117189064
41.92,-8.738079070571738,-11.621839576058788,25.881427144301817,-27.99032117189064
41.925000000000004,-8.882669345379776,-11.79700369438481,26.045109919179765,-27.99032117189064
41.93,-9.028708523142347,-11.965504155582174,26.221583917813085,-27.99032117189064
41.935,-9.176067764939756,-12.126031287610628,26.411747926556966,-27.99032117189064
41.94,-9.323242223421401,-12.278085850914234,26.615570504296144,-27.99032117189064
41.945,-9.47139274213122,-12.420719447429509,26.833143110897836,-27.99032117189064
41.95,-9.619776654602104,-12.553930051080453,27.064111475555606,-27.99032117189064
41.955,-9.766820082146172,-12.675124582644187,27.307222497147514,-27.99032117189064
41.96,-9.913131370083827,-12.785239522665046,27.562064134152802,-27.99032117189064
41.965,-10.05583621409822,-12.884774221143372,27.82884558429564,-27.99032117189064
41.97,-10.1978590312638,-12.969560367430036,28.10536412199404,-27.99032117189064
41.975,-10.335992368373224,-13.039820358075357,28.39247608754717,-27.99032117189064
41.980000000000004,-10.47189319173278,-13.095443361873103,28.68819551553328,-27.99032117189064
41.985,-10.603180076731986,-13.132470561023789,28.99120175884802,-27.99032117189064
41.99,-10.728306116002212,-13.153768376810255,29.302426796820765,-27.99032117189064
41.995,-10.850442046409157,-13.158021181849724,29.617229010634475,-27.99032117189064
42.0,-10.96543453693595,-13.14422063371852,29.93657656001068,-27.99032117189064
42.005,-11.074723560871623,-13.11229963101441,30.258241547528044,-27.99032117189064
42.01,-11.176590361089831,-13.061465833515031,30.58072670641738,-27.99032117189064
42.015,-11.27106487974688,-12.993347600258188,30.902467050623557,-27.99032117189064
42.02,-11.357393555975943,-12.90500527486186,31.222344479073403,-27.99032117189064
42.025,-11.434865398378848,-12.796817581483072,31.538181719785708,-27.99032117189064
42.03,-11.501677799872574,-12.67147847661378,31.849210070992413,-27.99032117189064
42.035000000000004,-11.560242390380287,-12.527092933419924,32.152808359389965,-27.99032117189064
42.04,-11.60909519858311,-12.365193884904121,32.44801870512573,-27.99032117189064
42.045,-11.64709514036748,-12.185697129582483,32.732061789539664,-27.99032117189064
42.050000000000004,-11.674282645384363,-11.98962609683442,33.004690913245724,-27.99032117189064
42.055,-11.689376631169964,-11.776885388407047,33.26434105903911,-27.99032117189064
42.06,-11.693459597065866,-11.549915642765349,33.50916913528715,-27.99032117189064
42.065,-11.686564548898849,-11.310625542928493,33.736919906691256,-27.99032117189064
42.07,-11.667348123918007,-11.058360600884917,33.949514876143105,-27.99032117189064
42.075,-11.63801550154519,-10.794264195527925,34.1427127485089,-27.99032117189064
42.08,-11.59627763442198,-10.524185171521854,34.317204140810624,-27.99032117189064
42.085,-11.543240914814087,-10.2457325606056,34.47007339307883,-27.99032117189064
42.09,-11.478253094151862,-9.960712399217513,34.60234719878906,-27.99032117189064
42.095,-11.402015156076418,-9.671939120505598,34.71301809132674,-27.99032117189064
42.1,-11.314790694892535,-9.380226024739608,34.80134163143108,-27.99032117189064
42.105000000000004,-11.218274510463175,-9.089327141495225,34.867317362044176,-27.99032117189064
42.11,-11.111414081060309,-8.798176306682612,34.91225027955263,-27.99032117189064
42.115,-10.99574682813574,-8.510033955953483,34.93583829235042,-27.99032117189064
42.12,-10.87116316562582,-8.226384004614086,34.938463676171686,-27.99032117189064
42.125,-10.738965995636194,-7.948617725306847,34.91969774766208,-27.99032117189064
42.13,-10.599757548387203,-7.677176261861611,34.87984841775319,-27.99032117189064
42.135,-10.452689787253833,-7.415231173265597,34.82249879678518,-27.99032117189064
42.14,-10.302034917178585,-7.163588247545569,34.747664152715565,-27.99032117189064
42.145,-10.145584905291043,-6.919860732855088,34.65371460508779,-27.99032117189064
42.15,-9.984600901789177,-6.688508265849909,34.542956786234775,-27.99032117189064
42.155,-9.81996673314419,-6.4678961548052065,34.4166393461594,-27.99032117189064
42.160000000000004,-9.653554427643307,-6.260317806418882,34.27516530041954,-27.99032117189064
42.165,-9.484497440570031,-6.065922360244557,34.12054309522586,-27.99032117189064
42.17,-9.314599796746425,-5.8851055465038025,33.95303019528787,-27.99032117189064
42.175000000000004,-9.143091625335916,-5.719413290329083,33.77399812188454,-27.99032117189064
42.18,-8.971664487945814,-5.566850152648365,33.58573138035941,-27.99032117189064
42.185,-8.800826368923197,-5.428888590624267,33.386632155692396,-27.99032117189064
42.19,-8.631897384931987,-5.303606737251457,33.17944814938849,-27.99032117189064
42.195,-8.46547515822156,-5.192968493738309,32.96625327937703,-27.99032117189064
42.2,-8.302211716648177,-5.09629316349955,32.74657319460306,-27.99032117189064
42.205,-8.142383406545832,-5.013740432461035,32.52097654061806,-27.99032117189064
42.21,-7.985322167573348,-4.944592382615294,32.29081026088789,-27.99032117189064
42.215,-7.832107225731035,-4.8876745501119006,32.05691882490851,-27.99032117189064
42.22,-7.683879442968001,-4.843884436833736,31.820422346090048,-27.99032117189064
42.225,-7.54241124093173,-4.812246357339194,31.582856157533428,-27.99032117189064
42.230000000000004,-7.407863600530155,-4.793370311114696,31.343518938959118,-27.99032117189064
42.235,-7.278066876555699,-4.786013331862799,31.10271224290928,-27.99032117189064
42.24,-7.154019998910732,-4.790658503845949,30.86114866041579,-27.99032117189064
42.245,-7.0350226023474285,-4.804193731905398,30.620066223528326,-27.99032117189064
42.25,-6.922531544221054,-4.827441320253198,30.38197676775902,-27.99032117189064
42.255,-6.817568888238681,-4.860336404994203,30.143995791960617,-27.99032117189064
42.26,-6.720087969853931,-4.902312208617898,29.90867796989608,-27.99032117189064
42.265,-6.6285070949504625,-4.952747553103732,29.674151089264388,-27.99032117189064
42.27,-6.544560096213852,-5.013006191995349,29.441814524953443,-27.99032117189064
42.275,-6.469868010151454,-5.080807757722226,29.213477651172656,-27.99032117189064
42.28,-6.401807389880612,-5.155129109320261,28.988445650321346,-27.99032117189064
42.285000000000004,-6.33917308900278,-5.2374178697026075,28.767441795793424,-27.99032117189064
42.29,-6.284697506161305,-5.327213650751022,28.550139316697557,-27.99032117189064
42.295,-6.237579151149432,-5.4231453713773865,28.335983077405277,-27.99032117189064
42.300000000000004,-6.197462833968845,-5.526436559987335,28.127327314577734,-27.99032117189064
42.305,-6.164493656545326,-5.633388295364413,27.92382646683371,-27.99032117189064
42.31,-6.139154790584131,-5.747694811525157,27.726910499625536,-27.99032117189064
42.315,-6.119061396961458,-5.866519966027363,27.534204539365703,-27.99032117189064
42.32,-6.107869718313444,-5.991252980322331,27.346289788906752,-27.99032117189064
42.325,-6.102892658117361,-6.120740108756987,27.16643424326883,-27.99032117189064
42.33,-6.10399257145764,-6.255443418281708,26.99057840147966,-27.99032117189064
42.335,-6.112402297426882,-6.394433852706617,26.822377630665613,-27.99032117189064
42.34,-6.126466594236353,-6.538593512472398,26.66095291153133,-27.99032117189064
42.345,-6.1472094206095065,-6.686229185764298,26.505835387328407,-27.99032117189064
42.35,-6.173347211781297,-6.840064108519633,26.359908099714918,-27.99032117189064
42.355000000000004,-6.205780404883803,-6.995628177797525,26.219303939731258,-27.99032117189064
42.36,-6.245988242589519,-7.1555793917366595,26.087171870825358,-27.99032117189064
42.365,-6.292231878069665,-7.3187314201301135,25.96231457205278,-27.99032117189064
42.37,-6.342229561436252,-7.485789422908217,25.84565831939273,-27.99032117189064
42.375,-6.400336568168336,-7.656422383682427,25.738178801558952,-27.99032117189064
42.38,-6.461695505361018,-7.829652769906901,25.639760651527137,-27.99032117189064
42.385,-6.52949388817951,-8.006476025386055,25.549504483165233,-27.99032117189064
42.39,-6.602410860239574,-8.186458483307938,25.470186157995215,-27.99032117189064
42.395,-6.681185436878231,-8.3700068066408,25.400670704261543,-27.99032117189064
42.4,-6.76498838509936,-8.555912977173737,25.34169089233456,-27.99032117189064
42.405,-6.854619467133016,-8.74340470191836,25.29369630783087,-27.99032117189064
42.410000000000004,-6.950330069041286,-8.930700544488543,25.25670477238374,-27.99032117189064
42.415,-7.049996712039744,-9.120793693027235,25.229549834584247,-27.99032117189064
42.42,-7.1522792446954435,-9.313192542818573,25.215375390270193,-27.99032117189064
42.425000000000004,-7.25982190965522,-9.506521173790105,25.21272366608985,-27.99032117189064
42.43,-7.371674649524611,-9.699798385742609,25.221390013074508,-27.99032117189064
42.435,-7.4871212292968945,-9.892353884392827,25.241684757110068,-27.99032117189064
42.44,-7.606810385717132,-10.085272899289441,25.275329962666337,-27.99032117189064
42.445,-7.731449774549975,-10.278723637741242,25.321098078505884,-27.99032117189064
42.45,-7.859753074399881,-10.471056029689414,25.380974110075393,-27.99032117189064
42.455,-7.9904698715832625,-10.661926425325484,25.452638592948873,-27.99032117189064
42.46,-8.123519625408644,-10.84981567640921,25.53815854652144,-27.99032117189064
42.465,-8.261048846208242,-11.034815860093182,25.637554773292486,-27.99032117189064
42.47,-8.40070133385086,-11.2169496813465,25.750857483067065,-27.99032117189064
42.475,-8.54158532814927,-11.396755704792096,25.880518056791278,-27.99032117189064
42.480000000000004,-8.68456760329164,-11.570027610597384,26.02220823458279,-27.99032117189064
42.485,-8.827935188890402,-11.738342420718835,26.17721725908786,-27.99032117189064
42.49,-8.972067586701096,-11.899564861418929,26.346864419871284,-27.99032117189064
42.495,-9.117534455367725,-12.05566126611458,26.529210585944956,-27.99032117189064
42.5,-9.263853547327182,-12.202180437143143,26.724291143669962,-27.99032117189064
42.505,-9.410147697097697,-12.340766567600838,26.933526237366433,-27.99032117189064
42.51,-9.555971836586357,-12.468261358592038,27.155792752594046,-27.99032117189064
42.515,-9.701368820449078,-12.584466851252976,27.389844790356012,-27.99032117189064
42.52,-9.845782424206421,-12.69158390692238,27.634044822848384,-27.99032117189064
42.525,-9.987815160278986,-12.78636297943162,27.89082213252285,-27.99032117189064
42.53,-10.127410108735369,-12.86774749457333,28.158558363356434,-27.99032117189064
42.535000000000004,-10.264983979567035,-12.93471100679428,28.43551240974207,-27.99032117189064
42.54,-10.398455681188597,-12.988065606518163,28.72146292077653,-27.99032117189064
42.545,-10.528166886276853,-13.02682803416262,29.01397114410892,-27.99032117189064
42.550000000000004,-10.6531028601722,-13.048668384077653,29.312262467872895,-27.99032117189064
42.555,-10.774366934004592,-13.052684145673412,29.617065430621338,-27.99032117189064
42.56,-10.888475375689227,-13.039784395501902,29.92479470463695,-27.99032117189064
42.565,-10.99685687572766,-13.010417895163247,30.23604657058703,-27.99032117189064
42.57,-11.097253191619902,-12.962792688122205,30.548007514774316,-27.99032117189064
42.575,-11.190055379454016,-12.896171705652586,30.85926621773448,-27.99032117189064
42.58,-11.275747676689381,-12.81247704951856,31.170215364240843,-27.99032117189064
42.585,-11.351525723998307,-12.709296761362966,31.475544362150746,-27.99032117189064
42.59,-11.419620412889012,-12.588664689088954,31.776935924545633,-27.99032117189064
42.595,-11.478548711750022,-12.449763453135157,32.072966905631176,-27.99032117189064
42.6,-11.527248982729919,-12.294345811291224,32.35963314575285,-27.99032117189064
42.605000000000004,-11.566499956469235,-12.121398424593952,32.63649647239685,-27.99032117189064
42.61,-11.595390573015909,-11.931943120893544,32.90315478987425,-27.99032117189064
42.615,-11.613124559720214,-11.727129780165706,33.156867883498656,-27.99032117189064
42.62,-11.618147614576262,-11.508541250458954,33.39610153073731,-27.99032117189064
42.625,-11.613820282529014,-11.277527277274533,33.61891040164916,-27.99032117189064
42.63,-11.59689571528154,-11.035700109776439,33.82552700157652,-27.99032117189064
42.635,-11.568621932435608,-10.782215712534148,34.01393260496932,-27.99032117189064
42.64,-11.528855952235215,-10.519620315223829,34.18447368781433,-27.99032117189064
42.645,-11.479151943742295,-10.24910249361769,34.334324168435685,-27.99032117189064
42.65,-11.417189985902388,-9.974172362597109,34.464803779459366,-27.99032117189064
42.655,-11.344986369680878,-9.695148862834573,34.574286548870134,-27.99032117189064
42.660000000000004,-11.261830308979345,-9.413275780503191,34.66417207555964,-27.99032117189064
42.665,-11.168879980623071,-9.13141231857945,34.73171615507342,-27.99032117189064
42.67,-11.067453593320005,-8.849715829550425,34.77847383600366,-27.99032117189064
42.675000000000004,-10.95718864679784,-8.57045933649073,34.80395281796032,-27.99032117189064
42.68,-10.839272989618017,-8.293655222512449,34.811028948872654,-27.99032117189064
42.685,-10.710480430801438,-8.02266358445172,34.79645675749267,-27.99032117189064
42.69,-10.575860046599662,-7.758416029486156,34.762961752878006,-27.99032117189064
42.695,-10.435199521437058,-7.501059824028138,34.709113300263155,-27.99032117189064
42.7,-10.288460994016798,-7.254571330040128,34.63720095017134,-27.99032117189064
42.705,-10.136707869459205,-7.01743489491721,34.54900238960841,-27.99032117189064
42.71,-9.979822451167488,-6.79138045374562,34.444189901911905,-27.99032117189064
42.715,-9.819691439847617,-6.575540827075495,34.324476339050456,-27.99032117189064
42.72,-9.656497488146744,-6.3729298571839,34.18973103132482,-27.99032117189064
42.725,-9.492118915438514,-6.182523173226197,34.04123326186456,-27.99032117189064
42.730000000000004,-9.327101741599929,-6.004998448697495,33.88133715123606,-27.99032117189064
42.735,-9.160074813611846,-5.840469572411134,33.708063865709875,-27.99032117189064
42.74,-8.994253499434624,-5.688930007174994,33.52657002820013,-27.99032117189064
42.745,-8.829232102951538,-5.551953557653802,33.3359987220061,-27.99032117189064
42.75,-8.66590502140129,-5.429449980727212,33.13709858495091,-27.99032117189064
42.755,-8.503795234009797,-5.319530910117777,32.93136278738713,-27.99032117189064
42.76,-8.343547721732214,-5.224291509317262,32.718591906457284,-27.99032117189064
42.765,-8.187269423377224,-5.141743340917591,32.49930837776405,-27.99032117189064
42.77,-8.034562565546368,-5.0714958737131886,32.27485810724762,-27.99032117189064
42.775,-7.886792479777722,-5.014291853494501,32.04828705002168,-27.99032117189064
42.78,-7.742054663394856,-4.9692265028706775,31.81795898071136,-27.99032117189064
42.785000000000004,-7.60410248665004,-4.936733333344808,31.584742832471033,-27.99032117189064
42.79,-7.47018462767114,-4.9154198180293776,31.35000321527042,-27.99032117189064
42.795,-7.341634738938479,-4.905788431713922,31.11547114119699,-27.99032117189064
42.800000000000004,-7.219235575413713,-4.906733491114808,30.881694885897367,-27.99032117189064
42.805,-7.103093155907553,-4.917516231487589,30.64739545844554,-27.99032117189064
42.81,-6.994239639588623,-4.938584315977375,30.413443946578116,-27.99032117189064
42.815,-6.890926411960092,-4.969779623992241,30.181167818432463,-27.99032117189064
42.82,-6.794914402801261,-5.009927256363191,29.952108761541947,-27.99032117189064
42.825,-6.705495803072261,-5.058104842780303,29.722219014685272,-27.99032117189064
42.83,-6.62365793631196,-5.115803840846454,29.495061294850224,-27.99032117189064
42.835,-6.5475647607531915,-5.181916289898227,29.27180962136255,-27.99032117189064
42.84,-6.479208141119098,-5.254011403069244,29.05241051458924,-27.99032117189064
42.845,-6.417956906692277,-5.334300535349978,28.835015552416625,-27.99032117189064
42.85,-6.362714963667906,-5.420727265350169,28.622646208914233,-27.99032117189064
42.855000000000004,-6.316283042893904,-5.51404614881859,28.41367765754661,-27.99032117189064
42.86,-6.276243431710593,-5.613066321778725,28.20900170939386,-27.99032117189064
42.865,-6.243397290044436,-5.7176308334347645,28.009334221100108,-27.99032117189064
42.87,-6.216642218400709,-5.828372004676652,27.813182213527966,-27.99032117189064
42.875,-6.197987534486281,-5.944714821724538,27.623334000317378,-27.99032117189064
42.88,-6.187025789982185,-6.066427250927054,27.439332713886408,-27.99032117189064
42.885,-6.181569034183273,-6.1933048775890525,27.262704887823006,-27.99032117189064
42.89,-6.181935635405828,-6.324759255725249,27.09034730697774,-27.99032117189064
42.895,-6.188382360876628,-6.4617552260173845,26.92383907319761,-27.99032117189064
42.9,-6.202862826530199,-6.603277449649795,26.763751703988827,-27.99032117189064
42.905,-6.223197680964295,-6.749286951542719,26.61130585096601,-27.99032117189064
42.910000000000004,-6.249120618644715,-6.898220675635125,26.4665136259267,-27.99032117189064
42.915,-6.281855238223623,-7.050213020413726,26.328555220465077,-27.99032117189064
42.92,-6.320687702805391,-7.20692914257679,26.1997003530429,-27.99032117189064
42.925000000000004,-6.3657910434628535,-7.368111586986778,26.077828161463064,-27.99032117189064
42.93,-6.416811962929646,-7.532565552695169,25.96578364207018,-27.99032117189064
42.935,-6.472332372605455,-7.698516493842248,25.860622060405003,-27.99032117189064
42.94,-6.533384070381852,-7.869415259806439,25.764096748501906,-27.99032117189064
42.945,-6.600516291110537,-8.04271098248611,25.677241141321034,-27.99032117189064
42.95,-6.672947476888889,-8.218066368071907,25.60059974254065,-27.99032117189064
42.955,-6.749586577529422,-8.397046452564203,25.53462262275586,-27.99032117189064
42.96,-6.83264231961191,-8.578348799099343,25.47838723623553,-27.99032117189064
42.965,-6.9204996592587555,-8.760871934745364,25.43060020317322,-27.99032117189064
42.97,-7.013057317406022,-8.945254750838913,25.395576874725418,-27.99032117189064
42.975,-7.108734178644224,-9.131941559628736,25.371008468061913,-27.99032117189064
42.980000000000004,-7.210738803821963,-9.321507938773136,25.35830716791038,-27.99032117189064
42.985,-7.316685147133283,-9.508912709435192,25.355557719358906,-27.99032117189064
42.99,-7.426001769035782,-9.698534707939398,25.365293323210693,-27.99032117189064
42.995,-7.539585643019211,-9.888083124555394,25.3865767003484,-27.99032117189064
43.0,-7.657057698876552,-10.076447237190017,25.419830395732376,-27.99032117189064
43.005,-7.777947737091865,-10.264611287409984,25.46623429449814,-27.99032117189064
43.01,-7.902323194046733,-10.451841708231077,25.52595087692318,-27.99032117189064
43.015,-8.029760716394723,-10.637335278735097,25.59898351367088,-27.99032117189064
43.02,-8.160165805094005,-10.819847577953565,25.683867523253046,-27.99032117189064
43.025,-8.294347485247552,-10.999632430254776,25.782375468945066,-27.99032117189064
43.03,-8.42993933998158,-11.176181487728764,25.894573249395737,-27.99032117189064
43.035000000000004,-8.56765420838111,-11.347719204064383,26.02045486860065,-27.99032117189064
43.04,-8.706680635361963,-11.516639919606256,26.16121261747217,-27.99032117189064
43.045,-8.847107992424661,-11.67944737558535,26.313720976052803,-27.99032117189064
43.050000000000004,-8.988677755012151,-11.835482612535195,26.478723305467703,-27.99032117189064
43.055,-9.129336324562026,-11.984021642036828,26.65836026263178,-27.99032117189064
43.06,-9.271318131527677,-12.124606144266997,26.84967188889688,-27.99032117189064
43.065,-9.413238804452007,-12.256540126363939,27.05324562661248,-27.99032117189064
43.07,-9.55639761114037,-12.37959220092312,27.26853269482185,-27.99032117189064
43.075,-9.697279861526424,-12.491549581835638,27.49658445278474,-27.99032117189064
43.08,-9.835445883555051,-12.592695088449544,27.73662495592921,-27.99032117189064
43.085,-9.972920646264551,-12.684013997831721,27.985872745700632,-27.99032117189064
43.09,-10.108896089486322,-12.761236551785391,28.244046387208044,-27.99032117189064
43.095,-10.241798349392134,-12.825475557954752,28.513331077283883,-27.99032117189064
43.1,-10.370390846159054,-12.875344653723277,28.791119340486865,-27.99032117189064
43.105000000000004,-10.495301449117092,-12.909439324551931,29.07474547919333,-27.99032117189064
43.11,-10.61596252919721,-12.927993424289651,29.3646793528595,-27.99032117189064
43.115,-10.731889713071828,-12.930377011132029,29.659099849364036,-27.99032117189064
43.12,-10.842013200170172,-12.91722783614699,29.957696528662137,-27.99032117189064
43.125,-10.944458578292423,-12.885497775043097,30.259080361555686,-27.99032117189064
43.13,-11.042048130519593,-12.83633915525153,30.56006190502979,-27.99032117189064
43.135,-11.132382534444465,-12.771553885713306,30.860305896440803,-27.99032117189064
43.14,-11.214529143772557,-12.68886348015803,31.159176574523787,-27.99032117189064
43.145,-11.288002372967533,-12.587727985298057,31.45518655352137,-27.99032117189064
43.15,-11.353105457964352,-12.470998740336524,31.746397543213643,-27.99032117189064
43.155,-11.410017238168301,-12.336113164749436,32.03112600399406,-27.99032117189064
43.160000000000004,-11.457420864375033,-12.18416622280913,32.30796108603082,-27.99032117189064
43.165,-11.495554548468698,-12.015912181475787,32.57407963073693,-27.99032117189064
43.17,-11.521572788589935,-11.832854659639786,32.83002393954313,-27.99032117189064
43.175000000000004,-11.536533756146227,-11.635100305698673,33.07407737814176,-27.99032117189064
43.18,-11.541914039515191,-11.42417053649107,33.304699096089834,-27.99032117189064
43.185,-11.535343108384295,-11.201074991357466,33.52157136634547,-27.99032117189064
43.19,-11.51737333058595,-10.967661077872433,33.72028578583845,-27.99032117189064
43.195,-11.489317368445723,-10.723111920339733,33.903465134080726,-27.99032117189064
43.2,-11.452032759580415,-10.470229602253506,34.067623327003076,-27.99032117189064
43.205,-11.402055200086108,-10.210100700582593,34.212733162923215,-27.99032117189064
43.21,-11.343724807135963,-9.945005315069823,34.33740563750439,-27.99032117189064
43.215,-11.274692838098929,-9.675146942086764,34.442891070182846,-27.99032117189064
43.22,-11.194433016911775,-9.40391466276509,34.53030505539416,-27.99032117189064
43.225,-11.105456754027797,-9.130986134871236,34.595279644299154,-27.99032117189064
43.230000000000004,-11.006460215099148,-8.858766773036114,34.641662875011484,-27.99032117189064
43.235,-10.898678995888499,-8.58901991281308,34.66837725001364,-27.99032117189064
43.24,-10.783241015983563,-8.321785899043906,34.67454388308616,-27.99032117189064
43.245,-10.660260757252932,-8.058995046025801,34.6614878355956,-27.99032117189064
43.25,-10.529740931682465,-7.803503479401915,34.62852531428566,-27.99032117189064
43.255,-10.39222834300364,-7.557150061101352,34.57728924560927,-27.99032117189064
43.26,-10.250690137118108,-7.317298851896258,34.50919823116157,-27.99032117189064
43.265,-10.103347966305575,-7.087355448041095,34.42442694180329,-27.99032117189064
43.27,-9.952164868440613,-6.867752730156727,34.32303493261988,-27.99032117189064
43.275,-9.798617129770523,-6.657283796391286,34.20610934919115,-27.99032117189064
43.28,-9.642039056295303,-6.459063992869083,34.076745644905536,-27.99032117189064
43.285000000000004,-9.483382358169726,-6.273731028898986,33.93314887470057,-23.477008218544512
43.29,-9.32259168686183,-6.07831102368379,33.77952725757335,-23.477008218544512
43.295,-9.159903023148807,-5.8957772024419235,33.61215367299049,-23.477008218544512
43.300000000000004,-8.99774369513448,-5.726602332079766,33.4327820595977,-23.477008218544512
43.305,-8.833455142776263,-5.571443060846295,33.2441364174201,-23.477008218544512
43.31,-8.66933104883916,-5.429499817730576,33.047394889316486,-23.477008218544512
43.315,-8.50727490992119,-5.3009639542951765,32.84097819278466,-23.477008218544512
43.32,-8.34730857140148,-5.1859455399369105,32.62858845613788,-23.477008218544512
43.325,-8.188424026379536,-5.083680269956918,32.410511510163545,-23.477008218544512
43.33,-8.03233162288593,-4.995424807480213,32.18668122353189,-23.477008218544512
43.335,-7.880912252854996,-4.919767070162629,31.958555720459458,-23.477008218544512
43.34,-7.733476840091494,-4.856118218168161,31.72735895272327,-23.477008218544512
43.345,-7.588625342470324,-4.804698179267274,31.491571070177454,-23.477008218544512
43.35,-7.449781839853347,-4.765791810994167,31.254150857604813,-23.477008218544512
43.355000000000004,-7.315471372804946,-4.737850516191348,31.014539278244673,-23.477008218544512
43.36,-7.186466489243906,-4.721892438578875,30.775245216773236,-23.477008218544512
43.365,-7.062773389983761,-4.71562724122967,30.53451545126912,-23.477008218544512
43.37,-6.945859673869256,-4.7197361212788635,30.294896361211123,-23.477008218544512
43.375,-6.834327048654123,-4.733537819134036,30.05463013651232,-23.477008218544512
43.38,-6.729022873793459,-4.756254430168639,29.815369298927024,-23.477008218544512
43.385,-6.6311855763012515,-4.788519473099769,29.579186552927034,-23.477008218544512
43.39,-6.537387739630836,-4.82878906477309,29.34339631189504,-23.477008218544512
43.395,-6.451521674117031,-4.878931177452034,29.11088074977646,-23.477008218544512
43.4,-6.37387492887657,-4.936715875677368,28.881715943507192,-23.477008218544512
43.405,-6.30158738549944,-5.001382780382192,28.6538220928901,-23.477008218544512
43.410000000000004,-6.235523860874282,-5.073608734371305,28.428914671653956,-23.477008218544512
43.415,-6.178917265063371,-5.152322941151816,28.210328582618764,-23.477008218544512
43.42,-6.127417211001308,-5.238058300547361,27.992360733912076,-23.477008218544512
43.425000000000004,-6.083420733450419,-5.329349162469323,27.780865805682314,-23.477008218544512
43.43,-6.047060472162814,-5.426933255083811,27.572306087347407,-23.477008218544512
43.435,-6.015372895999148,-5.529659996161869,27.36760027898973,-23.477008218544512
43.44,-5.9891768777032,-5.638659288290036,27.169908219555886,-23.477008218544512
43.445,-5.9726432277964605,-5.754626226084379,26.97586653200376,-23.477008218544512
43.45,-5.961211870071675,-5.874146387563635,26.789025039177876,-23.477008218544512
43.455,-5.957065842228838,-5.998813160285167,26.606225228844036,-23.477008218544512
43.46,-5.959162345704803,-6.128874325283374,26.430088406482078,-23.477008218544512
43.465,-5.966651297013792,-6.262646304873019,26.25957238282201,-23.477008218544512
43.47,-5.981350608424842,-6.399917502675873,26.096203969905368,-23.477008218544512
43.475,-6.002199936964811,-6.541881099132427,25.940819187704943,-23.477008218544512
43.480000000000004,-6.029165725176538,-6.689014339369616,25.791585638774862,-23.477008218544512
43.485,-6.061803074928715,-6.840782881631211,25.65083624508924,-23.477008218544512
43.49,-6.100041154515085,-6.995477135274408,25.515841102968437,-23.477008218544512
43.495,-6.144346970991563,-7.153149676875832,25.389338978956506,-23.477008218544512
43.5,-6.195083090862915,-7.315175344639448,25.271271354943305,-23.477008218544512
43.505,-6.250304184363639,-7.480212588808243,25.159865923884002,-23.477008218544512
43.51,-6.310776079287113,-7.649567427011196,25.05796581145975,-23.477008218544512
43.515,-6.377518112759006,-7.820910833945545,24.964408070923586,-23.477008218544512
43.52,-6.448787318877652,-7.996266733320273,24.88113754583745,-23.477008218544512
43.525,-6.5266100040827535,-8.174081582972237,24.808397738912646,-23.477008218544512
43.53,-6.609973053549417,-8.35499764806065,24.745092343280977,-23.477008218544512
43.535000000000004,-6.6980493120361775,-8.538195683619913,24.69166837529658,-23.477008218544512
43.54,-6.79054902006221,-8.723070283584361,24.647267039282912,-23.477008218544512
43.545,-6.8874696250131295,-8.9098307846219,24.61421532367597,-23.477008218544512
43.550000000000004,-6.9884329213381795,-9.100287085251642,24.593711365584152,-23.477008218544512
43.555,-7.094085496868536,-9.290836440529302,24.58417897923082,-23.477008218544512
43.56,-7.203557321118017,-9.482541776279515,24.587093636704832,-23.477008218544512
43.565,-7.317147338344749,-9.675515744331296,24.60111502466096,-23.477008218544512
43.57,-7.436489995158241,-9.86913086767291,24.627837231870853,-23.477008218544512
43.575,-7.558732360658938,-10.062899549352732,24.667618185066726,-23.477008218544512
43.58,-7.684432966175385,-10.256349900423473,24.718565311674002,-23.477008218544512
43.585,-7.812857371272326,-10.448904736718504,24.783698484664246,-23.477008218544512
43.59,-7.944289928276593,-10.639248723469418,24.860400968263665,-23.477008218544512
43.595,-8.078435823392846,-10.827440972761428,24.95164941280216,-23.477008218544512
43.6,-8.21732261398735,-11.013197417356901,25.056142299155287,-23.477008218544512
43.605000000000004,-8.356194476237572,-11.196799442507038,25.17469847714394,-23.477008218544512
43.61,-8.49799589018237,-11.376961368708974,25.306958503728794,-23.477008218544512
43.615,-8.641565520714112,-11.552378430900855,25.451474615707152,-23.477008218544512
43.62,-8.787261077319737,-11.721219319745215,25.611162356247075,-23.477008218544512
43.625,-8.933845316448902,-11.884422308066503,25.784631313374472,-23.477008218544512
43.63,-9.082639602337766,-12.040197190545612,25.97233408884686,-23.477008218544512
43.635,-9.231493673034695,-12.18974242409011,26.172407552324184,-23.477008218544512
43.64,-9.379477626249248,-12.330026299825317,26.387185983075714,-23.477008218544512
43.645,-9.526487042636504,-12.461345646727201,26.61290613450987,-23.477008218544512
43.65,-9.673578887391168,-12.583495238138106,26.852252605158526,-23.477008218544512
43.655,-9.819882930338839,-12.693866985729047,27.10228623757468,-23.477008218544512
43.660000000000004,-9.963762185444361,-12.791119963614895,27.364616708154237,-23.477008218544512
43.665,-10.10551636148016,-12.875757334464978,27.63819792740173,-23.477008218544512
43.67,-10.24382792227797,-12.946715678014705,27.919510727446585,-23.477008218544512
43.675000000000004,-10.378584847361543,-13.003166988572268,28.210331214011166,-23.477008218544512
43.68,-10.509005967866495,-13.044290032724902,28.51038075273538,-23.477008218544512
43.685,-10.63657076391783,-13.068938826971822,28.815800395024315,-23.477008218544512
43.69,-10.759365501152,-13.078021882605961,29.124847217029714,-23.477008218544512
43.695,-10.875334599377615,-13.07003120717143,29.43915462281545,-23.477008218544512
43.7,-10.984432090448784,-13.043485885533496,29.75705525513509,-23.477008218544512
43.705,-11.086790470038428,-12.998381721457683,30.07539746942896,-23.477008218544512
43.71,-11.182864942139997,-12.936091442497528,30.39500979368528,-23.477008218544512
43.715,-11.269924512255498,-12.854435618944674,30.71359245441555,-23.477008218544512
43.72,-11.348521626951694,-12.754710447491211,31.027832474690772,-23.477008218544512
43.725,-11.419943774019986,-12.63642469068989,31.33744818345795,-23.477008218544512
43.730000000000004,-11.481680333103249,-12.499449145814573,31.64098295727771,-23.477008218544512
43.735,-11.532937048255944,-12.34548256988271,31.937195964513947,-23.477008218544512
43.74,-11.573587276191942,-12.173435682271847,32.222182027493204,-23.477008218544512
43.745,-11.603099481843257,-11.985049720437436,32.49749481910097,-23.477008218544512
43.75,-11.621288068406468,-11.782363242995173,32.75928785178951,-23.477008218544512
43.755,-11.628683865872526,-11.56429079500101,33.006431828759595,-23.477008218544512
43.76,-11.624923780391121,-11.33284900617817,33.23765462762397,-23.477008218544512
43.765,-11.61103613738375,-11.088521232505824,33.45260113959059,-23.477008218544512
43.77,-11.585272559530338,-10.834649020809996,33.65029572211985,-23.477008218544512
43.775,-11.547986713585003,-10.570996405663971,33.82927877551162,-23.477008218544512
43.78,-11.49979221157832,-10.298209064975095,33.9891854265229,-23.477008218544512
43.785000000000004,-11.439382362667414,-10.020680398675843,34.12885277472154,-23.477008218544512
43.79,-11.368407389776142,-9.736680410528518,34.24684030779455,-23.477008218544512
43.795,-11.286462167803128,-9.449604565241193,34.34260495148507,-23.477008218544512
43.800000000000004,-11.19530363190441,-9.16230569405152,34.41726863934906,-23.477008218544512
43.805,-11.092632144757772,-8.87301274634739,34.47072979444582,-23.477008218544512
43.81,-10.982559054413093,-8.587647195102095,34.50198156094675,-23.477008218544512
43.815,-10.86281947190932,-8.304468700140337,34.51390150381313,-23.477008218544512
43.82,-10.734917023633264,-8.026573639653225,34.506126973120814,-23.477008218544512
43.825,-10.59976799187109,-7.754426743569776,34.47763061654123,-23.477008218544512
43.83,-10.459021672896611,-7.490501491282341,34.42874482061747,-23.477008218544512
43.835,-10.31069146460493,-7.233903075549936,34.36197942380833,-23.477008218544512
43.84,-10.157265082427456,-6.98692266397569,34.277668917903405,-23.477008218544512
43.845,-9.998452060601176,-6.750499881055735,34.17563601154206,-23.477008218544512
43.85,-9.836157132711362,-6.524959830447322,34.05663057678504,-23.477008218544512
43.855000000000004,-9.669030725518695,-6.311656853713065,33.92320146901022,-23.477008218544512
43.86,-9.501789442931974,-6.111279623961546,33.7748662698869,-23.477008218544512
43.865,-9.331524552413722,-5.924158083375761,33.61578371067176,-23.477008218544512
43.87,-9.160128212547226,-5.7511615685231625,33.444318667588924,-23.477008218544512
43.875,-8.990356802941037,-5.590456950201528,33.261996950519055,-23.477008218544512
43.88,-8.820835534654723,-5.443458982809551,33.06968533080238,-23.477008218544512
43.885,-8.652160731949625,-5.309914223186835,32.8684951941987,-23.477008218544512
43.89,-8.485202886772559,-5.190074524467201,32.65919008841028,-23.477008218544512
43.895,-8.320506484439736,-5.082054092578392,32.4438864517088,-23.477008218544512
43.9,-8.15917447698446,-4.990381533797869,32.22266553497018,-23.477008218544512
43.905,-8.001140221808916,-4.910294431272717,31.995493887282574,-23.477008218544512
43.910000000000004,-7.845854824067033,-4.843206341847427,31.765668062450374,-23.477008218544512
43.915,-7.694956202094832,-4.787695316140032,31.53177935140424,-23.477008218544512
43.92,-7.549498258735983,-4.745531577053731,31.295941645349693,-23.477008218544512
43.925000000000004,-7.408638473197112,-4.714455914085686,31.057516688689464,-23.477008218544512
43.93,-7.27475805612725,-4.694336194285622,30.817519306814344,-23.477008218544512
43.935,-7.145270058534179,-4.686253619237408,30.578252223682533,-23.477008218544512
43.94,-7.021761151334452,-4.6879711755151146,30.338384226094114,-23.477008218544512
43.945,-6.904709181231869,-4.699601447278571,30.097960526511955,-23.477008218544512
43.95,-6.793495983265012,-4.7205231861809285,29.859665772214576,-23.477008218544512
43.955,-6.689545899068291,-4.751325055372209,29.62257692181784,-23.477008218544512
43.96,-6.5926594121748785,-4.790987654840423,29.386901890873087,-23.477008218544512
43.965,-6.504001274387433,-4.838370853042514,29.15217367678707,-23.477008218544512
43.97,-6.420742489586015,-4.895649670859373,28.92153759266326,-23.477008218544512
43.975,-6.344688073301599,-4.957981550364626,28.692954844934718,-23.477008218544512
43.980000000000004,-6.274829458873932,-5.028814717381908,28.467431623857347,-23.477008218544512
43.985,-6.212827344833907,-5.105494207953159,28.245537005046177,-23.477008218544512
43.99,-6.157180753511416,-5.190163269422817,28.027644437254864,-23.477008218544512
43.995,-6.108451178999637,-5.28093952303628,27.813194883683536,-23.477008218544512
44.0,-6.066381259962306,-5.378749727852123,27.60335190326577,-23.477008218544512
44.005,-6.032165869079216,-5.480825509640149,27.39954173109502,-23.477008218544512
44.01,-6.004478391394206,-5.589637343562283,27.200323418718646,-23.477008218544512
44.015,-5.984147565685093,-5.702537799903686,27.006359559805762,-23.477008218544512
44.02,-5.971451895320922,-5.821785085386498,26.817895858181732,-23.477008218544512
44.025,-5.964709083630697,-5.945677025968039,26.633517597727167,-23.477008218544512
44.03,-5.9648445763942775,-6.074383223115509,26.4553994319357,-23.477008218544512
44.035000000000004,-5.970886584470401,-6.208523167986325,26.283688517855847,-23.477008218544512
44.04,-5.981848404806703,-6.347233466385041,26.11953139507928,-23.477008218544512
44.045,-5.999144570665495,-6.488701405689126,25.96138808246964,-23.477008218544512
44.050000000000004,-6.023843035413042,-6.634035055950226,25.809878935443923,-23.477008218544512
44.055,-6.054590316646686,-6.783563496800647,25.66601680714987,-23.477008218544512
44.06,-6.092010655233146,-6.936949240637914,25.528585818126974,-23.477008218544512
44.065,-6.134358874079425,-7.095554604675684,25.399270298498415,-23.477008218544512
44.07,-6.181344403465676,-7.2560154740488345,25.277840050890653,-23.477008218544512
44.075,-6.234810088837172,-7.422476390750894,25.16472023564245,-23.477008218544512
44.08,-6.293577265173401,-7.592295293077229,25.06051637365768,-23.477008218544512
44.085,-6.359479403588573,-7.7644842013897515,24.964690339036085,-23.477008218544512
44.09,-6.430150413770321,-7.939423305381609,24.87918391773351,-23.477008218544512
44.095,-6.505120677594948,-8.116571363537894,24.80282472457447,-23.477008218544512
44.1,-6.585313334832191,-8.297337275210465,24.73585975488398,-23.477008218544512
44.105000000000004,-6.671050241210831,-8.480643554419471,24.680591374971673,-23.477008218544512
44.11,-6.762183801148813,-8.66699077567152,24.63570119591943,-23.477008218544512
44.115,-6.857445040554221,-8.85388750552874,24.600291362728324,-23.477008218544512
44.12,-6.9581718107287225,-9.043017668564529,24.57617363446211,-23.477008218544512
44.125,-7.062331855528902,-9.234438695344286,24.562206288576917,-23.477008218544512
44.13,-7.170167900660198,-9.427482764267998,24.560767332326478,-23.477008218544512
44.135,-7.282330327265571,-9.620948385208724,24.572608178880206,-23.477008218544512
44.14,-7.399256057877556,-9.815214695562677,24.595408898207022,-23.477008218544512
44.145,-7.520404136580574,-10.010797506949102,24.629974226011104,-23.477008218544512
44.15,-7.64473752250158,-10.205297350797707,24.677385321029217,-23.477008218544512
44.155,-7.772643354958406,-10.398976429422662,24.738493336630345,-23.477008218544512
44.160000000000004,-7.903306623449393,-10.591025188104377,24.814187467302034,-23.477008218544512
44.165,-8.03820832645886,-10.781523676465506,24.901471663848845,-23.477008218544512
44.17,-8.176022112785391,-10.969832523150231,25.00183266588405,-23.477008218544512
44.175000000000004,-8.315878276727613,-11.154192193824843,25.11736684849877,-23.477008218544512
44.18,-8.458421436284755,-11.33574805306064,25.24660115830555,-23.477008218544512
44.185,-8.600840788217313,-11.512469953608903,25.389368736115255,-23.477008218544512
44.19,-8.745743145274458,-11.68427520976968,25.5458546254714,-23.477008218544512
44.195,-8.893435452620748,-11.85060980336955,25.71675077678458,-23.477008218544512
44.2,-9.041316593457069,-12.011161548232343,25.900159189184787,-23.477008218544512
44.205,-9.189760333288799,-12.163437295779987,26.09815624980408,-23.477008218544512
44.21,-9.339213294648145,-12.30614745497566,26.30794610986681,-23.477008218544512
44.215,-9.488478323622756,-12.441232028043883,26.531569977067726,-23.477008218544512
44.22,-9.636258882333202,-12.56462361045405,26.767552520399338,-23.477008218544512
44.225,-9.782811385780352,-12.677622288021118,27.015610722238122,-23.477008218544512
44.230000000000004,-9.927630765173461,-12.779294012693754,27.27498285579786,-23.477008218544512
44.235,-10.071389045415769,-12.868740788001487,27.54473064434404,-23.477008218544512
44.24,-10.211988661768334,-12.945385024663405,27.825977759542212,-23.477008218544512
44.245,-10.348666509639466,-13.005548246328061,28.116378315071145,-23.477008218544512
44.25,-10.4808937003264,-13.052183236524096,28.413940298252268,-23.477008218544512
44.255,-10.609202320450567,-13.082782314088636,28.71872920710566,-23.477008218544512
44.26,-10.732561358603023,-13.095812089540981,29.028568985742773,-23.477008218544512
44.265,-10.85003327422923,-13.093023984457089,29.344777843971908,-23.477008218544512
44.27,-10.961628386705232,-13.071597555372815,29.663521993896037,-23.477008218544512
44.275,-11.066720706839256,-13.033781296809646,29.98462314990806,-23.477008218544512
44.28,-11.164793825499737,-12.976619786785205,30.305920328580356,-23.477008218544512
44.285000000000004,-11.255114164028743,-12.900535494507293,30.62535657475338,-23.477008218544512
44.29,-11.33822210206764,-12.806029179141742,30.942453326294054,-23.477008218544512
44.295,-11.41192618559611,-12.693207227742095,31.256378226174405,-23.477008218544512
44.300000000000004,-11.476540423069999,-12.561355473055206,31.565005244004254,-23.477008218544512
44.305,-11.53024596796406,-12.410689430301101,31.86453492392607,-23.477008218544512
44.31,-11.573984285613133,-12.244196857194611,32.15417190750065,-23.477008218544512
44.315,-11.608066723109657,-12.059402860819468,32.433745433921025,-23.477008218544512
44.32,-11.630062187541764,-11.859018097993765,32.70089682128321,-23.477008218544512
44.325,-11.640638418398437,-11.644473782206092,32.954432775441,-23.477008218544512
44.33,-11.641669797174298,-11.415361243023762,33.19293487611502,-23.477008218544512
44.335,-11.62984443416766,-11.172769531523372,33.41536515552092,-23.477008218544512
44.34,-11.607951119543351,-10.918185630458105,33.619113136920916,-23.477008218544512
44.345,-11.573262668168175,-10.655741521118026,33.80429805207356,-23.477008218544512
44.35,-11.529754876923791,-10.384615120631473,33.971056568655875,-23.477008218544512
44.355000000000004,-11.473683029466232,-10.105538538745405,34.11647533886846,-23.477008218544512
44.36,-11.404547295301008,-9.821811008796484,34.24037079752967,-23.477008218544512
44.365,-11.324755341994111,-9.534278530813394,34.34437808580986,-23.477008218544512
44.37,-11.234377076638172,-9.244305462593772,34.42654061439989,-23.477008218544512
44.375,-11.134835457149787,-8.95500587627876,34.487307561908196,-23.477008218544512
44.38,-11.025220148950156,-8.66649426030525,34.52383909697796,-23.477008218544512
44.385,-10.90682669392793,-8.380700574495894,34.540906331262875,-23.477008218544512
44.39,-10.780017127233242,-8.099289319735481,34.53797961980769,-23.477008218544512
44.395,-10.645983112794653,-7.823281132042437,34.513841933809154,-23.477008218544512
44.4,-10.504584398847626,-7.5544792973973625,34.470359931332915,-23.477008218544512
44.405,-10.35743210002536,-7.293554733566381,34.4078066981174,-23.477008218544512
44.410000000000004,-10.203076972303245,-7.043349380898594,34.32633212640406,-23.477008218544512
44.415,-10.045795270884755,-6.804777374675434,34.22803334764604,-23.477008218544512
44.42,-9.884215266941576,-6.5750372388014835,34.11417221205241,-23.477008218544512
44.425000000000004,-9.719273532461628,-6.357522080557134,33.98402393366695,-23.477008218544512
44.43,-9.551066117058932,-6.152696442558867,33.83881353420381,-23.477008218544512
44.435,-9.381904536961231,-5.961173219269218,33.68239842159039,-23.477008218544512
44.44,-9.211797090474471,-5.781271090402212,33.512892803462265,-23.477008218544512
44.445,-9.040518014795147,-5.615635050310433,33.33172147956038,-23.477008218544512
44.45,-8.870016382371285,-5.4640995691428955,33.14291355626537,-23.477008218544512
44.455,-8.699503945233836,-5.3256420668772675,32.942872983778436,-23.477008218544512
44.46,-8.530613204491459,-5.2019178432711035,32.73578143999244,-23.477008218544512
44.465,-8.364241236108139,-5.091798873341855,32.52168133303036,-23.477008218544512
44.47,-8.200968805244914,-4.994707343322537,32.30184212523986,-23.477008218544512
44.475,-8.041220933579783,-4.9101771646118175,32.07641526615828,-23.477008218544512
44.480000000000004,-7.885021434398611,-4.837760727823753,31.845710062194744,-23.477008218544512
44.485,-7.732920693731849,-4.779812946116787,31.611791465327205,-23.477008218544512
44.49,-7.584731246975637,-4.73467912073074,31.376041057153827,-23.477008218544512
44.495,-7.4424325311510335,-4.700057823298297,31.13731384625333,-23.477008218544512
44.5,-7.30643903824862,-4.676459303786184,30.89656551063354,-23.477008218544512
44.505,-7.174447033286057,-4.664955146106663,30.655049563561153,-23.477008218544512
44.51,-7.048310687915381,-4.662985395290547,30.414437436399748,-23.477008218544512
44.515,-6.929189185334374,-4.671445585269201,30.171564482764374,-23.477008218544512
44.52,-6.816013038858691,-4.690647879678096,29.932109359147784,-23.477008218544512
44.525,-6.709694006965182,-4.718666352617221,29.692472810061112,-23.477008218544512
44.53,-6.610658760708882,-4.755892107393152,29.454782718402857,-23.477008218544512
44.535000000000004,-6.518441889815927,-4.801668185856274,29.219809985675887,-23.477008218544512
44.54,-6.433516108196477,-4.855981613684813,28.98632698132055,-23.477008218544512
44.545,-6.353421794162696,-4.916949841475041,28.755955284961985,-23.477008218544512
44.550000000000004,-6.280581218285649,-4.98553126954724,28.5285328462033,-23.477008218544512
44.555,-6.2163348753035494,-5.061467371540106,28.304362715664055,-23.477008218544512
44.56,-6.158034772584317,-5.1420789907005195,28.084656710993126,-23.477008218544512
44.565,-6.107712057782039,-5.231516995788664,27.868099523792473,-23.477008218544512
44.57,-6.063865065326714,-5.326055594570337,27.655769510768753,-23.477008218544512
44.575,-6.0273163412749895,-5.427077339816817,27.44813046752247,-23.477008218544512
44.58,-5.997688896958098,-5.5344010311150305,27.244599301434196,-23.477008218544512
44.585,-5.9747750960241355,-5.6466182302869194,27.047666388552997,-23.477008218544512
44.59,-5.957766611290552,-5.763943479412472,26.855450670664737,-23.477008218544512
44.595,-5.947866077545355,-5.885851369323949,26.668737457444955,-23.477008218544512
44.6,-5.945160296287708,-6.014150992315658,26.488033432525437,-23.477008218544512
44.605000000000004,-5.94915915027671,-6.1463087785942605,26.312722002077653,-23.477008218544512
44.61,-5.957730437318071,-6.282729543411503,26.144405953220282,-23.477008218544512
44.615,-5.975333695375012,-6.423488533397683,25.983861329550752,-23.477008218544512
44.62,-5.998432596663802,-6.568541327341653,25.829230802700703,-23.477008218544512
44.625,-6.026605009736889,-6.718164729074598,25.682115866437037,-23.477008218544512
44.63,-6.061638242310035,-6.871912939282939,25.541484630928995,-23.477008218544512
44.635,-6.1020268179283725,-7.029224294700969,25.40909009098639,-23.477008218544512
44.64,-6.148882485096893,-7.190218409115412,25.28533842823168,-23.477008218544512
44.645,-6.201605729613601,-7.355761023565785,25.168842916953473,-23.477008218544512
44.65,-6.258793198877732,-7.524690323173878,25.062503219698854,-23.477008218544512
44.655,-6.321609624593596,-7.695649720636834,24.96333543121776,-23.477008218544512
44.660000000000004,-6.391175584301054,-7.870328355189407,24.872996435169593,-23.477008218544512
44.665,-6.465285946276517,-8.046725564730545,24.792909224066456,-23.477008218544512
44.67,-6.5460593230980475,-8.228083669816492,24.723723782377792,-23.477008218544512
44.675000000000004,-6.6297122542041,-8.411697743644408,24.662311894461276,-23.477008218544512
44.68,-6.71881871880079,-8.598014075537431,24.612475434199627,-23.477008218544512
44.685,-6.813386829859628,-8.785368827713379,24.573348431611475,-23.477008218544512
44.69,-6.911703410767619,-8.975713078777638,24.545724491294596,-23.477008218544512
44.695,-7.015040792882604,-9.167503256068033,24.52917292939587,-23.477008218544512
44.7,-7.122484703195722,-9.361377212946728,24.522932374890512,-23.477008218544512
44.705,-7.234410771538418,-9.557041903728022,24.529703618653553,-23.477008218544512
44.71,-7.349932113763213,-9.752175518037697,24.54760643261337,-23.477008218544512
44.715,-7.469457572022997,-9.946599651706395,24.580006088650265,-23.477008218544512
44.72,-7.593345042085736,-10.142669311508987,24.62270581809279,-23.477008218544512
44.725,-7.7194339646191334,-10.337694078051209,24.679371777704393,-23.477008218544512
44.730000000000004,-7.850432363854565,-10.530980492881485,24.74919326612803,-23.477008218544512
44.735,-7.983821086498361,-10.723940337851383,24.833216698985577,-23.477008218544512
44.74,-8.120823325257883,-10.91477947185681,24.93036886730348,-23.477008218544512
44.745,-8.260056255804079,-11.102684891574423,25.040928754862865,-23.477008218544512
44.75,-8.40272257876311,-11.2867812685393,25.16516648049563,-23.477008218544512
44.755,-8.546275379196874,-11.466803642252993,25.304470071884317,-23.477008218544512
44.76,-8.691576093859256,-11.64158482687003,25.456758517747218,-23.477008218544512
44.765,-8.838260269921015,-11.809939113776675,25.622782098134362,-23.477008218544512
44.77,-8.987113242392743,-11.973964052101028,25.80381412018055,-23.477008218544512
44.775,-9.137284294381658,-12.129206109028269,25.99733482224883,-23.477008218544512
44.78,-9.286860315594767,-12.276747453619441,26.204673579837984,-23.477008218544512
44.785000000000004,-9.436607204714104,-12.416185630060848,26.42606630568434,-23.477008218544512
44.79,-9.585143778029751,-12.544508839880281,26.660238358685106,-23.477008218544512
44.795,-9.734044415450056,-12.664297427915022,26.904753829001223,-23.477008218544512
44.800000000000004,-9.880854526093405,-12.772106681891724,27.16151059894833,-23.477008218544512
44.805,-10.02591312023427,-12.867626414466033,27.430950220755555,-23.477008218544512
44.81,-10.168285933040965,-12.94844244400861,27.710747067691138,-23.477008218544512
44.815,-10.30702874648462,-13.015319507252316,27.999642693438677,-23.477008218544512
44.82,-10.442265576604713,-13.0682016493484,28.297356745029827,-23.477008218544512
44.825,-10.57276139986427,-13.105342743002856,28.603601291667772,-23.477008218544512
44.83,-10.699895125964462,-13.125728910500222,28.9152456850996,-23.477008218544512
44.835,-10.821435690130478,-13.128542794753745,29.231190484920422,-23.477008218544512
44.84,-10.937321517658741,-13.112541117376042,29.552221357499807,-23.477008218544512
44.845,-11.045351783230824,-13.080587798574568,29.87597618114607,-23.477008218544512
44.85,-11.147652740987906,-13.029679365317486,30.19947244901107,-23.477008218544512
44.855000000000004,-11.241783945998572,-12.95863556918069,30.52287661414492,-23.477008218544512
44.86,-11.327004146206885,-12.86962356188174,30.844492608468236,-23.477008218544512
44.865,-11.403469087077767,-12.762419697802175,31.161390009543915,-23.477008218544512
44.87,-11.473103912279994,-12.635974585367942,31.47331488196966,-23.477008218544512
44.875,-11.53114472445125,-12.490576431890345,31.77828988724567,-23.477008218544512
44.88,-11.578525678267486,-12.327663060819468,32.07549247184989,-23.477008218544512
44.885,-11.615252756541457,-12.147082893325686,32.36129024851671,-23.477008218544512
44.89,-11.642569016139051,-11.94950171043104,32.63514824751922,-23.477008218544512
44.895,-11.658345778176235,-11.737119112737917,32.89530785962511,-23.477008218544512
44.9,-11.66203082673731,-11.511023477650912,33.14058727384555,-23.477008218544512
44.905,-11.654278824850802,-11.270581924571447,33.369759022845706,-23.477008218544512
44.910000000000004,-11.633709810815466,-11.017771208064211,33.58082547373786,-23.477008218544512
44.915,-11.601588730972718,-10.754185397687573,33.77420264668277,-23.477008218544512
44.92,-11.559680907621324,-10.483481358997519,33.947971447912025,-23.477008218544512
44.925000000000004,-11.505747526040404,-10.204958626618929,34.10160222248354,-23.477008218544512
44.93,-11.441603162073697,-9.920174131494539,34.233661153077016,-23.477008218544512
44.935,-11.365514908928175,-9.630805147569284,34.3450361211764,-23.477008218544512
44.94,-11.278343892464065,-9.339845964475046,34.43652762016868,-23.477008218544512
44.945,-11.181932391141613,-9.046442712429425,34.50289126107658,-23.477008218544512
44.95,-11.074586785360456,-8.755125802562086,34.547551860186836,-23.477008218544512
44.955,-10.958251745416167,-8.467093817680798,34.57069879186458,-23.477008218544512
44.96,-10.834465839609006,-8.18326273586579,34.57357663480485,-23.477008218544512
44.965,-10.70141203135692,-7.903257815639224,34.556640537801236,-23.477008218544512
44.97,-10.560771934497271,-7.6307212216314255,34.518409864691606,-23.477008218544512
44.975,-10.413630942487387,-7.366204956081289,34.460817317383416,-23.477008218544512
44.980000000000004,-10.261684432772805,-7.109695917294455,34.38477975804932,-23.477008218544512
44.985,-10.103013228424647,-6.864516990588934,34.291595446589305,-23.477008218544512
44.99,-9.940791002443438,-6.629123057358804,34.18168437241314,-23.477008218544512
44.995,-9.77491910663686,-6.406591305436869,34.055368938479944,-23.477008218544512
45.0,-9.605673986441584,-6.195307182989657,33.915226460578175,-23.477008218544512
45.005,-9.436683657248432,-5.99748152956135,33.760992452480615,-23.477008218544512
45.01,-9.265714860468899,-5.813509005698567,33.593652392016146,-23.477008218544512
45.015,-9.092591314531454,-5.643903159022473,33.41494488044776,-23.477008218544512
45.02,-8.920267190238736,-5.486131372571521,33.22653082361065,-23.477008218544512
45.025,-8.749255850915285,-5.342721109898507,33.029577039304385,-23.477008218544512
45.03,-8.578708871271363,-5.212513495403537,32.82223812984663,-23.477008218544512
45.035000000000004,-8.409343718771957,-5.096576609887446,32.60900149209,-23.477008218544512
45.04,-8.243356598921666,-4.9949744662332405,32.388629149176246,-23.477008218544512
45.045,-8.081058206794342,-4.906237597679127,32.16285977886168,-23.477008218544512
45.050000000000004,-7.923212527051689,-4.831315396636554,31.932505381896256,-23.477008218544512
45.055,-7.767649933301974,-4.768877369397116,31.697971157331537,-23.477008218544512
45.06,-7.618143267372783,-4.719643533552699,31.462553127183735,-23.477008218544512
45.065,-7.473878266713081,-4.681790315141032,31.224167717302674,-23.477008218544512
45.07,-7.334053612419307,-4.65506080080776,30.982860189621015,-23.477008218544512
45.075,-7.20014859574841,-4.638551188993046,30.74026267079345,-23.477008218544512
45.08,-7.072360452936696,-4.634442570220904,30.496182849810236,-23.477008218544512
45.085,-6.950216578489431,-4.6394425037717655,30.2530682107832,-23.477008218544512
45.09,-6.834922543552683,-4.654432170054694,30.01101500371442,-23.477008218544512
45.095,-6.726952228991384,-4.679668072641542,29.769847106561762,-23.477008218544512
45.1,-6.624646217412262,-4.7130757118858755,29.530092351149328,-23.477008218544512
45.105000000000004,-6.5288555615401735,-4.756490420190249,29.29180000691077,-23.477008218544512
45.11,-6.44035954089144,-4.80662878136447,29.05764154477203,-23.477008218544512
45.115,-6.357571782865755,-4.8667257175610015,28.825404646445936,-23.477008218544512
45.12,-6.282852159680075,-4.933064361946871,28.59630905602961,-23.477008218544512
45.125,-6.214793373358143,-5.007826822072298,28.370026319982184,-23.477008218544512
45.13,-6.153997764529914,-5.088885818533274,28.147016027023636,-23.477008218544512
45.135,-6.100416798311417,-5.1771685691182725,27.928580021302214,-23.477008218544512
45.14,-6.053802314116538,-5.270772309356024,27.712989349214016,-23.477008218544512
45.145,-6.013944427147183,-5.371135266194528,27.502987585909022,-23.477008218544512
45.15,-5.980565480163657,-5.475105518781583,27.297899043950366,-23.477008218544512
45.155,-5.955036781459066,-5.58744754769616,27.09769449759464,-23.477008218544512
45.160000000000004,-5.935095351974633,-5.7031183144004665,26.902998593831295,-23.477008218544512
45.165,-5.92383567092576,-5.824144487473543,26.71446229207861,-23.477008218544512
45.17,-5.919835668966818,-5.949782312490062,26.530178376450937,4.8323158100209085
45.175000000000004,-5.920923823692421,-5.939283135909356,26.352888815595804,4.8323158100209085
45.18,-5.92238219276855,-5.9342324727595575,26.177952965203268,4.8323158100209085
45.185,-5.922413281880561,-5.934092161639924,26.004795255092482,4.8323158100209085
45.19,-5.923237767182362,-5.9396389443682045,25.83374420201488,4.8323158100209085
45.195,-5.924511262780712,-5.951445313030572,25.664569563355595,4.8323158100209085
45.2,-5.925666732803424,-5.965506854234256,25.498296033814974,4.8323158100209085
45.205,-5.926890255798695,-5.985896359842176,25.33341356040451,4.8323158100209085
45.21,-5.9296115299534415,-6.009829994959012,25.171910960196275,4.8323158100209085
45.215,-5.935103666789722,-6.039666619597004,25.014700700414636,4.8323158100209085
45.22,-5.9409207947983065,-6.0731634614314824,24.86037669007662,4.8323158100209085
45.225,-5.947454090952372,-6.111982831968915,24.710575688014142,4.8323158100209085
45.230000000000004,-5.955970843353335,-6.154415254725465,24.562605426200598,4.8323158100209085
45.235,-5.965354862032541,-6.202484767170638,24.41904023671608,4.8323158100209085
45.24,-5.97849164876321,-6.25459741640609,24.2794072983465,4.8323158100209085
45.245,-5.9937377632465285,-6.311058051101099,24.142271178082964,4.8323158100209085
45.25,-6.009815522672843,-6.371324162125794,24.01004242853672,4.8323158100209085
45.255,-6.028071390886807,-6.435839904285654,23.88155541455917,4.8323158100209085
45.26,-6.04880940375044,-6.50296984063564,23.757958533597954,4.8323158100209085
45.265,-6.071992990506394,-6.574976269215363,23.637183637602043,4.8323158100209085
45.27,-6.096879681547462,-6.649411894019743,23.521531913963297,4.8323158100209085
45.275,-6.12431772575028,-6.728949952538083,23.41016499598624,4.8323158100209085
45.28,-6.154844666583184,-6.811088573090728,23.303528248728455,4.8323158100209085
45.285000000000004,-6.1879293797292725,-6.898234279383796,23.201407696910334,4.8323158100209085
45.29,-6.223808766986085,-6.988504678054748,23.105096544182587,4.8323158100209085
45.295,-6.262311246202628,-7.080445690706505,23.013543359948237,4.8323158100209085
45.300000000000004,-6.303337234182082,-7.176162181311124,22.92866172946524,4.8323158100209085
45.305,-6.345982780224437,-7.276813830523611,22.84885946076603,4.8323158100209085
45.31,-6.392078241766503,-7.380209727251983,22.77419894596205,4.8323158100209085
45.315,-6.442568245230899,-7.486490862363409,22.706519758037658,4.8323158100209085
45.32,-6.494491652605057,-7.596719856869405,22.64447508417236,4.8323158100209085
45.325,-6.5501343970180335,-7.707475741022138,22.589964607077405,4.8323158100209085
45.33,-6.607130692726194,-7.821669500934827,22.54010244928297,4.8323158100209085
45.335,-6.6683051078941045,-7.937725282421781,22.497214300514116,4.8323158100209085
45.34,-6.732239856644187,-8.058581013347908,22.46221874771889,4.8323158100209085
45.345,-6.798567077063944,-8.181692071970616,22.433729507431806,4.8323158100209085
45.35,-6.868441728627307,-8.306457221069177,22.413561026584482,4.8323158100209085
45.355000000000004,-6.94002887762413,-8.432553307858212,22.40013937105286,4.8323158100209085
45.36,-7.013990219607674,-8.560221892150247,22.394855427675065,4.8323158100209085
45.365,-7.091225401718128,-8.690092227939015,22.39595177378808,4.8323158100209085
45.37,-7.170207009156195,-8.819918988742037,22.40593522390397,4.8323158100209085
45.375,-7.25136708674022,-8.953427864355207,22.423741212776488,4.8323158100209085
45.38,-7.335478020821846,-9.086658072536794,22.44966477122031,4.8323158100209085
45.385,-7.422308087850236,-9.220874786367236,22.48228873058862,4.8323158100209085
45.39,-7.513096875167617,-9.355357759020505,22.524042110125187,4.8323158100209085
45.395,-7.605029803917051,-9.491394610939558,22.576377157158024,4.8323158100209085
45.4,-7.698800417117342,-9.625613084818715,22.636781945239203,4.8323158100209085
45.405,-7.79506641483805,-9.75965426368586,22.704446492398507,4.8323158100209085
45.410000000000004,-7.8917929465845935,-9.892324483451949,22.78147178850902,4.8323158100209085
45.415,-7.992367713727969,-10.025161777853306,22.868813729263756,4.8323158100209085
45.42,-8.09485002727222,-10.15662578690957,22.965301175550476,4.8323158100209085
45.425000000000004,-8.198247609996367,-10.284014591813559,23.071030450533286,4.8323158100209085
45.43,-8.302274849501282,-10.409982689704133,23.185358923440308,4.8323158100209085
45.435,-8.407604962285555,-10.53299711490069,23.308524350369296,4.8323158100209085
45.44,-8.514266629144366,-10.65374872834869,23.439831484957548,4.8323158100209085
45.445,-8.6216828264965,-10.770479661518007,23.581183216526757,4.8323158100209085
45.45,-8.728951762459365,-10.882050272865794,23.729245785546933,4.8323158100209085
45.455,-8.836999672963694,-10.989801057288956,23.887135075055724,4.8323158100209085
45.46,-8.944228689575239,-11.093525754446437,24.052198081935376,4.8323158100209085
45.465,-9.052747482658424,-11.190685356104398,24.228387310644038,4.8323158100209085
45.47,-9.160435355229444,-11.281446199124366,24.41274693444381,4.8323158100209085
45.475,-9.266038802726351,-11.365526350555184,24.60443335255352,4.8323158100209085
45.480000000000004,-9.37110945123318,-11.440862545188162,24.80295182219441,4.8323158100209085
45.485,-9.473585389950095,-11.50907597867755,25.008811166891935,4.8323158100209085
45.49,-9.57523747379196,-11.567492867786873,25.220779168039662,4.8323158100209085
45.495,-9.675389068685998,-11.61858145732709,25.43820426362338,4.8323158100209085
45.5,-9.772677232442936,-11.65925915970677,25.661607731780265,4.8323158100209085
45.505,-9.867271019550428,-11.691250756401011,25.88796965079478,4.8323158100209085
45.51,-9.958425527884586,-11.712964514018637,26.118691359196273,4.8323158100209085
45.515,-10.046170882006956,-11.724430892311856,26.35360746676055,4.8323158100209085
45.52,-10.12969231037084,-11.725057111636984,26.59148438324286,4.8323158100209085
45.525,-10.210125560007544,-11.714885707453686,26.83099145628659,4.8323158100209085
45.53,-10.2861927075923,-11.692541112222626,27.071156996500324,4.8323158100209085
45.535000000000004,-10.357149105353797,-11.6578952408543,27.3124529548209,4.8323158100209085
45.54,-10.422176460959376,-11.61041759350542,27.551088371246845,4.8323158100209085
45.545,-10.480961848733866,-11.551651718997801,27.78897212187329,4.8323158100209085
45.550000000000004,-10.532602336372534,-11.481346962653236,28.02439400301998,4.8323158100209085
45.555,-10.579333401301362,-11.397956759391164,28.255175204148358,4.8323158100209085
45.56,-10.620307035820751,-11.302235553165417,28.48119723052143,4.8323158100209085
45.565,-10.654039064659468,-11.195845402808205,28.703170327815677,4.8323158100209085
45.57,-10.681136654427883,-11.07852134030741,28.916917238087986,4.8323158100209085
45.575,-10.700605046049706,-10.950065884359534,29.124817462864943,4.8323158100209085
45.58,-10.713657344339156,-10.811028652037631,29.321462259179363,4.8323158100209085
45.585,-10.718118506295848,-10.6625607498937,29.50926518006281,4.8323158100209085
45.59,-10.715380467247241,-10.503616683645932,29.687020568082406,4.8323158100209085
45.595,-10.704580530343778,-10.336883606047186,29.85421212162767,4.8323158100209085
45.6,-10.685707436064838,-10.162043318424818,30.009088501421694,4.8323158100209085
45.605000000000004,-10.658652399965497,-9.98003652692119,30.15227404786854,4.8323158100209085
45.61,-10.625196386486415,-9.79133121609584,30.282958186505343,4.8323158100209085
45.615,-10.58277139052376,-9.59670997109733,30.399909987561287,4.8323158100209085
45.62,-10.53249545556025,-9.396961307743771,30.503079565815533,4.8323158100209085
45.625,-10.476345010582818,-9.194097577267572,30.591485605990442,4.8323158100209085
45.63,-10.412719326818756,-8.989914290154628,30.66621459392667,4.8323158100209085
45.635,-10.341637551424231,-8.782744616320171,30.724783165872818,4.8323158100209085
45.64,-10.263633641117078,-8.575623194797464,30.768697853980647,4.8323158100209085
45.645,-10.180174179215735,-8.365881878396374,30.799015642930055,4.8323158100209085
45.65,-10.089158528831796,-8.157702174825658,30.814278105487002,4.8323158100209085
45.655,-9.991681627339876,-7.951319320867147,30.81402792083671,4.8323158100209085
45.660000000000004,-9.889088299707652,-7.746517724438624,30.80055539728567,4.8323158100209085
45.665,-9.782830287299365,-7.544849284225967,30.773037815884315,4.8323158100209085
45.67,-9.670215699916215,-7.348407750223167,30.7324547873651,4.8323158100209085
45.675000000000004,-9.553855322104893,-7.1551002766665,30.67729900467903,4.8323158100209085
45.68,-9.43379841585204,-6.967660940078184,30.609974872799995,4.8323158100209085
45.685,-9.310335609244474,-6.78718838814804,30.530114700465045,4.8323158100209085
45.69,-9.185226669085802,-6.611165064958581,30.438341057759146,4.8323158100209085
45.695,-9.056072128646244,-6.44195869698234,30.335281067807365,4.8323158100209085
45.7,-8.924181005998086,-6.280495325497342,30.222607510427466,4.8323158100209085
45.705,-8.791068680092085,-6.125734108301701,30.099953323007814,4.8323158100209085
45.71,-8.657696399382012,-5.978735063345856,29.96912336634257,4.8323158100209085
45.715,-8.523528180913063,-5.83896248359339,29.829927512507563,4.8323158100209085
45.72,-8.389550022381163,-5.708131597373339,29.680375265871767,4.8323158100209085
45.725,-8.255366209327716,-5.58371996140808,29.52382983414588,4.8323158100209085
45.730000000000004,-8.12126471393444,-5.468657281474179,29.3615872277875,4.8323158100209085
45.735,-7.989541795730315,-5.361286876605048,29.19218526953564,4.8323158100209085
45.74,-7.858066532033715,-5.261024905458553,29.01662899888457,4.8323158100209085
45.745,-7.728010133069033,-5.170362286892891,28.836852426630394,4.8323158100209085
45.75,-7.600206030503784,-5.0883819954993665,28.65222941428435,4.8323158100209085
45.755,-7.473851053954649,-5.013947424215775,28.46416976183096,4.8323158100209085
45.76,-7.350438115366881,-4.947834857822769,28.273831062482564,4.8323158100209085
45.765,-7.229845757624388,-4.888687859234106,28.079847119220823,4.8323158100209085
45.77,-7.11254944381435,-4.836619704756435,27.882094398944975,4.8323158100209085
45.775,-6.997874814883703,-4.792328181656465,27.682154252917872,4.8323158100209085
45.78,-6.8868922611331245,-4.755654971013249,27.481202812944634,4.8323158100209085
45.785000000000004,-6.7806934565187715,-4.725984452698881,27.279173432847813,4.8323158100209085
45.79,-6.677499313988873,-4.702808236682234,27.07389810229024,4.8323158100209085
45.795,-6.577713610950214,-4.685903628399769,26.86863543138602,4.8323158100209085
45.800000000000004,-6.482171450297428,-4.675504718990319,26.665507543601365,4.8323158100209085
45.805,-6.391972358797583,-4.669867188154237,26.46264952779355,4.8323158100209085
45.81,-6.3064598067373625,-4.672101484593556,26.25974631462804,4.8323158100209085
45.815,-6.224016077916098,-4.680157769871276,26.057207029818713,4.8323158100209085
45.82,-6.146047314389304,-4.692895958968104,25.855338456035263,4.8323158100209085
45.825,-6.073511538611224,-4.710547671539817,25.654765694228455,4.8323158100209085
45.83,-6.005470529063702,-4.733336377787344,25.455182791204642,4.8323158100209085
45.835,-5.942327381017445,-4.762028546160869,25.258118615623776,4.8323158100209085
45.84,-5.8837234201973825,-4.795572721793778,25.06365757848392,4.8323158100209085
45.845,-5.829269013050278,-4.8338284049309745,24.870071507179176,4.8323158100209085
45.85,-5.7799308524428055,-4.875956505654799,24.679240683989132,4.8323158100209085
45.855000000000004,-5.734794859204637,-4.923523147572013,24.492107519950515,4.8323158100209085
45.86,-5.69346681763914,-4.975769998617709,24.30780488831883,4.8323158100209085
45.865,-5.656560456015887,-5.031433824322972,24.126020265086378,4.8323158100209085
45.87,-5.625638321015058,-5.09186489416677,23.94792974175427,4.8323158100209085
45.875,-5.598585269898166,-5.155313162471381,23.77081497245712,4.8323158100209085
45.88,-5.57609394693,-5.22310854505615,23.597490818108284,4.8323158100209085
45.885,-5.556880544815933,-5.294705257212388,23.427969645430867,4.8323158100209085
45.89,-5.5438101326613225,-5.370984349977457,23.263262803390187,4.8323158100209085
45.895,-5.535496612957745,-5.4506868485440325,23.102012117545215,4.8323158100209085
45.9,-5.531593671492681,-5.534127487344675,22.9453094642228,4.8323158100209085
45.905,-5.530915823755803,-5.6212824630841425,22.793990392781165,4.8323158100209085
45.910000000000004,-5.534905568323604,-5.712765064023851,22.64560571322718,4.8323158100209085
45.915,-5.543136946988763,-5.808135580247569,22.501867966306513,4.8323158100209085
45.92,-5.556895119023874,-5.9071015093501495,22.362430100388455,4.8323158100209085
45.925000000000004,-5.573571912543224,-6.010478983323607,22.227515525858358,4.8323158100209085
45.93,-5.595283151629392,-6.1167980713621875,22.09805151452329,4.8323158100209085
45.935,-5.62206015573519,-6.226683261002092,21.97429653992323,4.8323158100209085
45.94,-5.652024435759699,-6.341544581014826,21.85674285158513,4.8323158100209085
45.945,-5.686707095246684,-6.4586909919065905,21.745607367621666,4.8323158100209085
45.95,-5.7247341625342365,-6.5799791230531675,21.638921300869903,4.8323158100209085
45.955,-5.765312294729076,-6.704301044296058,21.538400242811733,4.8323158100209085
45.96,-5.812456401805245,-6.832691727950744,21.444396213351954,4.8323158100209085
45.965,-5.863161985971154,-6.964456983750333,21.35742513241565,4.8323158100209085
45.97,-5.919548432411288,-7.099371270940052,21.27635977249119,4.8323158100209085
45.975,-5.978434992514471,-7.238959831592216,21.20279982757934,4.8323158100209085
45.980000000000004,-6.042387904409271,-7.382106712472919,21.137046100320497,4.8323158100209085
45.985,-6.109644719832988,-7.5289199090445145,21.077756973463636,4.8323158100209085
45.99,-6.180891549520446,-7.678331896853544,21.02751941279903,4.8323158100209085
45.995,-6.254739019543136,-7.82980093555483,20.984746485448127,4.8323158100209085
46.0,-6.332546509048148,-7.986653416118644,20.9485130600404,4.8323158100209085
46.005,-6.416819616221722,-8.146565551651188,20.922455382695578,4.8323158100209085
46.01,-6.5038858705919615,-8.309322216666155,20.905479442044335,4.8323158100209085
46.015,-6.5952204907640475,-8.47284991606941,20.897366486408487,4.8323158100209085
46.02,-6.690171562493944,-8.641468959397843,20.899083266739506,4.8323158100209085
46.025,-6.788435815110281,-8.812237258311832,20.910211308545616,4.8323158100209085
46.03,-6.889329146436082,-8.983624690291458,20.931072123027572,4.8323158100209085
46.035000000000004,-6.994193158783709,-9.158407571164732,20.961564310436433,4.8323158100209085
46.04,-7.102670391564738,-9.333890121260461,21.002537869054326,4.8323158100209085
46.045,-7.214237788748876,-9.512231046579558,21.054165380805305,4.8323158100209085
46.050000000000004,-7.330596351919519,-9.69111123546743,21.116024725102868,4.8323158100209085
46.055,-7.448906189902156,-9.870158034625877,21.19004170741404,4.8323158100209085
46.06,-7.570607262723897,-10.050499020797265,21.27543925196185,4.8323158100209085
46.065,-7.694370172449504,-10.231711279772751,21.371993748090713,4.8323158100209085
46.07,-7.821460997680297,-10.411069411703625,21.480147272192845,4.8323158100209085
46.075,-7.951274459414718,-10.589025755472786,21.601429572038906,4.8323158100209085
46.08,-8.08401513746586,-10.76761066084421,21.733878484296124,4.8323158100209085
46.085,-8.218152503642349,-10.943277145421725,21.879968065236064,4.8323158100209085
46.09,-8.35500359518156,-11.114934927916089,22.038237822703337,4.8323158100209085
46.095,-8.49298154109874,-11.283936915245395,22.209027596611215,4.8323158100209085
46.1,-8.632722862889512,-11.448437301457139,22.3923183335424,4.8323158100209085
46.105000000000004,-8.77389624399275,-11.609848204696362,22.58805719527058,4.8323158100209085
46.11,-8.915280700887873,-11.7650111391191,22.795581566693606,4.8323158100209085
46.115,-9.058021345043896,-11.91323493011641,23.01650090667916,4.8323158100209085
46.12,-9.200241296034001,-12.05453378677857,23.248312473715607,4.8323158100209085
46.125,-9.343639254749698,-12.187751109062846,23.49245975830451,4.8323158100209085
46.13,-9.485692249364966,-12.313754097823345,23.750225944090587,4.8323158100209085
46.135,-9.626261823136169,-12.428780491761483,24.018207747526464,4.8323158100209085
46.14,-9.765481343781667,-12.534356315588461,24.295088996558636,4.8323158100209085
46.145,-9.90402654743009,-12.62935294160979,24.582858365008757,4.8323158100209085
46.15,-10.041342480945767,-12.710304321703441,24.88042645381749,4.8323158100209085
46.155,-10.174826670317334,-12.780221890409598,25.187794565139168,4.8323158100209085
46.160000000000004,-10.3057976744657,-12.83424800489781,25.50228192922078,4.8323158100209085
46.165,-10.433597180230413,-12.875414956358314,25.82316796540568,4.8323158100209085
46.17,-10.554194244847602,-12.901164594303165,26.150263743652744,4.8323158100209085
46.175000000000004,-10.671399493264518,-12.911344719542491,26.481909945280346,4.8323158100209085
46.18,-10.78376259561961,-12.902845135554685,26.81769226435232,4.8323158100209085
46.185,-10.889332115736547,-12.876840514955285,27.155452007270167,4.8323158100209085
46.19,-10.989032792775019,-12.834947635098077,27.49582797906869,4.8323158100209085
46.195,-11.08153120902048,-12.77343491130386,27.833519836086243,4.8323158100209085
46.2,-11.166477448627816,-12.694077176073788,28.171573413524737,4.8323158100209085
46.205,-11.241995277223129,-12.597844394277296,28.504657488299717,4.8323158100209085
46.21,-11.308944900197591,-12.482294119664763,28.833856876546164,4.8323158100209085
46.215,-11.367377337167087,-12.34915189297827,29.156591381304136,4.8323158100209085
46.22,-11.416671563087094,-12.19691100834879,29.46989564538159,4.8323158100209085
46.225,-11.45446657399509,-12.028266953560616,29.772886833877024,4.8323158100209085
46.230000000000004,-11.483294319338402,-11.842169452133863,30.064927961261493,4.8323158100209085
46.235,-11.50090429837477,-11.640663129845572,30.343620869903933,4.8323158100209085
46.24,-11.507833618020834,-11.423736950588488,30.608197336963133,4.8323158100209085
46.245,-11.503910153508016,-11.192347728907926,30.8567620536803,4.8323158100209085
46.25,-11.488301562857274,-10.947646695365957,31.08867958631144,4.8323158100209085
46.255,-11.460311213911899,-10.690363683249855,31.30273724979229,4.8323158100209085
46.26,-11.422515495012728,-10.4240787932638,31.496991258274825,4.8323158100209085
46.265,-11.371950325089228,-10.149562497144228,31.67167474748244,4.8323158100209085
46.27,-11.311277561355631,-9.864269158602214,31.826343108111573,4.8323158100209085
46.275,-11.237507901762,-9.575144527951185,31.960214864543875,4.8323158100209085
46.28,-11.153973992475812,-9.28210980241317,32.071064156045416,4.8323158100209085
46.285000000000004,-11.060520391092595,-8.983713651153522,32.161037186253225,4.8323158100209085
46.29,-10.957495023701833,-8.683751982643837,32.22881371250063,4.8323158100209085
46.295,-10.843234470934341,-8.38461554242994,32.27525354759127,4.8323158100209085
46.300000000000004,-10.720705926317308,-8.086863925102943,32.300304464831804,4.8323158100209085
46.305,-10.589244418778037,-7.792305034669476,32.3030268285375,4.8323158100209085
46.31,-10.44868229316085,-7.501261771964331,32.28482767867326,4.8323158100209085
46.315,-10.301609853512929,-7.216204420871888,32.24636516510449,4.8323158100209085
46.32,-10.147184296592753,-6.937459341776145,32.1872753600044,4.8323158100209085
46.325,-9.986942297857903,-6.6661134196773695,32.10905767005284,4.8323158100209085
46.33,-9.821932579329038,-6.4046261902805055,32.01402371783222,4.8323158100209085
46.335,-9.650233424748281,-6.15015787027642,31.902233812383187,4.8323158100209085
46.34,-9.475808885732546,-5.908120274704518,31.774171156433503,4.8323158100209085
46.345,-9.296056727106249,-5.674978421912779,31.63032366376254,4.8323158100209085
46.35,-9.115287119083705,-5.454080793278263,31.472397850524192,4.8323158100209085
46.355000000000004,-8.931846083994374,-5.245139016572598,31.301118399519723,4.8323158100209085
46.36,-8.747650390584482,-5.046525148149349,31.117622018904797,4.8323158100209085
46.365,-8.563659614628412,-4.860139773822699,30.923460360993918,4.8323158100209085
46.37,-8.378812048223077,-4.686391120622302,30.71899844776817,4.8323158100209085
46.375,-8.193402553115202,-4.523465060991374,30.505413764177295,4.8323158100209085
46.38,-8.009876446162808,-4.3740851477452765,30.282102055552407,4.8323158100209085
46.385,-7.827773434740809,-4.237124459327841,30.05210110709184,4.8323158100209085
46.39,-7.649006503369858,-4.111058162926956,29.816802768087186,4.8323158100209085
46.395,-7.471128006406749,-3.997387884293806,29.57692606347594,4.8323158100209085
46.4,-7.29730465161176,-3.8942974544446356,29.331648172017324,4.8323158100209085
46.405,-7.126640660666053,-3.8020481777307475,29.082144379969794,4.8323158100209085
46.410000000000004,-6.959920326040348,-3.7199917928196506,28.82981838046093,4.8323158100209085
46.415,-6.798811248144049,-3.647997799170685,28.575857131994336,4.8323158100209085
46.42,-6.641064719264092,-3.584902074318796,28.318674316547973,4.8323158100209085
46.425000000000004,-6.488331013998129,-3.531557410795962,28.059182545119338,4.8323158100209085
46.43,-6.33996194161795,-3.4872301360168683,27.80052134991824,4.8323158100209085
46.435,-6.197114574317849,-3.4526513770631073,27.540930326114363,4.8323158100209085
46.44,-6.059533881138359,-3.4257267393934643,27.280336290044254,4.8323158100209085
46.445,-5.927050121583012,-3.405611965034641,27.02199278074438,4.8323158100209085
46.45,-5.8027969532919,-3.393649662368899,26.761418994796703,4.8323158100209085
46.455,-5.681008656001082,-3.387564307444355,26.502131606062704,4.8323158100209085
46.46,-5.565940985649519,-3.389005197356592,26.244514507644016,4.8323158100209085
46.465,-5.457626507389597,-3.3965998655581826,25.98766245775801,4.8323158100209085
46.47,-5.353934377618395,-3.4108377618690247,25.7341751952459,4.8323158100209085
46.475,-5.257430744016654,-3.430526857624386,25.482801294917056,4.8323158100209085
46.480000000000004,-5.165248354343257,-3.4555201342627297,25.232849310458505,4.8323158100209085
46.485,-5.080453517719937,-3.483608952616883,24.985761706390804,4.8323158100209085
46.49,-5.002032450540245,-3.518970733441011,24.741621264380584,4.8323158100209085
46.495,-4.927792240246193,-3.5597786038349772,24.50026005968498,4.8323158100209085
46.5,-4.8582571293214505,-3.6041943705664816,24.261424218560958,4.8323158100209085
46.505,-4.794249404172261,-3.6533383401236175,24.025912598292383,4.8323158100209085
46.51,-4.7376370531182985,-3.7052340729701227,23.792605932531803,4.8323158100209085
46.515,-4.686093556859767,-3.7626886552271266,23.562621803526433,4.8323158100209085
46.52,-4.638576058578977,-3.824278240842696,23.336443523251905,4.8323158100209085
46.525,-4.597086192705586,-3.888027813934962,23.112795538659324,4.8323158100209085
46.53,-4.562833110267866,-3.9566575318789075,22.893059716037797,4.8323158100209085
46.535000000000004,-4.53236922101274,-4.029239845385738,22.677353815048455,4.8323158100209085
46.54,-4.506150403344877,-4.104762547243867,22.465365583660073,4.8323158100209085
46.545,-4.484309979944579,-4.183932331924905,22.257443186020296,4.8323158100209085
46.550000000000004,-4.4691948690576195,-4.268069025180366,22.05562711837806,4.8323158100209085
46.555,-4.458529757714653,-4.355856641154613,21.85684151487569,4.8323158100209085
46.56,-4.4529665091289115,-4.4464079501839,21.661757115698073,4.8323158100209085
46.565,-4.451544777865306,-4.5409804233771,21.47138487015561,4.8323158100209085
46.57,-4.456357808372038,-4.640125323473232,21.287142877300017,4.8323158100209085
46.575,-4.465054146092869,-4.742185520737772,21.106702327409682,4.8323158100209085
46.58,-4.479208905844263,-4.847868975292521,20.930551012498952,4.8323158100209085
46.585,-4.4980629508987215,-4.95654803510938,20.758938254774616,4.8323158100209085
46.59,-4.521027547391881,-5.0701851501211745,20.593307398249976,4.8323158100209085
46.595,-4.5497226025841195,-5.187422325867195,20.43301064767223,4.8323158100209085
46.6,-4.581782455426474,-5.308641664861635,20.278406937793648,4.8323158100209085
46.605000000000004,-4.618277644125594,-5.435256250899615,20.130134781243317,4.8323158100209085
46.61,-4.659332075084335,-5.565492093063532,19.985561275490543,4.8323158100209085
46.615,-4.704798791672523,-5.699631880595859,19.848338611622555,4.8323158100209085
46.62,-4.753502777143144,-5.838878613730943,19.716760454761395,4.8323158100209085
46.625,-4.807871637230802,-5.982742160762033,19.593209636088968,4.8323158100209085
46.63,-4.867171300752862,-6.1310084293829386,19.47638809529781,4.8323158100209085
46.635,-4.930271470364752,-6.283780769398625,19.365218005982214,4.8323158100209085
46.64,-4.997080734298741,-6.440742144826447,19.26164727450875,4.8323158100209085
46.645,-5.067974875318409,-6.602402519973817,19.16646286247394,4.8323158100209085
46.65,-5.144324448780528,-6.770058456208837,19.07840944078438,4.8323158100209085
46.655,-5.226291915009118,-6.941841641676324,18.998467829385287,4.8323158100209085
46.660000000000004,-5.312605858783483,-7.119657798034678,18.92561538104297,4.8323158100209085
46.665,-5.403283956356799,-7.300547054033096,18.862034071535252,4.8323158100209085
46.67,-5.498245105314552,-7.487400747335073,18.807615724781733,4.8323158100209085
46.675000000000004,-5.596472403317271,-7.6783727318679205,18.76261589640586,4.8323158100209085
46.68,-5.700205043799241,-7.873773957058383,18.72624535623992,4.8323158100209085
46.685,-5.808481985466095,-8.073823214589416,18.701697457868352,4.8323158100209085
46.69,-5.922117407255845,-8.279695978832608,18.686175069088943,4.8323158100209085
46.695,-6.0400075315315656,-8.48948577056075,18.68221741525855,4.8323158100209085
46.7,-6.163243941617947,-8.704646508368652,18.6886236921667,4.8323158100209085
46.705,-6.290921520604538,-8.924763958345501,18.70742716758212,4.8323158100209085
46.71,-6.42261783499435,-9.148376294891552,18.73808240921327,4.8323158100209085
46.715,-6.558926238111415,-9.375218999910178,18.78184423901317,4.8323158100209085
46.72,-6.699116916385953,-9.607236413135308,18.838827917706144,4.8323158100209085
46.725,-6.844383780137953,-9.842443997213042,18.909855103520627,4.8323158100209085
46.730000000000004,-6.995357998457349,-10.079464588030422,18.994435601564255,4.8323158100209085
46.735,-7.149950427993841,-10.319395119000655,19.09417161555548,4.8323158100209085
46.74,-7.307612719924803,-10.560094393572633,19.20869982936235,4.8323158100209085
46.745,-7.471010271253841,-10.805034950550905,19.33924712799607,4.8323158100209085
46.75,-7.638273297423723,-11.050874854676762,19.48436714477579,4.8323158100209085
46.755,-7.8092271833763505,-11.296743973987141,19.64689929587151,4.8323158100209085
46.76,-7.982840204896001,-11.541458835003654,19.827057153538508,4.8323158100209085
46.765,-8.161489891160922,-11.78638388823667,20.023443800985834,4.8323158100209085
46.77,-8.34178529464081,-12.02804189264079,20.237685960983782,4.8323158100209085
46.775,-8.52722107353491,-12.267332841077017,20.469242625174715,4.8323158100209085
46.78,-8.715291472562651,-12.50367282673013,20.719592690839548,4.8323158100209085
46.785000000000004,-8.905699949248119,-12.734655604915146,20.985927491318623,4.8323158100209085
46.79,-9.098149944474715,-12.959836231792858,21.272824680618463,4.8323158100209085
46.795,-9.292155000308055,-13.177345654890654,21.578033503330417,4.8323158100209085
46.800000000000004,-9.48749424794281,-13.38493917815048,21.901078079733356,4.8323158100209085
46.805,-9.682443869540085,-13.58335234029791,22.245329806409398,4.8323158100209085
46.81,-9.877291308622153,-13.769659806645508,22.607292746573144,4.8323158100209085
46.815,-10.072172547250162,-13.94279041815743,22.98559769677826,4.8323158100209085
46.82,-10.266807937617255,-14.102400582000213,23.382307696091807,4.8323158100209085
46.825,-10.458267120599665,-14.24425582309645,23.79472581241481,4.8323158100209085
46.83,-10.647763568571094,-14.368234977443601,24.22331408698878,4.8323158100209085
46.835,-10.83155001210587,-14.472799682336449,24.666632140657164,4.8323158100209085
46.84,-11.012657764063173,-14.55760239379369,25.122192686528884,4.8323158100209085
46.845,-11.190849206839644,-14.618665198990403,25.58934313638592,4.8323158100209085
46.85,-11.362599811771902,-14.65755274707618,26.065064323918143,4.8323158100209085
46.855000000000004,-11.527940688486007,-14.66959883433433,26.550333716714416,4.8323158100209085
46.86,-11.686595331337543,-14.65554160688942,27.04108511257416,4.8323158100209085
46.865,-11.83565693179762,-14.6139413554337,27.53602016247478,4.8323158100209085
46.87,-11.974985548808908,-14.543844886535242,28.03241109408535,4.8323158100209085
46.875,-12.103094736441854,-14.444892004280248,28.529000784737683,4.8323158100209085
46.88,-12.219882693437546,-14.316570152968385,29.02298492980916,4.8323158100209085
46.885,-12.325140725632536,-14.157635943225475,29.511473001388037,4.8323158100209085
46.89,-12.416647758679478,-13.969182518414623,29.989697877566414,4.8323158100209085
46.895,-12.494998634950441,-13.75165446113761,30.456522836370308,4.8323158100209085
46.9,-12.557576745254112,-13.502863449843277,30.909639772810902,4.8323158100209085
46.905,-12.604777711790835,-13.228537014522558,31.345698505100692,4.8323158100209085
46.910000000000004,-12.635572401686112,-12.928537875197973,31.761954873960658,4.8323158100209085
46.915,-12.65020687583009,-12.60110029630054,32.15496226575967,4.8323158100209085
46.92,-12.648326336696616,-12.250215389044364,32.523402520525174,4.8323158100209085
46.925000000000004,-12.629669023367411,-11.879603292466157,32.86479088315052,4.8323158100209085
46.93,-12.592274896767162,-11.489160797037899,33.175869886362136,4.8323158100209085
46.935,-12.536447300218327,-11.081449099448946,33.454529948184906,4.8323158100209085
46.94,-12.46459637818705,-10.659897366652364,33.70223665225885,4.8323158100209085
46.945,-12.37514891548041,-10.2268505027785,33.91676664201436,4.8323158100209085
46.95,-12.267393584372055,-9.786114276699573,34.09645708764254,4.8323158100209085
46.955,-12.143194888162181,-9.33854911695984,34.24136990485839,4.8323158100209085
46.96,-12.002471156210813,-8.88821669241029,34.351358488695105,4.8323158100209085
46.965,-11.847011502204676,-8.438821672392649,34.42707780478143,4.8323158100209085
46.97,-11.676934847387665,-7.992972774922915,34.46739272560279,4.8323158100209085
46.975,-11.492668207457076,-7.550798017635853,34.475254285477035,4.8323158100209085
46.980000000000004,-11.295438291719364,-7.117848954403538,34.44977080869024,4.8323158100209085
46.985,-11.087411081028819,-6.692913028784594,34.39313287586875,4.8323158100209085
46.99,-10.867242824387827,-6.281499838739635,34.304855580095555,4.8323158100209085
46.995,-10.63907104772965,-5.884347994974733,34.18946677050554,4.8323158100209085
47.0,-10.400023756770382,-5.5005920980897205,34.046602554625935,4.8323158100209085
47.005,-10.156246203171868,-5.134788123220845,33.878811995607336,4.8323158100209085
47.01,-9.904752245251974,-4.786615329625399,33.68739697673723,4.8323158100209085
47.015,-9.649484465258277,-4.457966694672471,33.47538855937428,4.8323158100209085
47.02,-9.389922577070287,-4.147263021769336,33.24516022584877,4.8323158100209085
47.025,-9.12686016467752,-3.8554571165825804,32.99609745830797,-1.3657946499003049
47.03,-8.862827032340773,-3.615947787751243,32.73299366336282,-1.3657946499003049
47.035000000000004,-8.59960575198162,-3.3952825649412484,32.4568473645102,-1.3657946499003049
47.04,-8.339934113138982,-3.194384112194972,32.170794835307895,-1.3657946499003049
47.045,-8.083841172176967,-3.0114252465844094,31.874949363693954,-1.3657946499003049
47.050000000000004,-7.830590997422784,-2.8454266840966493,31.57209470119874,-1.3657946499003049
47.055,-7.581741335288161,-2.697795942882925,31.26286697743611,-1.3657946499003049
47.06,-7.337026682118703,-2.5676494005278347,30.94844486760184,-1.3657946499003049
47.065,-7.098058845518505,-2.4526652002041547,30.630787500005095,-1.3657946499003049
47.07,-6.865472135755686,-2.353991846987922,30.308965379762366,-1.3657946499003049
47.075,-6.63975541006841,-2.270323241137508,29.985144845113368,-1.3657946499003049
47.08,-6.421351670123301,-2.1988283508562954,29.660698712297165,-1.3657946499003049
47.085,-6.210325937550541,-2.1413046752740987,29.335226042367115,-1.3657946499003049
47.09,-6.008068049605926,-2.0960224414706126,29.01093172107711,-1.3657946499003049
47.095,-5.812781222120294,-2.061878023674973,28.687168229593432,-1.3657946499003049
47.1,-5.625323635968357,-2.038898578519648,28.363553238217424,-1.3657946499003049
47.105000000000004,-5.446803704382858,-2.025683186261434,28.042704758252587,-1.3657946499003049
47.11,-5.275819711541207,-2.0213036185136435,27.724434107845784,-1.3657946499003049
47.115,-5.114111219234515,-2.0254727813694173,27.40831595496556,-1.3657946499003049
47.12,-4.960570510140961,-2.0383547710662033,27.095203823988587,-1.3657946499003049
47.125,-4.814793467593721,-2.0575291678989407,26.783413380153338,-1.3657946499003049
47.13,-4.6768261540919065,-2.084330167529077,26.476660197136777,-1.3657946499003049
47.135,-4.547314872979721,-2.1156603209793907,26.172397105533722,-1.3657946499003049
47.14,-4.425312294427702,-2.152907828024336,25.870760332397886,-1.3657946499003049
47.145,-4.311868096978138,-2.196181248005096,25.573523007791923,-1.3657946499003049
47.15,-4.206475667458351,-2.243131998105754,25.279602033205506,-1.3657946499003049
47.155,-4.108667239693035,-2.29614448424953,24.99058664443777,-1.3657946499003049
47.160000000000004,-4.018275404404932,-2.353556920975855,24.70413973168374,-1.3657946499003049
47.165,-3.9336550370755665,-2.4146303500312363,24.42280356479251,-1.3657946499003049
47.17,-3.8576818758909037,-2.4783992789300373,24.14476388536935,-1.3657946499003049
47.175000000000004,-3.789238104171342,-2.5473191573418767,23.870751441981675,-1.3657946499003049
47.18,-3.7266567016245022,-2.6200427648348645,23.60073502397009,-1.3657946499003049
47.185,-3.6717422060539335,-2.695197797213982,23.333237094421982,-1.3657946499003049
47.19,-3.6217252308980803,-2.7749663365569384,23.071458538366333,-1.3657946499003049
47.195,-3.579415771995597,-2.857303607894351,22.813173627897072,-1.3657946499003049
47.2,-3.543980725543657,-2.941259745567076,22.5586899577676,-1.3657946499003049
47.205,-3.513962269200991,-3.0310598906671973,22.310542474867844,-1.3657946499003049
47.21,-3.4895092707626225,-3.1227216286827324,22.065987621945432,-1.3657946499003049
47.215,-3.47185634579979,-3.2171280665398783,21.826927907612227,-1.3657946499003049
47.22,-3.4600656691796505,-3.315717247490725,21.5916172099688,-1.3657946499003049
47.225,-3.452703784125005,-3.4171825384156915,21.361519359294952,-1.3657946499003049
47.230000000000004,-3.450236291979688,-3.5208525336235668,21.13543768754041,-1.3657946499003049
47.235,-3.4541317775664933,-3.628983391851758,20.914936926287353,-1.3657946499003049
47.24,-3.462544370669941,-3.739926704561037,20.699576151445108,-1.3657946499003049
47.245,-3.4761596093631693,-3.8543762099076355,20.488438563842983,-1.3657946499003049
47.25,-3.4939019808876157,-3.9727246240488974,20.282822468140548,-1.3657946499003049
47.255,-3.517760406172039,-4.094282130882779,20.08075074735751,-1.3657946499003049
47.26,-3.546374718498947,-4.22035201459771,19.884866492349534,-1.3657946499003049
47.265,-3.580165363776365,-4.350001046430654,19.693412815953153,-1.3657946499003049
47.27,-3.620190703966461,-4.483040226099415,19.509102155952753,-1.3657946499003049
47.275,-3.6631204991001396,-4.619680774483233,19.329558886380223,-1.3657946499003049
47.28,-3.7096579481349257,-4.763294931315862,19.15779698707281,-1.3657946499003049
47.285000000000004,-3.7634771738555477,-4.910591205692902,18.990562983821874,-1.3657946499003049
47.29,-3.821200582587782,-5.062772605363238,18.829905783830405,-1.3657946499003049
47.295,-3.8838144113532405,-5.219749678858393,18.677522648105793,-1.3657946499003049
47.300000000000004,-3.9496958832831726,-5.380798786360327,18.53011738247267,-1.3657946499003049
47.305,-4.021125852016832,-5.548921727875254,18.389228603719605,-1.3657946499003049
47.31,-4.096969770940851,-5.721139354690147,18.25609969734626,-1.3657946499003049
47.315,-4.177968569248249,-5.898567817343046,18.130143726663665,-1.3657946499003049
47.32,-4.263569766493141,-6.081309377765219,18.01162851734656,-1.3657946499003049
47.325,-4.355032662090036,-6.270670144969471,17.90035446618532,-1.3657946499003049
47.33,-4.449529256949294,-6.466176142674099,17.798535762010854,-1.3657946499003049
47.335,-4.550882502745324,-6.667821973498501,17.70449679332183,-1.3657946499003049
47.34,-4.656957576210838,-6.875475692415051,17.62007124302002,-1.3657946499003049
47.345,-4.768377493233192,-7.089870111596067,17.544224122409684,-1.3657946499003049
47.35,-4.884703351571268,-7.311939256251687,17.47837821353537,-1.3657946499003049
47.355000000000004,-5.006429558316351,-7.537790545815679,17.425077357373652,-1.3657946499003049
47.36,-5.134217390728447,-7.772345795301421,17.380999642609424,-1.3657946499003049
47.365,-5.265573878436175,-8.013311395662393,17.348167505327524,-1.3657946499003049
47.37,-5.402634394365042,-8.259762680381044,17.327511546156213,-1.3657946499003049
47.375,-5.545584887977735,-8.513175499751211,17.318935299747473,-1.3657946499003049
47.38,-5.695557668917193,-8.773195501281288,17.32452849024563,-1.3657946499003049
47.385,-5.850330892037599,-9.041790392564359,17.342558276231685,-1.3657946499003049
47.39,-6.009097217450595,-9.314780663574176,17.376351832269865,-1.3657946499003049
47.395,-6.174958990969517,-9.59476657255776,17.42502806595012,-1.3657946499003049
47.4,-6.345146488038233,-9.879963548951054,17.488667513906528,-1.3657946499003049
47.405,-6.521318003573941,-10.170058411873436,17.569997882305017,-1.3657946499003049
47.410000000000004,-6.70375657381605,-10.467989881526368,17.666212680947368,-1.3657946499003049
47.415,-6.891695059780526,-10.768330181714486,17.781982776579444,-1.3657946499003049
47.42,-7.085871973201423,-11.07304623789811,17.91629180299434,-1.3657946499003049
47.425000000000004,-7.284534811619144,-11.3815225394948,18.06932162127014,-1.3657946499003049
47.43,-7.488299513557868,-11.694145658023812,18.24227441157883,-1.3657946499003049
47.435,-7.698542305704416,-12.007724580343716,18.43665821872969,-1.3657946499003049
47.44,-7.914451672414852,-12.321275492236143,18.65350045210336,-1.3657946499003049
47.445,-8.135670682577983,-12.63772162605466,18.892488451174152,-1.3657946499003049
47.45,-8.360808804654623,-12.95294495488165,19.155431662454173,-1.3657946499003049
47.455,-8.590522249776482,-13.265161326552793,19.44183442501314,-1.3657946499003049
47.46,-8.823922352027722,-13.573285889194215,19.75198561706067,-1.3657946499003049
47.465,-9.06140860370019,-13.876886189882866,20.087190586805708,-1.3657946499003049
47.47,-9.301608642049276,-14.172772958875925,20.4485288309276,-1.3657946499003049
47.475,-9.545299610547769,-14.459948862289357,20.835420854926237,-1.3657946499003049
47.480000000000004,-9.791731053159678,-14.737060711260545,21.24811563056414,-1.3657946499003049
47.485,-10.039209309310815,-14.999418229097644,21.686912817885933,-1.3657946499003049
47.49,-10.286247388282606,-15.248634336019425,22.15107538617154,-1.3657946499003049
47.495,-10.535462253343058,-15.480527782401984,22.640147665727547,-1.3657946499003049
47.5,-10.782387113222454,-15.692454539207484,23.15434825778865,-1.3657946499003049
47.505,-11.028464118496895,-15.881615497654627,23.691661164886792,-1.3657946499003049
47.51,-11.270856016954532,-16.046045699086182,24.25073482603516,-1.3657946499003049
47.515,-11.509345320334038,-16.184183946032782,24.83114442111699,-1.3657946499003049
47.52,-11.743050131245745,-16.29315043684074,25.430941856662955,-1.3657946499003049
47.525,-11.970899645012997,-16.36830880689053,26.048828028321083,-1.3657946499003049
47.53,-12.190907915448433,-16.409493118836103,26.681980399196657,-1.3657946499003049
47.535000000000004,-12.401507388238603,-16.41422827713581,27.32469969421757,-1.3657946499003049
47.54,-12.601652605285635,-16.38099613356157,27.978176828174007,-1.3657946499003049
47.545,-12.791162388179567,-16.308294550357317,28.63698688284317,-1.3657946499003049
47.550000000000004,-12.967957049780075,-16.192267839211347,29.29876843326086,-1.3657946499003049
47.555,-13.129684006950981,-16.033717424332362,29.958817240823613,-1.3657946499003049
47.56,-13.275594328320185,-15.831723180218653,30.61124406856668,-1.3657946499003049
47.565,-13.404172663276356,-15.5857539896399,31.253173370908122,-1.3657946499003049
47.57,-13.513348742279547,-15.295840694090728,31.880468040342485,-1.3657946499003049
47.575,-13.602718416739604,-14.964144367573816,32.48872890311999,-1.3657946499003049
47.58,-13.670293320351355,-14.590134548686201,33.07365284440381,-1.3657946499003049
47.585,-13.716424037029753,-14.177768184871661,33.62972971231023,-1.3657946499003049
47.59,-13.739154130679509,-13.728695242898919,34.15373928583235,-1.3657946499003049
47.595,-13.73850374991686,-13.243568820949669,34.641750921939135,-1.3657946499003049
47.6,-13.714298782562887,-12.7285516112304,35.089285444033365,-1.3657946499003049
47.605000000000004,-13.664922229016508,-12.183377881082574,35.49312455675065,-1.3657946499003049
47.61,-13.589874887503969,-11.617570428083956,35.85190171935865,-1.3657946499003049
47.615,-13.491760254761118,-11.03272567843993,36.162821545275335,-1.3657946499003049
47.62,-13.368649873578855,-10.433954347711394,36.426633609393825,-1.3657946499003049
47.625,-13.222920857422823,-9.825961734638643,36.63815517687219,-1.3657946499003049
47.63,-13.05287586892531,-9.213606777568431,36.79947423832401,-1.3657946499003049
47.635,-12.85984235239649,-8.599380471848214,36.909438497492594,-1.3657946499003049
47.64,-12.64828538751478,-7.991528740855288,36.96945865838639,-1.3657946499003049
47.645,-12.416042045808464,-7.391250677726693,36.98134662450431,-1.3657946499003049
47.65,-12.16372909287162,-6.803922360128747,36.94825476127239,-1.3657946499003049
47.655,-11.895308758041462,-6.2327527250177575,36.86907704683499,-1.3657946499003049
47.660000000000004,-11.612258825692116,-5.681682731186385,36.74830447477871,-1.3657946499003049
47.665,-11.315525483533236,-5.151797324951804,36.58839350686812,-1.3657946499003049
47.67,-11.005805387352034,-4.645285900507592,36.39134593327275,-1.3657946499003049
47.675000000000004,-10.686935972247435,-4.1661697229615715,36.15992486720444,-1.3657946499003049
47.68,-10.361074319574673,-3.714968568011755,35.90065766182125,-1.3657946499003049
47.685,-10.028997714382255,-3.2934984034599077,35.61448655287645,-1.3657946499003049
47.69,-9.691507076620178,-2.901654118006663,35.3048049601003,-1.3657946499003049
47.695,-9.352588112891018,-2.5393427207547754,34.97485848181258,-1.3657946499003049
47.7,-9.012439984965875,-2.205853804229266,34.62650374407166,-1.3657946499003049
47.705,-8.671981852656574,-1.90293560708189,34.264698037267415,-1.3657946499003049
47.71,-8.332660710685886,-1.6294162386195157,33.89046398374832,-1.3657946499003049
47.715,-7.998453540827166,-1.3826700430081642,33.50649553347058,-1.3657946499003049
47.72,-7.667869803094047,-1.1637030257510288,33.11455646226078,-1.3657946499003049
47.725,-7.343435670655881,-0.967803000788692,32.71649600199915,-1.3657946499003049
47.730000000000004,-7.024162529257348,-0.7961907648085469,32.31645453262456,-1.3657946499003049
47.735,-6.712468134309579,-0.6481456506603712,31.913633959442723,-1.3657946499003049
47.74,-6.408434803853238,-0.5202681670952114,31.508071421761787,-1.3657946499003049
47.745,-6.114702872872388,-0.4119572537475561,31.105509530512137,-1.3657946499003049
47.75,-5.829244764332646,-0.32310682906332644,30.703823148339563,-1.3657946499003049
47.755,-5.5542553487736654,-0.24934472307848699,30.304429379397575,-1.3657946499003049
47.76,-5.288511123154377,-0.19030712321260979,29.907996068232887,-1.3657946499003049
47.765,-5.0333575074891685,-0.1464726454225532,29.513946860092663,-1.3657946499003049
47.77,-4.789477371020217,-0.11520100285938673,29.123151465762856,-1.3657946499003049
47.775,-4.556780561791986,-0.09448983486546092,28.735981591346913,-1.3657946499003049
47.78,-4.334244493672998,-0.08506028852156092,28.354650029844855,-1.3657946499003049
47.785000000000004,-4.1221459245552445,-0.08398529198073412,27.978164981483378,-1.3657946499003049
47.79,-3.919961381174184,-0.08994871108111001,27.606775563875363,-1.3657946499003049
47.795,-3.729275505346955,-0.1037068742760788,27.239613580457583,-1.3657946499003049
47.800000000000004,-3.5493675449416804,-0.12402871548469291,26.87912237847337,-1.3657946499003049
47.805,-3.378710223658595,-0.15060631759736742,26.52379276041926,-1.3657946499003049
47.81,-3.215746087170112,-0.1815664665760159,26.171026139704775,-1.3657946499003049
47.815,-3.0625250197054608,-0.21644730856635702,25.82357302603203,-1.3657946499003049
47.82,-2.9215786984841468,-0.2548464250074947,25.48155764372583,-1.3657946499003049
47.825,-2.7882521088549868,-0.2969990056672348,25.145136817422422,-1.3657946499003049
47.83,-2.6641205531469545,-0.34231941921117715,24.812539715018822,-1.3657946499003049
47.835,-2.548341984844057,-0.39044527930505535,24.486887304606086,-1.3657946499003049
47.84,-2.4410179910497773,-0.44073097859979,24.164593015840687,-1.3657946499003049
47.845,-2.3413195417226107,-0.49255697541691085,23.848805663992923,-1.3657946499003049
47.85,-2.2490003912122343,-0.5440696003343507,23.535709745627084,-1.3657946499003049
47.855000000000004,-2.164906916922835,-0.5971714325759504,23.228015660644438,-1.3657946499003049
47.86,-2.0858229795436363,-0.6527165607895297,22.924989338147153,-1.3657946499003049
47.865,-2.0154006499605153,-0.7085740140303707,22.62567193545837,-1.3657946499003049
47.870000000000005,-1.9492545683165199,-0.7668148904131153,22.33065511793285,-1.3657946499003049
47.875,-1.88978774993608,-0.8242916161116989,22.041158003219486,-1.3657946499003049
47.88,-1.8364428934477277,-0.8831044876945162,21.754003031947263,-1.3657946499003049
47.885,-1.788662876941248,-0.9426111262463231,21.47231828783981,-1.3657946499003049
47.89,-1.7463946610256569,-1.0032054250607185,21.19303212096244,-1.3657946499003049
47.895,-1.7082605820915506,-1.0637640339288237,20.91814677719423,-1.3657946499003049
47.9,-1.6762018962293608,-1.1247095636375866,20.647497033867005,-1.3657946499003049
47.905,-1.647694575473549,-1.187724140993133,20.382232998156574,-1.3657946499003049
47.910000000000004,-1.6242199627148395,-1.2509860978940643,20.118880317772586,-1.3657946499003049
47.915,-1.6055371315510352,-1.3158677837653714,19.861489328626526,-1.3657946499003049
47.92,-1.5921549739590564,-1.3808342935310303,19.606737069895058,-1.3657946499003049
47.925000000000004,-1.5812972551886355,-1.4471833487896422,19.35521883962489,-1.3657946499003049
47.93,-1.574144837896338,-1.516244660953058,19.108414281642645,-1.3657946499003049
47.935,-1.572314775340504,-1.5852185471218634,18.866052908881006,-1.3657946499003049
47.94,-1.5723894769695306,-1.6565849449913532,18.626636615083598,-1.3657946499003049
47.945,-1.5769868643465297,-1.7298473894680824,18.391827006923876,-1.3657946499003049
47.95,-1.5849122398957898,-1.8039758041239913,18.16025386438197,-1.3657946499003049
47.955,-1.5953758556022852,-1.878534657311778,17.933664468221995,-1.3657946499003049
47.96,-1.6096846162984142,-1.956280667171267,17.710728805579986,-1.3657946499003049
47.965,-1.6270399634280515,-2.0357805903891104,17.4903622614416,-1.3657946499003049
47.97,-1.6477968218328687,-2.1165175307755075,17.273009343510747,-1.3657946499003049
47.975,-1.6704226781901765,-2.2012337772013617,17.060126501614253,-1.3657946499003049
47.980000000000004,-1.696853741622256,-2.2879456615387626,16.851063698995514,-1.3657946499003049
47.985,-1.7271804298967621,-2.3779640185417894,16.645268550547936,-1.3657946499003049
47.99,-1.7601788513244125,-2.472055830172576,16.44347074574023,-1.3657946499003049
47.995000000000005,-1.7962289942882672,-2.568165045513059,16.245990574189193,-1.3657946499003049
48.0,-1.834496148295878,-2.6695460308903063,16.051569233329218,-1.3657946499003049
48.005,-1.8762854831412747,-2.7739591529744967,15.861057554484873,-1.3657946499003049
48.01,-1.9211936488197257,-2.8810217334764454,15.675948514553733,-1.3657946499003049
48.015,-1.9689189507162956,-2.9918222470520046,15.495769467146193,-1.3657946499003049
48.02,-2.0192090813470047,-3.1064379735543155,15.318307377559043,-1.3657946499003049
48.025,-2.0742706134887197,-3.2260449165403298,15.144950856546961,-1.3657946499003049
48.03,-2.1330751077081036,-3.35059591255438,14.977029592636486,-1.3657946499003049
48.035000000000004,-2.193620594402732,-3.4789161361709864,14.813380704574227,-1.3657946499003049
48.04,-2.2572656689196404,-3.6128914398236214,14.653799124079415,-1.3657946499003049
48.045,-2.3255928277200026,-3.7516071240863833,14.500150299262618,-1.3657946499003049
48.050000000000004,-2.397262069143174,-3.896932303577123,14.349810524409596,-1.3657946499003049
48.055,-2.4722237597975814,-4.047137290609516,14.205487234162991,-1.3657946499003049
48.06,-2.5498263557860184,-4.205436809710764,14.066493996795996,-29.004582994381447
48.065,-2.632072151630347,-4.507513716797158,13.931521767988269,-29.004582994381447
48.07,-2.7261548565513567,-4.815628868762443,13.804975698251475,-29.004582994381447
48.075,-2.8308408637819413,-5.129744301650696,13.68583104299466,-29.004582994381447
48.08,-2.9458239915332833,-5.451751424989833,13.575461327666881,-29.004582994381447
48.085,-3.0705122148993733,-5.782769527270576,13.474435365282499,-29.004582994381447
48.09,-3.207040274235548,-6.121424655633235,13.383523176473378,-29.004582994381447
48.095,-3.3521070116200806,-6.471276232441014,13.302343968756599,-29.004582994381447
48.1,-3.508265437883612,-6.831481530701582,13.23340856320791,-29.004582994381447
48.105000000000004,-3.674317387675328,-7.200708245282306,13.176641543160251,-29.004582994381447
48.11,-3.8505223169118916,-7.5825695511432345,13.132805022706977,-29.004582994381447
48.115,-4.037520053481752,-7.97603147161757,13.10374266262109,-29.004582994381447
48.120000000000005,-4.233794426360161,-8.382758074265057,13.090685076706837,-29.004582994381447
48.125,-4.440395511107079,-8.800862078540932,13.093187408393387,-29.004582994381447
48.13,-4.658041856950038,-9.233232881456892,13.113657440671686,-29.004582994381447
48.135,-4.887510816615929,-9.678417437028067,13.154333602019697,-29.004582994381447
48.14,-5.126056061511328,-10.137214417668257,13.215938461673586,-29.004582994381447
48.145,-5.375068159585423,-10.610960507180987,13.299723028153934,-29.004582994381447
48.15,-5.637684596997585,-11.098141595608103,13.40829226399344,-29.004582994381447
48.155,-5.911278003187569,-11.599096053418345,13.541294338439892,-29.004582994381447
48.160000000000004,-6.194795828375782,-12.11319132629234,13.703620031222075,-29.004582994381447
48.165,-6.491237626269258,-12.640702971801199,13.895570236888213,-29.004582994381447
48.17,-6.7985668446906535,-13.178455377626129,14.119939142791383,-29.004582994381447
48.175000000000004,-7.1185700811070705,-13.730917277185547,14.378168662413769,-29.004582994381447
48.18,-7.449116688732244,-14.292023469014648,14.676713410239001,-29.004582994381447
48.185,-7.792635328656383,-14.862256055112375,15.012951574578075,-29.004582994381447
48.19,-8.14565392358452,-15.438440676548238,15.392583673965927,-29.004582994381447
48.195,-8.510810511239233,-16.020153435053693,15.816653720039051,-29.004582994381447
48.2,-8.884823256191353,-16.601819728707312,16.28597135216717,-29.004582994381447
48.205,-9.270502927168842,-17.184295964496453,16.80681454521298,-29.004582994381447
48.21,-9.666652732554562,-17.761519457869873,17.379295771708545,-29.004582994381447
48.215,-10.071564546788887,-18.3325675968587,18.006235957311343,-29.004582994381447
48.22,-10.484052414638983,-18.889594361991204,18.6895609925352,-29.004582994381447
48.225,-10.903520834772886,-19.427985655594817,19.43007019279836,-29.004582994381447
48.230000000000004,-11.330459900102582,-19.942525886430765,20.230694712398968,-29.004582994381447
48.235,-11.75965303987433,-20.427413882184947,21.090234019964324,-29.004582994381447
48.24,-12.193230093842123,-20.87856942994033,22.009482302623713,-29.004582994381447
48.245000000000005,-12.627560296471326,-21.283170190124185,22.99038432158718,-29.004582994381447
48.25,-13.059954817907535,-21.638013230025084,24.026974014004516,-29.004582994381447
48.255,-13.488365181687978,-21.934671297306267,25.11999862774418,-29.004582994381447
48.26,-13.909756871837278,-22.16402013124587,26.264460125565854,-29.004582994381447
48.265,-14.322152090870755,-22.31935299867786,27.45465563809533,-29.004582994381447
48.27,-14.721765799986445,-22.392383068979587,28.687042571866215,-29.004582994381447
48.275,-15.10507731353253,-22.37553442340326,29.95349216961802,-29.004582994381447
48.28,-15.469815394300147,-22.261168398590627,31.243565577074108,-29.004582994381447
48.285000000000004,-15.809178282956115,-22.044323169332436,32.548947434494494,-29.004582994381447
48.29,-16.12112576368927,-21.719106333014782,33.85598282197131,-29.004582994381447
48.295,-16.401647637567027,-21.283404094707727,35.15483941974389,-29.004582994381447
48.300000000000004,-16.645442896802898,-20.735405935446806,36.4311503306529,-29.004582994381447
48.305,-16.850161379893283,-20.074790576218483,37.670928976209034,-29.004582994381447
48.31,-17.01195569300187,-19.304498787349736,38.860158916981405,-29.004582994381447
48.315,-17.126309891655055,-18.428911655844274,39.98399911531008,-29.004582994381447
48.32,-17.19050498791336,-17.455468088195516,41.02853338420488,-29.004582994381447
48.325,-17.20414880474305,-16.393872391561516,41.981382229997166,-29.004582994381447
48.33,-17.163651034287586,-15.25357744659608,42.832016451317465,-29.004582994381447
48.335,-17.068096518165454,-14.049535082527408,43.56856153576197,-29.004582994381447
48.34,-16.916800634077656,-12.79502622597657,44.18710931589198,-29.004582994381447
48.345,-16.71130214099752,-11.507340686593297,44.679263106003376,-29.004582994381447
48.35,-16.451942484256946,-10.201506641051486,45.04571784809776,-29.004582994381447
48.355000000000004,-16.139589395429628,-8.892418661229083,45.28497703872938,-29.004582994381447
48.36,-15.778504899879415,-7.599939319642317,45.39779567191089,-29.004582994381447
48.365,-15.369051764925079,-6.334346088948259,45.39289348675486,-29.004582994381447
48.370000000000005,-14.917605446898076,-5.112301816170435,45.274983738477026,-29.004582994381447
48.375,-14.427007757065837,-3.9441748736068547,45.0534140428642,-29.004582994381447
48.38,-13.904136833135517,-2.839491245743447,44.73617560000503,-29.004582994381447
48.385,-13.351223257383698,-1.806768015083969,44.337120274163205,-29.004582994381447
48.39,-12.774452716057695,-0.8520545655451088,43.8659309250239,-29.004582994381447
48.395,-12.178343171452813,0.02047598682978169,43.33752230323544,-29.004582994381447
48.4,-11.568178657438454,0.8080427475633671,42.75864183325066,-29.004582994381447
48.405,-10.950159045111818,1.5128658737235043,42.14209763366984,-29.004582994381447
48.410000000000004,-10.326655046892569,2.13512141768493,41.49863617518938,-29.004582994381447
48.415,-9.70335179099636,2.6773857219578368,40.83411241158236,-29.004582994381447
48.42,-9.085865419917832,3.141394377323655,40.15863138921294,-29.004582994381447
48.425000000000004,-8.473535634339516,3.532486706293218,39.47996832495454,-29.004582994381447
48.43,-7.872335710267468,3.8562734339461686,38.80459887864664,-29.004582994381447
48.435,-7.2855851139712,4.1178442063844205,38.13557832805729,-29.004582994381447
48.44,-6.715446145313744,4.320547669655737,37.476612771435626,-29.004582994381447
48.445,-6.1631507729378425,4.471328496882816,36.83173058066593,-29.004582994381447
48.45,-5.630519810284683,4.576680622142803,36.20251949426377,-29.004582994381447
48.455,-5.119825010742716,4.6397771794632705,35.593001113349615,-29.004582994381447
48.46,-4.632540460197071,4.665987863922334,35.00132568733634,-29.004582994381447
48.465,-4.1685977053044985,4.659524338360576,34.426020308934774,-29.004582994381447
48.47,-3.7287103191677557,4.626546784619965,33.87014042315748,-29.004582994381447
48.475,-3.311121007527443,4.56749298134414,33.332320303240635,-29.004582994381447
48.480000000000004,-2.9183214784519196,4.487498716058282,32.8139191854638,-29.004582994381447
48.485,-2.547723877830319,4.390109077715967,32.31080481530538,-29.004582994381447
48.49,-2.200491412981834,4.278305866696084,31.82289404605806,-29.004582994381447
48.495000000000005,-1.876415247264329,4.153192529741111,31.351796080121556,-29.004582994381447
48.5,-1.574953310216001,4.020433721638237,30.89301562009964,-29.004582994381447
48.505,-1.2951272521478872,3.878196828851748,30.449674180535823,-29.004582994381447
48.51,-1.0359079274816076,3.72978309426303,30.017905388144875,-29.004582994381447
48.515,-0.7981221153555159,3.5773419650220584,29.597087930649394,-29.004582994381447
48.52,-0.5785680766900247,3.421460538706589,29.187754495421142,-29.004582994381447
48.525,-0.3786775128437544,3.2613930175250756,28.78778935792612,-29.004582994381447
48.53,-0.19623350304331036,3.1008250947351015,28.39776971055969,-29.004582994381447
48.535000000000004,-0.03205649127257709,2.9410550352031737,28.015255778393954,-29.004582994381447
48.54,0.1173928089868487,2.781284390030712,27.64130890726763,-29.004582994381447
48.545,0.2505788213705925,2.6220714618762946,27.27454259453839,-29.004582994381447
48.550000000000004,0.3688747241033233,2.4652473010809035,26.914948831099494,-29.004582994381447
48.555,0.47291423682652,2.310730384895587,26.559807410145666,-29.004582994381447
48.56,0.5646091749547144,2.1575213523367864,26.211506271061563,-29.004582994381447
48.565,0.6443620904468526,2.006452068051832,25.868340157523463,-29.004582994381447
48.57,0.713318300728312,1.8588328769239042,25.52942091381064,-29.004582994381447
48.575,0.7708612204184803,1.7134745649302012,25.197107796829602,-29.004582994381447
48.58,0.817813976046356,1.5711651376964622,24.867281760647423,-29.004582994381447
48.585,0.8556044112608129,1.430739271569932,24.542233621881802,-29.004582994381447
48.59,0.8853386846501903,1.293868859665005,24.22130180855603,-29.004582994381447
48.595,0.9049093612227447,1.1598120196774098,23.90452291184562,-29.004582994381447
48.6,0.9171002728262165,1.0262463424353436,23.590952590604783,-29.004582994381447
48.605000000000004,0.9220624009799546,0.89553040499981,23.280586779444178,-29.004582994381447
48.61,0.9203046055612872,0.7675176735893599,22.97485146887861,-29.004582994381447
48.615,0.9122572628335271,0.6427923475768886,22.672149844518167,-29.004582994381447
48.620000000000005,0.8996658218640926,0.5193194952056246,22.373274312895585,-29.004582994381447
48.625,0.8803836604179514,0.3970324665915262,22.076490832972336,-29.004582994381447
48.63,0.8558667135384469,0.27603402624769746,21.784207696568746,-29.004582994381447
48.635,0.8276236064425768,0.1561136359684558,21.495041140695083,-29.004582994381447
48.64,0.7953753165172068,0.037559831083682646,21.208211538927806,-29.004582994381447
48.645,0.7567368977835303,-0.08083489395570406,20.925522727224656,-29.004582994381447
48.65,0.7155518410414767,-0.19816344499505575,20.646746235815925,-29.004582994381447
48.655,0.6681579147610845,-0.31580830782399927,20.37162170379444,-29.004582994381447
48.660000000000004,0.6194386203640374,-0.4321731046005258,20.099688656651022,-29.004582994381447
48.665,0.5669922282954305,-0.550304019606471,19.829945465670352,-29.004582994381447
48.67,0.5110457343107172,-0.6699782908920725,19.563864954030684,-29.004582994381447
48.675000000000004,0.45191016068574624,-0.7899911774107965,19.30201920358556,-29.004582994381447
48.68,0.3889816938479402,-0.9112931014038903,19.042325540754224,-29.004582994381447
48.685,0.32335769774421125,-1.0344154514539843,18.786580176585332,-29.004582994381447
48.69,0.2560693720165429,-1.1581898382476679,18.53330885081402,-29.004582994381447
48.695,0.18538779652529064,-1.285074624160357,18.28484631414595,-29.004582994381447
48.7,0.11106507588679394,-1.4124042976609041,18.039398202239056,-29.004582994381447
48.705,0.035429332361457566,-1.544424683304306,17.798851473368966,-29.004582994381447
48.71,-0.044315903776219634,-1.679280910609525,17.559841714125152,-29.004582994381447
48.715,-0.12508332224495272,-1.8170732809453407,17.324391593584377,-29.004582994381447
48.72,-0.21054846778430383,-1.9598127029346515,17.093717304526418,-29.004582994381447
48.725,-0.2974712178078126,-2.106004407023918,16.868318080659712,-29.004582994381447
48.730000000000004,-0.387521598602501,-2.2580354886222644,16.645855410533564,-29.004582994381447
48.735,-0.4794999656669021,-2.414775192070352,16.428738695938296,-29.004582994381447
48.74,-0.5765791041021198,-2.576179529337163,16.215997871084014,-29.004582994381447
48.745000000000005,-0.6764608821799788,-2.741805532601163,16.008028008565386,-29.004582994381447
48.75,-0.7811442696013562,-2.913920127627356,15.804350082467131,-29.004582994381447
48.755,-0.8879445077998932,-3.092431969392232,15.604114217504584,-29.004582994381447
48.76,-0.9978432581355822,-3.2765084361199808,15.410087662143338,-29.004582994381447
48.765,-1.1103661501754472,-3.4688360622564516,15.220850823025884,-29.004582994381447
48.77,-1.2291100489413957,-3.6688878406475345,15.036636576748664,-29.004582994381447
48.775,-1.352203446758818,-3.8751119551302398,14.85907224439231,-29.004582994381447
48.78,-1.4786776376734168,-4.089458977996056,14.687086738410994,-29.004582994381447
48.785000000000004,-1.610326446280974,-4.3126442160922425,14.52201984008549,-29.004582994381447
48.79,-1.7453200015141537,-4.544687622235962,14.364094604100423,-29.004582994381447
48.795,-1.8848637717627057,-4.786178489209406,14.21226737850538,-29.004582994381447
48.800000000000004,-2.0307076666224533,-5.036758149652091,14.066188140532502,-29.004582994381447
48.805,-2.1807551387244493,-5.2984209582610715,13.929896500286327,-29.004582994381447
48.81,-2.336107550557504,-5.569355801938042,13.801950464293967,-29.004582994381447
48.815,-2.4971549570020786,-5.8517181954384,13.683171627697869,-29.004582994381447
48.82,-2.6645356251128116,-6.145406253539777,13.573784176993122,-29.004582994381447
48.825,-2.8375345137946706,-6.452072360677809,13.476165047434076,-29.004582994381447
48.83,-3.017464157397974,-6.7699840488501986,13.388636473443169,-29.004582994381447
48.835,-3.2059259650314007,-7.101280625748582,13.312935035377075,-29.004582994381447
48.84,-3.4011523411748303,-7.446867443912015,13.249220175670116,-29.004582994381447
48.845,-3.603587397928751,-7.805662750451969,13.199242842451884,-29.004582994381447
48.85,-3.812668825739035,-8.178722864862571,13.163479693692468,-29.004582994381447
48.855000000000004,-4.030238381788782,-8.565732103721194,13.143502419413947,-29.004582994381447
48.86,-4.257799493134285,-8.967528435247551,13.141357739229447,-29.004582994381447
48.865,-4.493731851913601,-9.384596069711538,13.15668277852774,-29.004582994381447
48.870000000000005,-4.7393648638048065,-9.815849768999625,13.1919079496512,-29.004582994381447
48.875,-4.9937464190482155,-10.26321610526717,13.249668443879077,-29.004582994381447
48.88,-5.257218209598766,-10.725528633553703,13.328107939441855,-29.004582994381447
48.885,-5.530250480935899,-11.202786294756828,13.43268949408072,-29.004582994381447
48.89,-5.814686357915431,-11.695163907934898,13.564379459652274,-29.004582994381447
48.895,-6.109347624870005,-12.201110695108943,13.723451727046454,-29.004582994381447
48.9,-6.414630873644707,-12.721686407680771,13.913569802467944,-29.004582994381447
48.905,-6.729981969071862,-13.25556382728897,14.13548180583327,-29.004582994381447
48.910000000000004,-7.056875718804843,-13.802443888604957,14.39302460890535,-29.004582994381447
48.915,-7.393861517354895,-14.359346556177755,14.688418902970161,-29.004582994381447
48.92,-7.7424580479534,-14.923756444250657,15.022910380187616,-29.004582994381447
48.925000000000004,-8.101378540637409,-15.496638786163544,15.401801667407522,-29.004582994381447
48.93,-8.47210436927196,-16.07571184225897,15.823684512333818,-29.004582994381447
48.935,-8.851534948262172,-16.65588548739569,16.29369179813346,-29.004582994381447
48.94,-9.24262528989165,-17.23535931870315,16.813172374330012,-29.004582994381447
48.945,-9.643059412794592,-17.810836387164574,17.384927835813226,-29.004582994381447
48.95,-10.051535635637384,-18.379185529705463,18.013204570616335,-29.004582994381447
48.955,-10.468760454856355,-18.934608318539773,18.69655289969458,-29.004582994381447
48.96,-10.892539734131454,-19.47288676722015,19.43793997033812,-29.004582994381447
48.965,-11.320372918790245,-19.987020506354373,20.23908805820478,-29.004582994381447
48.97,-11.753347899662819,-20.470414842165123,21.101272506976546,-29.004582994381447
48.975,-12.188831263788831,-20.91969973365393,22.02352754403607,-29.004582994381447
48.980000000000004,-12.624564745018393,-21.32412590240125,23.004808319436325,-29.004582994381447
48.985,-13.058920524485954,-21.677094245386073,24.045045148471946,-29.004582994381447
48.99,-13.490096486948328,-21.972028747509167,25.138862472804874,-29.004582994381447
48.995000000000005,-13.914046333644981,-22.200181740837586,26.28597885423473,-29.004582994381447
49.0,-14.329083177848304,-22.353580285538712,27.480767490638176,-29.004582994381447
49.005,-14.730505140428253,-22.42493398877695,28.716040559631274,-29.004582994381447
49.01,-15.114108860462014,-22.404288708998997,29.98413439920145,-29.004582994381447
49.015,-15.47943420657781,-22.286960724847212,31.278013508720008,-29.004582994381447
49.02,-15.819272874101284,-22.06708777988198,32.5863559688346,-29.004582994381447
49.025,-16.130558396298497,-21.738782000640008,33.897028883137345,-29.004582994381447
49.03,-16.411133119009758,-21.300192244051633,35.197510352502896,-29.004582994381447
49.035000000000004,-16.656429642751515,-20.747619044794785,36.47617603227611,-29.004582994381447
49.04,-16.86218162356391,-20.084065222659596,37.71686862813672,-29.004582994381447
49.045,-17.023357893642043,-19.309146553657115,38.90780338983954,-29.004582994381447
49.050000000000004,-17.137571061068467,-18.429238209188334,40.03280182345599,-29.004582994381447
49.055,-17.202173600935712,-17.45164827742558,41.0782916735428,-29.004582994381447
49.06,-17.214247091226397,-16.38367347010748,42.03064629853995,-29.004582994381447
49.065,-17.173568771122,-15.23891271992096,42.87887477999522,-29.004582994381447
49.07,-17.07759023490567,-14.030363443781122,43.614631631512886,-29.004582994381447
49.075,-16.925188692859496,-12.77213780785435,44.23163364476861,-29.004582994381447
49.08,-16.71724396125268,-11.480980035850076,44.72245631261979,-29.004582994381447
49.085,-16.45466661401623,-10.171085898999113,45.0854621241883,-29.004582994381447
49.09,-16.140437126918922,-8.860548795425368,45.32185979370677,-29.004582994381447
49.095,-15.776656222028697,-7.5641707048232885,45.431981724254925,-29.004582994381447
49.1,-15.366002942525949,-6.296582668180761,45.422053178257,-29.004582994381447
49.105000000000004,-14.912101823826303,-5.071712604269537,45.30066380428402,-29.004582994381447
49.11,-14.419407594644422,-3.9012257455053043,45.076643025816125,-29.004582994381447
49.115,-13.892595545739125,-2.795708153598893,44.757152923877655,-29.004582994381447
49.120000000000005,-13.337750856237202,-1.7624097263074914,44.35508371169962,-29.004582994381447
49.125,-12.758681545390195,-0.8073993000317006,43.8814781373686,-29.004582994381447
49.13,-12.160393378646528,0.06466097729512488,43.348425457700564,-29.004582994381447
49.135,-11.550331007014044,0.8527841778885638,42.76628034096947,-29.004582994381447
49.14,-10.92944250343196,1.5569328028934963,42.14735261108047,-29.004582994381447
49.145,-10.304058070482238,2.1767350895305833,41.49976913104012,-29.004582994381447
49.15,-9.67960349948513,2.715982685369733,40.833130645049806,-29.004582994381447
49.155,-9.060323121208086,3.17804031128004,40.15669940151688,-29.004582994381447
49.160000000000004,-8.448910970545217,3.569138072762075,39.475796006419216,-29.004582994381447
49.165,-7.8485840601044465,3.890275513498297,38.796966890908806,-29.004582994381447
49.17,-7.261493866010701,4.1505109842049865,38.127703379780186,-29.004582994381447
49.175000000000004,-6.690643788314723,4.3518591805847855,37.46784644822786,-29.004582994381447
49.18,-6.138476399876302,4.501894402047586,36.82190747938542,-29.004582994381447
49.185,-5.605557515538395,4.605325342655503,36.193172933221696,-29.004582994381447
49.19,-5.095119015214526,4.667436825449351,35.58125752024886,-29.004582994381447
49.195,-4.6068916045999115,4.6931515240344135,34.98690688738377,-29.004582994381447
49.2,-4.141725566557269,4.684937037611248,34.41200229375604,-29.004582994381447
49.205,-3.700571851878903,4.648655567732097,33.855727514274975,-29.004582994381447
49.21,-3.282247963009011,4.589457329103541,33.31711712286051,-29.004582994381447
49.215,-2.889153889865971,4.509027988682628,32.79739728734593,-29.004582994381447
49.22,-2.519008420448845,4.411928152565205,32.29321619060975,-29.004582994381447
49.225,-2.1725614031867804,4.29927520229587,31.807468400619214,-29.004582994381447
49.230000000000004,-1.8489788285871487,4.172968188480988,31.33668441793138,-29.004582994381447
49.235,-1.5472362426385673,4.037467442529465,30.879659224730013,-29.004582994381447
49.24,-1.2668557488558085,3.894572620064488,30.436507340025678,-29.004582994381447
49.245000000000005,-1.0100105048153705,3.745753356334189,30.00508550666119,-29.004582994381447
49.25,-0.7726108422341609,3.5919940403109716,29.586373292808677,-29.004582994381447
49.255,-0.5552170825288798,3.4359798330616713,29.177505710141315,-29.004582994381447
49.26,-0.3551848021333303,3.27702989494024,28.77952990233232,-29.004582994381447
49.265,-0.17437138053392043,3.117415304795689,28.391296752314098,-29.004582994381447
49.27,-0.009832315748071307,2.957608661189041,28.009335029719818,-29.004582994381447
49.275,0.13844781082205812,2.7977261503245625,27.636064435595248,-29.004582994381447
49.28,0.2705965708387743,2.6389604639035995,27.268671580013628,-29.004582994381447
49.285000000000004,0.38881816499676713,2.4812935724737195,26.90816940592937,-29.004582994381447
49.29,0.49521414581262657,2.3265135954051157,26.554723057515165,-29.004582994381447
49.295,0.5871206369827856,2.1725601391375835,26.206717139650436,-29.004582994381447
49.300000000000004,0.6672066969503234,2.0210544302388067,25.86413950007069,-29.004582994381447
49.305,0.7340367731262512,1.8719583710063834,25.525220609683196,-29.004582994381447
49.31,0.7903191591064431,1.725785922065491,25.19241823305372,-29.004582994381447
49.315,0.8372719159337959,1.5829858717592307,24.863623660821315,-29.004582994381447
49.32,0.8746513738807502,1.4427240000419195,24.539157964994008,-29.004582994381447
49.325,0.9035563355101398,1.305417024654554,24.21812685095395,-29.004582994381447
49.33,0.923061046416039,1.1718694247908945,23.9013980307775,-29.004582994381447
49.335,0.9343764746444747,1.0400683642021815,23.58716362426336,-29.004582994381447
49.34,0.9390958585187988,0.9112203193495827,23.278266430323246,-29.004582994381447
49.345,0.9372976798202254,0.7839293783931864,22.971346855476416,-29.004582994381447
49.35,0.9292352083695917,0.6586979360884688,22.66864291729108,-29.004582994381447
49.355000000000004,0.914881630047182,0.5346646533571513,22.36944104516098,-29.004582994381447
49.36,0.8963427644630564,0.4134552415895114,22.073512167956927,-29.004582994381447
49.365,0.8726405017956995,0.29196583468665566,21.780281210552193,-29.004582994381447
49.370000000000005,0.8454448372546515,0.17306090284666428,21.490453213013687,-29.004582994381447
49.375,0.8117746352969871,0.054467375689801714,21.204986783074517,-29.004582994381447
49.38,0.7744736444350804,-0.06334402637094465,20.922422563282637,-29.004582994381447
49.385,0.7321345135817137,-0.18113756309716145,20.64305894253476,-29.004582994381447
49.39,0.6865371083782671,-0.29875682866872666,20.366494589227397,-29.004582994381447
49.395,0.637996528098167,-0.4163024462663331,20.094379551975265,-29.004582994381447
49.4,0.5849623979329482,-0.5339319943250482,19.825813810517197,-29.004582994381447
49.405,0.528428289563417,-0.6533044859940969,19.55892960306086,-29.004582994381447
49.410000000000004,0.46939505886860466,-0.7714346686496727,19.296233551086083,-29.004582994381447
49.415,0.4063032222802656,-0.8923872855205877,19.03728271069443,-29.004582994381447
49.42,0.34280654055214227,-1.0139358605529536,18.78257624629983,-29.004582994381447
49.425000000000004,0.2763396156669018,-1.1373436924246911,18.52930931252026,-29.004582994381447
49.43,0.205467504588574,-1.2622466099824226,18.280187171832186,-29.004582994381447
49.435,0.13242797453368618,-1.3907623297572813,18.03614876650415,-29.004582994381447
49.44,0.056421511251281684,-1.523124685938193,17.795233712473838,-29.004582994381447
49.445,-0.02211178299182133,-1.6576611107290957,17.55708660166731,-29.004582994381447
49.45,-0.1032926728123367,-1.7958291947325233,17.32294954462333,-29.004582994381447
49.455,-0.18766634752824324,-1.936380880657049,17.09282412218207,-29.004582994381447
49.46,-0.2753699529667705,-2.082382045860751,16.866539610102937,-29.004582994381447
49.465,-0.3644728671108867,-2.2339765440345705,16.645129787550616,-29.004582994381447
49.47,-0.45805120333314686,-2.38804895580334,16.42681120733967,-29.004582994381447
49.475,-0.5548944513633235,-2.5464687639002013,16.213036941954893,-29.004582994381447
49.480000000000004,-0.6547459148659239,-2.7113561296070054,16.002907108737435,-29.004582994381447
49.485,-0.75822337599259,-2.881366797283271,15.79845849047917,-29.004582994381447
49.49,-0.8644965968691528,-3.0582974820829505,15.59826200968973,-29.004582994381447
49.495000000000005,-0.9744702945381265,-3.242441190719969,15.40315801148243,-29.004582994381447
49.5,-1.087045881275876,-3.432016708553275,15.212891753468147,-29.004582994381447
49.505,-1.2046053476602963,-3.629158045079906,15.029242588513656,-29.004582994381447
49.51,-1.3268211620271642,-3.834718774816553,14.850681009499207,-29.004582994381447
49.515,-1.4528475661419953,-4.048378086391974,14.677010104338324,-29.004582994381447
49.52,-1.5821427921152695,-4.271148297825638,14.509219039998158,-29.004582994381447
49.525,-1.7185292211509915,-4.501381845413089,14.348625802294526,-29.004582994381447
49.53,-1.8574322890144037,-4.741248984698404,14.1964041995974,-29.004582994381447
49.535000000000004,-2.001421631470436,-4.990784722190869,14.051142277372879,-29.004582994381447
49.54,-2.150597993956271,-5.249593889795549,13.913658213630573,-29.004582994381447
49.545,-2.306329480962204,-5.520051897348254,13.783935417581988,-29.004582994381447
49.550000000000004,-2.4672968882241313,-5.802912016070377,13.66459954054172,-29.004582994381447
49.555,-2.633474746132647,-6.0960643808304305,13.5542874849989,-29.004582994381447
49.56,-2.8067858297295696,-6.400601330938948,13.454385382220522,-29.004582994381447
49.565,-2.986426398615835,-6.717211690364944,13.364943115276512,-29.004582994381447
49.57,-3.1738804294390217,-7.047077864815005,13.28735748700727,-29.004582994381447
49.575,-3.3678136311446214,-7.389715923806,13.22164632404322,-29.004582994381447
49.58,-3.5686656223516002,-7.7454535274733445,13.169158865197701,-29.004582994381447
49.585,-3.7771387836570627,-8.114221948619827,13.131457654215081,-29.004582994381447
49.59,-3.9935733432176304,-8.499620469982542,13.109283516586062,-29.004582994381447
49.595,-4.219877785080896,-8.899902632522275,13.104686446650415,-29.004582994381447
49.6,-4.453423041082639,-9.314994385751369,13.117738425650781,-29.004582994381447
49.605000000000004,-4.697244770909302,-9.744794919404745,13.148752076003149,-29.004582994381447
49.61,-4.950741486736685,-10.189398204522693,13.202240352556588,-29.004582994381447
49.615,-5.212027574509672,-10.649477441862125,13.278811281171905,-29.004582994381447
49.620000000000005,-5.483497797544619,-11.12486159684545,13.380323024501719,-29.004582994381447
49.625,-5.766145091201664,-11.614086975483396,13.506894464769776,-29.004582994381447
49.63,-6.058053547944333,-12.118408969687014,13.661328999853033,-29.004582994381447
49.635,-6.361145466628807,-12.636573717388243,13.847321496435024,-29.004582994381447
49.64,-6.675641436598041,-13.16891190033408,14.065200314136229,-29.004582994381447
49.645,-7.000111300993654,-13.71332350142471,14.31706586562805,-29.004582994381447
49.65,-7.336407228055345,-14.267418714468606,14.606696160083814,-29.004582994381447
49.655,-7.682000966530715,-14.83271887253349,14.935263630985313,-29.004582994381447
49.660000000000004,-8.039285445196397,-15.405389620982117,15.305946412311258,-29.004582994381447
49.665,-8.406554173840387,-15.984345395970596,15.721021430269769,-29.004582994381447
49.67,-8.784765361790871,-16.566224465647473,16.183598124779575,-29.004582994381447
49.675000000000004,-9.174005406178887,-17.146844807584785,16.696056981441014,-29.004582994381447
49.68,-9.572245252272433,-17.72360639134146,17.26009484257809,-29.004582994381447
49.685,-9.97968700565686,-18.293803425549854,17.878829035473466,-29.004582994381447
49.69,-10.395219008296445,-18.853236444067836,18.55376792164655,-29.004582994381447
49.695,-10.81670376666119,-19.396218679463285,19.285593146178908,-29.004582994381447
49.7,-11.24570971617829,-19.914889067173295,20.078487170895535,-29.004582994381447
49.705,-11.679528238886123,-20.406653736399736,20.929782940927797,-29.004582994381447
49.71,-12.115323360387388,-20.862511527792982,21.84349083486746,-29.004582994381447
49.715,-12.552546416385473,-21.276582153139106,22.815949889014004,-29.004582994381447
49.72,-12.989051676384982,-21.64184455438912,23.846172945664662,-29.004582994381447
49.725,-13.42148406761449,-21.948874471475577,24.933770768385884,-29.004582994381447
49.730000000000004,-13.848298186585174,-22.189934635882288,26.074152202628845,-29.004582994381447
49.735,-14.265974262541441,-22.35637495533605,27.262960176949292,-29.004582994381447
49.74,-14.670500569794049,-22.442356932651652,28.493761793862753,-29.004582994381447
49.745000000000005,-15.058874793460552,-22.440006657114346,29.76097988713667,-29.004582994381447
49.75,-15.429175050612209,-22.339603883843516,31.05411451031147,-29.004582994381447
49.755,-15.774144384192802,-22.137019351023596,32.3622477801185,-29.004582994381447
49.76,-16.093479592498536,-21.827929622329226,33.67635707847288,-29.004582994381447
49.765,-16.379863462805076,-21.40571901720904,34.98312540715402,-29.004582994381447
49.77,-16.631186639139994,-20.87206157757257,36.26911400656513,-29.004582994381447
49.775,-16.84281372218842,-20.22419131931438,37.521515621270595,-29.004582994381447
49.78,-17.012012124009583,-19.466973449120914,38.72445912440968,-29.004582994381447
49.785000000000004,-17.13523034163591,-18.602141967912026,39.86389894624804,-29.004582994381447
49.79,-17.209329291889496,-17.638246277155986,40.926765718246024,-29.004582994381447
49.795,-17.231019351805223,-16.58203863686858,41.89948128644643,-29.004582994381447
49.800000000000004,-17.199737970989368,-15.446574133071403,42.769737034509035,-29.004582994381447
49.805,-17.11319227515828,-14.243924335433427,43.52913827559196,-29.004582994381447
49.81,-16.969477588210594,-12.988886376742212,44.16866852937898,-29.004582994381447
49.815,-16.770121231764154,-11.696582049721941,44.681366131827815,-29.004582994381447
49.82,-16.51519456294686,-10.384401837852755,45.06590126230578,-29.004582994381447
49.825,-16.20861333235706,-9.068109807590899,45.32350869363253,-29.004582994381447
49.83,-15.852257575175722,-7.764419717507116,45.454109398252264,-29.004582994381447
49.835,-15.448047140698115,-6.487791563154588,45.463211144930305,-29.004582994381447
49.84,-14.999250919474697,-5.25323421604785,45.358517309176364,-29.004582994381447
49.845,-14.51161355687056,-4.071464574017224,45.14713578937655,-29.004582994381447
49.85,-13.98973797790718,-2.9525696126576104,44.840157849250545,-29.004582994381447
49.855000000000004,-13.438075881859223,-1.9049163596591197,44.44832511385738,-29.004582994381447
49.86,-12.860615524081645,-0.9345473928108734,43.98431178874227,-29.004582994381447
49.865,-12.264110597528646,-0.047564196812738824,43.458141991623336,-29.004582994381447
49.870000000000005,-11.65366418453078,0.7556009459210843,42.88247745801951,-29.004582994381447
49.875,-11.031802955708143,1.473703320823898,42.26668405252149,-29.004582994381447
49.88,-10.406421651239311,2.108161904369514,41.622468591861995,-29.004582994381447
49.885,-9.780149922673882,2.661167318529783,40.957155655882374,-29.004582994381447
49.89,-9.157141660603944,3.135182943610302,40.28150319452053,-29.004582994381447
49.895,-8.542039238595013,3.536663307259277,39.60153253576248,-29.004582994381447
49.9,-7.937908107184021,3.870265047599136,38.92244533177101,-29.004582994381447
49.905,-7.347429398720029,4.140538588145116,38.248178788639045,-29.004582994381447
49.910000000000004,-6.772718640834415,4.351264920862043,37.58607903072384,-29.004582994381447
49.915,-6.215728859176302,4.508489946398768,36.93803813275521,-29.004582994381447
49.92,-5.679367820053132,4.618569832802368,36.30510542443153,-29.004582994381447
49.925000000000004,-5.16575930048422,4.686848110522515,35.689402508843756,-29.004582994381447
49.93,-4.673468436200801,4.7150226470647265,35.09254463028594,-29.004582994381447
49.935,-4.2055297653691355,4.712087212817667,34.513738913749656,-29.004582994381447
49.94,-3.7599954158237927,4.6812379391870484,33.95392127464943,-29.004582994381447
49.945,-3.338348792505336,4.62480755012747,33.412877558879615,-29.004582994381447
49.95,-2.9403263681325553,4.546280276168366,32.890124151007775,-29.004582994381447
49.955,-2.5663841406406966,4.45071955535553,32.38514040716587,-29.004582994381447
49.96,-2.216557626813788,4.339077353074078,31.897110855591848,-29.004582994381447
49.965,-1.8891184345456722,4.214251291281583,31.42455892025398,-29.004582994381447
49.97,-1.585684293213494,4.080172522712281,30.96591526830727,-29.004582994381447
49.975,-1.3008903266642209,3.9392293708002115,30.520547713706026,-29.004582994381447
49.980000000000004,-1.0392748819980229,3.790639343001198,30.08811007585255,-29.004582994381447
49.985,-0.7976988751291498,3.637382991762087,29.66819737142322,-29.004582994381447
49.99,-0.576007253898075,3.4812379886420644,29.257316812439626,-29.004582994381447
49.995000000000005,-0.37321253026153245,3.323682022182017,28.85656714055921,-29.004582994381447
